id,paragraph_1,paragraph_2,kg_1,kg_2,kea_similarity,transe_similarity,rotate_similarity,wl_kernel_similarity,aa_kea_similarity,snea_bert_alpha_0.0,snea_bert_alpha_0.1,snea_bert_alpha_0.2,snea_bert_alpha_0.3,snea_bert_alpha_0.4,snea_bert_alpha_0.5,snea_bert_alpha_0.6,snea_bert_alpha_0.7,snea_bert_alpha_0.8,snea_bert_alpha_0.9,snea_bert_alpha_1.0_SNEA_alone,kea_bert_similarity,semantic_wl_similarity
0,let me remind you that our allies include fervent supporters of this tax .,"i insist on reminding you that among our allies , there are devotees of this tax .","[[""our_allies"", ""include"", ""fervent_supporters_of_this_tax""]]","[[""our_allies"", ""include"", ""devotees_of_this_tax""], [""devotees_of_this_tax"", ""support"", ""this_tax""], [""our_allies"", ""have"", ""devotees_of_this_tax""]]",1.0,0.3882478177547455,0.41055601835250854,0.06804138174397717,1.0,0.9002410014207769,0.9102169012786993,0.9201928011366216,0.9301687009945439,0.9401446008524661,0.9501205007103884,0.9600964005683108,0.970072300426233,0.9800482002841554,0.9900241001420776,1.0,0.9240371566856328,0.6710625620445836
1,"provide with rails , as by laying .",provide with rails .,"[[""rails"", ""provided_by"", ""TEXT_1""], [""TEXT_1"", ""method"", ""laying""]]","[[""rails"", ""provided_by"", ""TEXT_2""]]",0.2041241452319315,0.2545139193534851,0.5114763975143433,0.06804138174397717,0.2041241452319315,0.8156203505973422,0.7544707300608011,0.6933211095242601,0.632171488987719,0.5710218684511779,0.5098722479146368,0.44872262737809576,0.3875730068415547,0.3264233863050136,0.26527376576847256,0.2041241452319315,0.7873390980511883,0.8016724123367105
2,personnel casualty,military personnel lost by death or capture .,"[[""personnel"", ""type_of"", ""casualty""]]","[[""military_personnel"", ""lost_by"", ""death""], [""military_personnel"", ""lost_by"", ""capture""]]",0.08333333333333333,0.0,0.0,0.0,0.08333333333333333,0.6850085461177234,0.6248410248392844,0.5646735035608454,0.5045059822824064,0.4443384610039674,0.3841709397255284,0.32400341844708935,0.2638358971686504,0.2036683758902113,0.1435008546117723,0.08333333333333333,0.5565539714795068,0.4879195763170121
3,this gross error is leading russia to political ruin .,and this serious error is taking to russia to its ruin policy .,"[[""gross_error"", ""leading_to"", ""Russia""], [""gross_error"", ""causing"", ""political_ruin""], [""Russia"", ""experiencing"", ""political_ruin""]]","[[""serious_error"", ""taking_to"", ""Russia""], [""serious_error"", ""causing"", ""ruin_policy""], [""Russia"", ""experiencing"", ""ruin_policy""]]",0.05555555555555555,0.0,0.43182826042175293,0.05555555555555555,0.05555555555555555,0.7659355133928752,0.6948975176091433,0.6238595218254113,0.5528215260416793,0.48178353025794735,0.4107455344742154,0.3397075386904834,0.2686695429067515,0.19763154712301947,0.1265935513392875,0.05555555555555555,0.7431795377482274,0.8458006892608918
4,it has a margin of error of plus or minus 4 percentage points .,that poll had 712 likely voters and sampling error of plus or minus 3.7 percentage points .,"[[""it"", ""has_margin_of_error"", ""plus_or_minus_4_percentage_points""]]","[[""that_poll"", ""had_number_of_voters"", ""712_likely_voters""], [""that_poll"", ""has_sampling_error"", ""plus_or_minus_3.7_percentage_points""]]",0.5,0.0,0.06877656280994415,0.0,0.5,0.6963460023227144,0.676711402090443,0.6570768018581715,0.6374422016259,0.6178076013936287,0.5981730011613572,0.5785384009290857,0.5589038006968143,0.5392692004645429,0.5196346002322714,0.5,0.6501859591082458,0.5097971520371223
5,the processing or operation of something,"a set sequence of steps , part of larger computer program .","[[""something"", ""processed_by"", ""operation""], [""something"", ""operated_by"", ""processing""]]","[[""sequence_of_steps"", ""part_of"", ""computer_program""], [""computer_program"", ""contains"", ""sequence_of_steps""], [""sequence_of_steps"", ""defined_as"", ""set_sequence""]]",0.0,0.0,0.0,0.0,0.0,0.44615365733641954,0.4015382916027776,0.35692292586913565,0.31230756013549366,0.2676921944018517,0.22307682866820977,0.17846146293456783,0.13384609720092588,0.08923073146728389,0.04461536573364194,0.0,0.3723698149107657,0.4597559071554902
6,a measurable or quantitative decrease,a sudden sharp decrease in some quantity .,[],"[[""sudden_sharp_decrease"", ""characterized_by"", ""quantitative_decrease""], [""sudden_sharp_decrease"", ""affects"", ""some_quantity""]]",,,,,,,,,,,,,,,,,,
7,"earlier this month , rim had said it expected to report second-quarter earnings of between 7 cents and 11 cents a share .",excluding legal fees and other charges it expected a loss of between 1 and 4 cents a share .,"[[""RIM"", ""expected_to_report"", ""second-quarter_earnings""], [""second-quarter_earnings"", ""range"", ""7_cents_to_11_cents_a_share""]]","[[""company"", ""expected"", ""loss""], [""loss"", ""range"", ""1_to_4_cents_a_share""], [""loss"", ""excludes"", ""legal_fees""], [""loss"", ""excludes"", ""other_charges""]]",0.3333333333333333,0.0,0.0,0.0,0.3333333333333333,0.502187324207814,0.4853019251203659,0.46841652603291783,0.45153112694546976,0.4346457278580217,0.4177603287705737,0.40087492968312555,0.38398953059567753,0.3671041315082294,0.3502187324207814,0.3333333333333333,0.561865843140462,0.5354327843448489
8,"maddox , 87 , cracked two ribs when he fell about 10 days ago at an assisted living home where he was recovering from intestinal surgery , virginia carnes said .","maddox , who had battled cancer since 1983 , cracked two ribs earlier this month when he fell at an assisted living home where he was recovering from surgery .","[[""Maddox"", ""age"", ""87""], [""Maddox"", ""injured"", ""two_ribs""], [""Maddox"", ""fell_at"", ""assisted_living_home""], [""Maddox"", ""recovering_from"", ""intestinal_surgery""], [""assisted_living_home"", ""type_of"", ""home""], [""Maddox"", ""spoken_about_by"", ""Virginia_Carnes""], [""Maddox"", ""incident_occurred"", ""10_days_ago""]]","[[""Maddox"", ""had_condition"", ""cancer""], [""Maddox"", ""battled_cancer_since"", ""1983""], [""Maddox"", ""injured"", ""two_ribs""], [""Maddox"", ""fell_at"", ""assisted_living_home""], [""Maddox"", ""recovering_from"", ""surgery""], [""assisted_living_home"", ""type_of"", ""home""], [""Maddox"", ""incident_occurred"", ""earlier_this_month""]]",0.5567942539842174,0.049842994660139084,0.5304151177406311,0.3958333333333333,0.5567942539842174,0.9519099605809446,0.9123983899212719,0.8728868192615992,0.8333752486019264,0.7938636779422537,0.754352107282581,0.7148405366229083,0.6753289659632356,0.6358173953035628,0.5963058246438901,0.5567942539842174,0.8165597460012604,0.8653403140699933
9,a man shooting a car .,a man is cutting a potato .,"[[""man"", ""shooting"", ""car""]]","[[""man"", ""cutting"", ""potato""]]",0.08333333333333333,0.1645338386297226,0.4804729223251343,0.08333333333333333,0.08333333333333333,0.16461422940397707,0.1564861397969127,0.14835805018984832,0.14022996058278395,0.13210187097571957,0.1239737813686552,0.11584569176159082,0.10771760215452646,0.09958951254746207,0.0914614229403977,0.08333333333333333,0.2990091215469191,0.5193225459137408
10,"we don 't know if any will be sars , "" said dr. james young , ontario 's commissioner of public safety .",""" we 're being hyper-vigilant , "" said dr. james young , ontario 's commissioner of public safety .","[[""Dr._James_Young"", ""said"", ""we_dont_know_if_any_will_be_sars""], [""Dr._James_Young"", ""occupation"", ""commissioner_of_public_safety""], [""Dr._James_Young"", ""affiliated_with"", ""Ontario""]]","[[""Dr._James_Young"", ""said"", ""were_being_hyper-vigilant""], [""Dr._James_Young"", ""occupation"", ""commissioner_of_public_safety""], [""Dr._James_Young"", ""affiliated_with"", ""Ontario""]]",0.5416666666666666,0.9862385988235474,0.8826748132705688,0.5416666666666666,0.5416666666666666,0.8981033495849912,0.8624596812931588,0.8268160130013262,0.7911723447094937,0.7555286764176613,0.7198850081258289,0.6842413398339964,0.648597671542164,0.6129540032503316,0.577310334958499,0.5416666666666666,0.8476068578582304,0.8614425840807207
11,"unfortunately , others separate on the basis of accumulated hatred .",other separate unfortunately because of an accumulated resentment .,"[[""others"", ""separate_on_basis_of"", ""accumulated_hatred""], [""others"", ""separate"", ""unfortunately""]]","[[""other"", ""separate_because_of"", ""accumulated_resentment""], [""other"", ""separate"", ""unfortunately""]]",1.0,0.21902963519096375,0.3926275372505188,0.3333333333333333,1.0,0.8840303710119679,0.8956273339107711,0.9072242968095743,0.9188212597083776,0.9304182226071808,0.942015185505984,0.9536121484047871,0.9652091113035903,0.9768060742023936,0.9884030371011968,1.0,0.8634455955790181,0.8142451499023374
12,a man is playing keyboard .,a person is playing a piano .,"[[""man"", ""playing"", ""keyboard""]]","[[""person"", ""playing"", ""piano""]]",0.0,0.0,0.06134840473532677,0.0,0.0,0.6394994624310225,0.5755495161879203,0.511599569944818,0.44764962370171574,0.3836996774586135,0.31974973121551126,0.255799784972409,0.19184983872930678,0.12789989248620448,0.06394994624310224,0.0,0.6779230325276239,0.6968821118220992
13,a man is folding paper .,a woman is slicing a pepper .,"[[""man"", ""is_folding"", ""paper""]]","[[""woman"", ""is_slicing"", ""pepper""]]",0.0,0.0,0.0,0.0,0.0,0.10163251886477215,0.09146926697829494,0.08130601509181773,0.07114276320534049,0.06097951131886328,0.050816259432386074,0.040653007545908865,0.03048975565943165,0.020326503772954425,0.010163251886477213,0.0,0.20505317671127576,0.4943540903263235
14,a plane is landing .,a animated airplane is landing .,"[[""plane"", ""is_landing"", ""True""]]","[[""animated_airplane"", ""is_landing"", ""True""]]",1.0,0.8181365728378296,0.786832332611084,0.5,1.0,0.8159444226996925,0.8343499804297232,0.852755538159754,0.8711610958897846,0.8895666536198155,0.9079722113498463,0.926377769079877,0.9447833268099077,0.9631888845399386,0.9815944422699693,1.0,0.8628662855670488,0.865669589975507
15,a cat rapidly swats a kid in the head .,a cat and a boy play together .,"[[""cat"", ""swats"", ""kid""], [""kid"", ""located_in"", ""head""], [""cat"", ""acts_on"", ""head""], [""kid"", ""receives_action_from"", ""cat""]]","[[""cat"", ""plays_with"", ""boy""], [""cat"", ""interacts_with"", ""boy""], [""boy"", ""plays_with"", ""cat""]]",0.13608276348795434,0.0,0.11524123698472977,0.06804138174397717,0.13608276348795434,0.7916694995922874,0.7261108259818542,0.6605521523714207,0.5949934787609874,0.5294348051505542,0.46387613154012086,0.39831745792968754,0.33275878431925426,0.26720011070882094,0.20164143709838764,0.13608276348795434,0.6435175764807146,0.6640969081960091
16,the who experts didn 't say how many cases in hebei were in rural areas .,"hebei has reported 191 cases and eight deaths , though the who experts did not say how many were in rural areas .","[[""WHO_experts"", ""did_not_say"", ""number_of_cases_in_rural_areas""], [""Hebei"", ""location_of"", ""rural_areas""], [""cases"", ""located_in"", ""rural_areas""], [""WHO_experts"", ""commented_on"", ""Hebei""]]","[[""Hebei"", ""reported"", ""191_cases""], [""Hebei"", ""reported"", ""eight_deaths""], [""WHO_experts"", ""did_not_say"", ""number_of_cases_in_rural_areas""], [""Hebei"", ""location_of"", ""rural_areas""], [""cases"", ""located_in"", ""rural_areas""], [""WHO_experts"", ""commented_on"", ""Hebei""]]",1.0,0.6027564406394958,0.7289323210716248,0.563436169819011,1.0,0.9999999983369613,0.9999999985032652,0.9999999986695691,0.9999999988358728,0.9999999990021767,0.9999999991684807,0.9999999993347846,0.9999999995010884,0.9999999996673923,0.9999999998336961,1.0,0.9999999809265119,0.951106136274299
17,iraq 's economy was ravaged during years of u.n. sanctions over ex-president saddam hussein 's 1990 occupation of kuwait and by the u.s.-led war to oust him which ended in april .,iraq 's economy was shattered under former president saddam hussein and by the u.s.-led war to oust him which ended in april .,"[[""Iraq"", ""economy_ravaged_by"", ""U.N._sanctions""], [""U.N._sanctions"", ""imposed_during"", ""Saddam_Husseinoccupation_of_Kuwait""], [""Saddam_Hussein"", ""occupation_of"", ""Kuwait""], [""Kuwait"", ""occupation_by"", ""Saddam_Hussein""], [""Saddam_Hussein"", ""ex-president_of"", ""Iraq""], [""Iraq"", ""economy_ravaged_by"", ""U.S.-led_war""], [""U.S.-led_war"", ""ended_in"", ""April""], [""U.S.-led_war"", ""aimed_to_oust"", ""Saddam_Hussein""]]","[[""Iraq"", ""economy_shattered_by"", ""Saddam_Hussein""], [""Iraq"", ""economy_shattered_by"", ""U.S.-led_war""], [""Saddam_Hussein"", ""former_president_of"", ""Iraq""], [""U.S.-led_war"", ""ended_in"", ""April""], [""U.S.-led_war"", ""aimed_to_oust"", ""Saddam_Hussein""]]",0.30618621784789724,0.5621222257614136,0.7312595844268799,0.44095855184409843,0.4615930911724977,0.90402650013609,0.8597831592397307,0.8155398183433715,0.7712964774470124,0.7270531365506531,0.6828097956542938,0.6385664547579346,0.5943231138615754,0.5500797729652162,0.5058364320688569,0.4615930911724977,0.883430807483832,0.7946818408961908
18,let me remind you that our allies include fervent supporters of this tax .,"i would like to remind you that among our allies , there are ardent supporters of this tax .","[[""allies"", ""include"", ""fervent_supporters""], [""fervent_supporters"", ""support"", ""tax""]]","[[""allies"", ""include"", ""ardent_supporters""], [""ardent_supporters"", ""support"", ""tax""]]",1.0,0.9551228284835815,0.907931923866272,0.3888888888888889,1.0,0.9155249022140257,0.9239724119926231,0.9324199217712206,0.940867431549818,0.9493149413284154,0.9577624511070129,0.9662099608856103,0.9746574706642077,0.9831049804428051,0.9915524902214026,1.0,0.9496615041048174,0.8391705602586645
19,have unlawful sex with a prostitute,have unlawful sex with a whore .,"[[""unlawful_sex"", ""involves"", ""prostitute""]]","[[""unlawful_sex"", ""involves"", ""whore""]]",1.0,0.6761808395385742,0.8093976378440857,0.08333333333333333,1.0,0.8396180958506726,0.8556562862656053,0.8716944766805381,0.8877326670954708,0.9037708575104035,0.9198090479253362,0.9358472383402691,0.9518854287552018,0.9679236191701346,0.9839618095850673,1.0,0.8762688577203457,0.9556571395414863
20,the man sat in his chair and stared .,the little girl is putting her hair into a pony tail .,"[[""man"", ""sat_in"", ""chair""], [""man"", ""performed_action"", ""stared""]]","[[""little_girl"", ""performing_action"", ""putting_her_hair""], [""little_girl"", ""putting_hair_into"", ""pony_tail""], [""pony_tail"", ""is_style_of"", ""hair""]]",0.0,0.0,0.0,0.0,0.0,0.18590280787745134,0.1673125270897062,0.14872224630196107,0.13013196551421594,0.1115416847264708,0.09295140393872567,0.07436112315098053,0.05577084236323541,0.03718056157549026,0.01859028078774513,0.0,0.27323887729188395,0.3632626726722955
21,"the technology-laced nasdaq composite index .ixic rose 39.39 points , or 2.2 percent , to 1,826.33 , after losing more than 2 percent on tuesday .","the blue-chip dow jones industrial average .dji jumped 194.14 points , or 2.09 percent , to 9,469.20 after sinking more than 1 percent a day earlier .","[[""Nasdaq_Composite_Index"", ""rose"", ""39.39_points""], [""Nasdaq_Composite_Index"", ""increased_by_percentage"", ""2.2_percent""], [""Nasdaq_Composite_Index"", ""reached"", ""1826.33""], [""Nasdaq_Composite_Index"", ""lost"", ""more_than_2_percent""], [""Nasdaq_Composite_Index"", ""lost_on"", ""Tuesday""]]","[[""Dow_Jones_Industrial_Average"", ""jumped"", ""194.14_points""], [""Dow_Jones_Industrial_Average"", ""increased_by_percentage"", ""2.09_percent""], [""Dow_Jones_Industrial_Average"", ""reached"", ""9469.20""], [""Dow_Jones_Industrial_Average"", ""sank"", ""more_than_1_percent""], [""Dow_Jones_Industrial_Average"", ""sank_on"", ""a_day_earlier""]]",0.4844813951249544,0.0,0.08683201670646667,0.0,0.5781515884776753,0.6198265526749672,0.6156590562552381,0.6114915598355088,0.6073240634157796,0.6031565669960505,0.5989890705763212,0.5948215741565921,0.590654077736863,0.5864865813171337,0.5823190848974045,0.5781515884776753,0.619704494998005,0.6318808412188942
22,register formally as a participant,register formally as a participant or member .,"[[""participant"", ""register_formally_as"", ""entity""]]","[[""participant"", ""register_formally_as"", ""entity""], [""member"", ""register_formally_as"", ""entity""]]",1.0,0.8336507678031921,0.8377697467803955,0.2041241452319315,1.0,0.9999999991472827,0.9999999992325543,0.9999999993178261,0.9999999994030979,0.9999999994883696,0.9999999995736413,0.9999999996589131,0.9999999997441849,0.9999999998294565,0.9999999999147282,1.0,1.0,0.905484935512967
23,a woman is slicing an onion .,a man is cutting and onion .,"[[""woman"", ""slicing"", ""onion""]]","[[""man"", ""cutting"", ""onion""]]",0.5,0.0,0.4201015830039978,0.5,0.5,0.6984428903384404,0.6785986013045965,0.6587543122707523,0.6389100232369083,0.6190657342030643,0.5992214451692202,0.5793771561353762,0.5595328671015322,0.5396885780676881,0.519844289033844,0.5,0.6662955611699442,0.7893877335804755
24,"continue to live , exist , or prosper",continue to live through hardship or adversity .,"[[""TEXT_1"", ""contains"", ""phrase""], [""phrase"", ""meaning"", ""continue_to_live""], [""phrase"", ""meaning"", ""exist""], [""phrase"", ""meaning"", ""prosper""]]","[[""TEXT_2"", ""contains"", ""phrase""], [""phrase"", ""meaning"", ""continue_to_live""], [""phrase"", ""meaning"", ""live_through_hardship""], [""phrase"", ""meaning"", ""live_through_adversity""]]",0.33541019662496846,0.5382448434829712,0.7932072281837463,0.23333333333333334,0.33541019662496846,0.8681525534574438,0.8148783177741963,0.7616040820909488,0.7083298464077012,0.6550556107244536,0.6017813750412061,0.5485071393579586,0.49523290367471107,0.4419586679914635,0.388684432308216,0.33541019662496846,0.8038565791472592,0.8096941186048887
25,trading in loral was halted yesterday ; the shares closed on monday at $ 3.01 .,"the new york stock exchange suspended trading yesterday in loral , which closed at $ 3.01 friday .","[[""Loral"", ""trading_halted_on"", ""yesterday""], [""Loral"", ""shares_closed_at"", ""$3.01""], [""Loral"", ""shares_closed_on"", ""Monday""]]","[[""New_York_Stock_Exchange"", ""suspended_trading_in"", ""Loral""], [""Loral"", ""trading_suspended_on"", ""yesterday""], [""Loral"", ""shares_closed_at"", ""$3.01""], [""Loral"", ""shares_closed_on"", ""Friday""]]",0.5416666666666666,0.709284782409668,0.7679394483566284,0.4844813951249544,0.5416666666666666,0.9884810809960831,0.9437996395631415,0.8991181981301999,0.8544367566972582,0.8097553152643165,0.7650738738313749,0.7203924323984332,0.6757109909654916,0.63102954953255,0.5863481080996082,0.5416666666666666,0.9466198753396897,0.9387361107790115
26,a man is jumping rope outside .,a woman is slicing a cucumber .,"[[""man"", ""is_jumping"", ""rope""], [""man"", ""located_outside"", ""outside""], [""rope"", ""is_being_jumped"", ""man""]]",[],,,,,,,,,,,,,,,,,,
27,a man shoots a man .,a man with a pistol shoots another man .,"[[""man"", ""shoots"", ""man""]]","[[""man_with_pistol"", ""shoots"", ""another_man""], [""man_with_pistol"", ""has"", ""pistol""], [""man_with_pistol"", ""same_as"", ""man""], [""another_man"", ""same_as"", ""man""]]",0.0,0.4837864637374878,0.24012896418571472,0.08333333333333333,0.0,0.8279604451698045,0.7451644006528241,0.6623683561358437,0.5795723116188631,0.49677626710188266,0.41398022258490225,0.33118417806792183,0.2483881335509414,0.16559208903396086,0.08279604451698043,0.0,0.7875017111734552,0.6747118791314812
28,"in addition , it offered the united states and israel a way to work around mr. arafat .","when the prime minister 's position was established in the spring , it offered the united states and israel a way to work around arafat .","[[""United_States"", ""offered_way_to_work_around"", ""Mr._Arafat""], [""Israel"", ""offered_way_to_work_around"", ""Mr._Arafat""]]","[[""United_States"", ""offered_way_to_work_around"", ""Arafat""], [""Israel"", ""offered_way_to_work_around"", ""Arafat""], [""Prime_Minister"", ""position_established_in"", ""Spring""]]",1.0,0.274559885263443,0.7467697858810425,0.30123203803835463,1.0,0.9838746850438345,0.985487216539451,0.9870997480350676,0.988712279530684,0.9903248110263007,0.9919373425219172,0.9935498740175338,0.9951624055131503,0.9967749370087668,0.9983874685043834,1.0,0.9756262106283715,0.9511849747396549
29,""" and about eight to 10 seconds down , i hit .",""" i was in the water for about eight seconds .","[[""narrator"", ""experienced_event"", ""hitting_something""], [""hitting_something"", ""occurred_after"", ""8_to_10_seconds""], [""narrator"", ""fell_for"", ""8_to_10_seconds""]]","[[""narrator"", ""experienced_event"", ""being_in_water""], [""being_in_water"", ""lasted_for"", ""8_seconds""], [""narrator"", ""was_in_water_for"", ""8_seconds""]]",0.3888888888888889,0.0,0.35051995515823364,0.05555555555555555,0.3888888888888889,0.6553290572548308,0.6286850404182366,0.6020410235816425,0.5753970067450482,0.548752989908454,0.5221089730718599,0.49546495623526565,0.4688209393986715,0.44217692256207725,0.41553290572548307,0.3888888888888889,0.659024331049004,0.6900129927542866
30,cause friction ; wear away or erode,wear away or erode .,"[[""friction"", ""caused_by"", ""wear_away""], [""friction"", ""caused_by"", ""erode""]]",[],,,,,,,,,,,,,,,,,,
31,a person is frying meat in a pan .,a person is holding a skunk .,"[[""person"", ""frying"", ""meat""], [""meat"", ""located_in"", ""pan""], [""person"", ""using"", ""pan""]]","[[""person"", ""holding"", ""skunk""]]",0.06804138174397717,0.014530820772051811,0.3041456639766693,0.06804138174397717,0.06804138174397717,0.30889630155188247,0.28481080957109195,0.26072531759030143,0.23663982560951086,0.21255433362872037,0.18846884164792982,0.1643833496671393,0.14029785768634878,0.11621236570555821,0.09212687372476769,0.06804138174397717,0.36413443713671645,0.43763470770011403
32,a puppy plays with a plastic container .,the dog is playing with a plastic container .,"[[""puppy"", ""plays_with"", ""plastic_container""]]","[[""dog"", ""plays_with"", ""plastic_container""]]",1.0,0.7875003814697266,0.5709948539733887,0.5,1.0,0.9268358198919798,0.9341522379027818,0.9414686559135839,0.9487850739243859,0.9561014919351879,0.9634179099459899,0.9707343279567919,0.978050745967594,0.985367163978396,0.9926835819891979,1.0,0.9335846763558495,0.9400264000830567
33,"their contract will expire at 12 : 01 a.m. wednesday instead of 12 : 01 a.m. sunday , said rian wathen , organizing director for united food and commercial workers local 700 .",""" it has outraged the membership , "" said rian wathen , organizing director of united food and commercial workers local 700 .","[[""Rian_Wathen"", ""said"", ""their_contract_will_expire_at_12_01_a.m._wednesday""], [""their_contract"", ""will_expire_at"", ""12_01_a.m._wednesday""], [""their_contract"", ""will_not_expire_at"", ""12_01_a.m._sunday""], [""Rian_Wathen"", ""organizing_director_of"", ""United_Food_and_Commercial_Workers_Local_700""]]","[[""Rian_Wathen"", ""said"", ""it_has_outraged_the_membership""], [""it"", ""has_outraged"", ""membership""], [""Rian_Wathen"", ""organizing_director_of"", ""United_Food_and_Commercial_Workers_Local_700""]]",0.23333333333333334,0.2010757029056549,0.2882125973701477,0.21300321680756462,0.21300321680756462,0.3760083977842347,0.3597078796865677,0.34340736158890073,0.3271068434912337,0.3108063253935667,0.2945058072958997,0.2782052891982327,0.26190477110056565,0.24560425300289862,0.22930373490523162,0.21300321680756462,0.5209950509013448,0.49753353526417443
34,"the computers were reportedly located in the u.s. , canada and south korea .","the pcs are scattered across the united states , canada and south korea .","[[""computers"", ""located_in"", ""U.S.""], [""computers"", ""located_in"", ""Canada""], [""computers"", ""located_in"", ""South_Korea""]]","[[""pcs"", ""located_in"", ""United_States""], [""pcs"", ""located_in"", ""Canada""], [""pcs"", ""located_in"", ""South_Korea""]]",1.0,0.0,0.6406526565551758,0.5,1.0,0.8793447528762954,0.8914102775886659,0.9034758023010363,0.9155413270134067,0.9276068517257773,0.9396723764381477,0.9517379011505182,0.9638034258628887,0.9758689505752591,0.9879344752876296,1.0,0.9164914154465365,0.8807320657478688
35,the arrests revealed new details about the four-month investigation at selenski 's mount olivet road home .,kerkowski and fassett 's bodies were unearthed at selenski 's mount olivet road home on june 5 .,"[[""arrests"", ""revealed"", ""new_details""], [""new_details"", ""about"", ""investigation""], [""investigation"", ""located_at"", ""Selenski_mount_olivet_road_home""], [""investigation"", ""duration"", ""four_months""]]","[[""Kerkowski"", ""body_unearthed_at"", ""Selenski_mount_olivet_road_home""], [""Fassett"", ""body_unearthed_at"", ""Selenski_mount_olivet_road_home""], [""Kerkowski"", ""body_unearthed_on"", ""June_5""], [""Fassett"", ""body_unearthed_on"", ""June_5""]]",0.22360679774997896,0.0,0.14246539771556854,0.037267799624996496,0.22360679774997896,0.4411681835782186,0.41941204499539464,0.39765590641257065,0.37589976782974666,0.3541436292469227,0.3323874906640988,0.3106313520812748,0.28887521349845086,0.26711907491562686,0.24536293633280293,0.22360679774997896,0.39973856288027476,0.47943948311787576
36,a badger is digging in the dirt .,a man is moving large rocks .,"[[""badger"", ""is_digging_in"", ""dirt""]]","[[""man"", ""is_moving"", ""large_rocks""]]",0.0,0.0,0.05170116573572159,0.0,0.0,0.3069510361412124,0.27625593252709113,0.24556082891296993,0.21486572529884865,0.18417062168472742,0.1534755180706062,0.12278041445648497,0.09208531084236372,0.06139020722824246,0.03069510361412123,0.0,0.3275352733506026,0.5529014463074526
37,"mr president , the cashman report can be summarised in four words : citizens ' power over bureaucracy .","mister the president , the report cashman can summarize itself in some words : the strength of the citizens on the bureaucracy .","[[""Cashman_Report"", ""can_be_summarised_in"", ""four_words""], [""Cashman_Report"", ""summarised_as"", ""citizens_power_over_bureaucracy""], [""President"", ""received"", ""Cashman_Report""]]","[[""Report_Cashman"", ""can_summarize_itself_in"", ""some_words""], [""Report_Cashman"", ""summarised_as"", ""strength_of_citizens_on_bureaucracy""], [""President"", ""received"", ""Report_Cashman""]]",0.5416666666666666,0.07143028825521469,0.19557055830955505,0.25,0.5416666666666666,0.9492716283528899,0.9085111321842676,0.8677506360156453,0.8269901398470229,0.7862296436784006,0.7454691475097783,0.704708651341156,0.6639481551725337,0.6231876590039113,0.582427162835289,0.5416666666666666,0.8982555216302239,0.9460664071634144
38,a girl is styling her hair .,a girl is brushing her hair .,"[[""girl"", ""is_styling"", ""her_hair""]]","[[""girl"", ""is_brushing"", ""her_hair""]]",1.0,1.0,0.9999999403953552,1.0,1.0,0.7879998523396026,0.8091998671056423,0.830399881871682,0.8515998966377218,0.8727999114037616,0.8939999261698013,0.915199940935841,0.9363999557018807,0.9575999704679206,0.9787999852339603,1.0,0.8195158711205861,0.7753055884967148
39,a man is slicing a potato .,a woman is cutting a jalepeno .,"[[""man"", ""slicing"", ""potato""]]","[[""woman"", ""cutting"", ""jalepeno""]]",0.0,0.0,0.22619906067848206,0.0,0.0,0.492664169713311,0.4433977527419799,0.39413133577064885,0.3448649187993177,0.2955985018279866,0.2463320848566555,0.19706566788532442,0.14779925091399332,0.09853283394266218,0.04926641697133109,0.0,0.46976127465424444,0.5238484193844338
40,south africa has the world 's highest caseload with 4.7 million people infected with hiv or aids .,"with 4.7 million people infected with hiv or aids , south africa has the world 's highest aids caseload .","[[""South_Africa"", ""has_caseload"", ""4.7_million_people_infected_with_HIV_or_AIDS""], [""4.7_million_people_infected_with_HIV_or_AIDS"", ""infected_with"", ""HIV""], [""4.7_million_people_infected_with_HIV_or_AIDS"", ""infected_with"", ""AIDS""], [""South_Africa"", ""has"", ""world_highest_caseload""]]","[[""South_Africa"", ""has_caseload"", ""4.7_million_people_infected_with_HIV_or_AIDS""], [""4.7_million_people_infected_with_HIV_or_AIDS"", ""infected_with"", ""HIV""], [""4.7_million_people_infected_with_HIV_or_AIDS"", ""infected_with"", ""AIDS""], [""South_Africa"", ""has"", ""world_highest_AIDS_caseload""]]",0.6254627916220946,0.9147734045982361,0.9264587163925171,0.6333333333333333,0.6333333333333333,0.9853740685253999,0.9501699950061933,0.9149659214869866,0.8797618479677798,0.8445577744485733,0.8093537009293665,0.7741496274101599,0.7389455538909533,0.7037414803717467,0.6685374068525399,0.6333333333333333,0.9579651201165762,0.9983985339920016
41,a man is riding a motorcycle .,a man is riding a horse .,"[[""man"", ""riding"", ""motorcycle""]]","[[""man"", ""riding"", ""horse""]]",0.08333333333333333,0.7869897484779358,0.6913415193557739,0.08333333333333333,0.08333333333333333,0.42629826461698844,0.392001771488623,0.35770527836025745,0.3234087852318919,0.2891122921035264,0.2548157989751609,0.22051930584679538,0.18622281271842986,0.15192631959006433,0.11762982646169884,0.08333333333333333,0.6011736555754774,0.8570679517411062
42,a man is playing a guitar .,a man is playing a trumpet .,"[[""man"", ""playing"", ""guitar""]]","[[""man"", ""playing"", ""trumpet""]]",0.08333333333333333,0.7861970663070679,0.6720855832099915,0.08333333333333333,0.08333333333333333,0.392826317356228,0.3618770189539386,0.3309277205516491,0.2999784221493596,0.26902912374707016,0.23807982534478067,0.2071305269424912,0.17618122854020174,0.14523193013791225,0.1142826317356228,0.08333333333333333,0.6219689635397687,0.7718229404810053
43,a man swims underwater .,a woman is swimming underwater .,"[[""man"", ""swims_in"", ""water""], [""man"", ""location"", ""underwater""]]","[[""woman"", ""swims_in"", ""water""], [""woman"", ""location"", ""underwater""]]",0.6666666666666666,0.952817440032959,0.8625897765159607,0.6666666666666666,0.6666666666666666,0.6583127386949653,0.6591481314921355,0.6599835242893056,0.6608189170864757,0.6616543098836458,0.662489702680816,0.6633250954779861,0.6641604882751563,0.6649958810723263,0.6658312738694965,0.6666666666666666,0.7758995262718432,0.734214281912457
44,"performance , routine",a short theatrical performance that is part of a longer program .,"[[""performance"", ""type_of"", ""routine""]]","[[""short_theatrical_performance"", ""part_of"", ""longer_program""]]",0.0,0.0,0.0,0.0,0.0,0.38217463422108233,0.3439571707989741,0.3057397073768659,0.2675222439547576,0.22930478053264938,0.19108731711054117,0.15286985368843295,0.11465239026632472,0.07643492684421645,0.038217463422108224,0.0,0.396047587528362,0.5018926583618096
45,tocqueville believed that there are no effective long-term constraints on this tendency .,"tocqueville thought that on the long run , nothing can be really opposed to this tendency .","[[""Tocqueville"", ""believed"", ""no_effective_long-term_constraints""], [""no_effective_long-term_constraints"", ""on"", ""tendency""]]","[[""Tocqueville"", ""thought"", ""nothing_can_be_opposed""], [""nothing_can_be_opposed"", ""to"", ""tendency""], [""nothing_can_be_opposed"", ""in"", ""long_run""]]",0.3888888888888889,0.3762628138065338,0.4415859580039978,0.3367876570272817,0.3888888888888889,0.6016697259997612,0.580391642288674,0.5591135585775868,0.5378354748664995,0.5165573911554122,0.495279307444325,0.47400122373323783,0.4527231400221506,0.43144505631106334,0.41016697259997614,0.3888888888888889,0.6716550439476194,0.609552384964662
46,"by late afternoon , the dow jones industrial average was up 12.81 , or 0.1 percent , at 9,331.77 , having gained 201 points monday to its highest level since july 2002 .","in morning trading , the dow jones industrial average was down 8.76 , or 0.1 percent , at 9,310.20 , having gained 201 points monday .","[[""Dow_Jones_Industrial_Average"", ""increased_by"", ""12.81""], [""Dow_Jones_Industrial_Average"", ""increased_by_percentage"", ""0.1_percent""], [""Dow_Jones_Industrial_Average"", ""value_at"", ""9331.77""], [""Dow_Jones_Industrial_Average"", ""gained"", ""201_points""], [""Dow_Jones_Industrial_Average"", ""reached_level_since"", ""July_2002""], [""Dow_Jones_Industrial_Average"", ""highest_level_since"", ""July_2002""]]","[[""Dow_Jones_Industrial_Average"", ""decreased_by"", ""8.76""], [""Dow_Jones_Industrial_Average"", ""decreased_by_percentage"", ""0.1_percent""], [""Dow_Jones_Industrial_Average"", ""value_at"", ""9310.20""], [""Dow_Jones_Industrial_Average"", ""gained"", ""201_points""], [""Dow_Jones_Industrial_Average"", ""trading_time"", ""morning""]]",0.39557740264262,0.49673137068748474,0.5260628461837769,0.3611111111111111,0.7607257743127307,0.8706927556052853,0.8596960574760298,0.8486993593467744,0.8377026612175189,0.8267059630882634,0.815709264959008,0.8047125668297526,0.793715868700497,0.7827191705712416,0.7717224724419861,0.7607257743127307,0.8144108285954279,0.8690488499822768
47,""" they 've been in the stores for over six weeks , "" says carney .","the quarterlies usually stay in stores for between six to eight weeks , "" carney added .","[[""carney"", ""says"", ""they_ve_been_in_stores_for_over_six_weeks""]]","[[""carney"", ""added"", ""quarterlies_usually_stay_in_stores_for_between_six_to_eight_weeks""], [""quarterlies"", ""stay_in"", ""stores""], [""quarterlies"", ""stay_for"", ""between_six_to_eight_weeks""]]",0.08333333333333333,0.0,0.33651602268218994,0.05270462766947299,0.08333333333333333,0.6441687725075813,0.5880852285901566,0.5320016846727318,0.4759181407553069,0.4198345968378821,0.36375105292045734,0.3076675090030325,0.25158396508560776,0.1955004211681829,0.13941687725075813,0.08333333333333333,0.6365856716604263,0.6525558895879855
48,a woman is picking a can .,a woman is slicing a tomato .,"[[""woman"", ""picking"", ""can""]]","[[""woman"", ""slicing"", ""tomato""]]",0.08333333333333333,0.4460877776145935,0.4414227306842804,0.08333333333333333,0.08333333333333333,0.5865445676060255,0.5362234441787562,0.48590232075148704,0.43558119732421785,0.3852600738969486,0.3349389504696794,0.2846178270424102,0.234296703615141,0.18397558018787175,0.13365445676060253,0.08333333333333333,0.5539931857024042,0.6011569695250529
49,a man is jumping into water .,a man is cutting paper .,"[[""man"", ""is_jumping_into"", ""water""]]","[[""man"", ""is_cutting"", ""paper""]]",0.08333333333333333,0.12765620648860931,0.37828296422958374,0.08333333333333333,0.08333333333333333,0.21086166115047617,0.1981088283687619,0.1853559955870476,0.1726031628053333,0.159850330023619,0.14709749724190474,0.13434466446019047,0.12159183167847618,0.10883899889676188,0.09608616611504761,0.08333333333333333,0.39722801318854345,0.5281677732939749
50,"its shares fell 71 cents , or 3.5 percent , in after-hours trading to $ 19.55 .","the stock had risen 63 cents , or 3 percent , to close at $ 20.26 in regular-session nasdaq trading .","[[""its"", ""fell"", ""71_cents""], [""its"", ""fell"", ""3.5_percent""], [""its"", ""traded_at"", ""19.55""], [""19.55"", ""price_after"", ""after-hours_trading""]]","[[""the_stock"", ""rose"", ""63_cents""], [""the_stock"", ""rose"", ""3_percent""], [""the_stock"", ""traded_at"", ""20.26""], [""20.26"", ""price_after"", ""regular-session_nasdaq_trading""]]",0.6,0.0,0.0,0.0,0.6,0.6752619409924213,0.6677357468931793,0.6602095527939371,0.652683358694695,0.6451571645954528,0.6376309704962106,0.6301047763969685,0.6225785822977264,0.6150523881984842,0.6075261940992421,0.6,0.621924365108621,0.6173374175293683
51,some results are remarkable .,certain results are remarkable .,"[[""results"", ""are"", ""remarkable""]]","[[""results"", ""are"", ""remarkable""]]",1.0,0.9999998807907104,1.0,1.0,1.0,0.9999999991603601,0.999999999244324,0.9999999993282882,0.9999999994122519,0.9999999994962161,0.99999999958018,0.999999999664144,0.999999999748108,0.999999999832072,0.999999999916036,1.0,1.0,0.9999999910677777
52,there must be a balance as a whole .,the unity must be in balance .,[],[],,,,,,,,,,,,,,,,,,
53,"putin , too , also seems to suspect his regime 's impotence .","and , also , of his regime .","[[""putin"", ""suspects"", ""his_regime_impotence""]]","[[""his"", ""of"", ""his_regime""]]",0.5,0.0,0.0,0.0,0.5,0.34087924999955416,0.35679132499959876,0.3727033999996433,0.38861547499968785,0.4045275499997325,0.42043962499977705,0.43635169999982165,0.45226377499986625,0.46817584999991085,0.4840879249999554,0.5,0.3838064232084971,0.5632927829470523
54,the notification was first reported friday by msnbc .,msnbc.com first reported the cia request on friday .,"[[""notification"", ""reported_by"", ""msnbc""], [""notification"", ""reported_on"", ""Friday""]]","[[""msnbc.com"", ""reported"", ""cia_request""], [""cia_request"", ""reported_on"", ""Friday""]]",0.3888888888888889,0.3403733968734741,0.4807414412498474,0.3333333333333333,0.3888888888888889,0.518347825588047,0.5054019319181312,0.49245603824821543,0.47951014457829955,0.46656425090838377,0.453618357238468,0.44067246356855216,0.42772656989863633,0.4147806762287205,0.4018347825588047,0.3888888888888889,0.6680039987687285,0.7346741100961229
55,some results are remarkable .,some results .,[],[],,,,,,,,,,,,,,,,,,
56,let me remind you that our allies include fervent supporters of this tax .,"i hold you recall that our allies , there are enthusiastic about this tax .","[[""our_allies"", ""include"", ""fervent_supporters""], [""fervent_supporters"", ""support"", ""this_tax""]]","[[""our_allies"", ""are"", ""enthusiastic""], [""our_allies"", ""enthusiastic_about"", ""this_tax""]]",0.3888888888888889,0.4144035577774048,0.6346794366836548,0.3888888888888889,0.3888888888888889,0.7374876511042029,0.7026277748826715,0.6677678986611402,0.6329080224396086,0.5980481462180773,0.5631882699965459,0.5283283937750145,0.4934685175534831,0.45860864133195167,0.4237487651104203,0.3888888888888889,0.6924268853224732,0.530504963947676
57,the elephants are bathing .,two women are singing .,"[[""elephants"", ""are_bathing"", ""True""]]","[[""women"", ""are_singing"", ""True""]]",0.5,0.35520943999290466,0.4436735212802887,0.5,0.5,0.36433414173241124,0.3779007275591701,0.391467313385929,0.40503389921268784,0.41860048503944675,0.43216707086620565,0.4457336566929645,0.45930024251972335,0.47286682834648225,0.48643341417324115,0.5,0.45984278841790344,0.5186117707275116
58,a person is petting a monkey .,a man is holding a slow loris .,"[[""person"", ""petting"", ""monkey""]]","[[""man"", ""holding"", ""slow_loris""]]",0.0,0.0,0.1747976690530777,0.0,0.0,0.25136518767763855,0.2262286689098747,0.20109215014211085,0.17595563137434697,0.15081911260658312,0.12568259383881927,0.10054607507105542,0.07540955630329157,0.0502730375355277,0.02513651876776385,0.0,0.28236994731282117,0.4397510276386684
59,a woman is placing food in a pot of hot water .,a woman is frying meat .,"[[""woman"", ""placing"", ""food""], [""food"", ""in"", ""pot""], [""pot"", ""contains"", ""hot_water""], [""woman"", ""interacting_with"", ""pot""]]","[[""woman"", ""frying"", ""meat""]]",0.11785113019775793,0.12391896545886993,0.38855186104774475,0.05892556509887897,0.11785113019775793,0.6241103647588816,0.5734844413027692,0.5228585178466569,0.47223259439054444,0.4216066709344321,0.3709807474783198,0.3203548240222074,0.26972890056609505,0.21910297710998264,0.16847705365387028,0.11785113019775793,0.5092394696678185,0.5982994888656163
60,a woman is cutting an onion .,a man is cutting onions .,"[[""woman"", ""cutting"", ""onion""]]","[[""man"", ""cutting"", ""onions""]]",0.5,0.0,0.0,0.0,0.5,0.6843862342787176,0.6659476108508459,0.647508987422974,0.6290703639951023,0.6106317405672306,0.5921931171393588,0.573754493711487,0.5553158702836153,0.5368772468557435,0.5184386234278717,0.5,0.6927611712547974,0.8605144337423589
61,i am one of those members who attends sittings quite faithfully .,i am one of the members who are rather honourably here .,"[[""I"", ""member_of"", ""members""], [""I"", ""attend"", ""sittings""]]","[[""I"", ""member_of"", ""members""], [""members"", ""located_at"", ""here""], [""members"", ""characterized_as"", ""honourably""]]",0.4762896722078402,0.5034578442573547,0.48285219073295593,0.09622504486493763,0.4762896722078402,0.8332062557210081,0.7975145973696913,0.7618229390183746,0.7261312806670578,0.690439622315741,0.6547479639644241,0.6190563056131073,0.5833646472617906,0.5476729889104738,0.511981330559157,0.4762896722078402,0.830988427198734,0.6960166821395553
62,provide with tools or items for a specific purpose,provide with ( something ) usually for a specific purpose .,"[[""tools_or_items"", ""used_for"", ""specific_purpose""], [""tools_or_items"", ""provided_for"", ""specific_purpose""]]","[[""something"", ""used_for"", ""specific_purpose""], [""something"", ""provided_for"", ""specific_purpose""], [""provide"", ""relation"", ""specific_purpose""]]",0.5,0.24987775087356567,0.6243563294410706,0.06804138174397717,0.5,0.7288163352115914,0.7059347016904323,0.6830530681692731,0.660171434648114,0.6372898011269548,0.6144081676057958,0.5915265340846365,0.5686449005634775,0.5457632670423183,0.5228816335211591,0.5,0.7711420097479593,0.6561241590119915
63,a woman is picking a can .,a man is playing a guitar .,"[[""woman"", ""picking"", ""can""]]","[[""man"", ""playing"", ""guitar""]]",0.0,0.0,0.0633564367890358,0.0,0.0,0.048932176613100495,0.04403895895179045,0.0391457412904804,0.03425252362917034,0.029359305967860294,0.024466088306550247,0.0195728706452402,0.01467965298393015,0.009786435322620097,0.0048932176613100484,0.0,0.13726858077459583,0.47697810784509387
64,"excluding one-time items , the company enjoyed a profit of 6 cents a share .","excluding one-time items , it expects profit of 11 cents to 15 cents a share .","[[""company"", ""enjoyed_profit"", ""6_cents_a_share""]]","[[""it"", ""expects_profit"", ""11_cents_to_15_cents_a_share""]]",0.5,0.0,0.0,0.0,0.5,0.6000236186260792,0.5900212567634714,0.5800188949008634,0.5700165330382554,0.5600141711756476,0.5500118093130396,0.5400094474504317,0.5300070855878238,0.5200047237252159,0.510002361862608,0.5,0.603468581568805,0.6395779734476077
65,today there are two plausible ways to proceed against a deposed tyrant .,today there are two ways of proceeding to the origins .,"[[""today"", ""has"", ""two_plausible_ways""], [""two_plausible_ways"", ""used_against"", ""deposed_tyrant""]]","[[""today"", ""has"", ""two_ways""], [""two_ways"", ""used_for"", ""proceeding_to_origins""]]",0.2041241452319315,0.204339861869812,0.36087894439697266,0.05555555555555555,0.2041241452319315,0.6799035466638081,0.6323256065206205,0.5847476663774328,0.5371697262342451,0.48959178609105747,0.44201384594786985,0.39443590580468213,0.3468579656614945,0.2992800255183068,0.2517020853751192,0.2041241452319315,0.695484252546551,0.6366419116483834
66,"the fishermen are inactive , tired and disappointed .","the fishers are inactive , tired and disappointed .","[[""fishermen"", ""are"", ""inactive""], [""fishermen"", ""are"", ""tired""], [""fishermen"", ""are"", ""disappointed""]]","[[""fishers"", ""are"", ""inactive""], [""fishers"", ""are"", ""tired""], [""fishers"", ""are"", ""disappointed""]]",1.0,0.9865552186965942,0.9540661573410034,0.75,1.0,0.8692108849291359,0.8822897964362223,0.8953687079433088,0.908447619450395,0.9215265309574815,0.934605442464568,0.9476843539716544,0.9607632654787408,0.9738421769858272,0.9869210884929136,1.0,0.9238361396541956,0.6818057144507954
67,""" they were brutally beaten , and it 's really a wonder that porchia is the only deceased in this case . """,""" it 's a wonder that porchia was the only deceased in this case , "" sax added .","[[""they"", ""were_beaten"", ""brutally""], [""porchia"", ""is"", ""deceased""], [""porchia"", ""is_only_deceased"", ""this_case""]]","[[""it"", ""is"", ""wonder""], [""porchia"", ""was"", ""deceased""], [""porchia"", ""is_only_deceased"", ""this_case""], [""sax"", ""added"", ""statement""]]",0.7745966692414834,0.08244825154542923,0.4664994776248932,0.50709255283711,0.7745966692414834,0.890374369257697,0.8787965992560756,0.8672188292544544,0.8556410592528328,0.8440632892512115,0.8324855192495901,0.8209077492479688,0.8093299792463474,0.7977522092447262,0.7861744392431048,0.7745966692414834,0.8133030663200871,0.7432069643030126
68,a man rides off on a motorcycle .,a man is riding on a motorcycle .,"[[""man"", ""rides"", ""motorcycle""]]","[[""man"", ""riding_on"", ""motorcycle""]]",1.0,1.0,1.0,1.0,1.0,0.8919286184966715,0.9027357566470043,0.9135428947973372,0.9243500329476699,0.9351571710980029,0.9459643092483357,0.9567714473986686,0.9675785855490014,0.9783857236993343,0.9891928618496671,1.0,0.8827567905103223,0.9310753440145885
69,a woman is feeding a man .,a woman is mixing meat .,"[[""woman"", ""feeding"", ""man""]]","[[""woman"", ""mixing"", ""meat""]]",0.08333333333333333,0.5090187191963196,0.5023773908615112,0.08333333333333333,0.08333333333333333,0.5176613987073144,0.47422859216991636,0.43079578563251825,0.3873629790951201,0.34393017255772196,0.3004973660203239,0.2570645594829258,0.21363175294552766,0.17019894640812955,0.12676613987073143,0.08333333333333333,0.48172304866020965,0.585342418581695
70,"the fishermen are inactive , tired and disappointed .","the fishermen are unemployed , tired and disappointed .","[[""fishermen"", ""are"", ""inactive""], [""fishermen"", ""are"", ""tired""], [""fishermen"", ""are"", ""disappointed""]]","[[""fishermen"", ""are"", ""unemployed""], [""fishermen"", ""are"", ""tired""], [""fishermen"", ""are"", ""disappointed""]]",0.5416666666666666,0.6013089418411255,0.9190734624862671,0.5416666666666666,0.5416666666666666,0.951514652345967,0.910529853778037,0.8695450552101069,0.8285602566421768,0.7875754580742469,0.7465906595063168,0.7056058609383868,0.6646210623704567,0.6236362638025267,0.5826514652345967,0.5416666666666666,0.9035594864793326,0.9111767167004594
71,"darren dopp , a spitzer spokesman , declined to comment late thursday .","john heine , a spokesman for the commission in washington , declined to comment on mr. spitzer 's criticism .","[[""Darren_Dopp"", ""occupation"", ""spitzer_spokesman""], [""Darren_Dopp"", ""action"", ""declined_to_comment""], [""Darren_Dopp"", ""time_of_action"", ""late_Thursday""]]","[[""John_Heine"", ""occupation"", ""spokesman_for_commission""], [""John_Heine"", ""location"", ""Washington""], [""John_Heine"", ""action"", ""declined_to_comment""], [""John_Heine"", ""object_of_comment"", ""Mr_Spitzer_criticism""], [""Commission"", ""located_in"", ""Washington""], [""Mr_Spitzer"", ""relation"", ""criticism""]]",0.2916666666666667,0.0,0.13131183385849,0.1767766952966369,0.2608745973749754,0.5992344243750187,0.5653984416750144,0.5315624589750101,0.4977264762750057,0.4638904935750014,0.4300545108749971,0.39621852817499276,0.36238254547498844,0.32854656277498406,0.29471058007497974,0.2608745973749754,0.588456955597135,0.5287115825801874
72,a man is slicing a bun .,a man is slicing an onion .,"[[""man"", ""slicing"", ""bun""]]","[[""man"", ""slicing"", ""onion""]]",0.08333333333333333,0.787347137928009,0.7282236814498901,0.08333333333333333,0.08333333333333333,0.6946130017736066,0.6334850349295793,0.5723570680855521,0.5112291012415247,0.45010113439749727,0.38897316755347,0.3278452007094427,0.26671723386541535,0.20558926702138797,0.14446130017736064,0.08333333333333333,0.7458818998125332,0.7883290663828457
73,a cyclical span of time defined by a calendar system,a period of time containing 365 ( or 366 ) days .,"[[""cyclical_span_of_time"", ""defined_by"", ""calendar_system""]]","[[""period_of_time"", ""contains"", ""365_days""], [""period_of_time"", ""contains"", ""366_days""], [""period_of_time"", ""duration"", ""365_or_366_days""]]",0.0,0.0,0.0,0.0,0.0,0.6328651920490582,0.5695786728441524,0.5062921536392466,0.4430056344343407,0.3797191152294349,0.3164325960245291,0.2531460768196233,0.18985955761471748,0.12657303840981163,0.06328651920490581,0.0,0.5274482242155174,0.4223957225816143
74,"be larger in number , quantity , power , status , or importance , without personally having sovereign power .","be larger in number , quantity , power , status or importance .","[[""number"", ""can_be"", ""larger""], [""quantity"", ""can_be"", ""larger""], [""power"", ""can_be"", ""larger""], [""status"", ""can_be"", ""larger""], [""importance"", ""can_be"", ""larger""], [""sovereign_power"", ""not_held_by"", ""entity""]]","[[""number"", ""can_be"", ""larger""], [""quantity"", ""can_be"", ""larger""], [""power"", ""can_be"", ""larger""], [""status"", ""can_be"", ""larger""], [""importance"", ""can_be"", ""larger""]]",0.8660254037844386,0.50229412317276,0.9273595809936523,0.8660254037844386,0.8660254037844386,0.9779401161240961,0.9667486448901303,0.9555571736561648,0.9443657024221987,0.9331742311882332,0.9219827599542674,0.9107912887203016,0.8995998174863359,0.8884083462523701,0.8772168750184044,0.8660254037844386,0.9375336442468627,0.8045369722038285
75,act of verbally informing,the act of informing by verbal report .,"[[""act_of_informing"", ""performed_by"", ""verbal_means""], [""act_of_informing"", ""method"", ""verbally_informing""]]","[[""act_of_informing"", ""performed_by"", ""verbal_report""], [""act_of_informing"", ""method"", ""verbal_report""]]",0.5833333333333334,0.8989642262458801,0.6255898475646973,0.06804138174397717,0.5163977794943222,0.94017005345739,0.8977928260610832,0.8554155986647765,0.8130383712684697,0.7706611438721629,0.7282839164758561,0.6859066890795493,0.6435294616832425,0.6011522342869358,0.558775006890629,0.5163977794943222,0.8841530263022965,0.895839682070753
76,a man is playing the cello .,a man seated is playing the cello .,"[[""man"", ""playing"", ""cello""]]","[[""man"", ""seated"", ""True""], [""man"", ""playing"", ""cello""]]",1.0,0.750453531742096,0.728747546672821,0.4762896722078402,1.0,1.0,1.0,1.0,1.0,1.0,1.0,1.0,1.0,1.0,1.0,1.0,1.0,0.8582184342685619
77,each side had quite different theories and explanations of what was going on .,each player had the theories and explanations markedly different situation .,"[[""each_side"", ""had"", ""theories""], [""each_side"", ""had"", ""explanations""], [""theories"", ""of"", ""what_was_going_on""], [""explanations"", ""of"", ""what_was_going_on""]]","[[""each_player"", ""had"", ""theories""], [""each_player"", ""had"", ""explanations""], [""theories"", ""markedly_different"", ""situation""], [""explanations"", ""markedly_different"", ""situation""]]",0.08333333333333333,0.37989917397499084,0.6653146147727966,0.08333333333333333,0.08333333333333333,0.708883006150119,0.6463280388684405,0.583773071586762,0.5212181043050833,0.4586631370234047,0.3961081697417262,0.3335532024600476,0.2709982351783691,0.20844326789669043,0.1458883006150119,0.08333333333333333,0.6575275505847016,0.6937445289524835
78,"discern , identify , or know because of a previous experience",be fully aware or cognizant of .,"[[""previous_experience"", ""enables"", ""discern""], [""previous_experience"", ""enables"", ""identify""], [""previous_experience"", ""enables"", ""know""]]","[[""someone"", ""be_aware_of"", ""something""], [""someone"", ""be_cognizant_of"", ""something""]]",0.0,0.0,0.0,0.0,0.0,0.43416291181209044,0.3907466206308814,0.34733032944967235,0.3039140382684633,0.26049774708725426,0.21708145590604522,0.17366516472483617,0.13024887354362716,0.08683258236241807,0.04341629118120904,0.0,0.38440703950300537,0.3390004395386382
79,but america 's interest in iraqi oil was not driven either by economics or energy policy .,but the interests of america for iraqi oil is dictated by the economy or the energy policy .,"[[""America"", ""interested_in"", ""Iraqi_oil""], [""America"", ""interest_not_driven_by"", ""economics""], [""America"", ""interest_not_driven_by"", ""energy_policy""]]","[[""America"", ""interested_in"", ""Iraqi_oil""], [""America"", ""interest_dictated_by"", ""economy""], [""America"", ""interest_dictated_by"", ""energy_policy""]]",1.0,0.5466581583023071,0.7121229767799377,0.5416666666666666,1.0,0.9210888186669196,0.9289799368002276,0.9368710549335357,0.9447621730668436,0.9526532912001517,0.9605444093334599,0.9684355274667679,0.9763266456000759,0.984217763733384,0.992108881866692,1.0,0.9107508986191046,0.9373222666768928
80,"graves reported from albuquerque , villafranca from austin and ratcliffe from laredo .",pete slover reported from laredo and gromer jeffers from albuquerque .,"[[""Graves"", ""reported_from"", ""Albuquerque""], [""Villafranca"", ""reported_from"", ""Austin""], [""Ratcliffe"", ""reported_from"", ""Laredo""]]","[[""Pete_Slover"", ""reported_from"", ""Laredo""], [""Gromer_Jeffers"", ""reported_from"", ""Albuquerque""]]",0.408248290463863,0.22877736389636993,0.5427250266075134,0.408248290463863,0.408248290463863,0.7555769539229128,0.7208440875770078,0.6861112212311029,0.6513783548851978,0.6166454885392929,0.5819126221933879,0.5471797558474829,0.5124468895015779,0.47771402315567296,0.442981156809768,0.408248290463863,0.7069741463145894,0.8472624593263295
81,a group of penguins is walking .,a large amount of penguins are heading to the ocean .,"[[""group_of_penguins"", ""is_walking"", ""True""]]","[[""large_amount_of_penguins"", ""are_heading_to"", ""ocean""]]",0.08333333333333333,0.0,0.013716544955968857,0.0,0.08333333333333333,0.6226373266495261,0.5687069273179068,0.5147765279862876,0.4608461286546683,0.406915729323049,0.35298532999142973,0.2990549306598104,0.24512453132819118,0.19119413199657187,0.1372637326649526,0.08333333333333333,0.5356531604686853,0.528373207551616
82,the feeling of annoyance at being hindered or thwarted .,a feeling of annoyance at being hindered or criticized .,"[[""feeling_of_annoyance"", ""caused_by"", ""being_hindered""], [""feeling_of_annoyance"", ""caused_by"", ""being_thwarted""]]","[[""feeling_of_annoyance"", ""caused_by"", ""being_hindered""], [""feeling_of_annoyance"", ""caused_by"", ""being_criticized""]]",1.0,0.7079941034317017,0.7958136796951294,0.3888888888888889,0.6851601597031488,0.9723895703165705,0.9436666292552283,0.9149436881938862,0.886220747132544,0.8574978060712017,0.8287748650098596,0.8000519239485175,0.7713289828871753,0.7426060418258331,0.713883100764491,0.6851601597031488,0.9750445751438148,0.8888715505033836
83,"coupling , an american version of a hit british comedy , will get the valuable thursday 9 : 30 p.m. time slot .","coupling , an american version of a hit british comedy , will couple with friends on thursdays .","[[""Coupling"", ""is_version_of"", ""British_comedy""], [""Coupling"", ""has_time_slot"", ""Thursday_9_30_p.m.""], [""Coupling"", ""is_american_version"", ""British_comedy""], [""British_comedy"", ""has_american_version"", ""Coupling""]]","[[""Coupling"", ""is_version_of"", ""British_comedy""], [""Coupling"", ""will_couple_with"", ""Friends""], [""Coupling"", ""airs_on"", ""Thursdays""], [""Coupling"", ""is_american_version"", ""British_comedy""], [""British_comedy"", ""has_american_version"", ""Coupling""], [""Friends"", ""airs_on"", ""Thursdays""]]",1.0,0.3006450831890106,0.5887271761894226,0.3367876570272817,1.0,0.9871961474589208,0.9884765327130287,0.9897569179671366,0.9910373032212445,0.9923176884753525,0.9935980737294604,0.9948784589835683,0.9961588442376763,0.9974392294917842,0.9987196147458921,1.0,0.884666368703151,0.8716698551139413
84,"proving that the millville son 's sacrifice would not go unsung , mayor james quinn ordered all city flags flown at half-mast for the next 30 days .","in millville yesterday , mayor james quinn ordered all city flags flown at half-staff for the next 30 days .","[[""Millville"", ""has_mayor"", ""James_Quinn""], [""James_Quinn"", ""ordered"", ""city_flags_flown_at_half-mast""], [""city_flags_flown_at_half-mast"", ""duration"", ""30_days""], [""Millville"", ""has_city_flags"", ""city_flags""]]","[[""Millville"", ""has_mayor"", ""James_Quinn""], [""James_Quinn"", ""ordered"", ""city_flags_flown_at_half-staff""], [""city_flags_flown_at_half-staff"", ""duration"", ""30_days""], [""Millville"", ""has_city_flags"", ""city_flags""]]",1.0,0.9459340572357178,0.9373950958251953,0.5,1.0,0.9948846183833155,0.995396156544984,0.9959076947066525,0.9964192328683208,0.9969307710299893,0.9974423091916578,0.9979538473533263,0.9984653855149946,0.9989769236766631,0.9994884618383315,1.0,0.9948029971221448,0.9860528783132032
85,a boy is crawling into a dog house .,a cat is playing on the floor .,"[[""boy"", ""crawling_into"", ""dog_house""]]","[[""cat"", ""playing_on"", ""floor""]]",0.0,0.0,0.0,0.0,0.0,0.367398410392613,0.3306585693533517,0.29391872831409044,0.25717888727482907,0.2204390462355678,0.1836992051963065,0.14695936415704522,0.11021952311778392,0.07347968207852258,0.03673984103926129,0.0,0.32720411366746527,0.5646667897523385
86,but she didn 't say whether she 'll certify the two-year $ 117.4 billion budget for 2004-05 .,she said she didn 't know yet whether she would certify the budget .,"[[""she"", ""did_not_certify"", ""two-year_$117.4_billion_budget""], [""two-year_$117.4_billion_budget"", ""for"", ""2004-05""]]","[[""she"", ""did_not_know"", ""certification_of_budget""], [""she"", ""considering_certification_of"", ""budget""]]",0.05555555555555555,0.2200368493795395,0.2922205924987793,0.05555555555555555,0.05555555555555555,0.6257211386892239,0.568704580375857,0.5116880220624902,0.4546714637491233,0.3976549054357565,0.3406383471223897,0.2836217888090229,0.22660523049565606,0.1695886721822892,0.11257211386892238,0.05555555555555555,0.5973596918930273,0.47729399359927405
87,"the venture owns five oil refineries and more than 2,100 filling stations in russia and ukraine .","tnk-bp has six oil producing units , five refineries and 2,100 filling stations .","[[""venture"", ""owns"", ""oil_refineries""], [""venture"", ""number_of_oil_refineries"", ""5""], [""venture"", ""owns"", ""filling_stations""], [""venture"", ""number_of_filling_stations"", ""2100""], [""venture"", ""operates_in"", ""Russia""], [""venture"", ""operates_in"", ""Ukraine""]]","[[""TNK-BP"", ""has"", ""oil_producing_units""], [""TNK-BP"", ""number_of_oil_producing_units"", ""6""], [""TNK-BP"", ""has"", ""refineries""], [""TNK-BP"", ""number_of_refineries"", ""5""], [""TNK-BP"", ""has"", ""filling_stations""], [""TNK-BP"", ""number_of_filling_stations"", ""2100""]]",0.6666666666666666,0.0,0.4379781186580658,0.42857142857142855,0.6172133998483676,0.5936666482009486,0.5960213233656905,0.5983759985304324,0.6007306736951743,0.6030853488599162,0.6054400240246581,0.6077946991894001,0.610149374354142,0.6125040495188838,0.6148587246836258,0.6172133998483676,0.6379243647219175,0.610577846373898
88,"analysts ' consensus estimate from thomson first call was for a loss of $ 2.08 a share , excluding one-time items .",the estimate of analysts surveyed by thomson first call was for a loss of $ 2.75 a share .,"[[""analysts"", ""provided_consensus_estimate"", ""thomson_first_call""], [""thomson_first_call"", ""estimated_loss"", ""2.08_a_share""], [""2.08_a_share"", ""excludes"", ""one-time_items""]]","[[""analysts"", ""provided_estimate"", ""thomson_first_call""], [""thomson_first_call"", ""estimated_loss"", ""2.75_a_share""]]",0.28867513459481287,0.49592289328575134,0.7137162685394287,0.14433756729740643,0.28867513459481287,0.8882203878595191,0.8282658625330485,0.7683113372065778,0.7083568118801071,0.6484022865536366,0.5884477612271659,0.5284932359006953,0.4685387105742248,0.4085841852477541,0.3486296599212835,0.28867513459481287,0.8251292053627346,0.9018181555111129
89,a man is playing guitar .,a man is draining pasta .,"[[""man"", ""playing"", ""guitar""]]","[[""man"", ""draining"", ""pasta""]]",0.08333333333333333,0.42172473669052124,0.4655344486236572,0.08333333333333333,0.08333333333333333,0.15629246117451914,0.14899654839040055,0.141700635606282,0.1344047228221634,0.1271088100380448,0.11981289725392624,0.11251698446980765,0.10522107168568907,0.0979251589015705,0.0906292461174519,0.08333333333333333,0.2890555499149199,0.42105185875817885
90,funeral direction,the trade of a funeral director .,[],"[[""funeral_director"", ""occupation"", ""trade""]]",,,,,,,,,,,,,,,,,,
91,a state of confinement in a small space,the act of forcing yourself ( or being forced ) into or through a restricted space .,"[[""state"", ""characterized_by"", ""confinement""], [""confinement"", ""located_in"", ""small_space""]]","[[""act"", ""involves"", ""forcing""], [""forcing"", ""target"", ""yourself""], [""forcing"", ""alternative_target"", ""someone_else""], [""act"", ""involves"", ""movement""], [""movement"", ""through"", ""restricted_space""], [""act"", ""can_be"", ""self_forced""], [""act"", ""can_be"", ""externally_forced""]]",0.408248290463863,0.0,0.0,0.0,0.408248290463863,0.49846535031930234,0.4894436443337584,0.48042193834821445,0.4714002323626705,0.4623785263771266,0.45335682039158265,0.44433511440603873,0.4353134084204948,0.42629170243495085,0.41726999644940693,0.408248290463863,0.43825870340127515,0.3802535991267348
92,"u.s. troops encountered no resistance during the five-hour sweep near tikrit , saddam hussein 's hometown and the center of a region of baath party supporters .",tikrit is saddam hussein 's hometown and the region around it is known as a hotbed of baath party supporters and former high-ranking iraqi military officials .,"[[""U.S._troops"", ""encountered"", ""no_resistance""], [""U.S._troops"", ""conducted_sweep"", ""near_Tikrit""], [""Tikrit"", ""hometown_of"", ""Saddam_Hussein""], [""Tikrit"", ""located_in"", ""region_of_Baath_party_supporters""], [""Saddam_Hussein"", ""associated_with"", ""Baath_party""], [""U.S._troops"", ""operation_duration"", ""five-hour_sweep""], [""five-hour_sweep"", ""took_place"", ""near_Tikrit""]]","[[""Tikrit"", ""hometown_of"", ""Saddam_Hussein""], [""Tikrit"", ""located_in"", ""region_of_Baath_party_supporters""], [""region_around_Tikrit"", ""known_as"", ""hotbed_of_Baath_party_supporters""], [""region_around_Tikrit"", ""known_for"", ""former_high-ranking_Iraqi_military_officials""], [""Saddam_Hussein"", ""associated_with"", ""Baath_party""], [""Baath_party"", ""has"", ""former_high-ranking_Iraqi_military_officials""]]",0.10206207261596575,0.20409470796585083,0.5576888918876648,0.5345224838248488,0.2592724864350674,0.786006488053805,0.7333330878919312,0.6806596877300576,0.6279862875681838,0.5753128874063099,0.5226394872444362,0.4699660870825625,0.4172926869206887,0.3646192867588149,0.3119458865969411,0.2592724864350674,0.7469773100129238,0.6759200338563605
93,"indeed , the french philosopher marcel gauchet entitled a recent book democracy against itself .",one can also note that the french philosopher marcel gauchet entitled one of these recent books the democracy against itself .,"[[""Marcel_Gauchet"", ""entitled"", ""Democracy_Against_Itself""], [""Marcel_Gauchet"", ""nationality"", ""French""], [""Democracy_Against_Itself"", ""written_by"", ""Marcel_Gauchet""], [""Marcel_Gauchet"", ""occupation"", ""philosopher""]]","[[""Marcel_Gauchet"", ""entitled"", ""Democracy_Against_Itself""], [""Marcel_Gauchet"", ""nationality"", ""French""], [""Democracy_Against_Itself"", ""written_by"", ""Marcel_Gauchet""], [""Marcel_Gauchet"", ""occupation"", ""philosopher""]]",1.0,0.9999998807907104,1.0,1.0,1.0,0.9999999987131722,0.999999998841855,0.9999999989705379,0.9999999990992205,0.9999999992279034,0.9999999993565861,0.9999999994852689,0.9999999996139517,0.9999999997426344,0.9999999998713173,1.0,1.0,0.9999999887222034
94,a cat is watching a tv .,a man is slicing a leave .,"[[""cat"", ""watching"", ""tv""]]","[[""man"", ""slicing"", ""leave""]]",0.0,0.0,0.0,0.0,0.0,0.0,0.0,0.0,0.0,0.0,0.0,0.0,0.0,0.0,0.0,0.0,0.07713153534755493,0.23190806637784395
95,intend something to move toward a certain goal,intend ( something ) to move towards a certain goal .,"[[""intend"", ""relation"", ""move_toward""], [""move_toward"", ""relation"", ""certain_goal""]]","[[""intend"", ""relation"", ""move_towards""], [""move_towards"", ""relation"", ""certain_goal""]]",1.0,0.8827195763587952,0.8218417167663574,0.3888888888888889,1.0,0.9859256518446722,0.9873330866602049,0.9887405214757379,0.9901479562912705,0.9915553911068034,0.9929628259223361,0.9943702607378688,0.9957776955534017,0.9971851303689344,0.9985925651844673,1.0,0.9876596101826907,0.9935155067976327
96,then perhaps we could have avoided a catastrophe .,perhaps we should have been able to prevent a disaster .,[],[],,,,,,,,,,,,,,,,,,
97,heatley was sixth in the league in goals last season with 41 and ninth in points with 89 .,heatley led atlanta in scoring last season with a team-record 41 goals and 48 assists .,"[[""heatley"", ""ranked"", ""sixth""], [""heatley"", ""league_position"", ""goals""], [""heatley"", ""scored"", ""41""], [""heatley"", ""ranked"", ""ninth""], [""heatley"", ""league_position"", ""points""], [""heatley"", ""scored"", ""89""]]","[[""heatley"", ""led"", ""atlanta""], [""heatley"", ""scoring_record"", ""team_record""], [""heatley"", ""scored"", ""41""], [""heatley"", ""type_of_score"", ""goals""], [""heatley"", ""made"", ""48""], [""heatley"", ""type_of_score"", ""assists""]]",0.39557740264262,0.0,0.6028226613998413,0.30952380952380953,0.3662335103823572,0.8974570810910195,0.8443347240201533,0.7912123669492871,0.7380900098784209,0.6849676528075546,0.6318452957366884,0.5787229386658221,0.5256005815949559,0.4724782245240896,0.4193558674532234,0.3662335103823572,0.7700879020337268,0.8064470490064997
98,paper is being cut with scissors .,a piece of paper is being cut .,"[[""paper"", ""being_cut_with"", ""scissors""]]","[[""paper"", ""state"", ""being_cut""]]",0.08333333333333333,0.36876749992370605,0.4259111285209656,0.08333333333333333,0.08333333333333333,0.7874257802893008,0.717016535593704,0.6466072908981074,0.5761980462025105,0.5057888015069137,0.43537955681131707,0.36497031211572034,0.2945610674201236,0.22415182272452677,0.15374257802893004,0.08333333333333333,0.6377146621566686,0.7820471109088569
99,someone is slicing tortila 's .,someone is riding a horse .,"[[""someone"", ""slicing"", ""tortila""]]","[[""someone"", ""riding"", ""horse""]]",0.08333333333333333,0.31731632351875305,0.474935919046402,0.08333333333333333,0.08333333333333333,0.05733117466113639,0.05993139052835608,0.06253160639557578,0.06513182226279547,0.06773203813001516,0.07033225399723486,0.07293246986445455,0.07553268573167425,0.07813290159889394,0.08073311746611364,0.08333333333333333,0.23932395393533887,0.29952581611147083
100,the u.s. conference board said its latest measure of business confidence hit 60 after falling to 53 in its first quarter survey .,"the conference board said its measure of business confidence , which had fallen to 53 in the first quarter of 2003 , improved to 60 in the most recent second quarter .","[[""U.S._Conference_Board"", ""said"", ""business_confidence_measure""], [""business_confidence_measure"", ""hit"", ""60""], [""business_confidence_measure"", ""fell_to"", ""53""], [""business_confidence_measure"", ""fell_in"", ""first_quarter_survey""]]","[[""Conference_Board"", ""said"", ""business_confidence_measure""], [""business_confidence_measure"", ""fell_to"", ""53""], [""business_confidence_measure"", ""fell_in"", ""first_quarter_of_2003""], [""business_confidence_measure"", ""improved_to"", ""60""], [""business_confidence_measure"", ""improved_in"", ""second_quarter""]]",0.5,0.8322858810424805,0.746753454208374,0.39557740264262,0.5,0.9829460262303701,0.9346514236073331,0.8863568209842961,0.838062218361259,0.7897676157382221,0.741473013115185,0.6931784104921481,0.644883807869111,0.596589205246074,0.548294602623037,0.5,0.9046224104440325,0.9147551588289344
101,a man is rowing a boat .,a man is slicing a tomato .,"[[""man"", ""rowing"", ""boat""]]","[[""man"", ""slicing"", ""tomato""]]",0.08333333333333333,0.3783758878707886,0.46495044231414795,0.08333333333333333,0.08333333333333333,0.16448067911004088,0.15636594453237013,0.14825120995469937,0.1401364753770286,0.13202174079935786,0.1239070062216871,0.11579227164401634,0.1076775370663456,0.09956280248867483,0.09144806791100409,0.08333333333333333,0.282128625099334,0.4810353165977841
102,a man is tying on a stenographers machine .,the man used a stenograph .,"[[""man"", ""using"", ""stenographers_machine""]]","[[""man"", ""used"", ""stenograph""]]",1.0,0.10228919982910156,0.4062677025794983,0.08333333333333333,1.0,0.7734142288125488,0.7960728059312939,0.8187313830500391,0.8413899601687842,0.8640485372875293,0.8867071144062744,0.9093656915250196,0.9320242686437646,0.9546828457625098,0.9773414228812549,1.0,0.8178525075890248,0.7424849565275882
103,a man is putting garlic on some bread slices .,a man is sprinkling seasoning on several split and buttered loaves of bread .,"[[""man"", ""putting"", ""garlic""], [""garlic"", ""on"", ""bread_slices""], [""man"", ""acting_on"", ""bread_slices""]]","[[""man"", ""sprinkling"", ""seasoning""], [""seasoning"", ""on"", ""loaves_of_bread""], [""loaves_of_bread"", ""split"", ""True""], [""loaves_of_bread"", ""buttered"", ""True""], [""man"", ""acting_on"", ""loaves_of_bread""]]",0.05555555555555555,0.0,0.39498040080070496,0.048112522432468816,0.05555555555555555,0.775898829732261,0.7038645023145904,0.63183017489692,0.5597958474792494,0.48776152006157875,0.4157271926439083,0.34369286522623776,0.2716585378085672,0.19962421039089662,0.12758988297322607,0.05555555555555555,0.7217844215894996,0.6913563305286403
104,advancing issues outnumbered decliners about 8 to 5 on the new york stock exchange .,declining issues outnumbered advancers slightly more than 3 to 1 on the new york stock exchange .,"[[""advancing_issues"", ""outnumbered"", ""decliners""], [""advancing_issues"", ""ratio"", ""8_to_5""], [""decliners"", ""ratio"", ""5""], [""New_York_Stock_Exchange"", ""location_of"", ""advancing_issues""], [""New_York_Stock_Exchange"", ""location_of"", ""decliners""]]","[[""declining_issues"", ""outnumbered"", ""advancers""], [""declining_issues"", ""ratio"", ""3_to_1""], [""advancers"", ""ratio"", ""1""], [""New_York_Stock_Exchange"", ""location_of"", ""declining_issues""], [""New_York_Stock_Exchange"", ""location_of"", ""advancers""]]",0.29814239699997197,0.0,0.33819714188575745,0.2,0.29814239699997197,0.8934222410340622,0.8338942566306532,0.7743662722272442,0.7148382878238351,0.6553103034204261,0.5957823190170171,0.536254334613608,0.47672635021019905,0.41719836580679,0.357670381403381,0.29814239699997197,0.8216461162333177,0.8760282601720275
105,a cat is playing on the floor .,a man is slicing garlic .,"[[""cat"", ""playing_on"", ""floor""]]","[[""man"", ""slicing"", ""garlic""]]",0.0,0.0,0.0,0.0,0.0,0.04799155627470091,0.04319240064723082,0.038393245019760734,0.03359408939229064,0.028794933764820545,0.023995778137350456,0.019196622509880367,0.014397466882410276,0.00959831125494018,0.00479915562747009,0.0,0.1114697984794878,0.28583911221294755
106,"and , perhaps most importantly , ahmadinejad is a destabilizing influence ; bernanke is not .","and , perhaps the most important , the destabilising influence , not then .","[[""Ahmadinejad"", ""is"", ""destabilizing_influence""], [""Bernanke"", ""is_not"", ""destabilizing_influence""]]",[],,,,,,,,,,,,,,,,,,
107,effectively wield or manipulate a concrete entity,handle effectively .,"[[""concrete_entity"", ""can_be_wielded"", ""effectively""], [""concrete_entity"", ""can_be_manipulated"", ""effectively""]]",[],,,,,,,,,,,,,,,,,,
108,"prior to joining kodak , palumbo worked for procter & gamble corp. , where he managed products such as folgers and pantene shampoo .","prior to joining eastman kodak , mr. palumbo held senior marketing positions for procter & gamble .","[[""Palumbo"", ""worked_for"", ""Procter_&_Gamble_Corp""], [""Palumbo"", ""managed"", ""Folgers""], [""Palumbo"", ""managed"", ""Pantene_Shampoo""], [""Palumbo"", ""joined"", ""Kodak""]]","[[""Mr._Palumbo"", ""held_position"", ""senior_marketing_positions""], [""Mr._Palumbo"", ""worked_for"", ""Procter_&_Gamble""], [""Mr._Palumbo"", ""joined"", ""Eastman_Kodak""]]",0.5594309277855158,0.0,0.0,0.0,0.5594309277855158,0.8461808939416073,0.8175058973259982,0.7888309007103891,0.7601559040947798,0.7314809074791707,0.7028059108635616,0.6741309142479525,0.6454559176323433,0.6167809210167341,0.588105924401125,0.5594309277855158,0.7860914887236163,0.7296217765924213
109,dotson was arrested monday in his native maryland and charged with murder .,"dotson , 21 , was subsequently charged with dennehy 's murder .","[[""dotson"", ""arrested_in"", ""Maryland""], [""dotson"", ""charged_with"", ""murder""], [""dotson"", ""native_of"", ""Maryland""]]","[[""dotson"", ""age"", ""21""], [""dotson"", ""charged_with"", ""Dennehy_murder""]]",0.05555555555555555,0.09985406696796417,0.400302529335022,0.05555555555555555,0.05555555555555555,0.8378228023620832,0.7595960776814304,0.6813693530007776,0.6031426283201249,0.5249159036394722,0.4466891789588194,0.3684624542781666,0.29023572959751387,0.21200900491686106,0.1337822802362083,0.05555555555555555,0.6740458305856483,0.6558928963541261
110,the man is slicing a fish open .,a man is slicing a potato .,"[[""man"", ""is_slicing"", ""fish""]]","[[""man"", ""is_slicing"", ""potato""]]",0.08333333333333333,0.626909077167511,0.773028552532196,0.08333333333333333,0.08333333333333333,0.6981731440231457,0.6366891629541644,0.5752051818851833,0.513721200816202,0.4522372197472207,0.3907532386782395,0.3292692576092583,0.26778527654027706,0.20630129547129578,0.14481731440231455,0.08333333333333333,0.7425917944815231,0.8539634526091345
111,the ministry of defence is facing a 20m compensation claim from hundreds of kenyan women who claim they were raped by british soldiers .,hundreds of kenyan women claiming they were attacked and raped by british soldiers were granted government legal aid wednesday to pursue their case against the ministry of defense .,"[[""Ministry_of_Defence"", ""facing_compensation_claim_from"", ""Kenyan_Women""], [""Kenyan_Women"", ""number"", ""hundreds""], [""Kenyan_Women"", ""claim"", ""rape_by_British_Soldiers""], [""British_Soldiers"", ""alleged_to_have_raped"", ""Kenyan_Women""], [""Ministry_of_Defence"", ""compensation_claim_amount"", ""20m""]]","[[""Kenyan_Women"", ""number"", ""hundreds""], [""Kenyan_Women"", ""claim"", ""attack_and_rape_by_British_Soldiers""], [""British_Soldiers"", ""alleged_to_have_attacked_and_raped"", ""Kenyan_Women""], [""Kenyan_Women"", ""granted"", ""Government_Legal_Aid""], [""Government_Legal_Aid"", ""purpose"", ""pursue_case_against_Ministry_of_Defense""], [""Ministry_of_Defense"", ""defendant_in"", ""case_brought_by_Kenyan_Women""], [""Kenyan_Women"", ""received_Government_Legal_Aid_on"", ""Wednesday""]]",0.6429306248420497,0.10517439991235733,0.5684407949447632,0.2948459875572344,0.6014065304058601,0.914346515458175,0.8830525169529435,0.8517585184477121,0.8204645199424806,0.7891705214372491,0.7578765229320176,0.7265825244267861,0.6952885259215547,0.663994527416323,0.6327005289110916,0.6014065304058601,0.8278405782836198,0.8605344818437619
112,there must be a balance as a whole .,the whole must be in balance .,[],[],,,,,,,,,,,,,,,,,,
113,"thank you , commissioner .","thank you , commissioner .",[],[],,,,,,,,,,,,,,,,,,
114,""" we have found the smoking gun , "" investigating board member scott hubbard said .",""" we have found the smoking gun , "" said hubbard , director of nasa 's ames research center in california .","[[""investigating_board"", ""member"", ""Scott_Hubbard""], [""Scott_Hubbard"", ""said"", ""smoking_gun""]]","[[""Hubbard"", ""director_of"", ""NASA_Ames_Research_Center""], [""NASA_Ames_Research_Center"", ""located_in"", ""California""], [""Hubbard"", ""said"", ""smoking_gun""]]",0.3888888888888889,0.062219396233558655,0.2354910671710968,0.28867513459481287,0.3888888888888889,0.8069429566682389,0.7651375498903039,0.7233321431123689,0.6815267363344338,0.6397213295564989,0.5979159227785639,0.556110516000629,0.5143051092226939,0.47249970244475886,0.43069429566682393,0.3888888888888889,0.7049947540970473,0.6699389221766159
115,a cat is jumping into a box .,a young man is talking to a leaf .,"[[""cat"", ""jumping_into"", ""box""]]","[[""young_man"", ""talking_to"", ""leaf""]]",0.0,0.0,0.0,0.0,0.0,0.0,0.0,0.0,0.0,0.0,0.0,0.0,0.0,0.0,0.0,0.0,0.08207226368483903,0.3817238951154502
116,two foxes are eating from a plate on a brick patio .,foxes are eating from a plate .,"[[""two_foxes"", ""eating_from"", ""plate""], [""plate"", ""located_on"", ""brick_patio""], [""brick_patio"", ""has"", ""two_foxes""]]","[[""foxes"", ""eating_from"", ""plate""]]",0.13608276348795434,0.47376078367233276,0.6233872175216675,0.06804138174397717,0.13608276348795434,0.6938132098155807,0.6380401651828181,0.5822671205500554,0.5264940759172928,0.4707210312845302,0.4149479866517675,0.35917494201900485,0.3034018973862423,0.24762885275347957,0.19185580812071695,0.13608276348795434,0.7117823956711367,0.7940704294486907
117,make out of components ( in an improvising manner ),make out of components ( often in an improvising manner ) .,"[[""components"", ""used_to_make"", ""something""], [""something"", ""made_in"", ""improvising_manner""]]","[[""components"", ""used_to_make"", ""something""], [""something"", ""made_in"", ""improvising_manner""], [""something"", ""made_frequently_in"", ""improvising_manner""]]",1.0,1.0,1.0,1.0,1.0,0.99999999881288,0.9999999989315921,0.9999999990503041,0.999999999169016,0.999999999287728,0.99999999940644,0.9999999995251521,0.999999999643864,0.999999999762576,0.999999999881288,1.0,0.9999999821186047,0.9408823458045692
118,""" frank quattrone is innocent , "" keker said in a statement .",quattrone lawyer john w. keker said his client is innocent .,"[[""Frank_Quattrone"", ""status"", ""innocent""], [""Keker"", ""made_statement_about"", ""Frank_Quattrone""]]","[[""Quattrone"", ""represented_by"", ""John_W._Keker""], [""John_W._Keker"", ""said_about_client"", ""innocent""], [""Quattrone"", ""status"", ""innocent""]]",1.0,0.05356315150856972,0.3611099123954773,0.3333333333333333,1.0,0.8197096020376339,0.8377386418338705,0.8557676816301072,0.8737967214263436,0.8918257612225804,0.909854801018817,0.9278838408150536,0.9459128806112902,0.9639419204075268,0.9819709602037634,1.0,0.7904745297062459,0.8053592939515237
119,forcefully request,request urgently and forcefully .,[],[],,,,,,,,,,,,,,,,,,
120,a woman is deboning a fish .,a man catches a fish .,"[[""woman"", ""deboning"", ""fish""]]","[[""man"", ""catches"", ""fish""]]",0.5,0.209926575422287,0.4372510313987732,0.5,0.5,0.6345141001154304,0.6210626901038875,0.6076112800923443,0.5941598700808013,0.5807084600692582,0.5672570500577152,0.5538056400461722,0.5403542300346291,0.5269028200230861,0.513451410011543,0.5,0.5426376750519445,0.6312698911187629
121,the little boy is singing and playing the guitar .,a baby is playing a guitar .,"[[""little_boy"", ""is_singing"", ""song""], [""little_boy"", ""playing"", ""guitar""]]","[[""baby"", ""playing"", ""guitar""]]",0.408248290463863,0.1569138765335083,0.5928062200546265,0.408248290463863,0.408248290463863,0.7220069268969154,0.6906310632536101,0.6592551996103049,0.6278793359669996,0.5965034723236944,0.5651276086803891,0.5337517450370839,0.5023758813937788,0.4710000177504735,0.43962415410716826,0.408248290463863,0.7243000282699035,0.7521566045679843
122,"a process of development , increase or advancement",a process of becoming larger or longer or more numerous or more important .,"[[""process"", ""of"", ""development""], [""process"", ""of"", ""increase""], [""process"", ""of"", ""advancement""]]","[[""process"", ""of"", ""becoming_larger""], [""process"", ""of"", ""becoming_longer""], [""process"", ""of"", ""becoming_more_numerous""], [""process"", ""of"", ""becoming_more_important""]]",0.048112522432468816,0.496275931596756,0.8128577470779419,0.037267799624996496,0.048112522432468816,0.6349793106462714,0.5762926318248912,0.5176059530035109,0.4589192741821306,0.4002325953607504,0.3415459165393701,0.2828592377179899,0.22417255889660964,0.16548588007522932,0.10679920125384906,0.048112522432468816,0.6538463240232709,0.7297511954086131
123,"decree , issue an order",issue an order .,"[[""decree"", ""means"", ""issue_an_order""]]","[[""issue"", ""means"", ""an_order""]]",0.5,0.0,0.0,0.0,0.5,0.5259947499508847,0.5233952749557963,0.5207957999607078,0.5181963249656193,0.5155968499705308,0.5129973749754424,0.5103978999803539,0.5077984249852654,0.5051989499901769,0.5025994749950885,0.5,0.6437047445264731,0.7794489106521711
124,"also missing is al larsen , 31 , of fort worth , texas , who was in another vehicle swept off the turnpike .","the other victim recovered tuesday morning was al larsen , 31 , of fort worth , texas .","[[""Al_Larsen"", ""age"", ""31""], [""Al_Larsen"", ""from"", ""Fort_Worth""], [""Al_Larsen"", ""from"", ""Texas""], [""Al_Larsen"", ""involved_in"", ""vehicle_accident""], [""vehicle_accident"", ""occurred_on"", ""turnpike""]]","[[""Al_Larsen"", ""age"", ""31""], [""Al_Larsen"", ""from"", ""Fort_Worth""], [""Al_Larsen"", ""from"", ""Texas""], [""Al_Larsen"", ""recovered_on"", ""Tuesday""], [""Al_Larsen"", ""status"", ""victim""]]",0.5781515884776753,0.3491068184375763,0.7409030199050903,0.5277777777777778,0.5781515884776753,0.9262397182680174,0.8914309052889833,0.8566220923099491,0.8218132793309147,0.7870044663518806,0.7521956533728464,0.7173868403938122,0.682578027414778,0.6477692144357438,0.6129604014567095,0.5781515884776753,0.8317050832951114,0.8257566603151307
125,a woman is carrying a boy .,a woman is carrying her baby .,"[[""woman"", ""carrying"", ""boy""]]","[[""woman"", ""carrying"", ""baby""], [""baby"", ""belongs_to"", ""woman""]]",0.08333333333333333,0.6101505160331726,0.6696441769599915,0.08333333333333333,0.08333333333333333,0.8227756032841715,0.7488313762890877,0.674887149294004,0.6009429222989201,0.5269986953038363,0.45305446830875246,0.3791102413136686,0.3051660143185848,0.23122178732350096,0.15727756032841714,0.08333333333333333,0.8170355836489911,0.8064256496374376
126,"us special forces troops are training colombian soldiers at military bases in the region to protect the pipeline , which transports crude from colombia 's second-biggest oil field .",u.s. special forces troops are training colombian soldiers at military bases in the region to protect the pipeline .,"[[""US_Special_Forces"", ""training"", ""Colombian_Soldiers""], [""US_Special_Forces"", ""located_at"", ""Military_Bases""], [""Military_Bases"", ""located_in"", ""The_Region""], [""Colombian_Soldiers"", ""trained_by"", ""US_Special_Forces""], [""Pipeline"", ""transports"", ""Crude""], [""Crude"", ""from"", ""Colombia_Second_Biggest_Oil_Field""], [""Pipeline"", ""protected_by"", ""US_Special_Forces""], [""Colombia_Second_Biggest_Oil_Field"", ""located_in"", ""Colombia""]]","[[""US_Special_Forces"", ""training"", ""Colombian_Soldiers""], [""US_Special_Forces"", ""located_at"", ""Military_Bases""], [""Military_Bases"", ""located_in"", ""The_Region""], [""Colombian_Soldiers"", ""trained_by"", ""US_Special_Forces""], [""Pipeline"", ""protected_by"", ""US_Special_Forces""]]",0.4507489358552088,0.20373943448066711,0.7779330611228943,0.5533985905294664,0.6363961030678927,0.8968721209247087,0.8708245191390271,0.8447769173533456,0.8187293155676638,0.7926817137819823,0.7666341119963007,0.7405865102106192,0.7145389084249375,0.688491306639256,0.6624437048535744,0.6363961030678927,0.8778487993718846,0.9721787252146527
127,"( cause to ) move through a space , circuit or system , usu. returning to the starting point",move in circles .,"[[""space"", ""part_of"", ""system""], [""circuit"", ""part_of"", ""system""], [""system"", ""has_starting_point"", ""starting_point""]]","[[""circles"", ""shape_of_motion"", ""move""]]",0.0,0.0,0.03344334661960602,0.0,0.0,0.2649258489242568,0.23843326403183113,0.21194067913940545,0.18544809424697975,0.15895550935455408,0.1324629244621284,0.10597033956970273,0.07947775467727705,0.05298516978485135,0.026492584892425675,0.0,0.25864517384058494,0.2828034747849245
128,supply or furnish with something needed or wanted,give something useful or necessary to .,"[[""something"", ""needed_or_wanted_by"", ""something""], [""something"", ""supplied_with"", ""something_needed_or_wanted""]]","[[""something"", ""given_to"", ""something""], [""something"", ""useful_or_necessary_for"", ""something""]]",0.11785113019775793,0.7062344551086426,0.4734364151954651,0.11785113019775793,0.11785113019775793,0.7310831457995233,0.6697599442393468,0.6084367426791703,0.5471135411189937,0.4857903395588171,0.4244671379986406,0.3631439364384641,0.30182073487828753,0.24049753331811097,0.17917433175793446,0.11785113019775793,0.7081930671919319,0.5724691739729342
129,the act of coming to rest after a voyage .,the act of coming to land after a voyage .,"[[""act"", ""comes_after"", ""voyage""], [""act"", ""results_in"", ""rest""]]","[[""act"", ""comes_after"", ""voyage""], [""act"", ""results_in"", ""land""]]",0.3888888888888889,0.8770579695701599,0.8435432314872742,0.3888888888888889,0.3888888888888889,0.8378630692581787,0.7929656512212496,0.7480682331843207,0.7031708151473918,0.6582733971104627,0.6133759790735338,0.5684785610366048,0.5235811429996758,0.4786837249627468,0.4337863069258179,0.3888888888888889,0.8144043237882927,0.849091911379995
130,the man played his guitar .,a man is playing a guitar .,"[[""man"", ""played"", ""guitar""]]","[[""man"", ""playing"", ""guitar""]]",1.0,0.9999999403953552,0.9999998211860657,1.0,1.0,0.9288719970962123,0.935984797386591,0.9430975976769698,0.9502103979673486,0.9573231982577274,0.9644359985481061,0.9715487988384849,0.9786615991288636,0.9857743994192425,0.9928871997096212,1.0,0.9336261271373663,0.9587160601096565
131,the man talked to a girl over the internet camera .,a teenager talks to a girl over a webcam .,"[[""man"", ""talks_to"", ""girl""], [""man"", ""uses"", ""internet_camera""]]","[[""teenager"", ""talks_to"", ""girl""], [""teenager"", ""uses"", ""webcam""]]",0.6666666666666666,0.06469488143920898,0.388400673866272,0.3333333333333333,0.6666666666666666,0.6975443863968339,0.6944566144238172,0.6913688424508004,0.6882810704777836,0.6851932985047671,0.6821055265317503,0.6790177545587335,0.6759299825857168,0.6728422106127001,0.6697544386396833,0.6666666666666666,0.7749744858011851,0.7691310496219493
132,render one language in another language,restate ( words ) from one language into another language .,"[[""language"", ""rendered_in"", ""another_language""]]","[[""words"", ""restated_from"", ""one_language""], [""words"", ""restated_in"", ""another_language""], [""one_language"", ""translated_to"", ""another_language""]]",1.0,0.38752490282058716,0.2858697772026062,0.408248290463863,0.5400617248673216,0.805715202706191,0.779149854922304,0.7525845071384172,0.7260191593545301,0.6994538115706432,0.6728884637867563,0.6463231160028694,0.6197577682189824,0.5931924204350956,0.5666270726512086,0.5400617248673216,0.7350491092752187,0.6451605424063644
133,a man is playing an electronic keyboard .,a man is playing a flute .,"[[""man"", ""playing"", ""electronic_keyboard""]]","[[""man"", ""playing"", ""flute""]]",0.08333333333333333,0.7768929600715637,0.756883442401886,0.08333333333333333,0.08333333333333333,0.45169986759967146,0.4148632141730377,0.37802656074640384,0.34118990731977,0.30435325389313617,0.2675166004665024,0.23067994703986858,0.19384329361323477,0.15700664018660093,0.12016998675996712,0.08333333333333333,0.6236646813613257,0.6640950308888913
134,this tendency extends deeper than headscarves .,this tendency goes well beyond simple .,"[[""tendency"", ""extends_deeper_than"", ""headscarves""]]","[[""tendency"", ""goes_beyond"", ""simple""]]",0.08333333333333333,0.417843759059906,0.2273714542388916,0.08333333333333333,0.08333333333333333,0.5826152119053191,0.5326870240481205,0.4827588361909219,0.43283064833372337,0.38290246047652476,0.3329742726193262,0.2830460847621276,0.23311789690492907,0.18318970904773046,0.1332615211905319,0.08333333333333333,0.5899751399279687,0.5960603829116261
135,a man is playing a guitar .,someone is handling a bun .,"[[""man"", ""playing"", ""guitar""]]","[[""someone"", ""handling"", ""bun""]]",0.0,0.0,0.0,0.0,0.0,0.06440283679197323,0.05796255311277591,0.051522269433578585,0.04508198575438126,0.038641702075183935,0.032201418395986614,0.025761134716789293,0.01932085103759197,0.012880567358394643,0.006440283679197321,0.0,0.1725733252634247,0.41086212409645007
136,( medicine ) the capacity of an organism to defend against disease .,( medicine ) the condition in which an organism can resist disease .,"[[""organism"", ""has_capacity"", ""defend_against_disease""], [""organism"", ""defend_against"", ""disease""]]","[[""organism"", ""has_condition"", ""resist_disease""], [""organism"", ""resist"", ""disease""]]",1.0,0.530408501625061,0.5606598854064941,0.3888888888888889,1.0,0.8664513019216655,0.8798061717294989,0.8931610415373326,0.9065159113451657,0.9198707811529994,0.9332256509608328,0.9465805207686662,0.9599353905764996,0.9732902603843331,0.9866451301921666,1.0,0.7989648447292205,0.7940496981059472
137,putin 's russia has already lost 12 leading journalists to murder in the past six years .,"putin 's russia has already lost 12 prominent journalists , murdered in the last six years .","[[""Putin"", ""leader_of"", ""Russia""], [""Russia"", ""lost"", ""12_leading_journalists""], [""12_leading_journalists"", ""died_by"", ""murder""], [""12_leading_journalists"", ""died_in"", ""past_six_years""]]","[[""Putin"", ""leader_of"", ""Russia""], [""Russia"", ""lost"", ""12_prominent_journalists""], [""12_prominent_journalists"", ""died_by"", ""murder""], [""12_prominent_journalists"", ""died_in"", ""last_six_years""]]",1.0,0.5739225745201111,0.4630676209926605,0.3,1.0,0.9823260866045628,0.9840934779441065,0.9858608692836504,0.9876282606231939,0.9893956519627377,0.9911630433022813,0.9929304346418251,0.9946978259813688,0.9964652173209125,0.9982326086604563,1.0,0.9780409874300154,0.9762968929318534
138,a small dog is chasing a yoga ball .,a dog is chasing a ball .,"[[""small_dog"", ""chasing"", ""yoga_ball""]]","[[""dog"", ""chasing"", ""ball""]]",0.08333333333333333,0.0,0.0,0.0,0.08333333333333333,0.761711963871687,0.6938741008178516,0.6260362377640164,0.558198374710181,0.49036051165634553,0.4225226486025102,0.35468478554867483,0.2868469224948395,0.21900905944100402,0.1511711963871687,0.08333333333333333,0.7716101137958269,0.7769958915004762
139,van orden report ( a5-0241 / 2000 ),report van orden ( a5-0241 / 2000 ),"[[""van_orden_report"", ""identified_by"", ""a5-0241_2000""]]","[[""report_van_orden"", ""identified_by"", ""a5-0241_2000""]]",1.0,0.7681768536567688,0.8274970054626465,0.5,1.0,0.9811964025340842,0.9830767622806759,0.9849571220272675,0.986837481773859,0.9887178415204505,0.9905982012670421,0.9924785610136337,0.9943589207602253,0.9962392805068169,0.9981196402534084,1.0,0.9827601616082478,0.9957847495079505
140,a girl is dancing in a cage .,a onion is being chopped .,"[[""girl"", ""dancing_in"", ""cage""]]",[],,,,,,,,,,,,,,,,,,
141,a man is paddling a canoe .,a man is playing a harp .,"[[""man"", ""paddling"", ""canoe""]]","[[""man"", ""playing"", ""harp""]]",0.08333333333333333,0.4885811507701874,0.3036998510360718,0.08333333333333333,0.08333333333333333,0.21517397806631094,0.2019899135930132,0.18880584911971543,0.17562178464641764,0.1624377201731199,0.14925365569982213,0.13606959122652437,0.12288552675322661,0.10970146227992884,0.09651739780663109,0.08333333333333333,0.3457116355558401,0.45409779254279614
142,"the standards are scarcely comparable , let alone transferable .",the norms are scarcely comparable and again less transférables .,"[[""standards"", ""comparable"", ""false""], [""standards"", ""transferable"", ""false""]]","[[""norms"", ""comparable"", ""false""], [""norms"", ""transférables"", ""false""]]",0.5,0.5987298488616943,0.6006336212158203,0.5,0.5,0.7785453023336291,0.7506907721002662,0.7228362418669033,0.6949817116335403,0.6671271814001773,0.6392726511668145,0.6114181209334517,0.5835635907000887,0.5557090604667259,0.5278545302333629,0.5,0.8222380636019375,0.6366576414034575
143,a man is cutting paper with a sword .,a woman is cutting a tomato .,"[[""man"", ""cutting"", ""paper""], [""man"", ""using"", ""sword""], [""sword"", ""used_for"", ""cutting_paper""]]",[],,,,,,,,,,,,,,,,,,
144,"the s & p / tsx composite rose 87.74 points on the week , while the tsx venture exchange composite gained 44.49 points .","on the week , the dow jones industrial average rose 11.56 points , while the nasdaq stock market gained 39.42 points .","[[""S_&_P_/TSX_Composite"", ""rose"", ""87.74_points""], [""TSX_Venture_Exchange_Composite"", ""gained"", ""44.49_points""]]","[[""Dow_Jones_Industrial_Average"", ""rose"", ""11.56_points""], [""Nasdaq_Stock_Market"", ""gained"", ""39.42_points""]]",0.06804138174397717,0.0,0.0,0.0,0.408248290463863,0.7075546736262113,0.6776240353099765,0.6476933969937416,0.6177627586775067,0.587832120361272,0.5579014820450372,0.5279708437288023,0.4980402054125675,0.46810956709633267,0.43817892878009784,0.408248290463863,0.6991583729219628,0.7036712465458264
145,amendment no 7 proposes certain changes in the references to paragraphs .,amendment 7 proposes certain modifications in the references to paragraphs .,"[[""amendment_no_7"", ""proposes"", ""changes""], [""changes"", ""in"", ""references""], [""references"", ""to"", ""paragraphs""]]","[[""amendment_7"", ""proposes"", ""modifications""], [""modifications"", ""in"", ""references""], [""references"", ""to"", ""paragraphs""]]",1.0,0.3242933452129364,0.5524457693099976,0.5,1.0,0.9721080635868292,0.9748972572281462,0.9776864508694634,0.9804756445107805,0.9832648381520975,0.9860540317934146,0.9888432254347317,0.9916324190760488,0.9944216127173658,0.9972108063586829,1.0,0.955601255348625,0.9618059201617921
146,two men are talking .,two men are playing guitar .,"[[""two_men"", ""are_talking"", ""each_other""]]","[[""two_men"", ""are_playing"", ""guitar""]]",0.08333333333333333,0.17778579890727997,0.3397957980632782,0.08333333333333333,0.08333333333333333,0.4594022446076904,0.42179535348025476,0.384188462352819,0.3465815712253833,0.30897468009794754,0.2713677889705119,0.23376089784307616,0.19615400671564046,0.15854711558820472,0.12094022446076902,0.08333333333333333,0.5540403243607285,0.6352224937370649
147,change one for another,"give to , and receive from , one another .",[],[],,,,,,,,,,,,,,,,,,
148,( cause to ) survive,cause to move by pulling .,[],[],,,,,,,,,,,,,,,,,,
149,then perhaps we could have avoided a catastrophe .,we would perhaps have been able to then avoid a disaster .,[],[],,,,,,,,,,,,,,,,,,
150,the woman is seasoning the oil .,a woman is pouring ingredients in a bowl .,"[[""woman"", ""is_seasoning"", ""oil""]]","[[""woman"", ""is_pouring"", ""ingredients""], [""ingredients"", ""being_poured_in"", ""bowl""], [""woman"", ""pouring_in"", ""bowl""]]",0.08333333333333333,0.3417038917541504,0.34914517402648926,0.06804138174397717,0.08333333333333333,0.7285935255479207,0.6640675063264619,0.5995414871050033,0.5350154678835445,0.4704894486620857,0.405963429440627,0.3414374102191683,0.27691139099770956,0.21238537177625078,0.14785935255479205,0.08333333333333333,0.67783753786404,0.5848993760194305
151,"mr president , i rise in defence of the workers in the industry .","mr president , i would like to take the defence of workers in this sector .","[[""mr_president"", ""spoken_to"", ""speaker""], [""speaker"", ""rises_in_defence_of"", ""workers""], [""workers"", ""employed_in"", ""industry""]]","[[""mr_president"", ""spoken_to"", ""speaker""], [""speaker"", ""takes_defence_of"", ""workers""], [""workers"", ""employed_in"", ""sector""]]",0.25,0.8594053387641907,0.9081934690475464,0.25,0.25,0.9626400433249304,0.8913760389924373,0.8201120346599444,0.7488480303274512,0.6775840259949582,0.6063200216624651,0.5350560173299722,0.46379201299747913,0.39252800866498605,0.321264004332493,0.25,0.9099753347601631,0.9232286681355576
152,but the returns that make us stock markets so attractive reflect a delicate political balance .,but the returns which return the us markets of the transferable securities if attracting reflect a fragile political balance .,"[[""stock_markets"", ""reflect"", ""delicate_political_balance""], [""stock_markets"", ""attractive_due_to"", ""returns""]]","[[""us_markets"", ""reflect"", ""fragile_political_balance""], [""us_markets"", ""attractive_due_to"", ""returns""], [""transferable_securities"", ""part_of"", ""us_markets""], [""returns"", ""from"", ""transferable_securities""]]",1.0,0.006180303171277046,0.3325003385543823,0.048112522432468816,1.0,0.8223473458371229,0.8401126112534106,0.8578778766696984,0.875643142085986,0.8934084075022737,0.9111736729185614,0.9289389383348492,0.9467042037511368,0.9644694691674246,0.9822347345837122,1.0,0.878347432445574,0.8282777502585759
153,a woman opens a window .,a man is crawling .,"[[""woman"", ""opens"", ""window""]]","[[""man"", ""is_crawling"", ""null""]]",0.0,0.0,0.0,0.0,0.0,0.006122797415633751,0.005510517674070375,0.004898237932507001,0.004285958190943625,0.00367367844938025,0.0030613987078168753,0.0024491189662535005,0.0018368392246901255,0.0012245594831267498,0.0006122797415633749,0.0,0.10464929048933658,0.22483530099162718
154,a woman is doing weight exercises .,a woman is doing her hair .,"[[""woman"", ""doing"", ""weight_exercises""]]","[[""woman"", ""doing"", ""her_hair""]]",0.08333333333333333,0.6640335321426392,0.7556296586990356,0.08333333333333333,0.08333333333333333,0.3737965939165951,0.34475026785826896,0.31570394179994277,0.2866576157416166,0.2576112896832904,0.2285649636249642,0.19951863756663804,0.17047231150831188,0.14142598544998566,0.1123796593916595,0.08333333333333333,0.5826714526766184,0.6695692235310794
155,someone is greasing a pan .,smeone is laying down .,"[[""someone"", ""greasing"", ""pan""]]","[[""someone"", ""laying_down"", ""ground""]]",0.08333333333333333,0.14751923084259033,0.3329271078109741,0.08333333333333333,0.08333333333333333,0.26564772300036243,0.24741628403365953,0.22918484506695663,0.21095340610025368,0.19272196713355078,0.17449052816684787,0.15625908920014497,0.13802765023344207,0.11979621126673914,0.10156477230003623,0.08333333333333333,0.35735288893808004,0.4718955674761558
156,the man used a chopper to chop the onion .,the man used a machine to chop up a potatoe .,"[[""man"", ""used"", ""chopper""], [""chopper"", ""used_for"", ""chopping_onion""], [""man"", ""chopped"", ""onion""]]","[[""man"", ""used"", ""machine""], [""machine"", ""used_for"", ""chopping_potatoe""], [""man"", ""chopped"", ""potatoe""]]",0.2916666666666667,0.34359246492385864,0.3532392382621765,0.041666666666666664,0.2916666666666667,0.701272866182151,0.6603122462306026,0.6193516262790542,0.5783910063275056,0.5374303863759573,0.4964697664244089,0.45550914647286045,0.414548526521312,0.37358790656976354,0.3326272866182151,0.2916666666666667,0.7337381956686974,0.6733634468152233
157,"the technology-laced nasdaq composite index dipped 0.08 of a point to 1,646 .","the technology-laced nasdaq composite index < .ixic > added 1.92 points , or 0.12 percent , at 1,647.94 .","[[""Nasdaq_Composite_Index"", ""dipped"", ""0.08_of_a_point""], [""Nasdaq_Composite_Index"", ""value"", ""1,646""]]","[[""Nasdaq_Composite_Index"", ""added"", ""1.92_points""], [""Nasdaq_Composite_Index"", ""percentage_change"", ""0.12_percent""], [""Nasdaq_Composite_Index"", ""value"", ""1,647.94""]]",0.3888888888888889,0.13567715883255005,0.2628461718559265,0.048112522432468816,0.3888888888888889,0.9178334460466331,0.8649389903308586,0.8120445346150842,0.7591500788993099,0.7062556231835354,0.653361167467761,0.6004667117519866,0.5475722560362122,0.49467780032043773,0.44178334460466334,0.3888888888888889,0.8109113286888983,0.8153289713924572
158,"consumers will lose out , employees will lose out , europe will lose competitive strength and growth .","the consumers are the losers , with the employees , and the competitiveness and the growth european régresseront .","[[""consumers"", ""will_lose"", ""something""], [""employees"", ""will_lose"", ""something""], [""Europe"", ""will_lose"", ""competitive_strength""], [""Europe"", ""will_lose"", ""growth""]]","[[""consumers"", ""are"", ""losers""], [""employees"", ""are"", ""losers""], [""competitiveness"", ""belongs_to"", ""Europe""], [""growth"", ""belongs_to"", ""Europe""]]",0.3888888888888889,0.3389517664909363,0.6492660045623779,0.3888888888888889,0.3888888888888889,0.6923038983752711,0.6619623974266329,0.6316208964779946,0.6012793955293564,0.5709378945807182,0.54059639363208,0.5102548926834418,0.4799133917348035,0.44957189078616533,0.41923038983752714,0.3888888888888889,0.625868082781509,0.7584830902568269
159,[ provide with a new or different resting place,provide with a new seat .,[],[],,,,,,,,,,,,,,,,,,
160,"one question was whether france , which infuriated washington by leading the charge against u.n. authorization for the war , would vote "" yes "" or abstain .","france , which infuriated washington by leading the charge against u.n. approval for the war , also sought changes .","[[""France"", ""infuriated"", ""Washington""], [""France"", ""led_charge_against"", ""U.N._authorization_for_the_war""], [""U.N._authorization_for_the_war"", ""related_to"", ""war""], [""France"", ""considered_voting"", ""yes""], [""France"", ""considered_voting"", ""abstain""]]","[[""France"", ""infuriated"", ""Washington""], [""France"", ""led_charge_against"", ""U.N._approval_for_the_war""], [""U.N._approval_for_the_war"", ""related_to"", ""war""], [""France"", ""sought"", ""changes""]]",0.6463931265677831,0.4676457643508911,0.5440903902053833,0.39557740264262,0.6463931265677831,0.8895848493764863,0.8652656770956161,0.8409465048147456,0.8166273325338753,0.7923081602530051,0.7679889879721347,0.7436698156912644,0.7193506434103941,0.6950314711295238,0.6707122988486535,0.6463931265677831,0.8433881570407517,0.851703892061831
161,"the standards are scarcely comparable , let alone transferable .",the standards are hardly comparable and even less transferable .,"[[""standards"", ""comparable"", ""False""], [""standards"", ""transferable"", ""False""]]","[[""standards"", ""comparable"", ""False""], [""standards"", ""transferable"", ""False""]]",1.0,0.9999999403953552,1.0,1.0,1.0,0.9999999989783921,0.9999999990805529,0.9999999991827138,0.9999999992848745,0.9999999993870352,0.999999999489196,0.9999999995913569,0.9999999996935176,0.9999999997956784,0.9999999998978392,1.0,0.9999999403953481,1.0
162,a woman puts flour on a piece of meat .,a woman is putting flour onto some meat .,"[[""woman"", ""puts"", ""flour""], [""flour"", ""on"", ""piece_of_meat""], [""piece_of_meat"", ""receives"", ""flour""], [""woman"", ""interacts_with"", ""piece_of_meat""]]","[[""woman"", ""puts"", ""flour""], [""flour"", ""onto"", ""meat""], [""woman"", ""interacts_with"", ""meat""], [""meat"", ""receives"", ""flour""]]",1.0,0.8521523475646973,0.7918826341629028,0.1111111111111111,1.0,0.9418519300884103,0.9476667370795693,0.9534815440707283,0.959296351061887,0.9651111580530461,0.9709259650442051,0.9767407720353641,0.982555579026523,0.988370386017682,0.994185193008841,1.0,0.9334015076368885,0.8931466140179528
163,a woman is slicing up some meat .,a woman is breading some meat .,"[[""woman"", ""slicing"", ""meat""]]","[[""woman"", ""breading"", ""meat""]]",1.0,1.0,0.9999998807907104,1.0,1.0,0.7878797414913636,0.8090917673422273,0.830303793193091,0.8515158190439545,0.8727278448948181,0.8939398707456818,0.9151518965965455,0.9363639224474091,0.9575759482982727,0.9787879741491363,1.0,0.7681262490350731,0.7451129500463574
164,this has left the conservative opposition without an effective response .,that leaves the conservative opposition without any effective answer .,"[[""conservative_opposition"", ""without"", ""effective_response""]]","[[""conservative_opposition"", ""without"", ""effective_answer""]]",1.0,0.7210613489151001,0.8343656063079834,0.08333333333333333,1.0,0.9551645041604242,0.9596480537443818,0.9641316033283394,0.9686151529122968,0.9730987024962545,0.9775822520802121,0.9820658016641697,0.9865493512481273,0.9910329008320848,0.9955164504160424,1.0,0.9498062001190016,0.8707156666832869
165,five men jump into a swimming pool .,a group of swimmers fall into a pool .,"[[""five_men"", ""jump_into"", ""swimming_pool""]]","[[""group_of_swimmers"", ""fall_into"", ""pool""]]",0.5,0.0,0.015508037060499191,0.0,0.5,0.7799533499282708,0.7519580149354438,0.7239626799426166,0.6959673449497895,0.6679720099569625,0.6399766749641354,0.6119813399713083,0.5839860049784813,0.5559906699856542,0.527995334992827,0.5,0.7065386099152591,0.7475078092354182
166,"give a thrashing to , beat",give a thrashing to ; beat hard .,"[[""give_a_thrashing_to"", ""synonym_of"", ""beat""]]","[[""give_a_thrashing_to"", ""synonym_of"", ""beat_hard""]]",1.0,0.8466822504997253,0.7188401222229004,0.08333333333333333,1.0,0.8874203916324584,0.8986783524692126,0.9099363133059668,0.9211942741427208,0.932452234979475,0.9437101958162293,0.9549681566529834,0.9662261174897375,0.9774840783264918,0.9887420391632459,1.0,0.8981003645851368,0.9773962452626246
167,the woman is dicing onions .,a woman is dancing in railway station .,"[[""woman"", ""is_dicing"", ""onions""]]","[[""woman"", ""is_dancing_in"", ""railway_station""]]",0.08333333333333333,0.5132390260696411,0.49793654680252075,0.08333333333333333,0.08333333333333333,0.22290376142457027,0.20894671861544659,0.1949896758063229,0.18103263299719918,0.1670755901880755,0.1531185473789518,0.13916150456982812,0.12520446176070443,0.11124741895158072,0.09729037614245702,0.08333333333333333,0.3536388811930424,0.4572597619081247
168,a woman is putting her baby in a waste bin .,the woman is poking holes in the potato .,"[[""woman"", ""putting"", ""baby""], [""baby"", ""put_in"", ""waste_bin""], [""woman"", ""put_in"", ""waste_bin""]]","[[""woman"", ""poking"", ""potato""], [""woman"", ""creating"", ""holes""], [""holes"", ""in"", ""potato""]]",0.06804138174397717,0.0,0.33845195174217224,0.05555555555555555,0.06804138174397717,0.4140491631343379,0.37944838499530187,0.34484760685626575,0.3102468287172297,0.27564605057819364,0.24104527243915755,0.20644449430012146,0.1718437161610854,0.13724293802204932,0.10264215988301324,0.06804138174397717,0.42387208656233466,0.5906841928231643
169,"an intense surprise , often unpleasant",an unpleasant or disappointing surprise .,"[[""surprise"", ""can_be"", ""unpleasant""], [""surprise"", ""can_be"", ""intense""]]","[[""surprise"", ""can_be"", ""unpleasant""], [""surprise"", ""can_be"", ""disappointing""]]",0.4762896722078402,0.789707601070404,0.8425428867340088,0.3888888888888889,0.4762896722078402,0.9647976452803695,0.9159468479731165,0.8670960506658637,0.8182452533586106,0.7693944560513578,0.7205436587441049,0.6716928614368519,0.6228420641295991,0.573991266822346,0.5251404695150931,0.4762896722078402,0.9538657125321324,0.7597997852770704
170,two men are fighting .,two men are fighting using a form of martial arts .,"[[""Man1"", ""fighting_with"", ""Man2""]]","[[""Man1"", ""fighting_with"", ""Man2""], [""Man1"", ""using"", ""martial_arts""], [""Man2"", ""using"", ""martial_arts""]]",1.0,0.7053260803222656,0.8346844911575317,0.13608276348795434,1.0,0.9999999153137763,0.9999999237823987,0.9999999322510211,0.9999999407196434,0.9999999491882657,0.9999999576568881,0.9999999661255106,0.9999999745941328,0.9999999830627553,0.9999999915313776,1.0,0.9999999910593033,0.8374393635157544
171,make an abstract thing tight or more restrictive,make tight or tighter .,"[[""abstract_thing"", ""made_tight"", ""tighter""], [""abstract_thing"", ""made"", ""more_restrictive""]]","[[""thing"", ""made_tight"", ""tight""], [""thing"", ""made"", ""tighter""]]",0.408248290463863,0.0,0.18501733243465424,0.3333333333333333,0.3333333333333333,0.6716981749808014,0.6378616908160546,0.6040252066513078,0.5701887224865609,0.5363522383218142,0.5025157541570674,0.46867926999232057,0.43484278582757374,0.4010063016628269,0.3671698174980801,0.3333333333333333,0.760821038884816,0.5863731566377031
172,a man is riding a bike .,a panda bear is eating .,"[[""man"", ""riding"", ""bike""]]","[[""panda_bear"", ""eating"", ""nothing""]]",0.0,0.0,0.0,0.0,0.0,0.006797510071175434,0.0061177590640578905,0.005438008056940348,0.004758257049822804,0.00407850604270526,0.003398755035587717,0.002719004028470174,0.0020392530213526306,0.0013595020142350865,0.0006797510071175432,0.0,0.08911723708184255,0.3017959462730714
173,connect with ; reach a target or goal,"perceive with the senses quickly , suddenly , or momentarily .","[[""connect"", ""relation"", ""target_or_goal""], [""connect"", ""relation"", ""reach""], [""target_or_goal"", ""related_to"", ""connect""], [""reach"", ""related_to"", ""target_or_goal""], [""connect"", ""meaning"", ""reach_a_target_or_goal""]]","[[""perceive"", ""relation"", ""senses""], [""perceive"", ""manner"", ""quickly""], [""perceive"", ""manner"", ""suddenly""], [""perceive"", ""manner"", ""momentarily""], [""senses"", ""used_for"", ""perceive""]]",0.0,0.0,0.0,0.0,0.0,0.5311766599846093,0.4780589939861484,0.42494132798768747,0.37182366198922645,0.31870599599076554,0.26558832999230464,0.21247066399384373,0.1593529979953828,0.10623533199692184,0.05311766599846092,0.0,0.5077396882224969,0.3398321926480751
174,"put an end to , make invalid a process that 's already begun",make invalid for use .,"[[""process"", ""already_begun"", ""True""], [""process"", ""made_invalid_by"", ""put_an_end_to""]]","[[""something"", ""made_invalid_for"", ""use""]]",0.0,0.0,0.0,0.0,0.0,0.4473336792961181,0.4026003113665063,0.3578669434368945,0.31313357550728266,0.26840020757767086,0.22366683964805906,0.17893347171844726,0.13420010378883546,0.0894667358592236,0.0447333679296118,0.0,0.47038737001595454,0.5443570132842452
175,none of this absolves rich countries of their responsibility to help .,"that does not , however , the rich countries of their obligation to help .","[[""rich_countries"", ""responsible_for"", ""helping""], [""rich_countries"", ""have_responsibility_to"", ""help""]]","[[""rich_countries"", ""have_obligation_to"", ""help""], [""rich_countries"", ""obligated_to"", ""help""]]",1.0,0.6933613419532776,0.7753263115882874,0.4762896722078402,0.6851601597031488,0.9378030442140853,0.9125387557629917,0.8872744673118981,0.8620101788608043,0.8367458904097107,0.8114816019586171,0.7862173135075234,0.7609530250564298,0.7356887366053361,0.7104244481542424,0.6851601597031488,0.9033418752208308,0.7778909034082164
176,a boy is pushing a van .,a person is slicing a tomato .,"[[""boy"", ""pushing"", ""van""]]","[[""person"", ""slicing"", ""tomato""]]",0.0,0.0,0.0,0.0,0.0,0.08497478000165776,0.07647730200149198,0.06797982400132621,0.059482346001160424,0.05098486800099465,0.04248739000082888,0.033989912000663106,0.02549243400049733,0.01699495600033155,0.008497478000165775,0.0,0.18056795684303778,0.4385899111343583
177,physical matter left behind after a removal process,matter that remains after something has been removed .,"[[""physical_matter"", ""left_behind_after"", ""removal_process""]]","[[""matter"", ""remains_after"", ""something""], [""something"", ""has_been"", ""removed""]]",0.08333333333333333,0.0,0.0,0.0,0.08333333333333333,0.5977820032062873,0.5463371362189918,0.4948922692316965,0.4434474022444011,0.39200253525710566,0.3405576682698103,0.28911280128251493,0.23766793429521954,0.1862230673079241,0.1347782003206287,0.08333333333333333,0.56838211062338,0.615900285776474
178,a woman is taking a picture .,a man is playing a guitar .,"[[""woman"", ""taking"", ""picture""]]","[[""man"", ""playing"", ""guitar""]]",0.0,0.0,0.0,0.0,0.0,0.03518481569857925,0.03166633412872133,0.0281478525588634,0.024629370989005476,0.02111088941914755,0.017592407849289626,0.0140739262794317,0.010555444709573777,0.0070369631397158485,0.0035184815698579243,0.0,0.13909780380443143,0.4039275933734162
179,a man is slicing a tomato .,a man is riding a horse .,"[[""man"", ""slicing"", ""tomato""]]","[[""man"", ""riding"", ""horse""]]",0.08333333333333333,0.3975914418697357,0.41185569763183594,0.08333333333333333,0.08333333333333333,0.11868733998570515,0.11515193932046797,0.11161653865523079,0.1080811379899936,0.10454573732475642,0.10101033665951924,0.09747493599428206,0.09393953532904488,0.09040413466380769,0.08686873399857051,0.08333333333333333,0.2664678096883962,0.48232649624044516
180,the man is putting chicken into the container .,a man is putting foods in a box .,"[[""man"", ""putting"", ""chicken""], [""chicken"", ""into"", ""container""], [""man"", ""interacting_with"", ""container""]]","[[""man"", ""putting"", ""foods""], [""foods"", ""into"", ""box""], [""man"", ""interacting_with"", ""box""]]",0.05555555555555555,0.30171459913253784,0.5361086130142212,0.05555555555555555,0.05555555555555555,0.7195247553093905,0.653127835334007,0.5867309153586235,0.5203339953832401,0.4539370754078565,0.38754015543247305,0.32114323545708956,0.25474631548170606,0.18834939550632251,0.12195247553093902,0.05555555555555555,0.7428544858024794,0.6718255042292738
181,a man is running on the road .,a panda dog is running on the road .,"[[""man"", ""running_on"", ""road""]]","[[""panda_dog"", ""running_on"", ""road""]]",0.5,0.8073210120201111,0.7398409843444824,0.5,0.5,0.4228701337460273,0.43058312037142454,0.43829610699682187,0.4460090936222191,0.45372208024761634,0.4614350668730136,0.46914805349841093,0.47686104012380814,0.48457402674920547,0.49228701337460273,0.5,0.5767517111026299,0.6563428254777365
182,two men are fighting .,the man is exercising .,"[[""man1"", ""fighting_with"", ""man2""]]","[[""man"", ""is_exercising"", ""True""]]",0.11785113019775793,0.0,0.0,0.0,0.1543033499620919,0.4304859064071432,0.4028676507626381,0.37524939511813293,0.3476311394736278,0.32001288382912263,0.29239462818461753,0.26477637254011244,0.23715811689560728,0.20953986125110213,0.18192160560659704,0.1543033499620919,0.4368484686671307,0.569219338160891
183,a rat like creature is smelling around .,an animal is walking on the ground .,"[[""rat_like_creature"", ""is_smelling"", ""around""]]","[[""animal"", ""is_walking_on"", ""ground""]]",0.0,0.0,0.0,0.0,0.0,0.5173157786879061,0.4655842008191155,0.41385262295032493,0.36212104508153425,0.3103894672127437,0.25865788934395306,0.20692631147516247,0.15519473360637187,0.1034631557375812,0.0517315778687906,0.0,0.4602652027830938,0.5510588118317197
184,a woman is cutting up a chicken .,a woman is slicing meat .,"[[""woman"", ""cutting"", ""chicken""]]","[[""woman"", ""slicing"", ""meat""]]",0.08333333333333333,0.14252729713916779,0.4380728304386139,0.08333333333333333,0.08333333333333333,0.8167408808347656,0.7434001260846224,0.6700593713344792,0.5967186165843359,0.5233778618341927,0.4500371070840495,0.37669635233390625,0.30335559758376307,0.23001484283361973,0.15667408808347655,0.08333333333333333,0.8029126406485929,0.7448980476807561
185,"terri schiavo , 39 , is expected to die sometime in the next two weeks in the tampa-area hospice where she has spent the past several years .","terri schiavo , 39 , underwent the procedure at the tampa bay area hospice where she has been living for several years , said her father , bob schindler .","[[""Terri_Schiavo"", ""age"", ""39""], [""Terri_Schiavo"", ""expected_to_die_in"", ""two_weeks""], [""Terri_Schiavo"", ""staying_at"", ""Tampa-area_hospice""], [""Terri_Schiavo"", ""spent_time_at"", ""Tampa-area_hospice""], [""Tampa-area_hospice"", ""located_in"", ""Tampa""]]","[[""Terri_Schiavo"", ""age"", ""39""], [""Terri_Schiavo"", ""underwent_procedure_at"", ""Tampa_Bay_Area_hospice""], [""Terri_Schiavo"", ""lives_at"", ""Tampa_Bay_Area_hospice""], [""Tampa_Bay_Area_hospice"", ""located_in"", ""Tampa""], [""Terri_Schiavo"", ""father"", ""Bob_Schindler""]]",0.7080881928749334,0.3359181582927704,0.5648921728134155,0.43333333333333335,0.7080881928749334,0.9503258434080414,0.9261020783547307,0.9018783133014198,0.877654548248109,0.8534307831947983,0.8292070181414875,0.8049832530881766,0.7807594880348658,0.756535722981555,0.7323119579282442,0.7080881928749334,0.8810318928614147,0.8557548268342992
187,iraq 's future depends directly on the fate of iraqi oil production .,the future of iraq is related to the oil production of the country .,"[[""Iraq"", ""future_depends_on"", ""Iraqi_oil_production""]]","[[""Iraq"", ""future_related_to"", ""Iraq_oil_production""]]",1.0,0.25578927993774414,0.34514814615249634,0.08333333333333333,1.0,0.9057837348867742,0.9152053613980968,0.9246269879094193,0.9340486144207418,0.9434702409320646,0.952891867443387,0.9623134939547097,0.9717351204660323,0.9811567469773549,0.9905783734886774,1.0,0.8776797980038324,0.87843067781347
188,"but from the american point of view , the international role of the dollar was a trap .","but from the american view , the international role of the dollar was a trap .","[[""American"", ""has_perspective"", ""international_role_of_dollar""], [""international_role_of_dollar"", ""perceived_as"", ""trap""]]","[[""American"", ""has_view"", ""international_role_of_dollar""], [""international_role_of_dollar"", ""perceived_as"", ""trap""]]",1.0,0.9999998807907104,0.9999998807907104,1.0,1.0,0.9949393006352865,0.9954453705717579,0.9959514405082293,0.9964575104447004,0.9969635803811718,0.9974696503176432,0.9979757202541146,0.9984817901905859,0.9989878601270573,0.9994939300635286,1.0,0.960889524153281,0.9726400311941201
189,the military officer barked at the recruits .,an officer is talking to recruits .,"[[""military_officer"", ""barked_at"", ""recruits""]]","[[""officer"", ""talking_to"", ""recruits""]]",0.5,0.3481989800930023,0.38025152683258057,0.5,0.5,0.7437943963812025,0.7194149567430823,0.695035517104962,0.6706560774668417,0.6462766378287215,0.6218971981906012,0.597517758552481,0.5731383189143607,0.5487588792762405,0.5243794396381203,0.5,0.6825006038448989,0.6766316780970603
190,"since being drafted into service in 1971 , it has racked up a record 45 accidents , with 393 deaths .","it has a chequered safety record , including 47 accidents that resulted in 668 deaths .","[[""it"", ""drafted_in"", ""1971""], [""it"", ""number_of_accidents"", ""45""], [""it"", ""number_of_deaths"", ""393""]]","[[""it"", ""safety_record"", ""chequered""], [""it"", ""number_of_accidents"", ""47""], [""it"", ""number_of_deaths"", ""668""]]",0.048112522432468816,0.2863105535507202,0.4472869038581848,0.041666666666666664,0.3367876570272817,0.8659534673147068,0.8130368862859644,0.7601203052572217,0.7072037242284792,0.6542871431997368,0.6013705621709943,0.5484539811422517,0.4955374001135093,0.4426208190847667,0.3897042380560242,0.3367876570272817,0.7629923965225579,0.6917539244130699
191,"an indication or manifestation of something , often physical",an indication of damage .,"[[""indication"", ""is"", ""manifestation""], [""indication"", ""of"", ""something""], [""something"", ""can_be"", ""physical""]]","[[""indication"", ""of"", ""damage""]]",0.05892556509887897,0.16020749509334564,0.4539676904678345,0.05892556509887897,0.05892556509887897,0.5303134421115142,0.4831746544102507,0.4360358667089872,0.38889707900772363,0.3417582913064601,0.29461950360519656,0.24748071590393306,0.20034192820266955,0.153203140501406,0.10606435280014248,0.05892556509887897,0.5604407060481081,0.6165606203554237
192,""" i ´ m very proud of the citizens of this state , "" gov. john baldacci said after votes from tuesday ´ s referendum were counted .",""" i 'm very proud of the citizens of this state , "" said gov. john baldacci , a casino foe .","[[""Gov._John_Baldacci"", ""said"", ""proud_statement""], [""Gov._John_Baldacci"", ""proud_of"", ""citizens_of_state""], [""citizens_of_state"", ""part_of"", ""state""], [""votes"", ""from"", ""Tuesday""], [""referendum"", ""held_on"", ""Tuesday""]]","[[""Gov._John_Baldacci"", ""said"", ""proud_statement""], [""Gov._John_Baldacci"", ""proud_of"", ""citizens_of_state""], [""Gov._John_Baldacci"", ""opponent_of"", ""casino""], [""citizens_of_state"", ""part_of"", ""state""]]",0.5781515884776753,0.5154277086257935,0.600300133228302,0.5352643613280604,0.5352643613280604,0.8572866802708197,0.8250844483765438,0.7928822164822679,0.7606799845879919,0.728477752693716,0.69627552079944,0.6640732889051641,0.6318710570108882,0.5996688251166122,0.5674665932223363,0.5352643613280604,0.7815000109401993,0.7096254008403791
193,a woman is riding on a horse .,a man is turning over tables in anger .,"[[""woman"", ""riding_on"", ""horse""]]","[[""man"", ""turning_over"", ""tables""], [""man"", ""feeling"", ""anger""]]",0.0,0.0,0.0,0.0,0.0,0.04102670881956818,0.03692403793761136,0.03282136705565455,0.028718696173697725,0.024616025291740905,0.02051335440978409,0.016410683527827274,0.012308012645870456,0.008205341763913633,0.004102670881956817,0.0,0.11768345010445205,0.35293811093970795
194,a boy is checking a calender .,a boy is looking at a calendar .,"[[""boy"", ""checking"", ""calendar""]]","[[""boy"", ""looking_at"", ""calendar""]]",1.0,1.0,0.9999999403953552,1.0,1.0,0.8995965051137358,0.9096368546023622,0.9196772040909886,0.9297175535796149,0.9397579030682415,0.9497982525568679,0.9598386020454943,0.9698789515341207,0.9799193010227472,0.9899596505113736,1.0,0.843818342011173,0.8251458792055033
195,a man is climbing a rope .,a man climbs a rope .,"[[""man"", ""climbing"", ""rope""]]","[[""man"", ""climbs"", ""rope""]]",1.0,0.9999998807907104,0.9999998211860657,1.0,1.0,0.9852220798115116,0.9866998718303603,0.9881776638492092,0.9896554558680581,0.9911332478869069,0.9926110399057557,0.9940888319246046,0.9955666239434535,0.9970444159623023,0.9985222079811511,1.0,0.9842515971448275,0.9739566561646127
196,take someone 's soul into heaven,take up someone 's soul into heaven .,"[[""someone"", ""has"", ""soul""], [""soul"", ""taken_into"", ""heaven""]]","[[""someone"", ""has"", ""soul""], [""soul"", ""taken_into"", ""heaven""]]",1.0,1.0,1.0,1.0,1.0,0.9999999989797214,0.9999999990817492,0.9999999991837771,0.9999999992858049,0.9999999993878328,0.9999999994898607,0.9999999995918886,0.9999999996939164,0.9999999997959443,0.9999999998979722,1.0,0.9999999523162824,1.0
197,microsoft fell 5 percent before the open to $ 27.45 from thursday 's close of $ 28.91 .,shares in microsoft slipped 4.7 percent in after-hours trade to $ 27.54 from a nasdaq close of $ 28.91 .,"[[""Microsoft"", ""fell"", ""5_percent""], [""Microsoft"", ""price_before_open"", ""$_27.45""], [""Microsoft"", ""previous_close"", ""$_28.91""], [""Thursday"", ""close"", ""$_28.91""], [""Microsoft"", ""price_change"", ""5_percent""]]","[[""Microsoft"", ""slipped"", ""4.7_percent""], [""Microsoft"", ""price_in_after_hours_trade"", ""$_27.54""], [""Microsoft"", ""previous_nasdaq_close"", ""$_28.91""], [""Nasdaq"", ""close"", ""$_28.91""], [""Microsoft"", ""price_change"", ""4.7_percent""]]",0.375,0.3546102046966553,0.5857664346694946,0.06666666666666667,0.5,0.9334367114358447,0.8900930402922603,0.8467493691486758,0.8034056980050913,0.7600620268615068,0.7167183557179224,0.6733746845743379,0.6300310134307534,0.5866873422871689,0.5433436711435845,0.5,0.8286162389108478,0.8416294087446803
198,a kid plays with a toy phone .,a little boy plays with a toy phone .,"[[""kid"", ""plays_with"", ""toy_phone""]]","[[""little_boy"", ""plays_with"", ""toy_phone""]]",1.0,0.8876931667327881,0.7262375354766846,0.5,1.0,0.9195150581672771,0.9275635523505493,0.9356120465338218,0.9436605407170939,0.9517090349003663,0.9597575290836385,0.9678060232669108,0.9758545174501831,0.9839030116334554,0.9919515058167278,1.0,0.9155570446214023,0.9622638212782025
199,a feeling or state of extreme anger .,a state of extreme anger .,"[[""feeling_or_state"", ""described_as"", ""extreme_anger""]]","[[""state"", ""described_as"", ""extreme_anger""]]",0.5,0.7952446341514587,0.6848999261856079,0.5,0.5,0.8860466135727691,0.8474419522154923,0.8088372908582153,0.7702326295009384,0.7316279681436615,0.6930233067863846,0.6544186454291077,0.6158139840718307,0.5772093227145538,0.5386046613572769,0.5,0.8453046415484287,0.9133845819401726
200,"egyptologists cast doubt tuesday on an expedition 's claim that it may have found the mummy of queen nefertiti , one of the best-known ancient egyptians .","egyptologists think they may have identified the long-sought mummy of queen nefertiti , one of the ancient world 's legendary beauties .","[[""egyptologists"", ""cast_doubt_on"", ""expedition""], [""expedition"", ""claim"", ""mummy_of_queen_nefertiti""], [""mummy_of_queen_nefertiti"", ""belonged_to"", ""queen_nefertiti""], [""queen_nefertiti"", ""one_of"", ""best-known_ancient_egyptians""]]","[[""egyptologists"", ""think"", ""identified_mummy""], [""identified_mummy"", ""of"", ""queen_nefertiti""], [""queen_nefertiti"", ""one_of"", ""ancient_world_legendary_beauties""]]",0.09622504486493763,0.2235272228717804,0.44962596893310547,0.07453559924999299,0.14002800840280097,0.8963413279897992,0.8207099960310993,0.7450786640723995,0.6694473321136997,0.5938160001549999,0.5181846681963,0.44255333623760024,0.3669220042789005,0.29129067232020056,0.21565934036150075,0.14002800840280097,0.7306991160595204,0.8248385681096246
201,make or become brighter or lighter,make lighter or brighter .,"[[""TEXT_1"", ""means"", ""make_or_become_brighter""], [""TEXT_1"", ""means"", ""make_or_become_lighter""], [""make_or_become_brighter"", ""synonym"", ""make_or_become_lighter""]]","[[""TEXT_2"", ""means"", ""make_lighter""], [""TEXT_2"", ""means"", ""make_brighter""], [""make_lighter"", ""synonym"", ""make_brighter""]]",1.0,0.0,0.0,0.0,1.0,0.8406760329338233,0.8566084296404409,0.8725408263470587,0.8884732230536763,0.904405619760294,0.9203380164669117,0.9362704131735293,0.9522028098801469,0.9681352065867647,0.9840676032933824,1.0,0.8326395359719196,0.8652890627849512
202,"the agency will "" consider as timely any tax returns or payments due "" aug. 15 if they are submitted by aug. 22 .",the agency said it would consider as timely any tax returns or payments due from friday through aug. 22 if they are completed by aug. 22 .,"[[""agency"", ""considers_timely"", ""tax_returns""], [""agency"", ""considers_timely"", ""payments""], [""tax_returns"", ""due_on"", ""Aug._15""], [""payments"", ""due_on"", ""Aug._15""], [""tax_returns"", ""submission_deadline"", ""Aug._22""], [""payments"", ""submission_deadline"", ""Aug._22""]]","[[""agency"", ""considers_timely"", ""tax_returns""], [""agency"", ""considers_timely"", ""payments""], [""tax_returns"", ""due_between"", ""Friday""], [""tax_returns"", ""due_between"", ""Aug._22""], [""payments"", ""due_between"", ""Friday""], [""payments"", ""due_between"", ""Aug._22""], [""tax_returns"", ""completion_deadline"", ""Aug._22""], [""payments"", ""completion_deadline"", ""Aug._22""]]",1.0,0.3811571002006531,0.8050556182861328,0.3333333333333333,0.5039526306789696,0.9789871356343404,0.9314836851388033,0.8839802346432664,0.8364767841477291,0.788973333652192,0.741469883156655,0.6939664326611179,0.6464629821655807,0.5989595316700438,0.5514560811745066,0.5039526306789696,0.938274646664384,0.9176110571885487
203,""" i do not wish to be present during this witness , "" he told stanislaus county superior court judge al girolami .",""" yes , i do not wish to be present during this witness , "" peterson , 31 , calmly told the judge as he was returned to his cell .","[[""he"", ""told"", ""Stanislaus_County_Superior_Court_Judge_Al_Girolami""], [""he"", ""does_not_wish_to_be_present_during"", ""witness""]]","[[""Peterson"", ""told"", ""judge""], [""Peterson"", ""age"", ""31""], [""Peterson"", ""does_not_wish_to_be_present_during"", ""witness""], [""Peterson"", ""returned_to"", ""cell""]]",0.3333333333333333,0.0,0.2327435314655304,0.25819888974716115,0.3333333333333333,0.6706331440770301,0.6369031630026605,0.6031731819282907,0.5694432008539211,0.5357132197795514,0.5019832387051817,0.46825325763081205,0.4345232765564424,0.40079329548207265,0.367063314407703,0.3333333333333333,0.7102788271829371,0.6672617018375055
204,lionel richie is dancing on the ceiling .,lionel ritchie dances while standing on the ceiling .,"[[""Lionel_Richie"", ""is_dancing_on"", ""the_ceiling""]]","[[""Lionel_Ritchie"", ""dances_while_standing_on"", ""the_ceiling""]]",1.0,0.20421241223812103,0.42356210947036743,0.5,1.0,0.8939981595882177,0.904598343629396,0.9151985276705743,0.9257987117117523,0.9363988957529307,0.9469990797941088,0.957599263835287,0.9681994478764653,0.9787996319176435,0.9893998159588218,1.0,0.8575553796211804,0.8155762146688801
205,"protect from heat , cold , or other detrimental conditions",place or set apart .,"[[""heat"", ""detrimental_to"", ""entity""], [""cold"", ""detrimental_to"", ""entity""], [""other_detrimental_conditions"", ""detrimental_to"", ""entity""], [""protection"", ""protects_against"", ""heat""], [""protection"", ""protects_against"", ""cold""], [""protection"", ""protects_against"", ""other_detrimental_conditions""]]","[[""entity"", ""placed"", ""apart""], [""entity"", ""set"", ""apart""]]",0.05270462766947299,0.0,0.05552876740694046,0.05270462766947299,0.05270462766947299,0.31632982599260584,0.2899673061602926,0.26360478632797923,0.23724226649566596,0.2108797466633527,0.1845172268310394,0.15815470699872614,0.13179218716641286,0.10542966733409954,0.07906714750178626,0.05270462766947299,0.33625512925336787,0.3254588166106639
206,the act of copying the actions of someone else .,a representation of a person that is exaggerated for comic effect .,"[[""act"", ""involves"", ""copying""], [""copying"", ""of"", ""actions""], [""actions"", ""performed_by"", ""someone_else""]]","[[""representation"", ""of"", ""person""], [""person"", ""exaggerated_for"", ""comic_effect""], [""representation"", ""used_for"", ""comic_effect""]]",0.0,0.0,0.0669810101389885,0.0,0.0,0.35046224762155925,0.31541602285940334,0.28036979809724744,0.24532357333509147,0.21027734857293554,0.17523112381077963,0.14018489904862372,0.1051386742864678,0.07009244952431183,0.035046224762155916,0.0,0.4075189669282556,0.3320361231747099
207,a baby tiger is playing with a ball .,a baby is playing with a doll .,"[[""baby_tiger"", ""playing_with"", ""ball""]]","[[""baby"", ""playing_with"", ""doll""]]",0.0,0.0,0.0,0.0,0.0,0.5406939954460095,0.48662459590140855,0.4325551963568076,0.3784857968122066,0.3244163972676057,0.27034699772300474,0.2162775981784038,0.16220819863380287,0.10813879908920188,0.05406939954460094,0.0,0.5951070229571038,0.7258765932365852
208,"the standards are scarcely comparable , let alone transferable .",the standards are hardly comparable and still less transferable .,"[[""standards"", ""comparable"", ""scarcely""], [""standards"", ""transferable"", ""not""]]","[[""standards"", ""comparable"", ""hardly""], [""standards"", ""transferable"", ""less""]]",0.3888888888888889,0.6046146154403687,0.6186439990997314,0.05555555555555555,0.3888888888888889,0.9355404072673456,0.8808752554294998,0.8262101035916543,0.7715449517538085,0.7168797999159628,0.6622146480781173,0.6075494962402717,0.5528843444024258,0.4982191925645802,0.44355404072673454,0.3888888888888889,0.8865877299386822,0.8826175368248466
209,a woman is peeling a potato .,a man is slicing potato .,"[[""woman"", ""peeling"", ""potato""]]","[[""man"", ""slicing"", ""potato""]]",0.5,0.3263985514640808,0.47506678104400635,0.5,0.5,0.6390194403067013,0.6251174962760313,0.6112155522453611,0.5973136082146909,0.5834116641840208,0.5695097201533507,0.5556077761226805,0.5417058320920104,0.5278038880613403,0.5139019440306701,0.5,0.580481707957005,0.6705197896365911
210,it increases the power of the big countries at the expense of the small countries .,that causes to increase the power of the large countries to the detriment of small .,"[[""big_countries"", ""gain_power_at_expense_of"", ""small_countries""]]","[[""large_countries"", ""gain_power_at_expense_of"", ""small_countries""]]",1.0,0.7914865612983704,0.7170597910881042,0.5,1.0,0.9904053841383355,0.9913648457245019,0.9923243073106685,0.9932837688968348,0.9942432304830012,0.9952026920691677,0.9961621536553342,0.9971216152415006,0.9980810768276671,0.9990405384138336,1.0,0.9809106207118423,0.9921753926597381
211,a man is playing the piano .,the man is playing the violin .,"[[""man"", ""playing"", ""piano""]]","[[""man"", ""playing"", ""violin""]]",0.08333333333333333,0.6706921458244324,0.7848520874977112,0.08333333333333333,0.08333333333333333,0.4919160777800135,0.4510578033353455,0.4101995288906775,0.36934125444600946,0.3284829800013414,0.2876247055566734,0.2467664311120054,0.2059081566673374,0.16504988222266936,0.12419160777800134,0.08333333333333333,0.6795656989574154,0.8437273870817423
212,a man is playing a guitar .,a man is playing a flute .,"[[""man"", ""playing"", ""guitar""]]","[[""man"", ""playing"", ""flute""]]",0.08333333333333333,0.7958545684814453,0.7403457164764404,0.08333333333333333,0.08333333333333333,0.359043409066062,0.33147240149278917,0.3039013939195163,0.2763303863462434,0.24875937877297052,0.22118837119969767,0.19361736362642482,0.16604635605315196,0.13847534847987905,0.1109043409066062,0.08333333333333333,0.6015798679516715,0.7536163802436913
213,that is the spirit in which the european constitution must be written .,that is the spirit in which must be drawn up the constitution .,"[[""European_Constitution"", ""must_be_written_in"", ""spirit""]]","[[""Constitution"", ""must_be_drawn_up_in"", ""spirit""]]",1.0,0.4239632785320282,0.49948158860206604,0.5,1.0,0.7877480646656744,0.8089732581991069,0.8301984517325396,0.851423645265972,0.8726488387994047,0.8938740323328371,0.9150992258662698,0.9363244193997022,0.9575496129331349,0.9787748064665674,1.0,0.7792473191257401,0.7183466273992309
214,a man is cutting a fish .,a man guts a fish .,"[[""man"", ""cutting"", ""fish""]]","[[""man"", ""guts"", ""fish""]]",1.0,1.0,1.0,1.0,1.0,0.7798512065859756,0.8018660859273781,0.8238809652687806,0.845895844610183,0.8679107239515853,0.8899256032929879,0.9119404826343902,0.9339553619757927,0.9559702413171951,0.9779851206585976,1.0,0.7308678597557455,0.6882612719991894
215,a woman is slicing meat with a knife .,a man is spreading out dough .,"[[""woman"", ""using"", ""knife""], [""woman"", ""slicing"", ""meat""], [""knife"", ""used_for"", ""slicing_meat""]]","[[""man"", ""spreading"", ""dough""], [""man"", ""using"", ""dough""]]",0.0,0.0,0.0,0.0,0.0,0.24835805715210496,0.22352225143689447,0.19868644572168398,0.17385064000647346,0.14901483429126297,0.12417902857605248,0.09934322286084199,0.0745074171456315,0.04967161143042098,0.02483580571521049,0.0,0.34964758501233717,0.45851281259004883
216,"the dow jones industrials climbed more than 140 points to above the 9,000 mark , the first time since december .","the dow jones industrials briefly surpassed the 9,000 mark for the first time since december . ""","[[""Dow_Jones_Industrials"", ""climbed"", ""140_points""], [""Dow_Jones_Industrials"", ""above"", ""9,000_mark""], [""9,000_mark"", ""first_time_since"", ""December""]]","[[""Dow_Jones_Industrials"", ""surpassed"", ""9,000_mark""], [""9,000_mark"", ""first_time_since"", ""December""]]",0.6254627916220946,0.7680155038833618,0.7343747615814209,0.6254627916220946,0.6254627916220946,0.8999760746521535,0.8725247463491476,0.8450734180461417,0.8176220897431358,0.7901707614401299,0.7627194331371241,0.7352681048341181,0.7078167765311123,0.6803654482281064,0.6529141199251005,0.6254627916220946,0.8620040351547149,0.8618186757703157
217,"a long , thin implement , usually made of wood",an implement consisting of a length of wood .,"[[""long_thin_implement"", ""made_of"", ""wood""]]","[[""implement"", ""consisting_of"", ""length_of_wood""], [""length_of_wood"", ""made_of"", ""wood""]]",0.5,0.3878892958164215,0.6230923533439636,0.408248290463863,0.5,0.7844221262372663,0.7559799136135397,0.7275377009898131,0.6990954883660864,0.6706532757423598,0.6422110631186331,0.6137688504949066,0.5853266378711799,0.5568844252474532,0.5284422126237266,0.5,0.7032619553153066,0.7827064245566648
218,the company claims it 's the largest single apple var xserve sale to date .,the company claimed it is the largest sale of xserves by an apple retailer .,"[[""company"", ""claims"", ""largest_single_apple_var_xserve_sale""], [""largest_single_apple_var_xserve_sale"", ""occurred"", ""to_date""]]","[[""company"", ""claimed"", ""largest_sale_of_xserves""], [""largest_sale_of_xserves"", ""by"", ""apple_retailer""]]",0.06804138174397717,0.0,0.21064051985740662,0.05555555555555555,0.06804138174397717,0.8931714978527977,0.8106584862419157,0.7281454746310336,0.6456324630201515,0.5631194514092694,0.48060643979838746,0.39809342818750537,0.3155804165766234,0.23306740496574124,0.1505543933548592,0.06804138174397717,0.6710556669116818,0.8077607895986647
219,the day before today,the day immediately before today .,"[[""yesterday"", ""before"", ""today""]]","[[""yesterday"", ""before"", ""today""]]",1.0,0.9999998807907104,0.9999999403953552,1.0,1.0,0.9999999991741306,0.9999999992567176,0.9999999993393045,0.9999999994218913,0.9999999995044784,0.9999999995870653,0.9999999996696523,0.9999999997522392,0.9999999998348261,0.9999999999174131,1.0,0.9999999821186065,0.9999999917445114
220,"devote or adapt exclusively to an skill , study , or work",devote oneself to a special area of work .,"[[""one"", ""devote_to"", ""skill""], [""one"", ""devote_to"", ""study""], [""one"", ""devote_to"", ""work""], [""one"", ""adapt_to"", ""skill""], [""one"", ""adapt_to"", ""study""], [""one"", ""adapt_to"", ""work""]]","[[""one"", ""devote_to"", ""special_area_of_work""]]",0.05892556509887897,0.1851126253604889,0.2849046587944031,0.05892556509887897,0.05892556509887897,0.6731614280778642,0.6117378417799656,0.5503142554820671,0.48889066918416857,0.4274670828862701,0.36604349658837154,0.30461991029047303,0.24319632399257454,0.18177273769467597,0.12034915139677747,0.05892556509887897,0.6221713184022974,0.4473234023981313
221,the lady stirred up raw eggs in the bowl .,a woman is pouring eyes into a bowl .,"[[""lady"", ""stirred"", ""raw_eggs""], [""raw_eggs"", ""located_in"", ""bowl""], [""lady"", ""interacts_with"", ""bowl""]]","[[""woman"", ""pouring"", ""eyes""], [""eyes"", ""located_in"", ""bowl""], [""woman"", ""interacts_with"", ""bowl""]]",0.1111111111111111,0.10280735790729523,0.6026665568351746,0.3333333333333333,0.1111111111111111,0.7054653042340618,0.6460298849217667,0.5865944656094717,0.5271590462971766,0.46772362698488157,0.40828820767258645,0.3488527883602914,0.28941736904799636,0.22998194973570124,0.17054653042340617,0.1111111111111111,0.7308899578494118,0.6763027762023108
222,"the finger next to the thumb , forefinger",the finger next to the thumb .,"[[""finger_next_to_thumb"", ""also_known_as"", ""forefinger""]]",[],,,,,,,,,,,,,,,,,,
223,"graham , a presidential candidate , was criticized by several republicans as ' ' politicizing ' ' the report .","graham , who co-chaired the inquiry , is a presidential candidate .","[[""Graham"", ""criticized_by"", ""Republicans""], [""Graham"", ""occupation"", ""presidential_candidate""], [""Republicans"", ""accused"", ""Graham_of_politicizing_report""], [""Graham"", ""accused_of"", ""politicizing_report""]]","[[""Graham"", ""co_chaired"", ""inquiry""], [""Graham"", ""occupation"", ""presidential_candidate""]]",0.41247895569215276,0.12107747048139572,0.5481407046318054,0.30123203803835463,0.3689323936863109,0.7402214079855145,0.7030925065555942,0.6659636051256738,0.6288347036957534,0.591705802265833,0.5545769008359127,0.5174479994059924,0.48031909797607203,0.4431901965461516,0.40606129511623124,0.3689323936863109,0.7411665450323603,0.5414911164163005
224,"authorities in ohio , indiana and michigan have searched for the bodies .","so far , authorities also have searched areas in pennsylvania , ohio , indiana , and michigan .","[[""authorities"", ""searched_in"", ""Ohio""], [""authorities"", ""searched_in"", ""Indiana""], [""authorities"", ""searched_in"", ""Michigan""]]","[[""authorities"", ""searched_in"", ""Pennsylvania""], [""authorities"", ""searched_in"", ""Ohio""], [""authorities"", ""searched_in"", ""Indiana""], [""authorities"", ""searched_in"", ""Michigan""]]",1.0,0.8666903376579285,0.9688903093338013,0.7080881928749334,1.0,0.9999999989290556,0.99999999903615,0.9999999991432444,0.9999999992503388,0.9999999993574333,0.9999999994645278,0.9999999995716222,0.9999999996787167,0.9999999997858111,0.9999999998929056,1.0,1.0,0.9841447405178083
225,the parents want her kept alive ; her husband says she never wanted to be kept alive artificially .,michael schiavo has argued that his wife never wanted to be kept alive artificially .,"[[""parents"", ""want"", ""her_kept_alive""], [""her_husband"", ""says"", ""she_never_wanted_artificial_life_support""], [""she"", ""never_wanted"", ""artificial_life_support""]]","[[""Michael_Schiavo"", ""argued"", ""his_wife_never_wanted_artificial_life_support""], [""his_wife"", ""never_wanted"", ""artificial_life_support""], [""Michael_Schiavo"", ""is_husband_of"", ""his_wife""]]",0.3367876570272817,0.0,0.2624770402908325,0.2041241452319315,0.3367876570272817,0.8648839102143946,0.8120742848956833,0.759264659576972,0.7064550342582607,0.6536454089395495,0.6008357836208381,0.5480261583021269,0.4952165329834156,0.44240690766470425,0.389597282345993,0.3367876570272817,0.7754461113810031,0.7179422894197725
226,a man plays a guitar .,a man plays the piano .,"[[""man"", ""plays"", ""guitar""]]","[[""man"", ""plays"", ""piano""]]",0.08333333333333333,0.7927711009979248,0.7545343637466431,0.08333333333333333,0.08333333333333333,0.39892819954697645,0.3673687129256122,0.33580922630424787,0.3042497396828835,0.27269025306151917,0.24113076644015488,0.2095712798187906,0.17801179319742627,0.14645230657606195,0.11489281995469763,0.08333333333333333,0.6242020516162958,0.8430520209325953
227,a project or undertaking,earnest and conscientious activity intended to do or accomplish something .,"[[""project"", ""is_a"", ""undertaking""]]","[[""activity"", ""is"", ""earnest""], [""activity"", ""is"", ""conscientious""], [""activity"", ""intended_to"", ""do_something""], [""activity"", ""intended_to"", ""accomplish_something""]]",0.0,0.0,0.0,0.0,0.0,0.48831358111725426,0.43948222300552886,0.3906508648938034,0.34181950678207795,0.29298814867035256,0.24415679055862713,0.1953254324469017,0.1464940743351763,0.09766271622345082,0.04883135811172541,0.0,0.44511854946725593,0.6228001433855122
228,a woman is writing .,a woman is swimming .,"[[""woman"", ""is_doing"", ""writing""]]","[[""woman"", ""is_doing"", ""swimming""]]",0.08333333333333333,0.757915735244751,0.7444268465042114,0.08333333333333333,0.08333333333333333,0.40127093323514473,0.36947717324496365,0.33768341325478246,0.3058896532646013,0.2740958932744202,0.24230213328423902,0.2105083732940579,0.17871461330387675,0.1469208533136956,0.11512709332351447,0.08333333333333333,0.5779925877730998,0.7929720126242412
229,impress or affect deeply ( emotionally ) .,impress or affect deeply .,[],[],,,,,,,,,,,,,,,,,,
230,someone is mixing ingrediants .,someone is sewing things .,"[[""someone"", ""mixing"", ""ingrediants""]]","[[""someone"", ""sewing"", ""things""]]",0.08333333333333333,0.15746982395648956,0.4912450313568115,0.08333333333333333,0.08333333333333333,0.4444100055911729,0.408302338365389,0.37219467113960497,0.336087003913821,0.29997933668803706,0.2638716694622531,0.22776400223646914,0.1916563350106852,0.15554866778490123,0.11944100055911727,0.08333333333333333,0.48231508618912383,0.33110780163167064
231,work material with a tool,work with a tool .,"[[""work"", ""material_with"", ""tool""]]","[[""work"", ""performed_with"", ""tool""]]",1.0,0.9999998807907104,1.0,1.0,1.0,0.7223461809485607,0.7501115628537046,0.7778769447588487,0.8056423266639925,0.8334077085691365,0.8611730904742804,0.8889384723794242,0.9167038542845682,0.9444692361897121,0.9722346180948561,1.0,0.7743977208514802,0.7109562060198811
232,van orden report ( a5-0241 / 2000 ),relation horse-trailer orden ( a5-0241 / 2000 ),"[[""van_orden_report"", ""identified_by"", ""a5-0241_2000""]]","[[""relation_horse-trailer_orden"", ""identified_by"", ""a5-0241_2000""]]",0.5,0.7793504595756531,0.8294770121574402,0.5,0.5,0.6128662689185054,0.6015796420266549,0.5902930151348044,0.5790063882429537,0.5677197613511032,0.5564331344592527,0.5451465075674021,0.5338598806755517,0.5225732537837011,0.5112866268918506,0.5,0.7353783085400148,0.8195819849993644
233,someone is holding a hedgehog .,a onion is being sliced .,"[[""someone"", ""holding"", ""hedgehog""]]","[[""onion"", ""being_sliced"", ""True""]]",0.0,0.0,0.0,0.0,0.0,0.18085066350840648,0.16276559715756583,0.1446805308067252,0.12659546445588452,0.10851039810504388,0.09042533175420324,0.0723402654033626,0.05425519905252195,0.03617013270168129,0.018085066350840645,0.0,0.23800603466643722,0.2976926121764041
234,"the blue-chip dow jones industrial average eased 44 points , or 0.47 percent , to 9,543 , after scoring five consecutive up sessions .","the dow jones industrial average .dji rose 18.25 points , or 0.19 percent , to 9,586.71 .","[[""Dow_Jones_Industrial_Average"", ""eased"", ""44_points""], [""Dow_Jones_Industrial_Average"", ""decreased_by_percent"", ""0.47_percent""], [""Dow_Jones_Industrial_Average"", ""ended_at"", ""9,543""], [""Dow_Jones_Industrial_Average"", ""had_consecutive_up_sessions"", ""5_sessions""]]","[[""Dow_Jones_Industrial_Average"", ""rose"", ""18.25_points""], [""Dow_Jones_Industrial_Average"", ""increased_by_percent"", ""0.19_percent""], [""Dow_Jones_Industrial_Average"", ""ended_at"", ""9,586.71""]]",0.5594309277855158,0.1364828646183014,0.357704758644104,0.037267799624996496,0.5594309277855158,0.8558464485742382,0.826204896495366,0.7965633444164938,0.7669217923376215,0.7372802402587493,0.7076386881798771,0.6779971361010049,0.6483555840221326,0.6187140319432602,0.589072479864388,0.5594309277855158,0.7286556403072034,0.8206007892153261
235,"he did , but the initiative did not get very far .",what it has done without initiative go very far .,"[[""he"", ""did_something"", ""initiative""], [""initiative"", ""did_not_get_far"", ""far""]]","[[""it"", ""done_something"", ""initiative""], [""initiative"", ""did_not_go"", ""far""]]",0.6666666666666666,0.42419224977493286,0.604302167892456,0.6666666666666666,0.6666666666666666,0.8987397306501744,0.8755324242518236,0.8523251178534729,0.829117811455122,0.8059105050567712,0.7827031986584205,0.7594958922600697,0.736288585861719,0.7130812794633682,0.6898739730650174,0.6666666666666666,0.812196567654648,0.8679245658569495
236,"the priest , the rev. john f. johnston , 64 , of 35th avenue in jackson heights , was charged with aggravated harassment and criminal possession of a weapon .","the rev. john johnston , 64 , was charged with aggravated harassment in the phone call case and with criminal possession of a weapon , according to a police statement .","[[""Rev._John_F._Johnston"", ""age"", ""64""], [""Rev._John_F._Johnston"", ""resides_on"", ""35th_Avenue""], [""Rev._John_F._Johnston"", ""resides_in"", ""Jackson_Heights""], [""Rev._John_F._Johnston"", ""charged_with"", ""aggravated_harassment""], [""Rev._John_F._Johnston"", ""charged_with"", ""criminal_possession_of_a_weapon""]]","[[""Rev._John_Johnston"", ""age"", ""64""], [""Rev._John_Johnston"", ""charged_with"", ""aggravated_harassment""], [""Rev._John_Johnston"", ""charged_with"", ""criminal_possession_of_a_weapon""]]",0.6463931265677831,0.40140146017074585,0.7675619125366211,0.6123724356957945,0.6463931265677831,0.933785697290816,0.9050464402185128,0.8763071831462094,0.8475679260739061,0.8188286690016029,0.7900894119292996,0.7613501548569963,0.732610897784693,0.7038716407123897,0.6751323836400864,0.6463931265677831,0.8806987450967869,0.936441301879878
237,"but price declines have remained below 30 percent , year over year , for the last two quarters , said idc analyst john mcarthur .",mcarthur told internetnews.com price declines have moderated and remained below 30 percent from the previous year for the last two quarters .,"[[""IDC"", ""has_analyst"", ""John_McArthur""], [""John_McArthur"", ""said"", ""price_declines_have_remained_below_30_percent""], [""price_declines"", ""have_remained_below"", ""30_percent""], [""price_declines"", ""measured"", ""year_over_year""], [""price_declines"", ""occurred_for"", ""last_two_quarters""]]","[[""McArthur"", ""told"", ""InternetNews.com""], [""McArthur"", ""stated"", ""price_declines_have_moderated""], [""price_declines"", ""remained_below"", ""30_percent""], [""price_declines"", ""compared_to"", ""previous_year""], [""price_declines"", ""occurred_for"", ""last_two_quarters""]]",0.3888888888888889,0.1659441441297531,0.4068233370780945,0.30952380952380953,0.3768891807222045,0.9402625586993638,0.8839252209016478,0.827587883103932,0.771250545306216,0.7149132075085001,0.6585758697107842,0.6022385319130683,0.5459011941153524,0.4895638563176363,0.4332265185199204,0.3768891807222045,0.7967550592109902,0.7954706077093476
238,let me remind you that our allies include fervent supporters of this tax .,"i would remind you that our allies , devotees of this tax .","[[""our_allies"", ""include"", ""fervent_supporters""], [""fervent_supporters"", ""support"", ""this_tax""]]","[[""our_allies"", ""are"", ""devotees""], [""devotees"", ""of"", ""this_tax""]]",0.3888888888888889,0.5060462951660156,0.5766624212265015,0.3888888888888889,0.3888888888888889,0.8057127065527314,0.7640303247863471,0.7223479430199629,0.6806655612535787,0.6389831794871944,0.5973007977208101,0.555618415954426,0.5139360341880417,0.4722536524216574,0.4305712706552732,0.3888888888888889,0.7400839622059294,0.6342812011310406
239,remove water from a substance .,remove water from .,"[[""substance"", ""has_water"", ""water""], [""water"", ""removed_from"", ""substance""]]",[],,,,,,,,,,,,,,,,,,
240,express audibly ; utter sounds ( not necessarily words ) ; indicate .,express audibly ; utter sounds ( not necessarily words ) .,"[[""express"", ""means"", ""audibly""], [""express"", ""means"", ""utter_sounds""], [""utter_sounds"", ""description"", ""not_necessarily_words""], [""express"", ""means"", ""indicate""]]","[[""express"", ""means"", ""audibly""], [""express"", ""means"", ""utter_sounds""], [""utter_sounds"", ""description"", ""not_necessarily_words""]]",0.7080881928749334,0.9174232482910156,0.9493443369865417,0.7080881928749334,0.7080881928749334,0.9757256521864248,0.9489619062552758,0.9221981603241266,0.8954344143929773,0.8686706684618282,0.8419069225306791,0.8151431765995301,0.7883794306683809,0.7616156847372317,0.7348519388060826,0.7080881928749334,0.9645173117956726,0.9889394367180362
241,a ceremony marking admission into a religious community .,a sacrament admitting a baptized person to full participation in the church .,"[[""ceremony"", ""marks"", ""admission_into_religious_community""]]","[[""sacrament"", ""admits"", ""baptized_person""], [""baptized_person"", ""gains"", ""full_participation_in_church""], [""sacrament"", ""grants"", ""full_participation_in_church""]]",0.0,0.0,0.012494811788201332,0.0,0.0,0.5847290974684507,0.5262561877216057,0.4677832779747606,0.40931036822791544,0.3508374584810704,0.29236454873422535,0.2338916389873803,0.17541872924053523,0.11694581949369011,0.058472909746845055,0.0,0.4793390664760846,0.508583030290928
242,"limit , keep under control , deter , forbid",to compel or deter by or as if by threats .,"[[""limit"", ""synonym"", ""keep_under_control""], [""limit"", ""synonym"", ""deter""], [""limit"", ""synonym"", ""forbid""]]","[[""compel"", ""means"", ""threats""], [""deter"", ""means"", ""threats""]]",0.048112522432468816,0.0,0.5166033506393433,0.28867513459481287,0.048112522432468816,0.5450973745347789,0.4953988893245479,0.44570040411431694,0.3960019189040858,0.34630343369385486,0.29660494848362384,0.24690646327339288,0.19720797806316187,0.1475094928529308,0.09781100764269982,0.048112522432468816,0.5842569364195858,0.4422753690709415
243,( the discovery or exhibition of ) factual evidence that establishes the truth of something .,a formal series of statements showing that if one thing is true something else necessarily follows from it .,"[[""factual_evidence"", ""establishes"", ""truth_of_something""]]","[[""formal_series_of_statements"", ""shows"", ""necessarily_follows_from_it""], [""one_thing"", ""implies"", ""something_else""]]",0.0,0.0,0.0,0.0,0.0,0.3735571109336148,0.3362013998402533,0.2988456887468919,0.2614899776535304,0.22413426656016888,0.1867785554668074,0.14942284437344594,0.11206713328008447,0.07471142218672294,0.03735571109336147,0.0,0.362070481680976,0.5191098085521553
244,five kittens are eating out of five dishes .,kittens are eating food on trays .,"[[""kittens"", ""eating_out_of"", ""dishes""], [""kittens"", ""number"", ""five""], [""dishes"", ""number"", ""five""]]","[[""kittens"", ""eating"", ""food""], [""kittens"", ""eating_on"", ""trays""], [""food"", ""served_on"", ""trays""]]",0.05555555555555555,0.0,0.30299821496009827,0.05555555555555555,0.05555555555555555,0.6473315727170654,0.5881539710009145,0.5289763692847634,0.46979876756861244,0.41062116585246144,0.3514435641363105,0.2922659624201595,0.23308836070400854,0.17391075898785752,0.11473315727170652,0.05555555555555555,0.566358353763323,0.7596162571854235
245,""" what they have done is a thinly veiled attempt to do an end run around the constitution , "" she said .","the church 's lawyer , shirley phelps-roper , was clear : "" what they have done is a thinly veiled attempt to do an end run around the constitution , "" she said .","[[""she"", ""said"", ""what they have done is a thinly veiled attempt to do an end run around the constitution""]]","[[""Shirley_Phelps-Roper"", ""occupation"", ""lawyer""], [""Shirley_Phelps-Roper"", ""representing"", ""the church""], [""Shirley_Phelps-Roper"", ""said"", ""what they have done is a thinly veiled attempt to do an end run around the constitution""], [""the church"", ""has"", ""lawyer""], [""the church"", ""lawyer"", ""Shirley_Phelps-Roper""]]",0.5,0.15665139257907867,0.2540075182914734,0.3535533905932738,0.5,0.908913426844379,0.8680220841599412,0.8271307414755033,0.7862393987910653,0.7453480561066275,0.7044567134221895,0.6635653707377516,0.6226740280533137,0.5817826853688758,0.540891342684438,0.5,0.8778400812886445,0.5873985687025198
246,"government bonds sold off sharply after greenspan told congress on tuesday that the u.s. economy "" could very well be embarking on a period of extended growth "" .","greenspan told congress on tuesday the u.s. economy "" could very well be embarking on a period of sustained growth "" .","[[""Greenspan"", ""told"", ""congress""], [""Greenspan"", ""spoke_on"", ""Tuesday""], [""government_bonds"", ""sold_off"", ""sharply""], [""Greenspan"", ""statement_caused"", ""government_bonds_sold_off""], [""U.S._economy"", ""could_be_embarking_on"", ""period_of_extended_growth""], [""Greenspan"", ""commented_on"", ""U.S._economy""]]","[[""Greenspan"", ""told"", ""congress""], [""Greenspan"", ""spoke_on"", ""Tuesday""], [""U.S._economy"", ""could_be_embarking_on"", ""period_of_sustained_growth""], [""Greenspan"", ""commented_on"", ""U.S._economy""]]",0.7042952122737638,0.5054081678390503,0.6417309045791626,0.3689323936863109,0.6588078458684123,0.9227078155684685,0.8963178185984628,0.8699278216284574,0.8435378246584515,0.8171478276884461,0.7907578307184404,0.7643678337484348,0.7379778367784292,0.7115878398084236,0.685197842838418,0.6588078458684123,0.872984463055944,0.7157081937007921
247,that provision could open the door wide to arbitrariness .,this paves the way for the of the rules of procedure here .,"[[""provision"", ""could_open"", ""door_to_arbitrariness""], [""door_to_arbitrariness"", ""characterized_by"", ""arbitrariness""]]","[[""this"", ""paves_the_way_for"", ""the_rules_of_procedure""], [""the_rules_of_procedure"", ""applied_at"", ""here""]]",0.0,0.0,0.0,0.0,0.0,0.44488193531376585,0.4003937417823893,0.3559055482510127,0.31141735471963605,0.2669291611882595,0.22244096765688293,0.17795277412550636,0.13346458059412977,0.08897638706275315,0.04448819353137658,0.0,0.36753503594134185,0.2603612051362152
248,a judgement or opinion about something,a judgment of the qualities of something or somebody .,"[[""judgement"", ""is_about"", ""something""]]","[[""judgment"", ""is_about"", ""qualities""], [""qualities"", ""of"", ""something""], [""qualities"", ""of"", ""somebody""]]",0.08333333333333333,0.16353656351566315,0.48235905170440674,0.3535533905932738,0.08333333333333333,0.7393449187050273,0.6737437601678579,0.6081426016306886,0.542541443093519,0.4769402845563497,0.4113391260191803,0.3457379674820109,0.28013680894484155,0.21453565040767208,0.14893449187050273,0.08333333333333333,0.7777015889417953,0.6977857378158696
249,this has left the conservative opposition without an effective response .,that leaves the opposition and without any effective response .,"[[""conservative_opposition"", ""without"", ""effective_response""]]","[[""opposition"", ""without"", ""effective_response""]]",1.0,0.8667370676994324,0.7256529331207275,0.5,1.0,0.8290522632322676,0.8461470369090408,0.8632418105858142,0.8803365842625872,0.8974313579393605,0.9145261316161337,0.931620905292907,0.9487156789696802,0.9658104526464535,0.9829052263232267,1.0,0.8859749627496774,0.8508892475913139
250,a man is opening a door .,a man is cutting an onion .,"[[""man"", ""is_opening"", ""door""]]","[[""man"", ""is_cutting"", ""onion""]]",0.08333333333333333,0.20576485991477966,0.37676000595092773,0.08333333333333333,0.08333333333333333,0.31972323630837746,0.2960842460108731,0.27244525571336864,0.2488062654158642,0.2251672751183598,0.20152828482085539,0.17788929452335098,0.15425030422584657,0.13061131392834213,0.10697232363083774,0.08333333333333333,0.43915372662483027,0.6006442079908167
251,none of this absolves rich countries of their responsibility to help .,this does not however absolve the rich countries of their obligation to help .,"[[""rich_countries"", ""responsible_for"", ""help""], [""rich_countries"", ""have_responsibility_to"", ""help""]]","[[""rich_countries"", ""obligated_to"", ""help""], [""rich_countries"", ""have_obligation_to"", ""help""]]",1.0,0.9999999403953552,1.0,1.0,1.0,0.9438645347039717,0.9494780812335745,0.9550916277631774,0.9607051742927801,0.966318720822383,0.9719322673519859,0.9775458138815887,0.9831593604111915,0.9887729069407943,0.9943864534703972,1.0,0.9451902693769679,0.8457948359336698
252,a plane rides on a road .,an airplane moves along a runway .,"[[""plane"", ""rides_on"", ""road""]]","[[""airplane"", ""moves_along"", ""runway""]]",0.08333333333333333,0.0,0.0,0.0,0.08333333333333333,0.721798183696358,0.6579516986600554,0.5941052136237531,0.5302587285874506,0.4664122435511481,0.40256575851484566,0.3387192734785432,0.2748727884422408,0.2110263034059382,0.14717981836963578,0.08333333333333333,0.6570010828108734,0.6698809656959643
253,neither was there a qualified majority within this house to revert to article 272 .,there was no qualified majority in this parliament to go back to article 272 .,"[[""this_house"", ""lacks"", ""qualified_majority""], [""qualified_majority"", ""required_for"", ""revert_to_article_272""], [""this_house"", ""cannot_revert_to"", ""article_272""]]","[[""this_parliament"", ""lacks"", ""qualified_majority""], [""qualified_majority"", ""required_for"", ""go_back_to_article_272""], [""this_parliament"", ""cannot_go_back_to"", ""article_272""]]",0.6666666666666666,0.6803396344184875,0.6479377746582031,0.2916666666666667,0.75,0.9055073370495297,0.8899566033445767,0.8744058696396239,0.8588551359346707,0.8433044022297178,0.8277536685247648,0.8122029348198119,0.7966522011148589,0.7811014674099059,0.765550733704953,0.75,0.8772340122604689,0.9170432138746213
254,the price of a good or service,an assertion that someone is guilty of a fault or offence .,"[[""good_or_service"", ""has"", ""price""]]","[[""someone"", ""accused_of"", ""fault_or_offence""], [""fault_or_offence"", ""type_of"", ""guilt""], [""someone"", ""asserted_to_be"", ""guilty""]]",0.0,0.0,0.0,0.0,0.0,0.24089510771104533,0.2168055969399408,0.1927160861688363,0.1686265753977317,0.1445370646266272,0.12044755385552267,0.09635804308441814,0.07226853231331361,0.04817902154220906,0.02408951077110453,0.0,0.20693984271464544,0.3791585171343037
255,"founded in 1996 , the lendingtree exchange consists of more than 200 banks , lenders , and brokers .","lendingtree matches borrowers via the internet with more than 200 mortgage brokers , banks and other lenders .","[[""Lendingtree_Exchange"", ""founded_in"", ""1996""], [""Lendingtree_Exchange"", ""consists_of"", ""banks""], [""Lendingtree_Exchange"", ""consists_of"", ""lenders""], [""Lendingtree_Exchange"", ""consists_of"", ""brokers""], [""Lendingtree_Exchange"", ""number_of_participants"", ""more_than_200""]]","[[""Lendingtree"", ""matches"", ""borrowers""], [""Lendingtree"", ""matches_borrowers_via"", ""internet""], [""Lendingtree"", ""matches_with"", ""mortgage_brokers""], [""Lendingtree"", ""matches_with"", ""banks""], [""Lendingtree"", ""matches_with"", ""other_lenders""], [""Lendingtree"", ""number_of_matches"", ""more_than_200""]]",0.7607257743127307,0.0,0.5098351836204529,0.3086066999241838,0.6944444444444444,0.7654577522189165,0.7583564214414693,0.7512550906640221,0.7441537598865748,0.7370524291091277,0.7299510983316805,0.7228497675542332,0.715748436776786,0.7086471059993389,0.7015457752218917,0.6944444444444444,0.6684716857945038,0.7213498059487664
256,peter lyman and hal varian of berkeley 's school of information management and systems say that information production has increased by 30 percent each year between 1999 and 2002 .,"that task appealed to two masters of the megabyte , peter lyman and hal varian , professors at the university of california-berkeley 's school of information management and systems .","[[""Peter_Lyman"", ""affiliated_with"", ""Berkeley_School_of_Information_Management_and_Systems""], [""Hal_Varian"", ""affiliated_with"", ""Berkeley_School_of_Information_Management_and_Systems""], [""Peter_Lyman"", ""researched"", ""information_production""], [""Hal_Varian"", ""researched"", ""information_production""], [""information_production"", ""increased_by"", ""30_percent""], [""information_production"", ""occurred_between"", ""1999""], [""information_production"", ""occurred_between"", ""2002""]]","[[""Peter_Lyman"", ""professor_at"", ""University_of_California-Berkeley_School_of_Information_Management_and_Systems""], [""Hal_Varian"", ""professor_at"", ""University_of_California-Berkeley_School_of_Information_Management_and_Systems""], [""Peter_Lyman"", ""expert_in"", ""megabyte""], [""Hal_Varian"", ""expert_in"", ""megabyte""]]",0.14547859349066158,0.0,0.4629010856151581,0.0629940788348712,0.14547859349066158,0.7261567300923563,0.6680889164321867,0.6100211027720174,0.5519532891118478,0.4938854754516784,0.43581766179150894,0.3777498481313395,0.31968203447117005,0.2616142208110005,0.20354640715083103,0.14547859349066158,0.6382063256090995,0.7670648220264338
257,"the bodies of former invercargill man warren campbell , 32 , and climbing companion jonathan smith , 47 , were recovered from below mt d 'archiac late yesterday morning .","warren david campbell , 32 , and climbing companion jonathan smith , 47 , did not return as expected on tuesday from climbing on mt d 'archiac in the mckenzie district .","[[""Warren_Campbell"", ""age"", ""32""], [""Warren_Campbell"", ""from"", ""Invercargill""], [""Warren_Campbell"", ""body_recovered_from"", ""Mt_D_Archiac""], [""Jonathan_Smith"", ""age"", ""47""], [""Jonathan_Smith"", ""climbing_companion_of"", ""Warren_Campbell""], [""Jonathan_Smith"", ""body_recovered_from"", ""Mt_D_Archiac""], [""Mt_D_Archiac"", ""location_of"", ""body_recovery""]]","[[""Warren_David_Campbell"", ""age"", ""32""], [""Warren_David_Campbell"", ""climbing_on"", ""Mt_D_Archiac""], [""Warren_David_Campbell"", ""climbing_companion"", ""Jonathan_Smith""], [""Jonathan_Smith"", ""age"", ""47""], [""Jonathan_Smith"", ""climbing_on"", ""Mt_D_Archiac""], [""Jonathan_Smith"", ""climbing_companion_of"", ""Warren_David_Campbell""], [""Mt_D_Archiac"", ""located_in"", ""McKenzie_District""], [""Warren_David_Campbell"", ""did_not_return_from"", ""Mt_D_Archiac""], [""Jonathan_Smith"", ""did_not_return_from"", ""Mt_D_Archiac""]]",0.5143444998736397,0.5162548422813416,0.6241077184677124,0.4886272748799577,0.5143444998736397,0.9069348168254928,0.8676757851303075,0.8284167534351222,0.7891577217399369,0.7498986900447515,0.7106396583495662,0.6713806266543809,0.6321215949591956,0.5928625632640103,0.553603531568825,0.5143444998736397,0.7914833857583599,0.7404702544704658
258,gov. linda lingle and members of her staff were at the navy base and watched the launch .,gov. linda lingle and other dignitaries are scheduled to be at the base to watch the launch .,"[[""Linda_Lingle"", ""at"", ""Navy_Base""], [""Linda_Lingle"", ""member_of"", ""Staff""], [""Staff"", ""at"", ""Navy_Base""], [""Linda_Lingle"", ""watched"", ""Launch""], [""Staff"", ""watched"", ""Launch""]]","[[""Linda_Lingle"", ""scheduled_to_be_at"", ""Base""], [""Linda_Lingle"", ""watch"", ""Launch""], [""Dignitaries"", ""scheduled_to_be_at"", ""Base""], [""Dignitaries"", ""watch"", ""Launch""]]",0.2916666666666667,0.0,0.5369789004325867,0.08333333333333333,0.2916666666666667,0.7723600827781699,0.7242907411670196,0.6762213995558694,0.628152057944719,0.5800827163335686,0.5320133747224183,0.483944033111268,0.4358746915001177,0.3878053498889673,0.33973600827781697,0.2916666666666667,0.6841395306804381,0.6510147986650745
259,cooley said he expects muhammad will similarly be called as a witness at a pretrial hearing for malvo .,lee boyd malvo will be called as a witness wednesday in a pretrial hearing for fellow sniper suspect john allen muhammad .,"[[""Cooley"", ""expects"", ""Muhammad""], [""Muhammad"", ""to_be_called_as_witness"", ""pretrial_hearing""], [""pretrial_hearing"", ""for"", ""Malvo""]]","[[""Lee_Boyd_Malvo"", ""to_be_called_as_witness"", ""pretrial_hearing""], [""pretrial_hearing"", ""for"", ""John_Allen_Muhammad""], [""John_Allen_Muhammad"", ""fellow_sniper_suspect_of"", ""Lee_Boyd_Malvo""], [""pretrial_hearing"", ""scheduled_on"", ""Wednesday""]]",0.09622504486493763,0.0,0.39753925800323486,0.041666666666666664,0.09622504486493763,0.8413905951448357,0.7668740401168459,0.6923574850888562,0.6178409300608662,0.5433243750328764,0.4688078200048867,0.3942912649768969,0.3197747099489071,0.24525815492091724,0.17074159989292742,0.09622504486493763,0.7366795158624879,0.702121573906919
260,"marc garber , whitley 's attorney , had a different view .","whitley 's attorney , marc garber , called the ruling "" a huge victory . ""","[[""Marc_Garber"", ""attorney_of"", ""Whitley""], [""Marc_Garber"", ""had_view"", ""different_view""]]","[[""Marc_Garber"", ""attorney_of"", ""Whitley""], [""Marc_Garber"", ""described_ruling_as"", ""huge_victory""]]",0.4762896722078402,0.4109366536140442,0.6636295318603516,0.3888888888888889,0.4762896722078402,0.8486508199361447,0.8114147051633143,0.7741785903904839,0.7369424756176532,0.6997063608448228,0.6624702460719925,0.625234131299162,0.5879980165263315,0.550761901753501,0.5135257869806706,0.4762896722078402,0.8118839393339341,0.7870986071253694
261,the american conservatives are clearly in the minority within the episcopal church .,the letter indicates the vatican 's interest in bolstering conservatives within the episcopal church .,"[[""American_conservatives"", ""in_minority_within"", ""Episcopal_church""]]","[[""Vatican"", ""interested_in"", ""bolstering_conservatives""], [""bolstering_conservatives"", ""within"", ""Episcopal_church""]]",1.0,0.0,0.16806897521018982,0.408248290463863,1.0,0.8420211363728534,0.857819022735568,0.8736169090982828,0.8894147954609972,0.9052126818237121,0.9210105681864267,0.9368084545491413,0.9526063409118559,0.9684042272745707,0.9842021136372854,1.0,0.7962921061829324,0.7073615155475481
262,a woman is slicing a pumpkin .,a woman is riding an elephant .,"[[""woman"", ""slicing"", ""pumpkin""]]","[[""woman"", ""riding"", ""elephant""]]",0.08333333333333333,0.5131457448005676,0.5160723924636841,0.08333333333333333,0.08333333333333333,0.17481428060637574,0.1656661858790715,0.15651809115176726,0.14736999642446302,0.13822190169715878,0.12907380696985454,0.1199257122425503,0.11077761751524606,0.10162952278794181,0.09248142806063757,0.08333333333333333,0.2795510427599844,0.44469123971483476
263,a man jumping rope,a man is talking .,"[[""man"", ""action"", ""jumping_rope""]]","[[""man"", ""action"", ""talking""]]",0.08333333333333333,0.8854914307594299,0.7809332609176636,0.08333333333333333,0.08333333333333333,0.4834175262140193,0.4434091069259507,0.4034006876378821,0.36339226834981353,0.3233838490617449,0.2833754297736763,0.24336701048560772,0.20335859119753913,0.1633501719094705,0.12334175262140191,0.08333333333333333,0.6183389101538153,0.758856328550549
264,a man is kicking a soccer ball .,a man is mixing a bowl .,"[[""man"", ""kicking"", ""soccer_ball""]]","[[""man"", ""mixing"", ""bowl""]]",0.08333333333333333,0.19539271295070648,0.35691195726394653,0.08333333333333333,0.08333333333333333,0.18938318477837437,0.17877819963387026,0.16817321448936617,0.15756822934486206,0.14696324420035795,0.13635825905585386,0.12575327391134974,0.11514828876684566,0.10454330362234153,0.09393831847783743,0.08333333333333333,0.33906189233203965,0.42017024536441727
265,a man is dancing .,a man is riding a horse .,"[[""man"", ""is_dancing"", ""None""]]","[[""man"", ""is_riding"", ""horse""]]",0.08333333333333333,0.19655175507068634,0.5217701196670532,0.08333333333333333,0.08333333333333333,0.3089641338977957,0.2864010538413495,0.26383797378490326,0.24127489372845698,0.21871181367201073,0.1961487336155645,0.17358565355911829,0.15102257350267206,0.1284594934462258,0.10589641338977956,0.08333333333333333,0.4247962277694942,0.6088339568955005
266,"but from the american point of view , the international role of the dollar was a trap .","but the us point of view , the international role of the dollar was a trap .","[[""American"", ""point_of_view"", ""international_role_of_dollar""], [""international_role_of_dollar"", ""viewed_as"", ""trap""]]","[[""US"", ""point_of_view"", ""international_role_of_dollar""], [""international_role_of_dollar"", ""viewed_as"", ""trap""]]",1.0,0.7959270477294922,0.878862738609314,0.6666666666666666,1.0,0.9949614965799242,0.9954653469219318,0.9959691972639393,0.9964730476059469,0.9969768979479545,0.9974807482899621,0.9979845986319696,0.9984884489739773,0.9989922993159848,0.9994961496579924,1.0,0.9686193107652112,0.985165981630183
267,a woman is chopping an onion .,a woman is slicing partially into half of an onion .,"[[""woman"", ""chopping"", ""onion""]]","[[""woman"", ""slicing"", ""onion""], [""onion"", ""state"", ""half""]]",1.0,0.7552834749221802,0.7760157585144043,0.2041241452319315,1.0,0.950090689817229,0.9550816208355061,0.9600725518537832,0.9650634828720603,0.9700544138903374,0.9750453449086145,0.9800362759268916,0.9850272069451687,0.9900181379634458,0.9950090689817229,1.0,0.9187565415204754,0.7354131398650676
268,"recover , return to former state",return to a former condition .,"[[""recover"", ""means"", ""return_to_former_state""]]","[[""return"", ""means"", ""to_a_former_condition""]]",1.0,0.0,0.0,0.0,1.0,0.6845144634480841,0.7160630171032757,0.7476115707584674,0.7791601244136588,0.8107086780688504,0.842257231724042,0.8738057853792336,0.9053543390344252,0.9369028926896168,0.9684514463448084,1.0,0.7435861365558343,0.7082239736903548
269,three children are eating their food .,the deer jumped over the fence .,"[[""children"", ""are_eating"", ""food""], [""children"", ""number"", ""three""]]","[[""deer"", ""jumped_over"", ""fence""]]",0.0,0.0,0.0979587510228157,0.0,0.0,0.08992213339922311,0.0809299200593008,0.07193770671937849,0.06294549337945618,0.05395328003953387,0.04496106669961156,0.035968853359689246,0.026976640019766938,0.01798442667984462,0.00899221333992231,0.0,0.13576049313678346,0.2975897057174849
270,"but if europe 's performance continues to decline , would this perception survive ?",but this picture can survive a continuing decline ?,"[[""Europe"", ""performance_decline"", ""perception""]]","[[""picture"", ""can_survive"", ""decline""]]",0.0,0.0,0.0,0.0,0.0,0.41701627371790334,0.375314646346113,0.3336130189743227,0.2919113916025323,0.250209764230742,0.20850813685895167,0.16680650948716136,0.12510488211537102,0.08340325474358065,0.041701627371790326,0.0,0.32992703155517183,0.43716185593042933
271,"provide with rails , as by laying .",lay with rails .,"[[""rails"", ""used_for"", ""laying""]]","[[""rails"", ""used_for"", ""laying""]]",1.0,0.9999999403953552,1.0,1.0,1.0,0.9999999991361911,0.999999999222572,0.999999999308953,0.9999999993953337,0.9999999994817147,0.9999999995680955,0.9999999996544764,0.9999999997408573,0.9999999998272382,0.9999999999136191,1.0,0.9999999910593033,0.9999999439610208
272,pro-market economists don 't object to corporations that blatantly use snob appeal to promote their products .,the economists pro-market do not oppose the companies which openly use the attraction of the luxury to promote their products .,"[[""pro-market_economists"", ""do_not_object_to"", ""corporations""], [""corporations"", ""use"", ""snob_appeal""], [""snob_appeal"", ""used_for"", ""promoting_products""]]","[[""pro-market_economists"", ""do_not_oppose"", ""companies""], [""companies"", ""use"", ""attraction_of_luxury""], [""attraction_of_luxury"", ""used_for"", ""promoting_products""]]",0.375,0.33102136850357056,0.5780520439147949,0.2916666666666667,0.375,0.7450120405479997,0.7080108364931997,0.6710096324383998,0.6340084283835998,0.5970072243287998,0.5600060202739998,0.5230048162191998,0.4860036121643999,0.44900240810959996,0.4120012040548,0.375,0.7786924534160894,0.7341802877722916
273,"the company will launch 800 hot spots , or "" wi-fi zones , "" later this summer , and plans to have more than 2,100 by the end of the year .","the service will launch later this summer with 800 locations , and sprint plans 2,100 locations by the end of the year .","[[""company"", ""will_launch"", ""800_hot_spots""], [""800_hot_spots"", ""also_known_as"", ""wi-fi_zones""], [""company"", ""plans_to_have"", ""more_than_2,100_hot_spots""], [""more_than_2,100_hot_spots"", ""launch_by"", ""end_of_the_year""]]","[[""service"", ""will_launch"", ""later_this_summer""], [""service"", ""will_launch_with"", ""800_locations""], [""sprint"", ""plans"", ""2,100_locations""], [""2,100_locations"", ""planned_by"", ""end_of_the_year""]]",0.28867513459481287,0.0,0.00039114244282245636,0.18257418583505539,0.22360679774997896,0.6885340841438153,0.6420413555044318,0.5955486268650481,0.5490558982256644,0.5025631695862808,0.45607044094689714,0.4095777123075135,0.3630849836681299,0.3165922550287462,0.2700995263893626,0.22360679774997896,0.6317528030910091,0.6782231982206168
274,a man is preparing a snake for cooking .,the man is dropping sliced cucumbers into water .,"[[""man"", ""preparing"", ""snake""], [""snake"", ""being_prepared_for"", ""cooking""], [""man"", ""cooking"", ""snake""]]","[[""man"", ""dropping"", ""sliced_cucumbers""], [""sliced_cucumbers"", ""being_dropped_into"", ""water""], [""man"", ""interacting_with"", ""water""]]",0.05555555555555555,0.0,0.21827757358551025,0.05555555555555555,0.05555555555555555,0.4367334806368571,0.3986156881287269,0.3604978956205968,0.3223801031124666,0.28426231060433643,0.2461445180962063,0.20802672558807617,0.16990893307994603,0.13179114057181585,0.09367334806368569,0.05555555555555555,0.44024326333142355,0.43023322617827886
275,a woman is slicing some tomatoes .,a woman is chopping a potato .,"[[""woman"", ""slicing"", ""tomatoes""]]","[[""woman"", ""chopping"", ""potato""]]",0.08333333333333333,0.1729341447353363,0.41785430908203125,0.08333333333333333,0.08333333333333333,0.7121892241057554,0.6493036350285132,0.586418045951271,0.5235324568740287,0.46064686779678654,0.39776127871954436,0.33487568964230213,0.27199010056505996,0.20910451148781772,0.14621892241057552,0.08333333333333333,0.7357086380794116,0.6977255040358916
276,escape or avoid a situation or responsibility,use cunning or deceit to escape or avoid .,"[[""situation"", ""can_be_avoided_by"", ""escape""], [""responsibility"", ""can_be_avoided_by"", ""escape""], [""situation"", ""can_be_avoided_by"", ""avoid""], [""responsibility"", ""can_be_avoided_by"", ""avoid""]]","[[""cunning"", ""used_to"", ""escape""], [""deceit"", ""used_to"", ""escape""], [""cunning"", ""used_to"", ""avoid""], [""deceit"", ""used_to"", ""avoid""], [""situation"", ""can_be_avoided_by"", ""cunning""], [""situation"", ""can_be_avoided_by"", ""deceit""], [""situation"", ""can_be_avoided_by"", ""escape""], [""situation"", ""can_be_avoided_by"", ""avoid""]]",0.4330127018922193,0.03767841309309006,0.7009922862052917,0.11180339887498948,0.4330127018922193,0.9421152957468187,0.8912050363613588,0.8402947769758988,0.7893845175904388,0.738474258204979,0.687563998819519,0.636653739434059,0.5857434800485992,0.5348332206631392,0.4839229612776792,0.4330127018922193,0.9508466106569531,0.7562690727523431
277,( parliament adopted the legislative resolution ),( parliament adopted the legislative resolution ),"[[""parliament"", ""adopted"", ""legislative_resolution""]]","[[""parliament"", ""adopted"", ""legislative_resolution""]]",1.0,1.0,0.9999999403953552,1.0,1.0,0.9999999174469212,0.9999999257022291,0.999999933957537,0.9999999422128447,0.9999999504681527,0.9999999587234606,0.9999999669787685,0.9999999752340764,0.9999999834893842,0.9999999917446921,1.0,1.0,0.9999999901975523
278,committee with supervisory powers,a committee having supervisory powers .,"[[""committee"", ""has"", ""supervisory_powers""]]","[[""committee"", ""has"", ""supervisory_powers""]]",1.0,1.0,1.0,1.0,1.0,0.9999999991528936,0.9999999992376043,0.999999999322315,0.9999999994070254,0.9999999994917361,0.9999999995764468,0.9999999996611575,0.9999999997458681,0.9999999998305787,0.9999999999152893,1.0,0.9999999284744192,0.9999999905335273
279,"several relatives of australian victims of the attack were in court to witness the proceedings , but few balinese attended the trial .","several relatives of australian victims of the attack sat in the front row of the court , but few balinese attended the trial .","[[""Australian_victims"", ""relatives_of"", ""relatives""], [""relatives"", ""attended"", ""court""], [""relatives"", ""witnessed"", ""proceedings""], [""Balisene"", ""attended"", ""trial""], [""trial"", ""held_in"", ""court""], [""attack"", ""had_victims"", ""Australian_victims""], [""Australian_victims"", ""from"", ""Australia""]]","[[""Australian_victims"", ""relatives_of"", ""relatives""], [""relatives"", ""sat_in"", ""front_row""], [""front_row"", ""located_in"", ""court""], [""relatives"", ""attended"", ""trial""], [""Balisene"", ""attended"", ""trial""], [""trial"", ""held_in"", ""court""], [""attack"", ""had_victims"", ""Australian_victims""], [""Australian_victims"", ""from"", ""Australia""]]",0.4008918628686366,0.6657856106758118,0.8370570540428162,0.3958333333333333,0.4008918628686366,0.9797793185095108,0.9218905729454234,0.864001827381336,0.8061130818172485,0.7482243362531612,0.6903355906890737,0.6324468451249863,0.574558099560899,0.5166693539968115,0.458780608432724,0.4008918628686366,0.967524328553461,0.9093411846867764
280,a man is cycling .,a man is talking .,"[[""man"", ""is_cycling"", ""True""]]","[[""man"", ""is_talking"", ""True""]]",1.0,1.0,0.9999999403953552,1.0,1.0,0.6653712112141742,0.6988340900927568,0.7322969689713394,0.7657598478499219,0.7992227267285046,0.832685605607087,0.8661484844856697,0.8996113633642522,0.9330742422428349,0.9665371211214174,1.0,0.726905802818022,0.668687301005586
281,"frank quattrone , the former credit suisse first boston technology investment-banking guru , reportedly pleaded not guilty tuesday to charges of obstruction of justice and witness tampering .",new york - ( dow jones ) - former star investment banker frank quattrone pleaded not guilty tuesday to criminal charges of obstruction of justice and witness tampering .,"[[""Frank_Quattrone"", ""occupation"", ""investment_banking_guru""], [""Frank_Quattrone"", ""former_employer"", ""Credit_Suisse_First_Boston""], [""Frank_Quattrone"", ""pleaded"", ""not_guilty""], [""Frank_Quattrone"", ""charged_with"", ""obstruction_of_justice""], [""Frank_Quattrone"", ""charged_with"", ""witness_tampering""], [""obstruction_of_justice"", ""type_of"", ""charge""], [""witness_tampering"", ""type_of"", ""charge""]]","[[""Frank_Quattrone"", ""occupation"", ""investment_banker""], [""Frank_Quattrone"", ""pleaded"", ""not_guilty""], [""Frank_Quattrone"", ""charged_with"", ""obstruction_of_justice""], [""Frank_Quattrone"", ""charged_with"", ""witness_tampering""], [""obstruction_of_justice"", ""type_of"", ""criminal_charge""], [""witness_tampering"", ""type_of"", ""criminal_charge""], [""New_York"", ""location_of"", ""court""]]",0.38575837490522974,0.2862662076950073,0.7636507749557495,0.2004459314343183,0.38575837490522974,0.9521839171736503,0.8955413629468082,0.8388988087199661,0.782256254493124,0.725613700266282,0.66897114603944,0.6123285918125979,0.555686037585756,0.4990434833589138,0.4424009291320718,0.38575837490522974,0.9100970745525745,0.7835223329610974
282,"indeed , the french philosopher marcel gauchet entitled a recent book democracy against itself .",we can also note that the french philosopher marcel gauchet entitled the recent books against democracy itself .,"[[""Marcel_Gauchet"", ""entitled"", ""democracy_against_itself""], [""Marcel_Gauchet"", ""nationality"", ""French""], [""democracy_against_itself"", ""written_by"", ""Marcel_Gauchet""]]","[[""Marcel_Gauchet"", ""entitled"", ""against_democracy_itself""], [""Marcel_Gauchet"", ""nationality"", ""French""], [""against_democracy_itself"", ""written_by"", ""Marcel_Gauchet""]]",1.0,0.9511715173721313,0.8953939080238342,0.3888888888888889,1.0,0.9897400615808255,0.990766055422743,0.9917920492646604,0.9928180431065778,0.9938440369484953,0.9948700307904128,0.9958960246323302,0.9969220184742477,0.997948012316165,0.9989740061580825,1.0,0.9894975474779363,0.9965400600409045
52,there must be a balance as a whole .,the unity must be in balance .,"[[""balance"", ""required_for"", ""whole""]]","[[""unity"", ""requires"", ""balance""]]",0.08333333333333333,0.5054710507392883,0.39983734488487244,0.08333333333333333,0.08333333333333333,0.5496327271500625,0.5030027877683896,0.4563728483867167,0.40974290900504373,0.3631129696233708,0.31648303024169794,0.269853090860025,0.2232231514783521,0.17659321209667914,0.12996327271500624,0.08333333333333333,0.6311319636319714,0.6757215302607638
55,some results are remarkable .,some results .,[],[],,,,,,,,,,,,,,,,,,
96,then perhaps we could have avoided a catastrophe .,perhaps we should have been able to prevent a disaster .,[],[],,,,,,,,,,,,,,,,,,
112,there must be a balance as a whole .,the whole must be in balance .,"[[""balance"", ""required_for"", ""whole""]]","[[""whole"", ""requires"", ""balance""]]",0.16666666666666666,0.9999999403953552,1.0,0.16666666666666666,0.16666666666666666,0.7943664084216265,0.7315964342461306,0.6688264600706346,0.6060564858951386,0.5432865117196426,0.4805165375441466,0.4177465633686506,0.35497658919315467,0.2922066150176586,0.22943664084216264,0.16666666666666666,0.8518976654411472,0.8554506509482596
113,"thank you , commissioner .","thank you , commissioner .","[[""commissioner"", ""received_thanks_from"", ""unknown_entity""]]","[[""commissioner"", ""received_thanks_from"", ""unknown_entity""]]",1.0,1.0,0.9999999403953552,1.0,1.0,0.999999915608634,0.9999999240477706,0.9999999324869073,0.9999999409260438,0.9999999493651804,0.999999957804317,0.9999999662434536,0.9999999746825903,0.9999999831217268,0.9999999915608634,1.0,1.0,0.999999992054852
119,forcefully request,request urgently and forcefully .,[],[],,,,,,,,,,,,,,,,,,
147,change one for another,"give to , and receive from , one another .",[],[],,,,,,,,,,,,,,,,,,
148,( cause to ) survive,cause to move by pulling .,[],"[[""cause"", ""results_in"", ""move""], [""move"", ""caused_by"", ""pulling""]]",,,,,,,,,,,,,,,,,,
149,then perhaps we could have avoided a catastrophe .,we would perhaps have been able to then avoid a disaster .,[],[],,,,,,,,,,,,,,,,,,
159,[ provide with a new or different resting place,provide with a new seat .,"[[""new"", ""relation"", ""resting_place""]]","[[""new"", ""relation"", ""seat""]]",0.08333333333333333,0.7145282626152039,0.7601358890533447,0.08333333333333333,0.08333333333333333,0.6142027803971202,0.5611158356907415,0.5080288909843629,0.4549419462779841,0.4018550015716054,0.34876805686522677,0.29568111215884807,0.2425941674524694,0.18950722274609066,0.13642027803971202,0.08333333333333333,0.7332307317596117,0.7149353713229673
186,then perhaps we could have avoided a catastrophe .,we maybe then could have avoided a catastrophe .,[],[],,,,,,,,,,,,,,,,,,
229,impress or affect deeply ( emotionally ) .,impress or affect deeply .,"[[""impress"", ""synonym"", ""affect_deeply""], [""impress"", ""relation"", ""emotionally""], [""affect_deeply"", ""relation"", ""emotionally""]]","[[""impress"", ""synonym"", ""affect_deeply""]]",0.13608276348795434,0.608869194984436,0.8495690822601318,0.13608276348795434,0.13608276348795434,0.8303380548039146,0.7609125256723187,0.6914869965407225,0.6220614674091265,0.5526359382775305,0.4832104091459345,0.41378488001433844,0.34435935088274244,0.2749338217511464,0.20550829261955036,0.13608276348795434,0.8488718906395323,0.8671342886111031
283,"stick out , jut out , protrude",extend out or project in space .,"[[""stick_out"", ""synonym_of"", ""jut_out""], [""stick_out"", ""synonym_of"", ""protrude""], [""jut_out"", ""synonym_of"", ""protrude""]]","[[""extend_out"", ""meaning"", ""project_in_space""]]",0.0,0.0,0.0,0.0,0.0,0.45960137743633267,0.4136412396926994,0.36768110194906617,0.32172096420543284,0.2757608264617996,0.22980068871816633,0.18384055097453308,0.13788041323089983,0.09192027548726651,0.04596013774363326,0.0,0.45524869150618463,0.48972522915207095
284,"they are ignorant , poor , and sick .","they are poor , sick and uncultivated .","[[""they"", ""are"", ""ignorant""], [""they"", ""are"", ""poor""], [""they"", ""are"", ""sick""]]","[[""they"", ""are"", ""poor""], [""they"", ""are"", ""sick""], [""they"", ""are"", ""uncultivated""]]",0.6254627916220946,0.829979658126831,0.9037465453147888,0.5416666666666666,0.6254627916220946,0.9236892804665549,0.8938666315821089,0.8640439826976628,0.8342213338132167,0.8043986849287708,0.7745760360443248,0.7447533871598787,0.7149307382754326,0.6851080893909867,0.6552854405065406,0.6254627916220946,0.9241512550427109,0.7308623556311169
285,partake or provide a banquet,partake in a feast or banquet .,"[[""banquet"", ""provided_by"", ""partake""], [""partake"", ""provides"", ""banquet""]]","[[""feast"", ""partaken_in"", ""partake""], [""banquet"", ""partaken_in"", ""partake""], [""partake"", ""partakes_in"", ""feast""], [""partake"", ""partakes_in"", ""banquet""]]",0.16666666666666666,0.7974249124526978,0.8270677328109741,0.13608276348795434,0.16666666666666666,0.8882402351256891,0.8160828782797869,0.7439255214338846,0.6717681645879824,0.5996108077420801,0.5274534508961779,0.4552960940502756,0.3831387372043734,0.3109813803584711,0.23882402351256887,0.16666666666666666,0.8098604844918952,0.7405524524106928
286,chechen officials working for the moscow-backed government are a frequent target for rebels and tension is running high ahead of next sunday 's presidential election in war-torn chechnya .,"officials in chechnya 's moscow-backed government are a frequent target for rebels , and tension is running high ahead of sunday 's presidential election in the war-ravaged region .","[[""Chechen_officials"", ""working_for"", ""Moscow-backed_government""], [""Chechen_officials"", ""frequent_target_for"", ""rebels""], [""tension"", ""running_high"", ""ahead_of_presidential_election""], [""presidential_election"", ""taking_place_in"", ""Chechnya""], [""Chechnya"", ""described_as"", ""war-torn""], [""presidential_election"", ""scheduled_for"", ""next_Sunday""]]","[[""officials"", ""working_for"", ""Moscow-backed_government_in_Chechnya""], [""officials"", ""frequent_target_for"", ""rebels""], [""tension"", ""running_high"", ""ahead_of_presidential_election""], [""presidential_election"", ""taking_place_in"", ""Chechnya""], [""Chechnya"", ""described_as"", ""war-ravaged""], [""presidential_election"", ""scheduled_for"", ""Sunday""]]",0.6236095644623235,0.701583743095398,0.7202711701393127,0.37037037037037035,0.8910563851303022,0.9715977876080315,0.9635436473602585,0.9554895071124857,0.9474353668647126,0.9393812266169398,0.9313270863691668,0.923272946121394,0.915218805873621,0.907164665625848,0.8991105253780751,0.8910563851303022,0.9378846366108053,0.9837190997557326
287,the recording industry association of america says it plans to sue the song traders next month .,"that is , if the recording industry association of america has anything to say about it .","[[""Recording_Industry_Association_of_America"", ""plans_to_sue"", ""Song_Traders""], [""Recording_Industry_Association_of_America"", ""sue_in"", ""next_month""]]","[[""Recording_Industry_Association_of_America"", ""has_say_in"", ""matter""]]",0.06804138174397717,0.2536157965660095,0.35697734355926514,0.06804138174397717,0.06804138174397717,0.5721763697833581,0.52176287097942,0.4713493721754819,0.42093587337154376,0.37052237456760573,0.32010887576366764,0.26969537695972956,0.21928187815579148,0.16886837935185334,0.11845488054791525,0.06804138174397717,0.5100049275697842,0.6501919874271271
288,a man is seasoning some carrots .,a woman is slicing garlic .,"[[""man"", ""seasoning"", ""carrots""]]","[[""woman"", ""slicing"", ""garlic""]]",0.0,0.0,0.0,0.0,0.0,0.44168088575667963,0.3975127971810117,0.3533447086053437,0.3091766200296757,0.26500853145400777,0.22084044287833982,0.17667235430267186,0.1325042657270039,0.0883361771513359,0.04416808857566795,0.0,0.3873056912035213,0.43957040182674567
289,"as i already explained during second reading , there is a crisis underlying this directive amendment .","as i have already explained , at second reading , a crisis is at the root of this modification of directive .","[[""i"", ""explained_during"", ""second_reading""], [""second_reading"", ""has"", ""crisis""], [""crisis"", ""underlying"", ""directive_amendment""]]","[[""i"", ""explained_at"", ""second_reading""], [""second_reading"", ""has"", ""crisis""], [""crisis"", ""at_root_of"", ""modification_of_directive""]]",1.0,0.4563138484954834,0.7066069841384888,0.25,1.0,0.9439365483612341,0.9495428935251107,0.9551492386889873,0.9607555838528639,0.9663619290167405,0.971968274180617,0.9775746193444936,0.9831809645083702,0.9887873096722468,0.9943936548361234,1.0,0.8638488464823851,0.9213136132473481
290,maij-weggen report ( a5-0323 / 2000 ),mrs maij-weggen 's report ( 5 / 2000 ),"[[""maij-weggen_report"", ""identified_as"", ""A5-0323_2000""]]","[[""mrs_maij-weggen"", ""author_of"", ""report""], [""report"", ""identified_as"", ""5_2000""], [""mrs_maij-weggen"", ""related_to"", ""maij-weggen_report""]]",0.08333333333333333,0.0832986980676651,0.4155484735965729,0.05892556509887897,0.08333333333333333,0.7079113753738271,0.6454535711697778,0.5829957669657284,0.520537962761679,0.45808015855762957,0.39562235435358023,0.33316455014953084,0.2707067459454815,0.20824894174143205,0.1457911375373827,0.08333333333333333,0.5721153222302598,0.6826764300761565
291,"the statewide unemployment rate fell to 6.4 percent , down from a revised 6.7 percent in august .","the unemployment rate in san joaquin county dipped last month to 8.5 percent , down nearly a full percentage point from august .","[[""statewide_unemployment_rate"", ""fell_to"", ""6.4_percent""], [""statewide_unemployment_rate"", ""was_revised_from"", ""6.7_percent""], [""6.7_percent"", ""occurred_in"", ""august""]]","[[""unemployment_rate_in_san_joaquin_county"", ""dipped_to"", ""8.5_percent""], [""8.5_percent"", ""decrease_from"", ""august""], [""unemployment_rate_in_san_joaquin_county"", ""decreased_by"", ""nearly_a_full_percentage_point""], [""unemployment_rate_in_san_joaquin_county"", ""occurred_in"", ""last_month""], [""last_month"", ""compared_to"", ""august""]]",0.6254627916220946,0.0,0.10288281738758087,0.037267799624996496,0.560448538317805,0.7286922993239425,0.7118679232233288,0.695043547122715,0.6782191710221012,0.6613947949214876,0.6445704188208737,0.6277460427202599,0.6109216666196462,0.5940972905190325,0.5772729144184187,0.560448538317805,0.6526374712013925,0.6602231778985327
292,a woman is cracking eggs .,a man is talking to a woman .,"[[""woman"", ""cracking"", ""eggs""]]","[[""man"", ""talking_to"", ""woman""]]",0.08333333333333333,0.4577190577983856,0.38375407457351685,0.08333333333333333,0.08333333333333333,0.246843679338307,0.23049264473780964,0.21414161013731228,0.1977905755368149,0.18143954093631753,0.16508850633582017,0.1487374717353228,0.13238643713482545,0.11603540253432806,0.09968436793383069,0.08333333333333333,0.3148147057631439,0.41180628910339445
293,fill with high spirits,fill with high spirits ; fill with optimism .,[],[],,,,,,,,,,,,,,,,,,
294,move in an irregular course,move to and fro or from place to place usually in an irregular course .,"[[""move"", ""has_course"", ""irregular_course""]]","[[""move"", ""has_direction"", ""to_and_fro""], [""move"", ""has_direction"", ""from_place_to_place""], [""move"", ""has_course"", ""irregular_course""]]",1.0,0.34817084670066833,0.514864444732666,0.41247895569215276,1.0,0.9999999991025488,0.9999999991922939,0.999999999282039,0.9999999993717841,0.9999999994615293,0.9999999995512744,0.9999999996410195,0.9999999997307647,0.9999999998205098,0.9999999999102549,1.0,0.9999999940395355,0.8573752025070379
295,"on saturday , a 149mph serve against agassi equalled rusedski 's world record .","on saturday , roddick equalled the world record with a 149 m.p.h. serve in beating andre agassi .","[[""Rusedski"", ""equalled"", ""world_record""], [""world_record"", ""speed"", ""149mph""], [""Rusedski"", ""achieved_on"", ""Saturday""], [""Rusedski"", ""competed_against"", ""Agassi""]]","[[""Roddick"", ""equalled"", ""world_record""], [""world_record"", ""speed"", ""149_m.p.h.""], [""Roddick"", ""achieved_on"", ""Saturday""], [""Roddick"", ""competed_against"", ""Andre_Agassi""], [""Roddick"", ""won_against"", ""Andre_Agassi""]]",0.8,0.3260622024536133,0.3927467465400696,0.23333333333333334,0.8,0.67855832752405,0.6907024947716449,0.7028466620192401,0.714990829266835,0.72713499651443,0.7392791637620251,0.75142333100962,0.7635674982572149,0.7757116655048101,0.7878558327524051,0.8,0.7826684067246117,0.6563683736028345
296,a woman is sewing on a machine .,a woman is breading some meat .,"[[""woman"", ""action"", ""sewing""], [""woman"", ""using"", ""machine""], [""sewing"", ""location"", ""on_machine""]]","[[""woman"", ""action"", ""breading""], [""woman"", ""manipulating"", ""meat""], [""breading"", ""object"", ""meat""]]",0.048112522432468816,0.0,0.2638125717639923,0.048112522432468816,0.048112522432468816,0.5452539794963744,0.49553983378998384,0.44582568808359335,0.3961115423772027,0.3463973966708122,0.2966832509644216,0.2469691052580311,0.19725495955164052,0.14754081384524992,0.09782666813885937,0.048112522432468816,0.5233717815603706,0.5408207871740102
297,"unfortunately , others separate on the basis of accumulated hatred .",other separate unfortunately because of resentment accumulated .,"[[""others"", ""separate_on_basis_of"", ""accumulated_hatred""], [""others"", ""separate"", ""on_basis_of_accumulated_hatred""], [""accumulated_hatred"", ""basis_of_separation_for"", ""others""]]","[[""other"", ""separate_because_of"", ""resentment_accumulated""], [""other"", ""separate"", ""due_to_resentment""], [""resentment_accumulated"", ""reason_for_separation"", ""other""]]",1.0,0.0,0.0,0.0,0.6851601597031488,0.7805100226027277,0.7709750363127699,0.761440050022812,0.7519050637328539,0.7423700774428961,0.7328350911529382,0.7233001048629804,0.7137651185730225,0.7042301322830646,0.6946951459931067,0.6851601597031488,0.7631980083432831,0.7412614555447516
298,"mr. bush had sought to store his papers in his father 's presidential library , where they would have stayed secret for a half-century .","in texas , public watchdog groups opposed mr. bush 's efforts to house his papers at his father 's presidential library , where they would have remained secret for a half-century .","[[""Mr._Bush"", ""sought_to_store"", ""his_papers""], [""his_papers"", ""would_be_stored_at"", ""his_father\""s_presidential_library""], [""his_papers"", ""would_remain_secret_for"", ""half-century""], [""his_father\""s_presidential_library"", ""belonged_to"", ""Mr._Bush\""s_father""]]","[[""Mr._Bush"", ""sought_to_house"", ""his_papers""], [""his_papers"", ""would_be_housed_at"", ""his_father\""s_presidential_library""], [""his_papers"", ""would_remain_secret_for"", ""half-century""], [""Public_watchdog_groups"", ""opposed"", ""Mr._Bush\""s_efforts""], [""Mr._Bush\""s_efforts"", ""involved"", ""housing_his_papers_at_his_father\""s_presidential_library""], [""his_father\""s_presidential_library"", ""located_in"", ""Texas""], [""his_father\""s_presidential_library"", ""belonged_to"", ""Mr._Bush\""s_father""]]",1.0,0.5462106466293335,0.6082816123962402,0.4472135954999579,1.0,0.9858290137828185,0.9872461124045366,0.9886632110262548,0.9900803096479729,0.9914974082696911,0.9929145068914093,0.9943316055131274,0.9957487041348456,0.9971658027565637,0.9985829013782819,1.0,0.9514054189552772,0.9050156634612562
299,we often pontificate here about being the representatives of the citizens of europe .,we are proud often here to represent the citizens of europe .,"[[""we"", ""represent"", ""citizens_of_europe""], [""citizens_of_europe"", ""from"", ""Europe""]]","[[""we"", ""represent"", ""citizens_of_europe""], [""citizens_of_europe"", ""from"", ""Europe""]]",1.0,1.0,1.0,1.0,1.0,1.0,1.0,1.0,1.0,1.0,1.0,1.0,1.0,1.0,1.0,1.0,0.9999999463558179,0.9999999905338399
300,today 's great pax europa and today 's pan-european prosperity depend on this .,"the large europa of today , just as the prosperity , depends on it .","[[""great_pax_europa"", ""depends_on"", ""it""], [""pan-european_prosperity"", ""depends_on"", ""it""]]","[[""large_europa"", ""depends_on"", ""it""], [""prosperity"", ""depends_on"", ""it""]]",0.6666666666666666,0.8802301287651062,0.7281889319419861,0.05555555555555555,0.6666666666666666,0.8525409377533861,0.8339535106447142,0.8153660835360422,0.7967786564273702,0.7781912293186983,0.7596038022100264,0.7410163751013544,0.7224289479926824,0.7038415208840105,0.6852540937753385,0.6666666666666666,0.8171882988915447,0.8801839313890096
301,"likewise , the 30-year bond < us30yt = rr > slid 1-11 / 32 for a yield of 4.38 percent , up from 4.30 percent .","the 30-year bond us30yt = rr jumped 20 / 32 , taking its yield to 4.14 percent from 4.18 percent .","[[""30-year_bond"", ""slid"", ""1-11/32""], [""30-year_bond"", ""yield"", ""4.38_percent""], [""4.38_percent"", ""up_from"", ""4.30_percent""]]","[[""30-year_bond"", ""jumped"", ""20/32""], [""30-year_bond"", ""yield"", ""4.14_percent""], [""4.14_percent"", ""down_from"", ""4.18_percent""]]",1.0,0.03104235976934433,0.36876019835472107,0.041666666666666664,0.560448538317805,0.9229237252854203,0.8866762065886588,0.8504286878918973,0.8141811691951356,0.7779336504983743,0.7416861318016126,0.7054386131048511,0.6691910944080897,0.632943575711328,0.5966960570145665,0.560448538317805,0.8139638422011083,0.8891626669583154
302,the ( period of ) control of a country by military forces of a foreign power .,the control of a country by military forces of a foreign power .,"[[""country"", ""controlled_by"", ""military_forces""], [""military_forces"", ""belong_to"", ""foreign_power""]]","[[""country"", ""controlled_by"", ""military_forces""], [""military_forces"", ""belong_to"", ""foreign_power""]]",1.0,0.9999998807907104,1.0,1.0,1.0,1.0,1.0,1.0,1.0,1.0,1.0,1.0,1.0,1.0,1.0,1.0,0.9999999821186065,0.9999999912653568
303,a man is dancing .,a man is eating bread .,"[[""man"", ""is_dancing"", ""none""]]","[[""man"", ""is_eating"", ""bread""]]",0.08333333333333333,0.31849589943885803,0.43029892444610596,0.08333333333333333,0.08333333333333333,0.34720756531322755,0.3208201421152382,0.2944327189172487,0.2680452957192593,0.24165787252126986,0.21527044932328043,0.188883026125291,0.1624956029273016,0.13610817972931216,0.10972075653132274,0.08333333333333333,0.4294520117081898,0.5260739229303135
304,"the broader standard & poor 's 500 index .spx fell 3 points , or 0.30 percent , to 995 .","the technology-laced nasdaq composite index < .ixic > added 1.92 points , or 0.12 percent , at 1,647.94 .","[[""SP_500_index"", ""fell"", ""3_points""], [""SP_500_index"", ""decreased_by_percentage"", ""0.30_percent""], [""SP_500_index"", ""closed_at"", ""995""]]","[[""Nasdaq_Composite_Index"", ""added"", ""1.92_points""], [""Nasdaq_Composite_Index"", ""increased_by_percentage"", ""0.12_percent""], [""Nasdaq_Composite_Index"", ""closed_at"", ""1647.94""]]",0.0,0.0,0.0,0.0,0.0,0.3799287098905814,0.3419358389015233,0.30394296791246517,0.265950096923407,0.22795722593434883,0.1899643549452907,0.15197148395623258,0.11397861296717444,0.07598574197811626,0.03799287098905813,0.0,0.36907213074083034,0.5695487848329011
305,the man is using a camera to hammer a nail .,someone is banging a camera lense against a nail .,"[[""man"", ""using"", ""camera""], [""camera"", ""used_as"", ""hammer""], [""man"", ""hammering"", ""nail""], [""camera"", ""hammering"", ""nail""]]","[[""someone"", ""banging"", ""camera_lense""], [""camera_lense"", ""banging_against"", ""nail""], [""someone"", ""banging"", ""nail""]]",0.3367876570272817,0.0,0.16950789093971252,0.28867513459481287,0.3367876570272817,0.791345359880464,0.7458895895951457,0.7004338193098275,0.6549780490245093,0.6095222787391911,0.5640665084538729,0.5186107381685546,0.4731549678832364,0.42769919759791813,0.3822434273125999,0.3367876570272817,0.675422547039831,0.7329032980276101
306,a man and woman is riding in a car .,a woman is frying shrimp .,"[[""man"", ""riding_with"", ""woman""], [""man"", ""riding_in"", ""car""], [""woman"", ""riding_with"", ""man""], [""woman"", ""riding_in"", ""car""]]","[[""woman"", ""frying"", ""shrimp""]]",0.06804138174397717,0.0,0.3815802335739136,0.06804138174397717,0.06804138174397717,0.09718986752715585,0.09427501894883798,0.09136017037052012,0.08844532179220223,0.08553047321388438,0.08261562463556651,0.07970077605724864,0.07678592747893077,0.0738710789006129,0.07095623032229503,0.06804138174397717,0.2328386641654839,0.48383157888021666
307,a man is playing a flute in a band .,a man is playing a guitar .,"[[""man"", ""playing"", ""flute""], [""man"", ""member_of"", ""band""], [""flute"", ""played_by"", ""man""], [""man"", ""plays_in"", ""band""]]","[[""man"", ""playing"", ""guitar""]]",0.4762896722078402,0.5523313879966736,0.49621522426605225,0.06804138174397717,0.4762896722078402,0.5300608394100899,0.5246837226898649,0.51930660596964,0.513929489249415,0.50855237252919,0.503175255808965,0.49779813908874004,0.4924210223685151,0.48704390564829014,0.48166678892806514,0.4762896722078402,0.6069261965582127,0.7290523256292539
308,"shares of lendingtree rose $ 6.21 , or 42 percent , to $ 20.90 after hitting $ 21.36 earlier .","lendingtree shares rose 43 percent , or $ 6.31 , to $ 21 , more than doubling in the last two months .","[[""Lendingtree"", ""rose"", ""$6.21""], [""Lendingtree"", ""rose_percentage"", ""42_percent""], [""Lendingtree"", ""price"", ""$20.90""], [""Lendingtree"", ""previous_high"", ""$21.36""]]","[[""Lendingtree"", ""rose"", ""$6.31""], [""Lendingtree"", ""rose_percentage"", ""43_percent""], [""Lendingtree"", ""price"", ""$21""], [""Lendingtree"", ""timeframe_for_doubling"", ""two_months""]]",0.6254627916220946,0.3741324543952942,0.5608389377593994,0.03333333333333333,0.7080881928749334,0.9645004950667692,0.9388592648475856,0.913218034628402,0.8875768044092184,0.8619355741900347,0.8362943439708512,0.8106531137516677,0.7850118835324842,0.7593706533133006,0.733729423094117,0.7080881928749334,0.9022679887957672,0.785774420430436
309,"initiation , founding , introduction of something",the act of starting something for the first time ; introducing something new .,"[[""initiation"", ""synonym_of"", ""founding""], [""initiation"", ""synonym_of"", ""introduction_of_something""], [""founding"", ""synonym_of"", ""introduction_of_something""]]","[[""act_of_starting_something"", ""description"", ""introducing_something_new""], [""act_of_starting_something"", ""characterized_by"", ""first_time""], [""introducing_something_new"", ""related_to"", ""act_of_starting_something""]]",0.3333333333333333,0.0,0.0,0.0,0.3333333333333333,0.7636393614822389,0.7206087586673483,0.6775781558524578,0.6345475530375672,0.5915169502226766,0.5484863474077861,0.5054557445928956,0.462425141778005,0.4193945389631144,0.37636393614822383,0.3333333333333333,0.6164637665329922,0.6922438443811
310,the unions also staged a five-day strike in march that forced all but one of yale 's dining halls to close .,the unions also staged a five-day strike in march ; strikes have preceded eight of the last 10 contracts .,"[[""unions"", ""staged"", ""five-day_strike""], [""five-day_strike"", ""occurred_in"", ""March""], [""five-day_strike"", ""forced_to_close"", ""Yale_dining_halls""], [""Yale_dining_halls"", ""except"", ""one_dining_hall""], [""one_dining_hall"", ""remained_open"", ""Yale""]]","[[""unions"", ""staged"", ""five-day_strike""], [""five-day_strike"", ""occurred_in"", ""March""], [""strikes"", ""preceded"", ""contracts""], [""contracts"", ""number"", ""10""], [""preceded_contracts"", ""number"", ""8""]]",0.3,0.0,0.3860253691673279,0.21650635094610965,0.2738612787525831,0.7082392490336304,0.6648014520055258,0.621363654977421,0.5779258579493162,0.5344880609212115,0.4910502638931068,0.447612466865002,0.4041746698368973,0.3607368728087925,0.31729907578068783,0.2738612787525831,0.6671746496978335,0.5324595406647673
311,a woman peels garlic with her hands .,the woman is slicing herbs .,"[[""woman"", ""peels"", ""garlic""], [""woman"", ""uses"", ""hands""]]","[[""woman"", ""slicing"", ""herbs""]]",0.06804138174397717,0.24318726360797882,0.3819870054721832,0.06804138174397717,0.06804138174397717,0.6702410242024283,0.6100210599565832,0.5498010957107381,0.4895811314648929,0.4293611672190478,0.36914120297320274,0.3089212387273576,0.24870127448151252,0.18848131023566736,0.12826134598982228,0.06804138174397717,0.5885768066382281,0.6113804443099621
312,a person is slicing an onion .,a cat is pooping into a toilet .,"[[""person"", ""is_slicing"", ""onion""]]","[[""cat"", ""is_pooping_into"", ""toilet""]]",0.0,0.0,0.0,0.0,0.0,0.03447626289741229,0.03102863660767106,0.027581010317929835,0.0241333840281886,0.020685757738447375,0.017238131448706145,0.013790505158964917,0.01034287886922369,0.006895252579482457,0.0034476262897412285,0.0,0.13176473231155922,0.41037600179962946
313,"a sporting match , boxing",a boxing or wrestling match .,"[[""sporting_match"", ""type"", ""boxing""]]","[[""match"", ""type"", ""boxing""], [""match"", ""type"", ""wrestling""]]",0.5,0.3503129184246063,0.5129925012588501,0.408248290463863,0.5,0.9009529606673534,0.8608576646006182,0.8207623685338827,0.7806670724671474,0.740571776400412,0.7004764803336767,0.6603811842669414,0.620285888200206,0.5801905921334707,0.5400952960667353,0.5,0.8905241611042297,0.8131505782183917
314,a woman cracks two eggs into a glass bowl .,a woman is cracking an egg into a bowl .,"[[""woman"", ""cracks"", ""eggs""], [""eggs"", ""number"", ""2""], [""woman"", ""cracks_into"", ""glass_bowl""], [""eggs"", ""contained_in"", ""glass_bowl""]]","[[""woman"", ""cracking"", ""egg""], [""egg"", ""contained_in"", ""bowl""], [""woman"", ""cracks_into"", ""bowl""]]",0.4330127018922193,0.0,0.2935073971748352,0.048112522432468816,0.4330127018922193,0.8950164082082835,0.8488160375766771,0.8026156669450707,0.7564152963134642,0.7102149256818577,0.6640145550502514,0.617814184418645,0.5716138137870386,0.5254134431554321,0.4792130725238257,0.4330127018922193,0.8400245186674368,0.8885341991257513
315,"the bestowing of a franchise , enfranchisment",the act of certifying or bestowing a franchise on .,"[[""franchise"", ""synonym"", ""enfranchisment""]]","[[""act"", ""involves"", ""certifying""], [""act"", ""involves"", ""bestowing""], [""bestowing"", ""object"", ""franchise""]]",0.08333333333333333,0.06457287073135376,0.14632661640644073,0.05892556509887897,0.08333333333333333,0.5506752412682144,0.5039410504747264,0.45720685968123825,0.4104726688877501,0.36373847809426196,0.3170042873007739,0.2702700965072858,0.22353590571379767,0.17680171492030952,0.13006752412682143,0.08333333333333333,0.5484704559269138,0.47693279909379627
316,an abundance of something,the property of copious abundance .,[],"[[""property"", ""of"", ""copious_abundance""], [""copious_abundance"", ""has_property"", ""abundance""]]",,,,,,,,,,,,,,,,,,
317,microsoft has been awarded a patent for a feature in instant messaging that alerts a user when the person they are communicating with is inputting a message .,microsoft has been awarded a patent on a popular instant-messaging feature that shows users when the person on the other end of the conversation is typing a message .,"[[""Microsoft"", ""awarded"", ""patent""], [""patent"", ""for"", ""feature_in_instant_messaging""], [""feature_in_instant_messaging"", ""alerts"", ""user""], [""feature_in_instant_messaging"", ""triggers_on"", ""person_inputting_message""], [""person_inputting_message"", ""is_communicating_with"", ""user""]]","[[""Microsoft"", ""awarded"", ""patent""], [""patent"", ""for"", ""popular_instant-messaging_feature""], [""popular_instant-messaging_feature"", ""shows"", ""users""], [""popular_instant-messaging_feature"", ""displays"", ""person_typing_message""], [""person_typing_message"", ""is_on"", ""other_end_of_conversation""], [""other_end_of_conversation"", ""part_of"", ""conversation""]]",0.23333333333333334,0.0,0.37320125102996826,0.08451542547285165,0.23333333333333334,0.8873494655974202,0.8219478523710115,0.7565462391446028,0.691144625918194,0.6257430126917854,0.5603413994653768,0.49493978623896806,0.4295381730125594,0.36413655978615067,0.29873494655974203,0.23333333333333334,0.8101880773815784,0.738327733655166
318,"justices said that the constitution allows the government to administer drugs only "" in limited circumstances . ""","in a 6-3 ruling , the justices said such anti-psychotic drugs can be used only in "" limited circumstances . ""","[[""justices"", ""said"", ""constitution_allows_government_to_administer_drugs""], [""constitution_allows_government_to_administer_drugs"", ""in_circumstances"", ""limited_circumstances""]]","[[""justices"", ""said"", ""anti-psychotic_drugs_can_be_used""], [""anti-psychotic_drugs_can_be_used"", ""in_circumstances"", ""limited_circumstances""], [""justices"", ""made_ruling"", ""6-3_ruling""]]",0.3888888888888889,0.775246262550354,0.7820082902908325,0.3367876570272817,0.3888888888888889,0.6094679712703234,0.5874100630321799,0.5653521547940366,0.543294246555893,0.5212363383177496,0.49917843007960616,0.4771205218414627,0.45506261360331923,0.43300470536517577,0.41094679712703236,0.3888888888888889,0.7518182991376199,0.7645470801782799
319,"unfortunately , others separate on the basis of accumulated hatred .",on others who are unfortunately in the reason of a vengeance gained .,"[[""others"", ""separate_on_basis_of"", ""accumulated_hatred""]]","[[""others"", ""in_reason_of"", ""vengeance""]]",0.08333333333333333,0.227314293384552,0.42178499698638916,0.08333333333333333,0.08333333333333333,0.548013032355054,0.501545062452882,0.45507709255070994,0.4086091226485378,0.36214115274636577,0.3156731828441937,0.26920521294202165,0.22273724303984957,0.17626927313767746,0.1298013032355054,0.08333333333333333,0.5720064063491666,0.4359572936764876
320,a cat is eating some corn .,a cat is eating corn on the cob .,"[[""cat"", ""eating"", ""corn""]]","[[""cat"", ""eating"", ""corn_on_the_cob""]]",1.0,0.6749130487442017,0.776721715927124,0.08333333333333333,1.0,0.898706763866034,0.9088360874794306,0.9189654110928271,0.9290947347062237,0.9392240583196204,0.949353381933017,0.9594827055464136,0.9696120291598103,0.9797413527732068,0.9898706763866034,1.0,0.9131045463034535,0.9019549306269684
321,"the fishermen are inactive , tired and disappointed .","the fishermen are inactive , tired and disappointed .","[[""fishermen"", ""are"", ""inactive""], [""fishermen"", ""are"", ""tired""], [""fishermen"", ""are"", ""disappointed""]]","[[""fishermen"", ""are"", ""inactive""], [""fishermen"", ""are"", ""tired""], [""fishermen"", ""are"", ""disappointed""]]",1.0,0.9999998807907104,1.0,1.0,1.0,1.0,1.0,1.0,1.0,1.0,1.0,1.0,1.0,1.0,1.0,1.0,0.9999999831120173,0.9999999905089931
322,"the bottom line is that when interest rates rise , asset values will fall .","essence , it is that when interest rates go up , the values of the credit fall .","[[""interest_rates"", ""rise"", ""asset_values_fall""], [""asset_values"", ""fall_when"", ""interest_rates_rise""]]","[[""interest_rates"", ""go_up"", ""credit_values_fall""], [""credit_values"", ""fall_when"", ""interest_rates_go_up""]]",0.08333333333333333,0.0,0.38944244384765625,0.041666666666666664,0.75,0.8192948164621917,0.8123653348159725,0.8054358531697534,0.7985063715235341,0.791576889877315,0.7846474082310959,0.7777179265848766,0.7707884449386575,0.7638589632924384,0.7569294816462192,0.75,0.8001957278506178,0.8303515387645197
323,make a line or marks on a surface ; copy by following the lines of,make a mark or lines on a surface .,"[[""action"", ""performed_on"", ""surface""], [""action"", ""results_in"", ""line_or_marks""], [""action"", ""described_as"", ""copy_by_following_lines""]]","[[""action"", ""performed_on"", ""surface""], [""action"", ""results_in"", ""mark_or_lines""]]",0.6254627916220946,0.4793163537979126,0.6820459961891174,0.3367876570272817,0.6254627916220946,0.92896653948045,0.8986161646946145,0.868265789908779,0.8379154151229433,0.807565040337108,0.7772146655512724,0.7468642907654368,0.7165139159796012,0.6861635411937657,0.6558131664079302,0.6254627916220946,0.8764835073511851,0.9402381909680474
324,the european union has got to do something and do it quickly .,"it is right that the european union is involved , and for this to be done quickly .","[[""European_Union"", ""needs_to_act"", ""quickly""]]","[[""European_Union"", ""is_involved"", ""True""], [""European_Union"", ""needs_to_act"", ""quickly""]]",1.0,0.721908450126648,0.7684527039527893,0.4762896722078402,1.0,0.9999999991217299,0.9999999992095568,0.999999999297384,0.9999999993852109,0.999999999473038,0.9999999995608649,0.9999999996486919,0.999999999736519,0.999999999824346,0.999999999912173,1.0,0.9999999463558126,0.8521612683158861
325,"st. paul chairman and chief executive jay s. fishman , 51 , will be ceo of the combined company .","jay fishman , 51 , chairman and chief executive of st paul , will be chief executive of the combined company .","[[""Jay_S._Fishman"", ""age"", ""51""], [""Jay_S._Fishman"", ""occupation"", ""chairman""], [""Jay_S._Fishman"", ""occupation"", ""chief_executive""], [""Jay_S._Fishman"", ""works_at"", ""St._Paul""], [""Jay_S._Fishman"", ""will_be"", ""CEO_of_combined_company""]]","[[""Jay_Fishman"", ""age"", ""51""], [""Jay_Fishman"", ""occupation"", ""chairman""], [""Jay_Fishman"", ""occupation"", ""chief_executive""], [""Jay_Fishman"", ""works_at"", ""St_Paul""], [""Jay_Fishman"", ""will_be"", ""chief_executive_of_combined_company""]]",1.0,0.19561266899108887,0.670690655708313,0.5,1.0,0.9816613086510536,0.9834951777859482,0.9853290469208429,0.9871629160557376,0.9889967851906322,0.9908306543255267,0.9926645234604214,0.9944983925953161,0.9963322617302107,0.9981661308651053,1.0,0.9812037566461348,0.9795015248303618
326,a caress with the lips,the act of caressing with the lips ( or an instance thereof ) .,"[[""a_caress"", ""performed_with"", ""lips""]]","[[""the_act_of_caressing"", ""performed_with"", ""lips""], [""the_act_of_caressing"", ""instance_of"", ""caressing""]]",1.0,0.352666974067688,0.5332616567611694,0.408248290463863,1.0,0.9126797785700126,0.9214118007130113,0.9301438228560102,0.9388758449990087,0.9476078671420075,0.9563398892850064,0.9650719114280051,0.9738039335710038,0.9825359557140025,0.9912679778570013,1.0,0.9046461205720507,0.8063658940565863
327,being a muslim and being an islamist are not the same thing .,to be muslim and islamiste are two different things .,"[[""being_muslim"", ""not_same_as"", ""being_islamist""]]","[[""being_muslim"", ""different_from"", ""being_islamiste""]]",1.0,0.18744626641273499,0.44156599044799805,0.08333333333333333,1.0,0.9250061479278685,0.9325055331350817,0.9400049183422949,0.9475043035495079,0.9550036887567211,0.9625030739639342,0.9700024591711474,0.9775018443783605,0.9850012295855737,0.9925006147927868,1.0,0.8677336475931068,0.8614416998512512
328,a cat is trying to touch a dog .,the cat teased the dog by touching his head .,"[[""cat"", ""trying_to_touch"", ""dog""]]","[[""cat"", ""teased"", ""dog""], [""cat"", ""touched"", ""dog""], [""dog"", ""has"", ""head""], [""cat"", ""touched"", ""head""]]",1.0,0.7604444622993469,0.8261555433273315,0.13608276348795434,1.0,0.8780803025677296,0.8902722723109566,0.9024642420541837,0.9146562117974106,0.9268481815406377,0.9390401512838649,0.9512321210270919,0.9634240907703189,0.975616060513546,0.987808030256773,1.0,0.8578779126847798,0.7781037653376601
329,two puppies are playing with each other .,some men are playing soccer .,"[[""puppy1"", ""playing_with"", ""puppy2""]]",[],,,,,,,,,,,,,,,,,,
330,compress out of shape or into small pieces,"become injured , broken , or distorted by pressure .","[[""object"", ""can_be"", ""compressed""], [""compression"", ""can_result_in"", ""out_of_shape""], [""compression"", ""can_result_in"", ""small_pieces""]]","[[""object"", ""can_become"", ""injured""], [""object"", ""can_become"", ""broken""], [""object"", ""can_become"", ""distorted""], [""injury"", ""can_be_caused_by"", ""pressure""], [""breakage"", ""can_be_caused_by"", ""pressure""], [""distortion"", ""can_be_caused_by"", ""pressure""]]",0.048112522432468816,0.0,0.016886942088603973,0.026352313834736494,0.037267799624996496,0.5376648714289312,0.4876251642485377,0.4375854570681442,0.38754574988775076,0.3375060427073573,0.2874663355269638,0.23742662834657036,0.18738692116617692,0.1373472139857834,0.08730750680538996,0.037267799624996496,0.5404211497541145,0.46672119743651497
331,a man is walking slowly across a rope bridge .,a boy is walking across a bridge .,"[[""man"", ""walking_across"", ""rope_bridge""], [""rope_bridge"", ""being_crossed_by"", ""man""]]","[[""boy"", ""walking_across"", ""bridge""], [""bridge"", ""being_crossed_by"", ""boy""]]",0.5,0.0,0.0,0.0,0.5,0.7653475621886736,0.7388128059698064,0.7122780497509389,0.6857432935320715,0.6592085373132042,0.6326737810943368,0.6061390248754694,0.5796042686566021,0.5530695124377347,0.5265347562188674,0.5,0.7398486938742503,0.8945269849548607
332,"a new castle county woman has become the first delaware patient to contract the west nile virus this year , the state 's department of health reported .","a 62-year-old west babylon man has contracted the west nile virus , the first human case in suffolk county this year , according to the county health department .","[[""New_Castle_County_Woman"", ""contracted"", ""West_Nile_Virus""], [""New_Castle_County_Woman"", ""resident_of"", ""Delaware""], [""Delaware_Department_of_Health"", ""reported"", ""West_Nile_Virus_case""], [""New_Castle_County_Woman"", ""first_patient"", ""Delaware""], [""West_Nile_Virus"", ""found_in"", ""Delaware""]]","[[""West_Babylon_Man"", ""contracted"", ""West_Nile_Virus""], [""West_Babylon_Man"", ""age"", ""62""], [""West_Babylon_Man"", ""resident_of"", ""Suffolk_County""], [""Suffolk_County_Health_Department"", ""reported"", ""West_Nile_Virus_case""], [""West_Babylon_Man"", ""first_human_case"", ""Suffolk_County""]]",0.05555555555555555,0.0,0.5303307771682739,0.21300321680756462,0.2525907427704613,0.5910212512867867,0.5571782004351542,0.5233351495835217,0.48949209873188904,0.45564904788025656,0.421805997028624,0.38796294617699145,0.3541198953253589,0.32027684447372634,0.2864337936220938,0.2525907427704613,0.6412503007462931,0.850846049595772
333,the woman picked up the kangaroo .,a woman picks up a baby kangaroo .,"[[""woman"", ""picked_up"", ""kangaroo""]]","[[""woman"", ""picks_up"", ""baby_kangaroo""]]",1.0,0.26545965671539307,0.469524085521698,0.08333333333333333,1.0,0.8850051703675332,0.8965046533307799,0.9080041362940265,0.9195036192572732,0.93100310222052,0.9425025851837666,0.9540020681470133,0.96550155111026,0.9770010340735067,0.9885005170367533,1.0,0.8885904508506824,0.9431299895013802
334,a physical portion of all or part of a natural object that is collected and preserved as an example of its class or total .,all or part of a natural object that is collected and preserved as an example of its class .,"[[""physical_portion"", ""part_of"", ""natural_object""], [""physical_portion"", ""collected_as"", ""example""], [""physical_portion"", ""preserved_as"", ""example""], [""example"", ""representing"", ""class""], [""example"", ""representing"", ""total""]]","[[""natural_object"", ""collected_as"", ""example""], [""natural_object"", ""preserved_as"", ""example""], [""example"", ""representing"", ""class""]]",0.34426518632954817,0.808035671710968,0.8347018957138062,0.34426518632954817,0.34426518632954817,0.6893329754334813,0.6548261965230879,0.6203194176126947,0.5858126387023013,0.551305859791908,0.5167990808815147,0.48229230197112144,0.4477855230607281,0.4132787441503347,0.37877196523994144,0.34426518632954817,0.7754994759474958,0.8164992732289525
335,a person is slicing onions .,a person is peeling an onion .,"[[""person"", ""is_slicing"", ""onions""]]","[[""person"", ""is_peeling"", ""onion""]]",1.0,0.309158593416214,0.4945979118347168,0.08333333333333333,1.0,0.8352241336485172,0.8517017202836655,0.8681793069188137,0.884656893553962,0.9011344801891104,0.9176120668242587,0.9340896534594069,0.9505672400945552,0.9670448267297035,0.9835224133648517,1.0,0.8214184838340317,0.7974367294952623
336,the dead woman was also wearing a ring and a cartier watch .,""" it 's a blond-haired woman wearing a cartier watch on her wrist , "" the source said .","[[""dead_woman"", ""wearing"", ""ring""], [""dead_woman"", ""wearing"", ""Cartier_watch""]]","[[""blond-haired_woman"", ""wearing"", ""Cartier_watch""], [""Cartier_watch"", ""located_on"", ""wrist""]]",0.408248290463863,0.0,0.6121187210083008,0.05555555555555555,0.408248290463863,0.6799879289804892,0.6528139651288266,0.625640001277164,0.5984660374255013,0.5712920735738387,0.5441181097221761,0.5169441458705135,0.4897701820188509,0.4625962181671882,0.4354222543155256,0.408248290463863,0.7469277622530637,0.6864256208058936
337,"the 30-year bond us30yt = rr jumped 20 / 32 , taking its yield to 4.14 percent from 4.18 percent .",the 30-year bond us30yt = rr dipped 14 / 32 for a yield of 4.26 percent from 4.23 percent .,"[[""us30yt"", ""type"", ""30-year_bond""], [""us30yt"", ""changed_by"", ""20/32""], [""us30yt"", ""initial_yield"", ""4.18_percent""], [""us30yt"", ""final_yield"", ""4.14_percent""]]","[[""us30yt"", ""type"", ""30-year_bond""], [""us30yt"", ""changed_by"", ""14/32""], [""us30yt"", ""initial_yield"", ""4.23_percent""], [""us30yt"", ""final_yield"", ""4.26_percent""]]",1.0,0.6598333716392517,0.6606317162513733,0.23333333333333334,1.0,0.9948469865924516,0.9953622879332065,0.9958775892739613,0.9963928906147161,0.996908191955471,0.9974234932962258,0.9979387946369807,0.9984540959777355,0.9989693973184903,0.9994846986592452,1.0,0.9561970654723726,0.9799869332830491
338,the securities and exchange commission has also initiated an informal probe of coke .,that federal investigation is separate from an informal inquiry by the securities and exchange commission .,"[[""Securities_and_Exchange_Commission"", ""initiated_informal_probe_of"", ""Coke""]]","[[""Federal_investigation"", ""separate_from"", ""informal_inquiry""], [""informal_inquiry"", ""conducted_by"", ""Securities_and_Exchange_Commission""]]",0.08333333333333333,0.0,0.15070629119873047,0.06804138174397717,0.08333333333333333,0.5687839818639585,0.520238917010896,0.4716938521578335,0.42314878730477096,0.3746037224517084,0.32605865759864594,0.2775135927455834,0.2289685278925209,0.18042346303945833,0.13187839818639585,0.08333333333333333,0.5492558332386197,0.722901814446556
339,"that compares with a profit of $ 1 million , or breakeven , on $ 1.39 billion in revenue during the same period last year .","total revenue for the second quarter was $ 1.48 billion , up 7 % from $ 1.39 billion in the same period last year .","[[""current_period"", ""profit"", ""$1_million""], [""current_period"", ""revenue"", ""$1.39_billion""], [""last_year"", ""profit"", ""breakeven""], [""last_year"", ""revenue"", ""$1.39_billion""], [""current_period"", ""compared_to"", ""last_year""]]","[[""second_quarter"", ""total_revenue"", ""$1.48_billion""], [""second_quarter"", ""revenue_increase"", ""7%""], [""last_year"", ""revenue"", ""$1.39_billion""], [""second_quarter"", ""compared_to"", ""last_year""]]",0.09622504486493763,0.0,0.3452548682689667,0.06666666666666667,0.3333333333333333,0.8122115303741384,0.7643237106700579,0.7164358909659774,0.6685480712618969,0.6206602515578163,0.5727724318537358,0.5248846121496553,0.47699679244557486,0.4291089727414943,0.38122115303741383,0.3333333333333333,0.7900822526877938,0.8494652141454966
340,three no votes would kill it for now .,it would take three votes to kill the acc 's expansion .,"[[""three_no_votes"", ""would_kill"", ""it""], [""three_no_votes"", ""time_period"", ""now""]]","[[""three_votes"", ""would_kill"", ""acc_expansion""], [""acc_expansion"", ""type_of"", ""expansion""]]",0.06804138174397717,0.0,0.06335702538490295,0.0,0.06804138174397717,0.6202619587287728,0.5650399010302932,0.5098178433318137,0.4545957856333341,0.39937372793485454,0.34415167023637494,0.2889296125378954,0.23370755483941588,0.17848549714093626,0.12326343944245671,0.06804138174397717,0.589358917235484,0.5156348500496613
341,"the broader standard & poor 's 500 index .spx advanced 2 points , or 0.24 percent , to 977 .","the nasdaq composite index .ixic was off 6.52 points , or 0.39 percent , at 1,645.66 .","[[""Standard_&_Poor\""s_500_Index"", ""advanced"", ""2_points""], [""Standard_&_Poor\""s_500_Index"", ""advanced_percentage"", ""0.24_percent""], [""Standard_&_Poor\""s_500_Index"", ""closed_at"", ""977""]]","[[""Nasdaq_Composite_Index"", ""decreased"", ""6.52_points""], [""Nasdaq_Composite_Index"", ""decreased_percentage"", ""0.39_percent""], [""Nasdaq_Composite_Index"", ""closed_at"", ""1645.66""]]",0.25,0.0,0.008850333280861378,0.0,0.25,0.4970464750126924,0.4723418275114232,0.4476371800101539,0.4229325325088847,0.3982278850076154,0.3735232375063462,0.348818590005077,0.32411394250380776,0.29940929500253843,0.2747046475012692,0.25,0.5346388301157731,0.5644811596265717
342,angle with a hook and line and draw through water,angle with a hook and line drawn through the water .,"[[""angle"", ""has"", ""hook""], [""angle"", ""has"", ""line""], [""line"", ""drawn_through"", ""water""], [""angle"", ""drawn_through"", ""water""]]","[[""angle"", ""has"", ""hook""], [""angle"", ""has"", ""line""], [""line"", ""drawn_through"", ""water""], [""angle"", ""drawn_through"", ""water""]]",1.0,0.9999999403953552,1.0,1.0,1.0,1.0,1.0,1.0,1.0,1.0,1.0,1.0,1.0,1.0,1.0,1.0,1.0,0.9999999909817664
343,a man is opening a door .,a man is playing a guitar .,"[[""man"", ""is_opening"", ""door""]]","[[""man"", ""is_playing"", ""guitar""]]",0.08333333333333333,0.38895124197006226,0.3887695074081421,0.08333333333333333,0.08333333333333333,0.36285241388575445,0.3349005058305124,0.3069485977752702,0.2789966897200281,0.251044781664786,0.22309287360954388,0.19514096555430177,0.16718905749905968,0.13923714944381754,0.11128524138857543,0.08333333333333333,0.4725465141534224,0.5983633442445689
344,the polar bear is sliding on the snow .,a polar bear is sliding across the snow .,"[[""polar_bear"", ""sliding_on"", ""snow""]]","[[""polar_bear"", ""sliding_across"", ""snow""]]",1.0,0.9999999403953552,1.0,1.0,1.0,0.9881821721230826,0.9893639549107743,0.9905457376984661,0.9917275204861578,0.9929093032738495,0.9940910860615413,0.995272868849233,0.9964546516369248,0.9976364344246165,0.9988182172123082,1.0,0.9521981725986954,0.9251481403440265
345,"flow , as of liquids","reduce or cause to be reduced from a solid to a liquid state , usually by heating .","[[""flow"", ""related_to"", ""liquids""]]","[[""reduce"", ""causes"", ""state_change""], [""state_change"", ""from"", ""solid""], [""state_change"", ""to"", ""liquid""], [""reduce"", ""method"", ""heating""]]",0.5,0.0,0.0,0.0,0.5,0.5430703194612613,0.5387632875151351,0.534456255569009,0.5301492236228829,0.5258421916767568,0.5215351597306306,0.5172281277845046,0.5129210958383784,0.5086140638922523,0.5043070319461261,0.5,0.5571266623263831,0.42698850629043117
346,it then appointed a task force to formulate the necessary changes in tax and spending policies .,it has appointed a working group responsible for drawing the necessary changes to bring to public expenditure and fiscal policies .,"[[""it"", ""appointed"", ""task_force""], [""task_force"", ""formulate"", ""changes_in_tax_policies""], [""task_force"", ""formulate"", ""changes_in_spending_policies""]]","[[""it"", ""appointed"", ""working_group""], [""working_group"", ""responsible_for"", ""drawing_changes""], [""working_group"", ""drawing_changes_to"", ""public_expenditure""], [""working_group"", ""drawing_changes_to"", ""fiscal_policies""]]",0.3367876570272817,0.0,0.13500113785266876,0.037267799624996496,0.2916666666666667,0.6979511874828492,0.657322735401231,0.6166942833196127,0.5760658312379944,0.5354373791563762,0.494808927074758,0.45418047499313974,0.4135520229115215,0.3729235708299032,0.33229511874828493,0.2916666666666667,0.6633295476325798,0.6965624590344848
347,the woman picked up the kangaroo .,a woman is carrying a kangaroo .,"[[""woman"", ""picked_up"", ""kangaroo""]]","[[""woman"", ""carrying"", ""kangaroo""]]",1.0,1.0,1.0,1.0,1.0,0.8210988084854959,0.8389889276369463,0.8568790467883967,0.8747691659398471,0.8926592850912975,0.910549404242748,0.9284395233941983,0.9463296425456488,0.9642197616970992,0.9821098808485496,1.0,0.7793007640118175,0.7549267883505175
348,measure the depth of a body of water,measure the depth of ( a body of water ) with a sounding line .,"[[""body_of_water"", ""measured_for"", ""depth""]]","[[""body_of_water"", ""measured_for"", ""depth""], [""body_of_water"", ""measured_with"", ""sounding_line""]]",1.0,0.752122163772583,0.7866790294647217,0.4762896722078402,1.0,0.9999999990818409,0.9999999991736568,0.9999999992654727,0.9999999993572886,0.9999999994491046,0.9999999995409204,0.9999999996327363,0.9999999997245523,0.9999999998163682,0.9999999999081841,1.0,1.0,0.8663249330514091
349,the animal is eating .,a woman is dancing .,"[[""animal"", ""is_eating"", ""something""]]","[[""woman"", ""is_dancing"", ""none""]]",0.0,0.0,0.0,0.0,0.0,0.08688389690857075,0.07819550721771368,0.06950711752685661,0.06081872783599952,0.052130338145142445,0.043441948454285374,0.034753558763428304,0.02606516907257123,0.017376779381714145,0.008688389690857072,0.0,0.19494864585489333,0.4593411434635648
350,there must be a balance as a whole .,the whole must be balanced .,"[[""balance"", ""required_for"", ""whole""]]","[[""whole"", ""must_be"", ""balanced""]]",0.16666666666666666,0.5490694046020508,0.46534740924835205,0.08333333333333333,0.16666666666666666,0.8312977790977079,0.7648346678546039,0.6983715566114996,0.6319084453683955,0.5654453341252914,0.49898222288218724,0.43251911163908313,0.3660560003959791,0.29959288915287485,0.23312977790977074,0.16666666666666666,0.8200354698857941,0.6941709499867383
351,a continuous horizontal layer of brick,( construction ) a layer of masonry .,"[[""continuous_horizontal_layer"", ""made_of"", ""brick""]]","[[""layer"", ""type"", ""masonry""]]",0.08333333333333333,0.0,0.005576290190219879,0.0,0.08333333333333333,0.6728233245208391,0.6138743254020885,0.554925326283338,0.4959763271645874,0.4370273280458368,0.37807832892708626,0.31912932980833564,0.2601803306895851,0.20123133157083445,0.14228233245208388,0.08333333333333333,0.5964866839913918,0.6117386185649445
352,define ; determine essential qualities of,determine the essential quality of .,[],[],,,,,,,,,,,,,,,,,,
353,the political stock market,politicization of the securities markets,"[[""political_stock_market"", ""is"", ""market""], [""political_stock_market"", ""related_to"", ""politics""]]","[[""securities_markets"", ""affected_by"", ""politicization""], [""politicization"", ""of"", ""securities_markets""]]",0.13608276348795434,0.0,0.0,0.0,0.13608276348795434,0.8166255696845187,0.7485712890648624,0.6805170084452058,0.6124627278255493,0.544408447205893,0.4763541665862365,0.40829988596658007,0.34024560534692366,0.2721913247272672,0.20413704410761077,0.13608276348795434,0.7007884292350943,0.6646204515940335
354,the hedgehog chewed on the towel .,a hedgehog is biting at a blanket .,"[[""hedgehog"", ""chewed_on"", ""towel""]]","[[""hedgehog"", ""biting_at"", ""blanket""]]",0.08333333333333333,0.21839937567710876,0.3833298683166504,0.08333333333333333,0.08333333333333333,0.8276786895123821,0.7532441538944772,0.6788096182765725,0.6043750826586675,0.5299405470407625,0.45550601142285774,0.3810714758049529,0.306636940187048,0.23220240456914304,0.15776786895123818,0.08333333333333333,0.7671116228922192,0.6805819929316056
355,ride ( a bicycle or motorcycle ),ride a motorcycle .,"[[""bicycle"", ""ride"", ""bicycle""], [""motorcycle"", ""ride"", ""motorcycle""]]","[[""motorcycle"", ""ride"", ""motorcycle""]]",0.7071067811865476,0.6366641521453857,0.3226117193698883,0.7071067811865476,0.7071067811865476,0.8879942356032793,0.8699054901616061,0.8518167447199331,0.8337279992782597,0.8156392538365866,0.7975505083949135,0.7794617629532403,0.7613730175115672,0.743284272069894,0.7251955266282207,0.7071067811865476,0.9091647949697055,0.9774214274994542
356,"dunlap won both the swimsuit competition and the talent portion of the competition , singing "" if i could . ""","she won the talent portion singing "" if i could "" and also won in evening wear .","[[""dunlap"", ""won"", ""swimsuit_competition""], [""dunlap"", ""won"", ""talent_portion""], [""dunlap"", ""performed"", ""singing""], [""dunlap"", ""sang"", ""if_i_could""]]","[[""she"", ""won"", ""talent_portion""], [""she"", ""performed"", ""singing""], [""she"", ""sang"", ""if_i_could""], [""she"", ""won"", ""evening_wear""]]",0.6708203932499369,0.4507817327976227,0.7938265204429626,0.6,0.6708203932499369,0.5057765985344891,0.5222809780060339,0.5387853574775787,0.5552897369491234,0.5717941164206682,0.5882984958922131,0.6048028753637578,0.6213072548353026,0.6378116343068474,0.6543160137783921,0.6708203932499369,0.7305165670539993,0.6431310190040802
357,"shares of mandalay closed down eight cents to $ 29.42 , before the earnings were announced .",shares of mandalay closed down 8 cents at $ 29.42 thursday .,"[[""Mandalay"", ""shares_closed_at"", ""29.42""], [""Mandalay"", ""shares_decreased_by"", ""8_cents""]]","[[""Mandalay"", ""shares_closed_at"", ""29.42""], [""Mandalay"", ""shares_decreased_by"", ""8_cents""], [""Mandalay_shares_closed"", ""on_day"", ""Thursday""]]",1.0,0.5756577849388123,0.7184849977493286,0.7745966692414834,1.0,0.9999999989237536,0.9999999990313783,0.999999999139003,0.9999999992466275,0.9999999993542521,0.9999999994618768,0.9999999995695015,0.999999999677126,0.9999999997847507,0.9999999998923753,1.0,0.999999952316277,0.7996315937944106
358,reduce to small pieces by pounding or abrading,reduce to small pieces or particles by pounding or abrading .,"[[""pounding"", ""used_for"", ""reduce_to_small_pieces""], [""abrading"", ""used_for"", ""reduce_to_small_pieces""]]","[[""pounding"", ""used_for"", ""reduce_to_small_pieces""], [""abrading"", ""used_for"", ""reduce_to_small_pieces""], [""pounding_or_abrading"", ""alternative_to"", ""reduce_to_small_particles""]]",1.0,0.5038970112800598,0.7138016223907471,0.7745966692414834,1.0,0.9999999988847166,0.9999999989962449,0.9999999991077733,0.9999999992193016,0.99999999933083,0.9999999994423583,0.9999999995538866,0.999999999665415,0.9999999997769433,0.9999999998884717,1.0,0.9999999225139546,0.8091559879441287
359,"between 1993 and 2002 , 142 allegations of sexual assault were reported .","from 1993 to 2002 , there were 142 reported sexual assaults at the academy .","[[""allegations_of_sexual_assault"", ""reported_between"", ""1993""], [""allegations_of_sexual_assault"", ""reported_between"", ""2002""], [""allegations_of_sexual_assault"", ""total_number"", ""142""]]","[[""sexual_assaults"", ""reported_between"", ""1993""], [""sexual_assaults"", ""reported_between"", ""2002""], [""sexual_assaults"", ""total_number"", ""142""], [""sexual_assaults"", ""location"", ""academy""]]",1.0,0.7113903760910034,0.854840099811554,0.6708203932499369,1.0,0.8910389833076449,0.9019350849768804,0.9128311866461158,0.9237272883153513,0.9346233899845869,0.9455194916538224,0.9564155933230579,0.9673116949922935,0.978207796661529,0.9891038983307645,1.0,0.9280469733006158,0.8811512752415578
360,emit or cause to emit noise,make a certain noise or sound .,"[[""noise"", ""emit_by"", ""entity""], [""entity"", ""cause_to"", ""noise""], [""entity"", ""emit"", ""noise""]]","[[""sound"", ""made_by"", ""entity""], [""entity"", ""make"", ""certain_noise""], [""entity"", ""produce"", ""sound""]]",0.13608276348795434,0.0,0.2458305060863495,0.06804138174397717,0.13608276348795434,0.8426477415290562,0.7719912437249461,0.7013347459208358,0.6306782481167256,0.5600217503126155,0.48936525250850527,0.41870875470439506,0.34805225690028496,0.2773957590961747,0.20673926129206452,0.13608276348795434,0.7105235881974843,0.7762229689917529
361,"under kansas law , it is illegal for children under the age of 16 to have sexual relations .","in the opinion , kline noted that it is illegal for children that young to have sexual relations .","[[""Kansas"", ""has_law"", ""law_against_sexual_relations_under_16""], [""law_against_sexual_relations_under_16"", ""prohibits"", ""sexual_relations""], [""sexual_relations"", ""involves"", ""children_under_16""], [""children_under_16"", ""age_limit"", ""16""]]","[[""Kline"", ""expressed_opinion"", ""opinion_on_sexual_relations""], [""opinion_on_sexual_relations"", ""states"", ""sexual_relations_illegal_for_young_children""], [""sexual_relations_illegal_for_young_children"", ""applies_to"", ""children""], [""children"", ""age_limit"", ""young""]]",0.11180339887498948,0.0,0.062489770352840424,0.0,0.11180339887498948,0.863769319490749,0.7885727274291731,0.7133761353675971,0.6381795433060211,0.5629829512444452,0.4877863591828692,0.4125897671212933,0.33739317505971733,0.26219658299814136,0.1869999909365654,0.11180339887498948,0.6871382831324605,0.68562434512158
362,a man is buttering a piece of bread .,a slow loris hanging on a cord .,"[[""man"", ""is_buttering"", ""piece_of_bread""], [""man"", ""performing_action_on"", ""bread""], [""piece_of_bread"", ""being_buttered_by"", ""man""], [""man"", ""using"", ""butter""]]","[[""slow_loris"", ""hanging_on"", ""cord""], [""cord"", ""supporting"", ""slow_loris""], [""slow_loris"", ""performing_action"", ""hanging""]]",0.0,0.0,0.0,0.0,0.0,0.15705309610337662,0.14134778649303895,0.1256424768827013,0.10993716727236362,0.09423185766202596,0.07852654805168831,0.06282123844135065,0.04711592883101299,0.03141061922067532,0.01570530961033766,0.0,0.2510514786886078,0.30784306865638544
363,the men are playing cricket .,the men are playing basketball .,"[[""men"", ""playing"", ""cricket""]]","[[""men"", ""playing"", ""basketball""]]",0.08333333333333333,0.8486287593841553,0.7587747573852539,0.08333333333333333,0.08333333333333333,0.5058081560996689,0.4635606738230354,0.4213131915464018,0.37906570926976824,0.33681822699313463,0.29457074471650113,0.2523232624398676,0.210075780163234,0.16782829788660042,0.12558081560996687,0.08333333333333333,0.6658081506878444,0.7690018642963604
364,"there are now 37 active probable cases in the gta , compared with 70 cases on june 6 .","and , globally , the number of active probable cases has declined to 573 .","[[""GTA"", ""has"", ""37_active_probable_cases""], [""37_active_probable_cases"", ""compared_to"", ""70_cases""], [""70_cases"", ""occurred_on"", ""June_6""]]","[[""Globally"", ""has"", ""573_active_probable_cases""], [""Globally"", ""experienced"", ""decline_in_active_probable_cases""]]",0.05892556509887897,0.0,0.0,0.0,0.05892556509887897,0.7616105833940638,0.6913420815645454,0.621073579735027,0.5508050779055083,0.4805365760759899,0.4102680742464714,0.33999957241695294,0.26973107058743445,0.1994625687579159,0.12919406692839744,0.05892556509887897,0.638377616488941,0.6753052499420023
366,"barbini 's comments came tuesday , the second day of the ministerial conference and expo on agricultural science and technology .",u.s. agriculture secretary ann veneman kicks off the three-day ministerial conference and expo on agricultural science and technology on monday .,"[[""barbini"", ""made_comments_on"", ""Tuesday""], [""Tuesday"", ""day_of"", ""ministerial_conference_and_expo_on_agricultural_science_and_technology""], [""ministerial_conference_and_expo_on_agricultural_science_and_technology"", ""has_day"", ""2""], [""barbini"", ""commented_during"", ""ministerial_conference_and_expo_on_agricultural_science_and_technology""]]","[[""ann_veneman"", ""occupation"", ""U.S._Agriculture_Secretary""], [""ann_veneman"", ""kicked_off"", ""ministerial_conference_and_expo_on_agricultural_science_and_technology""], [""ministerial_conference_and_expo_on_agricultural_science_and_technology"", ""started_on"", ""Monday""], [""ministerial_conference_and_expo_on_agricultural_science_and_technology"", ""has_duration"", ""3_days""], [""ann_veneman"", ""initiated_on"", ""Monday""]]",0.125,0.0,0.13912954926490784,0.037267799624996496,0.125,0.6904266400596885,0.6338839760537196,0.5773413120477509,0.5207986480417819,0.46425598403581303,0.40771332002984423,0.3511706560238754,0.29462799201790657,0.23808532801193766,0.18154266400596883,0.125,0.5403337920640666,0.7455915974284035
367,a stiffener in a garment,( nautical ) brace consisting of a heavy rope or wire cable used as a support for a mast or spar .,"[[""stiffener"", ""located_in"", ""garment""]]","[[""brace"", ""consists_of"", ""heavy_rope""], [""brace"", ""consists_of"", ""wire_cable""], [""brace"", ""used_as"", ""support""], [""support"", ""for"", ""mast""], [""support"", ""for"", ""spar""]]",0.0,0.0,0.0,0.0,0.0,0.5135597063305887,0.4622037356975298,0.41084776506447096,0.35949179443141205,0.3081358237983532,0.25677985316529434,0.20542388253223548,0.15406791189917662,0.10271194126611771,0.051355970633058856,0.0,0.43848794447605866,0.39876639819268567
368,a woman is cutting tofu .,a woman is cutting an onion .,"[[""woman"", ""cutting"", ""tofu""]]","[[""woman"", ""cutting"", ""onion""]]",0.08333333333333333,0.7054781317710876,0.7273108959197998,0.08333333333333333,0.08333333333333333,0.7283432815715948,0.6638422867477686,0.5993412919239426,0.5348402971001164,0.47033930227629017,0.4058383074524641,0.3413373126286379,0.2768363178048118,0.21233532298098556,0.14783432815715947,0.08333333333333333,0.7600036897622083,0.7200197455998062
369,"depict or portray in art , words , or model",create an image or likeness of .,"[[""art"", ""used_for"", ""depict""], [""words"", ""used_for"", ""portray""], [""model"", ""used_for"", ""portray""]]","[[""image"", ""created_of"", ""likeness""], [""create"", ""results_in"", ""image""], [""create"", ""results_in"", ""likeness""]]",0.0,0.0,0.0,0.0,0.05270462766947299,0.5283349166705859,0.4807718877704746,0.43320885887036326,0.385645829970252,0.3380828010701407,0.29051977217002944,0.24295674326991812,0.19539371436980688,0.14783068546969552,0.10026765656958425,0.05270462766947299,0.4940783410730184,0.508798170278382
370,that provision could open the door wide to arbitrariness .,this point of the regulations opens the door to the arbitrary one .,"[[""provision"", ""could_open"", ""door""], [""door"", ""open_to"", ""arbitrariness""]]","[[""point_of_regulations"", ""opens"", ""door""], [""door"", ""open_to"", ""arbitrary_one""]]",0.06804138174397717,0.2798924446105957,0.45533376932144165,0.05555555555555555,0.06804138174397717,0.6495008074101294,0.5913548648435142,0.533208922276899,0.47506297971028366,0.4169170371436685,0.35877109457705325,0.30062515201043805,0.24247920944382287,0.18433326687720758,0.12618732431059237,0.06804138174397717,0.6675810891911154,0.6857902386430726
371,he proposed a system under which it would take fewer and fewer votes to overcome a filibuster .,frist proposed a process in which it would take gradually fewer votes to overcome filibusters preventing final votes on judicial confirmations .,"[[""he"", ""proposed"", ""system""], [""system"", ""designed_to"", ""overcome_filibuster""], [""system"", ""characterized_by"", ""fewer_votes""], [""he"", ""suggested"", ""voting_system""]]","[[""frist"", ""proposed"", ""process""], [""process"", ""designed_to"", ""overcome_filibusters""], [""process"", ""characterized_by"", ""fewer_votes""], [""process"", ""applies_to"", ""judicial_confirmations""], [""frist"", ""proposed_process_for"", ""final_votes""]]",0.4,0.0,0.1472422480583191,0.18257418583505539,0.4,0.7441504093420998,0.7097353684078899,0.6753203274736799,0.6409052865394698,0.6064902456052599,0.5720752046710499,0.5376601637368399,0.5032451228026299,0.46883008186842,0.43441504093421,0.4,0.7480646298146458,0.721023407829783
372,"fbi agents arrested a former partner of big four accounting firm ernst & young erny.ul on criminal charges of obstructing federal investigations , u.s. officials said on thursday .",a former partner of accountancy firm ernst & young was yesterday arrested by fbi agents in the us on charges of obstructing federal investigations .,"[[""FBI_Agents"", ""arrested"", ""Former_Partner_of_Ernst_&_Young""], [""Former_Partner_of_Ernst_&_Young"", ""former_partner_of"", ""Ernst_&_Young""], [""Former_Partner_of_Ernst_&_Young"", ""charged_with"", ""Obstructing_Federal_Investigations""], [""Obstructing_Federal_Investigations"", ""investigated_by"", ""US_Officials""], [""Arrest"", ""occurred_on"", ""Thursday""]]","[[""FBI_Agents"", ""arrested"", ""Former_Partner_of_Ernst_&_Young""], [""Former_Partner_of_Ernst_&_Young"", ""former_partner_of"", ""Ernst_&_Young""], [""Former_Partner_of_Ernst_&_Young"", ""charged_with"", ""Obstructing_Federal_Investigations""], [""FBI_Agents"", ""located_in"", ""US""], [""Arrest"", ""occurred_on"", ""Yesterday""]]",0.21300321680756462,0.7117951512336731,0.8216315507888794,0.2619047619047619,0.3343239249178658,0.9471093546968365,0.8858308117189394,0.8245522687410425,0.7632737257631452,0.7019951827852483,0.6407166398073512,0.5794380968294541,0.5181595538515571,0.45688101087365995,0.3956024678957628,0.3343239249178658,0.9085509199569313,0.962484371916388
373,people flip into a swimming pool .,men are falling into a pool .,"[[""people"", ""flip_into"", ""swimming_pool""]]","[[""men"", ""fall_into"", ""pool""]]",0.5,0.0,0.0,0.0,0.5,0.7291121846163562,0.7062009661547206,0.6832897476930849,0.6603785292314494,0.6374673107698137,0.6145560923081781,0.5916448738465425,0.5687336553849068,0.5458224369232713,0.5229112184616356,0.5,0.6338848441419711,0.6962917890599246
374,i am one of those members who attends sittings quite faithfully .,i am one of the members of parliament who are rather present .,"[[""I"", ""member_of"", ""members""], [""I"", ""attend"", ""sittings""]]","[[""I"", ""member_of"", ""members_of_parliament""], [""I"", ""present_at"", ""parliament""]]",0.06804138174397717,0.08006824553012848,0.4605908989906311,0.05555555555555555,0.05555555555555555,0.6763133760647961,0.6142375940138721,0.552161811962948,0.49008602991202393,0.42801024786109987,0.36593446581017586,0.3038586837592518,0.24178290170832775,0.17970711965740366,0.11763133760647959,0.05555555555555555,0.6487045511993024,0.5854304382376041
375,be the deciding factor in a state of affairs or an outcome,shape or influence ; give direction to .,"[[""deciding_factor"", ""be_in"", ""state_of_affairs""], [""deciding_factor"", ""be_in"", ""outcome""]]","[[""shape_or_influence"", ""give_direction_to"", ""outcome""], [""entity"", ""shape_or_influence"", ""direction""]]",0.408248290463863,0.0,0.3318443298339844,0.28867513459481287,0.408248290463863,0.5527739342794173,0.538321369897862,0.5238688055163065,0.509416241134751,0.49496367675319564,0.4805111123716402,0.4660585479900847,0.4516059836085293,0.43715341922697387,0.42270085484541847,0.408248290463863,0.5003464525419365,0.31758605338082674
376,a man is lifting weights in a garage .,a man is lifting weights .,"[[""man"", ""located_in"", ""garage""], [""man"", ""action"", ""lifting_weights""]]","[[""man"", ""action"", ""lifting_weights""]]",0.4762896722078402,0.8456307649612427,0.8473753929138184,0.4762896722078402,0.4762896722078402,0.7963957589025086,0.7643851502330418,0.732374541563575,0.700363932894108,0.6683533242246412,0.6363427155551744,0.6043321068857075,0.5723214982162408,0.5403108895467739,0.5083002808773069,0.4762896722078402,0.7889408246396421,0.8152429354970505
377,"yesterday , shares closed up 29 cents , or 0.54 percent , at $ 54.32 .","amazon 's shares yesterday closed at $ 54.32 on the nasdaq stock market , up 29 cents .","[[""shares"", ""closed_at"", ""$54.32""], [""shares"", ""increased_by"", ""29_cents""], [""shares"", ""percentage_increase"", ""0.54_percent""], [""shares"", ""closed_on"", ""yesterday""]]","[[""amazon"", ""has_shares"", ""shares""], [""shares"", ""closed_at"", ""$54.32""], [""shares"", ""traded_on"", ""nasdaq_stock_market""], [""shares"", ""increased_by"", ""29_cents""], [""shares"", ""closed_on"", ""yesterday""]]",0.7080881928749334,0.4122224748134613,0.6285685896873474,0.5781515884776753,0.7080881928749334,0.9661208710452643,0.9403176032282313,0.9145143354111982,0.8887110675941651,0.862907799777132,0.8371045319600989,0.8113012641430658,0.7854979963260327,0.7596947285089996,0.7338914606919665,0.7080881928749334,0.9521909915828031,0.8781787180452452
378,""" it was brazen intimidation to keep people on the reservation , "" said a republican who attended but did not want to be named .",""" it was a brazen attempt at intimidation , "" said a republican legislator who attended the meeting .","[[""Republican"", ""attended"", ""meeting""], [""meeting"", ""location"", ""reservation""], [""Republican"", ""experienced"", ""intimidation""]]","[[""Republican_legislator"", ""attended"", ""meeting""], [""Republican_legislator"", ""witnessed"", ""intimidation""], [""intimidation"", ""characterized_as"", ""brazen_attempt""]]",0.4330127018922193,0.13874121010303497,0.3398304581642151,0.08333333333333333,0.4330127018922193,0.7920930318037224,0.7561849988125721,0.7202769658214218,0.6843689328302713,0.6484608998391211,0.6125528668479708,0.5766448338568205,0.5407368008656702,0.5048287678745199,0.4689207348833696,0.4330127018922193,0.7932861362748244,0.6955381453591472
379,move about in a confused or purposeless manner .,move about in a confused manner .,"[[""move"", ""happens_in"", ""confused_manner""], [""move"", ""happens_in"", ""purposeless_manner""]]","[[""move"", ""happens_in"", ""confused_manner""]]",0.4762896722078402,0.817886471748352,0.8710272312164307,0.4762896722078402,0.4762896722078402,0.9342180301538185,0.8884251943592207,0.8426323585646229,0.796839522770025,0.7510466869754272,0.7052538511808294,0.6594610153862315,0.6136681795916337,0.5678753437970359,0.522082508002438,0.4762896722078402,0.9428460994191143,0.9193594298615035
380,it increases the power of the big countries at the expense of the small countries .,has the effect of increasing the power of the large countries at the expense of the smaller countries .,"[[""big_countries"", ""gain_power_at_expense_of"", ""small_countries""]]","[[""large_countries"", ""gain_power_at_expense_of"", ""smaller_countries""]]",1.0,0.0,0.0,0.0,1.0,0.9818925470559949,0.9837032923503954,0.985514037644796,0.9873247829391965,0.989135528233597,0.9909462735279975,0.992757018822398,0.9945677641167985,0.996378509411199,0.9981892547055995,1.0,0.966495815351144,0.9853770574042069
381,"contrary to what peoplesoft management would have you believe , oracle intends to fully support peoplesoft customers and products for many years to come . ""","ellison said that contrary to the contentions of peoplesoft management , oracle intends to "" fully support peoplesoft customers and products "" for many years to come .","[[""Oracle"", ""intends_to_support"", ""Peoplesoft_customers""], [""Oracle"", ""intends_to_support"", ""Peoplesoft_products""], [""Peoplesoft_management"", ""made_contention"", ""about_Oracle_support""], [""Oracle"", ""will_support_for"", ""many_years""]]","[[""Ellison"", ""said"", ""statement""], [""Ellison"", ""contradicts"", ""Peoplesoft_management""], [""Oracle"", ""intends_to_support"", ""Peoplesoft_customers""], [""Oracle"", ""intends_to_support"", ""Peoplesoft_products""], [""Peoplesoft_management"", ""made_contention"", ""about_Oracle_support""], [""Oracle"", ""will_support_for"", ""many_years""]]",1.0,0.7186601161956787,0.8831099271774292,0.8660254037844386,1.0,0.9999999988780949,0.9999999989902854,0.999999999102476,0.9999999992146664,0.9999999993268569,0.9999999994390474,0.999999999551238,0.9999999996634285,0.999999999775619,0.9999999998878095,1.0,0.999999985098837,0.7646557656754905
382,a man is mowing a lawn .,a woman is cutting a lemon .,"[[""man"", ""mowing"", ""lawn""]]","[[""woman"", ""cutting"", ""lemon""]]",0.0,0.0,0.0,0.0,0.0,0.09283631890920073,0.08355268701828066,0.07426905512736058,0.0649854232364405,0.05570179134552044,0.046418159454600365,0.03713452756368029,0.027850895672760223,0.018567263781840142,0.009283631890920071,0.0,0.17085588233589077,0.5046389993639555
383,a man is crushing garlic with the back of a knife .,a woman is slicing meat with a knife .,"[[""man"", ""is_crushing"", ""garlic""], [""man"", ""using"", ""knife""], [""knife"", ""used_for"", ""crushing_garlic""], [""garlic"", ""being_crushed_by"", ""man""], [""knife"", ""has_part"", ""back""], [""man"", ""crushing_with"", ""back_of_knife""]]","[[""woman"", ""is_slicing"", ""meat""], [""woman"", ""using"", ""knife""], [""knife"", ""used_for"", ""slicing_meat""], [""meat"", ""being_sliced_by"", ""woman""]]",0.048112522432468816,0.03404248505830765,0.2585723102092743,0.034020690871988585,0.06622661785325219,0.6529767854478742,0.594301768688412,0.5356267519289498,0.4769517351694876,0.4182767184100254,0.3596017016505632,0.30092668489110097,0.24225166813163881,0.18357665137217657,0.12490163461271439,0.06622661785325219,0.5821174064793837,0.6214929670979605
384,people are playing baseball .,the cricket player hit the ball .,"[[""people"", ""playing"", ""baseball""]]","[[""cricket_player"", ""hit"", ""ball""]]",0.5,0.0,0.0,0.0,0.5,0.5737644720777799,0.566388024870002,0.559011577662224,0.5516351304544459,0.5442586832466679,0.53688223603889,0.529505788831112,0.522129341623334,0.5147528944155559,0.507376447207778,0.5,0.5101956523174325,0.6616926795195422
96,then perhaps we could have avoided a catastrophe .,perhaps we should have been able to prevent a disaster .,[],[],,,,,,,,,,,,,,,,,,
119,forcefully request,request urgently and forcefully .,[],[],,,,,,,,,,,,,,,,,,
147,change one for another,"give to , and receive from , one another .",[],[],,,,,,,,,,,,,,,,,,
149,then perhaps we could have avoided a catastrophe .,we would perhaps have been able to then avoid a disaster .,"[[""catastrophe"", ""could_have_been_avoided"", ""catastrophe""]]","[[""disaster"", ""could_have_been_avoided"", ""disaster""]]",1.0,0.0,0.0,0.0,1.0,0.9514234895388878,0.956281140584999,0.9611387916311103,0.9659964426772214,0.9708540937233326,0.9757117447694439,0.9805693958155551,0.9854270468616664,0.9902846979077775,0.9951423489538888,1.0,0.940629334884423,0.9185140232955393
186,then perhaps we could have avoided a catastrophe .,we maybe then could have avoided a catastrophe .,[],[],,,,,,,,,,,,,,,,,,
293,fill with high spirits,fill with high spirits ; fill with optimism .,"[[""TEXT_1"", ""contains"", ""high_spirits""]]","[[""TEXT_2"", ""contains"", ""high_spirits""], [""TEXT_2"", ""contains"", ""optimism""]]",1.0,0.39002710580825806,0.6941163539886475,0.408248290463863,1.0,0.9425818975978582,0.9483237078380723,0.9540655180782867,0.9598073283185007,0.9655491385587149,0.9712909487989291,0.9770327590391432,0.9827745692793575,0.9885163795195716,0.9942581897597859,1.0,0.933916292523136,0.8498530651560114
352,define ; determine essential qualities of,determine the essential quality of .,[],[],,,,,,,,,,,,,,,,,,
365,a europe for all,a europe for all,[],[],,,,,,,,,,,,,,,,,,
385,that provision could open the door wide to arbitrariness .,this point in the regulation opens the door to the arbitrary .,"[[""provision"", ""could_open"", ""door""], [""door"", ""opens_to"", ""arbitrariness""]]","[[""regulation"", ""opens"", ""door""], [""door"", ""opens_to"", ""arbitrary""]]",0.06804138174397717,0.4051668047904968,0.4180108308792114,0.05555555555555555,0.06804138174397717,0.707767377613522,0.6437947780265676,0.5798221784396131,0.5158495788526586,0.4518769792657041,0.3879043796787496,0.32393178009179513,0.2599591805048407,0.1959865809178861,0.13201398133093165,0.06804138174397717,0.7104721419261129,0.7403378997692146
386,settlement of people distant from their homeland,a body of people who settle far from home but maintain ties with their homeland ; inhabitants remain nationals of their home state but are not literally under the home state 's system of government .,"[[""settlement"", ""consists_of"", ""people""], [""people"", ""distant_from"", ""homeland""]]","[[""body_of_people"", ""settles"", ""far_from_home""], [""body_of_people"", ""maintain_ties_with"", ""homeland""], [""inhabitants"", ""remain"", ""nationals_of_home_state""], [""inhabitants"", ""not_under"", ""home_state_system_of_government""], [""inhabitants"", ""citizen_of"", ""home_state""]]",0.0,0.0,0.3902457356452942,0.21821789023599236,0.0,0.6796577019508685,0.6116919317557816,0.5437261615606949,0.47576039136560794,0.40779462117052107,0.33982885097543425,0.27186308078034743,0.2038973105852606,0.13593154039017366,0.06796577019508683,0.0,0.4794282721852217,0.7301465826236372
387,a man puts seasoning in a bowl of water .,the man added seasoning to water in a bowl .,"[[""man"", ""puts"", ""seasoning""], [""seasoning"", ""in"", ""bowl_of_water""], [""bowl_of_water"", ""contains"", ""water""]]","[[""man"", ""added"", ""seasoning""], [""seasoning"", ""added_to"", ""water""], [""water"", ""in"", ""bowl""], [""man"", ""added_seasoning_to"", ""bowl""]]",0.20833333333333334,0.6915494203567505,0.7304754853248596,0.125,0.20833333333333334,0.9311408253841076,0.8588600761790303,0.7865793269739527,0.7142985777688753,0.6420178285637979,0.5697370793587204,0.49745633015364304,0.42517558094856567,0.3528948317434881,0.28061408253841075,0.20833333333333334,0.8422073933433056,0.7815170302071217
388,a man playing the guitar .,a woman is painting her lips .,"[[""man"", ""playing"", ""guitar""]]","[[""woman"", ""painting"", ""lips""]]",0.0,0.0,0.0,0.0,0.0,0.09682223911339738,0.08714001520205765,0.0774577912907179,0.06777556737937816,0.058093343468038426,0.04841111955669869,0.03872889564535895,0.029046671734019217,0.019364447822679473,0.009682223911339737,0.0,0.14921546336335018,0.4146109151363269
389,take in marriage ; perform a marriage ceremony,take in marriage .,"[[""marriage"", ""performed_by"", ""ceremony""], [""ceremony"", ""relation"", ""marriage""], [""marriage_ceremony"", ""involves"", ""marriage""]]",[],,,,,,,,,,,,,,,,,,
390,what we are witnessing today is a shift from a muslim identity to an islamist identity .,today we are to change a muslim identity for islamic identity .,"[[""today"", ""witnessing"", ""shift""], [""shift"", ""from"", ""muslim_identity""], [""shift"", ""to"", ""islamist_identity""]]","[[""today"", ""changing"", ""muslim_identity""], [""muslim_identity"", ""changed_to"", ""islamic_identity""]]",0.13608276348795434,0.1457907110452652,0.4104066491127014,0.09622504486493763,0.3849001794597505,0.836323143244178,0.7911808468657353,0.7460385504872926,0.7008962541088497,0.655753957730407,0.6106116613519643,0.5654693649735215,0.5203270685950787,0.475184772216636,0.4300424758381932,0.3849001794597505,0.71210680937063,0.7840441746740059
391,a woman is riding a horse along a perimeter .,a dog is riding a skateboard .,"[[""woman"", ""riding"", ""horse""], [""woman"", ""located_along"", ""perimeter""], [""horse"", ""located_along"", ""perimeter""]]","[[""dog"", ""riding"", ""skateboard""]]",0.0,0.0,0.0,0.0,0.0,0.19556718755596064,0.17601046880036458,0.15645375004476852,0.13689703128917244,0.11734031253357638,0.09778359377798032,0.07822687502238426,0.058670156266788204,0.03911343751119212,0.01955671875559606,0.0,0.29155074318289076,0.46745522661043937
392,a competitor most likely to win,a competitor thought likely to win .,"[[""competitor"", ""likely_to"", ""win""]]","[[""competitor"", ""thought_likely_to"", ""win""]]",1.0,1.0,1.0,1.0,1.0,0.9179873616078859,0.9261886254470972,0.9343898892863087,0.94259115312552,0.9507924169647315,0.958993680803943,0.9671949446431544,0.9753962084823657,0.9835974723215772,0.9917987361607886,1.0,0.9179927491131378,0.9113767877741346
393,a quantity of something,a quantity of money .,[],[],,,,,,,,,,,,,,,,,,
394,fail in strength or health and cease to funtion,"break down , literally or metaphorically .","[[""strength"", ""related_to"", ""health""], [""health"", ""affects"", ""function""], [""function"", ""ceases"", ""when_failed""]]","[[""break_down"", ""can_be"", ""literal""], [""break_down"", ""can_be"", ""metaphorical""]]",0.0,0.0,0.020189132541418076,0.0,0.0,0.21119300001926145,0.1900737000173353,0.16895440001540918,0.147835100013483,0.12671580001155686,0.10559650000963072,0.08447720000770459,0.06335790000577844,0.04223860000385228,0.02111930000192614,0.0,0.233401089421177,0.2852639707331253
395,domesticated animals kept for use or profit,a special variety of domesticated animals within a species .,"[[""domesticated_animals"", ""kept_for"", ""use""], [""domesticated_animals"", ""kept_for"", ""profit""]]","[[""special_variety"", ""type_of"", ""domesticated_animals""], [""special_variety"", ""within"", ""species""], [""domesticated_animals"", ""type"", ""special_variety""]]",0.06804138174397717,0.0,0.06127675995230675,0.05555555555555555,0.06804138174397717,0.712502715220252,0.6480565818726245,0.5836104485249971,0.5191643151773695,0.45471818182974205,0.3902720484821146,0.3258259151344871,0.26137978178685967,0.19693364843923208,0.13248751509160464,0.06804138174397717,0.5469583137488462,0.5258049668009922
396,a man is dieing in an operating room .,a man is kissing a woman in stage .,"[[""man"", ""dying_in"", ""operating_room""]]","[[""man"", ""kissing"", ""woman""], [""man"", ""located_in"", ""stage""], [""woman"", ""located_in"", ""stage""]]",0.08333333333333333,0.015868166461586952,0.44600263237953186,0.06804138174397717,0.08333333333333333,0.34550660784334786,0.31928928039234644,0.29307195294134497,0.2668546254903435,0.24063729803934203,0.21441997058834059,0.18820264313733914,0.1619853156863377,0.1357679882353362,0.10955066078433477,0.08333333333333333,0.4205660216771635,0.518927284075095
397,two men pushed carts through the woods .,two men are pushing carts .,"[[""men"", ""pushed"", ""carts""], [""men"", ""pushed_carts_through"", ""woods""], [""carts"", ""pushed_through"", ""woods""], [""men"", ""located_in"", ""woods""]]","[[""men"", ""pushing"", ""carts""]]",0.13608276348795434,0.8980003595352173,0.7609704732894897,0.13608276348795434,0.13608276348795434,0.748873383627531,0.6875943216135734,0.6263152595996156,0.5650361975856579,0.5037571355717003,0.44247807355774266,0.381199011543785,0.3199199495298274,0.2586408875158696,0.197361825501912,0.13608276348795434,0.7619201500548118,0.7120828776848341
398,"the president has fewer powers than it seems , overshadowed particularly by supreme guide ayatollah ali khamenei .","the president has less of capacities than it does not appear to with it , and it particuli � rement is particuli � rement eclipsed by the guide supr � me the ayatollah ali khamenei .","[[""president"", ""has_powers"", ""fewer_powers""], [""president"", ""overshadowed_by"", ""Ayatollah_Ali_Khamenei""], [""Ayatollah_Ali_Khamenei"", ""position"", ""Supreme_Guide""]]","[[""president"", ""has_capacities"", ""less_capacities""], [""president"", ""eclipsed_by"", ""Ayatollah_Ali_Khamenei""], [""Ayatollah_Ali_Khamenei"", ""position"", ""Supreme_Guide""]]",1.0,0.46535131335258484,0.6911996603012085,0.5416666666666666,1.0,0.9546784356755064,0.9592105921079557,0.9637427485404051,0.9682749049728545,0.9728070614053038,0.9773392178377531,0.9818713742702025,0.986403530702652,0.9909356871351013,0.9954678435675506,1.0,0.8821497920567093,0.8649675761906422
399,a man is playing a harp .,a man is playing a keyboard .,"[[""man"", ""playing"", ""harp""]]","[[""man"", ""playing"", ""keyboard""]]",0.08333333333333333,0.7844335436820984,0.7236653566360474,0.08333333333333333,0.08333333333333333,0.4983768733702287,0.45687251936653916,0.41536816536284965,0.3738638113591601,0.3323594573554705,0.290855103351781,0.24935074934809148,0.20784639534440194,0.1663420413407124,0.12483768733702286,0.08333333333333333,0.6397350802085428,0.6548081567045998
55,some results are remarkable .,some results .,[],[],,,,,,,,,,,,,,,,,,
96,then perhaps we could have avoided a catastrophe .,perhaps we should have been able to prevent a disaster .,[],[],,,,,,,,,,,,,,,,,,
119,forcefully request,request urgently and forcefully .,[],[],,,,,,,,,,,,,,,,,,
147,change one for another,"give to , and receive from , one another .",[],[],,,,,,,,,,,,,,,,,,
186,then perhaps we could have avoided a catastrophe .,we maybe then could have avoided a catastrophe .,[],[],,,,,,,,,,,,,,,,,,
352,define ; determine essential qualities of,determine the essential quality of .,[],[],,,,,,,,,,,,,,,,,,
365,a europe for all,a europe for all,[],[],,,,,,,,,,,,,,,,,,
393,a quantity of something,a quantity of money .,"[[""something"", ""has_quantity"", ""quantity""]]","[[""money"", ""has_quantity"", ""quantity""]]",0.5,0.8826577663421631,0.7901811599731445,0.5,0.5,0.8330374129215917,0.7997336716294327,0.7664299303372734,0.7331261890451142,0.6998224477529551,0.6665187064607958,0.6332149651686367,0.5999112238764776,0.5666074825843184,0.5333037412921592,0.5,0.825651158910877,0.8844573248591857
55,some results are remarkable .,some results .,[],[],,,,,,,,,,,,,,,,,,
96,then perhaps we could have avoided a catastrophe .,perhaps we should have been able to prevent a disaster .,[],[],,,,,,,,,,,,,,,,,,
119,forcefully request,request urgently and forcefully .,[],[],,,,,,,,,,,,,,,,,,
147,change one for another,"give to , and receive from , one another .",[],[],,,,,,,,,,,,,,,,,,
186,then perhaps we could have avoided a catastrophe .,we maybe then could have avoided a catastrophe .,[],[],,,,,,,,,,,,,,,,,,
352,define ; determine essential qualities of,determine the essential quality of .,"[[""define"", ""related_to"", ""determine_essential_qualities_of""]]","[[""determine"", ""related_to"", ""essential_quality_of""]]",0.5,0.0,0.0,0.0,0.5,0.8399783817063059,0.8059805435356754,0.7719827053650448,0.7379848671944141,0.7039870290237835,0.669989190853153,0.6359913526825224,0.6019935145118918,0.5679956763412611,0.5339978381706306,0.5,0.8255255826102518,0.7742819580807789
365,a europe for all,a europe for all,[],[],,,,,,,,,,,,,,,,,,
