id,paragraph_1,paragraph_2,kg_1,kg_2,kea_similarity,transe_similarity,rotate_similarity,wl_kernel_similarity,aa_kea_similarity,snea_bert_alpha_0.0,snea_bert_alpha_0.1,snea_bert_alpha_0.2,snea_bert_alpha_0.3,snea_bert_alpha_0.4,snea_bert_alpha_0.5,snea_bert_alpha_0.6,snea_bert_alpha_0.7,snea_bert_alpha_0.8,snea_bert_alpha_0.9,snea_bert_alpha_1.0_SNEA_alone,kea_bert_similarity,semantic_wl_similarity,label,perturbation_type
0,"The drug sulbenicillin increases the efficacy of mivacurium, while decreasing the efficacy of demegestone. Penimepicycline enhances the efficacy of rocuronium but reduces the efficacy of sultamicillin and sulbenicillin. Rocuronium boosts the efficacy of amdinocillin and azidocillin, but it also has the side effect of injection site swelling. Additionally, flucloxacillin diminishes the efficacy of penimepicycline and has side effects like arthralgia and immune system disorder.","Sulbenicillin increases the efficacy of mivacurium, but decreases the efficacy of demegestone. Penimepicycline increases the efficacy of rocuronium, however it decreases the efficacy of sultamicillin and sulbenicillin. Flucloxacillin decreases the efficacy of penimepicycline and has side effects including arthralgia and immune system disorder. Rocuronium increases the efficacy of amdinocillin and azidocillin, but also has a side effect of injection site swelling.","[[""sulbenicillin"", ""increases_efficacy_of"", ""mivacurium""], [""sulbenicillin"", ""decreases_efficacy_of"", ""demegestone""], [""penimepicycline"", ""enhances_efficacy_of"", ""rocuronium""], [""penimepicycline"", ""reduces_efficacy_of"", ""sultamicillin""], [""penimepicycline"", ""reduces_efficacy_of"", ""sulbenicillin""], [""rocuronium"", ""boosts_efficacy_of"", ""amdinocillin""], [""rocuronium"", ""boosts_efficacy_of"", ""azidocillin""], [""rocuronium"", ""has_side_effect"", ""injection_site_swelling""], [""flucloxacillin"", ""diminishes_efficacy_of"", ""penimepicycline""], [""flucloxacillin"", ""has_side_effect"", ""arthralgia""], [""flucloxacillin"", ""has_side_effect"", ""immune_system_disorder""]]","[[""sulbenicillin"", ""increases_efficacy_of"", ""mivacurium""], [""sulbenicillin"", ""decreases_efficacy_of"", ""demegestone""], [""penimepicycline"", ""increases_efficacy_of"", ""rocuronium""], [""penimepicycline"", ""decreases_efficacy_of"", ""sultamicillin""], [""penimepicycline"", ""decreases_efficacy_of"", ""sulbenicillin""], [""rocuronium"", ""increases_efficacy_of"", ""amdinocillin""], [""rocuronium"", ""increases_efficacy_of"", ""azidocillin""], [""rocuronium"", ""has_side_effect"", ""injection_site_swelling""], [""flucloxacillin"", ""decreases_efficacy_of"", ""penimepicycline""], [""flucloxacillin"", ""has_side_effect"", ""arthralgia""], [""flucloxacillin"", ""has_side_effect"", ""immune_system_disorder""]]",1.0,0.9999999403953552,1.0,1.0,1.0,0.996954757030178,0.99725928132716,0.9975638056241424,0.9978683299211244,0.9981728542181068,0.9984773785150888,0.9987819028120712,0.9990864271090534,0.9993909514060356,0.9996954757030178,1.0,0.991846662501404,0.974724310880397,1,node_replacement
1,"The drug bunazosin decreases the efficacy of naphazoline, protokylol, and norfenefrine. Bisoprolol decreases the efficacy of calcium acetate and calcium lactate gluconate. Protokylol increases the efficacy of etilefrine and histapyrrodine. Naphazoline decreases the efficacy of tolazoline, propafenone, and celiprolol. Nadolol increases the efficacy of exenatide and insulin aspart, but decreases the efficacy of moxonidine. Cirazoline decreases the efficacy of bisoprolol, nadolol, and bunazosin.","The drug bunazosin decreases the efficacy of naphazoline, protokylol, and norfenefrine. Additionally, bisoprolol decreases the efficacy of calcium acetate and calcium lactate gluconate. On the other hand, protokylol increases the efficacy of etilefrine and histapyrrodine. The usage of naphazoline reduces the efficacy of tolazoline, propafenone, and celiprolol. Moreover, nadolol can increase the efficacy of exenatide and insulin aspart, but it decreases the efficacy of moxonidine. Lastly, cirazoline decreases the efficacy of bisoprolol, nadolol, and bunazosin.",[],[],,,,,,,,,,,,,,,,,,,1,node_removal
2,"Buthiazide increases the efficacy of glipizide and decreases the efficacy of verinurad and benzhydrocodone. Torasemide is affecting adducin 1 and has an indication for diuresis. Additionally, torasemide decreases the efficacy of mofebutazone. Estetrol decreases the efficacy of streptomycin, chenodeoxycholic acid, and nigericin. Luseogliflozin decreases the efficacy of torasemide and estetrol, but increases the efficacy of buthiazide.","The drug buthiazide can both increase the efficacy of glipizide and decrease the efficacy of verinurad and benzhydrocodone. Similarly, luseogliflozin can increase the efficacy of buthiazide. 

Torasemide is affecting adducin 1 and has an indication for diuresis. It also decreases the efficacy of mofebutazone.

On the other hand, estetrol decreases the efficacy of streptomycin, chenodeoxycholic acid, and nigericin.",[],[],,,,,,,,,,,,,,,,,,,0,edge_deletion
3,"The compound 9-deazaguanine increases the activity of the hypotensive activities and decreases the efficacy of halazepam. Pinazepam increases the effect of neuropsychiatric effects, while decreasing the efficacy of 9-deazaguanine and proxyphylline. Proxyphylline has activity in the hyperkalemic activities and decreases the efficacy of delorazepam.","The compound 9-deazaguanine is known to increase the activity of the hypotensive activities, while at the same time decreasing the efficacy of halazepam. Pinazepam has been shown to increase the effect of neuropsychiatric effects, but it decreases the efficacy of 9-deazaguanine and proxyphylline. Proxyphylline has activity related to the hyperkalemic activities, however, it decreases the efficacy of delorazepam.",[],[],,,,,,,,,,,,,,,,,,,1,edge_replacement
4,"Medazepam increases the neuropsychiatric effects, but decreases the efficacy of metronidazole and theobromine. Lobucavir decreases the efficacy of 1,2-benzodiazepine, medazepam, and doxefazepam. Doxefazepam targets the GABA(A) receptor and has the sedative activities. Additionally, 1,2-benzodiazepine's efficacy is decreased by pentoxifylline, doxofylline, and acefylline.","The drug medazepam decreases the efficacy of metronidazole, theobromine, and also reduces the neuropsychiatric effects. Additionally, lobucavir decreases the efficacy of 1,2-benzodiazepine, medazepam, and doxefazepam. Doxefazepam targets the GABA(A) receptor and has the sedative activities. Furthermore, 1,2-benzodiazepine decreases the efficacy of pentoxifylline, doxofylline, and acefylline.","[[""Medazepam"", ""increases"", ""neuropsychiatric_effects""], [""Medazepam"", ""decreases_efficacy_of"", ""Metronidazole""], [""Medazepam"", ""decreases_efficacy_of"", ""Theobromine""], [""Lobucavir"", ""decreases_efficacy_of"", ""1,2-benzodiazepine""], [""Lobucavir"", ""decreases_efficacy_of"", ""Medazepam""], [""Lobucavir"", ""decreases_efficacy_of"", ""Doxefazepam""], [""Doxefazepam"", ""targets"", ""GABA(A)_receptor""], [""Doxefazepam"", ""has"", ""sedative_activities""], [""1,2-benzodiazepine"", ""efficacy_decreased_by"", ""Pentoxifylline""], [""1,2-benzodiazepine"", ""efficacy_decreased_by"", ""Doxofylline""], [""1,2-benzodiazepine"", ""efficacy_decreased_by"", ""Acefylline""]]","[[""Medazepam"", ""decreases_efficacy_of"", ""Metronidazole""], [""Medazepam"", ""decreases_efficacy_of"", ""Theobromine""], [""Medazepam"", ""reduces"", ""neuropsychiatric_effects""], [""Lobucavir"", ""decreases_efficacy_of"", ""1,2-benzodiazepine""], [""Lobucavir"", ""decreases_efficacy_of"", ""Medazepam""], [""Lobucavir"", ""decreases_efficacy_of"", ""Doxefazepam""], [""Doxefazepam"", ""targets"", ""GABA(A)_receptor""], [""Doxefazepam"", ""has"", ""sedative_activities""], [""1,2-benzodiazepine"", ""decreases_efficacy_of"", ""Pentoxifylline""], [""1,2-benzodiazepine"", ""decreases_efficacy_of"", ""Doxofylline""], [""1,2-benzodiazepine"", ""decreases_efficacy_of"", ""Acefylline""]]",1.0,1.0,0.9999998807907104,1.0,1.0,0.9944017110788924,0.9949615399710032,0.995521368863114,0.9960811977552246,0.9966410266473354,0.9972008555394464,0.997760684431557,0.9983205133236676,0.9988803422157784,0.9994401711078892,1.0,0.9781942613172367,0.995372334060566,0,edge_replacement
5,"Andexanet alfa decreases the efficacy of several drugs including edetic acid, clorindione, and diphenadione. Diphenadione, in turn, increases the efficacy of levothyroxine but decreases the efficacy of pantothenic acid and formic acid. Cefacetrile decreases the efficacy of dabigatran. Edetic acid decreases the efficacy of cefpiramide, cefacetrile, and rurioctocog alfa pegol. Additionally, clorindione increases the efficacy of ketoconazole and nitroxoline.","Andexanet alfa decreases the efficacy of clorindione. Diphenadione increases the efficacy of levothyroxine but decreases the efficacy of pantothenic acid and formic acid. Cefacetrile decreases the efficacy of dabigatran. Edetic acid decreases the efficacy of cefpiramide, cefacetrile, and rurioctocog alfa pegol. Clorindione increases the efficacy of ketoconazole and nitroxoline.","[[""Andexanet_alfa"", ""decreases_efficacy_of"", ""edetic_acid""], [""Andexanet_alfa"", ""decreases_efficacy_of"", ""clorindione""], [""Andexanet_alfa"", ""decreases_efficacy_of"", ""diphenadione""], [""Diphenadione"", ""increases_efficacy_of"", ""levothyroxine""], [""Diphenadione"", ""decreases_efficacy_of"", ""pantothenic_acid""], [""Diphenadione"", ""decreases_efficacy_of"", ""formic_acid""], [""Cefacetrile"", ""decreases_efficacy_of"", ""dabigatran""], [""Edetic_acid"", ""decreases_efficacy_of"", ""cefpiramide""], [""Edetic_acid"", ""decreases_efficacy_of"", ""cefacetrile""], [""Edetic_acid"", ""decreases_efficacy_of"", ""rurioctocog_alfa_pegol""], [""Clorindione"", ""increases_efficacy_of"", ""ketoconazole""], [""Clorindione"", ""increases_efficacy_of"", ""nitroxoline""]]","[[""Andexanet_alfa"", ""decreases_efficacy_of"", ""clorindione""], [""Diphenadione"", ""increases_efficacy_of"", ""levothyroxine""], [""Diphenadione"", ""decreases_efficacy_of"", ""pantothenic_acid""], [""Diphenadione"", ""decreases_efficacy_of"", ""formic_acid""], [""Cefacetrile"", ""decreases_efficacy_of"", ""dabigatran""], [""Edetic_acid"", ""decreases_efficacy_of"", ""cefpiramide""], [""Edetic_acid"", ""decreases_efficacy_of"", ""cefacetrile""], [""Edetic_acid"", ""decreases_efficacy_of"", ""rurioctocog_alfa_pegol""], [""Clorindione"", ""increases_efficacy_of"", ""ketoconazole""], [""Clorindione"", ""increases_efficacy_of"", ""nitroxoline""]]",0.7916666666666666,0.8620328307151794,0.965158998966217,0.8076923076923077,0.8076923076923077,0.9926601037374896,0.9741633241329714,0.9556665445284532,0.9371697649239348,0.9186729853194168,0.9001762057148985,0.8816794261103804,0.8631826465058623,0.8446858669013441,0.8261890872968259,0.8076923076923077,0.989521818075508,0.994640449773746,0,edge_deletion
6,"The drug Rimexolone increases the activity of the excretion rate, has an effect on electrolyte imbalance, and decreases the efficacy of Aminoglutethimide. Flurandrenolide causes the side effect of Contact Dermatitis. Aminoglutethimide decreases the efficacy of both Flurandrenolide and Hydrocortisone Aceponate, and targets the SN12K1. Hydrocortisone Aceponate decreases the efficacy of allogeneic processed thymus tissue.","Rimexolone increases the activity of the excretion rate and has the effect of causing electrolyte imbalance. It also decreases the efficacy of aminoglutethimide. Flurandrenolide leads to the side effect of contact dermatitis. Aminoglutethimide decreases the efficacy of both flurandrenolide and hydrocortisone aceponate, and targets sn12k1. Hydrocortisone aceponate further decreases the efficacy of allogeneic processed thymus tissue.","[[""Rimexolone"", ""increases"", ""excretion_rate""], [""Rimexolone"", ""has_effect_on"", ""electrolyte_imbalance""], [""Rimexolone"", ""decreases"", ""Aminoglutethimide""], [""Flurandrenolide"", ""causes"", ""Contact_Dermatitis""], [""Aminoglutethimide"", ""decreases"", ""Flurandrenolide""], [""Aminoglutethimide"", ""decreases"", ""Hydrocortisone_Aceponate""], [""Aminoglutethimide"", ""targets"", ""SN12K1""], [""Hydrocortisone_Aceponate"", ""decreases"", ""allogeneic_processed_thymus_tissue""]]","[[""Rimexolone"", ""increases"", ""excretion_rate""], [""Rimexolone"", ""has_effect_of"", ""electrolyte_imbalance""], [""Rimexolone"", ""decreases"", ""Aminoglutethimide""], [""Flurandrenolide"", ""leads_to"", ""contact_dermatitis""], [""Aminoglutethimide"", ""decreases"", ""Flurandrenolide""], [""Aminoglutethimide"", ""decreases"", ""Hydrocortisone_Aceponate""], [""Aminoglutethimide"", ""targets"", ""SN12K1""], [""Hydrocortisone_Aceponate"", ""decreases"", ""allogeneic_processed_thymus_tissue""]]",1.0,1.0,1.0,1.0,1.0,0.9989139225226517,0.9990225302703865,0.9991311380181214,0.999239745765856,0.999348353513591,0.9994569612613258,0.9995655690090606,0.9996741767567956,0.9997827845045304,0.9998913922522652,1.0,0.9778861912269464,0.9880486585860326,1,edge_replacement
7,"Hyodeoxycholic acid decreases the efficacy of norethisterone and gemfibrozil. It also has a target, UDP-glucuronosyltransferase 1-8. Lynestrenol reduces the efficacy of insulin detemir, procaine benzylpenicillin, and hyodeoxycholic acid. Insulin detemir has side effects such as eczema, fatigue, and diabetes mellitus. Procaine benzylpenicillin decreases the efficacy of desogestrel, norelgestromin, and Vibrio cholerae CVD 103-HgR strain live antigen. Norelgestromin targets the androgen receptor and reduces the efficacy of lepirudin.","The medication procaine benzylpenicillin decreases the efficacy of desogestrel, norelgestromin, and the Vibrio cholerae CVD 103-HgR strain live antigen.","[[""Hyodeoxycholic_acid"", ""decreases_efficacy_of"", ""Norethisterone""], [""Hyodeoxycholic_acid"", ""decreases_efficacy_of"", ""Gemfibrozil""], [""Hyodeoxycholic_acid"", ""has_target"", ""UDP-glucuronosyltransferase_1-8""], [""Lynestrenol"", ""reduces_efficacy_of"", ""Insulin_detemir""], [""Lynestrenol"", ""reduces_efficacy_of"", ""Procaine_benzylpenicillin""], [""Lynestrenol"", ""reduces_efficacy_of"", ""Hyodeoxycholic_acid""], [""Insulin_detemir"", ""has_side_effect"", ""Eczema""], [""Insulin_detemir"", ""has_side_effect"", ""Fatigue""], [""Insulin_detemir"", ""has_side_effect"", ""Diabetes_mellitus""], [""Procaine_benzylpenicillin"", ""decreases_efficacy_of"", ""Desogestrel""], [""Procaine_benzylpenicillin"", ""decreases_efficacy_of"", ""Norelgestromin""], [""Procaine_benzylpenicillin"", ""decreases_efficacy_of"", ""Vibrio_cholerae_CVD_103-HgR_strain_live_antigen""], [""Norelgestromin"", ""targets"", ""Androgen_receptor""], [""Norelgestromin"", ""reduces_efficacy_of"", ""Lepirudin""]]","[[""Procaine_benzylpenicillin"", ""decreases_efficacy_of"", ""Desogestrel""], [""Procaine_benzylpenicillin"", ""decreases_efficacy_of"", ""Norelgestromin""], [""Procaine_benzylpenicillin"", ""decreases_efficacy_of"", ""Vibrio_cholerae_CVD_103-HgR_strain_live_antigen""]]",0.3118047822311617,0.1334951967000961,0.6243560314178467,0.3227486121839514,0.446909678648343,0.7877148051568849,0.7536342925060306,0.7195537798551765,0.6854732672043222,0.6513927545534681,0.6173122419026139,0.5832317292517598,0.5491512166009056,0.5150707039500514,0.4809901912991972,0.446909678648343,0.7554414887435738,0.8769329632087473,0,node_removal
8,"The drug nafcillin decreases the efficacy of demeclocycline, felodipine, and seletracetam. Demeclocycline, in turn, decreases the efficacy of sulbenicillin. Seletracetam decreases the efficacy of docusate and sulfate ion. Additionally, felodipine decreases the efficacy of deacetylbisacodyl and frangula purshiana bark while also having the side effect of causing tension.","The drug nafcillin decreases the efficacy of demeclocycline, felodipine, and seletracetam. Demeclocycline, in turn, decreases the efficacy of sulbenicillin. Seletracetam decreases the efficacy of docusate and sulfate ion. Felodipine decreases the efficacy of deacetylbisacodyl and frangula purshiana bark, while also causing the side effect of tension.","[[""nafcillin"", ""decreases_efficacy_of"", ""demeclocycline""], [""nafcillin"", ""decreases_efficacy_of"", ""felodipine""], [""nafcillin"", ""decreases_efficacy_of"", ""seletracetam""], [""demeclocycline"", ""decreases_efficacy_of"", ""sulbenicillin""], [""seletracetam"", ""decreases_efficacy_of"", ""docusate""], [""seletracetam"", ""decreases_efficacy_of"", ""sulfate_ion""], [""felodipine"", ""decreases_efficacy_of"", ""deacetylbisacodyl""], [""felodipine"", ""decreases_efficacy_of"", ""frangula_purshiana_bark""], [""felodipine"", ""causes_side_effect"", ""tension""]]","[[""nafcillin"", ""decreases_efficacy_of"", ""demeclocycline""], [""nafcillin"", ""decreases_efficacy_of"", ""felodipine""], [""nafcillin"", ""decreases_efficacy_of"", ""seletracetam""], [""demeclocycline"", ""decreases_efficacy_of"", ""sulbenicillin""], [""seletracetam"", ""decreases_efficacy_of"", ""docusate""], [""seletracetam"", ""decreases_efficacy_of"", ""sulfate_ion""], [""felodipine"", ""decreases_efficacy_of"", ""deacetylbisacodyl""], [""felodipine"", ""decreases_efficacy_of"", ""frangula_purshiana_bark""], [""felodipine"", ""causes_side_effect"", ""tension""]]",1.0,0.9999999403953552,0.9999999403953552,1.0,1.0,0.9999999982618712,0.999999998435684,0.999999998609497,0.99999999878331,0.9999999989571228,0.9999999991309356,0.9999999993047484,0.9999999994785612,0.9999999996523744,0.9999999998261871,1.0,1.0,0.9999999879881744,1,edge_deletion
9,"Tiotropium increases the effect of urinary retention and has the side effect of mouth ulceration. Additionally, tiotropium decreases the efficacy of magnesium. Emetonium iodide decreases the efficacy of linaclotide, magnesium carbonate, and sodium tartrate. Magnesium, in turn, decreases the efficacy of dihydroetorphine, dimetindene, and emetonium iodide. Dihydroetorphine increases the efficacy of pregabalin and lofexidine.","Tiotropium decreases efficacy of magnesium and has a side effect of mouth ulceration, as well as decreasing the effect of urinary retention. Emetonium iodide decreases efficacy of linaclotide, magnesium carbonate, and sodium tartrate. Magnesium decreases efficacy of dihydroetorphine, dimetindene, and emetonium iodide. Dihydroetorphine increases efficacy of pregabalin and lofexidine.","[[""Tiotropium"", ""increases"", ""urinary_retention""], [""Tiotropium"", ""has_side_effect"", ""mouth_ulceration""], [""Tiotropium"", ""decreases"", ""magnesium""], [""Emetonium_iodide"", ""decreases"", ""linaclotide""], [""Emetonium_iodide"", ""decreases"", ""magnesium_carbonate""], [""Emetonium_iodide"", ""decreases"", ""sodium_tartrate""], [""Magnesium"", ""decreases"", ""dihydroetorphine""], [""Magnesium"", ""decreases"", ""dimetindene""], [""Magnesium"", ""decreases"", ""emetonium_iodide""], [""Dihydroetorphine"", ""increases"", ""pregabalin""], [""Dihydroetorphine"", ""increases"", ""lofexidine""]]","[[""Tiotropium"", ""decreases"", ""magnesium""], [""Tiotropium"", ""has_side_effect"", ""mouth_ulceration""], [""Tiotropium"", ""decreases"", ""urinary_retention""], [""Emetonium_iodide"", ""decreases"", ""linaclotide""], [""Emetonium_iodide"", ""decreases"", ""magnesium_carbonate""], [""Emetonium_iodide"", ""decreases"", ""sodium_tartrate""], [""Magnesium"", ""decreases"", ""dihydroetorphine""], [""Magnesium"", ""decreases"", ""dimetindene""], [""Magnesium"", ""decreases"", ""emetonium_iodide""], [""Dihydroetorphine"", ""increases"", ""pregabalin""], [""Dihydroetorphine"", ""increases"", ""lofexidine""]]",1.0,1.0,1.0,1.0,1.0,0.9995084236506016,0.9995575812855414,0.9996067389204812,0.999655896555421,0.9997050541903608,0.9997542118253008,0.9998033694602406,0.9998525270951804,0.9999016847301204,0.9999508423650602,1.0,0.9985376843596022,0.9985326344136812,0,edge_replacement
10,"The drug acarbose increases the efficacy of trovafloxacin, sulfamerazine, and succinylsulfathiazole. Additionally, sulfaquinoxaline increases the efficacy of acarbose, buformin, and rivoglitazone. On the other hand, buformin both increases the efficacy of moxifloxacin and decreases the efficacy of metolazone and aripiprazole. Furthermore, rivoglitazone decreases the efficacy of goserelin while increasing the efficacy of sarafloxacin and sulfametrole.","The compound glochidone increases the efficacy of trovafloxacin, sulfamerazine, and succinylsulfathiazole. Buformin enhances the efficacy of spathulenol, but decreases the efficacy of marein and cloprostenol. Sulfaquinoxaline boosts the efficacy of glochidone, buformin, and rivoglitazone. Rivoglitazone increases the efficacy of sarafloxacin and sulfametrole, but decreases the efficacy of goserelin.","[[""acarbose"", ""increases_efficacy_of"", ""trovafloxacin""], [""acarbose"", ""increases_efficacy_of"", ""sulfamerazine""], [""acarbose"", ""increases_efficacy_of"", ""succinylsulfathiazole""], [""sulfaquinoxaline"", ""increases_efficacy_of"", ""acarbose""], [""sulfaquinoxaline"", ""increases_efficacy_of"", ""buformin""], [""sulfaquinoxaline"", ""increases_efficacy_of"", ""rivoglitazone""], [""buformin"", ""increases_efficacy_of"", ""moxifloxacin""], [""buformin"", ""decreases_efficacy_of"", ""metolazone""], [""buformin"", ""decreases_efficacy_of"", ""aripiprazole""], [""rivoglitazone"", ""decreases_efficacy_of"", ""goserelin""], [""rivoglitazone"", ""increases_efficacy_of"", ""sarafloxacin""], [""rivoglitazone"", ""increases_efficacy_of"", ""sulfametrole""]]","[[""glochidone"", ""increases_efficacy_of"", ""trovafloxacin""], [""glochidone"", ""increases_efficacy_of"", ""sulfamerazine""], [""glochidone"", ""increases_efficacy_of"", ""succinylsulfathiazole""], [""buformin"", ""increases_efficacy_of"", ""spathulenol""], [""buformin"", ""decreases_efficacy_of"", ""marein""], [""buformin"", ""decreases_efficacy_of"", ""cloprostenol""], [""sulfaquinoxaline"", ""increases_efficacy_of"", ""glochidone""], [""sulfaquinoxaline"", ""increases_efficacy_of"", ""buformin""], [""sulfaquinoxaline"", ""increases_efficacy_of"", ""rivoglitazone""], [""rivoglitazone"", ""increases_efficacy_of"", ""sarafloxacin""], [""rivoglitazone"", ""increases_efficacy_of"", ""sulfametrole""], [""rivoglitazone"", ""decreases_efficacy_of"", ""goserelin""]]",0.3142696805273544,0.8447545766830444,0.8420039415359497,0.5641025641025641,0.5752237416355279,0.9579410861698644,0.9196693517164308,0.8813976172629971,0.8431258828095636,0.8048541483561299,0.7665824139026962,0.7283106794492625,0.6900389449958289,0.6517672105423953,0.6134954760889616,0.5752237416355279,0.9085579313946228,0.9058848313039488,0,node_replacement
11,"The drug nicardipine decreases the activity of effectiveness, decreases the efficacy of emodin, and has a side effect of pericarditis. Additionally, methylcellulose decreases the efficacy of nicardipine, flunarizine, and timepidium.","Nicardipine is known to decrease the activity of effectiveness, decrease the efficacy of emodin, and has a side effect of pericarditis. Methylcellulose, on the other hand, decreases the efficacy of nicardipine, flunarizine, and timepidium.","[[""nicardipine"", ""decreases_activity_of"", ""effectiveness""], [""nicardipine"", ""decreases_efficacy_of"", ""emodin""], [""nicardipine"", ""has_side_effect"", ""pericarditis""], [""methylcellulose"", ""decreases_efficacy_of"", ""nicardipine""], [""methylcellulose"", ""decreases_efficacy_of"", ""flunarizine""], [""methylcellulose"", ""decreases_efficacy_of"", ""timepidium""]]","[[""nicardipine"", ""decreases_activity_of"", ""effectiveness""], [""nicardipine"", ""decreases_efficacy_of"", ""emodin""], [""nicardipine"", ""has_side_effect"", ""pericarditis""], [""methylcellulose"", ""decreases_efficacy_of"", ""nicardipine""], [""methylcellulose"", ""decreases_efficacy_of"", ""flunarizine""], [""methylcellulose"", ""decreases_efficacy_of"", ""timepidium""]]",1.0,1.0,1.0,1.0,1.0,0.9999999984882476,0.9999999986394228,0.999999998790598,0.9999999989417732,0.9999999990929485,0.9999999992441236,0.999999999395299,0.9999999995464742,0.9999999996976496,0.9999999998488248,1.0,1.0,0.99999998783943,1,edge_replacement
12,"The gene COL12A1 is involved in Collagen chain trimerization and causes conditions such as bethlem myopathy 2 and myopathic ehlers-danlos syndrome. Bethlem myopathy 2 is characterized by phenotypes such as scoliosis, scapular winging, and generalized hypotonia. Myopathic ehlers-danlos syndrome presents with symptoms like failure to thrive, talipes equinovarus, and joint contracture of the hand.","Bethlem myopathy 2 presents with phenotypes such as scoliosis, scapular winging, and generalized hypotonia. In contrast, myopathic Ehlers-Danlos syndrome manifests with failure to thrive, talipes equinovarus, and joint contracture of the hand. Furthermore, the gene COL12A1 partakes in the process of collagen chain trimerization.","[[""COL12A1"", ""involved_in"", ""Collagen_chain_trimerization""], [""COL12A1"", ""causes"", ""bethlem_myopathy_2""], [""COL12A1"", ""causes"", ""myopathic_ehlers-danlos_syndrome""], [""bethlem_myopathy_2"", ""characterized_by"", ""scoliosis""], [""bethlem_myopathy_2"", ""characterized_by"", ""scapular_winging""], [""bethlem_myopathy_2"", ""characterized_by"", ""generalized_hypotonia""], [""myopathic_ehlers-danlos_syndrome"", ""presents_with"", ""failure_to_thrive""], [""myopathic_ehlers-danlos_syndrome"", ""presents_with"", ""talipes_equinovarus""], [""myopathic_ehlers-danlos_syndrome"", ""presents_with"", ""joint_contracture_of_the_hand""]]","[[""bethlem_myopathy_2"", ""presents_with"", ""scoliosis""], [""bethlem_myopathy_2"", ""presents_with"", ""scapular_winging""], [""bethlem_myopathy_2"", ""presents_with"", ""generalized_hypotonia""], [""myopathic_Ehlers-Danlos_syndrome"", ""manifests_with"", ""failure_to_thrive""], [""myopathic_Ehlers-Danlos_syndrome"", ""manifests_with"", ""talipes_equinovarus""], [""myopathic_Ehlers-Danlos_syndrome"", ""manifests_with"", ""joint_contracture_of_the_hand""], [""COL12A1"", ""partakes_in"", ""collagen_chain_trimerization""]]",0.9166666666666666,1.0,0.9999999403953552,0.9166666666666666,0.9166666666666666,0.9674226976804532,0.9623470945790744,0.957271491477696,0.9521958883763172,0.9471202852749384,0.94204468217356,0.9369690790721812,0.9318934759708026,0.926817872869424,0.9217422697680452,0.9166666666666666,0.9066350804398204,0.7537737246784408,0,edge_deletion
13,"Levothyroxine increases the efficacy of testosterone, nandrolone decanoate, and liothyronine i-131. Nandrolone decanoate targets the 5-hydroxytryptamine 2 receptor and increases the efficacy of phenytoin and furosemide. Testosterone has side effects including breast cyst, vesiculobullous rash, and strangury. Furosemide decreases the efficacy of licofelone and alphaprodine. Lastly, liothyronine i-131 increases the efficacy of fluticasone propionate and nitrofurantoin.","Levothyroxine increases the efficacy of nandrolone decanoate, which targets the 5-hydroxytryptamine 2 receptor. Nandrolone decanoate also increases the efficacy of phenytoin. Testosterone has side effects including breast cyst, vesiculobullous rash, and strangury. Furosemide decreases the efficacy of licofelone and alphaprodine. Additionally, liothyronine i-131 increases the efficacy of fluticasone propionate and nitrofurantoin.","[[""Levothyroxine"", ""increases_efficacy_of"", ""Testosterone""], [""Levothyroxine"", ""increases_efficacy_of"", ""Nandrolone_Decanoate""], [""Levothyroxine"", ""increases_efficacy_of"", ""Liothyronine_I-131""], [""Nandrolone_Decanoate"", ""targets"", ""5-Hydroxytryptamine_2_Receptor""], [""Nandrolone_Decanoate"", ""increases_efficacy_of"", ""Phenytoin""], [""Nandrolone_Decanoate"", ""increases_efficacy_of"", ""Furosemide""], [""Testosterone"", ""has_side_effect"", ""Breast_Cyst""], [""Testosterone"", ""has_side_effect"", ""Vesiculobullous_Rash""], [""Testosterone"", ""has_side_effect"", ""Strangury""], [""Furosemide"", ""decreases_efficacy_of"", ""Licofelone""], [""Furosemide"", ""decreases_efficacy_of"", ""Alphaprodine""], [""Liothyronine_I-131"", ""increases_efficacy_of"", ""Fluticasone_Propionate""], [""Liothyronine_I-131"", ""increases_efficacy_of"", ""Nitrofurantoin""]]","[[""Levothyroxine"", ""increases_efficacy_of"", ""Nandrolone_Decanoate""], [""Nandrolone_Decanoate"", ""targets"", ""5-Hydroxytryptamine_2_Receptor""], [""Nandrolone_Decanoate"", ""increases_efficacy_of"", ""Phenytoin""], [""Testosterone"", ""has_side_effect"", ""Breast_Cyst""], [""Testosterone"", ""has_side_effect"", ""Vesiculobullous_Rash""], [""Testosterone"", ""has_side_effect"", ""Strangury""], [""Furosemide"", ""decreases_efficacy_of"", ""Licofelone""], [""Furosemide"", ""decreases_efficacy_of"", ""Alphaprodine""], [""Liothyronine_I-131"", ""increases_efficacy_of"", ""Fluticasone_Propionate""], [""Liothyronine_I-131"", ""increases_efficacy_of"", ""Nitrofurantoin""]]",0.8809523809523809,1.0,1.0,0.8809523809523809,0.8809523809523809,0.9913992280609776,0.9803545433501178,0.9693098586392582,0.9582651739283984,0.9472204892175388,0.9361758045066793,0.9251311197958196,0.9140864350849598,0.9030417503741004,0.8919970656632406,0.8809523809523809,0.9845274347447844,0.9697140990956924,0,edge_deletion
14,"The protein dihydroorotate dehydrogenase (quinone) is a gene product of DHODH. DHODH is involved in Pyrimidine biosynthesis and is known to cause postaxial acrofacial dysostosis. Postaxial acrofacial dysostosis is characterized by symptoms such as strabismus. The compound orotic acid targets orotate phosphoribosyltransferase, dihydroorotate dehydrogenase (quinone), and transcription factor AP-1. Transcription factor AP-1 is a gene product of JUN, which acts within pathways related to Senescence-Associated Secretory Phenotype (SASP), Regulation of PTEN gene transcription, and Estrogen-dependent gene expression.",The enzyme DHODH acts within the pathway of pyrimidine biosynthesis.,"[[""dihydroorotate_dehydrogenase_(quinone)"", ""gene_product_of"", ""DHODH""], [""DHODH"", ""involved_in"", ""Pyrimidine_biosynthesis""], [""DHODH"", ""causes"", ""postaxial_acrofacial_dysostosis""], [""postaxial_acrofacial_dysostosis"", ""characterized_by"", ""strabismus""], [""orotic_acid"", ""targets"", ""orotate_phosphoribosyltransferase""], [""orotic_acid"", ""targets"", ""dihydroorotate_dehydrogenase_(quinone)""], [""orotic_acid"", ""targets"", ""transcription_factor_AP-1""], [""transcription_factor_AP-1"", ""gene_product_of"", ""JUN""], [""JUN"", ""acts_within"", ""Senescence-Associated_Secretory_Phenotype_(SASP)""], [""JUN"", ""acts_within"", ""Regulation_of_PTEN_gene_transcription""], [""JUN"", ""acts_within"", ""Estrogen-dependent_gene_expression""]]","[[""DHODH"", ""acts_within"", ""pyrimidine_biosynthesis""]]",0.2381448361039201,0.005233540199697,0.4549864530563354,0.2381448361039201,0.2381448361039201,0.6462288589039595,0.6054204566239556,0.5646120543439517,0.5238036520639476,0.4829952497839437,0.4421868475039398,0.4013784452239358,0.3605700429439319,0.319761640663928,0.278953238383924,0.2381448361039201,0.5677072114789166,0.6916296642372839,0,node_removal
15,"The drug hydrochlorothiazide decreases the efficacy of metformin, etorphine, and targets NCI-H226. Verinurad decreases the efficacy of bendroflumethiazide, benzthiazide, and hydrochlorothiazide. Unoprostone decreases the efficacy of rofecoxib and olsalazine, and has a side effect of pruritus. Bendroflumethiazide increases the efficacy of esmolol and unoprostone, but decreases the efficacy of normethadone. Benzthiazide increases the efficacy of minoxidil, saprisartan, and rauwolfia serpentina root.",The drug hydrochlorothiazide decreases the efficacy of metformin and etorphine.,"[[""hydrochlorothiazide"", ""decreases_efficacy_of"", ""metformin""], [""hydrochlorothiazide"", ""decreases_efficacy_of"", ""etorphine""], [""hydrochlorothiazide"", ""targets"", ""NCI-H226""], [""verinurad"", ""decreases_efficacy_of"", ""bendroflumethiazide""], [""verinurad"", ""decreases_efficacy_of"", ""benzthiazide""], [""verinurad"", ""decreases_efficacy_of"", ""hydrochlorothiazide""], [""unoprostone"", ""decreases_efficacy_of"", ""rofecoxib""], [""unoprostone"", ""decreases_efficacy_of"", ""olsalazine""], [""unoprostone"", ""has_side_effect"", ""pruritus""], [""bendroflumethiazide"", ""increases_efficacy_of"", ""esmolol""], [""bendroflumethiazide"", ""increases_efficacy_of"", ""unoprostone""], [""bendroflumethiazide"", ""decreases_efficacy_of"", ""normethadone""], [""benzthiazide"", ""increases_efficacy_of"", ""minoxidil""], [""benzthiazide"", ""increases_efficacy_of"", ""saprisartan""], [""benzthiazide"", ""increases_efficacy_of"", ""rauwolfia_serpentina_root""]]","[[""hydrochlorothiazide"", ""decreases_efficacy_of"", ""metformin""], [""hydrochlorothiazide"", ""decreases_efficacy_of"", ""etorphine""]]",0.3127313958110473,0.2782396674156189,0.297052800655365,0.3127313958110473,0.3127313958110473,0.781817678699993,0.7349090504110984,0.6880004221222039,0.6410917938333093,0.5941831655444146,0.5472745372555201,0.5003659089666256,0.453457280677731,0.4065486523888364,0.3596400240999419,0.3127313958110473,0.7303337320330321,0.8791008930763212,0,node_removal
16,"Pegvisomant increases the activity of the neuromuscular blocking activities. Additionally, pegvisomant decreases the efficacy of codeine and meptazinol. Peginterferon alfa-2a has a target in the interferon alpha/beta receptor 1. Pegfilgrastim reduces the efficacy of pegvisomant, methoxy polyethylene glycol-epoetin beta, and elapegademase. Methoxy polyethylene glycol-epoetin beta decreases the efficacy of polidocanol, eptacog alfa pegol (activated), and lexaptepid pegol. Elapegademase decreases the efficacy of peginterferon alfa-2a.","Pegvisomant increases the activity of the neuromuscular blocking activities and decreases the efficacy of codeine and meptazinol. Peginterferon alfa-2a targets the interferon alpha/beta receptor 1. Pegfilgrastim reduces the efficacy of pegvisomant, methoxy polyethylene glycol-epoetin beta, and elapegademase. Methoxy polyethylene glycol-epoetin beta decreases the efficacy of polidocanol, eptacog alfa pegol (activated), and lexaptepid pegol. Elapegademase decreases the efficacy of peginterferon alfa-2a.","[[""Pegvisomant"", ""increases"", ""neuromuscular_blocking_activities""], [""Pegvisomant"", ""decreases"", ""codeine""], [""Pegvisomant"", ""decreases"", ""meptazinol""], [""Peginterferon_alfa-2a"", ""target"", ""interferon_alpha/beta_receptor_1""], [""Pegfilgrastim"", ""reduces"", ""pegvisomant""], [""Pegfilgrastim"", ""reduces"", ""methoxy_polyethylene_glycol-epoetin_beta""], [""Pegfilgrastim"", ""reduces"", ""elapegademase""], [""Methoxy_polyethylene_glycol-epoetin_beta"", ""decreases"", ""polidocanol""], [""Methoxy_polyethylene_glycol-epoetin_beta"", ""decreases"", ""eptacog_alfa_pegol_(activated)""], [""Methoxy_polyethylene_glycol-epoetin_beta"", ""decreases"", ""lexaptepid_pegol""], [""Elapegademase"", ""decreases"", ""peginterferon_alfa-2a""]]","[[""Pegvisomant"", ""increases"", ""neuromuscular_blocking_activities""], [""Pegvisomant"", ""decreases"", ""codeine""], [""Pegvisomant"", ""decreases"", ""meptazinol""], [""Peginterferon_alfa-2a"", ""targets"", ""interferon_alpha/beta_receptor_1""], [""Pegfilgrastim"", ""reduces"", ""pegvisomant""], [""Pegfilgrastim"", ""reduces"", ""methoxy_polyethylene_glycol-epoetin_beta""], [""Pegfilgrastim"", ""reduces"", ""elapegademase""], [""Methoxy_polyethylene_glycol-epoetin_beta"", ""decreases"", ""polidocanol""], [""Methoxy_polyethylene_glycol-epoetin_beta"", ""decreases"", ""eptacog_alfa_pegol_(activated)""], [""Methoxy_polyethylene_glycol-epoetin_beta"", ""decreases"", ""lexaptepid_pegol""], [""Elapegademase"", ""decreases"", ""peginterferon_alfa-2a""]]",1.0,1.0,1.0,1.0,1.0,0.9998689529977044,0.9998820576979338,0.9998951623981636,0.999908267098393,0.9999213717986226,0.999934476498852,0.9999475811990816,0.9999606858993112,0.9999737905995408,0.9999868952997704,1.0,0.996988775706404,0.9993939190354214,1,edge_replacement
17,"Reviparin decreases the efficacy of hydrochlorothiazide, ceftibuten, and human protein S. Pyrantel increases the efficacy of kanamycin and hygromycin B while also indicating treatment for hookworm infections. Isepamicin increases the efficacy of metocurine and pyrantel, but decreases the efficacy of reviparin. Metocurine decreases the efficacy of physostigmine and paraoxon.","The drug Reviparin decreases the efficacy of Hydrochlorothiazide, Ceftibuten, and Protein S human. Pyrantel increases the efficacy of Kanamycin and Hygromycin B while also being indicated for Hookworm Infections. Isepamicin increases the efficacy of Metocurine and Pyrantel but decreases the efficacy of Reviparin. Metocurine decreases the efficacy of Physostigmine and Paraoxon.","[[""Reviparin"", ""decreases_efficacy_of"", ""hydrochlorothiazide""], [""Reviparin"", ""decreases_efficacy_of"", ""ceftibuten""], [""Reviparin"", ""decreases_efficacy_of"", ""human_protein_S""], [""Pyrantel"", ""increases_efficacy_of"", ""kanamycin""], [""Pyrantel"", ""increases_efficacy_of"", ""hygromycin_B""], [""Pyrantel"", ""indicated_for"", ""hookworm_infections""], [""Isepamicin"", ""increases_efficacy_of"", ""metocurine""], [""Isepamicin"", ""increases_efficacy_of"", ""pyrantel""], [""Isepamicin"", ""decreases_efficacy_of"", ""reviparin""], [""Metocurine"", ""decreases_efficacy_of"", ""physostigmine""], [""Metocurine"", ""decreases_efficacy_of"", ""paraoxon""]]","[[""Reviparin"", ""decreases_efficacy_of"", ""Hydrochlorothiazide""], [""Reviparin"", ""decreases_efficacy_of"", ""Ceftibuten""], [""Reviparin"", ""decreases_efficacy_of"", ""Protein_S_human""], [""Pyrantel"", ""increases_efficacy_of"", ""Kanamycin""], [""Pyrantel"", ""increases_efficacy_of"", ""Hygromycin_B""], [""Pyrantel"", ""indicated_for"", ""Hookworm_Infections""], [""Isepamicin"", ""increases_efficacy_of"", ""Metocurine""], [""Isepamicin"", ""increases_efficacy_of"", ""Pyrantel""], [""Isepamicin"", ""decreases_efficacy_of"", ""Reviparin""], [""Metocurine"", ""decreases_efficacy_of"", ""Physostigmine""], [""Metocurine"", ""decreases_efficacy_of"", ""Paraoxon""]]",1.0,0.6149061918258667,0.9038863182067872,0.8472222222222222,1.0,0.9998676760187422,0.999880908416868,0.9998941408149936,0.9999073732131194,0.9999206056112452,0.9999338380093712,0.9999470704074968,0.9999603028056226,0.9999735352037484,0.9999867676018742,1.0,0.9987256961950884,0.8227547297286508,1,edge_deletion
18,"The drug flunixin increases the activity of the hypertensive activities while decreasing the efficacy of lercanidipine and phenoxybenzamine. Phenoxybenzamine, in turn, decreases the efficacy of dexibuprofen, rimiterol, and amidephrine. Additionally, lercanidipine decreases the efficacy of lonazolac and has side effects that include peptic ulcer and dry mouth. Lastly, rimiterol decreases the efficacy of labetalol.","The drug flunixin increases the activity of the hypertensive activities. It also decreases the efficacy of lercanidipine. Additionally, flunixin decreases the efficacy of phenoxybenzamine, which in turn decreases the efficacy of dexibuprofen, rimiterol, and amidephrine. Lercanidipine decreases the efficacy of lonazolac and has side effects including peptic ulcer and dry mouth. Moreover, rimiterol decreases the efficacy of labetalol.","[[""flunixin"", ""increases"", ""hypertensive_activities""], [""flunixin"", ""decreases"", ""lercanidipine""], [""flunixin"", ""decreases"", ""phenoxybenzamine""], [""phenoxybenzamine"", ""decreases"", ""dexibuprofen""], [""phenoxybenzamine"", ""decreases"", ""rimiterol""], [""phenoxybenzamine"", ""decreases"", ""amidephrine""], [""lercanidipine"", ""decreases"", ""lonazolac""], [""lercanidipine"", ""has_side_effect"", ""peptic_ulcer""], [""lercanidipine"", ""has_side_effect"", ""dry_mouth""], [""rimiterol"", ""decreases"", ""labetalol""]]","[[""flunixin"", ""increases"", ""hypertensive_activities""], [""flunixin"", ""decreases"", ""lercanidipine""], [""flunixin"", ""decreases"", ""phenoxybenzamine""], [""phenoxybenzamine"", ""decreases"", ""dexibuprofen""], [""phenoxybenzamine"", ""decreases"", ""rimiterol""], [""phenoxybenzamine"", ""decreases"", ""amidephrine""], [""lercanidipine"", ""decreases"", ""lonazolac""], [""lercanidipine"", ""has_side_effect"", ""peptic_ulcer""], [""lercanidipine"", ""has_side_effect"", ""dry_mouth""], [""rimiterol"", ""decreases"", ""labetalol""]]",1.0,0.9999998807907104,0.9999998211860656,1.0,1.0,1.0,1.0,1.0,1.0,1.0,1.0,1.0,1.0,1.0,1.0,1.0,0.9999999911134894,0.9999999859099424,1,edge_replacement
19,"Lobeglitazone increases the efficacy of pindolol and glisoxepide but decreases the efficacy of mebutizide. Pindolol has the side effect of aggression. Glisoxepide decreases the efficacy of chlorotrianisene but increases the efficacy of nadolol and tertatolol. Mebutizide decreases the efficacy of exenatide, glymidine, and tienilic acid.","Lobeglitazone is known to increase the efficacy of pindolol and glisoxepide but decrease the efficacy of mebutizide. Pindolol has a side effect of aggression. Glisoxepide decreases the efficacy of chlorotrianisene while increasing the efficacy of nadolol and tertatolol. Mebutizide decreases the efficacy of exenatide, glymidine, and tienilic acid.","[[""Lobeglitazone"", ""increases_efficacy_of"", ""Pindolol""], [""Lobeglitazone"", ""increases_efficacy_of"", ""Glisoxepide""], [""Lobeglitazone"", ""decreases_efficacy_of"", ""Mebutizide""], [""Pindolol"", ""has_side_effect"", ""Aggression""], [""Glisoxepide"", ""decreases_efficacy_of"", ""Chlorotrianisene""], [""Glisoxepide"", ""increases_efficacy_of"", ""Nadolol""], [""Glisoxepide"", ""increases_efficacy_of"", ""Tertatolol""], [""Mebutizide"", ""decreases_efficacy_of"", ""Exenatide""], [""Mebutizide"", ""decreases_efficacy_of"", ""Glymidine""], [""Mebutizide"", ""decreases_efficacy_of"", ""Tienilic_Acid""]]","[[""Lobeglitazone"", ""increases_efficacy_of"", ""Pindolol""], [""Lobeglitazone"", ""increases_efficacy_of"", ""Glisoxepide""], [""Lobeglitazone"", ""decreases_efficacy_of"", ""Mebutizide""], [""Pindolol"", ""has_side_effect"", ""Aggression""], [""Glisoxepide"", ""decreases_efficacy_of"", ""Chlorotrianisene""], [""Glisoxepide"", ""increases_efficacy_of"", ""Nadolol""], [""Glisoxepide"", ""increases_efficacy_of"", ""Tertatolol""], [""Mebutizide"", ""decreases_efficacy_of"", ""Exenatide""], [""Mebutizide"", ""decreases_efficacy_of"", ""Glymidine""], [""Mebutizide"", ""decreases_efficacy_of"", ""Tienilic_Acid""]]",1.0,1.0,1.0,1.0,1.0,0.999999913813599,0.9999999224322392,0.9999999310508793,0.9999999396695192,0.9999999482881594,0.9999999569067994,0.9999999655254396,0.9999999741440796,0.9999999827627196,0.99999999138136,1.0,1.0,0.9999999886731812,1,node_removal
20,"The antithymocyte immunoglobulin (rabbit) increases the risk of myelosuppression. Additionally, it decreases the efficacy of pev3a as well as allogeneic processed thymus tissue. Allogeneic processed thymus tissue, in turn, decreases the efficacy of chloramphenicol and capecitabine.","The antithymocyte immunoglobulin (rabbit) decreases the efficacy of pev3a, allogeneic processed thymus tissue, and causes a decrease in the effect of myelosuppression. Allogeneic processed thymus tissue also decreases the efficacy of chloramphenicol and capecitabine.","[[""antithymocyte_immunoglobulin_(rabbit)"", ""increases_risk_of"", ""myelosuppression""], [""antithymocyte_immunoglobulin_(rabbit)"", ""decreases_efficacy_of"", ""pev3a""], [""antithymocyte_immunoglobulin_(rabbit)"", ""decreases_efficacy_of"", ""allogeneic_processed_thymus_tissue""], [""allogeneic_processed_thymus_tissue"", ""decreases_efficacy_of"", ""chloramphenicol""], [""allogeneic_processed_thymus_tissue"", ""decreases_efficacy_of"", ""capecitabine""]]","[[""antithymocyte_immunoglobulin_(rabbit)"", ""decreases_efficacy_of"", ""pev3a""], [""antithymocyte_immunoglobulin_(rabbit)"", ""decreases_efficacy_of"", ""allogeneic_processed_thymus_tissue""], [""antithymocyte_immunoglobulin_(rabbit)"", ""decreases_effect_of"", ""myelosuppression""], [""allogeneic_processed_thymus_tissue"", ""decreases_efficacy_of"", ""chloramphenicol""], [""allogeneic_processed_thymus_tissue"", ""decreases_efficacy_of"", ""capecitabine""]]",1.0,1.0,1.0,1.0,1.0,0.9952682313058954,0.995741408175306,0.9962145850447164,0.9966877619141268,0.9971609387835372,0.9976341156529476,0.9981072925223582,0.9985804693917686,0.9990536462611792,0.9995268231305896,1.0,0.9771668484217532,0.984022585423081,0,edge_replacement
21,"The drug ketoconazole increases the activity of the QTc-prolonging activities and also increases the efficacy of tioclomarol. Valoctocogene roxaparvovec decreases the efficacy of efavirenz, isoniazid, and ketoconazole. Additionally, givosiran has effects on nephrotoxicity and adverse effects, and it decreases the efficacy of valoctocogene roxaparvovec.","The drug ketoconazole increases the efficacy of tioclomarol, but it decreases the QTc-prolonging activities. Valoctocogene roxaparvovec decreases the efficacy of efavirenz, isoniazid, and ketoconazole. Additionally, givosiran has various effects including nephrotoxicity and adverse effects, and it decreases the efficacy of valoctocogene roxaparvovec.","[[""ketoconazole"", ""increases"", ""QTc-prolonging_activities""], [""ketoconazole"", ""increases"", ""efficacy_of_tioclomarol""], [""valoctocogene_roxaparvovec"", ""decreases"", ""efficacy_of_efavirenz""], [""valoctocogene_roxaparvovec"", ""decreases"", ""efficacy_of_isoniazid""], [""valoctocogene_roxaparvovec"", ""decreases"", ""efficacy_of_ketoconazole""], [""givosiran"", ""has_effects_on"", ""nephrotoxicity""], [""givosiran"", ""has_effects_on"", ""adverse_effects""], [""givosiran"", ""decreases"", ""efficacy_of_valoctocogene_roxaparvovec""]]","[[""ketoconazole"", ""increases"", ""efficacy_of_tioclomarol""], [""ketoconazole"", ""decreases"", ""QTc-prolonging_activities""], [""valoctocogene_roxaparvovec"", ""decreases"", ""efficacy_of_efavirenz""], [""valoctocogene_roxaparvovec"", ""decreases"", ""efficacy_of_isoniazid""], [""valoctocogene_roxaparvovec"", ""decreases"", ""efficacy_of_ketoconazole""], [""givosiran"", ""has_effects_on"", ""nephrotoxicity""], [""givosiran"", ""has_effects_on"", ""adverse_effects""], [""givosiran"", ""decreases"", ""efficacy_of_valoctocogene_roxaparvovec""]]",1.0,0.9999999403953552,1.0,1.0,1.0,0.9993222423417262,0.9993900181075536,0.9994577938733812,0.9995255696392082,0.9995933454050356,0.999661121170863,0.9997288969366904,0.9997966727025178,0.9998644484683452,0.9999322242341726,1.0,0.9985824851231314,0.9980615016216297,0,edge_replacement
22,"Penbutolol increases the activity of the bronchoconstrictory activities. Additionally, penbutolol decreases the efficacy of bethanidine. Furthermore, penbutolol increases the efficacy of gemigliptin. Gemigliptin, in turn, decreases the efficacy of nelfinavir and ethynodiol diacetate, but increases the efficacy of mefruside. Lastly, bethanidine increases the activity of the tachycardic activities.","Penbutolol increases the activity of the bronchoconstrictory activities, decreases the efficacy of bethanidine and increases the efficacy of gemigliptin. Gemigliptin, in turn, decreases the efficacy of nelfinavir and ethynodiol diacetate but increases the efficacy of mefruside. Additionally, bethanidine increases the activity of the tachycardic activities.","[[""Penbutolol"", ""increases"", ""bronchoconstrictory_activities""], [""Penbutolol"", ""decreases"", ""bethanidine""], [""Penbutolol"", ""increases"", ""gemigliptin""], [""Gemigliptin"", ""decreases"", ""nelfinavir""], [""Gemigliptin"", ""decreases"", ""ethynodiol_diacetate""], [""Gemigliptin"", ""increases"", ""mefruside""], [""Bethanidine"", ""increases"", ""tachycardic_activities""]]","[[""Penbutolol"", ""increases"", ""bronchoconstrictory_activities""], [""Penbutolol"", ""decreases"", ""bethanidine""], [""Penbutolol"", ""increases"", ""gemigliptin""], [""Gemigliptin"", ""decreases"", ""nelfinavir""], [""Gemigliptin"", ""decreases"", ""ethynodiol_diacetate""], [""Gemigliptin"", ""increases"", ""mefruside""], [""Bethanidine"", ""increases"", ""tachycardic_activities""]]",1.0,0.9999998807907104,1.0,1.0,1.0,1.0,1.0,1.0,1.0,1.0,1.0,1.0,1.0,1.0,1.0,1.0,1.0,0.999999988841766,1,edge_replacement
23,"The drug idarubicin decreases the efficacy of the varicella zoster vaccine (recombinant) and has side effects including cardiac failure congestive and nausea. Anthrax immune globulin human decreases the efficacy of alefacept and sorafenib. The varicella zoster vaccine (recombinant) decreases the efficacy of tretinoin, prednisolone, and vilanterol. Prednisolone decreases the efficacy of edrophonium and anthrax immune globulin human, and affects solute carrier family 28 member 3. Vilanterol decreases the efficacy of droperidol, amoxapine, and allogeneic processed thymus tissue. Tretinoin targets tgbc24tkb, nci-h69, and jvm-3.","The drug idarubicin decreases the efficacy of the varicella zoster vaccine (recombinant) and has side effects such as cardiac failure congestive and nausea.

Anthrax immune globulin human decreases the efficacy of alefacept and sorafenib.

The varicella zoster vaccine (recombinant) decreases the efficacy of tretinoin, prednisolone, and vilanterol.

Prednisolone decreases the efficacy of edrophonium, anthrax immune globulin human, and affects solute carrier family 28 member 3.

Vilanterol decreases the efficacy of droperidol, amoxapine, and allogeneic processed thymus tissue.

Tretinoin has targets such as tgbc24tkb, nci-h69, and jvm-3.","[[""idarubicin"", ""decreases_efficacy_of"", ""varicella_zoster_vaccine_recombinant""], [""idarubicin"", ""has_side_effect"", ""cardiac_failure_congestive""], [""idarubicin"", ""has_side_effect"", ""nausea""], [""anthrax_immune_globulin_human"", ""decreases_efficacy_of"", ""alefacept""], [""anthrax_immune_globulin_human"", ""decreases_efficacy_of"", ""sorafenib""], [""varicella_zoster_vaccine_recombinant"", ""decreases_efficacy_of"", ""tretinoin""], [""varicella_zoster_vaccine_recombinant"", ""decreases_efficacy_of"", ""prednisolone""], [""varicella_zoster_vaccine_recombinant"", ""decreases_efficacy_of"", ""vilanterol""], [""prednisolone"", ""decreases_efficacy_of"", ""edrophonium""], [""prednisolone"", ""decreases_efficacy_of"", ""anthrax_immune_globulin_human""], [""prednisolone"", ""affects"", ""solute_carrier_family_28_member_3""], [""vilanterol"", ""decreases_efficacy_of"", ""droperidol""], [""vilanterol"", ""decreases_efficacy_of"", ""amoxapine""], [""vilanterol"", ""decreases_efficacy_of"", ""allogeneic_processed_thymus_tissue""], [""tretinoin"", ""targets"", ""tgbc24tkb""], [""tretinoin"", ""targets"", ""nci-h69""], [""tretinoin"", ""targets"", ""jvm-3""]]","[[""idarubicin"", ""decreases_efficacy_of"", ""varicella_zoster_vaccine_recombinant""], [""idarubicin"", ""has_side_effect"", ""cardiac_failure_congestive""], [""idarubicin"", ""has_side_effect"", ""nausea""], [""anthrax_immune_globulin_human"", ""decreases_efficacy_of"", ""alefacept""], [""anthrax_immune_globulin_human"", ""decreases_efficacy_of"", ""sorafenib""], [""varicella_zoster_vaccine_recombinant"", ""decreases_efficacy_of"", ""tretinoin""], [""varicella_zoster_vaccine_recombinant"", ""decreases_efficacy_of"", ""prednisolone""], [""varicella_zoster_vaccine_recombinant"", ""decreases_efficacy_of"", ""vilanterol""], [""prednisolone"", ""decreases_efficacy_of"", ""edrophonium""], [""prednisolone"", ""decreases_efficacy_of"", ""anthrax_immune_globulin_human""], [""prednisolone"", ""affects"", ""solute_carrier_family_28_member_3""], [""vilanterol"", ""decreases_efficacy_of"", ""droperidol""], [""vilanterol"", ""decreases_efficacy_of"", ""amoxapine""], [""vilanterol"", ""decreases_efficacy_of"", ""allogeneic_processed_thymus_tissue""], [""tretinoin"", ""targets"", ""tgbc24tkb""], [""tretinoin"", ""targets"", ""nci-h69""], [""tretinoin"", ""targets"", ""jvm-3""]]",1.0,1.0,0.9999998807907104,1.0,1.0,0.9999999974484676,0.9999999977036208,0.999999997958774,0.9999999982139272,0.9999999984690804,0.9999999987242338,0.9999999989793872,0.9999999992345404,0.9999999994896936,0.9999999997448468,1.0,1.0,1.0,1,node_replacement
24,"The drug Rilpivirine affects the cytochrome P450 family 3 subfamily A member 5 and increases the risk of bradycardia. Additionally, Pantoprazole decreases the efficacy of Incadronic acid and Rilpivirine by targeting the fatty acid synthase.","The drug Rilpivirine affects cytochrome P450 family 3 subfamily A member 5 and decreases the effect of bradycardia. Additionally, Pantoprazole decreases the efficacy of Incadronic acid and Rilpivirine by targeting fatty acid synthase.","[[""Rilpivirine"", ""affects"", ""cytochrome_P450_family_3_subfamily_A_member_5""], [""Rilpivirine"", ""increases_risk_of"", ""bradycardia""], [""Pantoprazole"", ""decreases_efficacy_of"", ""Incadronic_acid""], [""Pantoprazole"", ""decreases_efficacy_of"", ""Rilpivirine""], [""Pantoprazole"", ""targets"", ""fatty_acid_synthase""]]","[[""Rilpivirine"", ""affects"", ""cytochrome_P450_family_3_subfamily_A_member_5""], [""Rilpivirine"", ""decreases_effect_of"", ""bradycardia""], [""Pantoprazole"", ""decreases_efficacy_of"", ""Incadronic_acid""], [""Pantoprazole"", ""decreases_efficacy_of"", ""Rilpivirine""], [""Pantoprazole"", ""targets"", ""fatty_acid_synthase""]]",1.0,1.0,0.9999998211860656,1.0,1.0,0.9938422146398068,0.9944579931758262,0.9950737717118454,0.9956895502478648,0.996305328783884,0.9969211073199034,0.9975368858559228,0.998152664391942,0.9987684429279612,0.9993842214639806,1.0,0.9754053531637672,0.9879425350153338,0,edge_replacement
25,"The drug potassium bitartrate decreases the efficacy of procyclidine, fesoterodine, and chlorphenoxamine. Cyproheptadine also decreases the efficacy of duloxetine and potassium bitartrate. Cyproheptadine has an indication for Urticaria physical. Chlorphenoxamine decreases the efficacy of ipidacrine and sodium ascorbate. Duloxetine has side effects including Alopecia, Urinary tract infection, and Hepatic enzyme increased.","Potassium bitartrate decreases the efficacy of procyclidine, fesoterodine, and chlorphenoxamine. Cyproheptadine also reduces the efficacy of duloxetine and potassium bitartrate while having an indication for urticaria physical. Chlorphenoxamine decreases the efficacy of ipidacrine and sodium ascorbate. On the other hand, duloxetine is associated with side effects such as alopecia, urinary tract infection, and increased hepatic enzymes.","[[""potassium_bitartrate"", ""decreases_efficacy_of"", ""procyclidine""], [""potassium_bitartrate"", ""decreases_efficacy_of"", ""fesoterodine""], [""potassium_bitartrate"", ""decreases_efficacy_of"", ""chlorphenoxamine""], [""cyproheptadine"", ""decreases_efficacy_of"", ""duloxetine""], [""cyproheptadine"", ""decreases_efficacy_of"", ""potassium_bitartrate""], [""cyproheptadine"", ""indication_for"", ""Urticaria_physical""], [""chlorphenoxamine"", ""decreases_efficacy_of"", ""ipidacrine""], [""chlorphenoxamine"", ""decreases_efficacy_of"", ""sodium_ascorbate""], [""duloxetine"", ""has_side_effect"", ""Alopecia""], [""duloxetine"", ""has_side_effect"", ""Urinary_tract_infection""], [""duloxetine"", ""has_side_effect"", ""Hepatic_enzyme_increased""]]","[[""potassium_bitartrate"", ""decreases_efficacy_of"", ""procyclidine""], [""potassium_bitartrate"", ""decreases_efficacy_of"", ""fesoterodine""], [""potassium_bitartrate"", ""decreases_efficacy_of"", ""chlorphenoxamine""], [""cyproheptadine"", ""reduces_efficacy_of"", ""duloxetine""], [""cyproheptadine"", ""reduces_efficacy_of"", ""potassium_bitartrate""], [""cyproheptadine"", ""indication_for"", ""urticaria_physical""], [""chlorphenoxamine"", ""decreases_efficacy_of"", ""ipidacrine""], [""chlorphenoxamine"", ""decreases_efficacy_of"", ""sodium_ascorbate""], [""duloxetine"", ""associated_with"", ""alopecia""], [""duloxetine"", ""associated_with"", ""urinary_tract_infection""], [""duloxetine"", ""associated_with"", ""increased_hepatic_enzymes""]]",1.0,0.8100245594978333,0.9693702459335328,0.75,1.0,0.9929957996343102,0.9936962196708792,0.9943966397074482,0.995097059744017,0.995797479780586,0.9964978998171552,0.997198319853724,0.997898739890293,0.998599159926862,0.999299579963431,1.0,0.9613438325229072,0.964595344900378,1,node_replacement
26,"Risperidone increases the risk of bradycardia and has side effects including cholelithiasis and aggressive reaction. Perospirone exhibits antipsychotic activities. Benserazide reduces the efficacy of risperidone, thioproperazine, and perospirone.","The drug risperidone has side effects including cholelithiasis and aggressive reaction. It also decreases the effect of bradycardia. Additionally, benserazide decreases the efficacy of risperidone, thioproperazine, and perospirone. Perospirone, on the other hand, exhibits antipsychotic activities.","[[""Risperidone"", ""increases_risk_of"", ""bradycardia""], [""Risperidone"", ""has_side_effect"", ""cholelithiasis""], [""Risperidone"", ""has_side_effect"", ""aggressive_reaction""], [""Perospirone"", ""exhibits"", ""antipsychotic_activities""], [""Benserazide"", ""reduces_efficacy_of"", ""Risperidone""], [""Benserazide"", ""reduces_efficacy_of"", ""Thioproperazine""], [""Benserazide"", ""reduces_efficacy_of"", ""Perospirone""]]","[[""Risperidone"", ""has_side_effect"", ""cholelithiasis""], [""Risperidone"", ""has_side_effect"", ""aggressive_reaction""], [""Risperidone"", ""decreases_effect_of"", ""bradycardia""], [""Benserazide"", ""decreases_efficacy_of"", ""Risperidone""], [""Benserazide"", ""decreases_efficacy_of"", ""Thioproperazine""], [""Benserazide"", ""decreases_efficacy_of"", ""Perospirone""], [""Perospirone"", ""exhibits"", ""antipsychotic_activities""]]",1.0,1.0,0.9999998807907104,0.7083333333333334,1.0,0.9948587758816952,0.9953728982935256,0.995887020705356,0.9964011431171866,0.9969152655290172,0.9974293879408476,0.997943510352678,0.9984576327645084,0.9989717551763392,0.9994858775881696,1.0,0.9751141010124256,0.9723553274761232,0,edge_replacement
27,"Cabergoline decreases the efficacy of prochlorperazine, periciazine, and gilteritinib. In turn, gilteritinib decreases the efficacy of palonosetron, isocarboxazid, and lurasidone. Periciazine decreases the efficacy of rasagiline and detomidine, while also having the side effect of hyperpyrexia. Prochlorperazine has side effects including apnoea, dysphagia, and autonomic nervous system imbalance.","Cabergoline decreases the efficacy of prochlorperazine, periciazine, and gilteritinib. Gilteritinib, in turn, decreases the efficacy of palonosetron, isocarboxazid, and lurasidone. Periciazine decreases the efficacy of rasagiline and detomidine while also causing the side effect hyperpyrexia. Prochlorperazine has side effects such as apnoea, dysphagia, and autonomic nervous system imbalance.","[[""Cabergoline"", ""decreases_efficacy_of"", ""prochlorperazine""], [""Cabergoline"", ""decreases_efficacy_of"", ""periciazine""], [""Cabergoline"", ""decreases_efficacy_of"", ""gilteritinib""], [""Gilteritinib"", ""decreases_efficacy_of"", ""palonosetron""], [""Gilteritinib"", ""decreases_efficacy_of"", ""isocarboxazid""], [""Gilteritinib"", ""decreases_efficacy_of"", ""lurasidone""], [""Periciazine"", ""decreases_efficacy_of"", ""rasagiline""], [""Periciazine"", ""decreases_efficacy_of"", ""detomidine""], [""Periciazine"", ""has_side_effect"", ""hyperpyrexia""], [""Prochlorperazine"", ""has_side_effect"", ""apnoea""], [""Prochlorperazine"", ""has_side_effect"", ""dysphagia""], [""Prochlorperazine"", ""has_side_effect"", ""autonomic_nervous_system_imbalance""]]","[[""Cabergoline"", ""decreases_efficacy_of"", ""prochlorperazine""], [""Cabergoline"", ""decreases_efficacy_of"", ""periciazine""], [""Cabergoline"", ""decreases_efficacy_of"", ""gilteritinib""], [""Gilteritinib"", ""decreases_efficacy_of"", ""palonosetron""], [""Gilteritinib"", ""decreases_efficacy_of"", ""isocarboxazid""], [""Gilteritinib"", ""decreases_efficacy_of"", ""lurasidone""], [""Periciazine"", ""decreases_efficacy_of"", ""rasagiline""], [""Periciazine"", ""decreases_efficacy_of"", ""detomidine""], [""Periciazine"", ""has_side_effect"", ""hyperpyrexia""], [""Prochlorperazine"", ""has_side_effect"", ""apnoea""], [""Prochlorperazine"", ""has_side_effect"", ""dysphagia""], [""Prochlorperazine"", ""has_side_effect"", ""autonomic_nervous_system_imbalance""]]",1.0,1.0,0.9999998807907104,1.0,1.0,0.9999999123034466,0.999999921073102,0.9999999298427572,0.9999999386124124,0.999999947382068,0.9999999561517232,0.9999999649213788,0.999999973691034,0.9999999824606892,0.9999999912303448,1.0,1.0,0.9999999892008692,1,node_replacement
28,"The gene GCH1 is known to cause several conditions including hyperphenylalaninemia, dystonia, and autosomal dominant dopa-responsive dystonia. Hyperphenylalaninemia, in turn, presents with phenotypes such as parkinsonism, choreoathetosis, and restlessness. Dystonia, on the other hand, manifests symptoms like spasticity, blepharospasm, and dysarthria.","The gene GCH1 is known to cause several conditions including hyperphenylalaninemia, dystonia, and autosomal dominant dopa-responsive dystonia.

Hyperphenylalaninemia, a condition resulting from GCH1 mutations, manifests with phenotypes such as parkinsonism, choreoathetosis, and restlessness.

Dystonia, also linked to GCH1, presents with symptoms like spasticity, blepharospasm, and dysarthria.","[[""GCH1"", ""causes"", ""hyperphenylalaninemia""], [""GCH1"", ""causes"", ""dystonia""], [""GCH1"", ""causes"", ""autosomal_dominant_dopa-responsive_dystonia""], [""hyperphenylalaninemia"", ""presents_with"", ""parkinsonism""], [""hyperphenylalaninemia"", ""presents_with"", ""choreoathetosis""], [""hyperphenylalaninemia"", ""presents_with"", ""restlessness""], [""dystonia"", ""manifests"", ""spasticity""], [""dystonia"", ""manifests"", ""blepharospasm""], [""dystonia"", ""manifests"", ""dysarthria""]]","[[""GCH1"", ""causes"", ""hyperphenylalaninemia""], [""GCH1"", ""causes"", ""dystonia""], [""GCH1"", ""causes"", ""autosomal_dominant_dopa-responsive_dystonia""], [""hyperphenylalaninemia"", ""results_from"", ""GCH1_mutations""], [""hyperphenylalaninemia"", ""manifests_with"", ""parkinsonism""], [""hyperphenylalaninemia"", ""manifests_with"", ""choreoathetosis""], [""hyperphenylalaninemia"", ""manifests_with"", ""restlessness""], [""dystonia"", ""linked_to"", ""GCH1""], [""dystonia"", ""presents_with"", ""spasticity""], [""dystonia"", ""presents_with"", ""blepharospasm""], [""dystonia"", ""presents_with"", ""dysarthria""]]",1.0,0.9189678430557252,0.9683799147605896,0.8104432008587534,1.0,0.9971532569294056,0.997437931236465,0.9977226055435244,0.9980072798505836,0.9982919541576432,0.9985766284647029,0.9988613027717622,0.9991459770788216,0.999430651385881,0.9997153256929404,1.0,0.9784424005482908,0.9762971773024454,1,node_removal
29,"Botulinum toxin type B increases the effect of CNS depression and sedation. It also increases the efficacy of botulinum toxin type A, which in turn increases the efficacy of lymecycline and magnesium citrate.","The botulinum toxin type B increases the effects of sedation and the efficacy of botulinum toxin type A, while decreasing the effects of CNS depression. Botulinum toxin type A enhances the efficacy of lymecycline and magnesium citrate.","[[""Botulinum_toxin_type_B"", ""increases"", ""CNS_depression""], [""Botulinum_toxin_type_B"", ""increases"", ""sedation""], [""Botulinum_toxin_type_B"", ""increases"", ""botulinum_toxin_type_A""], [""botulinum_toxin_type_A"", ""increases"", ""lymecycline""], [""botulinum_toxin_type_A"", ""increases"", ""magnesium_citrate""]]","[[""Botulinum_toxin_type_B"", ""increases"", ""sedation""], [""Botulinum_toxin_type_B"", ""decreases"", ""CNS_depression""], [""Botulinum_toxin_type_B"", ""increases"", ""botulinum_toxin_type_A""], [""botulinum_toxin_type_A"", ""increases"", ""lymecycline""], [""botulinum_toxin_type_A"", ""increases"", ""magnesium_citrate""]]",1.0,1.0,0.9999999403953552,1.0,1.0,0.9984108715283004,0.9985697843754704,0.9987286972226403,0.9988876100698104,0.9990465229169804,0.9992054357641502,0.9993643486113202,0.99952326145849,0.99968217430566,0.99984108715283,1.0,0.9877004043490564,0.9972275015694682,0,edge_replacement
30,"The drug delafloxacin increases its efficacy when used in combination with phenindione and evogliptin, but it also increases adverse effects. Chlorthalidone decreases the efficacy of fentiazac, taspoglutide, and serdexmethylphenidate. Phentermine targets the sodium-dependent dopamine transporter and decreases the efficacy of brexpiprazole. Ertugliflozin enhances the efficacy of phentermine and delafloxacin while decreasing the efficacy of chlorthalidone.","Delafloxacin increases adverse effects and increases the efficacy of phenindione and evogliptin. Chlorthalidone decreases the efficacy of fentiazac, taspoglutide, and serdexmethylphenidate. Phentermine targets the sodium-dependent dopamine transporter and decreases the efficacy of brexpiprazole. Ertugliflozin increases the efficacy of phentermine and delafloxacin, while decreasing the efficacy of chlorthalidone.","[[""delafloxacin"", ""increases_efficacy_with"", ""phenindione""], [""delafloxacin"", ""increases_efficacy_with"", ""evogliptin""], [""delafloxacin"", ""increases"", ""adverse_effects""], [""chlorthalidone"", ""decreases_efficacy_of"", ""fentiazac""], [""chlorthalidone"", ""decreases_efficacy_of"", ""taspoglutide""], [""chlorthalidone"", ""decreases_efficacy_of"", ""serdexmethylphenidate""], [""phentermine"", ""targets"", ""sodium-dependent_dopamine_transporter""], [""phentermine"", ""decreases_efficacy_of"", ""brexpiprazole""], [""ertugliflozin"", ""enhances_efficacy_of"", ""phentermine""], [""ertugliflozin"", ""enhances_efficacy_of"", ""delafloxacin""], [""ertugliflozin"", ""decreases_efficacy_of"", ""chlorthalidone""]]","[[""delafloxacin"", ""increases_efficacy_of"", ""phenindione""], [""delafloxacin"", ""increases_efficacy_of"", ""evogliptin""], [""delafloxacin"", ""increases"", ""adverse_effects""], [""chlorthalidone"", ""decreases_efficacy_of"", ""fentiazac""], [""chlorthalidone"", ""decreases_efficacy_of"", ""taspoglutide""], [""chlorthalidone"", ""decreases_efficacy_of"", ""serdexmethylphenidate""], [""phentermine"", ""targets"", ""sodium-dependent_dopamine_transporter""], [""phentermine"", ""decreases_efficacy_of"", ""brexpiprazole""], [""ertugliflozin"", ""increases_efficacy_of"", ""phentermine""], [""ertugliflozin"", ""increases_efficacy_of"", ""delafloxacin""], [""ertugliflozin"", ""decreases_efficacy_of"", ""chlorthalidone""]]",1.0,0.9999998807907104,1.0,1.0,1.0,0.9984681542737096,0.9986213388463387,0.9987745234189678,0.9989277079915968,0.9990808925642258,0.9992340771368547,0.999387261709484,0.9995404462821128,0.999693630854742,0.999846815427371,1.0,0.9922034382629048,0.997033648497022,1,edge_replacement
31,"The drug bucindolol increases the efficacy of nateglinide but decreases the efficacy of nebivolol. In addition, bucindolol also increases the efficacy of saxagliptin. Nebivolol, on the other hand, increases the efficacy of both bisegliptin and albiglutide. Nateglinide increases the efficacy of trovafloxacin and azosemide but has a side effect of causing influenza. Saxagliptin increases the efficacy of garenoxacin and phthalylsulfathiazole but decreases the efficacy of lonapegsomatropin.","The drug bucindolol increases the efficacy of both nateglinide and saxagliptin. Additionally, nateglinide is associated with the side effect of influenza. Saxagliptin also enhances the efficacy of phthalylsulfathiazole.","[[""bucindolol"", ""increases_efficacy_of"", ""nateglinide""], [""bucindolol"", ""decreases_efficacy_of"", ""nebivolol""], [""bucindolol"", ""increases_efficacy_of"", ""saxagliptin""], [""nebivolol"", ""increases_efficacy_of"", ""bisegliptin""], [""nebivolol"", ""increases_efficacy_of"", ""albiglutide""], [""nateglinide"", ""increases_efficacy_of"", ""trovafloxacin""], [""nateglinide"", ""increases_efficacy_of"", ""azosemide""], [""nateglinide"", ""has_side_effect"", ""influenza""], [""saxagliptin"", ""increases_efficacy_of"", ""garenoxacin""], [""saxagliptin"", ""increases_efficacy_of"", ""phthalylsulfathiazole""], [""saxagliptin"", ""decreases_efficacy_of"", ""lonapegsomatropin""]]","[[""bucindolol"", ""increases_efficacy_of"", ""nateglinide""], [""bucindolol"", ""increases_efficacy_of"", ""saxagliptin""], [""nateglinide"", ""has_side_effect"", ""influenza""], [""saxagliptin"", ""increases_efficacy_of"", ""phthalylsulfathiazole""]]",0.337099931231621,0.0367349833250045,0.4612085819244385,0.3227486121839514,0.3395810879824071,0.944875036937014,0.8843456420415532,0.8238162471460926,0.7632868522506319,0.7027574573551711,0.6422280624597105,0.5816986675642499,0.5211692726687891,0.4606398777733284,0.4001104828778677,0.3395810879824071,0.8830318565691486,0.9497984214895068,0,node_removal
32,"The drug cyanocobalamin decreases the efficacy of linezolid, docetaxel, and cabazitaxel. Linezolid further decreases the efficacy of secobarbital and typhoid vaccine, and has a side effect of Vulvovaginal mycotic infection. Docetaxel has a side effect of Cardiac disorder. Cabazitaxel decreases the efficacy of typhoid vi polysaccharide vaccine, hepatitis b vaccine (recombinant), and modified vaccinia ankara.","Cyanocobalamin decreases efficacy of linezolid, docetaxel, and cabazitaxel. Linezolid in turn decreases efficacy of secobarbital and typhoid vaccine, while causing vulvovaginal mycotic infection as a side effect. Docetaxel is associated with cardiac disorder as a side effect, and cabazitaxel reduces efficacy of typhoid vi polysaccharide vaccine, hepatitis b vaccine (recombinant), and modified vaccinia ankara.","[[""cyanocobalamin"", ""decreases_efficacy_of"", ""linezolid""], [""cyanocobalamin"", ""decreases_efficacy_of"", ""docetaxel""], [""cyanocobalamin"", ""decreases_efficacy_of"", ""cabazitaxel""], [""linezolid"", ""decreases_efficacy_of"", ""secobarbital""], [""linezolid"", ""decreases_efficacy_of"", ""typhoid_vaccine""], [""linezolid"", ""has_side_effect"", ""Vulvovaginal_mycotic_infection""], [""docetaxel"", ""has_side_effect"", ""Cardiac_disorder""], [""cabazitaxel"", ""decreases_efficacy_of"", ""typhoid_vi_polysaccharide_vaccine""], [""cabazitaxel"", ""decreases_efficacy_of"", ""hepatitis_b_vaccine_recombinant""], [""cabazitaxel"", ""decreases_efficacy_of"", ""modified_vaccinia_ankara""]]","[[""cyanocobalamin"", ""decreases_efficacy_of"", ""linezolid""], [""cyanocobalamin"", ""decreases_efficacy_of"", ""docetaxel""], [""cyanocobalamin"", ""decreases_efficacy_of"", ""cabazitaxel""], [""linezolid"", ""decreases_efficacy_of"", ""secobarbital""], [""linezolid"", ""decreases_efficacy_of"", ""typhoid_vaccine""], [""linezolid"", ""has_side_effect"", ""vulvovaginal_mycotic_infection""], [""docetaxel"", ""has_side_effect"", ""cardiac_disorder""], [""cabazitaxel"", ""reduces_efficacy_of"", ""typhoid_vi_polysaccharide_vaccine""], [""cabazitaxel"", ""reduces_efficacy_of"", ""hepatitis_b_vaccine_recombinant""], [""cabazitaxel"", ""reduces_efficacy_of"", ""modified_vaccinia_ankara""]]",1.0,0.9999998807907104,1.0,1.0,1.0,0.9991210680303512,0.9992089612273162,0.9992968544242812,0.999384747621246,0.9994726408182107,0.9995605340151756,0.9996484272121404,0.9997363204091054,0.9998242136060702,0.9999121068030352,1.0,0.9972425452217204,0.9920414457181927,1,node_removal
33,"Levonordefrin increases the effect of hypotension. Droperidol decreases the efficacy of procaterol, levonordefrin, and epicriptine.","Levonordefrin decreases the effect of hypotension. Droperidol decreases the efficacy of procaterol, levonordefrin, and epicriptine.","[[""Levonordefrin"", ""increases_effect_of"", ""hypotension""], [""Droperidol"", ""decreases_efficacy_of"", ""procaterol""], [""Droperidol"", ""decreases_efficacy_of"", ""levonordefrin""], [""Droperidol"", ""decreases_efficacy_of"", ""epicriptine""]]","[[""Levonordefrin"", ""decreases_effect_of"", ""hypotension""], [""Droperidol"", ""decreases_efficacy_of"", ""procaterol""], [""Droperidol"", ""decreases_efficacy_of"", ""levonordefrin""], [""Droperidol"", ""decreases_efficacy_of"", ""epicriptine""]]",1.0,0.9999999403953552,0.9999998807907104,1.0,1.0,0.9967865038402502,0.9971078534562252,0.9974292030722004,0.9977505526881753,0.99807190230415,0.9983932519201252,0.9987146015361,0.999035951152075,0.99935730076805,0.999678650384025,1.0,0.9859019235739188,0.9939155645254422,0,edge_replacement
34,"The drug gilteritinib decreases the efficacy of levothyroxine, triflupromazine, and lofexidine. Levothyroxine, in turn, decreases the efficacy of nn344 but increases the efficacy of aloxiprin and has a target in solute carrier family 22 member 1. Triflupromazine decreases the efficacy of mechlorethamine, methylprednisolone, and emodin. Lofexidine decreases the efficacy of diflunisal but increases the efficacy of zonisamide and fazadinium bromide.","The drug gilteritinib decreases the efficacy of levothyroxine, triflupromazine, and lofexidine. Levothyroxine, in turn, decreases the efficacy of nn344 and increases the efficacy of aloxiprin. Additionally, levothyroxine targets solute carrier family 22 member 1. Triflupromazine decreases the efficacy of mechlorethamine, methylprednisolone, and emodin. Lofexidine decreases the efficacy of diflunisal while increasing the efficacy of zonisamide and fazadinium bromide.","[[""gilteritinib"", ""decreases_efficacy_of"", ""levothyroxine""], [""gilteritinib"", ""decreases_efficacy_of"", ""triflupromazine""], [""gilteritinib"", ""decreases_efficacy_of"", ""lofexidine""], [""levothyroxine"", ""decreases_efficacy_of"", ""nn344""], [""levothyroxine"", ""increases_efficacy_of"", ""aloxiprin""], [""levothyroxine"", ""target_in"", ""solute_carrier_family_22_member_1""], [""triflupromazine"", ""decreases_efficacy_of"", ""mechlorethamine""], [""triflupromazine"", ""decreases_efficacy_of"", ""methylprednisolone""], [""triflupromazine"", ""decreases_efficacy_of"", ""emodin""], [""lofexidine"", ""decreases_efficacy_of"", ""diflunisal""], [""lofexidine"", ""increases_efficacy_of"", ""zonisamide""], [""lofexidine"", ""increases_efficacy_of"", ""fazadinium_bromide""]]","[[""gilteritinib"", ""decreases_efficacy_of"", ""levothyroxine""], [""gilteritinib"", ""decreases_efficacy_of"", ""triflupromazine""], [""gilteritinib"", ""decreases_efficacy_of"", ""lofexidine""], [""levothyroxine"", ""decreases_efficacy_of"", ""nn344""], [""levothyroxine"", ""increases_efficacy_of"", ""aloxiprin""], [""levothyroxine"", ""target_in"", ""solute_carrier_family_22_member_1""], [""triflupromazine"", ""decreases_efficacy_of"", ""mechlorethamine""], [""triflupromazine"", ""decreases_efficacy_of"", ""methylprednisolone""], [""triflupromazine"", ""decreases_efficacy_of"", ""emodin""], [""lofexidine"", ""decreases_efficacy_of"", ""diflunisal""], [""lofexidine"", ""increases_efficacy_of"", ""zonisamide""], [""lofexidine"", ""increases_efficacy_of"", ""fazadinium_bromide""]]",1.0,1.0,1.0,1.0,1.0,0.999999908715016,0.9999999178435144,0.9999999269720128,0.9999999361005112,0.9999999452290096,0.999999954357508,0.9999999634860064,0.9999999726145048,0.9999999817430032,0.9999999908715016,1.0,1.0,0.9999999882187572,1,node_removal
35,"The drug ethchlorvynol increases the effects of sedation and neuropsychiatric effects. Additionally, ethchlorvynol enhances the efficacy of lofexidine. Lofexidine, in turn, boosts the efficacy of vigabatrin.","Ethchlorvynol increases the neuropsychiatric effects and decreases sedation. It also increases the efficacy of lofexidine, which in turn boosts the efficacy of vigabatrin.","[[""ethchlorvynol"", ""increases"", ""sedation""], [""ethchlorvynol"", ""increases"", ""neuropsychiatric_effects""], [""ethchlorvynol"", ""enhances"", ""lofexidine""], [""lofexidine"", ""boosts"", ""vigabatrin""]]","[[""ethchlorvynol"", ""increases"", ""neuropsychiatric_effects""], [""ethchlorvynol"", ""decreases"", ""sedation""], [""ethchlorvynol"", ""increases"", ""lofexidine""], [""lofexidine"", ""boosts"", ""vigabatrin""]]",1.0,1.0,0.9999999403953552,1.0,1.0,0.9950748338627576,0.9955673504764818,0.996059867090206,0.9965523837039304,0.9970449003176544,0.9975374169313788,0.998029933545103,0.9985224501588272,0.9990149667725516,0.9995074833862756,1.0,0.9654553336294036,0.9798464397757544,0,edge_replacement
36,"Gemtuzumab ozogamicin increases the activity of the thrombogenic activities but decreases the efficacy of the pertussis vaccine. It also affects the sulfotransferase family 2b member 1. Additionally, the pertussis vaccine reduces the efficacy of tioguanine, gemcitabine, and vedolizumab.","Gemtuzumab ozogamicin decreases the efficacy of the pertussis vaccine. It also affects the sulfotransferase family 2B member 1 and decreases the activity of the thrombogenic activities. In turn, the pertussis vaccine reduces the efficacy of tioguanine, gemcitabine, and vedolizumab.","[[""Gemtuzumab_ozogamicin"", ""increases"", ""thrombogenic_activities""], [""Gemtuzumab_ozogamicin"", ""decreases"", ""pertussis_vaccine""], [""Gemtuzumab_ozogamicin"", ""affects"", ""sulfotransferase_family_2B_member_1""], [""pertussis_vaccine"", ""reduces"", ""tioguanine""], [""pertussis_vaccine"", ""reduces"", ""gemcitabine""], [""pertussis_vaccine"", ""reduces"", ""vedolizumab""]]","[[""Gemtuzumab_ozogamicin"", ""decreases"", ""pertussis_vaccine""], [""Gemtuzumab_ozogamicin"", ""affects"", ""sulfotransferase_family_2B_member_1""], [""Gemtuzumab_ozogamicin"", ""decreases"", ""thrombogenic_activities""], [""pertussis_vaccine"", ""reduces"", ""tioguanine""], [""pertussis_vaccine"", ""reduces"", ""gemcitabine""], [""pertussis_vaccine"", ""reduces"", ""vedolizumab""]]",1.0,1.0,1.0,1.0,1.0,0.998890048622675,0.9990010437604075,0.99911203889814,0.9992230340358724,0.999334029173605,0.9994450243113376,0.99955601944907,0.9996670145868024,0.999778009724535,0.9998890048622676,1.0,0.990038599777221,0.998041772274814,0,edge_replacement
37,"Capmatinib decreases the efficacy of salmon calcitonin and affects the met proto-oncogene. Elcatonin reduces the efficacy of fluvoxamine, sertraline, and capmatinib. Fluvoxamine has side effects such as neck pain, herpes simplex, and tinnitus. Sertraline is indicated for chills and can cause side effects like dysphagia and toxic epidermal necrolysis.","Capmatinib decreases the efficacy of salmon calcitonin and affects the met proto-oncogene. Elcatonin decreases the efficacy of fluvoxamine, sertraline, and capmatinib. Fluvoxamine has side effects including neck pain, herpes simplex, and tinnitus. Sertraline has indications for chills and side effects such as dysphagia and toxic epidermal necrolysis.","[[""Capmatinib"", ""decreases_efficacy_of"", ""salmon_calcitonin""], [""Capmatinib"", ""affects"", ""met_proto-oncogene""], [""Elcatonin"", ""reduces_efficacy_of"", ""fluvoxamine""], [""Elcatonin"", ""reduces_efficacy_of"", ""sertraline""], [""Elcatonin"", ""reduces_efficacy_of"", ""capmatinib""], [""Fluvoxamine"", ""has_side_effect"", ""neck_pain""], [""Fluvoxamine"", ""has_side_effect"", ""herpes_simplex""], [""Fluvoxamine"", ""has_side_effect"", ""tinnitus""], [""Sertraline"", ""indicated_for"", ""chills""], [""Sertraline"", ""has_side_effect"", ""dysphagia""], [""Sertraline"", ""has_side_effect"", ""toxic_epidermal_necrolysis""]]","[[""Capmatinib"", ""decreases_efficacy_of"", ""salmon_calcitonin""], [""Capmatinib"", ""affects"", ""met_proto-oncogene""], [""Elcatonin"", ""decreases_efficacy_of"", ""fluvoxamine""], [""Elcatonin"", ""decreases_efficacy_of"", ""sertraline""], [""Elcatonin"", ""decreases_efficacy_of"", ""capmatinib""], [""Fluvoxamine"", ""has_side_effect"", ""neck_pain""], [""Fluvoxamine"", ""has_side_effect"", ""herpes_simplex""], [""Fluvoxamine"", ""has_side_effect"", ""tinnitus""], [""Sertraline"", ""has_indication_for"", ""chills""], [""Sertraline"", ""has_side_effect"", ""dysphagia""], [""Sertraline"", ""has_side_effect"", ""toxic_epidermal_necrolysis""]]",1.0,0.9999998807907104,1.0,1.0,1.0,0.997882162814054,0.9980939465326486,0.9983057302512433,0.9985175139698376,0.9987292976884324,0.998941081407027,0.9991528651256216,0.9993646488442162,0.9995764325628108,0.9997882162814054,1.0,0.9873426083734664,0.9849749296515248,1,edge_deletion
38,"The compound 3,5-diiodotyrosine targets alpha-amylase g-6 and decreases the efficacy of osimertinib and insulin degludec. Additionally, methylthiouracil decreases the efficacy of imatinib, chlorpropamide, and ibrutinib. Furthermore, acalabrutinib decreases the efficacy of salmon calcitonin, 3,5-diiodotyrosine, and methylthiouracil.","The compound 3,5-diiodotyrosine targets alpha-amylase g-6 and decreases the efficacy of osimertinib and insulin degludec. Meanwhile, methylthiouracil reduces the efficacy of imatinib, chlorpropamide, and ibrutinib. Additionally, acalabrutinib decreases the efficacy of salmon calcitonin.","[[""3,5-diiodotyrosine"", ""targets"", ""alpha-amylase_g-6""], [""3,5-diiodotyrosine"", ""decreases_efficacy_of"", ""osimertinib""], [""3,5-diiodotyrosine"", ""decreases_efficacy_of"", ""insulin_degludec""], [""methylthiouracil"", ""decreases_efficacy_of"", ""imatinib""], [""methylthiouracil"", ""decreases_efficacy_of"", ""chlorpropamide""], [""methylthiouracil"", ""decreases_efficacy_of"", ""ibrutinib""], [""acalabrutinib"", ""decreases_efficacy_of"", ""salmon_calcitonin""], [""acalabrutinib"", ""decreases_efficacy_of"", ""3,5-diiodotyrosine""], [""acalabrutinib"", ""decreases_efficacy_of"", ""methylthiouracil""]]","[[""3,5-diiodotyrosine"", ""targets"", ""alpha-amylase_g-6""], [""3,5-diiodotyrosine"", ""decreases_efficacy_of"", ""osimertinib""], [""3,5-diiodotyrosine"", ""decreases_efficacy_of"", ""insulin_degludec""], [""methylthiouracil"", ""reduces_efficacy_of"", ""imatinib""], [""methylthiouracil"", ""reduces_efficacy_of"", ""chlorpropamide""], [""methylthiouracil"", ""reduces_efficacy_of"", ""ibrutinib""], [""acalabrutinib"", ""decreases_efficacy_of"", ""salmon_calcitonin""]]",0.8333333333333334,1.0,0.9999999403953552,0.8333333333333334,0.8333333333333334,0.9889112358078777,0.9733534455604232,0.9577956553129688,0.9422378650655142,0.92668007481806,0.9111222845706056,0.8955644943231511,0.8800067040756967,0.8644489138282422,0.8488911235807878,0.8333333333333334,0.9828610233220556,0.7672958785366072,0,edge_deletion
39,"Human interferon omega-1 increases the activity of the myelosuppressive activities. It also decreases the efficacy of allogeneic processed thymus tissue. Cyanocobalamin reduces the effectiveness of azacitidine, human interferon omega-1, and has an indication for anemia. Potassium perchlorate diminishes the efficacy of radicicol, ruxolitinib, and pexidartinib. Sorafenib has an effect on bleeding, while reducing the effectiveness of cyanocobalamin and potassium perchlorate.","Human interferon omega-1 decreases the efficacy of allogeneic processed thymus tissue and the activity of the myelosuppressive activities. Cyanocobalamin decreases the efficacy of azacitidine and human interferon omega-1, while also having an indication for anemia. Potassium perchlorate decreases the efficacy of radicicol, ruxolitinib, and pexidartinib. Sorafenib has an effect on bleeding and decreases the efficacy of cyanocobalamin and potassium perchlorate.","[[""Human_interferon_omega-1"", ""increases"", ""myelosuppressive_activities""], [""Human_interferon_omega-1"", ""decreases"", ""allogeneic_processed_thymus_tissue""], [""Cyanocobalamin"", ""reduces"", ""azacitidine""], [""Cyanocobalamin"", ""reduces"", ""human_interferon_omega-1""], [""Cyanocobalamin"", ""indication_for"", ""anemia""], [""Potassium_perchlorate"", ""diminishes"", ""radicicol""], [""Potassium_perchlorate"", ""diminishes"", ""ruxolitinib""], [""Potassium_perchlorate"", ""diminishes"", ""pexidartinib""], [""Sorafenib"", ""has_effect_on"", ""bleeding""], [""Sorafenib"", ""reduces"", ""cyanocobalamin""], [""Sorafenib"", ""reduces"", ""potassium_perchlorate""]]","[[""Human_interferon_omega-1"", ""decreases"", ""allogeneic_processed_thymus_tissue""], [""Human_interferon_omega-1"", ""decreases"", ""myelosuppressive_activities""], [""Cyanocobalamin"", ""decreases"", ""azacitidine""], [""Cyanocobalamin"", ""decreases"", ""human_interferon_omega-1""], [""Cyanocobalamin"", ""indication_for"", ""anemia""], [""Potassium_perchlorate"", ""decreases"", ""radicicol""], [""Potassium_perchlorate"", ""decreases"", ""ruxolitinib""], [""Potassium_perchlorate"", ""decreases"", ""pexidartinib""], [""Sorafenib"", ""has_effect_on"", ""bleeding""], [""Sorafenib"", ""decreases"", ""cyanocobalamin""], [""Sorafenib"", ""decreases"", ""potassium_perchlorate""]]",1.0,1.0,1.0,1.0,1.0,0.9905996340969238,0.9915396706872314,0.9924797072775392,0.9934197438678464,0.9943597804581542,0.995299817048462,0.9962398536387695,0.9971798902290772,0.9981199268193848,0.9990599634096924,1.0,0.971318820332994,0.9248497281265944,0,edge_replacement
40,"The drug glibornuride decreases the efficacy of diazoxide, octylphenoxy polyethoxyethanol, and increases the efficacy of celiprolol. 

Nitrofurantoin increases the efficacy of testosterone succinate and has side effects including increased body temperature and tingling sensation. 

Anastrozole targets cytochrome p450 19a1. 

Estradiol acetate decreases the efficacy of nitrofurantoin, anastrozole, and glibornuride.","The drug glibornuride decreases the efficacy of diazoxide, octylphenoxy polyethoxyethanol, and increases the efficacy of celiprolol. Additionally, estradiol acetate decreases the efficacy of nitrofurantoin, anastrozole, and glibornuride. Nitrofurantoin increases the efficacy of testosterone succinate and has side effects such as increased body temperature and tingling sensation. Anastrozole targets cytochrome p450 19a1.","[[""glibornuride"", ""decreases_efficacy_of"", ""diazoxide""], [""glibornuride"", ""decreases_efficacy_of"", ""octylphenoxy_polyethoxyethanol""], [""glibornuride"", ""increases_efficacy_of"", ""celiprolol""], [""nitrofurantoin"", ""increases_efficacy_of"", ""testosterone_succinate""], [""nitrofurantoin"", ""has_side_effect"", ""increased_body_temperature""], [""nitrofurantoin"", ""has_side_effect"", ""tingling_sensation""], [""anastrozole"", ""targets"", ""cytochrome_p450_19a1""], [""estradiol_acetate"", ""decreases_efficacy_of"", ""nitrofurantoin""], [""estradiol_acetate"", ""decreases_efficacy_of"", ""anastrozole""], [""estradiol_acetate"", ""decreases_efficacy_of"", ""glibornuride""]]","[[""glibornuride"", ""decreases_efficacy_of"", ""diazoxide""], [""glibornuride"", ""decreases_efficacy_of"", ""octylphenoxy_polyethoxyethanol""], [""glibornuride"", ""increases_efficacy_of"", ""celiprolol""], [""estradiol_acetate"", ""decreases_efficacy_of"", ""nitrofurantoin""], [""estradiol_acetate"", ""decreases_efficacy_of"", ""anastrozole""], [""estradiol_acetate"", ""decreases_efficacy_of"", ""glibornuride""], [""nitrofurantoin"", ""increases_efficacy_of"", ""testosterone_succinate""], [""nitrofurantoin"", ""has_side_effect"", ""increased_body_temperature""], [""nitrofurantoin"", ""has_side_effect"", ""tingling_sensation""], [""anastrozole"", ""targets"", ""cytochrome_p450_19a1""]]",1.0,1.0,0.9999998807907104,0.7121212121212122,1.0,1.0,1.0,1.0,1.0,1.0,1.0,1.0,1.0,1.0,1.0,1.0,0.999999996098605,1.0,1,node_removal
41,"The gene ND1 is known to cause Leber optic atrophy, mitochondrial myopathy, and isolated complex I deficiency. Mitochondrial myopathy, in turn, is associated with phenotypes such as macroglossia, hypertrichosis, and distal peripheral sensory neuropathy. Isolated complex I deficiency, on the other hand, manifests in phenotypes like microcephaly, diabetes mellitus, and feeding difficulties.","The gene ND1 is known to cause the condition Leber optic atrophy. Mitochondrial myopathy presents with phenotypes such as macroglossia, hypertrichosis, and distal peripheral sensory neuropathy. Additionally, isolated complex I deficiency is associated with phenotypes including microcephaly, diabetes mellitus, and feeding difficulties.","[[""ND1"", ""causes"", ""Leber_optic_atrophy""], [""ND1"", ""causes"", ""mitochondrial_myopathy""], [""ND1"", ""causes"", ""isolated_complex_I_deficiency""], [""mitochondrial_myopathy"", ""associated_with"", ""macroglossia""], [""mitochondrial_myopathy"", ""associated_with"", ""hypertrichosis""], [""mitochondrial_myopathy"", ""associated_with"", ""distal_peripheral_sensory_neuropathy""], [""isolated_complex_I_deficiency"", ""manifests_in"", ""microcephaly""], [""isolated_complex_I_deficiency"", ""manifests_in"", ""diabetes_mellitus""], [""isolated_complex_I_deficiency"", ""manifests_in"", ""feeding_difficulties""]]","[[""ND1"", ""causes"", ""Leber_optic_atrophy""], [""mitochondrial_myopathy"", ""presents_with"", ""macroglossia""], [""mitochondrial_myopathy"", ""presents_with"", ""hypertrichosis""], [""mitochondrial_myopathy"", ""presents_with"", ""distal_peripheral_sensory_neuropathy""], [""isolated_complex_I_deficiency"", ""associated_with"", ""microcephaly""], [""isolated_complex_I_deficiency"", ""associated_with"", ""diabetes_mellitus""], [""isolated_complex_I_deficiency"", ""associated_with"", ""feeding_difficulties""]]",0.9166666666666666,0.9999998807907104,1.0,0.9166666666666666,0.9166666666666666,0.9793833264859084,0.973111660503984,0.96683999452206,0.960568328540136,0.9542966625582116,0.9480249965762876,0.9417533305943632,0.9354816646124392,0.929209998630515,0.9229383326485908,0.9166666666666666,0.9394729954241974,0.772199736612647,0,edge_deletion
42,"The chemical octocrylene targets both estrogen receptor alpha and estrogen receptor beta. Estrogen receptor alpha is a gene product of ESR1, which is implicated in causing estrogen resistance syndrome and acts within pathways such as PIP3 activates AKT signaling and Estrogen-dependent gene expression. Additionally, estrogen receptor beta is a gene product of ESR2. On the other hand, estrogen receptor alpha is also a gene product of VHL, which is associated with causing erythrocytosis and acts within pathways related to SUMOylation of ubiquitinylation proteins and the RHOBTB3 ATPase cycle.",The compound octocrylene targets the estrogen receptor beta. Estrogen receptor alpha is a gene product of ESR1 and estrogen receptor beta is a gene product of ESR2. ESR1 is associated with causing estrogen resistance syndrome and functions within pathways including PIP3 activates AKT signaling and Estrogen-dependent gene expression. VHL is linked to causing erythrocytosis and participates in processes such as SUMOylation of ubiquitinylation proteins and the RHOBTB3 ATPase cycle.,"[[""octocrylene"", ""targets"", ""estrogen_receptor_alpha""], [""octocrylene"", ""targets"", ""estrogen_receptor_beta""], [""estrogen_receptor_alpha"", ""gene_product_of"", ""ESR1""], [""ESR1"", ""implicated_in"", ""estrogen_resistance_syndrome""], [""estrogen_receptor_alpha"", ""acts_within"", ""PIP3_activates_AKT_signaling""], [""estrogen_receptor_alpha"", ""acts_within"", ""Estrogen-dependent_gene_expression""], [""estrogen_receptor_beta"", ""gene_product_of"", ""ESR2""], [""estrogen_receptor_alpha"", ""gene_product_of"", ""VHL""], [""VHL"", ""associated_with"", ""erythrocytosis""], [""VHL"", ""acts_within"", ""SUMOylation_of_ubiquitinylation_proteins""], [""VHL"", ""acts_within"", ""RHOBTB3_ATPase_cycle""]]","[[""octocrylene"", ""targets"", ""estrogen_receptor_beta""], [""estrogen_receptor_alpha"", ""gene_product_of"", ""ESR1""], [""estrogen_receptor_beta"", ""gene_product_of"", ""ESR2""], [""ESR1"", ""associated_with"", ""estrogen_resistance_syndrome""], [""ESR1"", ""functions_within"", ""PIP3_activates_AKT_signaling""], [""ESR1"", ""functions_within"", ""Estrogen-dependent_gene_expression""], [""VHL"", ""linked_to"", ""erythrocytosis""], [""VHL"", ""participates_in"", ""SUMOylation_of_ubiquitinylation_proteins""], [""VHL"", ""participates_in"", ""RHOBTB3_ATPase_cycle""]]",0.7083333333333334,0.9999999403953552,0.9999998807907104,0.7916666666666666,0.7916666666666666,0.9582220845907496,0.9415665427983412,0.924911001005933,0.9082554592135246,0.8915999174211163,0.8749443756287081,0.8582888338362998,0.8416332920438915,0.8249777502514832,0.808322208459075,0.7916666666666666,0.9340568296195968,0.9318646430335804,0,edge_deletion
43,"Cidofovir decreases the efficacy of rubella virus vaccine, leading to potential side effects such as bronchitis and dry skin. Stavudine also decreases the efficacy of varicella zoster vaccine (live/attenuated) and is associated with side effects like constipation and headache. The varicella zoster vaccine (live/attenuated), on the other hand, decreases the efficacy of cidofovir, zanamivir, and atazanavir.","Cidofovir reduces the efficacy of thio-maltopentaose and has side effects including bronchitis and cryptococcal meningitis. Stavudine decreases the efficacy of tiracizine and causes side effects such as decreased serum prolactin and headaches. Tiracizine, in turn, reduces the efficacy of cidofovir, zanamivir, and atazanavir.","[[""Cidofovir"", ""decreases_efficacy_of"", ""rubella_virus_vaccine""], [""Cidofovir"", ""leads_to"", ""bronchitis""], [""Cidofovir"", ""leads_to"", ""dry_skin""], [""Stavudine"", ""decreases_efficacy_of"", ""varicella_zoster_vaccine""], [""Stavudine"", ""associated_with"", ""constipation""], [""Stavudine"", ""associated_with"", ""headache""], [""varicella_zoster_vaccine"", ""decreases_efficacy_of"", ""Cidofovir""], [""varicella_zoster_vaccine"", ""decreases_efficacy_of"", ""zanamivir""], [""varicella_zoster_vaccine"", ""decreases_efficacy_of"", ""atazanavir""]]","[[""Cidofovir"", ""reduces_efficacy_of"", ""thio-maltopentaose""], [""Cidofovir"", ""leads_to"", ""bronchitis""], [""Cidofovir"", ""leads_to"", ""cryptococcal_meningitis""], [""Stavudine"", ""decreases_efficacy_of"", ""tiracizine""], [""Stavudine"", ""leads_to"", ""decreased_serum_prolactin""], [""Stavudine"", ""leads_to"", ""headaches""], [""Tiracizine"", ""reduces_efficacy_of"", ""Cidofovir""], [""Tiracizine"", ""reduces_efficacy_of"", ""zanamivir""], [""Tiracizine"", ""reduces_efficacy_of"", ""atazanavir""]]",0.5459486832355505,0.151690199971199,0.5968530774116516,0.3333333333333333,0.5179323973782373,0.8059415004917702,0.7771405901804168,0.7483396798690637,0.7195387695577102,0.690737859246357,0.6619369489350038,0.6331360386236504,0.6043351283122971,0.5755342180009438,0.5467333076895905,0.5179323973782373,0.7940955328584036,0.660094453611295,0,node_replacement
44,"Yohimbine increases neuropsychiatric effects. Deramciclane decreases the efficacy of mefloquine and borage oil, but increases the efficacy of yohimbine.","Yohimbine reduces the neuropsychiatric effects. Deramciclane decreases the efficacy of mefloquine, but increases the efficacy of yohimbine. Additionally, deramciclane decreases the efficacy of borage oil.","[[""Yohimbine"", ""increases"", ""neuropsychiatric_effects""], [""Deramciclane"", ""decreases_efficacy_of"", ""mefloquine""], [""Deramciclane"", ""decreases_efficacy_of"", ""borage_oil""], [""Deramciclane"", ""increases_efficacy_of"", ""yohimbine""]]","[[""Yohimbine"", ""reduces"", ""neuropsychiatric_effects""], [""Deramciclane"", ""decreases_efficacy_of"", ""mefloquine""], [""Deramciclane"", ""increases_efficacy_of"", ""yohimbine""], [""Deramciclane"", ""decreases_efficacy_of"", ""borage_oil""]]",1.0,1.0,1.0,1.0,1.0,0.9949282513705472,0.9954354262334923,0.9959426010964376,0.9964497759593828,0.9969569508223284,0.9974641256852737,0.9979713005482188,0.9984784754111642,0.9989856502741096,0.9994928251370548,1.0,0.9704968720848692,0.9881334379885192,0,edge_replacement
45,"The drug Lomefloxacin is known to increase the effect of bradycardia, and its efficacy with both pentamidine and balaglitazone. Additionally, Voglibose increases the efficacy of Lomefloxacin and Carvedilol, but decreases the efficacy of Hydroxyprogesterone caproate.","The drug lomefloxacin increases the effect on bradycardia. Additionally, lomefloxacin enhances the efficacy of pentamidine and balaglitazone. Voglibose, on the other hand, boosts the efficacy of lomefloxacin and carvedilol, but reduces the efficacy of hydroxyprogesterone caproate.","[[""Lomefloxacin"", ""increases_effect_of"", ""bradycardia""], [""Lomefloxacin"", ""efficacy_with"", ""pentamidine""], [""Lomefloxacin"", ""efficacy_with"", ""balaglitazone""], [""Voglibose"", ""increases_efficacy_of"", ""Lomefloxacin""], [""Voglibose"", ""increases_efficacy_of"", ""Carvedilol""], [""Voglibose"", ""decreases_efficacy_of"", ""Hydroxyprogesterone_caproate""]]","[[""lomefloxacin"", ""increases_effect_on"", ""bradycardia""], [""lomefloxacin"", ""enhances_efficacy_of"", ""pentamidine""], [""lomefloxacin"", ""enhances_efficacy_of"", ""balaglitazone""], [""Voglibose"", ""boosts_efficacy_of"", ""lomefloxacin""], [""Voglibose"", ""boosts_efficacy_of"", ""carvedilol""], [""Voglibose"", ""reduces_efficacy_of"", ""hydroxyprogesterone_caproate""]]",1.0,0.9999998211860656,0.9999998807907104,1.0,1.0,0.9857938027867014,0.9872144225080312,0.988635042229361,0.9900556619506908,0.9914762816720208,0.9928969013933506,0.9943175211146804,0.9957381408360104,0.9971587605573402,0.99857938027867,1.0,0.963934577237304,0.9624927070538336,1,edge_replacement
46,"The drug timolol increases the activity of the antihypertensive activities while decreasing the efficacy of tulobuterol. Detomidine decreases the efficacy of timolol, doxazosin, and dronedarone. Doxazosin additionally decreases the efficacy of moxonidine and vibegron, with a side effect of causing myocardial ischaemia. Dronedarone targets both the alpha-2b adrenergic receptor and the thyroid hormone receptor alpha, while also decreasing the efficacy of isometheptene.","The drug timolol decreases the efficacy of tulobuterol and the antihypertensive activities.

Detomidine decreases the efficacy of timolol, doxazosin, and dronedarone.

Doxazosin decreases the efficacy of moxonidine and vibegron, and has a side effect of causing myocardial ischaemia.

Dronedarone has targets including the alpha-2b adrenergic receptor and the thyroid hormone receptor alpha, while also decreasing the efficacy of isometheptene.","[[""timolol"", ""increases"", ""antihypertensive_activities""], [""timolol"", ""decreases"", ""tulobuterol""], [""detomidine"", ""decreases"", ""timolol""], [""detomidine"", ""decreases"", ""doxazosin""], [""detomidine"", ""decreases"", ""dronedarone""], [""doxazosin"", ""decreases"", ""moxonidine""], [""doxazosin"", ""decreases"", ""vibegron""], [""doxazosin"", ""causes"", ""myocardial_ischaemia""], [""dronedarone"", ""targets"", ""alpha-2b_adrenergic_receptor""], [""dronedarone"", ""targets"", ""thyroid_hormone_receptor_alpha""], [""dronedarone"", ""decreases"", ""isometheptene""]]","[[""timolol"", ""decreases"", ""tulobuterol""], [""timolol"", ""decreases"", ""antihypertensive_activities""], [""detomidine"", ""decreases"", ""timolol""], [""detomidine"", ""decreases"", ""doxazosin""], [""detomidine"", ""decreases"", ""dronedarone""], [""doxazosin"", ""decreases"", ""moxonidine""], [""doxazosin"", ""decreases"", ""vibegron""], [""doxazosin"", ""causes"", ""myocardial_ischaemia""], [""dronedarone"", ""targets"", ""alpha-2b_adrenergic_receptor""], [""dronedarone"", ""targets"", ""thyroid_hormone_receptor_alpha""], [""dronedarone"", ""decreases"", ""isometheptene""]]",1.0,1.0,0.9999997615814208,1.0,1.0,0.9994583461461464,0.999512511531532,0.9995666769169173,0.9996208423023024,0.999675007687688,0.9997291730730732,0.9997833384584586,0.999837503843844,0.9998916692292292,0.9999458346146146,1.0,0.9944708054699084,0.9985057384243544,0,edge_replacement
47,"The drug Bisindolylmaleimide VIII targets both Myotonin-protein kinase and 3-phosphoinositide-dependent protein kinase 1. Myotonin-protein kinase is a gene product of DMPK which causes myotonic dystrophy 1 and congenital-onset steinert myotonic dystrophy. Myotonic dystrophy 1 is associated with phenotypes like facial diplegia and autosomal dominant inheritance. Congenital-onset Steinert myotonic dystrophy presents symptoms such as autistic behavior, diarrhea, and sleep disturbance. 3-phosphoinositide-dependent protein kinase 1 is a gene product of PDPK1, which acts within pathways including Role of LAT2/NTAL/LAB on calcium mobilization, VEGFR2 mediated vascular permeability, and VEGFR2 mediated cell proliferation. DMPK also plays a role in ion homeostasis.",The myotonin-protein kinase is a gene product of DMPK.,"[[""Bisindolylmaleimide_VIII"", ""targets"", ""Myotonin-protein_kinase""], [""Bisindolylmaleimide_VIII"", ""targets"", ""3-phosphoinositide-dependent_protein_kinase_1""], [""Myotonin-protein_kinase"", ""gene_product_of"", ""DMPK""], [""DMPK"", ""causes"", ""myotonic_dystrophy_1""], [""DMPK"", ""causes"", ""congenital-onset_steinert_myotonic_dystrophy""], [""myotonic_dystrophy_1"", ""associated_with"", ""facial_diplegia""], [""myotonic_dystrophy_1"", ""associated_with"", ""autosomal_dominant_inheritance""], [""congenital-onset_steinert_myotonic_dystrophy"", ""presents_symptoms"", ""autistic_behavior""], [""congenital-onset_steinert_myotonic_dystrophy"", ""presents_symptoms"", ""diarrhea""], [""congenital-onset_steinert_myotonic_dystrophy"", ""presents_symptoms"", ""sleep_disturbance""], [""3-phosphoinositide-dependent_protein_kinase_1"", ""gene_product_of"", ""PDPK1""], [""PDPK1"", ""acts_in"", ""Role_of_LAT2/NTAL/LAB_on_calcium_mobilization""], [""PDPK1"", ""acts_in"", ""VEGFR2_mediated_vascular_permeability""], [""PDPK1"", ""acts_in"", ""VEGFR2_mediated_cell_proliferation""], [""DMPK"", ""plays_role_in"", ""ion_homeostasis""]]","[[""myotonin-protein_kinase"", ""gene_product_of"", ""DMPK""]]",0.0944911182523068,0.2224232703447342,0.294619083404541,0.0883883476483184,0.1166423687039608,0.8145333173412865,0.744744222477554,0.6749551276138215,0.6051660327500887,0.5353769378863562,0.4655878430226237,0.3957987481588911,0.3260096532951586,0.256220558431426,0.1864314635676934,0.1166423687039608,0.6166236828773388,0.7476695663661628,0,node_removal
48,"The drug sulfadiazine increases the activity of the excretion rate and has side effects such as dermatitis exfoliative and hepatitis. 
Additionally, teprotumumab decreases the efficacy of sulfadiazine, rindopepimut, and sipuleucel-t. 
Furthermore, sipuleucel-t decreases the efficacy of dacarbazine, hydroxychloroquine, and briakinumab.","The drug sulfadiazine has side effects including dermatitis exfoliative and hepatitis, and it also decreases the activity of the excretion rate. Teprotumumab decreases the efficacy of sulfadiazine, rindopepimut, and sipuleucel-t, while sipuleucel-t decreases the efficacy of dacarbazine, hydroxychloroquine, and briakinumab.","[[""sulfadiazine"", ""increases"", ""excretion_rate""], [""sulfadiazine"", ""has_side_effect"", ""dermatitis_exfoliative""], [""sulfadiazine"", ""has_side_effect"", ""hepatitis""], [""teprotumumab"", ""decreases_efficacy_of"", ""sulfadiazine""], [""teprotumumab"", ""decreases_efficacy_of"", ""rindopepimut""], [""teprotumumab"", ""decreases_efficacy_of"", ""sipuleucel-t""], [""sipuleucel-t"", ""decreases_efficacy_of"", ""dacarbazine""], [""sipuleucel-t"", ""decreases_efficacy_of"", ""hydroxychloroquine""], [""sipuleucel-t"", ""decreases_efficacy_of"", ""briakinumab""]]","[[""sulfadiazine"", ""has_side_effect"", ""dermatitis_exfoliative""], [""sulfadiazine"", ""has_side_effect"", ""hepatitis""], [""sulfadiazine"", ""decreases"", ""excretion_rate""], [""teprotumumab"", ""decreases_efficacy_of"", ""sulfadiazine""], [""teprotumumab"", ""decreases_efficacy_of"", ""rindopepimut""], [""teprotumumab"", ""decreases_efficacy_of"", ""sipuleucel-t""], [""sipuleucel-t"", ""decreases_efficacy_of"", ""dacarbazine""], [""sipuleucel-t"", ""decreases_efficacy_of"", ""hydroxychloroquine""], [""sipuleucel-t"", ""decreases_efficacy_of"", ""briakinumab""]]",1.0,0.9999998807907104,1.0,1.0,1.0,0.9991834792322988,0.999265131309069,0.9993467833858392,0.9994284354626092,0.9995100875393792,0.9995917396161494,0.9996733916929196,0.9997550437696896,0.9998366958464596,0.99991834792323,1.0,0.9890608172532857,0.99797695343791,0,edge_replacement
49,"The gene MDH2 plays a role in various conditions, including epileptic encephalopathy, hereditary pheochromocytoma-paraganglioma, and acts within the Citric acid cycle (TCA cycle). Epileptic encephalopathy presents with phenotypes such as eeg abnormality, congenital onset, and bilateral tonic-clonic seizure. On the other hand, hereditary pheochromocytoma-paraganglioma manifests with pallor, renal cell carcinoma, and retinal capillary hemangioma.","The gene MDH2 causes epileptic encephalopathy, a condition associated with EEG abnormality and bilateral tonic-clonic seizure.","[[""MDH2"", ""plays_role_in"", ""epileptic_encephalopathy""], [""MDH2"", ""plays_role_in"", ""hereditary_pheochromocytoma-paraganglioma""], [""MDH2"", ""acts_within"", ""Citric_acid_cycle""], [""MDH2"", ""acts_within"", ""TCA_cycle""], [""epileptic_encephalopathy"", ""presents_with"", ""eeg_abnormality""], [""epileptic_encephalopathy"", ""presents_with"", ""congenital_onset""], [""epileptic_encephalopathy"", ""presents_with"", ""bilateral_tonic-clonic_seizure""], [""hereditary_pheochromocytoma-paraganglioma"", ""manifests_with"", ""pallor""], [""hereditary_pheochromocytoma-paraganglioma"", ""manifests_with"", ""renal_cell_carcinoma""], [""hereditary_pheochromocytoma-paraganglioma"", ""manifests_with"", ""retinal_capillary_hemangioma""]]","[[""MDH2"", ""causes"", ""epileptic_encephalopathy""], [""epileptic_encephalopathy"", ""associated_with"", ""EEG_abnormality""], [""epileptic_encephalopathy"", ""associated_with"", ""bilateral_tonic-clonic_seizure""]]",0.3517632353407242,0.2259077578783035,0.4234569668769836,0.3517632353407242,0.3517632353407242,0.7830298074854452,0.7399031502709731,0.696776493056501,0.6536498358420287,0.6105231786275568,0.5673965214130847,0.5242698641986127,0.4811432069841405,0.4380165497696684,0.3948898925551963,0.3517632353407242,0.6957644716769142,0.7885411724549736,0,node_removal
50,"The drug labetalol is known to increase the efficacy of repaglinide. Paliperidone decreases the efficacy of isoetharine, epinephrine, and tropatepine. Ritodrine decreases the efficacy of labetalol, trimazosin, and aripiprazole lauroxil. Celiprolol decreases the efficacy of ritodrine, paliperidone, and mephentermine. Trimazosin decreases the efficacy of nabumetone, meclofenamic acid, and gepefrine. Mephentermine decreases the efficacy of trifluoperazine, anisodamine, and propiverine.","The drug labetalol increases the efficacy of repaglinide. Paliperidone decreases the efficacy of isoetharine, epinephrine, and tropatepine. Ritodrine decreases the efficacy of labetalol and aripiprazole lauroxil. Celiprolol decreases the efficacy of paliperidone. Trimazosin decreases the efficacy of nabumetone, meclofenamic acid, and gepefrine. Mephentermine decreases the efficacy of trifluoperazine, anisodamine, and propiverine.","[[""labetalol"", ""increases_efficacy_of"", ""repaglinide""], [""paliperidone"", ""decreases_efficacy_of"", ""isoetharine""], [""paliperidone"", ""decreases_efficacy_of"", ""epinephrine""], [""paliperidone"", ""decreases_efficacy_of"", ""tropatepine""], [""ritodrine"", ""decreases_efficacy_of"", ""labetalol""], [""ritodrine"", ""decreases_efficacy_of"", ""trimazosin""], [""ritodrine"", ""decreases_efficacy_of"", ""aripiprazole_lauroxil""], [""celiprolol"", ""decreases_efficacy_of"", ""ritodrine""], [""celiprolol"", ""decreases_efficacy_of"", ""paliperidone""], [""celiprolol"", ""decreases_efficacy_of"", ""mephentermine""], [""trimazosin"", ""decreases_efficacy_of"", ""nabumetone""], [""trimazosin"", ""decreases_efficacy_of"", ""meclofenamic_acid""], [""trimazosin"", ""decreases_efficacy_of"", ""gepefrine""], [""mephentermine"", ""decreases_efficacy_of"", ""trifluoperazine""], [""mephentermine"", ""decreases_efficacy_of"", ""anisodamine""], [""mephentermine"", ""decreases_efficacy_of"", ""propiverine""]]","[[""labetalol"", ""increases_efficacy_of"", ""repaglinide""], [""paliperidone"", ""decreases_efficacy_of"", ""isoetharine""], [""paliperidone"", ""decreases_efficacy_of"", ""epinephrine""], [""paliperidone"", ""decreases_efficacy_of"", ""tropatepine""], [""ritodrine"", ""decreases_efficacy_of"", ""labetalol""], [""ritodrine"", ""decreases_efficacy_of"", ""aripiprazole_lauroxil""], [""celiprolol"", ""decreases_efficacy_of"", ""paliperidone""], [""trimazosin"", ""decreases_efficacy_of"", ""nabumetone""], [""trimazosin"", ""decreases_efficacy_of"", ""meclofenamic_acid""], [""trimazosin"", ""decreases_efficacy_of"", ""gepefrine""], [""mephentermine"", ""decreases_efficacy_of"", ""trifluoperazine""], [""mephentermine"", ""decreases_efficacy_of"", ""anisodamine""], [""mephentermine"", ""decreases_efficacy_of"", ""propiverine""]]",0.8235294117647058,1.0,1.0,0.8235294117647058,0.8235294117647058,0.9956980966588246,0.9784812281694129,0.9612643596800008,0.944047491190589,0.9268306227011772,0.9096137542117652,0.8923968857223534,0.8751800172329415,0.8579631487435295,0.8407462802541178,0.8235294117647058,0.9912221286849454,0.9813603737560734,0,edge_deletion
51,"Rimantadine has side effects such as feeling abnormal and local swelling. The yellow fever vaccine is known to decrease the efficacy of delavirdine, velpatasvir, and inosine pranobex. Cenicriviroc decreases the efficacy of rubella virus vaccine, varicella zoster vaccine (live/attenuated), and yellow fever vaccine. Rubella virus vaccine decreases the efficacy of rimantadine, daclatasvir, and bamlanivimab. The varicella zoster vaccine (live/attenuated) decreases the efficacy of tenofovir disoproxil, triamcinolone, and cortivazol.","The drug rimantadine has side effects including feeling abnormal and local swelling. Yellow fever vaccine is known to decrease efficacy of delavirdine, velpatasvir, and inosine pranobex. Cenicriviroc decreases efficacy of rubella virus vaccine, varicella zoster vaccine (live/attenuated), and yellow fever vaccine. Rubella virus vaccine decreases efficacy of rimantadine, daclatasvir, and bamlanivimab. Varicella zoster vaccine (live/attenuated) decreases efficacy of tenofovir disoproxil, triamcinolone, and cortivazol.","[[""Rimantadine"", ""has_side_effect"", ""feeling_abnormal""], [""Rimantadine"", ""has_side_effect"", ""local_swelling""], [""Yellow_fever_vaccine"", ""decreases_efficacy_of"", ""Delavirdine""], [""Yellow_fever_vaccine"", ""decreases_efficacy_of"", ""Velpatasvir""], [""Yellow_fever_vaccine"", ""decreases_efficacy_of"", ""Inosine_pranobex""], [""Cenicriviroc"", ""decreases_efficacy_of"", ""Rubella_virus_vaccine""], [""Cenicriviroc"", ""decreases_efficacy_of"", ""Varicella_zoster_vaccine""], [""Cenicriviroc"", ""decreases_efficacy_of"", ""Yellow_fever_vaccine""], [""Rubella_virus_vaccine"", ""decreases_efficacy_of"", ""Rimantadine""], [""Rubella_virus_vaccine"", ""decreases_efficacy_of"", ""Daclatasvir""], [""Rubella_virus_vaccine"", ""decreases_efficacy_of"", ""Bamlanivimab""], [""Varicella_zoster_vaccine"", ""decreases_efficacy_of"", ""Tenofovir_disoproxil""], [""Varicella_zoster_vaccine"", ""decreases_efficacy_of"", ""Triamcinolone""], [""Varicella_zoster_vaccine"", ""decreases_efficacy_of"", ""Cortivazol""]]","[[""Rimantadine"", ""has_side_effect"", ""feeling_abnormal""], [""Rimantadine"", ""has_side_effect"", ""local_swelling""], [""Yellow_fever_vaccine"", ""decreases_efficacy_of"", ""Delavirdine""], [""Yellow_fever_vaccine"", ""decreases_efficacy_of"", ""Velpatasvir""], [""Yellow_fever_vaccine"", ""decreases_efficacy_of"", ""Inosine_pranobex""], [""Cenicriviroc"", ""decreases_efficacy_of"", ""Rubella_virus_vaccine""], [""Cenicriviroc"", ""decreases_efficacy_of"", ""Varicella_zoster_vaccine""], [""Cenicriviroc"", ""decreases_efficacy_of"", ""Yellow_fever_vaccine""], [""Rubella_virus_vaccine"", ""decreases_efficacy_of"", ""Rimantadine""], [""Rubella_virus_vaccine"", ""decreases_efficacy_of"", ""Daclatasvir""], [""Rubella_virus_vaccine"", ""decreases_efficacy_of"", ""Bamlanivimab""], [""Varicella_zoster_vaccine"", ""decreases_efficacy_of"", ""Tenofovir_disoproxil""], [""Varicella_zoster_vaccine"", ""decreases_efficacy_of"", ""Triamcinolone""], [""Varicella_zoster_vaccine"", ""decreases_efficacy_of"", ""Cortivazol""]]",1.0,0.9999999403953552,1.0,1.0,1.0,0.9999999981761308,0.9999999983585176,0.9999999985409048,0.9999999987232916,0.9999999989056784,0.9999999990880654,0.9999999992704522,0.9999999994528392,0.999999999635226,0.9999999998176132,1.0,0.9999999894414612,0.9999999880498937,1,edge_deletion
52,"The drug torasemide increases the effect of CNS depression, decreases the efficacy of metformin, and affects NPPA antisense RNA 1. Menthyl salicylate, on the other hand, decreases the efficacy of torasemide, methyclothiazide, and guanoclor. Guanoclor further decreases the efficacy of bumadizone and serdexmethylphenidate.","Torasemide increases the effect of CNS depression, decreases the efficacy of Metformin, and affects the NPPA antisense RNA 1. Menthyl salicylate decreases the efficacy of Torasemide, Methyclothiazide, and Guanoclor. Guanoclor further decreases the efficacy of Bumadizone and Serdexmethylphenidate.","[[""torasemide"", ""increases"", ""CNS_depression""], [""torasemide"", ""decreases"", ""metformin""], [""torasemide"", ""affects"", ""NPPA_antisense_RNA_1""], [""menthyl_salicylate"", ""decreases"", ""torasemide""], [""menthyl_salicylate"", ""decreases"", ""methyclothiazide""], [""menthyl_salicylate"", ""decreases"", ""guanoclor""], [""guanoclor"", ""decreases"", ""bumadizone""], [""guanoclor"", ""decreases"", ""serdexmethylphenidate""]]","[[""torasemide"", ""increases"", ""CNS_depression""], [""torasemide"", ""decreases"", ""Metformin""], [""torasemide"", ""affects"", ""NPPA_antisense_RNA_1""], [""menthyl_salicylate"", ""decreases"", ""Torasemide""], [""menthyl_salicylate"", ""decreases"", ""Methyclothiazide""], [""menthyl_salicylate"", ""decreases"", ""Guanoclor""], [""Guanoclor"", ""decreases"", ""Bumadizone""], [""Guanoclor"", ""decreases"", ""Serdexmethylphenidate""]]",1.0,0.9662058353424072,0.9728975892066956,1.0,1.0,1.0,1.0,1.0,1.0,1.0,1.0,1.0,1.0,1.0,1.0,1.0,1.0,0.7902883995326728,1,edge_replacement
53,"Picosulfuric acid decreases the efficacy of sparfloxacin, ribostamycin, and cefpirome. Magnesium citrate decreases the efficacy of tridihexethyl, dicyclomine, and emepronium. Normethadone decreases the efficacy of eplerenone and bisoxatin. Tilidine decreases the efficacy of bumetanide, metoclopramide, and theobromine. Ondelopran decreases the efficacy of lofentanil, normethadone, and tilidine. Lofentanil decreases the efficacy of canagliflozin, picosulfuric acid, and magnesium citrate.","Picosulfuric acid decreases the efficacy of sparfloxacin, ribostamycin, and cefpirome. Magnesium citrate decreases the efficacy of tridihexethyl, dicyclomine, and emepronium. Normethadone decreases the efficacy of eplerenone and bisoxatin. Tilidine decreases the efficacy of bumetanide, metoclopramide, and theobromine. Ondelopran decreases the efficacy of lofentanil and tilidine. Lofentanil decreases the efficacy of canagliflozin.","[[""Picosulfuric_acid"", ""decreases_efficacy_of"", ""Sparfloxacin""], [""Picosulfuric_acid"", ""decreases_efficacy_of"", ""Ribostamycin""], [""Picosulfuric_acid"", ""decreases_efficacy_of"", ""Cefpirome""], [""Magnesium_citrate"", ""decreases_efficacy_of"", ""Tridihexethyl""], [""Magnesium_citrate"", ""decreases_efficacy_of"", ""Dicyclomine""], [""Magnesium_citrate"", ""decreases_efficacy_of"", ""Emepronium""], [""Normethadone"", ""decreases_efficacy_of"", ""Eplerenone""], [""Normethadone"", ""decreases_efficacy_of"", ""Bisoxatin""], [""Tilidine"", ""decreases_efficacy_of"", ""Bumetanide""], [""Tilidine"", ""decreases_efficacy_of"", ""Metoclopramide""], [""Tilidine"", ""decreases_efficacy_of"", ""Theobromine""], [""Ondelopran"", ""decreases_efficacy_of"", ""Lofentanil""], [""Ondelopran"", ""decreases_efficacy_of"", ""Normethadone""], [""Ondelopran"", ""decreases_efficacy_of"", ""Tilidine""], [""Lofentanil"", ""decreases_efficacy_of"", ""Canagliflozin""], [""Lofentanil"", ""decreases_efficacy_of"", ""Picosulfuric_acid""], [""Lofentanil"", ""decreases_efficacy_of"", ""Magnesium_citrate""]]","[[""Picosulfuric_acid"", ""decreases_efficacy_of"", ""Sparfloxacin""], [""Picosulfuric_acid"", ""decreases_efficacy_of"", ""Ribostamycin""], [""Picosulfuric_acid"", ""decreases_efficacy_of"", ""Cefpirome""], [""Magnesium_citrate"", ""decreases_efficacy_of"", ""Tridihexethyl""], [""Magnesium_citrate"", ""decreases_efficacy_of"", ""Dicyclomine""], [""Magnesium_citrate"", ""decreases_efficacy_of"", ""Emepronium""], [""Normethadone"", ""decreases_efficacy_of"", ""Eplerenone""], [""Normethadone"", ""decreases_efficacy_of"", ""Bisoxatin""], [""Tilidine"", ""decreases_efficacy_of"", ""Bumetanide""], [""Tilidine"", ""decreases_efficacy_of"", ""Metoclopramide""], [""Tilidine"", ""decreases_efficacy_of"", ""Theobromine""], [""Ondelopran"", ""decreases_efficacy_of"", ""Lofentanil""], [""Ondelopran"", ""decreases_efficacy_of"", ""Tilidine""], [""Lofentanil"", ""decreases_efficacy_of"", ""Canagliflozin""]]",0.8611111111111112,1.0,1.0,0.8611111111111112,0.8611111111111112,0.9969678700097676,0.983382194119902,0.9697965182300364,0.9562108423401704,0.9426251664503048,0.9290394905604392,0.9154538146705736,0.901868138780708,0.8882824628908425,0.8746967870009767,0.8611111111111112,0.9915119254319532,0.9876214598870778,0,edge_deletion
54,"Enflurane increases the effect of myocardial depression and the efficacy of xenon. Additionally, enflurane has a side effect of causing liver injury. Xenon, on the other hand, enhances the efficacy of etomidate, fentanyl, and nitrous oxide.","Enflurane is known to increase the effect of myocardial depression and the efficacy of xenon. Additionally, enflurane has been associated with the side effect of liver injury. Xenon, on the other hand, increases the efficacy of etomidate, fentanyl, and nitrous oxide.","[[""Enflurane"", ""increases"", ""myocardial_depression""], [""Enflurane"", ""increases_efficacy_of"", ""Xenon""], [""Enflurane"", ""has_side_effect"", ""liver_injury""], [""Xenon"", ""enhances_efficacy_of"", ""Etomidate""], [""Xenon"", ""enhances_efficacy_of"", ""Fentanyl""], [""Xenon"", ""enhances_efficacy_of"", ""Nitrous_Oxide""]]","[[""Enflurane"", ""increases"", ""myocardial_depression""], [""Enflurane"", ""increases_efficacy_of"", ""Xenon""], [""Enflurane"", ""has_side_effect"", ""liver_injury""], [""Xenon"", ""increases_efficacy_of"", ""Etomidate""], [""Xenon"", ""increases_efficacy_of"", ""Fentanyl""], [""Xenon"", ""increases_efficacy_of"", ""Nitrous_Oxide""]]",1.0,1.0,0.9999998807907104,1.0,1.0,0.993764409301452,0.9943879683713068,0.9950115274411616,0.9956350865110164,0.9962586455808712,0.996882204650726,0.9975057637205808,0.9981293227904356,0.9987528818602904,0.9993764409301452,1.0,0.9908705328114268,0.9848607911826984,1,edge_replacement
55,"Andexanet alfa decreases the efficacy of both edetic acid and bemiparin. Melagatran decreases the efficacy of cefdinir. Antithrombin III human decreases the efficacy of catridecacog, kallidinogenase, and andexanet alfa. Brinase decreases the efficacy of polythiazide, fibrinogen human, and cefroxadine. Catridecacog decreases the efficacy of lepirudin, brinase, and melagatran. Kallidinogenase decreases the efficacy of dabigatran etexilate, edoxaban, and monteplase.",Andexanet alfa decreases the efficacy of both edetic acid and bemiparin. Melagatran decreases the efficacy of cefdinir. Brinase decreases the efficacy of cefroxadine.,"[[""Andexanet_alfa"", ""decreases_efficacy_of"", ""edetic_acid""], [""Andexanet_alfa"", ""decreases_efficacy_of"", ""bemiparin""], [""Melagatran"", ""decreases_efficacy_of"", ""cefdinir""], [""Antithrombin_III_human"", ""decreases_efficacy_of"", ""catridecacog""], [""Antithrombin_III_human"", ""decreases_efficacy_of"", ""kallidinogenase""], [""Antithrombin_III_human"", ""decreases_efficacy_of"", ""andexanet_alfa""], [""Brinase"", ""decreases_efficacy_of"", ""polythiazide""], [""Brinase"", ""decreases_efficacy_of"", ""fibrinogen_human""], [""Brinase"", ""decreases_efficacy_of"", ""cefoxadine""], [""Catridecacog"", ""decreases_efficacy_of"", ""lepirudin""], [""Catridecacog"", ""decreases_efficacy_of"", ""brinase""], [""Catridecacog"", ""decreases_efficacy_of"", ""melagatran""], [""Kallidinogenase"", ""decreases_efficacy_of"", ""dabigatran_etexilate""], [""Kallidinogenase"", ""decreases_efficacy_of"", ""edoxaban""], [""Kallidinogenase"", ""decreases_efficacy_of"", ""monteplase""]]","[[""Andexanet_alfa"", ""decreases_efficacy_of"", ""edetic_acid""], [""Andexanet_alfa"", ""decreases_efficacy_of"", ""bemiparin""], [""Melagatran"", ""decreases_efficacy_of"", ""cefdinir""], [""Brinase"", ""decreases_efficacy_of"", ""cefoxadine""]]",0.4252100321353806,0.1731124222278595,0.6230976581573486,0.4252100321353806,0.4252100321353806,0.8952758346902093,0.8482692544347264,0.8012626741792437,0.7542560939237607,0.7072495136682779,0.6602429334127949,0.6132363531573122,0.5662297729018293,0.5192231926463463,0.4722166123908634,0.4252100321353806,0.854874783933546,0.9644006212402984,0,node_removal
56,"Calcium levulinate decreases the efficacy of liothyronine, verapamil, and mepindolol. Liothyronine, in turn, decreases the efficacy of pioglitazone, dexpropranolol, and calcium glubionate anhydrous. Pioglitazone decreases the efficacy of articaine. Mepindolol decreases the efficacy of lisdexamfetamine, adrafinil, and amitraz. Verapamil decreases the efficacy of calcium pangamate and alloin; it also has a side effect of causing macule.","The drug calcium levulinate decreases the efficacy of liothyronine, verapamil, and mepindolol. Liothyronine, in turn, decreases the efficacy of pioglitazone, dexpropranolol, and calcium glubionate anhydrous. Pioglitazone decreases the efficacy of articaine. Additionally, mepindolol decreases the efficacy of lisdexamfetamine, adrafinil, and amitraz. Verapamil decreases the efficacy of calcium pangamate and alloin, while also causing the side effect of Macule.",[],[],,,,,,,,,,,,,,,,,,,1,node_replacement
57,"Dezocine decreases the efficacy of multiple drugs including spironolactone, levallorphan, and spiradoline. Levorphanol also decreases the efficacy of torasemide, dipotassium phosphate, and konjac mannan. In addition, Axelopran decreases the efficacy of morphine, levorphanol, and dezocine.","The drug dezocine decreases the efficacy of spironolactone, levallorphan, and spiradoline. Levorphanol also decreases the efficacy of torasemide, dipotassium phosphate, and konjac mannan. Additionally, axelopran reduces the efficacy of morphine.","[[""Dezocine"", ""decreases_efficacy_of"", ""spironolactone""], [""Dezocine"", ""decreases_efficacy_of"", ""levallorphan""], [""Dezocine"", ""decreases_efficacy_of"", ""spiradoline""], [""Levorphanol"", ""decreases_efficacy_of"", ""torasemide""], [""Levorphanol"", ""decreases_efficacy_of"", ""dipotassium_phosphate""], [""Levorphanol"", ""decreases_efficacy_of"", ""konjac_mannan""], [""Axelopran"", ""decreases_efficacy_of"", ""morphine""], [""Axelopran"", ""decreases_efficacy_of"", ""levorphanol""], [""Axelopran"", ""decreases_efficacy_of"", ""dezocine""]]","[[""Dezocine"", ""decreases_efficacy_of"", ""spironolactone""], [""Dezocine"", ""decreases_efficacy_of"", ""levallorphan""], [""Dezocine"", ""decreases_efficacy_of"", ""spiradoline""], [""Levorphanol"", ""decreases_efficacy_of"", ""torasemide""], [""Levorphanol"", ""decreases_efficacy_of"", ""dipotassium_phosphate""], [""Levorphanol"", ""decreases_efficacy_of"", ""konjac_mannan""], [""Axelopran"", ""reduces_efficacy_of"", ""morphine""]]",0.8148148148148148,0.8380714058876038,0.942924976348877,0.8333333333333334,0.8333333333333334,0.9894060051534108,0.973798737971403,0.9581914707893951,0.9425842036073876,0.9269769364253798,0.911369669243372,0.8957624020613644,0.8801551348793566,0.8645478676973488,0.848940600515341,0.8333333333333334,0.9841308484217808,0.9908990767795824,0,edge_deletion
58,"The drug bucindolol decreases the efficacy of ritodrine and increases the efficacy of teneligliptin and remogliflozin etabonate. Trichlormethiazide decreases the efficacy of bivalirudin and butorphanol, but increases the efficacy of terazosin. Phenoxybenzamine increases the efficacy of trichlormethiazide, while decreasing the efficacy of chlorphentermine, and higenamine. Higenamine decreases the efficacy of promazine, acebutolol, and bucindolol. Chlorphentermine decreases the efficacy of guanadrel and buflomedil, while increasing the efficacy of opipramol. Acebutolol increases the efficacy of insulin detemir and has a side effect of short-term memory loss.","The drug bucindolol both decreases the efficacy of ritodrine and increases the efficacy of teneligliptin and salmahyrtisol b. Trichlormethiazide decreases the efficacy of termicalcicolanone a and n-methylmesoporphyrin containing copper but increases the efficacy of terazosin. Phenoxybenzamine increases the efficacy of trichlormethiazide while decreasing the efficacy of chlorphentermine and higenamine. Higenamine decreases the efficacy of promazine, phelligridin i, and bucindolol. Chlorphentermine decreases the efficacy of aureoverticillactam and buflomedil but increases the efficacy of muplestim. Lastly, phelligridin i increases the efficacy of insulin detemir and has a side effect of arteriosclerosis.",[],[],,,,,,,,,,,,,,,,,,,0,node_replacement
59,"The drug ofloxacin enhances the efficacy of gliclazide, gosogliptin, and ipragliflozin. Similarly, sulfaguanidine boosts the efficacy of tolazamide, glyburide, and tirzepatide. Furthermore, phenformin increases the efficacy of ofloxacin and sulfaguanidine while decreasing the efficacy of saquinavir.","Ofloxacin increases the efficacy of gliclazide, gosogliptin, and ipragliflozin. Additionally, sulfaguanidine increases the efficacy of tolazamide, glyburide, and tirzepatide. Conversely, phenformin decreases the efficacy of saquinavir.","[[""ofloxacin"", ""enhances"", ""gliclazide""], [""ofloxacin"", ""enhances"", ""gosogliptin""], [""ofloxacin"", ""enhances"", ""ipragliflozin""], [""sulfaguanidine"", ""boosts"", ""tolazamide""], [""sulfaguanidine"", ""boosts"", ""glyburide""], [""sulfaguanidine"", ""boosts"", ""tirzepatide""], [""phenformin"", ""increases"", ""ofloxacin""], [""phenformin"", ""increases"", ""sulfaguanidine""], [""phenformin"", ""decreases"", ""saquinavir""]]","[[""ofloxacin"", ""increases"", ""gliclazide""], [""ofloxacin"", ""increases"", ""gosogliptin""], [""ofloxacin"", ""increases"", ""ipragliflozin""], [""sulfaguanidine"", ""increases"", ""tolazamide""], [""sulfaguanidine"", ""increases"", ""glyburide""], [""sulfaguanidine"", ""increases"", ""tirzepatide""], [""phenformin"", ""decreases"", ""saquinavir""]]",0.8333333333333334,0.9999999403953552,1.0,0.8333333333333334,0.8333333333333334,0.958996596875598,0.9464302705213716,0.933863944167145,0.9212976178129184,0.908731291458692,0.8961649651044656,0.8835986387502393,0.8710323123960129,0.8584659860417863,0.8458996596875598,0.8333333333333334,0.9299499189605114,0.7167582114762174,0,edge_deletion
60,"Ebastine increases the effect of bradycardia, as well as the efficacy of levonordefrin. Conversely, ebastine decreases the efficacy of olutasidenib, which in turn decreases the efficacy of dexamethasone, fosphenytoin, and rifamycin. Fosphenytoin has a side effect of ileus. Levonordefrin decreases the efficacy of amitriptyline, but increases the efficacy of orciprenaline and tyramine.","Ebastine increases the efficacy of levonordefrin but decreases the efficacy of olutasidenib. It also decreases the effect of bradycardia. Olutasidenib, on the other hand, decreases the efficacy of dexamethasone, fosphenytoin, and rifamycin. Additionally, fosphenytoin has the side effect of causing ileus. Levonordefrin decreases the efficacy of amitriptyline but increases the efficacy of orciprenaline and tyramine.","[[""Ebastine"", ""increases"", ""bradycardia""], [""Ebastine"", ""increases"", ""levonordefrin""], [""Ebastine"", ""decreases"", ""olutasidenib""], [""Olutasidenib"", ""decreases"", ""dexamethasone""], [""Olutasidenib"", ""decreases"", ""fosphenytoin""], [""Olutasidenib"", ""decreases"", ""rifamycin""], [""Fosphenytoin"", ""has_side_effect"", ""ileus""], [""Levonordefrin"", ""decreases"", ""amitriptyline""], [""Levonordefrin"", ""increases"", ""orciprenaline""], [""Levonordefrin"", ""increases"", ""tyramine""]]","[[""Ebastine"", ""increases"", ""levonordefrin""], [""Ebastine"", ""decreases"", ""olutasidenib""], [""Ebastine"", ""decreases"", ""bradycardia""], [""Olutasidenib"", ""decreases"", ""dexamethasone""], [""Olutasidenib"", ""decreases"", ""fosphenytoin""], [""Olutasidenib"", ""decreases"", ""rifamycin""], [""Fosphenytoin"", ""has_side_effect"", ""ileus""], [""Levonordefrin"", ""decreases"", ""amitriptyline""], [""Levonordefrin"", ""increases"", ""orciprenaline""], [""Levonordefrin"", ""increases"", ""tyramine""]]",1.0,1.0,0.9999998807907104,1.0,1.0,0.9985139091275902,0.9986625182148312,0.998811127302072,0.998959736389313,0.999108345476554,0.999256954563795,0.999405563651036,0.9995541727382772,0.999702781825518,0.999851390912759,1.0,0.9959831849501516,0.997564693288477,0,edge_replacement
61,"The drug potassium iodide decreases the efficacy of pd173955, bosutinib, and erdafitinib. Bosutinib targets proto-oncogene tyrosine-protein kinase src and also decreases the efficacy of 3,5-diiodotyrosine and rindopepimut. Erdafitinib decreases the efficacy of methylthiouracil and elcatonin. Propylthiouracil decreases the efficacy of glesatinib, radotinib, and deucravacitinib. Selumetinib decreases the efficacy of propylthiouracil and potassium iodide. Selumetinib also affects cytochrome p450 family 2 subfamily c member 19, which is known to cause conditions such as lymphoma, coronary restenosis, and mycoses. Additionally, pd173955 decreases the efficacy of carbimazole.","The drug potassium iodide decreases the efficacy of the drugs pd173955, bosutinib, and erdafitinib. 

Bosutinib, in turn, has a target on the proto-oncogene tyrosine-protein kinase src but decreases the efficacy of 3,5-diiodotyrosine and rindopepimut. 

Erdafitinib decreases the efficacy of methylthiouracil and elcatonin.

Propylthiouracil decreases the efficacy of glesatinib, radotinib, and deucravacitinib.

Selumetinib decreases the efficacy of propylthiouracil and potassium iodide. 

Furthermore, selumetinib is known to affect the cytochrome p450 family 2 subfamily c member 19 which is implicated in conditions such as lymphoma, coronary restenosis, and mycoses.

Additionally, pd173955 decreases the efficacy of carbimazole.","[[""potassium_iodide"", ""decreases_efficacy_of"", ""pd173955""], [""potassium_iodide"", ""decreases_efficacy_of"", ""bosutinib""], [""potassium_iodide"", ""decreases_efficacy_of"", ""erdafitinib""], [""bosutinib"", ""targets"", ""proto-oncogene_tyrosine-protein_kinase_src""], [""bosutinib"", ""decreases_efficacy_of"", ""3,5-diiodotyrosine""], [""bosutinib"", ""decreases_efficacy_of"", ""rindopepimut""], [""erdafitinib"", ""decreases_efficacy_of"", ""methylthiouracil""], [""erdafitinib"", ""decreases_efficacy_of"", ""elcatonin""], [""propylthiouracil"", ""decreases_efficacy_of"", ""glesatinib""], [""propylthiouracil"", ""decreases_efficacy_of"", ""radotinib""], [""propylthiouracil"", ""decreases_efficacy_of"", ""deucravacitinib""], [""selumetinib"", ""decreases_efficacy_of"", ""propylthiouracil""], [""selumetinib"", ""decreases_efficacy_of"", ""potassium_iodide""], [""selumetinib"", ""affects"", ""cytochrome_p450_family_2_subfamily_c_member_19""], [""cytochrome_p450_family_2_subfamily_c_member_19"", ""implicated_in"", ""lymphoma""], [""cytochrome_p450_family_2_subfamily_c_member_19"", ""implicated_in"", ""coronary_restenosis""], [""cytochrome_p450_family_2_subfamily_c_member_19"", ""implicated_in"", ""mycoses""], [""pd173955"", ""decreases_efficacy_of"", ""carbimazole""]]","[[""potassium_iodide"", ""decreases_efficacy_of"", ""pd173955""], [""potassium_iodide"", ""decreases_efficacy_of"", ""bosutinib""], [""potassium_iodide"", ""decreases_efficacy_of"", ""erdafitinib""], [""bosutinib"", ""targets"", ""proto-oncogene_tyrosine-protein_kinase_src""], [""bosutinib"", ""decreases_efficacy_of"", ""3,5-diiodotyrosine""], [""bosutinib"", ""decreases_efficacy_of"", ""rindopepimut""], [""erdafitinib"", ""decreases_efficacy_of"", ""methylthiouracil""], [""erdafitinib"", ""decreases_efficacy_of"", ""elcatonin""], [""propylthiouracil"", ""decreases_efficacy_of"", ""glesatinib""], [""propylthiouracil"", ""decreases_efficacy_of"", ""radotinib""], [""propylthiouracil"", ""decreases_efficacy_of"", ""deucravacitinib""], [""selumetinib"", ""decreases_efficacy_of"", ""propylthiouracil""], [""selumetinib"", ""decreases_efficacy_of"", ""potassium_iodide""], [""selumetinib"", ""affects"", ""cytochrome_p450_family_2_subfamily_c_member_19""], [""cytochrome_p450_family_2_subfamily_c_member_19"", ""implicated_in"", ""lymphoma""], [""cytochrome_p450_family_2_subfamily_c_member_19"", ""implicated_in"", ""coronary_restenosis""], [""cytochrome_p450_family_2_subfamily_c_member_19"", ""implicated_in"", ""mycoses""], [""pd173955"", ""decreases_efficacy_of"", ""carbimazole""]]",1.0,1.0,1.0,1.0,1.0,0.9999999974755288,0.999999997727976,0.999999997980423,0.99999999823287,0.9999999984853172,0.9999999987377644,0.9999999989902116,0.9999999992426586,0.9999999994951058,0.9999999997475528,1.0,1.0,0.9999999853209048,1,node_removal
1,"The drug bunazosin decreases the efficacy of naphazoline, protokylol, and norfenefrine. Bisoprolol decreases the efficacy of calcium acetate and calcium lactate gluconate. Protokylol increases the efficacy of etilefrine and histapyrrodine. Naphazoline decreases the efficacy of tolazoline, propafenone, and celiprolol. Nadolol increases the efficacy of exenatide and insulin aspart, but decreases the efficacy of moxonidine. Cirazoline decreases the efficacy of bisoprolol, nadolol, and bunazosin.","The drug bunazosin decreases the efficacy of naphazoline, protokylol, and norfenefrine. Additionally, bisoprolol decreases the efficacy of calcium acetate and calcium lactate gluconate. On the other hand, protokylol increases the efficacy of etilefrine and histapyrrodine. The usage of naphazoline reduces the efficacy of tolazoline, propafenone, and celiprolol. Moreover, nadolol can increase the efficacy of exenatide and insulin aspart, but it decreases the efficacy of moxonidine. Lastly, cirazoline decreases the efficacy of bisoprolol, nadolol, and bunazosin.","[[""bunazosin"", ""decreases_efficacy_of"", ""naphazoline""], [""bunazosin"", ""decreases_efficacy_of"", ""protokylol""], [""bunazosin"", ""decreases_efficacy_of"", ""norfenefrine""], [""bisoprolol"", ""decreases_efficacy_of"", ""calcium_acetate""], [""bisoprolol"", ""decreases_efficacy_of"", ""calcium_lactate_gluconate""], [""protokylol"", ""increases_efficacy_of"", ""etilefrine""], [""protokylol"", ""increases_efficacy_of"", ""histapyrrodine""], [""naphazoline"", ""decreases_efficacy_of"", ""tolazoline""], [""naphazoline"", ""decreases_efficacy_of"", ""propafenone""], [""naphazoline"", ""decreases_efficacy_of"", ""celiprolol""], [""nadolol"", ""increases_efficacy_of"", ""exenatide""], [""nadolol"", ""increases_efficacy_of"", ""insulin_aspart""], [""nadolol"", ""decreases_efficacy_of"", ""moxonidine""], [""cirazoline"", ""decreases_efficacy_of"", ""bisoprolol""], [""cirazoline"", ""decreases_efficacy_of"", ""nadolol""], [""cirazoline"", ""decreases_efficacy_of"", ""bunazosin""]]","[[""bunazosin"", ""decreases_efficacy_of"", ""naphazoline""], [""bunazosin"", ""decreases_efficacy_of"", ""protokylol""], [""bunazosin"", ""decreases_efficacy_of"", ""norfenefrine""], [""bisoprolol"", ""decreases_efficacy_of"", ""calcium_acetate""], [""bisoprolol"", ""decreases_efficacy_of"", ""calcium_lactate_gluconate""], [""protokylol"", ""increases_efficacy_of"", ""etilefrine""], [""protokylol"", ""increases_efficacy_of"", ""histapyrrodine""], [""naphazoline"", ""reduces_efficacy_of"", ""tolazoline""], [""naphazoline"", ""reduces_efficacy_of"", ""propafenone""], [""naphazoline"", ""reduces_efficacy_of"", ""celiprolol""], [""nadolol"", ""increases_efficacy_of"", ""exenatide""], [""nadolol"", ""increases_efficacy_of"", ""insulin_aspart""], [""nadolol"", ""decreases_efficacy_of"", ""moxonidine""], [""cirazoline"", ""decreases_efficacy_of"", ""bisoprolol""], [""cirazoline"", ""decreases_efficacy_of"", ""nadolol""], [""cirazoline"", ""decreases_efficacy_of"", ""bunazosin""]]",1.0,1.0,1.0,1.0,1.0,0.9995733660101932,0.999616029409174,0.9996586928081548,0.9997013562071352,0.999744019606116,0.9997866830050968,0.9998293464040772,0.999872009803058,0.9999146732020386,0.9999573366010194,1.0,0.9982203161733524,0.997050276061288,1,node_removal
2,"Buthiazide increases the efficacy of glipizide and decreases the efficacy of verinurad and benzhydrocodone. Torasemide is affecting adducin 1 and has an indication for diuresis. Additionally, torasemide decreases the efficacy of mofebutazone. Estetrol decreases the efficacy of streptomycin, chenodeoxycholic acid, and nigericin. Luseogliflozin decreases the efficacy of torasemide and estetrol, but increases the efficacy of buthiazide.","The drug buthiazide can both increase the efficacy of glipizide and decrease the efficacy of verinurad and benzhydrocodone. Similarly, luseogliflozin can increase the efficacy of buthiazide. 

Torasemide is affecting adducin 1 and has an indication for diuresis. It also decreases the efficacy of mofebutazone.

On the other hand, estetrol decreases the efficacy of streptomycin, chenodeoxycholic acid, and nigericin.","[[""Buthiazide"", ""increases_efficacy_of"", ""Glipizide""], [""Buthiazide"", ""decreases_efficacy_of"", ""Verinurad""], [""Buthiazide"", ""decreases_efficacy_of"", ""Benzhydrocodone""], [""Torasemide"", ""affects"", ""Adducin_1""], [""Torasemide"", ""indication_for"", ""Diuresis""], [""Torasemide"", ""decreases_efficacy_of"", ""Mofebutazone""], [""Estetrol"", ""decreases_efficacy_of"", ""Streptomycin""], [""Estetrol"", ""decreases_efficacy_of"", ""Chenodeoxycholic_acid""], [""Estetrol"", ""decreases_efficacy_of"", ""Nigericin""], [""Luseogliflozin"", ""decreases_efficacy_of"", ""Torasemide""], [""Luseogliflozin"", ""decreases_efficacy_of"", ""Estetrol""], [""Luseogliflozin"", ""increases_efficacy_of"", ""Buthiazide""]]","[[""Buthiazide"", ""increases_efficacy_of"", ""Glipizide""], [""Buthiazide"", ""decreases_efficacy_of"", ""Verinurad""], [""Buthiazide"", ""decreases_efficacy_of"", ""Benzhydrocodone""], [""Luseogliflozin"", ""increases_efficacy_of"", ""Buthiazide""], [""Torasemide"", ""affects"", ""Adducin_1""], [""Torasemide"", ""indication_for"", ""Diuresis""], [""Torasemide"", ""decreases_efficacy_of"", ""Mofebutazone""], [""Estetrol"", ""decreases_efficacy_of"", ""Streptomycin""], [""Estetrol"", ""decreases_efficacy_of"", ""Chenodeoxycholic_acid""], [""Estetrol"", ""decreases_efficacy_of"", ""Nigericin""]]",0.8717948717948718,1.0,0.9999999403953552,0.8717948717948718,0.8717948717948718,0.99201381472047,0.9799919204279104,0.9679700261353504,0.9559481318427908,0.9439262375502308,0.931904343257671,0.9198824489651112,0.9078605546725512,0.8958386603799915,0.8838167660874316,0.8717948717948718,0.988176037146312,0.9839313217635282,0,edge_deletion
3,"The compound 9-deazaguanine increases the activity of the hypotensive activities and decreases the efficacy of halazepam. Pinazepam increases the effect of neuropsychiatric effects, while decreasing the efficacy of 9-deazaguanine and proxyphylline. Proxyphylline has activity in the hyperkalemic activities and decreases the efficacy of delorazepam.","The compound 9-deazaguanine is known to increase the activity of the hypotensive activities, while at the same time decreasing the efficacy of halazepam. Pinazepam has been shown to increase the effect of neuropsychiatric effects, but it decreases the efficacy of 9-deazaguanine and proxyphylline. Proxyphylline has activity related to the hyperkalemic activities, however, it decreases the efficacy of delorazepam.","[[""9-deazaguanine"", ""increases"", ""hypotensive_activities""], [""9-deazaguanine"", ""decreases"", ""halazepam""], [""Pinazepam"", ""increases"", ""neuropsychiatric_effects""], [""Pinazepam"", ""decreases"", ""9-deazaguanine""], [""Pinazepam"", ""decreases"", ""proxyphylline""], [""Proxyphylline"", ""has_activity_in"", ""hyperkalemic_activities""], [""Proxyphylline"", ""decreases"", ""delorazepam""]]","[[""9-deazaguanine"", ""increases"", ""hypotensive_activities""], [""9-deazaguanine"", ""decreases"", ""halazepam""], [""Pinazepam"", ""increases"", ""neuropsychiatric_effects""], [""Pinazepam"", ""decreases"", ""9-deazaguanine""], [""Pinazepam"", ""decreases"", ""proxyphylline""], [""Proxyphylline"", ""has_activity_related_to"", ""hyperkalemic_activities""], [""Proxyphylline"", ""decreases"", ""delorazepam""]]",1.0,1.0,0.9999998807907104,1.0,1.0,0.9996288837480028,0.9996659953732024,0.999703106998402,0.999740218623602,0.9997773302488016,0.9998144418740014,0.9998515534992012,0.9998886651244008,0.9999257767496006,0.9999628883748004,1.0,0.9929046680346968,0.9968941075626204,1,edge_replacement
56,"Calcium levulinate decreases the efficacy of liothyronine, verapamil, and mepindolol. Liothyronine, in turn, decreases the efficacy of pioglitazone, dexpropranolol, and calcium glubionate anhydrous. Pioglitazone decreases the efficacy of articaine. Mepindolol decreases the efficacy of lisdexamfetamine, adrafinil, and amitraz. Verapamil decreases the efficacy of calcium pangamate and alloin; it also has a side effect of causing macule.","The drug calcium levulinate decreases the efficacy of liothyronine, verapamil, and mepindolol. Liothyronine, in turn, decreases the efficacy of pioglitazone, dexpropranolol, and calcium glubionate anhydrous. Pioglitazone decreases the efficacy of articaine. Additionally, mepindolol decreases the efficacy of lisdexamfetamine, adrafinil, and amitraz. Verapamil decreases the efficacy of calcium pangamate and alloin, while also causing the side effect of Macule.","[[""Calcium_levulinate"", ""decreases_efficacy_of"", ""Liothyronine""], [""Calcium_levulinate"", ""decreases_efficacy_of"", ""Verapamil""], [""Calcium_levulinate"", ""decreases_efficacy_of"", ""Mepindolol""], [""Liothyronine"", ""decreases_efficacy_of"", ""Pioglitazone""], [""Liothyronine"", ""decreases_efficacy_of"", ""Dexpropranolol""], [""Liothyronine"", ""decreases_efficacy_of"", ""Calcium_glubionate_anhydrous""], [""Pioglitazone"", ""decreases_efficacy_of"", ""Articaine""], [""Mepindolol"", ""decreases_efficacy_of"", ""Lisdexamfetamine""], [""Mepindolol"", ""decreases_efficacy_of"", ""Adrafinil""], [""Mepindolol"", ""decreases_efficacy_of"", ""Amitraz""], [""Verapamil"", ""decreases_efficacy_of"", ""Calcium_pangamate""], [""Verapamil"", ""decreases_efficacy_of"", ""Alloin""], [""Verapamil"", ""causes_side_effect"", ""Macule""]]","[[""Calcium_levulinate"", ""decreases_efficacy_of"", ""Liothyronine""], [""Calcium_levulinate"", ""decreases_efficacy_of"", ""Verapamil""], [""Calcium_levulinate"", ""decreases_efficacy_of"", ""Mepindolol""], [""Liothyronine"", ""decreases_efficacy_of"", ""Pioglitazone""], [""Liothyronine"", ""decreases_efficacy_of"", ""Dexpropranolol""], [""Liothyronine"", ""decreases_efficacy_of"", ""Calcium_glubionate_anhydrous""], [""Pioglitazone"", ""decreases_efficacy_of"", ""Articaine""], [""Mepindolol"", ""decreases_efficacy_of"", ""Lisdexamfetamine""], [""Mepindolol"", ""decreases_efficacy_of"", ""Adrafinil""], [""Mepindolol"", ""decreases_efficacy_of"", ""Amitraz""], [""Verapamil"", ""decreases_efficacy_of"", ""Calcium_pangamate""], [""Verapamil"", ""decreases_efficacy_of"", ""Alloin""], [""Verapamil"", ""causes_side_effect"", ""Macule""]]",1.0,1.0,1.0,1.0,1.0,1.0,1.0,1.0,1.0,1.0,1.0,1.0,1.0,1.0,1.0,1.0,1.0,0.999999988988065,1,node_replacement
58,"The drug bucindolol decreases the efficacy of ritodrine and increases the efficacy of teneligliptin and remogliflozin etabonate. Trichlormethiazide decreases the efficacy of bivalirudin and butorphanol, but increases the efficacy of terazosin. Phenoxybenzamine increases the efficacy of trichlormethiazide, while decreasing the efficacy of chlorphentermine, and higenamine. Higenamine decreases the efficacy of promazine, acebutolol, and bucindolol. Chlorphentermine decreases the efficacy of guanadrel and buflomedil, while increasing the efficacy of opipramol. Acebutolol increases the efficacy of insulin detemir and has a side effect of short-term memory loss.","The drug bucindolol both decreases the efficacy of ritodrine and increases the efficacy of teneligliptin and salmahyrtisol b. Trichlormethiazide decreases the efficacy of termicalcicolanone a and n-methylmesoporphyrin containing copper but increases the efficacy of terazosin. Phenoxybenzamine increases the efficacy of trichlormethiazide while decreasing the efficacy of chlorphentermine and higenamine. Higenamine decreases the efficacy of promazine, phelligridin i, and bucindolol. Chlorphentermine decreases the efficacy of aureoverticillactam and buflomedil but increases the efficacy of muplestim. Lastly, phelligridin i increases the efficacy of insulin detemir and has a side effect of arteriosclerosis.","[[""bucindolol"", ""decreases_efficacy_of"", ""ritodrine""], [""bucindolol"", ""increases_efficacy_of"", ""teneligliptin""], [""bucindolol"", ""increases_efficacy_of"", ""remogliflozin_etabonate""], [""trichlormethiazide"", ""decreases_efficacy_of"", ""bivalirudin""], [""trichlormethiazide"", ""decreases_efficacy_of"", ""butorphanol""], [""trichlormethiazide"", ""increases_efficacy_of"", ""terazosin""], [""phenoxybenzamine"", ""increases_efficacy_of"", ""trichlormethiazide""], [""phenoxybenzamine"", ""decreases_efficacy_of"", ""chlorphentermine""], [""phenoxybenzamine"", ""decreases_efficacy_of"", ""higenamine""], [""higenamine"", ""decreases_efficacy_of"", ""promazine""], [""higenamine"", ""decreases_efficacy_of"", ""acebutolol""], [""higenamine"", ""decreases_efficacy_of"", ""bucindolol""], [""chlorphentermine"", ""decreases_efficacy_of"", ""guanadrel""], [""chlorphentermine"", ""decreases_efficacy_of"", ""buflomedil""], [""chlorphentermine"", ""increases_efficacy_of"", ""opipramol""], [""acebutolol"", ""increases_efficacy_of"", ""insulin_detemir""], [""acebutolol"", ""has_side_effect"", ""short-term_memory_loss""]]","[[""bucindolol"", ""decreases_efficacy_of"", ""ritodrine""], [""bucindolol"", ""increases_efficacy_of"", ""teneligliptin""], [""bucindolol"", ""increases_efficacy_of"", ""salmahyrtisol_b""], [""trichlormethiazide"", ""decreases_efficacy_of"", ""termicalcicolanone_a""], [""trichlormethiazide"", ""decreases_efficacy_of"", ""n-methylmesoporphyrin_containing_copper""], [""trichlormethiazide"", ""increases_efficacy_of"", ""terazosin""], [""phenoxybenzamine"", ""increases_efficacy_of"", ""trichlormethiazide""], [""phenoxybenzamine"", ""decreases_efficacy_of"", ""chlorphentermine""], [""phenoxybenzamine"", ""decreases_efficacy_of"", ""higenamine""], [""higenamine"", ""decreases_efficacy_of"", ""promazine""], [""higenamine"", ""decreases_efficacy_of"", ""phelligridin_i""], [""higenamine"", ""decreases_efficacy_of"", ""bucindolol""], [""chlorphentermine"", ""decreases_efficacy_of"", ""aureoverticillactam""], [""chlorphentermine"", ""decreases_efficacy_of"", ""buflomedil""], [""chlorphentermine"", ""increases_efficacy_of"", ""muplestim""], [""phelligridin_i"", ""increases_efficacy_of"", ""insulin_detemir""], [""phelligridin_i"", ""has_side_effect"", ""arteriosclerosis""]]",0.4467089744814192,0.5136210918426514,0.8989373445510864,0.3888888888888889,0.4467089744814192,0.9799157592406847,0.9265950807647584,0.8732744022888317,0.8199537238129051,0.7666330453369786,0.713312366861052,0.6599916883851255,0.606671009909199,0.5533503314332724,0.5000296529573458,0.4467089744814192,0.9002402115949781,0.858452977700743,0,node_replacement
62,"Pyroquilon increases the efficacy of fluindione, clorindione, and diphenadione. Radicicol increases the efficacy of phenindione and has targets in mitogen-activated protein kinase kinase kinase 5 and serine/threonine-protein kinase 3. Fluindione, in turn, increases the efficacy of radicicol and nikkomycin z while decreasing the efficacy of ulipristal. Diphenadione increases the efficacy of quinine and teriflunomide but decreases the efficacy of azathioprine. Nikkomycin z increases the efficacy of 4-hydroxycoumarin and ethyl biscoumacetate, with targets in Homo sapiens. Clorindione decreases the efficacy of ubidecarenone and protein s human, but increases the efficacy of basifungin.","Pyroquilon increases the efficacy of fluindione, clorindione, and diphenadione. Radicicol increases the efficacy of phenindione and targets mitogen-activated protein kinase kinase kinase 5 as well as serine/threonine-protein kinase 3. Fluindione increases the efficacy of radicicol but decreases the efficacy of ulipristal and increases the efficacy of nikkomycin Z. Diphenadione increases the efficacy of quinine and teriflunomide but decreases the efficacy of azathioprine. Nikkomycin Z increases the efficacy of 4-hydroxycoumarin, ethyl biscoumacetate, and targets Homo sapiens. Clorindione decreases the efficacy of ubidecarenone and protein S human but increases the efficacy of basifungin.","[[""Pyroquilon"", ""increases_efficacy_of"", ""fluindione""], [""Pyroquilon"", ""increases_efficacy_of"", ""clorindione""], [""Pyroquilon"", ""increases_efficacy_of"", ""diphenadione""], [""Radicicol"", ""increases_efficacy_of"", ""phenindione""], [""Radicicol"", ""has_targets_in"", ""mitogen-activated_protein_kinase_kinase_kinase_5""], [""Radicicol"", ""has_targets_in"", ""serine/threonine-protein_kinase_3""], [""Fluindione"", ""increases_efficacy_of"", ""radicicol""], [""Fluindione"", ""increases_efficacy_of"", ""nikkomycin_z""], [""Fluindione"", ""decreases_efficacy_of"", ""ulipristal""], [""Diphenadione"", ""increases_efficacy_of"", ""quinine""], [""Diphenadione"", ""increases_efficacy_of"", ""teriflunomide""], [""Diphenadione"", ""decreases_efficacy_of"", ""azathioprine""], [""Nikkomycin_z"", ""increases_efficacy_of"", ""4-hydroxycoumarin""], [""Nikkomycin_z"", ""increases_efficacy_of"", ""ethyl_biscoumacetate""], [""Nikkomycin_z"", ""has_targets_in"", ""Homo_sapiens""], [""Clorindione"", ""decreases_efficacy_of"", ""ubidecarenone""], [""Clorindione"", ""decreases_efficacy_of"", ""protein_s_human""], [""Clorindione"", ""increases_efficacy_of"", ""basifungin""]]","[[""Pyroquilon"", ""increases_efficacy_of"", ""fluindione""], [""Pyroquilon"", ""increases_efficacy_of"", ""clorindione""], [""Pyroquilon"", ""increases_efficacy_of"", ""diphenadione""], [""Radicicol"", ""increases_efficacy_of"", ""phenindione""], [""Radicicol"", ""targets"", ""mitogen-activated_protein_kinase_kinase_kinase_5""], [""Radicicol"", ""targets"", ""serine/threonine-protein_kinase_3""], [""Fluindione"", ""increases_efficacy_of"", ""radicicol""], [""Fluindione"", ""increases_efficacy_of"", ""nikkomycin_Z""], [""Fluindione"", ""decreases_efficacy_of"", ""ulipristal""], [""Diphenadione"", ""increases_efficacy_of"", ""quinine""], [""Diphenadione"", ""increases_efficacy_of"", ""teriflunomide""], [""Diphenadione"", ""decreases_efficacy_of"", ""azathioprine""], [""Nikkomycin_Z"", ""increases_efficacy_of"", ""4-hydroxycoumarin""], [""Nikkomycin_Z"", ""increases_efficacy_of"", ""ethyl_biscoumacetate""], [""Nikkomycin_Z"", ""targets"", ""Homo_sapiens""], [""Clorindione"", ""decreases_efficacy_of"", ""ubidecarenone""], [""Clorindione"", ""decreases_efficacy_of"", ""protein_S_human""], [""Clorindione"", ""increases_efficacy_of"", ""basifungin""]]",1.0,0.9999998807907104,1.0,1.0,1.0,0.9985780053023048,0.9987202047720743,0.998862404241844,0.9990046037116134,0.9991468031813828,0.9992890026511524,0.999431202120922,0.9995734015906914,0.999715601060461,0.9998578005302304,1.0,0.9865295161825304,0.992494890022076,1,edge_deletion
63,"Natalizumab has the ability to increase the effect of myelosuppression. Conversely, natalizumab is known to decrease the efficacy of Pev3a and the typhoid vaccine. Pev3a, in turn, decreases the efficacy of etoposide, cortisone, and deucravacitinib. Furthermore, the typhoid vaccine decreases the efficacy of amphotericin B, palbociclib, and hygromycin B. Lastly, amphotericin B reduces the efficacy of tiagabine, zaleplon, and delorazepam.","The drug Natalizumab decreases the efficacy of Pev3a, Typhoid vaccine, and causes a decrease in the effect of myelosuppression. Pev3a, in turn, decreases the efficacy of Etoposide, Cortisone, and Deucravacitinib. Typhoid vaccine decreases the efficacy of Amphotericin B, Palbociclib, and Hygromycin B. Amphotericin B decreases the efficacy of Tiagabine, Zaleplon, and Delorazepam.","[[""Natalizumab"", ""increases_effect_of"", ""myelosuppression""], [""Natalizumab"", ""decreases_efficacy_of"", ""Pev3a""], [""Natalizumab"", ""decreases_efficacy_of"", ""typhoid_vaccine""], [""Pev3a"", ""decreases_efficacy_of"", ""etoposide""], [""Pev3a"", ""decreases_efficacy_of"", ""cortisone""], [""Pev3a"", ""decreases_efficacy_of"", ""deucravacitinib""], [""typhoid_vaccine"", ""decreases_efficacy_of"", ""amphotericin_B""], [""typhoid_vaccine"", ""decreases_efficacy_of"", ""palbociclib""], [""typhoid_vaccine"", ""decreases_efficacy_of"", ""hygromycin_B""], [""amphotericin_B"", ""reduces_efficacy_of"", ""tiagabine""], [""amphotericin_B"", ""reduces_efficacy_of"", ""zaleplon""], [""amphotericin_B"", ""reduces_efficacy_of"", ""delorazepam""]]","[[""Natalizumab"", ""decreases_efficacy_of"", ""Pev3a""], [""Natalizumab"", ""decreases_efficacy_of"", ""Typhoid_vaccine""], [""Natalizumab"", ""decreases_effect_of"", ""myelosuppression""], [""Pev3a"", ""decreases_efficacy_of"", ""Etoposide""], [""Pev3a"", ""decreases_efficacy_of"", ""Cortisone""], [""Pev3a"", ""decreases_efficacy_of"", ""Deucravacitinib""], [""Typhoid_vaccine"", ""decreases_efficacy_of"", ""Amphotericin_B""], [""Typhoid_vaccine"", ""decreases_efficacy_of"", ""Palbociclib""], [""Typhoid_vaccine"", ""decreases_efficacy_of"", ""Hygromycin_B""], [""Amphotericin_B"", ""decreases_efficacy_of"", ""Tiagabine""], [""Amphotericin_B"", ""decreases_efficacy_of"", ""Zaleplon""], [""Amphotericin_B"", ""decreases_efficacy_of"", ""Delorazepam""]]",1.0,1.0,0.9999999403953552,1.0,1.0,0.9984311582761292,0.9985880424485164,0.9987449266209034,0.9989018107932904,0.9990586949656776,0.9992155791380646,0.9993724633104516,0.9995293474828388,0.999686231655226,0.9998431158276128,1.0,0.9932732998384936,0.9932931687875052,0,edge_replacement
64,"The drug pomalidomide increases the activity of the myelosuppressive activities and enhances the effect on infection. Furthermore, interferon alfa-n3 boosts the neutropenic activities but reduces the efficacy of hepatitis b vaccine (recombinant) and allogeneic processed thymus tissue. Additionally, allogeneic processed thymus tissue diminishes the efficacy of belimumab, pomalidomide, and pirarubicin. Lastly, hepatitis b vaccine (recombinant) weakens the efficacy of raltitrexed, triptolide, and inolimomab, while pirarubicin hampers the efficacy of modified vaccinia ankara.","The drug pomalidomide increases the effect of infection and decreases the activity of the myelosuppressive activities. Interferon alfa-n3 increases the activity of the neutropenic activities but decreases the efficacy of hepatitis b vaccine (recombinant), as well as allogeneic processed thymus tissue. Allogeneic processed thymus tissue decreases the efficacy of belimumab, pomalidomide, and pirarubicin. Additionally, hepatitis b vaccine (recombinant) decreases the efficacy of raltitrexed, triptolide, and inolimomab. Lastly, pirarubicin decreases the efficacy of modified vaccinia ankara.","[[""pomalidomide"", ""increases"", ""myelosuppressive_activities""], [""pomalidomide"", ""enhances"", ""infection""], [""interferon_alfa-n3"", ""boosts"", ""neutropenic_activities""], [""interferon_alfa-n3"", ""reduces"", ""hepatitis_b_vaccine_(recombinant)""], [""interferon_alfa-n3"", ""reduces"", ""allogeneic_processed_thymus_tissue""], [""allogeneic_processed_thymus_tissue"", ""diminishes"", ""belimumab""], [""allogeneic_processed_thymus_tissue"", ""diminishes"", ""pomalidomide""], [""allogeneic_processed_thymus_tissue"", ""diminishes"", ""pirarubicin""], [""hepatitis_b_vaccine_(recombinant)"", ""weakens"", ""raltitrexed""], [""hepatitis_b_vaccine_(recombinant)"", ""weakens"", ""triptolide""], [""hepatitis_b_vaccine_(recombinant)"", ""weakens"", ""inolimomab""], [""pirarubicin"", ""hampers"", ""modified_vaccinia_ankara""]]","[[""pomalidomide"", ""increases"", ""infection""], [""pomalidomide"", ""decreases"", ""myelosuppressive_activities""], [""interferon_alfa-n3"", ""increases"", ""neutropenic_activities""], [""interferon_alfa-n3"", ""decreases"", ""hepatitis_b_vaccine_(recombinant)""], [""interferon_alfa-n3"", ""decreases"", ""allogeneic_processed_thymus_tissue""], [""allogeneic_processed_thymus_tissue"", ""decreases"", ""belimumab""], [""allogeneic_processed_thymus_tissue"", ""decreases"", ""pomalidomide""], [""allogeneic_processed_thymus_tissue"", ""decreases"", ""pirarubicin""], [""hepatitis_b_vaccine_(recombinant)"", ""decreases"", ""raltitrexed""], [""hepatitis_b_vaccine_(recombinant)"", ""decreases"", ""triptolide""], [""hepatitis_b_vaccine_(recombinant)"", ""decreases"", ""inolimomab""], [""pirarubicin"", ""decreases"", ""modified_vaccinia_ankara""]]",1.0,1.0,1.0,1.0,1.0,0.963157728050254,0.9668419552452286,0.9705261824402032,0.9742104096351778,0.9778946368301524,0.9815788640251272,0.9852630912201016,0.9889473184150762,0.9926315456100508,0.9963157728050254,1.0,0.9205353334381154,0.8923369890869827,0,edge_replacement
65,"Cyproheptadine increases the effect of bradycardia, but decreases the efficacy of sodium phosphate and macimorelin. On the other hand, indalpine has an effect on serotonin syndrome and increases the effect of neuropsychiatric effects, while decreasing the efficacy of cyproheptadine.","The drug cyproheptadine decreases the efficacy of both sodium phosphate and macimorelin, and also reduces the effect of bradycardia. On the other hand, indalpine has the effect of causing serotonin syndrome, increases the effects of neuropsychiatric effects, and decreases the efficacy of cyproheptadine.","[[""Cyproheptadine"", ""increases_effect_of"", ""bradycardia""], [""Cyproheptadine"", ""decreases_efficacy_of"", ""sodium_phosphate""], [""Cyproheptadine"", ""decreases_efficacy_of"", ""macimorelin""], [""Indalpine"", ""has_effect_on"", ""serotonin_syndrome""], [""Indalpine"", ""increases_effect_of"", ""neuropsychiatric_effects""], [""Indalpine"", ""decreases_efficacy_of"", ""cyproheptadine""]]","[[""Cyproheptadine"", ""decreases_efficacy_of"", ""sodium_phosphate""], [""Cyproheptadine"", ""decreases_efficacy_of"", ""macimorelin""], [""Cyproheptadine"", ""reduces_effect_of"", ""bradycardia""], [""Indalpine"", ""causes"", ""serotonin_syndrome""], [""Indalpine"", ""increases_effects_of"", ""neuropsychiatric_effects""], [""Indalpine"", ""decreases_efficacy_of"", ""cyproheptadine""]]",1.0,0.9999998807907104,1.0,1.0,1.0,0.9959662724822492,0.9963696452340242,0.9967730179857994,0.9971763907375744,0.9975797634893496,0.9979831362411246,0.9983865089928996,0.9987898817446748,0.9991932544964498,0.999596627248225,1.0,0.9705658228547716,0.9708487196410232,0,edge_replacement
66,"Nikkomycin Z increases the efficacy of ethyl biscoumacetate, tioclomarol, and (s)-warfarin. (s)-Warfarin in turn increases the efficacy of pentamidine but decreases the efficacy of catridecacog. It also increases the efficacy of pipemidic acid. Emicizumab decreases the efficacy of ticagrelor. Ethyl biscoumacetate increases the efficacy of tolbutamide and paclitaxel but decreases the efficacy of emicizumab. Tioclomarol increases the efficacy of isavuconazonium but decreases the efficacy of fibrinogen human and susoctocog alfa.","Nikkomycin Z is known to increase the efficacy of Ethyl Biscoumacetate, Tioclomarol, and (S)-Warfarin. (S)-Warfarin, in turn, increases the efficacy of Pentamidine but decreases the efficacy of Catridecacog. Additionally, (S)-Warfarin also increases the efficacy of Pipemidic Acid. Emicizumab has been shown to decrease the efficacy of Ticagrelor. Ethyl Biscoumacetate increases the efficacy of Tolbutamide and Paclitaxel but decreases the efficacy of Emicizumab. Tioclomarol increases the efficacy of Isavuconazonium but decreases the efficacy of Fibrinogen Human and Susoctocog Alfa.","[[""Nikkomycin_Z"", ""increases_efficacy_of"", ""ethyl_biscoumacetate""], [""Nikkomycin_Z"", ""increases_efficacy_of"", ""(s)-warfarin""], [""Nikkomycin_Z"", ""increases_efficacy_of"", ""tioclomarol""], [""(s)-warfarin"", ""increases_efficacy_of"", ""pentamidine""], [""(s)-warfarin"", ""decreases_efficacy_of"", ""catridecacog""], [""(s)-warfarin"", ""increases_efficacy_of"", ""pipemidic_acid""], [""Emicizumab"", ""decreases_efficacy_of"", ""ticagrelor""], [""ethyl_biscoumacetate"", ""increases_efficacy_of"", ""tolbutamide""], [""ethyl_biscoumacetate"", ""increases_efficacy_of"", ""paclitaxel""], [""ethyl_biscoumacetate"", ""decreases_efficacy_of"", ""emicizumab""], [""tioclomarol"", ""increases_efficacy_of"", ""isavuconazonium""], [""tioclomarol"", ""decreases_efficacy_of"", ""fibrinogen_human""], [""tioclomarol"", ""decreases_efficacy_of"", ""suscotocog_alfa""]]","[[""Nikkomycin_Z"", ""increases_efficacy_of"", ""Ethyl_Biscoumacetate""], [""Nikkomycin_Z"", ""increases_efficacy_of"", ""(S)-Warfarin""], [""Nikkomycin_Z"", ""increases_efficacy_of"", ""Tioclomarol""], [""(S)-Warfarin"", ""increases_efficacy_of"", ""Pentamidine""], [""(S)-Warfarin"", ""decreases_efficacy_of"", ""Catridecacog""], [""(S)-Warfarin"", ""increases_efficacy_of"", ""Pipemidic_Acid""], [""Emicizumab"", ""decreases_efficacy_of"", ""Ticagrelor""], [""Ethyl_Biscoumacetate"", ""increases_efficacy_of"", ""Tolbutamide""], [""Ethyl_Biscoumacetate"", ""increases_efficacy_of"", ""Paclitaxel""], [""Ethyl_Biscoumacetate"", ""decreases_efficacy_of"", ""Emicizumab""], [""Tioclomarol"", ""increases_efficacy_of"", ""Isavuconazonium""], [""Tioclomarol"", ""decreases_efficacy_of"", ""Fibrinogen_Human""], [""Tioclomarol"", ""decreases_efficacy_of"", ""Suscotocog_Alfa""]]",1.0,0.927509069442749,0.976364016532898,1.0,1.0,0.999999900128866,0.9999999101159792,0.9999999201030928,0.999999930090206,0.9999999400773196,0.999999950064433,0.9999999600515465,0.9999999700386598,0.9999999800257732,0.9999999900128866,1.0,0.9999999704269243,0.830140596099294,1,edge_deletion
67,"Oxyphenisatin acetate decreases the efficacy of olanzapine, carfentanil, and tetrandrine. Pregabalin increases the efficacy of pizotifen but has side effects including deafness and proctalgia. Heptabarbital both increases the efficacy of pregabalin and decreases the efficacy of dehydrocholic acid and oxyphenisatin acetate. Tetrandrine targets nci-h522. Olanzapine decreases the efficacy of formoterol and has side effects such as faecalith and increased blood creatine phosphokinase. Dehydrocholic acid decreases the efficacy of talbutal and mepenzolate.","Oxyphenisatin acetate decreases the efficacy of olanzapine, carfentanil, and tetrandrine. Pregabalin increases the efficacy of pizotifen but has side effects such as deafness and proctalgia. Heptabarbital both increases the efficacy of pregabalin and decreases the efficacy of dehydrocholic acid and oxyphenisatin acetate. Tetrandrine targets nci-h522. Olanzapine reduces the efficacy of formoterol and has side effects like faecalith and increased blood creatine phosphokinase. Dehydrocholic acid decreases the efficacy of talbutal and mepenzolate.","[[""Oxyphenisatin_acetate"", ""decreases_efficacy_of"", ""Olanzapine""], [""Oxyphenisatin_acetate"", ""decreases_efficacy_of"", ""Carfentanil""], [""Oxyphenisatin_acetate"", ""decreases_efficacy_of"", ""Tetrandrine""], [""Pregabalin"", ""increases_efficacy_of"", ""Pizotifen""], [""Pregabalin"", ""has_side_effect"", ""Deafness""], [""Pregabalin"", ""has_side_effect"", ""Proctalgia""], [""Heptabarbital"", ""increases_efficacy_of"", ""Pregabalin""], [""Heptabarbital"", ""decreases_efficacy_of"", ""Dehydrocholic_acid""], [""Heptabarbital"", ""decreases_efficacy_of"", ""Oxyphenisatin_acetate""], [""Tetrandrine"", ""targets"", ""Nci-h522""], [""Olanzapine"", ""decreases_efficacy_of"", ""Formoterol""], [""Olanzapine"", ""has_side_effect"", ""Faecalith""], [""Olanzapine"", ""has_side_effect"", ""Increased_blood_creatine_phosphokinase""], [""Dehydrocholic_acid"", ""decreases_efficacy_of"", ""Talbutal""], [""Dehydrocholic_acid"", ""decreases_efficacy_of"", ""Mepenzolate""]]","[[""Oxyphenisatin_acetate"", ""decreases_efficacy_of"", ""Olanzapine""], [""Oxyphenisatin_acetate"", ""decreases_efficacy_of"", ""Carfentanil""], [""Oxyphenisatin_acetate"", ""decreases_efficacy_of"", ""Tetrandrine""], [""Pregabalin"", ""increases_efficacy_of"", ""Pizotifen""], [""Pregabalin"", ""has_side_effect"", ""Deafness""], [""Pregabalin"", ""has_side_effect"", ""Proctalgia""], [""Heptabarbital"", ""increases_efficacy_of"", ""Pregabalin""], [""Heptabarbital"", ""decreases_efficacy_of"", ""Dehydrocholic_acid""], [""Heptabarbital"", ""decreases_efficacy_of"", ""Oxyphenisatin_acetate""], [""Tetrandrine"", ""targets"", ""Nci-h522""], [""Olanzapine"", ""reduces_efficacy_of"", ""Formoterol""], [""Olanzapine"", ""has_side_effect"", ""Faecalith""], [""Olanzapine"", ""has_side_effect"", ""Increased_blood_creatine_phosphokinase""], [""Dehydrocholic_acid"", ""decreases_efficacy_of"", ""Talbutal""], [""Dehydrocholic_acid"", ""decreases_efficacy_of"", ""Mepenzolate""]]68",,,,,,,,,,,,,,,,,,,1,node_replacement
69,"Retinitis pigmentosa is associated with the phenotypes of constriction of peripheral visual field, hyperreflexia, and type II diabetes mellitus. DHDDS is known to cause conditions such as retinitis pigmentosa 59, non-specific early-onset epileptic encephalopathy, and retinitis pigmentosa. Retinitis pigmentosa 59 presents phenotypes including axial hypotonia, intrauterine growth retardation, and cryptorchidism. Non-specific early-onset epileptic encephalopathy is characterized by phenotypes like involuntary movements, brain atrophy, and status epilepticus.","The condition retinitis pigmentosa is associated with several phenotypes including constriction of peripheral visual field, hyperreflexia, and type II diabetes mellitus. Additionally, the gene DHDDS is known to cause non-specific early-onset epileptic encephalopathy. On the other hand, the specific subtype retinitis pigmentosa 59 presents phenotypes such as axial hypotonia, intrauterine growth retardation, and cryptorchidism. The condition non-specific early-onset epileptic encephalopathy is characterized by phenotypes like involuntary movements, brain atrophy, and status epilepticus.","[[""Retinitis_pigmentosa"", ""associated_with"", ""constriction_of_peripheral_visual_field""], [""Retinitis_pigmentosa"", ""associated_with"", ""hyperreflexia""], [""Retinitis_pigmentosa"", ""associated_with"", ""type_II_diabetes_mellitus""], [""DHDDS"", ""causes"", ""Retinitis_pigmentosa_59""], [""DHDDS"", ""causes"", ""non-specific_early-onset_epileptic_encephalopathy""], [""DHDDS"", ""causes"", ""Retinitis_pigmentosa""], [""Retinitis_pigmentosa_59"", ""presents"", ""axial_hypotonia""], [""Retinitis_pigmentosa_59"", ""presents"", ""intrauterine_growth_retardation""], [""Retinitis_pigmentosa_59"", ""presents"", ""cryptorchidism""], [""Non-specific_early-onset_epileptic_encephalopathy"", ""characterized_by"", ""involuntary_movements""], [""Non-specific_early-onset_epileptic_encephalopathy"", ""characterized_by"", ""brain_atrophy""], [""Non-specific_early-onset_epileptic_encephalopathy"", ""characterized_by"", ""status_epilepticus""]]","[[""Retinitis_pigmentosa"", ""associated_with"", ""constriction_of_peripheral_visual_field""], [""Retinitis_pigmentosa"", ""associated_with"", ""hyperreflexia""], [""Retinitis_pigmentosa"", ""associated_with"", ""type_II_diabetes_mellitus""], [""DHDDS"", ""causes"", ""non-specific_early-onset_epileptic_encephalopathy""], [""Retinitis_pigmentosa_59"", ""presents"", ""axial_hypotonia""], [""Retinitis_pigmentosa_59"", ""presents"", ""intrauterine_growth_retardation""], [""Retinitis_pigmentosa_59"", ""presents"", ""cryptorchidism""], [""Non-specific_early-onset_epileptic_encephalopathy"", ""characterized_by"", ""involuntary_movements""], [""Non-specific_early-onset_epileptic_encephalopathy"", ""characterized_by"", ""brain_atrophy""], [""Non-specific_early-onset_epileptic_encephalopathy"", ""characterized_by"", ""status_epilepticus""]]",0.9242424242424242,0.9999999403953552,1.0,0.8717948717948718,0.8717948717948718,0.9876554847198924,0.9760694234273904,0.9644833621348884,0.9528973008423862,0.9413112395498842,0.929725178257382,0.91813911696488,0.906553055672378,0.8949669943798759,0.8833809330873739,0.8717948717948718,0.9871010293736676,0.9379609573886858,0,edge_deletion
70,"The drug obinutuzumab increases the activity of the myelosuppressive activities. 
Obinutuzumab decreases the efficacy of pev3a and typhoid vi polysaccharide vaccine. 
Typhoid vi polysaccharide vaccine decreases the efficacy of pegaspargase, triamcinolone, and hypericin.","Obinutuzumab increases the activity of the myelosuppressive activities. Additionally, obinutuzumab decreases the efficacy of pev3a, typhoid vi polysaccharide vaccine. The typhoid vi polysaccharide vaccine, in turn, decreases the efficacy of pegaspargase, triamcinolone, and hypericin.","[[""Obinutuzumab"", ""increases"", ""myelosuppressive_activities""], [""Obinutuzumab"", ""decreases"", ""pev3a""], [""Obinutuzumab"", ""decreases"", ""typhoid_vi_polysaccharide_vaccine""], [""Typhoid_vi_polysaccharide_vaccine"", ""decreases"", ""pegaspargase""], [""Typhoid_vi_polysaccharide_vaccine"", ""decreases"", ""triamcinolone""], [""Typhoid_vi_polysaccharide_vaccine"", ""decreases"", ""hypericin""]]","[[""Obinutuzumab"", ""increases"", ""myelosuppressive_activities""], [""Obinutuzumab"", ""decreases"", ""pev3a""], [""Obinutuzumab"", ""decreases"", ""typhoid_vi_polysaccharide_vaccine""], [""Typhoid_vi_polysaccharide_vaccine"", ""decreases"", ""pegaspargase""], [""Typhoid_vi_polysaccharide_vaccine"", ""decreases"", ""triamcinolone""], [""Typhoid_vi_polysaccharide_vaccine"", ""decreases"", ""hypericin""]]",1.0,1.0,1.0,1.0,1.0,0.9999999982523076,0.9999999984270768,0.9999999986018462,0.9999999987766152,0.9999999989513846,0.9999999991261538,0.999999999300923,0.9999999994756924,0.9999999996504616,0.9999999998252308,1.0,1.0,0.999999989467846,1,edge_replacement
71,"The gene PLG is involved in several pathways including Signaling by PDGF and Dissolution of Fibrin Clot. PLG also causes a condition known as hypoplasminogenemia. 

Congenital prothrombin deficiency leads to phenotypes such as post-partum hemorrhage and microscopic hematuria. Additionally, F2 causes congenital prothrombin deficiency and participates in G alpha (q) signalling events and Platelet Aggregation (Plug Formation). 

Furthermore, nostocyclopeptide a1 targets various proteins including lovo, plasminogen, and prothrombin. Moreover, plasminogen is a gene product of PLG while prothrombin is a gene product of F2.",The gene PLG causes hypoplasminogenemia and acts within the Dissolution of Fibrin Clot pathway. Congenital prothrombin deficiency has a phenotype of post-partum hemorrhage. The gene F2 causes congenital prothrombin deficiency and acts within the Platelet Aggregation (Plug Formation) pathway. The compound nostocyclopeptide a1 has a target of lovo.,"[[""PLG"", ""involved_in"", ""Signaling_by_PDGF""], [""PLG"", ""involved_in"", ""Dissolution_of_Fibrin_Clot""], [""PLG"", ""causes"", ""hypoplasminogenemia""], [""Congenital_prothrombin_deficiency"", ""leads_to"", ""post-partum_hemorrhage""], [""Congenital_prothrombin_deficiency"", ""leads_to"", ""microscopic_hematuria""], [""F2"", ""causes"", ""congenital_prothrombin_deficiency""], [""F2"", ""participates_in"", ""G_alpha_(q)_signalling_events""], [""F2"", ""participates_in"", ""Platelet_Aggregation_(Plug_Formation)""], [""nostocyclopeptide_a1"", ""targets"", ""lovo""], [""nostocyclopeptide_a1"", ""targets"", ""plasminogen""], [""nostocyclopeptide_a1"", ""targets"", ""prothrombin""], [""plasminogen"", ""gene_product_of"", ""PLG""], [""prothrombin"", ""gene_product_of"", ""F2""]]","[[""PLG"", ""causes"", ""hypoplasminogenemia""], [""PLG"", ""acts_within"", ""Dissolution_of_Fibrin_Clot""], [""Congenital_prothrombin_deficiency"", ""has_phenotype"", ""post-partum_hemorrhage""], [""F2"", ""causes"", ""congenital_prothrombin_deficiency""], [""F2"", ""acts_within"", ""Platelet_Aggregation_(Plug_Formation)""], [""nostocyclopeptide_a1"", ""has_target"", ""lovo""]]",0.5238835186571609,0.7852272391319275,0.8733130097389221,0.5048267902790239,0.5135963620232805,0.9640953144888356,0.91904541924228,0.8739955239957244,0.8289456287491689,0.7838957335026134,0.738845838256058,0.6937959430095024,0.648746047762947,0.6036961525163915,0.558646257269836,0.5135963620232805,0.8471187304529306,0.8910672171071454,0,node_removal
72,"The drug thiotepa decreases the efficacy of methantheline, methotrimeprazine, and hydrocortisone acetate. Methantheline targets the muscarinic acetylcholine receptor m2 and also decreases the efficacy of dexmethylphenidate and sulfate ion. Hydrocortisone acetate decreases the efficacy of mefloquine, sulpiride, and methanesulfonyl fluoride. Methotrimeprazine decreases the efficacy of tropatepine, taspoglutide, and plantago ovata seed.","Thiotepa decreases the efficacy of methantheline, methotrimeprazine, and hydrocortisone acetate. Methantheline targets the muscarinic acetylcholine receptor m2 and also decreases the efficacy of dexmethylphenidate. Hydrocortisone acetate decreases the efficacy of sulpiride and methanesulfonyl fluoride. Methotrimeprazine decreases the efficacy of taspoglutide.","[[""thiotepa"", ""decreases_efficacy_of"", ""methantheline""], [""thiotepa"", ""decreases_efficacy_of"", ""methotrimeprazine""], [""thiotepa"", ""decreases_efficacy_of"", ""hydrocortisone_acetate""], [""methantheline"", ""targets"", ""muscarinic_acetylcholine_receptor_m2""], [""methantheline"", ""decreases_efficacy_of"", ""dexmethylphenidate""], [""methantheline"", ""decreases_efficacy_of"", ""sulfate_ion""], [""hydrocortisone_acetate"", ""decreases_efficacy_of"", ""mefloquine""], [""hydrocortisone_acetate"", ""decreases_efficacy_of"", ""sulpiride""], [""hydrocortisone_acetate"", ""decreases_efficacy_of"", ""methanesulfonyl_fluoride""], [""methotrimeprazine"", ""decreases_efficacy_of"", ""tropatepine""], [""methotrimeprazine"", ""decreases_efficacy_of"", ""taspoglutide""], [""methotrimeprazine"", ""decreases_efficacy_of"", ""plantago_ovata_seed""]]","[[""thiotepa"", ""decreases_efficacy_of"", ""methantheline""], [""thiotepa"", ""decreases_efficacy_of"", ""methotrimeprazine""], [""thiotepa"", ""decreases_efficacy_of"", ""hydrocortisone_acetate""], [""methantheline"", ""targets"", ""muscarinic_acetylcholine_receptor_m2""], [""methantheline"", ""decreases_efficacy_of"", ""dexmethylphenidate""], [""hydrocortisone_acetate"", ""decreases_efficacy_of"", ""sulpiride""], [""hydrocortisone_acetate"", ""decreases_efficacy_of"", ""methanesulfonyl_fluoride""], [""methotrimeprazine"", ""decreases_efficacy_of"", ""taspoglutide""]]",0.5783517448238059,0.5101076364517212,0.8386285305023193,0.539291857441195,0.539291857441195,0.9854977567636118,0.9408771668313702,0.8962565768991286,0.8516359869668867,0.8070153970346451,0.7623948071024034,0.7177742171701618,0.67315362723792,0.6285330373056783,0.5839124473734367,0.539291857441195,0.9419669858571124,0.9851118145828228,0,node_removal
73,"Salicylamide increases the activity of the hypertensive activities and has an effect on hypertension. It also decreases the efficacy of cyclopenthiazide. Imidazole salicylate decreases the efficacy of trimethaphan, indoramin, and epitizide. Zaltoprofen decreases the efficacy of luprostiol and vincamine. Candoxatril decreases the efficacy of zaltoprofen, salicylamide, and imidazole salicylate.","Salicylamide has an effect on hypertension by decreasing the activity of the hypertensive activities. Additionally, it reduces the efficacy of cyclopenthiazide. Imidazole salicylate decreases the efficacy of trimethaphan, indoramin, and epitizide. Zaltoprofen decreases the efficacy of luprostiol and vincamine. Candoxatril decreases the efficacy of zaltoprofen, salicylamide, and imidazole salicylate.","[[""Salicylamide"", ""increases"", ""hypertensive_activities""], [""Salicylamide"", ""has_an_effect_on"", ""hypertension""], [""Salicylamide"", ""decreases"", ""efficacy_of_cyclopenthiazide""], [""Imidazole_salicylate"", ""decreases"", ""efficacy_of_trimethaphan""], [""Imidazole_salicylate"", ""decreases"", ""efficacy_of_indoramin""], [""Imidazole_salicylate"", ""decreases"", ""efficacy_of_epitizide""], [""Zaltoprofen"", ""decreases"", ""efficacy_of_luprostiol""], [""Zaltoprofen"", ""decreases"", ""efficacy_of_vincamine""], [""Candoxatril"", ""decreases"", ""efficacy_of_zaltoprofen""], [""Candoxatril"", ""decreases"", ""efficacy_of_salicylamide""], [""Candoxatril"", ""decreases"", ""efficacy_of_imidazole_salicylate""]]","[[""Salicylamide"", ""decreases"", ""hypertensive_activities""], [""Salicylamide"", ""has_an_effect_on"", ""hypertension""], [""Salicylamide"", ""reduces"", ""efficacy_of_cyclopenthiazide""], [""Imidazole_salicylate"", ""decreases"", ""efficacy_of_trimethaphan""], [""Imidazole_salicylate"", ""decreases"", ""efficacy_of_indoramin""], [""Imidazole_salicylate"", ""decreases"", ""efficacy_of_epitizide""], [""Zaltoprofen"", ""decreases"", ""efficacy_of_luprostiol""], [""Zaltoprofen"", ""decreases"", ""efficacy_of_vincamine""], [""Candoxatril"", ""decreases"", ""efficacy_of_zaltoprofen""], [""Candoxatril"", ""decreases"", ""efficacy_of_salicylamide""], [""Candoxatril"", ""decreases"", ""efficacy_of_imidazole_salicylate""]]",1.0,1.0,1.0,1.0,1.0,0.9994136298532866,0.999472266867958,0.9995309038826294,0.9995895408973006,0.999648177911972,0.9997068149266432,0.9997654519413146,0.999824088955986,0.9998827259706572,0.9999413629853288,1.0,0.992237119966392,0.9972537212592782,0,edge_replacement
74,"Cloranolol increases the efficacy of acetohexamide and gastric inhibitory polypeptide, while decreasing the efficacy of rimiterol. Levonordefrin increases the efficacy of naphazoline, but decreases the efficacy of trimazosin and cloranolol. Naphazoline has a target in the alpha-1a adrenergic receptor and has opposite effects on zuclopenthixol and theodrenaline, where it decreases the efficacy of zuclopenthixol but increases the efficacy of theodrenaline. Additionally, trimazosin decreases the efficacy of abediterol.","The drug cloranolol increases the efficacy of acetohexamide and gastric inhibitory polypeptide, but decreases the efficacy of rimiterol. Naphazoline targets the alpha-1a adrenergic receptor and can increase the efficacy of theodrenaline while decreasing the efficacy of zuclopenthixol. Levonordefrin increases the efficacy of naphazoline, but decreases the efficacy of trimazosin and cloranolol. Trimazosin, in turn, decreases the efficacy of abediterol.","[[""Cloranolol"", ""increases_efficacy_of"", ""Acetohexamide""], [""Cloranolol"", ""increases_efficacy_of"", ""Gastric_Inhibitory_Polypeptide""], [""Cloranolol"", ""decreases_efficacy_of"", ""Rimiterol""], [""Levonordefrin"", ""increases_efficacy_of"", ""Naphazoline""], [""Levonordefrin"", ""decreases_efficacy_of"", ""Trimazosin""], [""Levonordefrin"", ""decreases_efficacy_of"", ""Cloranolol""], [""Naphazoline"", ""has_target_in"", ""Alpha-1a_Adrrenergic_Receptor""], [""Naphazoline"", ""decreases_efficacy_of"", ""Zuclopenthixol""], [""Naphazoline"", ""increases_efficacy_of"", ""Theodrenaline""], [""Trimazosin"", ""decreases_efficacy_of"", ""Abediterol""]]","[[""Cloranolol"", ""increases_efficacy_of"", ""Acetohexamide""], [""Cloranolol"", ""increases_efficacy_of"", ""Gastric_Inhibitory_Polypeptide""], [""Cloranolol"", ""decreases_efficacy_of"", ""Rimiterol""], [""Naphazoline"", ""has_target_in"", ""Alpha-1a_Adrrenergic_Receptor""], [""Naphazoline"", ""increases_efficacy_of"", ""Theodrenaline""], [""Naphazoline"", ""decreases_efficacy_of"", ""Zuclopenthixol""], [""Levonordefrin"", ""increases_efficacy_of"", ""Naphazoline""], [""Levonordefrin"", ""decreases_efficacy_of"", ""Trimazosin""], [""Levonordefrin"", ""decreases_efficacy_of"", ""Cloranolol""], [""Trimazosin"", ""decreases_efficacy_of"", ""Abediterol""]]",1.0,1.0,1.0,0.7878787878787878,1.0,0.9999999982275768,0.999999998404819,0.9999999985820612,0.9999999987593036,0.999999998936546,0.9999999991137885,0.9999999992910308,0.999999999468273,0.9999999996455152,0.9999999998227576,1.0,1.0,0.9999999884486644,1,node_removal
75,"Ferulic acid decreases the efficacy of cefpirome and has a target of ccrf-cem. Idraparinux decreases the efficacy of cefradine, cefaloridine, and rusalatide acetate. Cefaloridine decreases the efficacy of urokinase, pentosan polysulfate, and parnaparin. Rusalatide acetate decreases the efficacy of dalteparin and gabexate. Cefradine decreases the efficacy of enoxaparin, cangrelor, and ferulic acid. Cangrelor decreases the efficacy of cefdinir and norelgestromin.","Ferulic acid decreases the efficacy of cefpirome and has a target known as CCRF-CEM. Idraparinux decreases the efficacy of cefradine, cefaloridine, and rusalatide acetate. Cefaloridine decreases the efficacy of urokinase, pentosan polysulfate, and parnaparin. Rusalatide acetate decreases the efficacy of dalteparin and gabexate. Cefradine decreases the efficacy of enoxaparin, cangrelor, and ferulic acid. Cangrelor decreases the efficacy of cefdinir and norelgestromin.","[[""Ferulic_acid"", ""decreases_efficacy_of"", ""cefpirome""], [""Ferulic_acid"", ""has_target"", ""ccrf-cem""], [""Idraparinux"", ""decreases_efficacy_of"", ""cefradine""], [""Idraparinux"", ""decreases_efficacy_of"", ""cefaloridine""], [""Idraparinux"", ""decreases_efficacy_of"", ""rusalatide_acetate""], [""Cefaloridine"", ""decreases_efficacy_of"", ""urokinase""], [""Cefaloridine"", ""decreases_efficacy_of"", ""pentosan_polysulfate""], [""Cefaloridine"", ""decreases_efficacy_of"", ""parnaparin""], [""Rusalatide_acetate"", ""decreases_efficacy_of"", ""dalteparin""], [""Rusalatide_acetate"", ""decreases_efficacy_of"", ""gabexate""], [""Cefradine"", ""decreases_efficacy_of"", ""enoxaparin""], [""Cefradine"", ""decreases_efficacy_of"", ""cangrelor""], [""Cefradine"", ""decreases_efficacy_of"", ""ferulic_acid""], [""Cangrelor"", ""decreases_efficacy_of"", ""cefdinir""], [""Cangrelor"", ""decreases_efficacy_of"", ""norelgestromin""]]","[[""Ferulic_acid"", ""decreases_efficacy_of"", ""cefpirome""], [""Ferulic_acid"", ""has_target"", ""CCRF-CEM""], [""Idraparinux"", ""decreases_efficacy_of"", ""cefradine""], [""Idraparinux"", ""decreases_efficacy_of"", ""cefaloridine""], [""Idraparinux"", ""decreases_efficacy_of"", ""rusalatide_acetate""], [""Cefaloridine"", ""decreases_efficacy_of"", ""urokinase""], [""Cefaloridine"", ""decreases_efficacy_of"", ""pentosan_polysulfate""], [""Cefaloridine"", ""decreases_efficacy_of"", ""parnaparin""], [""Rusalatide_acetate"", ""decreases_efficacy_of"", ""dalteparin""], [""Rusalatide_acetate"", ""decreases_efficacy_of"", ""gabexate""], [""Cefradine"", ""decreases_efficacy_of"", ""enoxaparin""], [""Cefradine"", ""decreases_efficacy_of"", ""cangrelor""], [""Cefradine"", ""decreases_efficacy_of"", ""ferulic_acid""], [""Cangrelor"", ""decreases_efficacy_of"", ""cefdinir""], [""Cangrelor"", ""decreases_efficacy_of"", ""norelgestromin""]]",1.0,1.0,1.0,1.0,1.0,1.0,1.0,1.0,1.0,1.0,1.0,1.0,1.0,1.0,1.0,1.0,1.0,0.9999999899639982,1,edge_deletion
76,"The compound 9-deazaguanine decreases the activity of effectiveness. Additionally, it decreases the efficacy of adinazolam and delorazepam. Similarly, 7-deazaguanine reduces the efficacy of alprazolam, halazepam, and nordazepam. Moreover, cinazepam lowers the efficacy of dyphylline, 7-deazaguanine, and 9-deazaguanine.","The compound 9-deazaguanine decreases the activity of effectiveness. Additionally, 9-deazaguanine decreases the efficacy of adinazolam and delorazepam. Furthermore, 7-deazaguanine decreases the efficacy of alprazolam, halazepam, and nordazepam. Lastly, cinazepam decreases the efficacy of dyphylline, 7-deazaguanine, and 9-deazaguanine.","[[""9-deazaguanine"", ""decreases"", ""activity_of_effectiveness""], [""9-deazaguanine"", ""decreases"", ""efficacy_of_adinazolam""], [""9-deazaguanine"", ""decreases"", ""efficacy_of_delorazepam""], [""7-deazaguanine"", ""reduces"", ""efficacy_of_alprazolam""], [""7-deazaguanine"", ""reduces"", ""efficacy_of_halazepam""], [""7-deazaguanine"", ""reduces"", ""efficacy_of_nordazepam""], [""cinazepam"", ""lowers"", ""efficacy_of_dyphylline""], [""cinazepam"", ""lowers"", ""efficacy_of_7-deazaguanine""], [""cinazepam"", ""lowers"", ""efficacy_of_9-deazaguanine""]]","[[""9-deazaguanine"", ""decreases"", ""activity_of_effectiveness""], [""9-deazaguanine"", ""decreases"", ""efficacy_of_adinazolam""], [""9-deazaguanine"", ""decreases"", ""efficacy_of_delorazepam""], [""7-deazaguanine"", ""decreases"", ""efficacy_of_alprazolam""], [""7-deazaguanine"", ""decreases"", ""efficacy_of_halazepam""], [""7-deazaguanine"", ""decreases"", ""efficacy_of_nordazepam""], [""cinazepam"", ""decreases"", ""efficacy_of_dyphylline""], [""cinazepam"", ""decreases"", ""efficacy_of_7-deazaguanine""], [""cinazepam"", ""decreases"", ""efficacy_of_9-deazaguanine""]]",1.0,0.9999998807907104,1.0,1.0,1.0,0.9980641946402384,0.9982577751762144,0.9984513557121908,0.9986449362481667,0.998838516784143,0.9990320973201192,0.9992256778560952,0.9994192583920716,0.9996128389280476,0.9998064194640238,1.0,0.9814004917221674,0.9498924448422956,1,edge_replacement
77,"Allicin decreases the efficacy of atazanavir, somapacitan, and increases the efficacy of sulfameter. Atazanavir, in turn, decreases the efficacy of ipragliflozin and has side effects such as Myocarditis and Oedema peripheral. Sulfameter enhances the efficacy of amg-222, benfluorex, and tofogliflozin.","Allicin decreases the efficacy of atazanavir and somapacitan, while increasing the efficacy of sulfameter. Atazanavir, in turn, decreases the efficacy of ipragliflozin and has side effects such as myocarditis and peripheral oedema. Sulfameter increases the efficacy of amg-222, benfluorex, and tofogliflozin.",[],[],,,,,,,,,,,,,,,,,,,1,edge_deletion
78,"The drug INGN 225 decreases the efficacy of cyclosporine and inolimomab. The measles virus vaccine live attenuated also decreases the efficacy of raltitrexed, zidovudine, and baricitinib. Additionally, SRP 299 decreases the efficacy of pemetrexed, ciclesonide, and emapalumab. Furthermore, filgotinib decreases the efficacy of INGN 225, SRP 299, and the measles virus vaccine live attenuated.","The drug INGN 225 decreases the efficacy of cyclosporine and inolimomab. Additionally, the measles virus vaccine live attenuated decreases the efficacy of raltitrexed, zidovudine, and baricitinib. Moreover, SRP 299 reduces the efficacy of pemetrexed, ciclesonide, and emapalumab. Lastly, filgotinib decreases the efficacy of INGN 225.","[[""INGN_225"", ""decreases_efficacy_of"", ""cyclosporine""], [""INGN_225"", ""decreases_efficacy_of"", ""inolimomab""], [""measles_virus_vaccine_live_attenuated"", ""decreases_efficacy_of"", ""raltitrexed""], [""measles_virus_vaccine_live_attenuated"", ""decreases_efficacy_of"", ""zidovudine""], [""measles_virus_vaccine_live_attenuated"", ""decreases_efficacy_of"", ""baricitinib""], [""SRP_299"", ""decreases_efficacy_of"", ""pemetrexed""], [""SRP_299"", ""decreases_efficacy_of"", ""ciclesonide""], [""SRP_299"", ""decreases_efficacy_of"", ""emapalumab""], [""filgotinib"", ""decreases_efficacy_of"", ""INGN_225""], [""filgotinib"", ""decreases_efficacy_of"", ""SRP_299""], [""filgotinib"", ""decreases_efficacy_of"", ""measles_virus_vaccine_live_attenuated""]]","[[""INGN_225"", ""decreases_efficacy_of"", ""cyclosporine""], [""INGN_225"", ""decreases_efficacy_of"", ""inolimomab""], [""measles_virus_vaccine_live_attenuated"", ""decreases_efficacy_of"", ""raltitrexed""], [""measles_virus_vaccine_live_attenuated"", ""decreases_efficacy_of"", ""zidovudine""], [""measles_virus_vaccine_live_attenuated"", ""decreases_efficacy_of"", ""baricitinib""], [""SRP_299"", ""reduces_efficacy_of"", ""pemetrexed""], [""SRP_299"", ""reduces_efficacy_of"", ""ciclesonide""], [""SRP_299"", ""reduces_efficacy_of"", ""emapalumab""], [""filgotinib"", ""decreases_efficacy_of"", ""INGN_225""]]",0.8611111111111112,1.0,1.0,0.8611111111111112,0.8611111111111112,0.9856993118390848,0.9732404917662876,0.9607816716934902,0.9483228516206929,0.9358640315478954,0.923405211475098,0.9109463914023006,0.8984875713295033,0.8860287512567059,0.8735699311839085,0.8611111111111112,0.984465967800944,0.9757418492983232,0,edge_deletion
68,"Tositumomab increases the effect of methemoglobinemia while decreasing the efficacy of the rotavirus vaccine, typhoid vi polysaccharide vaccine. Clobetasol propionate increases the activity of the excretion rate. Typhoid vi polysaccharide vaccine decreases the efficacy of clobetasol propionate, sunitinib, and inebilizumab. Rotavirus vaccine decreases the efficacy of glatiramer, human interferon omega-1, and meprednisone.","Tositumomab increases the risk of methemoglobinemia and decreases the efficacy of rotavirus vaccine and typhoid VI polysaccharide vaccine. Clobetasol propionate increases the activity of the excretion rate. Typhoid VI polysaccharide vaccine decreases the efficacy of clobetasol propionate, sunitinib, and inebilizumab. Rotavirus vaccine decreases the efficacy of glatiramer, human interferon omega-1, and meprednisone.","[[""Tositumomab"", ""increases_effect_of"", ""methemoglobinemia""], [""Tositumomab"", ""decreases_efficacy_of"", ""rotavirus_vaccine""], [""Tositumomab"", ""decreases_efficacy_of"", ""typhoid_vi_polysaccharide_vaccine""], [""Clobetasol_propionate"", ""increases_activity_of"", ""excretion_rate""], [""Typhoid_vi_polysaccharide_vaccine"", ""decreases_efficacy_of"", ""clobetasol_propionate""], [""Typhoid_vi_polysaccharide_vaccine"", ""decreases_efficacy_of"", ""sunitinib""], [""Typhoid_vi_polysaccharide_vaccine"", ""decreases_efficacy_of"", ""inebilizumab""], [""Rotavirus_vaccine"", ""decreases_efficacy_of"", ""glatiramer""], [""Rotavirus_vaccine"", ""decreases_efficacy_of"", ""human_interferon_omega-1""], [""Rotavirus_vaccine"", ""decreases_efficacy_of"", ""meprednisone""]]","[[""Tositumomab"", ""increases_risk_of"", ""methemoglobinemia""], [""Tositumomab"", ""decreases_efficacy_of"", ""rotavirus_vaccine""], [""Tositumomab"", ""decreases_efficacy_of"", ""typhoid_VI_polysaccharide_vaccine""], [""Clobetasol_propionate"", ""increases_activity_of"", ""excretion_rate""], [""Typhoid_VI_polysaccharide_vaccine"", ""decreases_efficacy_of"", ""clobetasol_propionate""], [""Typhoid_VI_polysaccharide_vaccine"", ""decreases_efficacy_of"", ""sunitinib""], [""Typhoid_VI_polysaccharide_vaccine"", ""decreases_efficacy_of"", ""inebilizumab""], [""Rotavirus_vaccine"", ""decreases_efficacy_of"", ""glatiramer""], [""Rotavirus_vaccine"", ""decreases_efficacy_of"", ""human_interferon_omega-1""], [""Rotavirus_vaccine"", ""decreases_efficacy_of"", ""meprednisone""]]",1.0,1.0,1.0,1.0,1.0,0.9990506061917994,0.9991455455726196,0.9992404849534396,0.9993354243342596,0.9994303637150797,0.9995253030958996,0.9996202424767198,0.9997151818575398,0.99981012123836,0.99990506061918,1.0,0.9913592592817204,0.9981135669346072,1,edge_replacement
77,"Allicin decreases the efficacy of atazanavir, somapacitan, and increases the efficacy of sulfameter. Atazanavir, in turn, decreases the efficacy of ipragliflozin and has side effects such as Myocarditis and Oedema peripheral. Sulfameter enhances the efficacy of amg-222, benfluorex, and tofogliflozin.","Allicin decreases the efficacy of atazanavir and somapacitan, while increasing the efficacy of sulfameter. Atazanavir, in turn, decreases the efficacy of ipragliflozin and has side effects such as myocarditis and peripheral oedema. Sulfameter increases the efficacy of amg-222, benfluorex, and tofogliflozin.","[[""Allicin"", ""decreases_efficacy_of"", ""atazanavir""], [""Allicin"", ""decreases_efficacy_of"", ""somapacitan""], [""Allicin"", ""increases_efficacy_of"", ""sulfameter""], [""atazanavir"", ""decreases_efficacy_of"", ""ipragliflozin""], [""atazanavir"", ""has_side_effect"", ""Myocarditis""], [""atazanavir"", ""has_side_effect"", ""Oedema_peripheral""], [""sulfameter"", ""enhances_efficacy_of"", ""amg-222""], [""sulfameter"", ""enhances_efficacy_of"", ""benfluorex""], [""sulfameter"", ""enhances_efficacy_of"", ""tofogliflozin""]]","[[""Allicin"", ""decreases_efficacy_of"", ""atazanavir""], [""Allicin"", ""decreases_efficacy_of"", ""somapacitan""], [""Allicin"", ""increases_efficacy_of"", ""sulfameter""], [""atazanavir"", ""decreases_efficacy_of"", ""ipragliflozin""], [""atazanavir"", ""has_side_effect"", ""myocarditis""], [""atazanavir"", ""has_side_effect"", ""peripheral_oedema""], [""sulfameter"", ""increases_efficacy_of"", ""amg-222""], [""sulfameter"", ""increases_efficacy_of"", ""benfluorex""], [""sulfameter"", ""increases_efficacy_of"", ""tofogliflozin""]]",1.0,0.8945849537849426,0.976008415222168,0.75,1.0,0.9969746338650992,0.9972771704785894,0.9975797070920795,0.9978822437055694,0.9981847803190596,0.9984873169325496,0.9987898535460398,0.9990923901595298,0.99939492677302,0.99969746338651,1.0,0.992709744491957,0.9913612692091708,1,edge_deletion
79,"The drug naproxen increases the risk of renal failure. Additionally, it decreases the efficacy of chlorthalidone and terazosin. Chlorthalidone, in turn, decreases the efficacy of amg-222.","The drug Naproxen increases the risk of renal failure, decreases the efficacy of Chlorthalidone and Terazosin. Chlorthalidone, in turn, decreases the efficacy of AMG-222.","[[""naproxen"", ""increases_risk_of"", ""renal_failure""], [""naproxen"", ""decreases_efficacy_of"", ""chlorthalidone""], [""naproxen"", ""decreases_efficacy_of"", ""terazosin""], [""chlorthalidone"", ""decreases_efficacy_of"", ""amg-222""]]","[[""Naproxen"", ""increases_risk_of"", ""renal_failure""], [""Naproxen"", ""decreases_efficacy_of"", ""Chlorthalidone""], [""Naproxen"", ""decreases_efficacy_of"", ""Terazosin""], [""Chlorthalidone"", ""decreases_efficacy_of"", ""AMG-222""]]",1.0,1.0,0.9999999403953552,1.0,1.0,1.0,1.0,1.0,1.0,1.0,1.0,1.0,1.0,1.0,1.0,1.0,0.9999999856948852,0.9999999896575248,1,edge_replacement
80,"Potassium iodide has been shown to decrease the efficacy of multiple medications including trazodone, pazopanib, and fostamatinib. Furthermore, the thyroid can decrease the efficacy of diethylstilbestrol, cediranib, and meprednisone. Acalabrutinib has the potential to decrease the efficacy of propylthiouracil, potassium iodide, and the thyroid. Cediranib is known to decrease the efficacy of thyrotropin. Additionally, propylthiouracil can decrease the efficacy of perphenazine and brigatinib, while causing the side effect of Alopecia.","The drug potassium iodide decreases the efficacy of trazodone, pazopanib, and fostamatinib. Similarly, acalabrutinib also decreases the efficacy of propylthiouracil and potassium iodide. Moreover, propylthiouracil diminishes the efficacy of perphenazine and brigatinib while causing the side effect of alopecia.","[[""Potassium_iodide"", ""decreases_efficacy_of"", ""trazodone""], [""Potassium_iodide"", ""decreases_efficacy_of"", ""pazopanib""], [""Potassium_iodide"", ""decreases_efficacy_of"", ""fostamatinib""], [""Thyroid"", ""decreases_efficacy_of"", ""diethylstilbestrol""], [""Thyroid"", ""decreases_efficacy_of"", ""cediranib""], [""Thyroid"", ""decreases_efficacy_of"", ""meprednisone""], [""Acalabrutinib"", ""decreases_efficacy_of"", ""propylthiouracil""], [""Acalabrutinib"", ""decreases_efficacy_of"", ""potassium_iodide""], [""Acalabrutinib"", ""decreases_efficacy_of"", ""thyroid""], [""Cediranib"", ""decreases_efficacy_of"", ""thyrotropin""], [""Propylthiouracil"", ""decreases_efficacy_of"", ""perphenazine""], [""Propylthiouracil"", ""decreases_efficacy_of"", ""brigatinib""], [""Propylthiouracil"", ""causes_side_effect"", ""Alopecia""]]","[[""Potassium_iodide"", ""decreases_efficacy_of"", ""trazodone""], [""Potassium_iodide"", ""decreases_efficacy_of"", ""pazopanib""], [""Potassium_iodide"", ""decreases_efficacy_of"", ""fostamatinib""], [""Acalabrutinib"", ""decreases_efficacy_of"", ""propylthiouracil""], [""Acalabrutinib"", ""decreases_efficacy_of"", ""potassium_iodide""], [""Propylthiouracil"", ""decreases_efficacy_of"", ""perphenazine""], [""Propylthiouracil"", ""decreases_efficacy_of"", ""brigatinib""], [""Propylthiouracil"", ""causes_side_effect"", ""Alopecia""]]",0.5939138709164986,0.0124238654971122,0.8427965641021729,0.8017837257372732,0.5939138709164986,0.9438204962388048,0.908829833706574,0.8738391711743435,0.8388485086421128,0.8038578461098823,0.7688671835776517,0.733876521045421,0.6988858585131905,0.6638951959809598,0.6289045334487292,0.5939138709164986,0.915520870117616,0.9863606307174594,0,node_removal
81,"Dementia is associated with several phenotypes including parkinsonism, delusions, and fluctuations in consciousness. Forskolin affects nuclear receptor subfamily 1 group I member 2 and ATP binding cassette subfamily B member 1. ATP binding cassette subfamily B member 1 is known to cause pregnancy, carcinoma, and exanthema. Whereas, nuclear receptor subfamily 1 group I member 2 can lead to toxic liver disease, colonic neoplasms, and dementia.",The nuclear receptor subfamily 1 group I member 2 causes toxic liver disease.,"[[""Dementia"", ""associated_with"", ""parkinsonism""], [""Dementia"", ""associated_with"", ""delusions""], [""Dementia"", ""associated_with"", ""fluctuations_in_consciousness""], [""Forskolin"", ""affects"", ""nuclear_receptor_subfamily_1_group_I_member_2""], [""Forskolin"", ""affects"", ""ATP_binding_cassette_subfamily_B_member_1""], [""ATP_binding_cassette_subfamily_B_member_1"", ""causes"", ""pregnancy""], [""ATP_binding_cassette_subfamily_B_member_1"", ""causes"", ""carcinoma""], [""ATP_binding_cassette_subfamily_B_member_1"", ""causes"", ""exanthema""], [""nuclear_receptor_subfamily_1_group_I_member_2"", ""causes"", ""toxic_liver_disease""], [""nuclear_receptor_subfamily_1_group_I_member_2"", ""causes"", ""colonic_neoplasms""], [""nuclear_receptor_subfamily_1_group_I_member_2"", ""causes"", ""dementia""]]","[[""nuclear_receptor_subfamily_1_group_I_member_2"", ""causes"", ""toxic_liver_disease""]]",0.2381448361039201,0.1233280226588249,0.3959358930587768,0.2381448361039201,0.2381448361039201,0.7419817029092628,0.6915980162287285,0.6412143295481942,0.59083064286766,0.5404469561871257,0.4900632695065914,0.4396795828260571,0.3892958961455229,0.3389122094649886,0.2885285227844543,0.2381448361039201,0.6738315218956124,0.8085012172900126,0,node_removal
82,Tryptophan is known to increase the effect of sedation. It has targets including intestinal-type alkaline phosphatase and L-type amino acid transporter 1. L-type amino acid transporter 1 is a gene product of SLC7A5.,Tryptophan is a substance that can increase the effect of sedation. It has targets such as intestinal-type alkaline phosphatase and l-type amino acid transporter 1. L-type amino acid transporter 1 is a gene product of SLC7A5.,"[[""Tryptophan"", ""increases"", ""effect_of_sedation""], [""Tryptophan"", ""has_target"", ""intestinal-type_alkaline_phosphatase""], [""Tryptophan"", ""has_target"", ""L-type_amino_acid_transporter_1""], [""L-type_amino_acid_transporter_1"", ""gene_product_of"", ""SLC7A5""]]","[[""Tryptophan"", ""increases"", ""effect_of_sedation""], [""Tryptophan"", ""has_target"", ""intestinal-type_alkaline_phosphatase""], [""Tryptophan"", ""has_target"", ""L-type_amino_acid_transporter_1""], [""L-type_amino_acid_transporter_1"", ""gene_product_of"", ""SLC7A5""]]",1.0,1.0,0.9999999403953552,1.0,1.0,0.9999999178205168,0.9999999260384652,0.9999999342564136,0.9999999424743616,0.9999999506923102,0.9999999589102584,0.9999999671282068,0.999999975346155,0.9999999835641034,0.9999999917820516,1.0,1.0,0.9999999869296744,1,edge_replacement
83,"The drug tecemotide reduces the efficacy of streptozocin and afelimomab. Rotavirus vaccine decreases the efficacy of ifosfamide, ruxolitinib, and cepeginterferon alfa-2b. Rabies immune globulin diminishes the efficacy of alemtuzumab, methotrexate, and hydrocortisone. Additionally, belimumab reduces the efficacy of rotavirus vaccine, rabies immune globulin, and tecemotide.","The drug tecemotide reduces the efficacy of streptozocin and afelimomab. Rotavirus vaccine decreases the efficacy of ifosfamide, ruxolitinib, and cepeginterferon alfa-2b. Rabies immune globulin decreases the efficacy of alemtuzumab, methotrexate, and hydrocortisone. Additionally, belimumab reduces the efficacy of rotavirus vaccine, rabies immune globulin, and tecemotide.","[[""tecemotide"", ""reduces_efficacy_of"", ""streptozocin""], [""tecemotide"", ""reduces_efficacy_of"", ""afelimomab""], [""rotavirus_vaccine"", ""decreases_efficacy_of"", ""ifosfamide""], [""rotavirus_vaccine"", ""decreases_efficacy_of"", ""ruxolitinib""], [""rotavirus_vaccine"", ""decreases_efficacy_of"", ""cepeginterferon_alfa-2b""], [""rabies_immune_globulin"", ""diminishes_efficacy_of"", ""alemtuzumab""], [""rabies_immune_globulin"", ""diminishes_efficacy_of"", ""methotrexate""], [""rabies_immune_globulin"", ""diminishes_efficacy_of"", ""hydrocortisone""], [""belimumab"", ""reduces_efficacy_of"", ""rotavirus_vaccine""], [""belimumab"", ""reduces_efficacy_of"", ""rabies_immune_globulin""], [""belimumab"", ""reduces_efficacy_of"", ""tecemotide""]]","[[""tecemotide"", ""reduces_efficacy_of"", ""streptozocin""], [""tecemotide"", ""reduces_efficacy_of"", ""afelimomab""], [""rotavirus_vaccine"", ""decreases_efficacy_of"", ""ifosfamide""], [""rotavirus_vaccine"", ""decreases_efficacy_of"", ""ruxolitinib""], [""rotavirus_vaccine"", ""decreases_efficacy_of"", ""cepeginterferon_alfa-2b""], [""rabies_immune_globulin"", ""decreases_efficacy_of"", ""alemtuzumab""], [""rabies_immune_globulin"", ""decreases_efficacy_of"", ""methotrexate""], [""rabies_immune_globulin"", ""decreases_efficacy_of"", ""hydrocortisone""], [""belimumab"", ""reduces_efficacy_of"", ""rotavirus_vaccine""], [""belimumab"", ""reduces_efficacy_of"", ""rabies_immune_globulin""], [""belimumab"", ""reduces_efficacy_of"", ""tecemotide""]]",1.0,1.0,0.9999999403953552,1.0,1.0,0.9961580278658784,0.9965422250792904,0.9969264222927026,0.9973106195061148,0.997694816719527,0.9980790139329392,0.9984632111463512,0.9988474083597636,0.9992316055731756,0.9996158027865878,1.0,0.9932098152915392,0.9940170738705658,1,edge_deletion
84,"The drug Phenacemide increases the neuropsychiatric effects, but decreases the efficacy of Azlocillin and Imipenem. Imipenem, in turn, decreases the efficacy of Methylphenobarbital.","Phenacemide increases the neuropsychiatric effects. Additionally, phenacemide decreases the efficacy of both azlocillin and imipenem. Imipenem further decreases the efficacy of methylphenobarbital.","[[""Phenacemide"", ""increases"", ""neuropsychiatric_effects""], [""Phenacemide"", ""decreases_efficacy_of"", ""Azlocillin""], [""Phenacemide"", ""decreases_efficacy_of"", ""Imipenem""], [""Imipenem"", ""decreases_efficacy_of"", ""Methylphenobarbital""]]","[[""Phenacemide"", ""increases"", ""neuropsychiatric_effects""], [""Phenacemide"", ""decreases_efficacy_of"", ""azlocillin""], [""Phenacemide"", ""decreases_efficacy_of"", ""imipenem""], [""Imipenem"", ""decreases_efficacy_of"", ""methylphenobarbital""]]",1.0,0.9770163893699646,0.9540590047836304,1.0,1.0,0.999999935078832,0.9999999415709488,0.9999999480630656,0.9999999545551824,0.9999999610472992,0.999999967539416,0.9999999740315328,0.9999999805236496,0.9999999870157664,0.9999999935078832,1.0,0.9999999982118606,0.6982834563910673,1,edge_replacement
85,"The drug mefruside decreases the efficacy of dezocine but increases the efficacy of glisoxepide and omarigliptin. Omarigliptin, in turn, increases the efficacy of penbutolol and bufuralol while decreasing the efficacy of estrone sulfate. Dezocine decreases the efficacy of magnesium cation, magnesium, and calcium polycarbophil.","The drug mefruside increases the efficacy of glisoxepide. Omarigliptin increases the efficacy of penbutolol and bufuralol, and decreases the efficacy of estrone sulfate. Dezocine decreases the efficacy of magnesium cation, magnesium, and calcium polycarbophil.","[[""mefruside"", ""decreases_efficacy_of"", ""dezocine""], [""mefruside"", ""increases_efficacy_of"", ""glisoxepide""], [""mefruside"", ""increases_efficacy_of"", ""omarigliptin""], [""omarigliptin"", ""increases_efficacy_of"", ""penbutolol""], [""omarigliptin"", ""increases_efficacy_of"", ""bufuralol""], [""omarigliptin"", ""decreases_efficacy_of"", ""estrone_sulfate""], [""dezocine"", ""decreases_efficacy_of"", ""magnesium_cation""], [""dezocine"", ""decreases_efficacy_of"", ""magnesium""], [""dezocine"", ""decreases_efficacy_of"", ""calcium_polycarbophil""]]","[[""mefruside"", ""increases_efficacy_of"", ""glisoxepide""], [""omarigliptin"", ""increases_efficacy_of"", ""penbutolol""], [""omarigliptin"", ""increases_efficacy_of"", ""bufuralol""], [""omarigliptin"", ""decreases_efficacy_of"", ""estrone_sulfate""], [""dezocine"", ""decreases_efficacy_of"", ""magnesium_cation""], [""dezocine"", ""decreases_efficacy_of"", ""magnesium""], [""dezocine"", ""decreases_efficacy_of"", ""calcium_polycarbophil""]]",0.9074074074074074,1.0,1.0,0.9166666666666666,0.9166666666666666,0.9888938153505286,0.9816711004821423,0.9744483856137562,0.96722567074537,0.9600029558769838,0.9527802410085976,0.9455575261402114,0.9383348112718252,0.9311120964034392,0.9238893815350528,0.9166666666666666,0.985141572407078,0.979820869111667,0,edge_deletion
86,"Zuclopenthixol increases the effect of bradycardia. It also decreases the efficacy of tetryzoline and tulobuterol. Baclofen has a side effect of hypogeusia. Levodopa decreases the efficacy of both baclofen and zuclopenthixol. Additionally, levodopa targets DNA polymerase eta.","The drug zuclopenthixol increases the effect of bradycardia while decreasing the efficacy of tetryzoline and tulobuterol. Baclofen is known to have the side effect of Hypogeusia. Levodopa decreases the efficacy of both baclofen and zuclopenthixol. Additionally, levodopa targets DNA polymerase eta.","[[""Zuclopenthixol"", ""increases_effect_of"", ""bradycardia""], [""Zuclopenthixol"", ""decreases_efficacy_of"", ""tetryzoline""], [""Zuclopenthixol"", ""decreases_efficacy_of"", ""tulobuterol""], [""Baclofen"", ""has_side_effect"", ""hypogeusia""], [""Levodopa"", ""decreases_efficacy_of"", ""baclofen""], [""Levodopa"", ""decreases_efficacy_of"", ""zuclopenthixol""], [""Levodopa"", ""targets"", ""DNA_polymerase_eta""]]","[[""Zuclopenthixol"", ""increases_effect_of"", ""bradycardia""], [""Zuclopenthixol"", ""decreases_efficacy_of"", ""tetryzoline""], [""Zuclopenthixol"", ""decreases_efficacy_of"", ""tulobuterol""], [""Baclofen"", ""has_side_effect"", ""Hypogeusia""], [""Levodopa"", ""decreases_efficacy_of"", ""baclofen""], [""Levodopa"", ""decreases_efficacy_of"", ""zuclopenthixol""], [""Levodopa"", ""targets"", ""DNA_polymerase_eta""]]",1.0,1.0,1.0,1.0,1.0,0.9999999982272456,0.9999999984045213,0.9999999985817968,0.999999998759072,0.9999999989363474,0.9999999991136228,0.9999999992908984,0.9999999994681736,0.9999999996454492,0.9999999998227246,1.0,1.0,1.0,1,edge_replacement
87,"Pentoxifylline increases the activity of the vasodilatory activities and has an effect of bleeding. It also decreases the efficacy of quazepam. Ditazole increases the efficacy of pentoxifylline but decreases the efficacy of cefprozil and cefazedone. Cefazedone has the activity of the nephrotoxic activities and decreases the efficacy of darexaban and tocopherylquinone. Cefprozil has the activity of the neuromuscular blocking activities and decreases the efficacy of abciximab, as well as causing the side effect of Erythema multiforme.","Pentoxifylline increases the activity of the vasodilatory activities and has an effect on bleeding. It also decreases the efficacy of quazepam. Ditazole enhances the efficacy of pentoxifylline but decreases the efficacy of cefprozil and cefazedone. Cefazedone has the activity of nephrotoxic activities and reduces the efficacy of darexaban and tocopherylquinone. Cefprozil exhibits the neuromuscular blocking activities and decreases the efficacy of abciximab, while also causing the side effect of Erythema multiforme.","[[""Pentoxifylline"", ""increases"", ""vasodilatory_activities""], [""Pentoxifylline"", ""has_effect"", ""bleeding""], [""Pentoxifylline"", ""decreases"", ""quazepam""], [""Ditazole"", ""increases"", ""Pentoxifylline""], [""Ditazole"", ""decreases"", ""cefprozil""], [""Ditazole"", ""decreases"", ""cefazedone""], [""Cefazedone"", ""has_activity"", ""nephrotoxic_activities""], [""Cefazedone"", ""decreases"", ""darexaban""], [""Cefazedone"", ""decreases"", ""tocopherylquinone""], [""Cefprozil"", ""has_activity"", ""neuromuscular_blocking_activities""], [""Cefprozil"", ""decreases"", ""abciximab""], [""Cefprozil"", ""causes"", ""Erythema_multiforme""]]","[[""Pentoxifylline"", ""increases"", ""vasodilatory_activities""], [""Pentoxifylline"", ""has_effect"", ""bleeding""], [""Pentoxifylline"", ""decreases"", ""quazepam""], [""Ditazole"", ""enhances"", ""Pentoxifylline""], [""Ditazole"", ""decreases"", ""cefprozil""], [""Ditazole"", ""decreases"", ""cefazedone""], [""Cefazedone"", ""has_activity"", ""nephrotoxic_activities""], [""Cefazedone"", ""reduces"", ""darexaban""], [""Cefazedone"", ""reduces"", ""tocopherylquinone""], [""Cefprozil"", ""exhibits"", ""neuromuscular_blocking_activities""], [""Cefprozil"", ""decreases"", ""abciximab""], [""Cefprozil"", ""causes"", ""Erythema_multiforme""]]",1.0,0.9999999403953552,0.9999999403953552,1.0,1.0,0.9977668470273244,0.997990162324592,0.9982134776218594,0.9984367929191268,0.9986601082163946,0.998883423513662,0.9991067388109296,0.9993300541081972,0.9995533694054648,0.9997766847027324,1.0,0.9808489242579944,0.977061241566362,1,edge_replacement
88,"Ardeparin decreases the efficacy of several drugs such as cefpiramide, isepamicin, and damoctocog alfa pegol. Likewise, pegvaliase reduces the efficacy of drugs like peginterferon alfa-2b, pegvisomant, and antihemophilic factor (recombinant). Cefpiramide decreases the efficacy of drotrecogin alfa, antithrombin alfa, and melagatran. Cangrelor decreases the efficacy of prothrombin and ceftobiprole medocaril. Damoctocog alfa pegol decreases the efficacy of cangrelor, desirudin, and pegvaliase. Finally, isepamicin decreases the efficacy of heparin and methacholine while increasing the efficacy of letibotulinumtoxina.","The drug cefpiramide decreases the efficacy of both drotrecogin alfa and melagatran. Additionally, damoctocog alfa pegol decreases the efficacy of cangrelor and desirudin.","[[""Ardeparin"", ""decreases_efficacy_of"", ""cefpiramide""], [""Ardeparin"", ""decreases_efficacy_of"", ""isepanicin""], [""Ardeparin"", ""decreases_efficacy_of"", ""damoctocog_alfa_pegol""], [""Pegvaliase"", ""decreases_efficacy_of"", ""peginterferon_alfa-2b""], [""Pegvaliase"", ""decreases_efficacy_of"", ""pegvisomant""], [""Pegvaliase"", ""decreases_efficacy_of"", ""antihemophilic_factor_(recombinant)""], [""Cefpiramide"", ""decreases_efficacy_of"", ""drotrecogin_alfa""], [""Cefpiramide"", ""decreases_efficacy_of"", ""antithrombin_alfa""], [""Cefpiramide"", ""decreases_efficacy_of"", ""melagatran""], [""Cangrelor"", ""decreases_efficacy_of"", ""prothrombin""], [""Cangrelor"", ""decreases_efficacy_of"", ""ceftobiprole_medocaril""], [""Damoctocog_alfa_pegol"", ""decreases_efficacy_of"", ""cangrelor""], [""Damoctocog_alfa_pegol"", ""decreases_efficacy_of"", ""desirudin""], [""Damoctocog_alfa_pegol"", ""decreases_efficacy_of"", ""pegvaliase""], [""Isepanicin"", ""decreases_efficacy_of"", ""heparin""], [""Isepanicin"", ""decreases_efficacy_of"", ""methacholine""], [""Isepanicin"", ""increases_efficacy_of"", ""letibotulinumtoxina""]]","[[""Cefpiramide"", ""decreases_efficacy_of"", ""drotrecogin_alfa""], [""Cefpiramide"", ""decreases_efficacy_of"", ""melagatran""], [""Damoctocog_alfa_pegol"", ""decreases_efficacy_of"", ""cangrelor""], [""Damoctocog_alfa_pegol"", ""decreases_efficacy_of"", ""desirudin""]]",0.4567734398020992,0.2886818647384643,0.756086528301239,0.3367876570272817,0.3496029493900505,0.923911776836378,0.8664808940917452,0.8090500113471125,0.7516191286024797,0.6941882458578469,0.6367573631132142,0.5793264803685815,0.5218955976239488,0.4644647148793159,0.4070338321346832,0.3496029493900505,0.8496857995908378,0.7561236550434118,0,node_removal
89,"The multidrug resistance-associated protein 4 is a gene product of ABCC4. Copper oxodotreotide cu-64 decreases the efficacy of octreotide, lanreotide, and somatostatin. Octreotide has side effects such as haemorrhoids, malaise, and absent appetite. Somatostatin receptor type 3 is a gene product of SSTR3. 2,4-thiazolidinedione decreases the efficacy of hydrochlorothiazide and lonapegsomatropin, but increases the efficacy of oxprenolol. Lanreotide decreases the efficacy of pioglitazone and 2,4-thiazolidinedione, and has an indication for Malignant Carcinoid Syndrome. Somatostatin targets somatostatin receptor type 1, somatostatin receptor type 3, and the multidrug resistance-associated protein 4. Somatostatin receptor type 1 is a gene product of SSTR1.","The gene Multidrug resistance-associated protein 4 is a gene product of ABCC4. Copper oxodotreotide Cu-64 decreases the efficacy of Octreotide. Octreotide has side effects including Haemorrhoids, Malaise, and Appetite absent. Somatostatin receptor type 3 is a gene product of SSTR3. The drug 2,4-thiazolidinedione decreases the efficacy of Hydrochlorothiazide, increases the efficacy of Oxprenolol, and decreases the efficacy of Lonapegsomatropin. Lanreotide decreases the efficacy of Pioglitazone and is indicated for Malignant Carcinoid Syndrome. Somatostatin targets Somatostatin receptor type 1, Somatostatin receptor type 3, and Multidrug resistance-associated protein 4. Somatostatin receptor type 1 is a gene product of SSTR1.","[[""ABCC4"", ""gene_product"", ""multidrug_resistance-associated_protein_4""], [""Copper_oxodotreotide_cu-64"", ""decreases_efficacy_of"", ""octreotide""], [""Copper_oxodotreotide_cu-64"", ""decreases_efficacy_of"", ""lanreotide""], [""Copper_oxodotreotide_cu-64"", ""decreases_efficacy_of"", ""somatostatin""], [""Octreotide"", ""has_side_effect"", ""haemorrhoids""], [""Octreotide"", ""has_side_effect"", ""malaise""], [""Octreotide"", ""has_side_effect"", ""absent_appetite""], [""SSTR3"", ""gene_product"", ""somatostatin_receptor_type_3""], [""2,4-thiazolidinedione"", ""decreases_efficacy_of"", ""hydrochlorothiazide""], [""2,4-thiazolidinedione"", ""decreases_efficacy_of"", ""lonapegsomatropin""], [""2,4-thiazolidinedione"", ""increases_efficacy_of"", ""oxprenolol""], [""Lanreotide"", ""decreases_efficacy_of"", ""pioglitazone""], [""Lanreotide"", ""decreases_efficacy_of"", ""2,4-thiazolidinedione""], [""Lanreotide"", ""indication_for"", ""Malignant_Carcinoid_Syndrome""], [""Somatostatin"", ""targets"", ""somatostatin_receptor_type_1""], [""Somatostatin"", ""targets"", ""somatostatin_receptor_type_3""], [""Somatostatin"", ""targets"", ""multidrug_resistance-associated_protein_4""], [""SSTR1"", ""gene_product"", ""somatostatin_receptor_type_1""]]","[[""ABCC4"", ""gene_product"", ""Multidrug_resistance-associated_protein_4""], [""Copper_oxodotreotide_Cu-64"", ""decreases_efficacy_of"", ""Octreotide""], [""Octreotide"", ""has_side_effect"", ""Haemorrhoids""], [""Octreotide"", ""has_side_effect"", ""Malaise""], [""Octreotide"", ""has_side_effect"", ""Appetite_absent""], [""SSTR3"", ""gene_product"", ""Somatostatin_receptor_type_3""], [""2,4-thiazolidinedione"", ""decreases_efficacy_of"", ""Hydrochlorothiazide""], [""2,4-thiazolidinedione"", ""increases_efficacy_of"", ""Oxprenolol""], [""2,4-thiazolidinedione"", ""decreases_efficacy_of"", ""Lonapegsomatropin""], [""Lanreotide"", ""decreases_efficacy_of"", ""Pioglitazone""], [""Lanreotide"", ""indication_for"", ""Malignant_Carcinoid_Syndrome""], [""Somatostatin"", ""targets"", ""Somatostatin_receptor_type_1""], [""Somatostatin"", ""targets"", ""Somatostatin_receptor_type_3""], [""Somatostatin"", ""targets"", ""Multidrug_resistance-associated_protein_4""], [""SSTR1"", ""gene_product"", ""Somatostatin_receptor_type_1""]]",0.71875,0.758544921875,0.9114397168159484,0.631578947368421,0.7280701754385965,0.9896344683321396,0.9634780390427854,0.9373216097534312,0.9111651804640768,0.8850087511747224,0.8588523218853681,0.8326958925960138,0.8065394633066596,0.7803830340173051,0.7542266047279509,0.7280701754385965,0.9875962096991368,0.9713557004167446,0,edge_deletion
90,"The drug mecamylamine decreases the efficacy of dipotassium phosphate, fentiazac, and has side effects including decreased appetite. Similarly, tacrine decreases the efficacy of lamotrigine, escitalopram, and bevonium. Felodipine decreases the efficacy of lonazolac and has side effects such as gingival hyperplasia and ankle edema. Trospium decreases the efficacy of tacrine and plecanatide, while also causing the side effect of angiopathy. Lastly, plecanatide decreases the efficacy of mecamylamine, felodipine, and cilnidipine.","The drug mecamylamine decreases the efficacy of dipotassium phosphate, fentiazac and has a side effect of decreased appetite. Tacrine decreases the efficacy of lamotrigine, escitalopram, and bevonium. Felodipine decreases the efficacy of lonazolac and has side effects of gingival hyperplasia and ankle edema. Trospium decreases the efficacy of tacrine and plecanatide and has a side effect of angiopathy. Plecanatide decreases the efficacy of mecamylamine, felodipine, and cilnidipine.","[[""mecamylamine"", ""decreases_efficacy_of"", ""dipotassium_phosphate""], [""mecamylamine"", ""decreases_efficacy_of"", ""fentiazac""], [""mecamylamine"", ""has_side_effect"", ""decreased_appetite""], [""tacrine"", ""decreases_efficacy_of"", ""lamotrigine""], [""tacrine"", ""decreases_efficacy_of"", ""escitalopram""], [""tacrine"", ""decreases_efficacy_of"", ""bevonium""], [""felodipine"", ""decreases_efficacy_of"", ""lonazolac""], [""felodipine"", ""has_side_effect"", ""gingival_hyperplasia""], [""felodipine"", ""has_side_effect"", ""ankle_edema""], [""trospium"", ""decreases_efficacy_of"", ""tacrine""], [""trospium"", ""decreases_efficacy_of"", ""plecanatide""], [""trospium"", ""has_side_effect"", ""angiopathy""], [""plecanatide"", ""decreases_efficacy_of"", ""mecamylamine""], [""plecanatide"", ""decreases_efficacy_of"", ""felodipine""], [""plecanatide"", ""decreases_efficacy_of"", ""cilnidipine""]]","[[""mecamylamine"", ""decreases_efficacy_of"", ""dipotassium_phosphate""], [""mecamylamine"", ""decreases_efficacy_of"", ""fentiazac""], [""mecamylamine"", ""has_side_effect"", ""decreased_appetite""], [""tacrine"", ""decreases_efficacy_of"", ""lamotrigine""], [""tacrine"", ""decreases_efficacy_of"", ""escitalopram""], [""tacrine"", ""decreases_efficacy_of"", ""bevonium""], [""felodipine"", ""decreases_efficacy_of"", ""lonazolac""], [""felodipine"", ""has_side_effect"", ""gingival_hyperplasia""], [""felodipine"", ""has_side_effect"", ""ankle_edema""], [""trospium"", ""decreases_efficacy_of"", ""tacrine""], [""trospium"", ""decreases_efficacy_of"", ""plecanatide""], [""trospium"", ""has_side_effect"", ""angiopathy""], [""plecanatide"", ""decreases_efficacy_of"", ""mecamylamine""], [""plecanatide"", ""decreases_efficacy_of"", ""felodipine""], [""plecanatide"", ""decreases_efficacy_of"", ""cilnidipine""]]",1.0,1.0,0.9999998807907104,1.0,1.0,0.999999896739902,0.999999907065912,0.9999999173919216,0.9999999277179314,0.9999999380439412,0.9999999483699512,0.9999999586959608,0.9999999690219706,0.9999999793479804,0.9999999896739902,1.0,1.0,0.999999986359201,1,edge_deletion
91,"The drug bisoprolol increases the efficacy of several medications including gliquidone, dotarizine, and albiglutide. Trimebutine also enhances the efficacy of bisoprolol but decreases the efficacy of clopidogrel and rivastigmine. On the other hand, rivastigmine reduces the efficacy of cyproheptadine and mivacurium, while causing the side effect of large intestine polyp. Clopidogrel affects WD repeat domain 24 and coagulation factor II thrombin receptor while leading to the side effect of upper abdominal pain. Gliquidone boosts the efficacy of methazolamide, ethyl biscoumacetate, and sarafloxacin.","Bisoprolol increases the efficacy of three drugs: Gliquidone, Dotarizine, and Albiglutide. Rivastigmine decreases the efficacy of Cyproheptadine and Mivacurium, while also causing a side effect of Large intestine polyp. Trimebutine increases the efficacy of Bisoprolol but decreases the efficacy of Clopidogrel and Rivastigmine. Clopidogrel affects WD repeat domain 24 and Coagulation factor II thrombin receptor, and has a side effect of Upper abdominal pain. Gliquidone increases the efficacy of Methazolamide, Ethyl biscoumacetate, and Sarafloxacin.","[[""bisoprolol"", ""increases_efficacy_of"", ""gliquidone""], [""bisoprolol"", ""increases_efficacy_of"", ""dotarizine""], [""bisoprolol"", ""increases_efficacy_of"", ""albiglutide""], [""trimebutine"", ""increases_efficacy_of"", ""bisoprolol""], [""trimebutine"", ""decreases_efficacy_of"", ""clopidogrel""], [""trimebutine"", ""decreases_efficacy_of"", ""rivastigmine""], [""rivastigmine"", ""decreases_efficacy_of"", ""cyproheptadine""], [""rivastigmine"", ""decreases_efficacy_of"", ""mivacurium""], [""rivastigmine"", ""causes_side_effect"", ""large_intestine_polyp""], [""clopidogrel"", ""affects"", ""WD_repeat_domain_24""], [""clopidogrel"", ""affects"", ""coagulation_factor_II_thrombin_receptor""], [""clopidogrel"", ""causes_side_effect"", ""upper_abdominal_pain""], [""gliquidone"", ""increases_efficacy_of"", ""methazolamide""], [""gliquidone"", ""increases_efficacy_of"", ""ethyl_biscoumacetate""], [""gliquidone"", ""increases_efficacy_of"", ""sarafloxacin""]]","[[""bisoprolol"", ""increases_efficacy_of"", ""Gliquidone""], [""bisoprolol"", ""increases_efficacy_of"", ""Dotarizine""], [""bisoprolol"", ""increases_efficacy_of"", ""Albiglutide""], [""rivastigmine"", ""decreases_efficacy_of"", ""Cyproheptadine""], [""rivastigmine"", ""decreases_efficacy_of"", ""Mivacurium""], [""rivastigmine"", ""causes_side_effect"", ""Large_intestine_polyp""], [""trimebutine"", ""increases_efficacy_of"", ""Bisoprolol""], [""trimebutine"", ""decreases_efficacy_of"", ""Clopidogrel""], [""trimebutine"", ""decreases_efficacy_of"", ""Rivastigmine""], [""clopidogrel"", ""affects"", ""WD_repeat_domain_24""], [""clopidogrel"", ""affects"", ""Coagulation_factor_II_thrombin_receptor""], [""clopidogrel"", ""causes_side_effect"", ""Upper_abdominal_pain""], [""Gliquidone"", ""increases_efficacy_of"", ""Methazolamide""], [""Gliquidone"", ""increases_efficacy_of"", ""Ethyl_biscoumacetate""], [""Gliquidone"", ""increases_efficacy_of"", ""Sarafloxacin""]]",1.0,0.7598457932472229,0.9474278688430786,0.8541666666666666,1.0,0.9999998936943124,0.9999999043248812,0.99999991495545,0.9999999255860186,0.9999999362165874,0.9999999468471562,0.999999957477725,0.9999999681082936,0.9999999787388624,0.9999999893694312,1.0,0.9999999897678692,0.771300413760911,1,edge_deletion
92,"Interferon alfa-n1 increases the effect of neutropenia, but decreases the efficacy of pertussis vaccine and allogeneic processed thymus tissue. Allogeneic processed thymus tissue then decreases the efficacy of vincristine.","Interferon alfa-n1 decreases the efficacy of the pertussis vaccine and allogeneic processed thymus tissue. It also decreases the effect of neutropenia. Allogeneic processed thymus tissue, in turn, decreases the efficacy of vincristine.","[[""Interferon_alfa-n1"", ""increases"", ""neutropenia""], [""Interferon_alfa-n1"", ""decreases"", ""pertussis_vaccine""], [""Interferon_alfa-n1"", ""decreases"", ""allogeneic_processed_thymus_tissue""], [""allogeneic_processed_thymus_tissue"", ""decreases"", ""vincristine""]]","[[""Interferon_alfa-n1"", ""decreases"", ""pertussis_vaccine""], [""Interferon_alfa-n1"", ""decreases"", ""allogeneic_processed_thymus_tissue""], [""Interferon_alfa-n1"", ""decreases"", ""neutropenia""], [""allogeneic_processed_thymus_tissue"", ""decreases"", ""vincristine""]]",1.0,0.9999999403953552,0.9999999403953552,1.0,1.0,0.995332774621884,0.9957994971596956,0.9962662196975072,0.9967329422353186,0.9971996647731304,0.997666387310942,0.9981331098487536,0.9985998323865652,0.9990665549243768,0.9995332774621885,1.0,0.9820748308639264,0.9957764565566491,0,edge_replacement
93,"The drug lornoxicam decreases the efficacy of multiple medications including doxazosin, debrisoquine, and cicletanine. Debrisoquine, in turn, decreases the efficacy of mesalazine, etofenamate, and imidazole salicylate. Imidazole salicylate further decreases the efficacy of bendroflumethiazide, ambrisentan, and tafluprost. Doxazosin decreases the efficacy of tiaprofenic acid and sc-236, while also causing the side effect of nail disorder. Cicletanine decreases the efficacy of sufentanil, tolfenamic acid, and nifenazone. Etofenamate increases the efficacy of haloperidol but decreases the efficacy of clofibrate and estrone sulfate.","The drug lornoxicam decreases the efficacy of several other drugs including doxazosin, debrisoquine, and cicletanine. Debrisoquine in turn decreases the efficacy of mesalazine, etofenamate, and imidazole salicylate. Imidazole salicylate decreases the efficacy of bendroflumethiazide, ambrisentan, and tafluprost. Additionally, doxazosin decreases the efficacy of tiaprofenic acid and sc-236, while also causing the side effect of nail disorder. Cicletanine decreases the efficacy of sufentanil, tolfenamic acid, and nifenazone. Furthermore, etofenamate increases the efficacy of haloperidol, but decreases the efficacy of clofibrate and estrone sulfate.","[[""lornoxicam"", ""decreases_efficacy_of"", ""doxazosin""], [""lornoxicam"", ""decreases_efficacy_of"", ""debrisoquine""], [""lornoxicam"", ""decreases_efficacy_of"", ""cicletanine""], [""debrisoquine"", ""decreases_efficacy_of"", ""mesalazine""], [""debrisoquine"", ""decreases_efficacy_of"", ""etofenamate""], [""debrisoquine"", ""decreases_efficacy_of"", ""imidazole_salicylate""], [""imidazole_salicylate"", ""decreases_efficacy_of"", ""bendroflumethiazide""], [""imidazole_salicylate"", ""decreases_efficacy_of"", ""ambrisentan""], [""imidazole_salicylate"", ""decreases_efficacy_of"", ""tafluprost""], [""doxazosin"", ""decreases_efficacy_of"", ""tiaprofenic_acid""], [""doxazosin"", ""decreases_efficacy_of"", ""sc-236""], [""doxazosin"", ""causes_side_effect"", ""nail_disorder""], [""cicletanine"", ""decreases_efficacy_of"", ""sufentanil""], [""cicletanine"", ""decreases_efficacy_of"", ""tolfenamic_acid""], [""cicletanine"", ""decreases_efficacy_of"", ""nifenazone""], [""etofenamate"", ""increases_efficacy_of"", ""haloperidol""], [""etofenamate"", ""decreases_efficacy_of"", ""clofibrate""], [""etofenamate"", ""decreases_efficacy_of"", ""estrone_sulfate""]]","[[""lornoxicam"", ""decreases_efficacy_of"", ""doxazosin""], [""lornoxicam"", ""decreases_efficacy_of"", ""debrisoquine""], [""lornoxicam"", ""decreases_efficacy_of"", ""cicletanine""], [""debrisoquine"", ""decreases_efficacy_of"", ""mesalazine""], [""debrisoquine"", ""decreases_efficacy_of"", ""etofenamate""], [""debrisoquine"", ""decreases_efficacy_of"", ""imidazole_salicylate""], [""imidazole_salicylate"", ""decreases_efficacy_of"", ""bendroflumethiazide""], [""imidazole_salicylate"", ""decreases_efficacy_of"", ""ambrisentan""], [""imidazole_salicylate"", ""decreases_efficacy_of"", ""tafluprost""], [""doxazosin"", ""decreases_efficacy_of"", ""tiaprofenic_acid""], [""doxazosin"", ""decreases_efficacy_of"", ""sc-236""], [""doxazosin"", ""causes_side_effect"", ""nail_disorder""], [""cicletanine"", ""decreases_efficacy_of"", ""sufentanil""], [""cicletanine"", ""decreases_efficacy_of"", ""tolfenamic_acid""], [""cicletanine"", ""decreases_efficacy_of"", ""nifenazone""], [""etofenamate"", ""increases_efficacy_of"", ""haloperidol""], [""etofenamate"", ""decreases_efficacy_of"", ""clofibrate""], [""etofenamate"", ""decreases_efficacy_of"", ""estrone_sulfate""]]",1.0,1.0,1.0,1.0,1.0,1.0,1.0,1.0,1.0,1.0,1.0,1.0,1.0,1.0,1.0,1.0,1.0,0.9999999875883144,1,node_replacement
94,"Lactulose has an indication for neuropsychiatric syndrome and a side effect of gastrointestinal pain. Estetrol is known to decrease the efficacy of tulathromycin a, pirlimycin, and troleandomycin. Additionally, epofolate decreases the efficacy of lactulose, estetrol, and the vibrio cholerae cvd 103-hgr strain live antigen, while the vibrio cholerae cvd 103-hgr strain live antigen decreases the efficacy of remdesivir.","The drug lactulose has indications for neuropsychiatric syndrome and side effects including gastrointestinal pain. Estetrol decreases the efficacy of tulathromycin a, pirlimycin, and troleandomycin. Additionally, vibrio cholerae cvd 103-hgr strain live antigen decreases the efficacy of remdesivir, while epofolate decreases the efficacy of vibrio cholerae cvd 103-hgr strain live antigen.","[[""Lactulose"", ""indication_for"", ""neuropsychiatric_syndrome""], [""Lactulose"", ""side_effect"", ""gastrointestinal_pain""], [""Estetrol"", ""decreases_efficacy_of"", ""tulathromycin_a""], [""Estetrol"", ""decreases_efficacy_of"", ""pirlimycin""], [""Estetrol"", ""decreases_efficacy_of"", ""troleandomycin""], [""Epofolate"", ""decreases_efficacy_of"", ""lactulose""], [""Epofolate"", ""decreases_efficacy_of"", ""estetrol""], [""Epofolate"", ""decreases_efficacy_of"", ""vibrio_cholerae_cvd_103-hgr_strain_live_antigen""], [""Vibrio_cholerae_cvd_103-hgr_strain_live_antigen"", ""decreases_efficacy_of"", ""remdesivir""]]","[[""Lactulose"", ""indication_for"", ""neuropsychiatric_syndrome""], [""Lactulose"", ""side_effect"", ""gastrointestinal_pain""], [""Estetrol"", ""decreases_efficacy_of"", ""tulathromycin_a""], [""Estetrol"", ""decreases_efficacy_of"", ""pirlimycin""], [""Estetrol"", ""decreases_efficacy_of"", ""troleandomycin""], [""Vibrio_cholerae_cvd_103-hgr_strain_live_antigen"", ""decreases_efficacy_of"", ""remdesivir""], [""Epofolate"", ""decreases_efficacy_of"", ""vibrio_cholerae_cvd_103-hgr_strain_live_antigen""]]",0.8333333333333334,0.9273395538330078,0.9424064755439758,0.6666666666666666,0.8333333333333334,0.9810751042973204,0.9663009272009218,0.951526750104523,0.9367525730081242,0.9219783959117256,0.9072042188153268,0.8924300417189281,0.8776558646225295,0.8628816875261307,0.848107510429732,0.8333333333333334,0.9815146363615368,0.9920275266064064,0,edge_deletion
95,"The drug procaine increases the effect of seizures but decreases the efficacy of triamcinolone and cortisone acetate. Pertussis vaccine decreases the efficacy of chlorambucil, methimazole, and fingolimod. Fluticasone furoate decreases the efficacy of procaine, rabies virus inactivated antigen, and pertussis vaccine. Rabies virus inactivated antigen decreases the efficacy of mycophenolate mofetil and belumosudil.","The drug procaine increases the effect of seizures and decreases the efficacy of triamcinolone and cortisone acetate. The pertussis vaccine decreases the efficacy of chlorambucil, methimazole, and fingolimod. Fluticasone furoate decreases the efficacy of procaine, rabies virus inactivated antigen, and the pertussis vaccine. The rabies virus inactivated antigen decreases the efficacy of mycophenolate mofetil and belumosudil.","[[""procaine"", ""increases_effect_of"", ""seizures""], [""procaine"", ""decreases_efficacy_of"", ""triamcinolone""], [""procaine"", ""decreases_efficacy_of"", ""cortisone_acetate""], [""pertussis_vaccine"", ""decreases_efficacy_of"", ""chlorambucil""], [""pertussis_vaccine"", ""decreases_efficacy_of"", ""methimazole""], [""pertussis_vaccine"", ""decreases_efficacy_of"", ""fingolimod""], [""fluticasone_furoate"", ""decreases_efficacy_of"", ""procaine""], [""fluticasone_furoate"", ""decreases_efficacy_of"", ""rabies_virus_inactivated_antigen""], [""fluticasone_furoate"", ""decreases_efficacy_of"", ""pertussis_vaccine""], [""rabies_virus_inactivated_antigen"", ""decreases_efficacy_of"", ""mycophenolate_mofetil""], [""rabies_virus_inactivated_antigen"", ""decreases_efficacy_of"", ""belumosudil""]]","[[""procaine"", ""increases_effect_of"", ""seizures""], [""procaine"", ""decreases_efficacy_of"", ""triamcinolone""], [""procaine"", ""decreases_efficacy_of"", ""cortisone_acetate""], [""pertussis_vaccine"", ""decreases_efficacy_of"", ""chlorambucil""], [""pertussis_vaccine"", ""decreases_efficacy_of"", ""methimazole""], [""pertussis_vaccine"", ""decreases_efficacy_of"", ""fingolimod""], [""fluticasone_furoate"", ""decreases_efficacy_of"", ""procaine""], [""fluticasone_furoate"", ""decreases_efficacy_of"", ""rabies_virus_inactivated_antigen""], [""fluticasone_furoate"", ""decreases_efficacy_of"", ""pertussis_vaccine""], [""rabies_virus_inactivated_antigen"", ""decreases_efficacy_of"", ""mycophenolate_mofetil""], [""rabies_virus_inactivated_antigen"", ""decreases_efficacy_of"", ""belumosudil""]]",1.0,1.0,0.9999997615814208,1.0,1.0,0.9999999040911554,0.9999999136820398,0.9999999232729244,0.9999999328638088,0.9999999424546931,0.9999999520455776,0.999999961636462,0.9999999712273466,0.999999980818231,0.9999999904091156,1.0,1.0,0.9999999880981328,1,edge_replacement
96,"The drug quetiapine decreases the efficacy of nateglinide, phenformin, and has a side effect of viral diarrhoea. Nateglinide, in turn, increases the efficacy of sulfamerazine, nemonoxacin, and sarafloxacin. Phenformin decreases the efficacy of iloperidone, increases the efficacy of cloranolol, and decreases the efficacy of epitizide. Additionally, tolcapone decreases the efficacy of quetiapine and has side effects of herpes simplex and flat affect.","The drug quetiapine decreases the efficacy of nateglinide and phenformin, and has a side effect of Viral diarrhoea. Nateglinide, in turn, increases the efficacy of sulfamerazine, nemonoxacin, and sarafloxacin. Phenformin decreases the efficacy of iloperidone and epitizide, while increasing the efficacy of cloranolol. Additionally, tolcapone decreases the efficacy of quetiapine and has side effects of Herpes simplex and Flat affect.","[[""quetiapine"", ""decreases_efficacy_of"", ""nateglinide""], [""quetiapine"", ""decreases_efficacy_of"", ""phenformin""], [""quetiapine"", ""has_side_effect"", ""viral_diarrhoea""], [""nateglinide"", ""increases_efficacy_of"", ""sulfamerazine""], [""nateglinide"", ""increases_efficacy_of"", ""nemonoxacin""], [""nateglinide"", ""increases_efficacy_of"", ""sarafloxacin""], [""phenformin"", ""decreases_efficacy_of"", ""iloperidone""], [""phenformin"", ""increases_efficacy_of"", ""cloranolol""], [""phenformin"", ""decreases_efficacy_of"", ""epitizide""], [""tolcapone"", ""decreases_efficacy_of"", ""quetiapine""], [""tolcapone"", ""has_side_effect"", ""herpes_simplex""], [""tolcapone"", ""has_side_effect"", ""flat_affect""]]","[[""quetiapine"", ""decreases_efficacy_of"", ""nateglinide""], [""quetiapine"", ""decreases_efficacy_of"", ""phenformin""], [""quetiapine"", ""has_side_effect"", ""Viral_diarrhoea""], [""nateglinide"", ""increases_efficacy_of"", ""sulfamerazine""], [""nateglinide"", ""increases_efficacy_of"", ""nemonoxacin""], [""nateglinide"", ""increases_efficacy_of"", ""sarafloxacin""], [""phenformin"", ""decreases_efficacy_of"", ""iloperidone""], [""phenformin"", ""decreases_efficacy_of"", ""epitizide""], [""phenformin"", ""increases_efficacy_of"", ""cloranolol""], [""tolcapone"", ""decreases_efficacy_of"", ""quetiapine""], [""tolcapone"", ""has_side_effect"", ""Herpes_simplex""], [""tolcapone"", ""has_side_effect"", ""Flat_affect""]]",1.0,1.0,1.0,1.0,1.0,0.999999998118893,0.9999999983070036,0.9999999984951145,0.9999999986832252,0.9999999988713356,0.9999999990594464,0.9999999992475572,0.999999999435668,0.9999999996237786,0.9999999998118893,1.0,1.0,0.9999999873949552,1,node_removal
97,"Lixisenatide decreases the efficacy of baclofen, pentamidine, and hydrochlorothiazide. On the other hand, tofogliflozin decreases the efficacy of nelfinavir and furosemide but increases the efficacy of prulifloxacin. Furosemide decreases the efficacy of floxuridine, chlorpropamide, and mefenamic acid. Nelfinavir has side effects including anaemia, dyspepsia, and pancreatitis. Prulifloxacin increases the efficacy of insulin aspart and lixisenatide but decreases the efficacy of vibrio cholerae cvd 103-hgr strain live antigen.","Lixisenatide decreases the efficacy of several drugs including baclofen, pentamidine, and hydrochlorothiazide. 

Tofogliflozin decreases the efficacy of nelfinavir and furosemide, but increases the efficacy of prulifloxacin. 

Furosemide decreases the efficacy of medications such as floxuridine, chlorpropamide, and mefenamic acid. 

Nelfinavir has side effects like anaemia, dyspepsia, and pancreatitis. 

Prulifloxacin increases the efficacy of insulin aspart and lixisenatide, while decreasing the efficacy of vibrio cholerae cvd 103-hgr strain live antigen.","[[""Lixisenatide"", ""decreases_efficacy_of"", ""baclofen""], [""Lixisenatide"", ""decreases_efficacy_of"", ""pentamidine""], [""Lixisenatide"", ""decreases_efficacy_of"", ""hydrochlorothiazide""], [""Tofogliflozin"", ""decreases_efficacy_of"", ""nelfinavir""], [""Tofogliflozin"", ""decreases_efficacy_of"", ""furosemide""], [""Tofogliflozin"", ""increases_efficacy_of"", ""prulifloxacin""], [""Furosemide"", ""decreases_efficacy_of"", ""floxuridine""], [""Furosemide"", ""decreases_efficacy_of"", ""chlorpropamide""], [""Furosemide"", ""decreases_efficacy_of"", ""mefenamic_acid""], [""Nelfinavir"", ""has_side_effect"", ""anaemia""], [""Nelfinavir"", ""has_side_effect"", ""dyspepsia""], [""Nelfinavir"", ""has_side_effect"", ""pancreatitis""], [""Prulifloxacin"", ""increases_efficacy_of"", ""insulin_aspart""], [""Prulifloxacin"", ""increases_efficacy_of"", ""lixisenatide""], [""Prulifloxacin"", ""decreases_efficacy_of"", ""vibrio_cholerae_cvd_103-hgr_strain_live_antigen""]]","[[""Lixisenatide"", ""decreases_efficacy_of"", ""baclofen""], [""Lixisenatide"", ""decreases_efficacy_of"", ""pentamidine""], [""Lixisenatide"", ""decreases_efficacy_of"", ""hydrochlorothiazide""], [""Tofogliflozin"", ""decreases_efficacy_of"", ""nelfinavir""], [""Tofogliflozin"", ""decreases_efficacy_of"", ""furosemide""], [""Tofogliflozin"", ""increases_efficacy_of"", ""prulifloxacin""], [""Furosemide"", ""decreases_efficacy_of"", ""floxuridine""], [""Furosemide"", ""decreases_efficacy_of"", ""chlorpropamide""], [""Furosemide"", ""decreases_efficacy_of"", ""mefenamic_acid""], [""Nelfinavir"", ""has_side_effect"", ""anaemia""], [""Nelfinavir"", ""has_side_effect"", ""dyspepsia""], [""Nelfinavir"", ""has_side_effect"", ""pancreatitis""], [""Prulifloxacin"", ""increases_efficacy_of"", ""insulin_aspart""], [""Prulifloxacin"", ""increases_efficacy_of"", ""lixisenatide""], [""Prulifloxacin"", ""decreases_efficacy_of"", ""vibrio_cholerae_cvd_103-hgr_strain_live_antigen""]]",1.0,0.9999998211860656,0.9999998211860656,1.0,1.0,1.0,1.0,1.0,1.0,1.0,1.0,1.0,1.0,1.0,1.0,1.0,1.0,0.9999999884534032,1,edge_deletion
98,"Selexipag decreases the efficacy of icosapent, salsalate, and menthyl salicylate. Cadralazine increases the efficacy of indapamide but decreases the efficacy of balsalazide and ebselen. Cyclopenthiazide increases the efficacy of selexipag, cadralazine, and dexniguldipine. Dexniguldipine decreases the efficacy of dexibuprofen.","The drug selexipag decreases the efficacy of icosapent, salsalate, and menthyl salicylate. Additionally, cadralazine increases the efficacy of indapamide but decreases the efficacy of balsalazide and ebselen. Moreover, cyclopenthiazide increases the efficacy of selexipag, cadralazine, and dexniguldipine. Lastly, dexniguldipine decreases the efficacy of dexibuprofen.","[[""Selexipag"", ""decreases_efficacy_of"", ""Icosapent""], [""Selexipag"", ""decreases_efficacy_of"", ""Salsalate""], [""Selexipag"", ""decreases_efficacy_of"", ""Menthyl_Salicylate""], [""Cadralazine"", ""increases_efficacy_of"", ""Indapamide""], [""Cadralazine"", ""decreases_efficacy_of"", ""Balsalazide""], [""Cadralazine"", ""decreases_efficacy_of"", ""Ebselen""], [""Cyclopenthiazide"", ""increases_efficacy_of"", ""Selexipag""], [""Cyclopenthiazide"", ""increases_efficacy_of"", ""Cadralazine""], [""Cyclopenthiazide"", ""increases_efficacy_of"", ""Dexniguldipine""], [""Dexniguldipine"", ""decreases_efficacy_of"", ""Dexibuprofen""]]","[[""Selexipag"", ""decreases_efficacy_of"", ""Icosapent""], [""Selexipag"", ""decreases_efficacy_of"", ""Salsalate""], [""Selexipag"", ""decreases_efficacy_of"", ""Menthyl_Salicylate""], [""Cadralazine"", ""increases_efficacy_of"", ""Indapamide""], [""Cadralazine"", ""decreases_efficacy_of"", ""Balsalazide""], [""Cadralazine"", ""decreases_efficacy_of"", ""Ebselen""], [""Cyclopenthiazide"", ""increases_efficacy_of"", ""Selexipag""], [""Cyclopenthiazide"", ""increases_efficacy_of"", ""Cadralazine""], [""Cyclopenthiazide"", ""increases_efficacy_of"", ""Dexniguldipine""], [""Dexniguldipine"", ""decreases_efficacy_of"", ""Dexibuprofen""]]",1.0,0.9999999403953552,1.0,1.0,1.0,0.9999999983095896,0.9999999984786304,0.9999999986476718,0.9999999988167124,0.9999999989857538,0.9999999991547948,0.9999999993238358,0.9999999994928768,0.999999999661918,0.999999999830959,1.0,1.0,0.999999989065282,1,node_removal
99,"Mutations in the gene TMEM67 are known to cause several conditions including Coach Syndrome 1, Meckel Syndrome 3, and Nephronophthisis 11. Coach Syndrome 1 is characterized by symptoms such as stage 5 chronic kidney disease, anteverted nares, and esophageal varix. Nephronophthisis 11 presents with phenotypes like strabismus, nystagmus, and retinal degeneration. Additionally, Meckel Syndrome 3 is associated with postaxial foot polydactyly.","Coach syndrome 1 presents with several phenotypes including stage 5 chronic kidney disease, anteverted nares, and esophageal varix. Nephronophthisis 11 manifests as strabismus, nystagmus, and retinal degeneration. TMEM67 causes Meckel Syndrome 3 which is characterized by postaxial foot polydactyly.","[[""TMEM67"", ""causes"", ""Coach_Syndrome_1""], [""TMEM67"", ""causes"", ""Meckel_Syndrome_3""], [""TMEM67"", ""causes"", ""Nephronophthisis_11""], [""Coach_Syndrome_1"", ""characterized_by"", ""stage_5_chronic_kidney_disease""], [""Coach_Syndrome_1"", ""characterized_by"", ""anteverted_nares""], [""Coach_Syndrome_1"", ""characterized_by"", ""esophageal_varix""], [""Nephronophthisis_11"", ""presents_with"", ""strabismus""], [""Nephronophthisis_11"", ""presents_with"", ""nystagmus""], [""Nephronophthisis_11"", ""presents_with"", ""retinal_degeneration""], [""Meckel_Syndrome_3"", ""associated_with"", ""postaxial_foot_polydactyly""]]","[[""Coach_Syndrome_1"", ""presents_with"", ""stage_5_chronic_kidney_disease""], [""Coach_Syndrome_1"", ""presents_with"", ""anteverted_nares""], [""Coach_Syndrome_1"", ""presents_with"", ""esophageal_varix""], [""Nephronophthisis_11"", ""manifests_as"", ""strabismus""], [""Nephronophthisis_11"", ""manifests_as"", ""nystagmus""], [""Nephronophthisis_11"", ""manifests_as"", ""retinal_degeneration""], [""TMEM67"", ""causes"", ""Meckel_Syndrome_3""], [""Meckel_Syndrome_3"", ""characterized_by"", ""postaxial_foot_polydactyly""]]",0.9242424242424242,1.0,0.9999999403953552,0.9242424242424242,0.9242424242424242,0.9764853355614246,0.9712610444295244,0.9660367532976244,0.9608124621657244,0.9555881710338244,0.9503638799019244,0.9451395887700242,0.9399152976381242,0.9346910065062244,0.9294667153743242,0.9242424242424242,0.946381568388074,0.7619027525137642,0,edge_deletion
100,"The drug pipecuronium increases the effects of constipation, enhances the efficacy of hetacillin, but decreases the efficacy of calcium polycarbophil. Sodium ascorbate decreases the efficacy of darifenacin, pipecuronium, and aranidipine. On the other hand, aranidipine reduces the efficacy of calcium, plantago seed, and sodium tartrate. Darifenacin decreases the efficacy of methylcellulose and is indicated for Overactive Bladder.","The drug pipecuronium increases the effect of constipation. It also increases the efficacy of hetacillin but decreases the efficacy of calcium polycarbophil. Sodium ascorbate decreases the efficacy of darifenacin, pipecuronium, and aranidipine. Aranidipine, in turn, decreases the efficacy of calcium, plantago seed, and sodium tartrate. Additionally, darifenacin decreases the efficacy of methylcellulose and is indicated for Overactive Bladder.","[[""pipecuronium"", ""increases"", ""constipation""], [""pipecuronium"", ""enhances"", ""hetacillin""], [""pipecuronium"", ""decreases"", ""calcium_polycarbophil""], [""sodium_ascorbate"", ""decreases"", ""darifenacin""], [""sodium_ascorbate"", ""decreases"", ""pipecuronium""], [""sodium_ascorbate"", ""decreases"", ""aranidipine""], [""aranidipine"", ""reduces"", ""calcium""], [""aranidipine"", ""reduces"", ""plantago_seed""], [""aranidipine"", ""reduces"", ""sodium_tartrate""], [""darifenacin"", ""decreases"", ""methylcellulose""], [""darifenacin"", ""indicated_for"", ""Overactive_Bladder""]]","[[""pipecuronium"", ""increases"", ""constipation""], [""pipecuronium"", ""increases"", ""hetacillin""], [""pipecuronium"", ""decreases"", ""calcium_polycarbophil""], [""sodium_ascorbate"", ""decreases"", ""darifenacin""], [""sodium_ascorbate"", ""decreases"", ""pipecuronium""], [""sodium_ascorbate"", ""decreases"", ""aranidipine""], [""aranidipine"", ""decreases"", ""calcium""], [""aranidipine"", ""decreases"", ""plantago_seed""], [""aranidipine"", ""decreases"", ""sodium_tartrate""], [""darifenacin"", ""decreases"", ""methylcellulose""], [""darifenacin"", ""indicated_for"", ""Overactive_Bladder""]]",1.0,1.0,1.0,1.0,1.0,0.9976633989754152,0.9978970590778736,0.998130719180332,0.9983643792827904,0.998598039385249,0.9988316994877076,0.999065359590166,0.9992990196926246,0.999532679795083,0.9997663398975416,1.0,0.9869610680552268,0.9743171155513995,1,edge_replacement
101,"Interferon alfa-n3 increases the effect of anemia. Pev3a decreases the efficacy of interferon alfa-n3, fluticasone propionate, and mycophenolic acid. Mycophenolic acid has side effects including petechiae, increased blood creatinine, and respiratory failure. Fluticasone propionate decreases the efficacy of dihydrotachysterol, neostigmine, and rabies virus inactivated antigen.","The drug interferon alfa-n3 decreases the effect of anemia. Pev3a reduces the efficacy of interferon alfa-n3, fluticasone propionate, and mycophenolic acid. Mycophenolic acid has side effects including Petechiae, increased blood creatinine, and respiratory failure. Fluticasone propionate reduces the efficacy of dihydrotachysterol, neostigmine, and rabies virus inactivated antigen.","[[""Interferon_alfa-n3"", ""increases_effect_of"", ""anemia""], [""Pev3a"", ""decreases_efficacy_of"", ""Interferon_alfa-n3""], [""Pev3a"", ""decreases_efficacy_of"", ""Fluticasone_propionate""], [""Pev3a"", ""decreases_efficacy_of"", ""Mycophenolic_acid""], [""Mycophenolic_acid"", ""has_side_effect"", ""Petechiae""], [""Mycophenolic_acid"", ""has_side_effect"", ""increased_blood_creatinine""], [""Mycophenolic_acid"", ""has_side_effect"", ""respiratory_failure""], [""Fluticasone_propionate"", ""decreases_efficacy_of"", ""Dihydrotachysterol""], [""Fluticasone_propionate"", ""decreases_efficacy_of"", ""Neostigmine""], [""Fluticasone_propionate"", ""decreases_efficacy_of"", ""Rabies_virus_inactivated_antigen""]]","[[""Interferon_alfa-n3"", ""decreases_effect_of"", ""anemia""], [""Pev3a"", ""reduces_efficacy_of"", ""Interferon_alfa-n3""], [""Pev3a"", ""reduces_efficacy_of"", ""Fluticasone_propionate""], [""Pev3a"", ""reduces_efficacy_of"", ""Mycophenolic_acid""], [""Mycophenolic_acid"", ""has_side_effect"", ""Petechiae""], [""Mycophenolic_acid"", ""has_side_effect"", ""increased_blood_creatinine""], [""Mycophenolic_acid"", ""has_side_effect"", ""respiratory_failure""], [""Fluticasone_propionate"", ""reduces_efficacy_of"", ""Dihydrotachysterol""], [""Fluticasone_propionate"", ""reduces_efficacy_of"", ""Neostigmine""], [""Fluticasone_propionate"", ""reduces_efficacy_of"", ""Rabies_virus_inactivated_antigen""]]",1.0,1.0,1.0,1.0,1.0,0.9962169570424456,0.996595261338201,0.9969735656339564,0.9973518699297116,0.9977301742254672,0.9981084785212228,0.9984867828169782,0.9988650871127336,0.9992433914084892,0.9996216957042444,1.0,0.9850933849830524,0.979105161408375,0,edge_replacement
102,"The substance dextran decreases the efficacy of antihemophilic factor (recombinant), calcium cation, and causes the side effect of Extravasation. 

Mercaptopurine targets lysine-specific demethylase 4d-like and nci-h23, and affects atp binding cassette subfamily c member 4. 

SR-123781a decreases the efficacy of ceftibuten and fibrinogen human. 

Calcium cation decreases the efficacy of argatroban and seletracetam. 

Antihemophilic factor (recombinant) decreases the efficacy of anistreplase, dabigatran etexilate, and abicipar pegol. 

Dicoumarol decreases the efficacy of mercaptopurine and targets thyrotropin receptor. 

Anti-inhibitor coagulant complex decreases the efficacy of dicoumarol, sr-123781a, and dextran.","The drug dextran has a side effect of extravasation. Mercaptopurine targets lysine-specific demethylase 4d-like and nci-h23 while affecting ATP binding cassette subfamily C member 4. SR-123781a decreases the efficacy of ceftibuten and human fibrinogen. Calcium cation decreases the efficacy of argatroban and seletracetam. Antihemophilic factor (recombinant) decreases the efficacy of anistreplase, dabigatran etexilate, and abicipar pegol. Dicoumarol targets thyrotropin receptor. Anti-inhibitor coagulant complex decreases the efficacy of dicoumarol, SR-123781a, and dextran.","[[""dextran"", ""decreases_efficacy_of"", ""antihemophilic_factor_(recombinant)""], [""dextran"", ""decreases_efficacy_of"", ""calcium_cation""], [""dextran"", ""causes_side_effect"", ""Extravasation""], [""Mercaptopurine"", ""targets"", ""lysine-specific_demethylase_4d-like""], [""Mercaptopurine"", ""targets"", ""nci-h23""], [""Mercaptopurine"", ""affects"", ""atp_binding_cassette_subfamily_c_member_4""], [""SR-123781a"", ""decreases_efficacy_of"", ""ceftibuten""], [""SR-123781a"", ""decreases_efficacy_of"", ""fibrinogen_human""], [""Calcium_cation"", ""decreases_efficacy_of"", ""argatroban""], [""Calcium_cation"", ""decreases_efficacy_of"", ""seletracetam""], [""Antihemophilic_factor_(recombinant)"", ""decreases_efficacy_of"", ""anistreplase""], [""Antihemophilic_factor_(recombinant)"", ""decreases_efficacy_of"", ""dabigatran_etexilate""], [""Antihemophilic_factor_(recombinant)"", ""decreases_efficacy_of"", ""abicipar_pegol""], [""Dicoumarol"", ""decreases_efficacy_of"", ""mercaptopurine""], [""Dicoumarol"", ""targets"", ""thyrotropin_receptor""], [""Anti-inhibitor_coagulant_complex"", ""decreases_efficacy_of"", ""dicoumarol""], [""Anti-inhibitor_coagulant_complex"", ""decreases_efficacy_of"", ""SR-123781a""], [""Anti-inhibitor_coagulant_complex"", ""decreases_efficacy_of"", ""dextran""]]","[[""dextran"", ""has_side_effect"", ""extravasation""], [""Mercaptopurine"", ""targets"", ""lysine-specific_demethylase_4d-like""], [""Mercaptopurine"", ""targets"", ""nci-h23""], [""Mercaptopurine"", ""affects"", ""ATP_binding_cassette_subfamily_C_member_4""], [""SR-123781a"", ""decreases_efficacy_of"", ""ceftibuten""], [""SR-123781a"", ""decreases_efficacy_of"", ""human_fibrinogen""], [""Calcium_cation"", ""decreases_efficacy_of"", ""argatroban""], [""Calcium_cation"", ""decreases_efficacy_of"", ""seletracetam""], [""Antihemophilic_factor_(recombinant)"", ""decreases_efficacy_of"", ""anistreplase""], [""Antihemophilic_factor_(recombinant)"", ""decreases_efficacy_of"", ""dabigatran_etexilate""], [""Antihemophilic_factor_(recombinant)"", ""decreases_efficacy_of"", ""abicipar_pegol""], [""Dicoumarol"", ""targets"", ""thyrotropin_receptor""], [""Anti-inhibitor_coagulant_complex"", ""decreases_efficacy_of"", ""dicoumarol""], [""Anti-inhibitor_coagulant_complex"", ""decreases_efficacy_of"", ""SR-123781a""], [""Anti-inhibitor_coagulant_complex"", ""decreases_efficacy_of"", ""dextran""]]",0.7807017543859649,0.8442456722259521,0.9313499927520752,0.8157894736842105,0.7807017543859649,0.9937419232656898,0.9724379063777172,0.9511338894897448,0.9298298726017722,0.9085258557137998,0.8872218388258273,0.8659178219378548,0.8446138050498824,0.8233097881619099,0.8020057712739374,0.7807017543859649,0.98526032721168,0.98804944182524,0,edge_deletion
103,"The drug irbesartan can cause several side effects including gastrointestinal pain, orthostatic hypotension, and somnolence. Additionally, chlorothiazide is known to increase the efficacy of irbesartan and decrease the efficacy of 2,4-thiazolidinedione. Chlorothiazide itself can lead to nephritis interstitial as a side effect. Colchicine, on the other hand, decreases the efficacy of chlorothiazide and targets dld-1. Colchicine also has the side effect of causing bladder spasm.","Irbesartan, a medication, has several side effects including gastrointestinal pain, orthostatic hypotension, and somnolence. Chlorothiazide decreases the efficacy of 2,4-thiazolidinedione and also has a side effect of interstitial nephritis. Colchicine targets dld-1 and can cause bladder spasm as a side effect.","[[""irbesartan"", ""can_cause"", ""gastrointestinal_pain""], [""irbesartan"", ""can_cause"", ""orthostatic_hypotension""], [""irbesartan"", ""can_cause"", ""somnolence""], [""chlorothiazide"", ""increases_efficacy_of"", ""irbesartan""], [""chlorothiazide"", ""decreases_efficacy_of"", ""2,4-thiazolidinedione""], [""chlorothiazide"", ""can_cause"", ""nephritis_interstitial""], [""colchicine"", ""decreases_efficacy_of"", ""chlorothiazide""], [""colchicine"", ""targets"", ""dld-1""], [""colchicine"", ""can_cause"", ""bladder_spasm""]]","[[""irbesartan"", ""is_medication"", ""medication""], [""irbesartan"", ""can_cause"", ""gastrointestinal_pain""], [""irbesartan"", ""can_cause"", ""orthostatic_hypotension""], [""irbesartan"", ""can_cause"", ""somnolence""], [""chlorothiazide"", ""decreases_efficacy_of"", ""2,4-thiazolidinedione""], [""chlorothiazide"", ""can_cause"", ""interstitial_nephritis""], [""colchicine"", ""targets"", ""dld-1""], [""colchicine"", ""can_cause"", ""bladder_spasm""]]",0.8333333333333334,0.5798366665840149,0.93438720703125,0.699205898780101,0.8333333333333334,0.9814717823701632,0.9666579374664804,0.9518440925627972,0.9370302476591142,0.9222164027554314,0.9074025578517484,0.8925887129480654,0.8777748680443824,0.8629610231406993,0.8481471782370164,0.8333333333333334,0.9788989076956652,0.9518947626616172,0,edge_deletion
104,"The drug apomorphine increases neuropsychiatric effects and enhances the efficacy of pregabalin. Quinagolide reduces the efficacy of alizapride, brexpiprazole, and ritanserin. Carphenazine decreases the efficacy of apomorphine, quinagolide, and dihydroergocornine.","Apomorphine increases the efficacy of pregabalin and decreases the neuropsychiatric effects. Quinagolide decreases the efficacy of alizapride, brexpiprazole, and ritanserin. Carphenazine decreases the efficacy of apomorphine, quinagolide, and dihydroergocornine.","[[""apomorphine"", ""increases"", ""neuropsychiatric_effects""], [""apomorphine"", ""enhances"", ""pregabalin""], [""quinagolide"", ""reduces"", ""alizapride""], [""quinagolide"", ""reduces"", ""brexpiprazole""], [""quinagolide"", ""reduces"", ""ritanserin""], [""carphenazine"", ""decreases"", ""apomorphine""], [""carphenazine"", ""decreases"", ""quinagolide""], [""carphenazine"", ""decreases"", ""dihydroergocornine""]]","[[""apomorphine"", ""increases"", ""pregabalin""], [""apomorphine"", ""decreases"", ""neuropsychiatric_effects""], [""quinagolide"", ""decreases"", ""alizapride""], [""quinagolide"", ""decreases"", ""brexpiprazole""], [""quinagolide"", ""decreases"", ""ritanserin""], [""carphenazine"", ""decreases"", ""apomorphine""], [""carphenazine"", ""decreases"", ""quinagolide""], [""carphenazine"", ""decreases"", ""dihydroergocornine""]]",1.0,0.9999999403953552,1.0,1.0,1.0,0.9938104071052368,0.994429366394713,0.9950483256841892,0.9956672849736656,0.996286244263142,0.9969052035526184,0.9975241628420948,0.9981431221315712,0.9987620814210474,0.9993810407105236,1.0,0.9772273749274852,0.9511201137304331,0,edge_replacement
105,"Botulinum toxin type A increases the effect of neuromuscular blockade and enhances the efficacy of magnesium cation, propenidazole. On the other hand, magnesium cation reduces the efficacy of ketobemidone, naftopidil, and dexniguldipine.","Botulinum toxin type A increases efficacy when combined with magnesium cation and propenidazole. However, it decreases the effect of neuromuscular blockade. On the other hand, magnesium cation decreases the efficacy of ketobemidone, naftopidil, and dexniguldipine.","[[""Botulinum_toxin_type_A"", ""increases"", ""neuromuscular_blockade""], [""Botulinum_toxin_type_A"", ""enhances"", ""magnesium_cation""], [""Botulinum_toxin_type_A"", ""enhances"", ""propenidazole""], [""magnesium_cation"", ""reduces"", ""ketobemidone""], [""magnesium_cation"", ""reduces"", ""naftopidil""], [""magnesium_cation"", ""reduces"", ""dexniguldipine""]]","[[""Botulinum_toxin_type_A"", ""increases_efficacy_with"", ""magnesium_cation""], [""Botulinum_toxin_type_A"", ""increases_efficacy_with"", ""propenidazole""], [""Botulinum_toxin_type_A"", ""decreases"", ""neuromuscular_blockade""], [""magnesium_cation"", ""decreases"", ""ketobemidone""], [""magnesium_cation"", ""decreases"", ""naftopidil""], [""magnesium_cation"", ""decreases"", ""dexniguldipine""]]",1.0,0.9999999403953552,1.0,1.0,1.0,0.9814255525192452,0.9832829972673208,0.9851404420153962,0.9869978867634716,0.9888553315115473,0.9907127762596226,0.992570221007698,0.9944276657557736,0.996285110503849,0.9981425552519244,1.0,0.9212267023817926,0.9105747792565608,0,edge_replacement
106,"Magnesium peroxide decreases the efficacy of ipratropium, desipramine, and bisacodyl. Dichlorvos decreases the efficacy of fludrocortisone, methantheline, and aldosterone. Neostigmine decreases the efficacy of mivacurium, thonzylamine, and tropatepine. Oxyphenonium decreases the efficacy of neostigmine, dichlorvos, and magnesium peroxide. Thonzylamine decreases the efficacy of ambenonium and plecanatide.","Dichlorvos decreases the efficacy of fludrocortisone, methantheline, and aldosterone. Neostigmine decreases the efficacy of tropatepine. Oxyphenonium decreases the efficacy of neostigmine and dichlorvos.","[[""Magnesium_peroxide"", ""decreases_efficacy_of"", ""ipratropium""], [""Magnesium_peroxide"", ""decreases_efficacy_of"", ""desipramine""], [""Magnesium_peroxide"", ""decreases_efficacy_of"", ""bisacodyl""], [""Dichlorvos"", ""decreases_efficacy_of"", ""fludrocortisone""], [""Dichlorvos"", ""decreases_efficacy_of"", ""methantheline""], [""Dichlorvos"", ""decreases_efficacy_of"", ""aldosterone""], [""Neostigmine"", ""decreases_efficacy_of"", ""mivacurium""], [""Neostigmine"", ""decreases_efficacy_of"", ""thonzylamine""], [""Neostigmine"", ""decreases_efficacy_of"", ""tropatepine""], [""Oxyphenonium"", ""decreases_efficacy_of"", ""neostigmine""], [""Oxyphenonium"", ""decreases_efficacy_of"", ""dichlorvos""], [""Oxyphenonium"", ""decreases_efficacy_of"", ""magnesium_peroxide""], [""Thonzylamine"", ""decreases_efficacy_of"", ""ambenonium""], [""Thonzylamine"", ""decreases_efficacy_of"", ""plecanatide""]]","[[""Dichlorvos"", ""decreases_efficacy_of"", ""fludrocortisone""], [""Dichlorvos"", ""decreases_efficacy_of"", ""methantheline""], [""Dichlorvos"", ""decreases_efficacy_of"", ""aldosterone""], [""Neostigmine"", ""decreases_efficacy_of"", ""tropatepine""], [""Oxyphenonium"", ""decreases_efficacy_of"", ""neostigmine""], [""Oxyphenonium"", ""decreases_efficacy_of"", ""dichlorvos""]]",0.4391550328268399,0.087949201464653,0.582714319229126,0.6018050449849288,0.4391550328268399,0.9329157185798388,0.883539650004539,0.8341635814292392,0.7847875128539392,0.7354114442786392,0.6860353757033394,0.6366593071280395,0.5872832385527397,0.5379071699774397,0.4885311014021398,0.4391550328268399,0.8858159665435688,0.972937829598665,0,node_removal
107,"Ceritinib increases the adverse effects. It also decreases the efficacy of bromocriptine, glibornuride, and glibornuride decreases the efficacy of estradiol cypionate.","Ceritinib reduces the efficacy of bromocriptine and glibornuride. Additionally, ceritinib decreases the effect of adverse effects. Glibornuride also reduces the efficacy of estradiol cypionate.","[[""Ceritinib"", ""increases"", ""adverse_effects""], [""Ceritinib"", ""decreases_efficacy_of"", ""bromocriptine""], [""Ceritinib"", ""decreases_efficacy_of"", ""glibornuride""], [""Glibornuride"", ""decreases_efficacy_of"", ""estradiol_cypionate""]]","[[""Ceritinib"", ""reduces_efficacy_of"", ""bromocriptine""], [""Ceritinib"", ""reduces_efficacy_of"", ""glibornuride""], [""Ceritinib"", ""decreases"", ""adverse_effects""], [""Glibornuride"", ""reduces_efficacy_of"", ""estradiol_cypionate""]]",1.0,1.0,1.0,1.0,1.0,0.9822838305346834,0.984055447481215,0.9858270644277468,0.9875986813742784,0.98937029832081,0.9911419152673416,0.9929135322138734,0.994685149160405,0.9964567661069368,0.9982283830534684,1.0,0.950833896484276,0.9703229180295516,0,edge_replacement
108,"Acenocoumarol decreases the efficacy of pantothenic acid, increases the efficacy of wortmannin, and has the side effect of Menorrhagia. Chlorpropamide decreases the efficacy of prochlorperazine, increases the efficacy of acetazolamide, and decreases the efficacy of estetrol. Prulifloxacin increases the efficacy of chlorpropamide, acenocoumarol, and (r)-warfarin.","Acenocoumarol decreases the efficacy of pantothenic acid and increases the efficacy of wortmannin. It also has the side effect of causing menorrhagia. 
Chlorpropamide decreases the efficacy of prochlorperazine, increases the efficacy of acetazolamide, and decreases the efficacy of estetrol. 
Prulifloxacin increases the efficacy of chlorpropamide, acenocoumarol, and (r)-warfarin.","[[""Acenocoumarol"", ""decreases_efficacy_of"", ""pantothenic_acid""], [""Acenocoumarol"", ""increases_efficacy_of"", ""wortmannin""], [""Acenocoumarol"", ""has_side_effect"", ""Menorrhagia""], [""Chlorpropamide"", ""decreases_efficacy_of"", ""prochlorperazine""], [""Chlorpropamide"", ""increases_efficacy_of"", ""acetazolamide""], [""Chlorpropamide"", ""decreases_efficacy_of"", ""estetrol""], [""Prulifloxacin"", ""increases_efficacy_of"", ""chlorpropamide""], [""Prulifloxacin"", ""increases_efficacy_of"", ""acenocoumarol""], [""Prulifloxacin"", ""increases_efficacy_of"", ""(r)-warfarin""]]","[[""Acenocoumarol"", ""decreases_efficacy_of"", ""pantothenic_acid""], [""Acenocoumarol"", ""increases_efficacy_of"", ""wortmannin""], [""Acenocoumarol"", ""has_side_effect"", ""menorrhagia""], [""Chlorpropamide"", ""decreases_efficacy_of"", ""prochlorperazine""], [""Chlorpropamide"", ""increases_efficacy_of"", ""acetazolamide""], [""Chlorpropamide"", ""decreases_efficacy_of"", ""estetrol""], [""Prulifloxacin"", ""increases_efficacy_of"", ""chlorpropamide""], [""Prulifloxacin"", ""increases_efficacy_of"", ""acenocoumarol""], [""Prulifloxacin"", ""increases_efficacy_of"", ""(r)-warfarin""]]",1.0,1.0,1.0,1.0,1.0,1.0,1.0,1.0,1.0,1.0,1.0,1.0,1.0,1.0,1.0,1.0,0.9999999910593032,0.999999990108506,1,edge_deletion
109,"The drug rocuronium increases the efficacy of both colistin and magnesium chloride, but decreases the efficacy of mineral oil. Additionally, the drug dalteparin decreases the efficacy of ceftaroline fosamil, sisomicin, and anti-inhibitor coagulant complex. Conversely, the antibiotic gentamicin increases the efficacy of rocuronium but decreases the efficacy of dalteparin, while also having the target hek293.","Rocuronium increases efficacy when combined with colistin and magnesium chloride but decreases efficacy when combined with mineral oil. On the other hand, dalteparin decreases efficacy when used with ceftaroline fosamil, sisomicin, and anti-inhibitor coagulant complex. Additionally, gentamicin increases efficacy when paired with rocuronium but decreases efficacy when combined with dalteparin. Gentamicin also targets hek293.","[[""rocuronium"", ""increases_efficacy_of"", ""colistin""], [""rocuronium"", ""increases_efficacy_of"", ""magnesium_chloride""], [""rocuronium"", ""decreases_efficacy_of"", ""mineral_oil""], [""dalteparin"", ""decreases_efficacy_of"", ""ceftaroline_fosamil""], [""dalteparin"", ""decreases_efficacy_of"", ""sisomicin""], [""dalteparin"", ""decreases_efficacy_of"", ""anti-inhibitor_coagulant_complex""], [""gentamicin"", ""increases_efficacy_of"", ""rocuronium""], [""gentamicin"", ""decreases_efficacy_of"", ""dalteparin""], [""gentamicin"", ""has_target"", ""hek293""]]","[[""rocuronium"", ""increases_efficacy_with"", ""colistin""], [""rocuronium"", ""increases_efficacy_with"", ""magnesium_chloride""], [""rocuronium"", ""decreases_efficacy_with"", ""mineral_oil""], [""dalteparin"", ""decreases_efficacy_with"", ""ceftaroline_fosamil""], [""dalteparin"", ""decreases_efficacy_with"", ""sisomicin""], [""dalteparin"", ""decreases_efficacy_with"", ""anti-inhibitor_coagulant_complex""], [""gentamicin"", ""increases_efficacy_with"", ""rocuronium""], [""gentamicin"", ""decreases_efficacy_with"", ""dalteparin""], [""gentamicin"", ""targets"", ""hek293""]]",1.0,0.9999998807907104,1.0,1.0,1.0,0.989612188904954,0.9906509700144586,0.9916897511239632,0.9927285322334678,0.9937673133429724,0.994806094452477,0.9958448755619816,0.9968836566714864,0.9979224377809908,0.9989612188904954,1.0,0.9713965322522072,0.9911393958000344,1,edge_deletion
110,"The drug lumacaftor decreases the activity of the excretion rate, reduces the adverse effects, and lowers the efficacy of siponimod. Additionally, vonoprazan decreases the efficacy of phenytoin, dexamethasone, and lumacaftor.","The drug lumacaftor is known to decrease the adverse effects, decrease the efficacy of siponimod, and increase the activity of the excretion rate. Additionally, vonoprazan decreases the efficacy of phenytoin, dexamethasone, and lumacaftor.","[[""lumacaftor"", ""decreases_activity_of"", ""excretion_rate""], [""lumacaftor"", ""reduces"", ""adverse_effects""], [""lumacaftor"", ""lowers_efficacy_of"", ""siponimod""], [""vonoprazan"", ""decreases_efficacy_of"", ""phenytoin""], [""vonoprazan"", ""decreases_efficacy_of"", ""dexamethasone""], [""vonoprazan"", ""decreases_efficacy_of"", ""lumacaftor""]]","[[""lumacaftor"", ""decreases"", ""adverse_effects""], [""lumacaftor"", ""decreases_efficacy_of"", ""siponimod""], [""lumacaftor"", ""increases_activity_of"", ""excretion_rate""], [""vonoprazan"", ""decreases_efficacy_of"", ""phenytoin""], [""vonoprazan"", ""decreases_efficacy_of"", ""dexamethasone""], [""vonoprazan"", ""decreases_efficacy_of"", ""lumacaftor""]]",1.0,1.0,1.0,1.0,1.0,0.9980124266464492,0.9982111839818044,0.9984099413171594,0.9986086986525144,0.9988074559878696,0.9990062133232248,0.9992049706585796,0.9994037279939348,0.99960248532929,0.999801242664645,1.0,0.980872266888608,0.9921870602877878,0,edge_replacement
111,"The drug methoxamine decreases the efficacy of acebutolol, brexpiprazole, and ORM-12741. Brexpiprazole, in turn, decreases the efficacy of acetohexamide, nylidrin, and tirzepatide. Acebutolol both increases the efficacy of guar gum and decreases the efficacy of calcium cation, while also having the side effect of chills. ORM-12741 reduces the efficacy of amphetamine and reproterol.","Methoxamine decreases the efficacy of acebutolol, brexpiprazole, and orm-12741. Brexpiprazole also decreases the efficacy of acetohexamide, nylidrin, and tirzepatide. Acebutolol, on the other hand, increases the efficacy of guar gum but decreases the efficacy of calcium cation and has the side effect of chills. Lastly, orm-12741 decreases the efficacy of amphetamine and reproterol.","[[""methoxamine"", ""decreases_efficacy_of"", ""acebutolol""], [""methoxamine"", ""decreases_efficacy_of"", ""brexpiprazole""], [""methoxamine"", ""decreases_efficacy_of"", ""ORM-12741""], [""brexpiprazole"", ""decreases_efficacy_of"", ""acetohexamide""], [""brexpiprazole"", ""decreases_efficacy_of"", ""nylidrin""], [""brexpiprazole"", ""decreases_efficacy_of"", ""tirzepatide""], [""acebutolol"", ""increases_efficacy_of"", ""guar_gum""], [""acebutolol"", ""decreases_efficacy_of"", ""calcium_cation""], [""acebutolol"", ""has_side_effect"", ""chills""], [""ORM-12741"", ""decreases_efficacy_of"", ""amphetamine""], [""ORM-12741"", ""decreases_efficacy_of"", ""reproterol""]]","[[""methoxamine"", ""decreases_efficacy_of"", ""acebutolol""], [""methoxamine"", ""decreases_efficacy_of"", ""brexpiprazole""], [""methoxamine"", ""decreases_efficacy_of"", ""orm-12741""], [""brexpiprazole"", ""decreases_efficacy_of"", ""acetohexamide""], [""brexpiprazole"", ""decreases_efficacy_of"", ""nylidrin""], [""brexpiprazole"", ""decreases_efficacy_of"", ""tirzepatide""], [""acebutolol"", ""increases_efficacy_of"", ""guar_gum""], [""acebutolol"", ""decreases_efficacy_of"", ""calcium_cation""], [""acebutolol"", ""has_side_effect"", ""chills""], [""orm-12741"", ""decreases_efficacy_of"", ""amphetamine""], [""orm-12741"", ""decreases_efficacy_of"", ""reproterol""]]",1.0,1.0,1.0,1.0,1.0,1.0,1.0,1.0,1.0,1.0,1.0,1.0,1.0,1.0,1.0,1.0,0.9999999926848828,0.9990262707970046,1,node_removal
112,"Allyl alcohol targets the thyrotropin receptor. Hyperthyroidism is associated with delayed speech and language development, pretibial myxedema, and autoimmune antibody positivity. The thyrotropin receptor is a gene product of TSHR. Hypothyroidism presents with phenotypes such as thyroid agenesis, congenital hypothyroidism, and intellectual disability. TSHR is known to cause hyperthyroidism, hypothyroidism, and athyreosis.","The compound allyl alcohol targets the thyrotropin receptor. Hyperthyroidism is associated with delayed speech and language development, pretibial myxedema, and autoimmune antibody positivity. The thyrotropin receptor is a gene product of TSHR. Hypothyroidism presents with phenotypes such as thyroid agenesis, congenital hypothyroidism, and intellectual disability. TSHR is involved in causing hyperthyroidism, hypothyroidism, and athyreosis.","[[""Allyl_alcohol"", ""targets"", ""thyrotropin_receptor""], [""Hyperthyroidism"", ""associated_with"", ""delayed_speech_and_language_development""], [""Hyperthyroidism"", ""associated_with"", ""pretibial_myxedema""], [""Hyperthyroidism"", ""associated_with"", ""autoimmune_antibody_positivity""], [""Thyrotropin_receptor"", ""gene_product_of"", ""TSHR""], [""Hypothyroidism"", ""presents_with"", ""thyroid_agenesis""], [""Hypothyroidism"", ""presents_with"", ""congenital_hypothyroidism""], [""Hypothyroidism"", ""presents_with"", ""intellectual_disability""], [""TSHR"", ""causes"", ""Hyperthyroidism""], [""TSHR"", ""causes"", ""Hypothyroidism""], [""TSHR"", ""causes"", ""athyreosis""]]","[[""Allyl_alcohol"", ""targets"", ""thyrotropin_receptor""], [""Hyperthyroidism"", ""associated_with"", ""delayed_speech_and_language_development""], [""Hyperthyroidism"", ""associated_with"", ""pretibial_myxedema""], [""Hyperthyroidism"", ""associated_with"", ""autoimmune_antibody_positivity""], [""Thyrotropin_receptor"", ""gene_product_of"", ""TSHR""], [""Hypothyroidism"", ""presents_with"", ""thyroid_agenesis""], [""Hypothyroidism"", ""presents_with"", ""congenital_hypothyroidism""], [""Hypothyroidism"", ""presents_with"", ""intellectual_disability""], [""TSHR"", ""involved_in_causing"", ""Hyperthyroidism""], [""TSHR"", ""involved_in_causing"", ""Hypothyroidism""], [""TSHR"", ""involved_in_causing"", ""athyreosis""]]",1.0,1.0,1.0,1.0,1.0,0.9969247109597908,0.9972322398638116,0.9975397687678328,0.9978472976718537,0.9981548265758744,0.9984623554798954,0.9987698843839165,0.9990774132879372,0.9993849421919582,0.999692471095979,1.0,0.9793051635485764,0.9634722904292096,1,node_replacement
113,"Olanzapine increases the activity of the sedative activities, decreases the efficacy of ephedrine, and affects the cholecystokinin B receptor. Ephedrine targets the beta-2 adrenergic receptor. The cholecystokinin B receptor is known to cause conditions such as weight gain, schizoaffective disorder, and schizophrenia.","Olanzapine increases the activity of the sedative activities, while decreasing the efficacy of ephedrine. Olanzapine affects the cholecystokinin B receptor, which in turn causes conditions such as weight gain, schizoaffective disorder, and schizophrenia. Ephedrine targets the beta-2 adrenergic receptor.","[[""Olanzapine"", ""increases"", ""sedative_activities""], [""Olanzapine"", ""decreases"", ""efficacy_of_ephedrine""], [""Olanzapine"", ""affects"", ""cholecystokinin_B_receptor""], [""Ephedrine"", ""targets"", ""beta-2_adrenergic_receptor""], [""Cholecystokinin_B_receptor"", ""causes"", ""weight_gain""], [""Cholecystokinin_B_receptor"", ""causes"", ""schizoaffective_disorder""], [""Cholecystokinin_B_receptor"", ""causes"", ""schizophrenia""]]","[[""Olanzapine"", ""increases"", ""sedative_activities""], [""Olanzapine"", ""decreases"", ""efficacy_of_ephedrine""], [""Olanzapine"", ""affects"", ""cholecystokinin_B_receptor""], [""Cholecystokinin_B_receptor"", ""causes"", ""weight_gain""], [""Cholecystokinin_B_receptor"", ""causes"", ""schizoaffective_disorder""], [""Cholecystokinin_B_receptor"", ""causes"", ""schizophrenia""], [""Ephedrine"", ""targets"", ""beta-2_adrenergic_receptor""]]",1.0,1.0,0.9999999403953552,1.0,1.0,0.9999999981758522,0.9999999983582668,0.9999999985406818,0.9999999987230964,0.9999999989055112,0.999999999087926,0.9999999992703408,0.9999999994527556,0.9999999996351704,0.9999999998175853,1.0,1.0,0.9999999862178216,1,edge_replacement
114,"The BCG vaccine decreases the efficacy of several drugs including daclatasvir, sagopilone, and umifenovir. Similarly, the rubella virus vaccine decreases the efficacy of drugs like pleconaril, voxilaprevir, and alovudine f-18. In contrast, sofosbuvir reduces the efficacy of the rubella virus vaccine, varicella zoster vaccine (live/attenuated), and the BCG vaccine. Lastly, the varicella zoster vaccine (live/attenuated) diminishes the efficacy of foscarnet, bms-488043, and bulevirtide.","The BCG vaccine decreases the efficacy of multiple drugs including daclatasvir, sagopilone, and umifenovir. Similarly, the rubella virus vaccine decreases the efficacy of drugs such as pleconaril, voxilaprevir, and alovudine f-18. On the other hand, sofosbuvir decreases the efficacy of the rubella virus vaccine, varicella zoster vaccine (live/attenuated), and the BCG vaccine. The varicella zoster vaccine (live/attenuated) also decreases the efficacy of drugs such as foscarnet, bms-488043, and bulevirtide.","[[""BCG_vaccine"", ""decreases_efficacy_of"", ""daclatasvir""], [""BCG_vaccine"", ""decreases_efficacy_of"", ""sagopilone""], [""BCG_vaccine"", ""decreases_efficacy_of"", ""umifenovir""], [""rubella_virus_vaccine"", ""decreases_efficacy_of"", ""pleconaril""], [""rubella_virus_vaccine"", ""decreases_efficacy_of"", ""voxilaprevir""], [""rubella_virus_vaccine"", ""decreases_efficacy_of"", ""alovudine_f-18""], [""sofosbuvir"", ""reduces_efficacy_of"", ""rubella_virus_vaccine""], [""sofosbuvir"", ""reduces_efficacy_of"", ""varicella_zoster_vaccine_live/attenuated""], [""sofosbuvir"", ""reduces_efficacy_of"", ""BCG_vaccine""], [""varicella_zoster_vaccine_live/attenuated"", ""diminishes_efficacy_of"", ""foscarnet""], [""varicella_zoster_vaccine_live/attenuated"", ""diminishes_efficacy_of"", ""bms-488043""], [""varicella_zoster_vaccine_live/attenuated"", ""diminishes_efficacy_of"", ""bulevirtide""]]","[[""BCG_vaccine"", ""decreases_efficacy_of"", ""daclatasvir""], [""BCG_vaccine"", ""decreases_efficacy_of"", ""sagopilone""], [""BCG_vaccine"", ""decreases_efficacy_of"", ""umifenovir""], [""rubella_virus_vaccine"", ""decreases_efficacy_of"", ""pleconaril""], [""rubella_virus_vaccine"", ""decreases_efficacy_of"", ""voxilaprevir""], [""rubella_virus_vaccine"", ""decreases_efficacy_of"", ""alovudine_f-18""], [""sofosbuvir"", ""decreases_efficacy_of"", ""rubella_virus_vaccine""], [""sofosbuvir"", ""decreases_efficacy_of"", ""varicella_zoster_vaccine_live/attenuated""], [""sofosbuvir"", ""decreases_efficacy_of"", ""BCG_vaccine""], [""varicella_zoster_vaccine_live/attenuated"", ""decreases_efficacy_of"", ""foscarnet""], [""varicella_zoster_vaccine_live/attenuated"", ""decreases_efficacy_of"", ""bms-488043""], [""varicella_zoster_vaccine_live/attenuated"", ""decreases_efficacy_of"", ""bulevirtide""]]",1.0,0.9999999403953552,1.0,1.0,1.0,0.9971157901053712,0.997404211094834,0.9976926320842968,0.9979810530737596,0.9982694740632226,0.9985578950526856,0.9988463160421484,0.9991347370316112,0.9994231580210742,0.9997115790105372,1.0,0.993031437447019,0.9889606971860512,1,node_replacement
115,"The drug rufloxacin increases the efficacy of sunitinib, diphenadione, and gastric inhibitory polypeptide. Sunitinib targets c-33-a, nci-h630, and ATP-dependent RNA helicase DDX1. Pyrithione enhances the efficacy of dicoumarol and phenprocoumon. Diphenadione boosts the efficacy of pentoxifylline, nemonoxacin, and pyrithione. Gastric inhibitory polypeptide decreases the efficacy of tacrolimus and sirolimus but increases the efficacy of sulfanitran.","The drug rufloxacin increases the efficacy of sunitinib, diphenadione, and gastric inhibitory polypeptide. Sunitinib targets c-33-a, dna-3-methyladenine glycosylase, and sbc-3. Pyrithione enhances the efficacy of dicoumarol and phenprocoumon. Diphenadione boosts the efficacy of pentoxifylline, nemonoxacin, and pyrithione. Gastric inhibitory polypeptide decreases the efficacy of tacrolimus and sirolimus, but increases the efficacy of sulfanitran.","[[""rufloxacin"", ""increases_efficacy_of"", ""sunitinib""], [""rufloxacin"", ""increases_efficacy_of"", ""diphenadione""], [""rufloxacin"", ""increases_efficacy_of"", ""gastric_inhibitory_polypeptide""], [""sunitinib"", ""targets"", ""c-33-a""], [""sunitinib"", ""targets"", ""nci-h630""], [""sunitinib"", ""targets"", ""ATP-dependent_RNA_helicase_DDX1""], [""pyrithione"", ""enhances_efficacy_of"", ""dicoumarol""], [""pyrithione"", ""enhances_efficacy_of"", ""phenprocoumon""], [""diphenadione"", ""boosts_efficacy_of"", ""pentoxifylline""], [""diphenadione"", ""boosts_efficacy_of"", ""nemonoxacin""], [""diphenadione"", ""boosts_efficacy_of"", ""pyrithione""], [""gastric_inhibitory_polypeptide"", ""decreases_efficacy_of"", ""tacrolimus""], [""gastric_inhibitory_polypeptide"", ""decreases_efficacy_of"", ""sirolimus""], [""gastric_inhibitory_polypeptide"", ""increases_efficacy_of"", ""sulfanitran""]]","[[""rufloxacin"", ""increases_efficacy_of"", ""sunitinib""], [""rufloxacin"", ""increases_efficacy_of"", ""diphenadione""], [""rufloxacin"", ""increases_efficacy_of"", ""gastric_inhibitory_polypeptide""], [""sunitinib"", ""targets"", ""c-33-a""], [""sunitinib"", ""targets"", ""dna-3-methyladenine_glycosylase""], [""sunitinib"", ""targets"", ""sbc-3""], [""pyrithione"", ""enhances_efficacy_of"", ""dicoumarol""], [""pyrithione"", ""enhances_efficacy_of"", ""phenprocoumon""], [""diphenadione"", ""boosts_efficacy_of"", ""pentoxifylline""], [""diphenadione"", ""boosts_efficacy_of"", ""nemonoxacin""], [""diphenadione"", ""boosts_efficacy_of"", ""pyrithione""], [""gastric_inhibitory_polypeptide"", ""decreases_efficacy_of"", ""tacrolimus""], [""gastric_inhibitory_polypeptide"", ""decreases_efficacy_of"", ""sirolimus""], [""gastric_inhibitory_polypeptide"", ""increases_efficacy_of"", ""sulfanitran""]]",0.7935753932437074,0.7287061214447021,0.9680071473121644,0.7666666666666667,0.7935753932437074,0.9912596739710128,0.9714912458982822,0.9517228178255516,0.931954389752821,0.9121859616800904,0.8924175336073601,0.8726491055346295,0.8528806774618989,0.8331122493891685,0.8133438213164379,0.7935753932437074,0.9683594339043464,0.9698421816124512,0,node_replacement
116,"The drug insulin glargine increases the efficacy of bucindolol. Nitrofurantoin decreases the efficacy of diethylstilbestrol and estradiol acetate. Nitrofurantoin also has the side effect of malaise. Estradiol acetate decreases the efficacy of insulin glargine and furosemide. Diethylstilbestrol decreases the efficacy of bexarotene, trifluridine, and meclofenamic acid.","Insulin glargine increases the efficacy of bucindolol. Nitrofurantoin has a side effect of malaise. Estradiol acetate decreases the efficacy of insulin glargine and furosemide. Diethylstilbestrol decreases the efficacy of bexarotene, trifluridine, and meclofenamic acid.","[[""insulin_glargine"", ""increases_efficacy_of"", ""bucindolol""], [""nitrofurantoin"", ""decreases_efficacy_of"", ""diethylstilbestrol""], [""nitrofurantoin"", ""decreases_efficacy_of"", ""estradiol_acetate""], [""nitrofurantoin"", ""has_side_effect"", ""malaise""], [""estradiol_acetate"", ""decreases_efficacy_of"", ""insulin_glargine""], [""estradiol_acetate"", ""decreases_efficacy_of"", ""furosemide""], [""diethylstilbestrol"", ""decreases_efficacy_of"", ""bexarotene""], [""diethylstilbestrol"", ""decreases_efficacy_of"", ""trifluridine""], [""diethylstilbestrol"", ""decreases_efficacy_of"", ""meclofenamic_acid""]]","[[""insulin_glargine"", ""increases_efficacy_of"", ""bucindolol""], [""nitrofurantoin"", ""has_side_effect"", ""malaise""], [""estradiol_acetate"", ""decreases_efficacy_of"", ""insulin_glargine""], [""estradiol_acetate"", ""decreases_efficacy_of"", ""furosemide""], [""diethylstilbestrol"", ""decreases_efficacy_of"", ""bexarotene""], [""diethylstilbestrol"", ""decreases_efficacy_of"", ""trifluridine""], [""diethylstilbestrol"", ""decreases_efficacy_of"", ""meclofenamic_acid""]]",0.9166666666666666,1.0,1.0,0.9166666666666666,0.9166666666666666,0.9901030790398294,0.9827594378025132,0.975415796565197,0.9680721553278806,0.9607285140905644,0.953384872853248,0.9460412316159316,0.9386975903786154,0.9313539491412992,0.9240103079039828,0.9166666666666666,0.9863806170263524,0.7741783524642276,0,edge_deletion
117,"The drug chlorprothixene increases the effect of constipation, but decreases the efficacy of isoprenaline. Furthermore, magnesium glycinate decreases the efficacy of tropicamide, flupentixol, and chlorprothixene.","The drug chlorprothixene increases the effect of constipation but decreases the efficacy of isoprenaline. Whereas, magnesium glycinate decreases the efficacy of tropicamide, flupentixol, and chlorprothixene.","[[""chlorprothixene"", ""increases"", ""constipation""], [""chlorprothixene"", ""decreases"", ""isoprenaline""], [""magnesium_glycinate"", ""decreases"", ""tropicamide""], [""magnesium_glycinate"", ""decreases"", ""flupentixol""], [""magnesium_glycinate"", ""decreases"", ""chlorprothixene""]]","[[""chlorprothixene"", ""increases"", ""constipation""], [""chlorprothixene"", ""decreases"", ""isoprenaline""], [""magnesium_glycinate"", ""decreases"", ""tropicamide""], [""magnesium_glycinate"", ""decreases"", ""flupentixol""], [""magnesium_glycinate"", ""decreases"", ""chlorprothixene""]]",1.0,1.0,0.9999998807907104,1.0,1.0,0.9999999985309364,0.9999999986778428,0.9999999988247492,0.9999999989716556,0.999999999118562,0.9999999992654682,0.9999999994123746,0.999999999559281,0.9999999997061872,0.9999999998530936,1.0,0.9999999988079072,0.9999999887311484,1,edge_replacement
118,"Belladonna decreases the efficacy of multiple drugs including Pegvisomant, Picosulfuric Acid, and Ipidacrine. Ipidacrine in turn decreases the efficacy of Promazine, Benzilone, and Fluticasone. Additionally, Picosulfuric Acid decreases the efficacy of Pirenzepine, Quetiapine, and Pipenzolate.","Belladonna decreases the efficacy of pegvisomant, picosulfuric acid, and ipidacrine. In turn, ipidacrine decreases the efficacy of promazine, benzilone, and fluticasone. Additionally, picosulfuric acid decreases the efficacy of pirenzepine, quetiapine, and pipenzolate.","[[""Belladonna"", ""decreases_efficacy_of"", ""Pegvisomant""], [""Belladonna"", ""decreases_efficacy_of"", ""Picosulfuric_Acid""], [""Belladonna"", ""decreases_efficacy_of"", ""Ipidacrine""], [""Ipidacrine"", ""decreases_efficacy_of"", ""Promazine""], [""Ipidacrine"", ""decreases_efficacy_of"", ""Benzilone""], [""Ipidacrine"", ""decreases_efficacy_of"", ""Fluticasone""], [""Picosulfuric_Acid"", ""decreases_efficacy_of"", ""Pirenzepine""], [""Picosulfuric_Acid"", ""decreases_efficacy_of"", ""Quetiapine""], [""Picosulfuric_Acid"", ""decreases_efficacy_of"", ""Pipenzolate""]]","[[""Belladonna"", ""decreases_efficacy_of"", ""Pegvisomant""], [""Belladonna"", ""decreases_efficacy_of"", ""Picosulfuric_Acid""], [""Belladonna"", ""decreases_efficacy_of"", ""Ipidacrine""], [""Ipidacrine"", ""decreases_efficacy_of"", ""Promazine""], [""Ipidacrine"", ""decreases_efficacy_of"", ""Benzilone""], [""Ipidacrine"", ""decreases_efficacy_of"", ""Fluticasone""], [""Picosulfuric_Acid"", ""decreases_efficacy_of"", ""Pirenzepine""], [""Picosulfuric_Acid"", ""decreases_efficacy_of"", ""Quetiapine""], [""Picosulfuric_Acid"", ""decreases_efficacy_of"", ""Pipenzolate""]]",1.0,0.9999999403953552,0.9999998807907104,1.0,1.0,1.0,1.0,1.0,1.0,1.0,1.0,1.0,1.0,1.0,1.0,1.0,0.9999999928474426,0.9999999887492051,1,node_removal
119,"The drug 3,5-diiodothyropropionic acid decreases the efficacy of PD173955, Tesevatinib, and Carbutamide. Elcatonin decreases the efficacy of Diazepam and Savolitinib. Parathyroid hormone decreases the efficacy of Glisoxepide and Levomilnacipran and has a side effect of causing urethral disorder. Savolitinib decreases the efficacy of Teriparatide. Lestaurtinib decreases the efficacy of Parathyroid hormone, 3,5-diiodothyropropionic acid, and Elcatonin.","The compound 3,5-diiodothyropropionic acid decreases the efficacy of pd173955, tesevatinib, and carbutamide. Elcatonin decreases the efficacy of diazepam and savolitinib. Parathyroid hormone decreases the efficacy of glisoxepide and levomilnacipran, and has a side effect of urethral disorder. Savolitinib decreases the efficacy of teriparatide. Lestaurtinib decreases the efficacy of parathyroid hormone, 3,5-diiodothyropropionic acid, and elcatonin.","[[""3,5-diiodothyropropionic_acid"", ""decreases_efficacy_of"", ""PD173955""], [""3,5-diiodothyropropionic_acid"", ""decreases_efficacy_of"", ""Tesevatinib""], [""3,5-diiodothyropropionic_acid"", ""decreases_efficacy_of"", ""Carbutamide""], [""Elcatonin"", ""decreases_efficacy_of"", ""Diazepam""], [""Elcatonin"", ""decreases_efficacy_of"", ""Savolitinib""], [""Parathyroid_hormone"", ""decreases_efficacy_of"", ""Glisoxepide""], [""Parathyroid_hormone"", ""decreases_efficacy_of"", ""Levomilnacipran""], [""Parathyroid_hormone"", ""has_side_effect"", ""urethral_disorder""], [""Savolitinib"", ""decreases_efficacy_of"", ""Teriparatide""], [""Lestaurtinib"", ""decreases_efficacy_of"", ""Parathyroid_hormone""], [""Lestaurtinib"", ""decreases_efficacy_of"", ""3,5-diiodothyropropionic_acid""], [""Lestaurtinib"", ""decreases_efficacy_of"", ""Elcatonin""]]","[[""3,5-diiodothyropropionic_acid"", ""decreases_efficacy_of"", ""pd173955""], [""3,5-diiodothyropropionic_acid"", ""decreases_efficacy_of"", ""tesevatinib""], [""3,5-diiodothyropropionic_acid"", ""decreases_efficacy_of"", ""carbutamide""], [""Elcatonin"", ""decreases_efficacy_of"", ""diazepam""], [""Elcatonin"", ""decreases_efficacy_of"", ""savolitinib""], [""Parathyroid_hormone"", ""decreases_efficacy_of"", ""glisoxepide""], [""Parathyroid_hormone"", ""decreases_efficacy_of"", ""levomilnacipran""], [""Parathyroid_hormone"", ""has_side_effect"", ""urethral_disorder""], [""Savolitinib"", ""decreases_efficacy_of"", ""teriparatide""], [""Lestaurtinib"", ""decreases_efficacy_of"", ""parathyroid_hormone""], [""Lestaurtinib"", ""decreases_efficacy_of"", ""3,5-diiodothyropropionic_acid""], [""Lestaurtinib"", ""decreases_efficacy_of"", ""elcatonin""]]",1.0,0.856883704662323,0.9121592044830322,1.0,1.0,0.9999999980203914,0.9999999982183524,0.9999999984163132,0.999999998614274,0.9999999988122348,0.9999999990101958,0.9999999992081564,0.9999999994061176,0.9999999996040784,0.9999999998020392,1.0,1.0,0.7955503280570397,1,node_replacement
120,"The drug zuclopenthixol increases neuropsychiatric effects but decreases the efficacy of metaraminol. Propylhexedrine decreases the efficacy of sotalol, amoxapine, and zuclopenthixol. Amoxapine increases bleeding but decreases the efficacy of ropinirole and polycarbophil. Dutasteride decreases the efficacy of propylhexedrine and has side effects including tenderness and decreased orgasmic sensation.","The drug zuclopenthixol decreases the efficacy of metaraminol. It also decreases the neuropsychiatric effects. Propylhexedrine decreases the efficacy of sotalol, amoxapine, and zuclopenthixol. Amoxapine increases bleeding and decreases the efficacy of ropinirole and polycarbophil. Dutasteride decreases the efficacy of propylhexedrine and has side effects such as tenderness and decreased orgasmic sensation.","[[""zuclopenthixol"", ""increases"", ""neuropsychiatric_effects""], [""zuclopenthixol"", ""decreases"", ""efficacy_of_metaraminol""], [""propylhexedrine"", ""decreases"", ""efficacy_of_sotalol""], [""propylhexedrine"", ""decreases"", ""efficacy_of_amoxapine""], [""propylhexedrine"", ""decreases"", ""efficacy_of_zuclopenthixol""], [""amoxapine"", ""increases"", ""bleeding""], [""amoxapine"", ""decreases"", ""efficacy_of_ropinirole""], [""amoxapine"", ""decreases"", ""efficacy_of_polycarbophil""], [""dutasteride"", ""decreases"", ""efficacy_of_propylhexedrine""], [""dutasteride"", ""has_side_effect"", ""tenderness""], [""dutasteride"", ""has_side_effect"", ""decreased_orgasmic_sensation""]]","[[""zuclopenthixol"", ""decreases"", ""efficacy_of_metaraminol""], [""zuclopenthixol"", ""decreases"", ""neuropsychiatric_effects""], [""propylhexedrine"", ""decreases"", ""efficacy_of_sotalol""], [""propylhexedrine"", ""decreases"", ""efficacy_of_amoxapine""], [""propylhexedrine"", ""decreases"", ""efficacy_of_zuclopenthixol""], [""amoxapine"", ""increases"", ""bleeding""], [""amoxapine"", ""decreases"", ""efficacy_of_ropinirole""], [""amoxapine"", ""decreases"", ""efficacy_of_polycarbophil""], [""dutasteride"", ""decreases"", ""efficacy_of_propylhexedrine""], [""dutasteride"", ""has_side_effect"", ""tenderness""], [""dutasteride"", ""has_side_effect"", ""decreased_orgasmic_sensation""]]",1.0,1.0,1.0,1.0,1.0,0.9991197648832346,0.9992077883949112,0.9992958119065878,0.9993838354182644,0.9994718589299408,0.9995598824416172,0.999647905953294,0.9997359294649704,0.999823952976647,0.9999119764883234,1.0,0.997346765701912,0.9995037480359537,0,edge_replacement
121,"Estradiol decreases the efficacy of azlocillin, liotrix, and albiglutide. Trifluridine decreases the efficacy of etonogestrel and estradiol as well as that of tecemotide. Etonogestrel decreases the efficacy of balaglitazone and has side effects such as Galactorrhoea and Connective tissue disorder. Tecemotide decreases the efficacy of flunisolide, cisplatin, and mechlorethamine. Mechlorethamine decreases the efficacy of disopyramide and amitriptyline, and has the side effect of Menstruation delayed. Cisplatin is a substance that treats leukopenia and has side effects such as Posterior reversible encephalopathy syndrome.","The drug methylpropylpropanediol dinitrate decreases the efficacy of azlocillin, liotrix, and albiglutide. Additionally, tezepelumab decreases the efficacy of etonogestrel, methylpropylpropanediol dinitrate, and tecemotide. Etonogestrel, in turn, decreases the efficacy of balaglitazone and has side effects such as Galactorrhoea and Connective tissue disorder. Moreover, tecemotide decreases the efficacy of flunisolide, methyl lucidenate q, and surfactin. Surfactin's decrease in efficacy affects conestat alfa and amitriptyline, while also causing side effects like Menstruation delayed. Lastly, methyl lucidenate q is a substance that treats atypical juvenile parkinsonism and has a side effect of Urethral haemorrhage.","[[""Estradiol"", ""decreases_efficacy_of"", ""azlocillin""], [""Estradiol"", ""decreases_efficacy_of"", ""liotrix""], [""Estradiol"", ""decreases_efficacy_of"", ""albiglutide""], [""Trifluridine"", ""decreases_efficacy_of"", ""etonogestrel""], [""Trifluridine"", ""decreases_efficacy_of"", ""estradiol""], [""Trifluridine"", ""decreases_efficacy_of"", ""tecemotide""], [""Etonogestrel"", ""decreases_efficacy_of"", ""balaglitazone""], [""Etonogestrel"", ""has_side_effect"", ""Galactorrhoea""], [""Etonogestrel"", ""has_side_effect"", ""Connective_tissue_disorder""], [""Tecemotide"", ""decreases_efficacy_of"", ""flunisolide""], [""Tecemotide"", ""decreases_efficacy_of"", ""cisplatin""], [""Tecemotide"", ""decreases_efficacy_of"", ""mechlorethamine""], [""Mechlorethamine"", ""decreases_efficacy_of"", ""disopyramide""], [""Mechlorethamine"", ""decreases_efficacy_of"", ""amitriptyline""], [""Mechlorethamine"", ""has_side_effect"", ""Menstruation_delayed""], [""Cisplatin"", ""treats"", ""leukopenia""], [""Cisplatin"", ""has_side_effect"", ""Posterior_reversible_encephalopathy_syndrome""]]","[[""methylpropylpropanediol_dinitrate"", ""decreases_efficacy_of"", ""azlocillin""], [""methylpropylpropanediol_dinitrate"", ""decreases_efficacy_of"", ""liotrix""], [""methylpropylpropanediol_dinitrate"", ""decreases_efficacy_of"", ""albiglutide""], [""tezepelumab"", ""decreases_efficacy_of"", ""etonogestrel""], [""tezepelumab"", ""decreases_efficacy_of"", ""methylpropylpropanediol_dinitrate""], [""tezepelumab"", ""decreases_efficacy_of"", ""tecemotide""], [""Etonogestrel"", ""decreases_efficacy_of"", ""balaglitazone""], [""Etonogestrel"", ""has_side_effect"", ""Galactorrhoea""], [""Etonogestrel"", ""has_side_effect"", ""Connective_tissue_disorder""], [""Tecemotide"", ""decreases_efficacy_of"", ""flunisolide""], [""Tecemotide"", ""decreases_efficacy_of"", ""methyl_lucidenate_q""], [""Tecemotide"", ""decreases_efficacy_of"", ""surfactin""], [""Surfactin"", ""decreases_efficacy_of"", ""conestat_alfa""], [""Surfactin"", ""decreases_efficacy_of"", ""amitriptyline""], [""Surfactin"", ""has_side_effect"", ""Menstruation_delayed""], [""methyl_lucidenate_q"", ""treats"", ""atypical_juvenile_parkinsonism""], [""methyl_lucidenate_q"", ""has_side_effect"", ""Urethral_haemorrhage""]]",0.6187236297743542,0.2623819410800934,0.7457114458084106,0.5648148148148148,0.6187236297743542,0.9170301017179064,0.8871994545235513,0.8573688073291961,0.8275381601348408,0.7977075129404856,0.7678768657461303,0.7380462185517751,0.70821557135742,0.6783849241630646,0.6485542769687095,0.6187236297743542,0.8297211578453707,0.886142040572247,0,node_replacement
122,"The drug insulin degludec decreases the efficacy of gestodene.

Liotrix decreases the efficacy of citalopram and esatenolol, but increases the efficacy of allantoin.

Follitropin decreases the efficacy of vatalanib, ruxolitinib, and insulin degludec.

Selumetinib decreases the efficacy of salmon calcitonin, follitropin, and liotrix.","The drug insulin degludec decreases the efficacy of gestodene. Liotrix decreases the efficacy of citalopram and esatenolol but increases the efficacy of allantoin. Follitropin decreases the efficacy of vatalanib, ruxolitinib, and insulin degludec. Additionally, selumetinib decreases the efficacy of salmon calcitonin.","[[""insulin_degludec"", ""decreases_efficacy_of"", ""gestodene""], [""liotrix"", ""decreases_efficacy_of"", ""citalopram""], [""liotrix"", ""decreases_efficacy_of"", ""esatenolol""], [""liotrix"", ""increases_efficacy_of"", ""allantoin""], [""follitropin"", ""decreases_efficacy_of"", ""vatalanib""], [""follitropin"", ""decreases_efficacy_of"", ""ruxolitinib""], [""follitropin"", ""decreases_efficacy_of"", ""insulin_degludec""], [""selumetinib"", ""decreases_efficacy_of"", ""salmon_calcitonin""], [""selumetinib"", ""decreases_efficacy_of"", ""follitropin""], [""selumetinib"", ""decreases_efficacy_of"", ""liotrix""]]","[[""insulin_degludec"", ""decreases_efficacy_of"", ""gestodene""], [""liotrix"", ""decreases_efficacy_of"", ""citalopram""], [""liotrix"", ""decreases_efficacy_of"", ""esatenolol""], [""liotrix"", ""increases_efficacy_of"", ""allantoin""], [""follitropin"", ""decreases_efficacy_of"", ""vatalanib""], [""follitropin"", ""decreases_efficacy_of"", ""ruxolitinib""], [""follitropin"", ""decreases_efficacy_of"", ""insulin_degludec""], [""selumetinib"", ""decreases_efficacy_of"", ""salmon_calcitonin""]]",0.7878787878787878,1.0,1.0,0.7878787878787878,0.7878787878787878,0.9892432338582496,0.9691067892603036,0.9489703446623572,0.928833900064411,0.908697455466465,0.8885610108685187,0.8684245662705725,0.8482881216726263,0.8281516770746802,0.808015232476734,0.7878787878787878,0.9864338231577818,0.7968962531111823,0,edge_deletion
123,"The drug Fleroxacin increases the efficacy of Nateglinide and Linagliptin. Additionally, Omarigliptin decreases the efficacy of Isoniazid but increases the efficacy of Fleroxacin and Sulfaphenazole. Isoniazid, on the other hand, decreases the efficacy of Semaglutide and has side effects such as Nausea and Optic neuritis. Lastly, Sulfaphenazole increases the efficacy of Carmegliptin.","The drug Fleroxacin increases the efficacy of both Nateglinide and Linagliptin. Omarigliptin decreases the efficacy of Isoniazid but increases the efficacy of Fleroxacin and Sulfaphenazole. Isoniazid, in turn, decreases the efficacy of Semaglutide and has side effects such as Nausea and Optic neuritis. Additionally, Sulfaphenazole increases the efficacy of Carmegliptin.","[[""Fleroxacin"", ""increases_efficacy_of"", ""Nateglinide""], [""Fleroxacin"", ""increases_efficacy_of"", ""Linagliptin""], [""Omarigliptin"", ""decreases_efficacy_of"", ""Isoniazid""], [""Omarigliptin"", ""increases_efficacy_of"", ""Fleroxacin""], [""Omarigliptin"", ""increases_efficacy_of"", ""Sulfaphenazole""], [""Isoniazid"", ""decreases_efficacy_of"", ""Semaglutide""], [""Isoniazid"", ""has_side_effect"", ""Nausea""], [""Isoniazid"", ""has_side_effect"", ""Optic_neuritis""], [""Sulfaphenazole"", ""increases_efficacy_of"", ""Carmegliptin""]]","[[""Fleroxacin"", ""increases_efficacy_of"", ""Nateglinide""], [""Fleroxacin"", ""increases_efficacy_of"", ""Linagliptin""], [""Omarigliptin"", ""decreases_efficacy_of"", ""Isoniazid""], [""Omarigliptin"", ""increases_efficacy_of"", ""Fleroxacin""], [""Omarigliptin"", ""increases_efficacy_of"", ""Sulfaphenazole""], [""Isoniazid"", ""decreases_efficacy_of"", ""Semaglutide""], [""Isoniazid"", ""has_side_effect"", ""Nausea""], [""Isoniazid"", ""has_side_effect"", ""Optic_neuritis""], [""Sulfaphenazole"", ""increases_efficacy_of"", ""Carmegliptin""]]",1.0,0.9999998807907104,1.0,1.0,1.0,0.9999999982595372,0.9999999984335834,0.9999999986076298,0.999999998781676,0.9999999989557222,0.9999999991297686,0.9999999993038148,0.9999999994778612,0.9999999996519074,0.9999999998259536,1.0,0.9999999874830244,0.9999999872918034,1,edge_deletion
124,"The drug methantheline targets the muscarinic acetylcholine receptor m2. Methantheline decreases the efficacy of both bisoxatin and carboxymethylcellulose. Bisoxatin, in turn, reduces the efficacy of nitrendipine, pinaverium, and caroverine. Carboxymethylcellulose decreases the efficacy of diphenoxylate, carvedilol, and dotarizine. CHRM2 acts within the pathway of Muscarinic acetylcholine receptors and the muscarinic acetylcholine receptor m2 is a gene product of CHRM2.","The drug methantheline decreases the efficacy of bisoxatin and carboxymethylcellulose. Furthermore, bisoxatin indirectly decreases the efficacy of caroverine, while carboxymethylcellulose reduces the efficacy of both carvedilol and dotarizine.","[[""methantheline"", ""targets"", ""muscarinic_acetylcholine_receptor_m2""], [""methantheline"", ""decreases_efficacy_of"", ""bisoxatin""], [""methantheline"", ""decreases_efficacy_of"", ""carboxymethylcellulose""], [""bisoxatin"", ""decreases_efficacy_of"", ""nitrendipine""], [""bisoxatin"", ""decreases_efficacy_of"", ""pinaverium""], [""bisoxatin"", ""decreases_efficacy_of"", ""caroverine""], [""carboxymethylcellulose"", ""decreases_efficacy_of"", ""diphenoxylate""], [""carboxymethylcellulose"", ""decreases_efficacy_of"", ""carvedilol""], [""carboxymethylcellulose"", ""decreases_efficacy_of"", ""dotarizine""], [""CHRM2"", ""acts_within"", ""Muscarinic_acetylcholine_receptors""], [""muscarinic_acetylcholine_receptor_m2"", ""gene_product_of"", ""CHRM2""]]","[[""methantheline"", ""decreases_efficacy_of"", ""bisoxatin""], [""methantheline"", ""decreases_efficacy_of"", ""carboxymethylcellulose""], [""bisoxatin"", ""indirectly_decreases_efficacy_of"", ""caroverine""], [""carboxymethylcellulose"", ""reduces_efficacy_of"", ""carvedilol""], [""carboxymethylcellulose"", ""reduces_efficacy_of"", ""dotarizine""]]",0.4308202184276645,0.3054311573505401,0.7150815725326538,0.4124789556921527,0.4124789556921527,0.9346477020553294,0.8824308274190118,0.8302139527826942,0.7779970781463763,0.7257802035100587,0.673563328873741,0.6213464542374234,0.5691295796011058,0.516912704964788,0.4646958303284704,0.4124789556921527,0.8468486305085274,0.7612654558908356,0,node_removal
125,"Ademetionine increases the activity of the hepatotoxic activities and targets two proteins: protein arginine N-methyltransferase 1 and histone-lysine N-methyltransferase. Protein arginine N-methyltransferase 1 is a gene product of PRMT1, while histone-lysine N-methyltransferase is a gene product of DOT1L, EHMT1, and EHMT2.","The compound ademetionine targets two proteins, protein arginine n-methyltransferase 1 and histone-lysine n-methyltransferase. Ademetionine also decreases the activity of the hepatotoxic activities. The protein arginine n-methyltransferase 1 is a gene product of PRMT1, while histone-lysine n-methyltransferase is a gene product of DOT1L, EHMT1, and EHMT2.","[[""Ademetionine"", ""increases_activity_of"", ""hepatotoxic_activities""], [""Ademetionine"", ""targets"", ""protein_arginine_N-methyltransferase_1""], [""Ademetionine"", ""targets"", ""histone-lysine_N-methyltransferase""], [""protein_arginine_N-methyltransferase_1"", ""gene_product_of"", ""PRMT1""], [""histone-lysine_N-methyltransferase"", ""gene_product_of"", ""DOT1L""], [""histone-lysine_N-methyltransferase"", ""gene_product_of"", ""EHMT1""], [""histone-lysine_N-methyltransferase"", ""gene_product_of"", ""EHMT2""]]","[[""Ademetionine"", ""targets"", ""protein_arginine_n-methyltransferase_1""], [""Ademetionine"", ""targets"", ""histone-lysine_n-methyltransferase""], [""Ademetionine"", ""decreases_activity_of"", ""hepatotoxic_activities""], [""protein_arginine_n-methyltransferase_1"", ""gene_product_of"", ""PRMT1""], [""histone-lysine_n-methyltransferase"", ""gene_product_of"", ""DOT1L""], [""histone-lysine_n-methyltransferase"", ""gene_product_of"", ""EHMT1""], [""histone-lysine_n-methyltransferase"", ""gene_product_of"", ""EHMT2""]]",1.0,0.9999998807907104,0.9999999403953552,1.0,1.0,0.998982680435631,0.999084412392068,0.9991861443485048,0.9992878763049416,0.9993896082613786,0.9994913402178156,0.9995930721742524,0.9996948041306892,0.9997965360871262,0.9998982680435632,1.0,0.99215338676438,0.9978327269721474,0,edge_replacement
126,"Cordycepin increases the efficacy of acenocoumarol and clorindione. Coumarin decreases the efficacy of bendroflumethiazide but increases the efficacy of sinefungin and cordycepin. Abafungin increases the efficacy of coumarin, levamlodipine, and niguldipine. Levamlodipine decreases the efficacy of nimesulide, droxicam, and acemetacin. Niguldipine decreases the efficacy of mesalazine, oxaprozin, and chlorphentermine. Bendroflumethiazide decreases the efficacy of protocatechualdehyde and tilidine, while also having a side effect of dermatitis.","Cordycepin increases the efficacy of both acenocoumarol and clorindione. Coumarin decreases the efficacy of bendroflumethiazide, while increasing the efficacy of sinefungin and cordycepin. Levamlodipine decreases the efficacy of nimesulide, droxicam, and acemetacin. Niguldipine decreases the efficacy of mesalazine, oxaprozin, and chlorphentermine. Abafungin increases the efficacy of coumarin, levamlodipine, and niguldipine. Bendroflumethiazide decreases the efficacy of protocatechualdehyde and tilidine, while also having a side effect of dermatitis.","[[""Cordycepin"", ""increases_efficacy_of"", ""acenocoumarol""], [""Cordycepin"", ""increases_efficacy_of"", ""clorindione""], [""Coumarin"", ""decreases_efficacy_of"", ""bendroflumethiazide""], [""Coumarin"", ""increases_efficacy_of"", ""sinefungin""], [""Coumarin"", ""increases_efficacy_of"", ""cordycepin""], [""Abafungin"", ""increases_efficacy_of"", ""coumarin""], [""Abafungin"", ""increases_efficacy_of"", ""levamlodipine""], [""Abafungin"", ""increases_efficacy_of"", ""niguldipine""], [""Levamlodipine"", ""decreases_efficacy_of"", ""nimesulide""], [""Levamlodipine"", ""decreases_efficacy_of"", ""droxicam""], [""Levamlodipine"", ""decreases_efficacy_of"", ""acemetacin""], [""Niguldipine"", ""decreases_efficacy_of"", ""mesalazine""], [""Niguldipine"", ""decreases_efficacy_of"", ""oxaprozin""], [""Niguldipine"", ""decreases_efficacy_of"", ""chlorphentermine""], [""Bendroflumethiazide"", ""decreases_efficacy_of"", ""protocatechualdehyde""], [""Bendroflumethiazide"", ""decreases_efficacy_of"", ""tilidine""], [""Bendroflumethiazide"", ""has_side_effect"", ""dermatitis""]]","[[""Cordycepin"", ""increases_efficacy_of"", ""acenocoumarol""], [""Cordycepin"", ""increases_efficacy_of"", ""clorindione""], [""Coumarin"", ""decreases_efficacy_of"", ""bendroflumethiazide""], [""Coumarin"", ""increases_efficacy_of"", ""sinefungin""], [""Coumarin"", ""increases_efficacy_of"", ""cordycepin""], [""Levamlodipine"", ""decreases_efficacy_of"", ""nimesulide""], [""Levamlodipine"", ""decreases_efficacy_of"", ""droxicam""], [""Levamlodipine"", ""decreases_efficacy_of"", ""acemetacin""], [""Niguldipine"", ""decreases_efficacy_of"", ""mesalazine""], [""Niguldipine"", ""decreases_efficacy_of"", ""oxaprozin""], [""Niguldipine"", ""decreases_efficacy_of"", ""chlorphentermine""], [""Abafungin"", ""increases_efficacy_of"", ""coumarin""], [""Abafungin"", ""increases_efficacy_of"", ""levamlodipine""], [""Abafungin"", ""increases_efficacy_of"", ""niguldipine""], [""Bendroflumethiazide"", ""decreases_efficacy_of"", ""protocatechualdehyde""], [""Bendroflumethiazide"", ""decreases_efficacy_of"", ""tilidine""], [""Bendroflumethiazide"", ""has_side_effect"", ""dermatitis""]]",1.0,1.0,1.0,0.7962962962962963,1.0,0.9999999099795028,0.9999999189815526,0.9999999279836024,0.999999936985652,0.9999999459877018,0.9999999549897516,0.9999999639918012,0.9999999729938508,0.9999999819959006,0.9999999909979504,1.0,1.0,0.9999999895567944,1,node_removal
127,"Beraprost decreases efficacy of prothrombin, cefsulodin, and nonacog beta pegol. Prothrombin, in turn, decreases efficacy of drotrecogin alfa and warfarin. Cefsulodin reduces the efficacy of triflusal, picosulfuric acid, and protein C. Lastly, nonacog beta pegol diminishes the efficacy of prasugrel and dalteparin.","The drug beraprost decreases the efficacy of several medications including prothrombin, cefsulodin, and nonacog beta pegol. Prothrombin, in turn, decreases the efficacy of drotrecogin alfa and warfarin. Cefsulodin also decreases the efficacy of triflusal, picosulfuric acid, and protein C. Additionally, nonacog beta pegol decreases the efficacy of prasugrel and dalteparin.","[[""Beraprost"", ""decreases_efficacy_of"", ""prothrombin""], [""Beraprost"", ""decreases_efficacy_of"", ""cefsulodin""], [""Beraprost"", ""decreases_efficacy_of"", ""nonacog_beta_pegol""], [""prothrombin"", ""decreases_efficacy_of"", ""drotrecogin_alfa""], [""prothrombin"", ""decreases_efficacy_of"", ""warfarin""], [""cefsulodin"", ""reduces_efficacy_of"", ""triflusal""], [""cefsulodin"", ""reduces_efficacy_of"", ""picosulfuric_acid""], [""cefsulodin"", ""reduces_efficacy_of"", ""protein_C""], [""nonacog_beta_pegol"", ""diminishes_efficacy_of"", ""prasugrel""], [""nonacog_beta_pegol"", ""diminishes_efficacy_of"", ""dalteparin""]]","[[""Beraprost"", ""decreases_efficacy_of"", ""prothrombin""], [""Beraprost"", ""decreases_efficacy_of"", ""cefsulodin""], [""Beraprost"", ""decreases_efficacy_of"", ""nonacog_beta_pegol""], [""prothrombin"", ""decreases_efficacy_of"", ""drotrecogin_alfa""], [""prothrombin"", ""decreases_efficacy_of"", ""warfarin""], [""cefsulodin"", ""decreases_efficacy_of"", ""triflusal""], [""cefsulodin"", ""decreases_efficacy_of"", ""picosulfuric_acid""], [""cefsulodin"", ""decreases_efficacy_of"", ""protein_C""], [""nonacog_beta_pegol"", ""decreases_efficacy_of"", ""prasugrel""], [""nonacog_beta_pegol"", ""decreases_efficacy_of"", ""dalteparin""]]",1.0,1.0,1.0,1.0,1.0,0.996501635708014,0.9968514721372124,0.9972013085664112,0.9975511449956096,0.9979009814248084,0.9982508178540068,0.9986006542832055,0.9989504907124042,0.9993003271416028,0.9996501635708014,1.0,0.9924599879797176,0.9895425978604506,1,node_removal
128,"Disopyramide increases the activity of the excretion rate and increases the efficacy of flumequine. Metoclopramide decreases the efficacy of disopyramide and remifentanil, and has the side effect of cardiac failure congestive.","Disopyramide increases the efficacy of flumequine and decreases the activity of the excretion rate. Metoclopramide decreases the efficacy of both disopyramide and remifentanil, and has a side effect of cardiac failure congestive.","[[""Disopyramide"", ""increases"", ""excretion_rate""], [""Disopyramide"", ""increases"", ""efficacy_of_flumequine""], [""Metoclopramide"", ""decreases"", ""efficacy_of_disopyramide""], [""Metoclopramide"", ""decreases"", ""efficacy_of_remifentanil""], [""Metoclopramide"", ""has_side_effect"", ""cardiac_failure_congestive""]]","[[""Disopyramide"", ""increases"", ""efficacy_of_flumequine""], [""Disopyramide"", ""decreases"", ""excretion_rate""], [""Metoclopramide"", ""decreases"", ""efficacy_of_disopyramide""], [""Metoclopramide"", ""decreases"", ""efficacy_of_remifentanil""], [""Metoclopramide"", ""has_side_effect"", ""cardiac_failure_congestive""]]",1.0,0.9999999403953552,0.9999998807907104,1.0,1.0,0.9981478536025042,0.9983330682422538,0.9985182828820034,0.998703497521753,0.9988887121615024,0.999073926801252,0.9992591414410016,0.9994443560807512,0.9996295707205008,0.9998147853602504,1.0,0.9971969407193116,0.994653745045032,0,edge_replacement
129,"Interferon beta-1b increases the effect of myelosuppression and infection. Additionally, interferon beta-1b decreases the efficacy of tecemotide. Tecemotide, in turn, decreases the efficacy of teniposide and canakinumab.","The drug interferon beta-1b increases the effects of myelosuppression and infection, while decreasing the efficacy of tecemotide. Tecemotide, in turn, decreases the efficacy of teniposide and canakinumab.","[[""Interferon_beta-1b"", ""increases"", ""myelosuppression""], [""Interferon_beta-1b"", ""increases"", ""infection""], [""Interferon_beta-1b"", ""decreases"", ""tecemotide""], [""Tecemotide"", ""decreases"", ""teniposide""], [""Tecemotide"", ""decreases"", ""canakinumab""]]","[[""Interferon_beta-1b"", ""increases"", ""myelosuppression""], [""Interferon_beta-1b"", ""increases"", ""infection""], [""Interferon_beta-1b"", ""decreases"", ""tecemotide""], [""Tecemotide"", ""decreases"", ""teniposide""], [""Tecemotide"", ""decreases"", ""canakinumab""]]",1.0,0.9999998807907104,1.0,1.0,1.0,0.9999999172602912,0.999999925534262,0.999999933808233,0.999999942082204,0.9999999503561748,0.9999999586301456,0.9999999669041164,0.9999999751780874,0.9999999834520584,0.9999999917260292,1.0,1.0,1.0,1,edge_replacement
130,"The drug medazepam decreases the efficacy of cafedrine and desmethylsertraline. Estetrol decreases the efficacy of thyrotropin alfa, minocycline, and medazepam. Minocycline decreases the efficacy of pheneticillin and metampicillin and targets cytochrome p450 2d6. Thyrotropin alfa decreases the efficacy of penbutolol, lenvatinib, and estradiol valerate.","The drug medazepam decreases the efficacy of cafedrine and desmethylsertraline. Estetrol is known to decrease the efficacy of thyrotropin alfa, minocycline, and medazepam. Minocycline decreases the efficacy of pheneticillin and metampicillin and targets cytochrome P450 2D6. Thyrotropin alfa decreases the efficacy of penbutolol, lenvatinib, and estradiol valerate.","[[""medazepam"", ""decreases_efficacy_of"", ""cafedrine""], [""medazepam"", ""decreases_efficacy_of"", ""desmethylsertraline""], [""estetrol"", ""decreases_efficacy_of"", ""thyrotropin_alfa""], [""estetrol"", ""decreases_efficacy_of"", ""minocycline""], [""estetrol"", ""decreases_efficacy_of"", ""medazepam""], [""minocycline"", ""decreases_efficacy_of"", ""pheneticillin""], [""minocycline"", ""decreases_efficacy_of"", ""metampicillin""], [""minocycline"", ""targets"", ""cytochrome_p450_2d6""], [""thyrotropin_alfa"", ""decreases_efficacy_of"", ""penbutolol""], [""thyrotropin_alfa"", ""decreases_efficacy_of"", ""lenvatinib""], [""thyrotropin_alfa"", ""decreases_efficacy_of"", ""estradiol_valerate""]]","[[""medazepam"", ""decreases_efficacy_of"", ""cafedrine""], [""medazepam"", ""decreases_efficacy_of"", ""desmethylsertraline""], [""estetrol"", ""decreases_efficacy_of"", ""thyrotropin_alfa""], [""estetrol"", ""decreases_efficacy_of"", ""minocycline""], [""estetrol"", ""decreases_efficacy_of"", ""medazepam""], [""minocycline"", ""decreases_efficacy_of"", ""pheneticillin""], [""minocycline"", ""decreases_efficacy_of"", ""metampicillin""], [""minocycline"", ""targets"", ""cytochrome_P450_2D6""], [""thyrotropin_alfa"", ""decreases_efficacy_of"", ""penbutolol""], [""thyrotropin_alfa"", ""decreases_efficacy_of"", ""lenvatinib""], [""thyrotropin_alfa"", ""decreases_efficacy_of"", ""estradiol_valerate""]]",1.0,1.0,0.9999998807907104,1.0,1.0,0.9999999981283106,0.9999999983154796,0.9999999985026486,0.9999999986898174,0.9999999988769864,0.9999999990641552,0.9999999992513242,0.9999999994384932,0.999999999625662,0.999999999812831,1.0,1.0,0.999999988278199,1,node_removal
131,"Lesinurad decreases the efficacy of methyclothiazide, bendroflumethiazide, and chlorothiazide. Olsalazine decreases the efficacy of choline magnesium trisalicylate, but increases the efficacy of tiratricol. Olsalazine also has a side effect of causing mental disorders. Cimicoxib decreases the efficacy of nitrendipine and rauwolfia serpentina root. Chlorothiazide decreases the efficacy of olsalazine and cimicoxib, whereas it has an indication for liver cirrhosis. Bendroflumethiazide decreases the efficacy of sulfasalazine but increases the efficacy of guanfacine and carvedilol. Methyclothiazide decreases the efficacy of anistreplase and etoricoxib, and has an indication for hypertensive disease.","Broussonol A decreases the efficacy of trichothecin, bendroflumethiazide, and chlorothiazide. Hyacinthacine C3 decreases the efficacy of choline magnesium trisalicylate but increases the efficacy of tiratricol, and has a side effect of embolic stroke. 20(R)-ginsenoside Rg2 decreases the efficacy of nitrendipine and lypressin. Chlorothiazide decreases the efficacy of hyacinthacine C3 and 20(R)-ginsenoside Rg2, and has an indication for liver cirrhosis. Bendroflumethiazide decreases the efficacy of reticulatacin but increases the efficacy of eluxadoline and sarcotin N. Trichothecin decreases the efficacy of anistreplase and etoricoxib, and has an indication for clonus.","[[""Lesinurad"", ""decreases_efficacy_of"", ""methyclothiazide""], [""Lesinurad"", ""decreases_efficacy_of"", ""bendroflumethiazide""], [""Lesinurad"", ""decreases_efficacy_of"", ""chlorothiazide""], [""Olsalazine"", ""decreases_efficacy_of"", ""choline_magnesium_trisalicylate""], [""Olsalazine"", ""increases_efficacy_of"", ""tiratricol""], [""Olsalazine"", ""has_side_effect"", ""mental_disorders""], [""Cimicoxib"", ""decreases_efficacy_of"", ""nitrendipine""], [""Cimicoxib"", ""decreases_efficacy_of"", ""rauwolfia_serpentina_root""], [""Chlorothiazide"", ""decreases_efficacy_of"", ""olsalazine""], [""Chlorothiazide"", ""decreases_efficacy_of"", ""cimicoxib""], [""Chlorothiazide"", ""has_indication_for"", ""liver_cirrhosis""], [""Bendroflumethiazide"", ""decreases_efficacy_of"", ""sulfasalazine""], [""Bendroflumethiazide"", ""increases_efficacy_of"", ""guanfacine""], [""Bendroflumethiazide"", ""increases_efficacy_of"", ""carvedilol""], [""Methyclothiazide"", ""decreases_efficacy_of"", ""anistreplase""], [""Methyclothiazide"", ""decreases_efficacy_of"", ""etoricoxib""], [""Methyclothiazide"", ""has_indication_for"", ""hypertensive_disease""]]","[[""Broussonol_A"", ""decreases_efficacy_of"", ""trichothecin""], [""Broussonol_A"", ""decreases_efficacy_of"", ""bendroflumethiazide""], [""Broussonol_A"", ""decreases_efficacy_of"", ""chlorothiazide""], [""Hyacinthacine_C3"", ""decreases_efficacy_of"", ""choline_magnesium_trisalicylate""], [""Hyacinthacine_C3"", ""increases_efficacy_of"", ""tiratricol""], [""Hyacinthacine_C3"", ""has_side_effect"", ""embolic_stroke""], [""20(R)-ginsenoside_Rg2"", ""decreases_efficacy_of"", ""nitrendipine""], [""20(R)-ginsenoside_Rg2"", ""decreases_efficacy_of"", ""lypressin""], [""Chlorothiazide"", ""decreases_efficacy_of"", ""hyacinthacine_C3""], [""Chlorothiazide"", ""decreases_efficacy_of"", ""20(R)-ginsenoside_Rg2""], [""Chlorothiazide"", ""has_indication_for"", ""liver_cirrhosis""], [""Bendroflumethiazide"", ""decreases_efficacy_of"", ""reticulatacin""], [""Bendroflumethiazide"", ""increases_efficacy_of"", ""eluxadoline""], [""Bendroflumethiazide"", ""increases_efficacy_of"", ""sarcotin_N""], [""Trichothecin"", ""decreases_efficacy_of"", ""anistreplase""], [""Trichothecin"", ""decreases_efficacy_of"", ""etoricoxib""], [""Trichothecin"", ""has_indication_for"", ""clonus""]]",0.3989624992875176,0.097007505595684,0.7343315482139587,0.3518518518518518,0.3989624992875176,0.9027331967070612,0.8523561269651069,0.8019790572231524,0.7516019874811981,0.7012249177392438,0.6508478479972895,0.6004707782553351,0.5500937085133808,0.4997166387714263,0.449339569029472,0.3989624992875176,0.7749465597495175,0.8771559958532065,0,node_replacement
132,"The drug bendroflumethiazide increases the effects of cardiac arrhythmia and raises the efficacy of quinapril and muzolimine. Quinapril has side effects such as paraesthesia and urinary tract disorder. On the other hand, muzolimine decreases the efficacy of ethylmorphine, etoricoxib, and tinoridine.","The medication bendroflumethiazide increases the effect of Cardiac Arrhythmia, enhances the efficacy of quinapril, and also boosts the efficacy of muzolimine. Quinapril, in turn, can lead to side effects such as Paraesthesia and Urinary tract disorder. Meanwhile, muzolimine decreases the efficacy of ethylmorphine, etoricoxib, and tinoridine.","[[""bendroflumethiazide"", ""increases_effects_of"", ""cardiac_arrhythmia""], [""bendroflumethiazide"", ""raises_efficacy_of"", ""quinapril""], [""bendroflumethiazide"", ""raises_efficacy_of"", ""muzolimine""], [""quinapril"", ""has_side_effect"", ""paraesthesia""], [""quinapril"", ""has_side_effect"", ""urinary_tract_disorder""], [""muzolimine"", ""decreases_efficacy_of"", ""ethylmorphine""], [""muzolimine"", ""decreases_efficacy_of"", ""etoricoxib""], [""muzolimine"", ""decreases_efficacy_of"", ""tinoridine""]]","[[""bendroflumethiazide"", ""increases_effect_of"", ""Cardiac_Arrhythmia""], [""bendroflumethiazide"", ""enhances_efficacy_of"", ""quinapril""], [""bendroflumethiazide"", ""boosts_efficacy_of"", ""muzolimine""], [""quinapril"", ""can_lead_to"", ""Paraesthesia""], [""quinapril"", ""can_lead_to"", ""Urinary_tract_disorder""], [""muzolimine"", ""decreases_efficacy_of"", ""ethylmorphine""], [""muzolimine"", ""decreases_efficacy_of"", ""etoricoxib""], [""muzolimine"", ""decreases_efficacy_of"", ""tinoridine""]]",1.0,1.0,0.9999999403953552,1.0,1.0,0.9915542800735956,0.992398852066236,0.9932434240588764,0.9940879960515168,0.9949325680441572,0.9957771400367976,0.9966217120294382,0.9974662840220788,0.9983108560147193,0.9991554280073596,1.0,0.9485338193423392,0.9646821748649684,1,edge_replacement
133,"The compound aurovertin b targets ATP synthase subunit alpha, ATP synthase subunit beta, and ATP synthase subunit gamma. ATP synthase subunit alpha is a gene product of ATP5F1A, while ATP synthase subunit beta is a gene product of ATP5F1B. ATP5F1B is involved in several pathways including mitochondrial protein import, formation of ATP by chemiosmotic coupling, and cristae formation. Additionally, ATP5F1A is known to cause isolated ATP synthase deficiency. Lastly, ATP synthase subunit gamma is a gene product of ATP5F1C.","Aurovertin B targets epidermal microsome, RCC4, and prostaglandin E2 receptor EP2 subtype. Epidermal microsome is a gene product of ATP5F1A, RCC4 is a gene product of CNDP2, which acts within pathways including mitochondrial protein import, formation of ATP by chemiosmotic coupling, and cristae formation. ATP5F1A causes isolated ATP synthase deficiency, and prostaglandin E2 receptor EP2 subtype is a gene product of ATP5F1C.","[[""aurovertin_b"", ""targets"", ""ATP_synthase_subunit_alpha""], [""aurovertin_b"", ""targets"", ""ATP_synthase_subunit_beta""], [""aurovertin_b"", ""targets"", ""ATP_synthase_subunit_gamma""], [""ATP_synthase_subunit_alpha"", ""gene_product_of"", ""ATP5F1A""], [""ATP_synthase_subunit_beta"", ""gene_product_of"", ""ATP5F1B""], [""ATP5F1B"", ""involved_in"", ""mitochondrial_protein_import""], [""ATP5F1B"", ""involved_in"", ""formation_of_ATP_by_chemiosmotic_coupling""], [""ATP5F1B"", ""involved_in"", ""cristae_formation""], [""ATP5F1A"", ""causes"", ""isolated_ATP_synthase_deficiency""], [""ATP_synthase_subunit_gamma"", ""gene_product_of"", ""ATP5F1C""]]","[[""Aurovertin_B"", ""targets"", ""epidermal_microsome""], [""Aurovertin_B"", ""targets"", ""RCC4""], [""Aurovertin_B"", ""targets"", ""prostaglandin_E2_receptor_EP2_subtype""], [""epidermal_microsome"", ""gene_product_of"", ""ATP5F1A""], [""RCC4"", ""gene_product_of"", ""CNDP2""], [""CNDP2"", ""involved_in"", ""mitochondrial_protein_import""], [""CNDP2"", ""involved_in"", ""formation_of_ATP_by_chemiosmotic_coupling""], [""CNDP2"", ""involved_in"", ""cristae_formation""], [""ATP5F1A"", ""causes"", ""isolated_ATP_synthase_deficiency""], [""prostaglandin_E2_receptor_EP2_subtype"", ""gene_product_of"", ""ATP5F1C""]]",0.3857583749052297,0.6901804208755493,0.9147751331329346,0.5606060606060606,0.4879500364742666,0.7798830420297419,0.7506897414741943,0.721496440918647,0.6923031403630993,0.6631098398075518,0.6339165392520043,0.6047232386964567,0.5755299381409091,0.5463366375853617,0.5171433370298141,0.4879500364742666,0.8256462408991501,0.828259989041567,0,node_replacement
134,"The gene sodium/calcium exchanger 1 is a gene product of SLC8A1. 

Vibegron decreases the efficacy of propafenone, bevantolol, and esmirtazapine.

Xamoterol decreases the efficacy of profenamine, imipramine, and mepindolol.

Esmirtazapine decreases the efficacy of propylhexedrine.

Dronedarone has sodium/calcium exchanger 1 as a target and decreases the efficacy of xamoterol and vibegron.","The sodium/calcium exchanger 1 is a gene product of SLC8A1. Vibegron decreases the efficacy of propafenone, bevantolol, and esmirtazapine. Xamoterol decreases the efficacy of profenamine, imipramine, and mepindolol. Esmirtazapine decreases the efficacy of propylhexedrine. Dronedarone has sodium/calcium exchanger 1 as its target.","[[""sodium/calcium_exchanger_1"", ""gene_product_of"", ""SLC8A1""], [""Vibegron"", ""decreases_efficacy_of"", ""propafenone""], [""Vibegron"", ""decreases_efficacy_of"", ""bevantolol""], [""Vibegron"", ""decreases_efficacy_of"", ""esmirtazapine""], [""Xamoterol"", ""decreases_efficacy_of"", ""profenamine""], [""Xamoterol"", ""decreases_efficacy_of"", ""imipramine""], [""Xamoterol"", ""decreases_efficacy_of"", ""mepindolol""], [""Esmirtazapine"", ""decreases_efficacy_of"", ""propylhexedrine""], [""Dronedarone"", ""has_target"", ""sodium/calcium_exchanger_1""], [""Dronedarone"", ""decreases_efficacy_of"", ""xamoterol""], [""Dronedarone"", ""decreases_efficacy_of"", ""Vibegron""]]","[[""sodium/calcium_exchanger_1"", ""gene_product_of"", ""SLC8A1""], [""Vibegron"", ""decreases_efficacy_of"", ""propafenone""], [""Vibegron"", ""decreases_efficacy_of"", ""bevantolol""], [""Vibegron"", ""decreases_efficacy_of"", ""esmirtazapine""], [""Xamoterol"", ""decreases_efficacy_of"", ""profenamine""], [""Xamoterol"", ""decreases_efficacy_of"", ""imipramine""], [""Xamoterol"", ""decreases_efficacy_of"", ""mepindolol""], [""Esmirtazapine"", ""decreases_efficacy_of"", ""propylhexedrine""], [""Dronedarone"", ""has_target"", ""sodium/calcium_exchanger_1""]]",0.8484848484848485,0.9355815649032592,0.9813976883888244,0.8611111111111112,0.8611111111111112,0.9883992141402116,0.9756704038373016,0.9629415935343916,0.9502127832314816,0.9374839729285716,0.9247551626256614,0.9120263523227514,0.8992975420198412,0.8865687317169313,0.8738399214140211,0.8611111111111112,0.987999517188528,0.9589014196569902,0,edge_deletion
135,"Levacetylmethadol decreases the activity of effectiveness and the efficacy of sodium fluorophosphate, as well as the efficacy of nalorphine. Dpdpe decreases the efficacy of triamterene, potassium citrate, and potassium bitartrate. Nalbuphine decreases the efficacy of desomorphine and sodium ascorbate, and also has the side effect of asthenia. Nalmefene decreases the efficacy of nalbuphine, levacetylmethadol, and dpdpe.","Levacetylmethadol reduces the efficacy of sodium fluorophosphate and nalorphine. It also increases the activity of effectiveness. Dpdpe decreases the efficacy of triamterene, potassium citrate, and potassium bitartrate. Nalbuphine decreases the efficacy of desomorphine and sodium ascorbate, and has the side effect of asthenia. Nalmefene decreases the efficacy of nalbuphine, levacetylmethadol, and dpdpe.","[[""Levacetylmethadol"", ""decreases"", ""sodium_fluorophosphate""], [""Levacetylmethadol"", ""decreases"", ""nalorphine""], [""Dpdpe"", ""decreases"", ""triamterene""], [""Dpdpe"", ""decreases"", ""potassium_citrate""], [""Dpdpe"", ""decreases"", ""potassium_bitartrate""], [""Nalbuphine"", ""decreases"", ""desomorphine""], [""Nalbuphine"", ""decreases"", ""sodium_ascorbate""], [""Nalbuphine"", ""has_side_effect"", ""asthenia""], [""Nalmefene"", ""decreases"", ""nalbuphine""], [""Nalmefene"", ""decreases"", ""levacetylmethadol""], [""Nalmefene"", ""decreases"", ""dpdpe""]]","[[""Levacetylmethadol"", ""reduces"", ""sodium_fluorophosphate""], [""Levacetylmethadol"", ""reduces"", ""nalorphine""], [""Levacetylmethadol"", ""increases"", ""activity_of_effectiveness""], [""Dpdpe"", ""decreases"", ""triamterene""], [""Dpdpe"", ""decreases"", ""potassium_citrate""], [""Dpdpe"", ""decreases"", ""potassium_bitartrate""], [""Nalbuphine"", ""decreases"", ""desomorphine""], [""Nalbuphine"", ""decreases"", ""sodium_ascorbate""], [""Nalbuphine"", ""has_side_effect"", ""asthenia""], [""Nalmefene"", ""decreases"", ""nalbuphine""], [""Nalmefene"", ""decreases"", ""levacetylmethadol""], [""Nalmefene"", ""decreases"", ""dpdpe""]]",1.0,0.8346148133277893,0.9812284708023072,0.8940488587450699,1.0,0.9996726263444392,0.9997053637099952,0.9997381010755512,0.9997708384411071,0.9998035758066636,0.9998363131722195,0.9998690505377756,0.9999017879033316,0.9999345252688878,0.999967262634444,1.0,0.9958181336703608,0.9882244202739174,0,edge_replacement
136,"Streptokinase increases the effect of hypotension and has a side effect of inducing anaphylactic shock. It also decreases the efficacy of cefpiramide. Estetrol decreases the efficacy of sulfadiazine, mupirocin, and maltotetraose. Cefpiramide targets d-alanyl-d-alanine carboxypeptidase DACC and decreases the efficacy of bemiparin and estetrol. Bemiparin decreases the efficacy of loracarbef, cefprozil, and ceftibuten.","Streptokinase increases the effect of hypotension, but decreases the efficacy of cefpiramide and has the side effect of anaphylactic shock. Estetrol decreases the efficacy of sulfadiazine, mupirocin, and maltotetraose. Cefpiramide targets d-alanyl-d-alanine carboxypeptidase DACC but decreases the efficacy of bemiparin and estetrol. Bemiparin decreases the efficacy of loracarbef, cefprozil, and ceftibuten.","[[""Streptokinase"", ""increases_effect_of"", ""hypotension""], [""Streptokinase"", ""has_side_effect"", ""anaphylactic_shock""], [""Streptokinase"", ""decreases_efficacy_of"", ""cefpiramide""], [""Estetrol"", ""decreases_efficacy_of"", ""sulfadiazine""], [""Estetrol"", ""decreases_efficacy_of"", ""mupirocin""], [""Estetrol"", ""decreases_efficacy_of"", ""maltotetraose""], [""Cefpiramide"", ""targets"", ""d-alanyl-d-alanine_carboxypeptidase_DACC""], [""Cefpiramide"", ""decreases_efficacy_of"", ""bemiparin""], [""Cefpiramide"", ""decreases_efficacy_of"", ""estetrol""], [""Bemiparin"", ""decreases_efficacy_of"", ""loracarbef""], [""Bemiparin"", ""decreases_efficacy_of"", ""cefprozil""], [""Bemiparin"", ""decreases_efficacy_of"", ""ceftibuten""]]","[[""Streptokinase"", ""increases_effect_of"", ""hypotension""], [""Streptokinase"", ""has_side_effect"", ""anaphylactic_shock""], [""Streptokinase"", ""decreases_efficacy_of"", ""cefpiramide""], [""Estetrol"", ""decreases_efficacy_of"", ""sulfadiazine""], [""Estetrol"", ""decreases_efficacy_of"", ""mupirocin""], [""Estetrol"", ""decreases_efficacy_of"", ""maltotetraose""], [""Cefpiramide"", ""targets"", ""d-alanyl-d-alanine_carboxypeptidase_DACC""], [""Cefpiramide"", ""decreases_efficacy_of"", ""bemiparin""], [""Cefpiramide"", ""decreases_efficacy_of"", ""estetrol""], [""Bemiparin"", ""decreases_efficacy_of"", ""loracarbef""], [""Bemiparin"", ""decreases_efficacy_of"", ""cefprozil""], [""Bemiparin"", ""decreases_efficacy_of"", ""ceftibuten""]]",1.0,0.9999999403953552,0.9999998807907104,1.0,1.0,0.9999999065368864,0.999999915883198,0.9999999252295092,0.9999999345758206,0.999999943922132,0.9999999532684432,0.9999999626147548,0.999999971961066,0.9999999813073772,0.9999999906536886,1.0,1.0,0.9999999894788768,1,edge_replacement
137,"After administration, Antazoline increases the effect of bradycardia. Additionally, Antazoline enhances the efficacy of both norepinephrine and droxidopa. Racepinephrine reduces the efficacy of tolazoline, but enhances the efficacy of mmda and Antazoline.","The drug antazoline increases the effect of bradycardia, and enhances the efficacy of norepinephrine and droxidopa. In contrast, racepinephrine decreases the efficacy of tolazoline but increases the efficacy of mmda and antazoline.","[[""Antazoline"", ""increases_effect_of"", ""bradycardia""], [""Antazoline"", ""enhances_efficacy_of"", ""norepinephrine""], [""Antazoline"", ""enhances_efficacy_of"", ""droxidopa""], [""Racepinephrine"", ""reduces_efficacy_of"", ""tolazoline""], [""Racepinephrine"", ""enhances_efficacy_of"", ""mmda""], [""Racepinephrine"", ""enhances_efficacy_of"", ""Antazoline""]]","[[""antazoline"", ""increases_effect_of"", ""bradycardia""], [""antazoline"", ""enhances_efficacy_of"", ""norepinephrine""], [""antazoline"", ""enhances_efficacy_of"", ""droxidopa""], [""racepinephrine"", ""decreases_efficacy_of"", ""tolazoline""], [""racepinephrine"", ""increases_efficacy_of"", ""mmda""], [""racepinephrine"", ""increases_efficacy_of"", ""antazoline""]]",1.0,1.0,1.0,1.0,1.0,0.9966386205323562,0.9969747584791204,0.997310896425885,0.9976470343726492,0.9979831723194136,0.998319310266178,0.9986554482129424,0.9989915861597068,0.9993277241064712,0.9996638620532357,1.0,0.991550876947546,0.9884266725532652,1,edge_replacement
138,"Factor IX complex (human) decreases the efficacy of tenecteplase. Pyrithione increases the efficacy of dicoumarol, phenprocoumon, and coumarin. Coumarin, in turn, increases the efficacy of flumequine and has targets such as OVCAR-8 and SK-OV-3. Phenprocoumon increases the efficacy of nalidixic acid and ofloxacin and affects epoxide hydrolase 1. On the other hand, dicoumarol increases the efficacy of acetohexamide but decreases the efficacy of factor IX complex (human) and mebutizide.","The factor IX complex (human) decreases the efficacy of tenecteplase. Pyrithione increases the efficacy of dicoumarol, phenprocoumon, and coumarin. Coumarin, in turn, increases the efficacy of flumequine and has target ovcar-8 and sk-ov-3. Phenprocoumon increases the efficacy of nalidixic acid and ofloxacin, while also affecting epoxide hydrolase 1. Dicoumarol increases the efficacy of acetohexamide, but decreases the efficacy of factor IX complex (human) and mebutizide.","[[""Factor_IX_complex_(human)"", ""decreases_efficacy_of"", ""tenecteplase""], [""Pyrithione"", ""increases_efficacy_of"", ""dicoumarol""], [""Pyrithione"", ""increases_efficacy_of"", ""phenprocoumon""], [""Pyrithione"", ""increases_efficacy_of"", ""coumarin""], [""Coumarin"", ""increases_efficacy_of"", ""flumequine""], [""Coumarin"", ""has_target"", ""OVCAR-8""], [""Coumarin"", ""has_target"", ""SK-OV-3""], [""Phenprocoumon"", ""increases_efficacy_of"", ""nalidixic_acid""], [""Phenprocoumon"", ""increases_efficacy_of"", ""ofloxacin""], [""Phenprocoumon"", ""affects"", ""epoxide_hydrolase_1""], [""Dicoumarol"", ""increases_efficacy_of"", ""acetohexamide""], [""Dicoumarol"", ""decreases_efficacy_of"", ""Factor_IX_complex_(human)""], [""Dicoumarol"", ""decreases_efficacy_of"", ""mebutizide""]]","[[""Factor_IX_complex_(human)"", ""decreases_efficacy_of"", ""tenecteplase""], [""Pyrithione"", ""increases_efficacy_of"", ""dicoumarol""], [""Pyrithione"", ""increases_efficacy_of"", ""phenprocoumon""], [""Pyrithione"", ""increases_efficacy_of"", ""coumarin""], [""Coumarin"", ""increases_efficacy_of"", ""flumequine""], [""Coumarin"", ""has_target"", ""OVCAR-8""], [""Coumarin"", ""has_target"", ""SK-OV-3""], [""Phenprocoumon"", ""increases_efficacy_of"", ""nalidixic_acid""], [""Phenprocoumon"", ""increases_efficacy_of"", ""ofloxacin""], [""Phenprocoumon"", ""affects"", ""epoxide_hydrolase_1""], [""Dicoumarol"", ""increases_efficacy_of"", ""acetohexamide""], [""Dicoumarol"", ""decreases_efficacy_of"", ""Factor_IX_complex_(human)""], [""Dicoumarol"", ""decreases_efficacy_of"", ""mebutizide""]]",1.0,1.0,1.0,1.0,1.0,0.9999999978723754,0.9999999980851378,0.9999999982979004,0.9999999985106628,0.9999999987234252,0.9999999989361876,0.99999999914895,0.9999999993617126,0.999999999574475,0.9999999997872376,1.0,1.0,0.999999988198426,1,node_removal
139,"Demeclocycline enhances the hepatotoxic activities, reduces the efficacy of mezlocillin, and targets the m-phase phosphoprotein 8. Mezlocillin, in turn, diminishes the efficacy of nomegestrol acetate and the Vibrio cholerae CVD 103-HgR strain live antigen.","Demeclocycline increases the activity of the hepatotoxic activities and has a target in the M-phase phosphoprotein 8. Additionally, demeclocycline decreases the efficacy of mezlocillin, which in turn reduces the efficacy of nomegestrol acetate and the Vibrio cholerae CVd 103-HgR strain live antigen.","[[""Demeclocycline"", ""enhances"", ""hepatotoxic_activities""], [""Demeclocycline"", ""reduces_efficacy_of"", ""mezlocillin""], [""Demeclocycline"", ""targets"", ""m-phase_phosphoprotein_8""], [""Mezlocillin"", ""diminishes_efficacy_of"", ""nomegestrol_acetate""], [""Mezlocillin"", ""diminishes_efficacy_of"", ""Vibrio_cholerae_CVD_103-HgR_strain_live_antigen""]]","[[""Demeclocycline"", ""increases_activity_of"", ""hepatotoxic_activities""], [""Demeclocycline"", ""has_target_in"", ""M-phase_phosphoprotein_8""], [""Demeclocycline"", ""decreases_efficacy_of"", ""mezlocillin""], [""Mezlocillin"", ""reduces_efficacy_of"", ""nomegestrol_acetate""], [""Mezlocillin"", ""reduces_efficacy_of"", ""Vibrio_cholerae_CVD_103-HgR_strain_live_antigen""]]",1.0,1.0,1.0,1.0,1.0,0.9913741328396886,0.9922367195557196,0.9930993062717508,0.993961892987782,0.9948244797038132,0.9956870664198444,0.9965496531358754,0.9974122398519064,0.9982748265679378,0.9991374132839688,1.0,0.9540283364592058,0.9492535398905682,1,edge_replacement
140,"Indapamide increases the activity of the QTc-prolonging activities while decreasing the efficacy of buprenorphine. It also has the side effect of causing ventricular arrhythmia. Benzthiazide decreases the efficacy of ethenzamide. Moexipril increases the efficacy of benzthiazide, indapamide, and buthiazide. Buthiazide increases the efficacy of nitrendipine but decreases the efficacy of niflumic acid and parecoxib.","The drug indapamide decreases the efficacy of buprenorphine and has a side effect of ventricular arrhythmia. Additionally, indapamide decreases the activity of the QTc-prolonging activities. Benzthiazide decreases the efficacy of ethenzamide. Moexipril increases the efficacy of benzthiazide, indapamide, and buthiazide. Buthiazide, in turn, increases the efficacy of nitrendipine but decreases the efficacy of niflumic acid and parecoxib.","[[""Indapamide"", ""increases"", ""QTc-prolonging_activities""], [""Indapamide"", ""decreases"", ""buprenorphine""], [""Indapamide"", ""has_side_effect"", ""ventricular_arrhythmia""], [""Benzthiazide"", ""decreases"", ""ethenzamide""], [""Moexipril"", ""increases"", ""benzthiazide""], [""Moexipril"", ""increases"", ""indapamide""], [""Moexipril"", ""increases"", ""buthiazide""], [""Buthiazide"", ""increases"", ""nitrendipine""], [""Buthiazide"", ""decreases"", ""niflumic_acid""], [""Buthiazide"", ""decreases"", ""parecoxib""]]","[[""Indapamide"", ""decreases"", ""buprenorphine""], [""Indapamide"", ""has_side_effect"", ""ventricular_arrhythmia""], [""Indapamide"", ""decreases"", ""QTc-prolonging_activities""], [""Benzthiazide"", ""decreases"", ""ethenzamide""], [""Moexipril"", ""increases"", ""benzthiazide""], [""Moexipril"", ""increases"", ""indapamide""], [""Moexipril"", ""increases"", ""buthiazide""], [""Buthiazide"", ""increases"", ""nitrendipine""], [""Buthiazide"", ""decreases"", ""niflumic_acid""], [""Buthiazide"", ""decreases"", ""parecoxib""]]",1.0,1.0,0.9999999403953552,1.0,1.0,0.9996064583208518,0.9996458124887666,0.9996851666566816,0.9997245208245962,0.9997638749925112,0.999803229160426,0.9998425833283408,0.9998819374962556,0.9999212916641704,0.9999606458320852,1.0,0.998763568425425,0.9964039249073232,0,edge_replacement
141,"The drug polythiazide is known to increase the effect of Cardiac Arrhythmia and has an indication for Hypertensive disease. Additionally, cyclothiazide has been shown to decrease the efficacy of sr-123781a, while increasing the efficacy of lacidipine, and decreasing the efficacy of remogliflozin etabonate. Protocatechualdehyde decreases the efficacy of benzthiazide, cyclothiazide, and polythiazide. Benzthiazide, on the other hand, increases the efficacy of tetrahydropalmatine and tolonidine, but decreases the efficacy of sc-236. Lastly, sr-123781a is observed to decrease the efficacy of cefotetan and calcium cation.","Polythiazide is indicated for hypertensive disease and also has a decreasing effect on cardiac arrhythmia. Additionally, cyclothiazide decreases the efficacy of sr-123781a but increases the efficacy of lacidipine, while also decreasing the efficacy of remogliflozin etabonate. Protocatechualdehyde decreases the efficacy of benzthiazide, cyclothiazide, and polythiazide. Benzthiazide, on the other hand, increases the efficacy of tetrahydropalmatine and tolonidine but decreases the efficacy of sc-236. Lastly, sr-123781a decreases the efficacy of cefotetan and calcium cation.","[[""polythiazide"", ""increases_effect_of"", ""Cardiac_Arrhythmia""], [""polythiazide"", ""indication_for"", ""Hypertensive_disease""], [""cyclothiazide"", ""decreases_efficacy_of"", ""sr-123781a""], [""cyclothiazide"", ""increases_efficacy_of"", ""lacidipine""], [""cyclothiazide"", ""decreases_efficacy_of"", ""remogliflozin_etabonate""], [""Protocatechualdehyde"", ""decreases_efficacy_of"", ""benzthiazide""], [""Protocatechualdehyde"", ""decreases_efficacy_of"", ""cyclothiazide""], [""Protocatechualdehyde"", ""decreases_efficacy_of"", ""polythiazide""], [""benzthiazide"", ""increases_efficacy_of"", ""tetrahydropalmatine""], [""benzthiazide"", ""increases_efficacy_of"", ""tolonidine""], [""benzthiazide"", ""decreases_efficacy_of"", ""sc-236""], [""sr-123781a"", ""decreases_efficacy_of"", ""cefotetan""], [""sr-123781a"", ""decreases_efficacy_of"", ""calcium_cation""]]","[[""polythiazide"", ""indicated_for"", ""hypertensive_disease""], [""polythiazide"", ""decreases_effect_of"", ""Cardiac_Arrhythmia""], [""cyclothiazide"", ""decreases_efficacy_of"", ""sr-123781a""], [""cyclothiazide"", ""increases_efficacy_of"", ""lacidipine""], [""cyclothiazide"", ""decreases_efficacy_of"", ""remogliflozin_etabonate""], [""Protocatechualdehyde"", ""decreases_efficacy_of"", ""benzthiazide""], [""Protocatechualdehyde"", ""decreases_efficacy_of"", ""cyclothiazide""], [""Protocatechualdehyde"", ""decreases_efficacy_of"", ""polythiazide""], [""benzthiazide"", ""increases_efficacy_of"", ""tetrahydropalmatine""], [""benzthiazide"", ""increases_efficacy_of"", ""tolonidine""], [""benzthiazide"", ""decreases_efficacy_of"", ""sc-236""], [""sr-123781a"", ""decreases_efficacy_of"", ""cefotetan""], [""sr-123781a"", ""decreases_efficacy_of"", ""calcium_cation""]]",1.0,0.9999998807907104,1.0,1.0,1.0,0.9993303513187732,0.999397316186896,0.9994642810550188,0.9995312459231414,0.999598210791264,0.9996651756593866,0.9997321405275094,0.999799105395632,0.9998660702637548,0.9999330351318774,1.0,0.9919670845626984,0.9983302228786328,0,edge_replacement
142,"The drug pitolisant increases the effect of bradycardia, while decreasing the efficacy of diphenhydramine and oxatomide. Additionally, diphenhydramine targets liver microsomes.",The drug Pitolisant increases the effect of bradycardia. Pitolisant decreases the efficacy of both Diphenhydramine and Oxatomide. Diphenhydramine targets liver microsomes.,"[[""Pitolisant"", ""increases_effect_of"", ""bradycardia""], [""Pitolisant"", ""decreases_efficacy_of"", ""diphenhydramine""], [""Pitolisant"", ""decreases_efficacy_of"", ""oxatomide""], [""diphenhydramine"", ""targets"", ""liver_microsomes""]]","[[""Pitolisant"", ""increases_effect_of"", ""bradycardia""], [""Pitolisant"", ""decreases_efficacy_of"", ""Diphenhydramine""], [""Pitolisant"", ""decreases_efficacy_of"", ""Oxatomide""], [""Diphenhydramine"", ""targets"", ""liver_microsomes""]]",1.0,0.9999998807907104,1.0,1.0,1.0,0.999999998596936,0.9999999987372424,0.999999998877549,0.9999999990178552,0.9999999991581616,0.999999999298468,0.9999999994387744,0.9999999995790808,0.9999999997193872,0.9999999998596936,1.0,1.0,0.9991638753130532,1,edge_replacement
143,"The drug prednisone decreases the efficacy of benzoic acid and maxacalcitol, but increases the efficacy of neocitrullamon. Trabectedin has side effects such as oedema, headache, and neutropenic sepsis. The adenovirus type 7 vaccine live decreases the efficacy of efavirenz, emtricitabine, and fiacitabine. The varicella zoster vaccine (live/attenuated) decreases the efficacy of paritaprevir, siponimod, and odalasvir. Atevirdine decreases the efficacy of the varicella zoster vaccine (live/attenuated), the vibrio cholerae cvd 103-hgr strain live antigen, and the adenovirus type 7 vaccine live. The vibrio cholerae cvd 103-hgr strain live antigen decreases the efficacy of prednisone, trabectedin, and isepamicin.","The drug prednisone decreases the efficacy of both benzoic acid and maxacalcitol while increasing the efficacy of neocitrullamon. Trabectedin has side effects such as oedema, headache, and neutropenic sepsis. The adenovirus type 7 vaccine live reduces the efficacy of efavirenz, emtricitabine, and fiacitabine. Additionally, the varicella zoster vaccine (live/attenuated) decreases the efficacy of paritaprevir, siponimod, and odalasvir. Atevirdine decreases the efficacy of both varicella zoster vaccine (live/attenuated) and adenovirus type 7 vaccine live. Lastly, the vibrio cholerae cvd 103-hgr strain live antigen decreases the efficacy of isepamicin.","[[""prednisone"", ""decreases_efficacy_of"", ""benzoic_acid""], [""prednisone"", ""decreases_efficacy_of"", ""maxacalcitol""], [""prednisone"", ""increases_efficacy_of"", ""neocitrullamon""], [""trabectedin"", ""has_side_effect"", ""oedema""], [""trabectedin"", ""has_side_effect"", ""headache""], [""trabectedin"", ""has_side_effect"", ""neutropenic_sepsis""], [""adenovirus_type_7_vaccine_live"", ""decreases_efficacy_of"", ""efavirenz""], [""adenovirus_type_7_vaccine_live"", ""decreases_efficacy_of"", ""emtricitabine""], [""adenovirus_type_7_vaccine_live"", ""decreases_efficacy_of"", ""fiacitabine""], [""varicella_zoster_vaccine_live/attenuated"", ""decreases_efficacy_of"", ""paritaprevir""], [""varicella_zoster_vaccine_live/attenuated"", ""decreases_efficacy_of"", ""siponimod""], [""varicella_zoster_vaccine_live/attenuated"", ""decreases_efficacy_of"", ""odalasvir""], [""atevirdine"", ""decreases_efficacy_of"", ""varicella_zoster_vaccine_live/attenuated""], [""atevirdine"", ""decreases_efficacy_of"", ""vibrio_cholerae_cvd_103-hgr_strain_live_antigen""], [""atevirdine"", ""decreases_efficacy_of"", ""adenovirus_type_7_vaccine_live""], [""vibrio_cholerae_cvd_103-hgr_strain_live_antigen"", ""decreases_efficacy_of"", ""prednisone""], [""vibrio_cholerae_cvd_103-hgr_strain_live_antigen"", ""decreases_efficacy_of"", ""trabectedin""], [""vibrio_cholerae_cvd_103-hgr_strain_live_antigen"", ""decreases_efficacy_of"", ""isepanicin""]]","[[""prednisone"", ""decreases_efficacy_of"", ""benzoic_acid""], [""prednisone"", ""decreases_efficacy_of"", ""maxacalcitol""], [""prednisone"", ""increases_efficacy_of"", ""neocitrullamon""], [""trabectedin"", ""has_side_effect"", ""oedema""], [""trabectedin"", ""has_side_effect"", ""headache""], [""trabectedin"", ""has_side_effect"", ""neutropenic_sepsis""], [""adenovirus_type_7_vaccine_live"", ""reduces_efficacy_of"", ""efavirenz""], [""adenovirus_type_7_vaccine_live"", ""reduces_efficacy_of"", ""emtricitabine""], [""adenovirus_type_7_vaccine_live"", ""reduces_efficacy_of"", ""fiacitabine""], [""varicella_zoster_vaccine_live/attenuated"", ""decreases_efficacy_of"", ""paritaprevir""], [""varicella_zoster_vaccine_live/attenuated"", ""decreases_efficacy_of"", ""siponimod""], [""varicella_zoster_vaccine_live/attenuated"", ""decreases_efficacy_of"", ""odalasvir""], [""atevirdine"", ""decreases_efficacy_of"", ""varicella_zoster_vaccine_live/attenuated""], [""atevirdine"", ""decreases_efficacy_of"", ""adenovirus_type_7_vaccine_live""], [""vibrio_cholerae_cvd_103-hgr_strain_live_antigen"", ""decreases_efficacy_of"", ""isepanicin""]]",0.7982456140350878,1.0,1.0,0.7982456140350878,0.7982456140350878,0.988484647975471,0.9694607445814328,0.9504368411873944,0.931412937793356,0.9123890343993176,0.8933651310052794,0.874341227611241,0.8553173242172027,0.8362934208231645,0.817269517429126,0.7982456140350878,0.98403839150619,0.8201993573266012,0,edge_deletion
144,"The substance dihydromorphine decreases the efficacy of emodin, methylcellulose, and tripamide. Additionally, nalbuphine decreases the efficacy of frangula purshiana bark, which in turn reduces the efficacy of cocaine, dihydromorphine, and belladonna. Nalbuphine has side effects including loss of consciousness and somnolence.","Chloramultilide D decreases the efficacy of bis(2-methoxyethyl) benzene-1,2-dicarboxylate, zearalenone, and tripamide. Penamecillin decreases the efficacy of triptorelin, which in turn decreases the efficacy of cocaine, chloramultilide D, and butanedione. Additionally, penamecillin has side effects of loss of consciousness and somnolence.","[[""dihydromorphine"", ""decreases_efficacy_of"", ""emodin""], [""dihydromorphine"", ""decreases_efficacy_of"", ""methylcellulose""], [""dihydromorphine"", ""decreases_efficacy_of"", ""tripamide""], [""nalbuphine"", ""decreases_efficacy_of"", ""frangula_purshiana_bark""], [""frangula_purshiana_bark"", ""reduces_efficacy_of"", ""cocaine""], [""frangula_purshiana_bark"", ""reduces_efficacy_of"", ""dihydromorphine""], [""frangula_purshiana_bark"", ""reduces_efficacy_of"", ""belladonna""], [""nalbuphine"", ""has_side_effect"", ""loss_of_consciousness""], [""nalbuphine"", ""has_side_effect"", ""somnolence""]]","[[""Chloramultilide_D"", ""decreases_efficacy_of"", ""bis(2-methoxyethyl)_benzene-1,2-dicarboxylate""], [""Chloramultilide_D"", ""decreases_efficacy_of"", ""zearalenone""], [""Chloramultilide_D"", ""decreases_efficacy_of"", ""tripamide""], [""Penamecillin"", ""decreases_efficacy_of"", ""triptorelin""], [""triptorelin"", ""decreases_efficacy_of"", ""cocaine""], [""triptorelin"", ""decreases_efficacy_of"", ""Chloramultilide_D""], [""triptorelin"", ""decreases_efficacy_of"", ""butanedione""], [""Penamecillin"", ""has_side_effect"", ""loss_of_consciousness""], [""Penamecillin"", ""has_side_effect"", ""somnolence""]]",0.3337959752399956,0.0,0.6511709690093994,0.4,0.4,0.7408297894026115,0.7067468104623503,0.6726638315220892,0.638580852581828,0.6044978736415669,0.5704148947013057,0.5363319157610447,0.5022489368207834,0.4681659578805223,0.4340829789402611,0.4,0.703596231431515,0.6625869920837768,0,node_replacement
145,"Nizatidine can cause side effect of Gout. Magnesium aspartate is known to increase the efficacy of pancuronium, vecuronium, and gallamine. Gallamine, in turn, increases the efficacy of ticarcillin and metampicillin. Pancuronium enhances the efficacy of metronidazole but decreases the efficacy of tegaserod, and can also lead to the side effect of Hypersensitivity. Vecuronium increases the efficacy of lymecycline but decreases the efficacy of nizatidine and can cause Dermatitis.","The drug nizatidine has a side effect of gout. Magnesium aspartate increases the efficacy of pancuronium, vecuronium, and gallamine. Gallamine, in turn, increases the efficacy of ticarcillin and metampicillin. Pancuronium boosts the efficacy of metronidazole but decreases the efficacy of tegaserod and has a side effect of hypersensitivity. Vecuronium enhances the efficacy of lymecycline but decreases the efficacy of nizatidine and has a side effect of dermatitis.","[[""Nizatidine"", ""can_cause"", ""Gout""], [""Magnesium_aspartate"", ""increases_efficacy_of"", ""Pancuronium""], [""Magnesium_aspartate"", ""increases_efficacy_of"", ""Vecuronium""], [""Magnesium_aspartate"", ""increases_efficacy_of"", ""Gallamine""], [""Gallamine"", ""increases_efficacy_of"", ""Ticarcillin""], [""Gallamine"", ""increases_efficacy_of"", ""Metampicillin""], [""Pancuronium"", ""enhances_efficacy_of"", ""Metronidazole""], [""Pancuronium"", ""decreases_efficacy_of"", ""Tegaserod""], [""Pancuronium"", ""can_cause"", ""Hypersensitivity""], [""Vecuronium"", ""increases_efficacy_of"", ""Lymecycline""], [""Vecuronium"", ""decreases_efficacy_of"", ""Nizatidine""], [""Vecuronium"", ""can_cause"", ""Dermatitis""]]","[[""Nizatidine"", ""has_side_effect"", ""Gout""], [""Magnesium_aspartate"", ""increases_efficacy_of"", ""Pancuronium""], [""Magnesium_aspartate"", ""increases_efficacy_of"", ""Vecuronium""], [""Magnesium_aspartate"", ""increases_efficacy_of"", ""Gallamine""], [""Gallamine"", ""increases_efficacy_of"", ""Ticarcillin""], [""Gallamine"", ""increases_efficacy_of"", ""Metampicillin""], [""Pancuronium"", ""boosts_efficacy_of"", ""Metronidazole""], [""Pancuronium"", ""decreases_efficacy_of"", ""Tegaserod""], [""Pancuronium"", ""has_side_effect"", ""Hypersensitivity""], [""Vecuronium"", ""enhances_efficacy_of"", ""Lymecycline""], [""Vecuronium"", ""decreases_efficacy_of"", ""Nizatidine""], [""Vecuronium"", ""has_side_effect"", ""Dermatitis""]]",1.0,1.0,1.0,1.0,1.0,0.9952430357965104,0.9957187322168594,0.9961944286372084,0.9966701250575573,0.9971458214779062,0.9976215178982552,0.9980972143186042,0.9985729107389532,0.999048607159302,0.999524303579651,1.0,0.9699095325955822,0.9746637894145578,1,edge_deletion
146,"The drug glymidine decreases the efficacy of torasemide, liothyronine, but increases the efficacy of sulfaperin. Meloxicam decreases the efficacy of candoxatril, fenoldopam, and guanoxabenz. Lofentanil reduces the efficacy of mineral oil and sodium cation. Additionally, meticrane decreases the efficacy of meloxicam and lofentanil, while increasing the efficacy of glymidine.",The drug meloxicam decreases the efficacy of fenoldopam.,"[[""glymidine"", ""decreases_efficacy_of"", ""torasemide""], [""glymidine"", ""decreases_efficacy_of"", ""liothyronine""], [""glymidine"", ""increases_efficacy_of"", ""sulfaperin""], [""meloxicam"", ""decreases_efficacy_of"", ""candoxatril""], [""meloxicam"", ""decreases_efficacy_of"", ""fenoldopam""], [""meloxicam"", ""decreases_efficacy_of"", ""guanoxabenz""], [""lofentanil"", ""reduces_efficacy_of"", ""mineral_oil""], [""lofentanil"", ""reduces_efficacy_of"", ""sodium_cation""], [""meticrane"", ""decreases_efficacy_of"", ""meloxicam""], [""meticrane"", ""decreases_efficacy_of"", ""lofentanil""], [""meticrane"", ""increases_efficacy_of"", ""glymidine""]]","[[""meloxicam"", ""decreases_efficacy_of"", ""fenoldopam""]]",0.2381448361039201,0.2684256732463836,0.48365518450737,0.2381448361039201,0.2381448361039201,0.801741161669505,0.7453815291129466,0.6890218965563881,0.6326622639998295,0.5763026314432711,0.5199429988867126,0.463583366330154,0.4072237337735956,0.350864101217037,0.2945044686604786,0.2381448361039201,0.7652626805149705,0.8599438199400053,0,node_removal
147,"The sodium-dependent serotonin transporter is a gene product of SLC6A4. The sodium-dependent noradrenaline transporter is also a gene product of SLC6A2. The gene CYP2D6 causes drug metabolism as well as acts within miscellaneous substrates and CYP2E1 reactions. The gene cytochrome p450 2d6 is a gene product of CYP2D6. SLC6A2 causes orthostatic intolerance and acts within Na+/Cl- dependent neurotransmitter transporters. SLC6A4 causes obsessive-compulsive disorder 1 and acts within serotonin clearance from the synaptic cleft. (-)-cubebin targets cytochrome p450 2d6, the sodium-dependent serotonin transporter, and the sodium-dependent noradrenaline transporter.",The compound (-)-cubebin targets the sodium-dependent noradrenaline transporter.,"[[""sodium-dependent_serotonin_transporter"", ""gene_product_of"", ""SLC6A4""], [""sodium-dependent_noradrenaline_transporter"", ""gene_product_of"", ""SLC6A2""], [""CYP2D6"", ""causes"", ""drug_metabolism""], [""CYP2D6"", ""acts_within"", ""miscellaneous_substrates""], [""CYP2D6"", ""acts_within"", ""CYP2E1_reactions""], [""cytochrome_p450_2d6"", ""gene_product_of"", ""CYP2D6""], [""SLC6A2"", ""causes"", ""orthostatic_intolerance""], [""SLC6A2"", ""acts_within"", ""Na+/Cl-_dependent_neurotransmitter_transporters""], [""SLC6A4"", ""causes"", ""obsessive-compulsive_disorder_1""], [""SLC6A4"", ""acts_within"", ""serotonin_clearance_from_synaptic_cleft""], [""(-)-cubebin"", ""targets"", ""cytochrome_p450_2d6""], [""(-)-cubebin"", ""targets"", ""sodium-dependent_serotonin_transporter""], [""(-)-cubebin"", ""targets"", ""sodium-dependent_noradrenaline_transporter""]]","[[""(-)-cubebin"", ""targets"", ""sodium-dependent_noradrenaline_transporter""]]",0.0745355992499929,0.5461573600769043,0.3477618098258972,0.0629940788348712,0.2738612787525831,0.7147901420447472,0.6706972557155308,0.6266043693863144,0.5825114830570979,0.5384185967278816,0.4943257103986651,0.4502328240694487,0.4061399377402324,0.3620470514110159,0.3179541650817995,0.2738612787525831,0.6323229914307456,0.716485891102426,0,node_removal
148,"Chronic Graft Versus Host Disease (GvHD) is a complex condition that presents multiple phenotypes, including skin ulcers. Citalopram affects various enzymes, such as Tryptophan Hydroxylase 2, Cytochrome P450 Family 2 Subfamily B Member 6, and Glycine Decarboxylase. Cytochrome P450 Family 2 Subfamily B Member 6 is implicated in causing diverse conditions like Breast Neoplasms, Pregnancy, and Chronic GvHD. Glycine Decarboxylase is associated with triggering Depressive Disorders, while Tryptophan Hydroxylase 2 contributes to the development of Alcoholism, Mental Disorders, and Depression.","Chronic graft versus host disease presents a phenotype of skin ulcer. The drug citalopram affects both cytochrome P450 family 2 subfamily B member 6 and glycine decarboxylase. Cytochrome P450 family 2 subfamily B member 6 is implicated in causing breast neoplasms, pregnancy, and chronic graft versus host disease.","[[""Chronic_Graft_Versus_Host_Disease"", ""presents"", ""skin_ulcers""], [""Citalopram"", ""affects"", ""Tryptophan_Hydroxylase_2""], [""Citalopram"", ""affects"", ""Cytochrome_P450_Family_2_Subfamily_B_Member_6""], [""Citalopram"", ""affects"", ""Glycine_Decarboxylase""], [""Cytochrome_P450_Family_2_Subfamily_B_Member_6"", ""implicated_in"", ""Breast_Neoplasms""], [""Cytochrome_P450_Family_2_Subfamily_B_Member_6"", ""implicated_in"", ""Pregnancy""], [""Cytochrome_P450_Family_2_Subfamily_B_Member_6"", ""implicated_in"", ""Chronic_GvHD""], [""Glycine_Decarboxylase"", ""associated_with"", ""Depressive_Disorders""], [""Tryptophan_Hydroxylase_2"", ""contributes_to"", ""Alcoholism""], [""Tryptophan_Hydroxylase_2"", ""contributes_to"", ""Mental_Disorders""], [""Tryptophan_Hydroxylase_2"", ""contributes_to"", ""Depression""]]","[[""Chronic_Graft_Versus_Host_Disease"", ""presents"", ""skin_ulcer""], [""Citalopram"", ""affects"", ""Cytochrome_P450_Family_2_Subfamily_B_Member_6""], [""Citalopram"", ""affects"", ""Glycine_Decarboxylase""], [""Cytochrome_P450_Family_2_Subfamily_B_Member_6"", ""implicated_in"", ""Breast_Neoplasms""], [""Cytochrome_P450_Family_2_Subfamily_B_Member_6"", ""implicated_in"", ""Pregnancy""], [""Cytochrome_P450_Family_2_Subfamily_B_Member_6"", ""implicated_in"", ""Chronic_Graft_Versus_Host_Disease""]]",0.4178554470186725,0.3941363096237182,0.7626646757125854,0.2795426231258449,0.3843711067980367,0.8296996900854705,0.7851668317567272,0.7406339734279838,0.6961011150992403,0.651568256770497,0.6070353984417536,0.5625025401130103,0.5179696817842669,0.4734368234555234,0.4289039651267801,0.3843711067980367,0.8304249352480271,0.7941378548630094,0,node_removal
149,"The drug trichlormethiazide decreases the efficacy of acetohexamide, heparin, and liraglutide. Additionally, miglitol decreases the efficacy of trichlormethiazide while increasing the efficacy of piretanide and enrofloxacin. Haloperidol reduces the efficacy of miglitol and chlorphentermine, as well as causing nervous system disorder as a side effect. Moreover, piretanide enhances the efficacy of pentamidine and ertugliflozin but decreases the efficacy of benzhydrocodone. Chlorphentermine decreases the efficacy of dihydroergotamine while increasing the efficacy of epinephrine and amineptine. Lastly, enrofloxacin enhances the efficacy of insulin lispro, gliclazide, and albiglutide.","The drug trichlormethiazide decreases the efficacy of acetohexamide, heparin, and liraglutide. Miglitol, on the other hand, decreases the efficacy of trichlormethiazide but increases the efficacy of piretanide and enrofloxacin. Haloperidol decreases the efficacy of miglitol and chlorphentermine, while also having a side effect on the nervous system disorder. Piretanide increases the efficacy of pentamidine and ertugliflozin but decreases the efficacy of benzhydrocodone. Chlorphentermine decreases the efficacy of dihydroergotamine but increases the efficacy of epinephrine and amineptine. Enrofloxacin increases the efficacy of insulin lispro, gliclazide, and albiglutide.","[[""trichlormethiazide"", ""decreases_efficacy_of"", ""acetohexamide""], [""trichlormethiazide"", ""decreases_efficacy_of"", ""heparin""], [""trichlormethiazide"", ""decreases_efficacy_of"", ""liraglutide""], [""miglitol"", ""decreases_efficacy_of"", ""trichlormethiazide""], [""miglitol"", ""increases_efficacy_of"", ""piretanide""], [""miglitol"", ""increases_efficacy_of"", ""enrofloxacin""], [""haloperidol"", ""reduces_efficacy_of"", ""miglitol""], [""haloperidol"", ""reduces_efficacy_of"", ""chlorphentermine""], [""haloperidol"", ""causes"", ""nervous_system_disorder""], [""piretanide"", ""enhances_efficacy_of"", ""pentamidine""], [""piretanide"", ""enhances_efficacy_of"", ""ertugliflozin""], [""piretanide"", ""decreases_efficacy_of"", ""benzhydrocodone""], [""chlorphentermine"", ""decreases_efficacy_of"", ""dihydroergotamine""], [""chlorphentermine"", ""increases_efficacy_of"", ""epinephrine""], [""chlorphentermine"", ""increases_efficacy_of"", ""amineptine""], [""enrofloxacin"", ""enhances_efficacy_of"", ""insulin_lispro""], [""enrofloxacin"", ""enhances_efficacy_of"", ""gliclazide""], [""enrofloxacin"", ""enhances_efficacy_of"", ""albiglutide""]]","[[""trichlormethiazide"", ""decreases_efficacy_of"", ""acetohexamide""], [""trichlormethiazide"", ""decreases_efficacy_of"", ""heparin""], [""trichlormethiazide"", ""decreases_efficacy_of"", ""liraglutide""], [""miglitol"", ""decreases_efficacy_of"", ""trichlormethiazide""], [""miglitol"", ""increases_efficacy_of"", ""piretanide""], [""miglitol"", ""increases_efficacy_of"", ""enrofloxacin""], [""haloperidol"", ""decreases_efficacy_of"", ""miglitol""], [""haloperidol"", ""decreases_efficacy_of"", ""chlorphentermine""], [""haloperidol"", ""has_side_effect"", ""nervous_system_disorder""], [""piretanide"", ""increases_efficacy_of"", ""pentamidine""], [""piretanide"", ""increases_efficacy_of"", ""ertugliflozin""], [""piretanide"", ""decreases_efficacy_of"", ""benzhydrocodone""], [""chlorphentermine"", ""decreases_efficacy_of"", ""dihydroergotamine""], [""chlorphentermine"", ""increases_efficacy_of"", ""epinephrine""], [""chlorphentermine"", ""increases_efficacy_of"", ""amineptine""], [""enrofloxacin"", ""increases_efficacy_of"", ""insulin_lispro""], [""enrofloxacin"", ""increases_efficacy_of"", ""gliclazide""], [""enrofloxacin"", ""increases_efficacy_of"", ""albiglutide""]]",1.0,1.0,1.0,1.0,1.0,0.997379171170271,0.997641254053244,0.9979033369362168,0.9981654198191896,0.9984275027021626,0.9986895855851354,0.9989516684681083,0.9992137513510811,0.9994758342340542,0.9997379171170272,1.0,0.986939775572015,0.9897232784113804,1,node_removal
150,"Ferulic acid decreases the efficacy of cefotaxime, ceftriaxone, and factor XIII (human). Factor XIII (human) in turn reduces the efficacy of alteplase, acenocoumarol, and brinase. Letaxaban decreases the efficacy of rusalatide acetate and cefcapene. Moreover, cefotaxime also exhibits a decrease in efficacy when interacting with letaxaban but is indicated for urinary tract infection and has the side effect of bronchospasm. Ceftriaxone's efficacy is diminished by estetrol and is indicated for treating meningitis while causing vaginal inflammation as a side effect.","Ferulic acid decreases the efficacy of cefotaxime, aniracetam, and naronapride. Naronapride, in turn, decreases the efficacy of alteplase, acenocoumarol, and brinase. Phaeanthine decreases the efficacy of fosinoprilat and cefcapene. Cefotaxime, on the other hand, decreases the efficacy of phaeanthine. Additionally, cefotaxime is indicated for urinary tract infection and has a side effect of tachyarrhythmia. Aniracetam decreases the efficacy of mechlorethamine, is indicated for meningitis, and has a side effect of acquired haemophilia.","[[""Ferulic_acid"", ""decreases_efficacy_of"", ""cefotaxime""], [""Ferulic_acid"", ""decreases_efficacy_of"", ""ceftriaxone""], [""Ferulic_acid"", ""decreases_efficacy_of"", ""factor_XIII_human""], [""factor_XIII_human"", ""reduces_efficacy_of"", ""alteplase""], [""factor_XIII_human"", ""reduces_efficacy_of"", ""acenocoumarol""], [""factor_XIII_human"", ""reduces_efficacy_of"", ""brinase""], [""Letaxaban"", ""decreases_efficacy_of"", ""rusalatide_acetate""], [""Letaxaban"", ""decreases_efficacy_of"", ""cefcapene""], [""Letaxaban"", ""decreases_efficacy_of"", ""cefotaxime""], [""cefotaxime"", ""indicated_for"", ""urinary_tract_infection""], [""cefotaxime"", ""has_side_effect"", ""bronchospasm""], [""ceftriaxone"", ""has_efficacy_diminished_by"", ""estetrol""], [""ceftriaxone"", ""indicated_for"", ""meningitis""], [""ceftriaxone"", ""has_side_effect"", ""vaginal_inflammation""]]","[[""Ferulic_acid"", ""decreases_efficacy_of"", ""cefotaxime""], [""Ferulic_acid"", ""decreases_efficacy_of"", ""aniracetam""], [""Ferulic_acid"", ""decreases_efficacy_of"", ""naronapride""], [""naronapride"", ""decreases_efficacy_of"", ""alteplase""], [""naronapride"", ""decreases_efficacy_of"", ""acenocoumarol""], [""naronapride"", ""decreases_efficacy_of"", ""brinase""], [""Phaeanthine"", ""decreases_efficacy_of"", ""fosinoprilat""], [""Phaeanthine"", ""decreases_efficacy_of"", ""cefcapene""], [""cefotaxime"", ""decreases_efficacy_of"", ""phaeanthine""], [""cefotaxime"", ""indicated_for"", ""urinary_tract_infection""], [""cefotaxime"", ""has_side_effect"", ""tachyarrhythmia""], [""aniracetam"", ""decreases_efficacy_of"", ""mechlorethamine""], [""aniracetam"", ""indicated_for"", ""meningitis""], [""aniracetam"", ""has_side_effect"", ""acquired_haemophilia""]]",0.4297722474802028,0.0256759468466043,0.6701915860176086,0.4222222222222222,0.4791863575034157,0.8934898537498421,0.8520595041251996,0.8106291545005568,0.7691988048759142,0.7277684552512715,0.6863381056266289,0.6449077560019862,0.6034774063773436,0.562047056752701,0.5206167071280583,0.4791863575034157,0.8164728326436888,0.6955154834147573,0,node_replacement
151,"The drug rasagiline affects ATP binding cassette subfamily C member 2 and has side effects including neoplasm and rash pustular. Periciazine decreases the efficacy of rasagiline, amibegron, and budipine. Acebutolol increases the efficacy of anagliptin. Budipine decreases the efficacy of promazine, haloperidol, and cariprazine. Amibegron decreases the efficacy of nicardipine, acebutolol, and nebivolol.","The drug rasagiline affects ATP binding cassette subfamily C member 2 and has side effects including neoplasm and rash pustular. Periciazine decreases the efficacy of rasagiline, amibegron, and budipine. Acebutolol increases the efficacy of anagliptin. Budipine decreases the efficacy of promazine, haloperidol, and cariprazine. Amibegron decreases the efficacy of nicardipine, acebutolol, and nebivolol.","[[""rasagiline"", ""affects"", ""ATP_binding_cassette_subfamily_C_member_2""], [""rasagiline"", ""has_side_effect"", ""neoplasm""], [""rasagiline"", ""has_side_effect"", ""rash_pustular""], [""Periciazine"", ""decreases_efficacy_of"", ""rasagiline""], [""Periciazine"", ""decreases_efficacy_of"", ""amibegron""], [""Periciazine"", ""decreases_efficacy_of"", ""budipine""], [""Acebutolol"", ""increases_efficacy_of"", ""anagliptin""], [""Budipine"", ""decreases_efficacy_of"", ""promazine""], [""Budipine"", ""decreases_efficacy_of"", ""haloperidol""], [""Budipine"", ""decreases_efficacy_of"", ""cariprazine""], [""Amibegron"", ""decreases_efficacy_of"", ""nicardipine""], [""Amibegron"", ""decreases_efficacy_of"", ""acebutolol""], [""Amibegron"", ""decreases_efficacy_of"", ""nebivolol""]]","[[""rasagiline"", ""affects"", ""ATP_binding_cassette_subfamily_C_member_2""], [""rasagiline"", ""has_side_effect"", ""neoplasm""], [""rasagiline"", ""has_side_effect"", ""rash_pustular""], [""Periciazine"", ""decreases_efficacy_of"", ""rasagiline""], [""Periciazine"", ""decreases_efficacy_of"", ""amibegron""], [""Periciazine"", ""decreases_efficacy_of"", ""budipine""], [""Acebutolol"", ""increases_efficacy_of"", ""anagliptin""], [""Budipine"", ""decreases_efficacy_of"", ""promazine""], [""Budipine"", ""decreases_efficacy_of"", ""haloperidol""], [""Budipine"", ""decreases_efficacy_of"", ""cariprazine""], [""Amibegron"", ""decreases_efficacy_of"", ""nicardipine""], [""Amibegron"", ""decreases_efficacy_of"", ""acebutolol""], [""Amibegron"", ""decreases_efficacy_of"", ""nebivolol""]]",1.0,1.0,1.0,1.0,1.0,0.9999999043112214,0.9999999138800992,0.9999999234489771,0.9999999330178552,0.9999999425867327,0.9999999521556108,0.9999999617244886,0.9999999712933664,0.9999999808622444,0.999999990431122,1.0,1.0,0.9999999895364406,1,edge_deletion
152,"The drug 3,5-diiodotyrosine decreases the efficacy of amiodarone, axitinib, and osimertinib. Axitinib also decreases the efficacy of thyrotropin alfa, 3,5-diiodothyropropionic acid, and methylthiouracil. Osimertinib decreases the efficacy of follitropin and carbimazole. Lactulose decreases the efficacy of sodium bicarbonate and magnesium hydroxide, and it has a side effect of dehydration. Amiodarone decreases the efficacy of lactulose and has side effects of blurred vision and involuntary movements. Thyrotropin alfa decreases the efficacy of practolol and cediranib, while increasing the efficacy of thiosalicylic acid.","The compound 3,5-diiodotyrosine decreases efficacy of multiple medications including amiodarone, axitinib, and osimertinib. Axitinib also decreases efficacy of thyrotropin alfa, 3,5-diiodothyropropionic acid, and methylthiouracil. Similarly, osimertinib decreases efficacy of follitropin and carbimazole. Moreover, lactulose decreases efficacy of sodium bicarbonate and magnesium hydroxide, while causing side effects like dehydration. Conversely, amiodarone decreases efficacy of lactulose and has side effects such as blurred vision and involuntary movements. Lastly, thyrotropin alfa decreases efficacy of practolol and cediranib, but increases efficacy of thiosalicylic acid.","[[""3,5-diiodotyrosine"", ""decreases_efficacy_of"", ""amiodarone""], [""3,5-diiodotyrosine"", ""decreases_efficacy_of"", ""axitinib""], [""3,5-diiodotyrosine"", ""decreases_efficacy_of"", ""osimertinib""], [""axitinib"", ""decreases_efficacy_of"", ""thyrotropin_alfa""], [""axitinib"", ""decreases_efficacy_of"", ""3,5-diiodothyropropionic_acid""], [""axitinib"", ""decreases_efficacy_of"", ""methylthiouracil""], [""osimertinib"", ""decreases_efficacy_of"", ""follitropin""], [""osimertinib"", ""decreases_efficacy_of"", ""carbimazole""], [""lactulose"", ""decreases_efficacy_of"", ""sodium_bicarbonate""], [""lactulose"", ""decreases_efficacy_of"", ""magnesium_hydroxide""], [""lactulose"", ""has_side_effect"", ""dehydration""], [""amiodarone"", ""decreases_efficacy_of"", ""lactulose""], [""amiodarone"", ""has_side_effect"", ""blurred_vision""], [""amiodarone"", ""has_side_effect"", ""involuntary_movements""], [""thyrotropin_alfa"", ""decreases_efficacy_of"", ""practolol""], [""thyrotropin_alfa"", ""decreases_efficacy_of"", ""cediranib""], [""thyrotropin_alfa"", ""increases_efficacy_of"", ""thiosalicylic_acid""]]","[[""3,5-diiodotyrosine"", ""decreases_efficacy_of"", ""amiodarone""], [""3,5-diiodotyrosine"", ""decreases_efficacy_of"", ""axitinib""], [""3,5-diiodotyrosine"", ""decreases_efficacy_of"", ""osimertinib""], [""axitinib"", ""decreases_efficacy_of"", ""thyrotropin_alfa""], [""axitinib"", ""decreases_efficacy_of"", ""3,5-diiodothyropropionic_acid""], [""axitinib"", ""decreases_efficacy_of"", ""methylthiouracil""], [""osimertinib"", ""decreases_efficacy_of"", ""follitropin""], [""osimertinib"", ""decreases_efficacy_of"", ""carbimazole""], [""lactulose"", ""decreases_efficacy_of"", ""sodium_bicarbonate""], [""lactulose"", ""decreases_efficacy_of"", ""magnesium_hydroxide""], [""lactulose"", ""has_side_effect"", ""dehydration""], [""amiodarone"", ""decreases_efficacy_of"", ""lactulose""], [""amiodarone"", ""has_side_effect"", ""blurred_vision""], [""amiodarone"", ""has_side_effect"", ""involuntary_movements""], [""thyrotropin_alfa"", ""decreases_efficacy_of"", ""practolol""], [""thyrotropin_alfa"", ""decreases_efficacy_of"", ""cediranib""], [""thyrotropin_alfa"", ""increases_efficacy_of"", ""thiosalicylic_acid""]]",1.0,1.0,0.9999999403953552,1.0,1.0,0.9999999978265364,0.9999999980438828,0.9999999982612292,0.9999999984785756,0.9999999986959218,0.9999999989132682,0.9999999991306144,0.9999999993479608,0.9999999995653072,0.9999999997826536,1.0,1.0,0.999999987466817,1,edge_deletion
153,"Konjac mannan decreases the efficacy of metharbital, xylometazoline, and eperisone. Methsuximide decreases the efficacy of carboxymethylcellulose, calcium gluconate, and konjac mannan. Oteseconazole increases the efficacy of nimodipine, methsuximide, and fendiline. Carboxymethylcellulose decreases the efficacy of escitalopram and win 55212-2. Fendiline decreases the efficacy of picosulfuric acid, plecanatide, and magnesium acetate. Nimodipine decreases the efficacy of prucalopride, aceclofenac, and polycarbophil.","Konjac mannan decreases the efficacy of metharbital, xylometazoline, and eperisone. Methsuximide decreases the efficacy of calcium gluconate. Oteseconazole increases the efficacy of nimodipine. Carboxymethylcellulose decreases the efficacy of escitalopram and WIN 55212-2. Fendiline decreases the efficacy of picosulfuric acid, plecanatide, and magnesium acetate. Nimodipine decreases the efficacy of prucalopride, aceclofenac, and polycarbophil.","[[""Konjac_mannan"", ""decreases_efficacy_of"", ""metharbital""], [""Konjac_mannan"", ""decreases_efficacy_of"", ""xylometazoline""], [""Konjac_mannan"", ""decreases_efficacy_of"", ""eperisone""], [""Methsuximide"", ""decreases_efficacy_of"", ""carboxymethylcellulose""], [""Methsuximide"", ""decreases_efficacy_of"", ""calcium_gluconate""], [""Methsuximide"", ""decreases_efficacy_of"", ""konjac_mannan""], [""Oteseconazole"", ""increases_efficacy_of"", ""nimodipine""], [""Oteseconazole"", ""increases_efficacy_of"", ""methsuximide""], [""Oteseconazole"", ""increases_efficacy_of"", ""fendiline""], [""Carboxymethylcellulose"", ""decreases_efficacy_of"", ""escitalopram""], [""Carboxymethylcellulose"", ""decreases_efficacy_of"", ""win_55212-2""], [""Fendiline"", ""decreases_efficacy_of"", ""picosulfuric_acid""], [""Fendiline"", ""decreases_efficacy_of"", ""plecanatide""], [""Fendiline"", ""decreases_efficacy_of"", ""magnesium_acetate""], [""Nimodipine"", ""decreases_efficacy_of"", ""prucalopride""], [""Nimodipine"", ""decreases_efficacy_of"", ""aceclofenac""], [""Nimodipine"", ""decreases_efficacy_of"", ""polycarbophil""]]","[[""Konjac_mannan"", ""decreases_efficacy_of"", ""metharbital""], [""Konjac_mannan"", ""decreases_efficacy_of"", ""xylometazoline""], [""Konjac_mannan"", ""decreases_efficacy_of"", ""eperisone""], [""Methsuximide"", ""decreases_efficacy_of"", ""calcium_gluconate""], [""Oteseconazole"", ""increases_efficacy_of"", ""nimodipine""], [""Carboxymethylcellulose"", ""decreases_efficacy_of"", ""escitalopram""], [""Carboxymethylcellulose"", ""decreases_efficacy_of"", ""WIN_55212-2""], [""Fendiline"", ""decreases_efficacy_of"", ""picosulfuric_acid""], [""Fendiline"", ""decreases_efficacy_of"", ""plecanatide""], [""Fendiline"", ""decreases_efficacy_of"", ""magnesium_acetate""], [""Nimodipine"", ""decreases_efficacy_of"", ""prucalopride""], [""Nimodipine"", ""decreases_efficacy_of"", ""aceclofenac""], [""Nimodipine"", ""decreases_efficacy_of"", ""polycarbophil""]]",0.8627450980392157,0.2767174839973449,0.954430103302002,0.8611111111111112,0.8611111111111112,0.988365069371964,0.9756396735458788,0.9629142777197937,0.950188881893708,0.937463486067623,0.9247380902415376,0.9120126944154524,0.899287298589367,0.8865619027632817,0.8738365069371964,0.8611111111111112,0.98482590411791,0.9896322424670012,0,edge_deletion
154,"The drug amphetamine increases the activity of the excretion rate but decreases the efficacy of riluzole. It also increases the efficacy of imipramine oxide. On the other hand, 2,5-dimethoxy-4-ethylamphetamine decreases the efficacy of verapamil but increases the efficacy of amineptine. Additionally, it decreases the efficacy of mepindolol. Dihydroergocristine targets serotonin receptors and decreases the efficacy of both amphetamine and 2,5-dimethoxy-4-ethylamphetamine.","Amphetamine decreases the efficacy of riluzole and increases the efficacy of imipramine oxide. It also decreases the activity of the excretion rate. In addition, 2,5-dimethoxy-4-ethylamphetamine decreases the efficacy of verapamil and mepindolol but increases the efficacy of amineptine. Dihydroergocristine targets serotonin receptors and decreases the efficacy of both amphetamine and 2,5-dimethoxy-4-ethylamphetamine.","[[""amphetamine"", ""increases"", ""excretion_rate""], [""amphetamine"", ""decreases"", ""riluzole""], [""amphetamine"", ""increases"", ""imipramine_oxide""], [""2,5-dimethoxy-4-ethylamphetamine"", ""decreases"", ""verapamil""], [""2,5-dimethoxy-4-ethylamphetamine"", ""increases"", ""amineptine""], [""2,5-dimethoxy-4-ethylamphetamine"", ""decreases"", ""mepindolol""], [""dihydroergocristine"", ""targets"", ""serotonin_receptors""], [""dihydroergocristine"", ""decreases"", ""amphetamine""], [""dihydroergocristine"", ""decreases"", ""2,5-dimethoxy-4-ethylamphetamine""]]","[[""amphetamine"", ""decreases"", ""riluzole""], [""amphetamine"", ""increases"", ""imipramine_oxide""], [""amphetamine"", ""decreases"", ""excretion_rate""], [""2,5-dimethoxy-4-ethylamphetamine"", ""decreases"", ""verapamil""], [""2,5-dimethoxy-4-ethylamphetamine"", ""decreases"", ""mepindolol""], [""2,5-dimethoxy-4-ethylamphetamine"", ""increases"", ""amineptine""], [""dihydroergocristine"", ""targets"", ""serotonin_receptors""], [""dihydroergocristine"", ""decreases"", ""amphetamine""], [""dihydroergocristine"", ""decreases"", ""2,5-dimethoxy-4-ethylamphetamine""]]",1.0,1.0,1.0,1.0,1.0,0.9991041730604688,0.999193755754422,0.999283338448375,0.999372921142328,0.9994625038362812,0.9995520865302344,0.9996416692241876,0.9997312519181408,0.9998208346120938,0.9999104173060468,1.0,0.997500488497383,0.9979999509524642,0,edge_replacement
155,"Isoflurane increases the activity of the cardiodepressant activities. Isoflurane also decreases the efficacy of monopotassium phosphate, alloin. Monopotassium phosphate, in turn, decreases the efficacy of tropatepine, rociverine, and dihexyverine.","Isoflurane decreases the efficacy of monopotassium phosphate and alloin. Isoflurane also reduces the activity of the cardiodepressant activities. Additionally, monopotassium phosphate decreases the efficacy of tropatepine, rociverine, and dihexyverine.","[[""Isoflurane"", ""increases"", ""cardiodepressant_activities""], [""Isoflurane"", ""decreases"", ""monopotassium_phosphate""], [""Isoflurane"", ""decreases"", ""aloin""], [""monopotassium_phosphate"", ""decreases"", ""tropatepine""], [""monopotassium_phosphate"", ""decreases"", ""rociverine""], [""monopotassium_phosphate"", ""decreases"", ""dihexyverine""]]","[[""Isoflurane"", ""decreases"", ""monopotassium_phosphate""], [""Isoflurane"", ""decreases"", ""aloin""], [""Isoflurane"", ""reduces"", ""cardiodepressant_activities""], [""monopotassium_phosphate"", ""decreases"", ""tropatepine""], [""monopotassium_phosphate"", ""decreases"", ""rociverine""], [""monopotassium_phosphate"", ""decreases"", ""dihexyverine""]]",1.0,1.0,1.0,1.0,1.0,0.9990410432865278,0.999136938957875,0.9992328346292224,0.9993287303005692,0.9994246259719166,0.999520521643264,0.9996164173146111,0.9997123129859584,0.9998082086573056,0.9999041043286528,1.0,0.9874371396469408,0.9925540116456022,0,edge_replacement
156,"The drug dexamethasone increases the effect of infection, decreases the efficacy of neostigmine, and affects LDL receptor related protein 5. LDL receptor related protein 5, in turn, causes macular degeneration and osteoporosis.","The drug dexamethasone decreases the efficacy of neostigmine and also affects the LDL receptor related protein 5. Furthermore, dexamethasone decreases the effect of infection. The LDL receptor related protein 5 is implicated in causing conditions such as macular degeneration and osteoporosis.","[[""dexamethasone"", ""increases"", ""infection""], [""dexamethasone"", ""decreases"", ""neostigmine""], [""dexamethasone"", ""affects"", ""LDL_receptor_related_protein_5""], [""LDL_receptor_related_protein_5"", ""causes"", ""macular_degeneration""], [""LDL_receptor_related_protein_5"", ""causes"", ""osteoporosis""]]","[[""dexamethasone"", ""decreases"", ""neostigmine""], [""dexamethasone"", ""affects"", ""LDL_receptor_related_protein_5""], [""dexamethasone"", ""decreases"", ""infection""], [""LDL_receptor_related_protein_5"", ""implicated_in"", ""macular_degeneration""], [""LDL_receptor_related_protein_5"", ""implicated_in"", ""osteoporosis""]]",1.0,0.9999999403953552,1.0,1.0,1.0,0.9786405496979091,0.9807764947281185,0.9829124397583276,0.9850483847885364,0.9871843298187456,0.9893202748489548,0.9914562198791635,0.9935921649093729,0.9957281099395818,0.9978640549697908,1.0,0.9329509322208898,0.9628194663128816,0,edge_replacement
157,"The protein ABL2 acts within multiple pathways including the Role of ABL in ROBO-SLIT signaling, RAC1 GTPase cycle, and RAC3 GTPase cycle pathways. Additionally, the drug XL228 targets insulin-like growth factor 1 receptor, tyrosine-protein kinase abl1, and abelson tyrosine-protein kinase 2. Insulin-like growth factor 1 receptor is a gene product of IGF1R which is known to cause conditions related to insulin-like growth factor i. Tyrosine-protein kinase abl1 is a gene product of RIN1 and ABL1. Abelson tyrosine-protein kinase 2 is a gene product of ABL2.","The protein CNTF acts within several pathways including CREB phosphorylation, RAC1 GTPase cycle, and RAC3 GTPase cycle. In addition, the drug XL228 targets protein nrdi, gonadotropin-releasing hormone receptor, and ubiquitin carboxyl-terminal hydrolase 47. Protein nrdi is a gene product of GCA, which causes the condition insulin-like growth factor i. Gonadotropin-releasing hormone receptor is a gene product of both KMT5A and SLC5A6. Lastly, ubiquitin carboxyl-terminal hydrolase 47 is a gene product of CNTF.","[[""ABL2"", ""acts_within"", ""Role_of_ABL_in_ROBO-SLIT_signaling""], [""ABL2"", ""acts_within"", ""RAC1_GTPase_cycle""], [""ABL2"", ""acts_within"", ""RAC3_GTPase_cycle""], [""XL228"", ""targets"", ""insulin-like_growth_factor_1_receptor""], [""XL228"", ""targets"", ""tyrosine-protein_kinase_abl1""], [""XL228"", ""targets"", ""abelson_tyrosine-protein_kinase_2""], [""insulin-like_growth_factor_1_receptor"", ""gene_product_of"", ""IGF1R""], [""insulin-like_growth_factor_1_receptor"", ""related_to"", ""insulin-like_growth_factor_i""], [""tyrosine-protein_kinase_abl1"", ""gene_product_of"", ""RIN1""], [""tyrosine-protein_kinase_abl1"", ""gene_product_of"", ""ABL1""], [""abelson_tyrosine-protein_kinase_2"", ""gene_product_of"", ""ABL2""]]","[[""CNTF"", ""acts_within"", ""CREB_phosphorylation""], [""CNTF"", ""acts_within"", ""RAC1_GTPase_cycle""], [""CNTF"", ""acts_within"", ""RAC3_GTPase_cycle""], [""XL228"", ""targets"", ""protein_nrdi""], [""XL228"", ""targets"", ""gonadotropin-releasing_hormone_receptor""], [""XL228"", ""targets"", ""ubiquitin_carboxyl-terminal_hydrolase_47""], [""protein_nrdi"", ""gene_product_of"", ""GCA""], [""protein_nrdi"", ""related_to"", ""insulin-like_growth_factor_i""], [""gonadotropin-releasing_hormone_receptor"", ""gene_product_of"", ""KMT5A""], [""gonadotropin-releasing_hormone_receptor"", ""gene_product_of"", ""SLC5A6""], [""ubiquitin_carboxyl-terminal_hydrolase_47"", ""gene_product_of"", ""CNTF""]]",0.1781741612749496,0.0,0.6297751069068909,0.2638888888888889,0.3327791628198608,0.7664693677554041,0.7231003472618498,0.6797313267682954,0.6363623062747411,0.5929932857811868,0.5496242652876324,0.5062552447940781,0.4628862243005238,0.4195172038069694,0.3761481833134152,0.3327791628198608,0.6846198649979476,0.7306741254326675,0,node_replacement
158,"The drug tacrine increases the activity of the neuromuscular blocking activities. In contrast, tacrine decreases the efficacy of metocurine iodide and prednisolone acetate. Sodium fluorophosphate decreases the efficacy of tramadol, seletracetam, and hexamethonium. Additionally, chlorphenoxamine decreases the efficacy of tacrine, sodium fluorophosphate, and calcium polycarbophil.","The drug tacrine increases the activity of the neuromuscular blocking activities. Additionally, tacrine decreases the efficacy of metocurine iodide and prednisolone acetate. Sodium fluorophosphate decreases the efficacy of tramadol, seletracetam, and hexamethonium. Furthermore, chlorphenoxamine decreases the efficacy of tacrine, sodium fluorophosphate, and calcium polycarbophil.","[[""tacrine"", ""increases"", ""neuromuscular_blocking_activities""], [""tacrine"", ""decreases"", ""metocurine_iodide""], [""tacrine"", ""decreases"", ""prednisolone_acetate""], [""sodium_fluorophosphate"", ""decreases"", ""tramadol""], [""sodium_fluorophosphate"", ""decreases"", ""seletracetam""], [""sodium_fluorophosphate"", ""decreases"", ""hexamethonium""], [""chlorphenoxamine"", ""decreases"", ""tacrine""], [""chlorphenoxamine"", ""decreases"", ""sodium_fluorophosphate""], [""chlorphenoxamine"", ""decreases"", ""calcium_polycarbophil""]]","[[""tacrine"", ""increases"", ""neuromuscular_blocking_activities""], [""tacrine"", ""decreases"", ""metocurine_iodide""], [""tacrine"", ""decreases"", ""prednisolone_acetate""], [""sodium_fluorophosphate"", ""decreases"", ""tramadol""], [""sodium_fluorophosphate"", ""decreases"", ""seletracetam""], [""sodium_fluorophosphate"", ""decreases"", ""hexamethonium""], [""chlorphenoxamine"", ""decreases"", ""tacrine""], [""chlorphenoxamine"", ""decreases"", ""sodium_fluorophosphate""], [""chlorphenoxamine"", ""decreases"", ""calcium_polycarbophil""]]",1.0,1.0,0.9999999403953552,1.0,1.0,0.9999999202260488,0.999999928203444,0.9999999361808392,0.999999944158234,0.9999999521356292,0.9999999601130244,0.9999999680904196,0.9999999760678148,0.9999999840452096,0.9999999920226048,1.0,0.9999999990728168,0.999999988303758,1,edge_replacement
159,"Phenoperidine increases the neuropsychiatric effects, but decreases the efficacy of chlorthalidone and prucalopride. Chlorthalidone, in turn, decreases the efficacy of dihydroetorphine and piritramide, while also being a substance that treats coronary disease.","Phenoperidine increases the neuropsychiatric effects. It also decreases the efficacy of chlorthalidone and prucalopride. Chlorthalidone, in turn, decreases the efficacy of dihydroetorphine and piritramide, while also being a substance that treats coronary disease.","[[""Phenoperidine"", ""increases"", ""neuropsychiatric_effects""], [""Phenoperidine"", ""decreases_efficacy_of"", ""chlorthalidone""], [""Phenoperidine"", ""decreases_efficacy_of"", ""prucalopride""], [""Chlorthalidone"", ""decreases_efficacy_of"", ""dihydroetorphine""], [""Chlorthalidone"", ""decreases_efficacy_of"", ""pirtramide""], [""Chlorthalidone"", ""treats"", ""coronary_disease""]]","[[""Phenoperidine"", ""increases"", ""neuropsychiatric_effects""], [""Phenoperidine"", ""decreases_efficacy_of"", ""chlorthalidone""], [""Phenoperidine"", ""decreases_efficacy_of"", ""prucalopride""], [""Chlorthalidone"", ""decreases_efficacy_of"", ""dihydroetorphine""], [""Chlorthalidone"", ""decreases_efficacy_of"", ""pirtramide""], [""Chlorthalidone"", ""treats"", ""coronary_disease""]]",1.0,0.9999999403953552,1.0,1.0,1.0,0.9999999297103151,0.9999999367392838,0.9999999437682524,0.9999999507972206,0.9999999578261892,0.9999999648551576,0.999999971884126,0.9999999789130946,0.9999999859420632,0.9999999929710316,1.0,0.9999999863760812,0.999999989690156,1,edge_replacement
160,"Teriflunomide increases the activity of the hepatotoxic activities but decreases the efficacy of acenocoumarol. Meanwhile, s,r-warfarin alcohol has an effect on bleeding, increases the efficacy of levofloxacin, and decreases the efficacy of teriflunomide.","Teriflunomide increases the activity of the hepatotoxic activities and decreases the efficacy of acenocoumarol. On the other hand, s,r-warfarin alcohol has an effect on bleeding. Additionally, s,r-warfarin alcohol increases the efficacy of levofloxacin and decreases the efficacy of teriflunomide.","[[""Teriflunomide"", ""increases"", ""hepatotoxic_activities""], [""Teriflunomide"", ""decreases"", ""efficacy_of_acenocoumarol""], [""s,r-warfarin_alcohol"", ""has_effect_on"", ""bleeding""], [""s,r-warfarin_alcohol"", ""increases"", ""efficacy_of_levofloxacin""], [""s,r-warfarin_alcohol"", ""decreases"", ""efficacy_of_teriflunomide""]]","[[""Teriflunomide"", ""increases"", ""hepatotoxic_activities""], [""Teriflunomide"", ""decreases"", ""efficacy_of_acenocoumarol""], [""s,r-warfarin_alcohol"", ""has_effect_on"", ""bleeding""], [""s,r-warfarin_alcohol"", ""increases"", ""efficacy_of_levofloxacin""], [""s,r-warfarin_alcohol"", ""decreases"", ""efficacy_of_teriflunomide""]]",1.0,0.9999999403953552,0.9999998211860656,1.0,1.0,1.0,1.0,1.0,1.0,1.0,1.0,1.0,1.0,1.0,1.0,1.0,0.9999999206406658,0.9999999873151196,1,edge_replacement
161,"The drug profenamine increases the effect of urinary retention. Additionally, profenamine decreases the efficacy of dichlorvos. Diethylpropion, on the other hand, decreases the efficacy of profenamine and dronedarone. Furthermore, diethylpropion increases the efficacy of droxidopa. Droxidopa has activity in vasopressor activities and boosts the efficacy of promethazine and tenamfetamine.","Profenamine increases the effect of urinary retention and decreases the efficacy of dichlorvos. Diethylpropion decreases the efficacy of profenamine, dronedarone, and increases the efficacy of droxidopa. Droxidopa has activity in the vasopressor activities and increases the efficacy of promethazine and tenamfetamine.","[[""profenamine"", ""increases_effect_of"", ""urinary_retention""], [""profenamine"", ""decreases_efficacy_of"", ""dichlorvos""], [""diethylpropion"", ""decreases_efficacy_of"", ""profenamine""], [""diethylpropion"", ""decreases_efficacy_of"", ""dronedarone""], [""diethylpropion"", ""increases_efficacy_of"", ""droxidopa""], [""droxidopa"", ""has_activity_in"", ""vasopressor_activities""], [""droxidopa"", ""increases_efficacy_of"", ""promethazine""], [""droxidopa"", ""increases_efficacy_of"", ""tenamfetamine""]]","[[""profenamine"", ""increases_effect_of"", ""urinary_retention""], [""profenamine"", ""decreases_efficacy_of"", ""dichlorvos""], [""diethylpropion"", ""decreases_efficacy_of"", ""profenamine""], [""diethylpropion"", ""decreases_efficacy_of"", ""dronedarone""], [""diethylpropion"", ""increases_efficacy_of"", ""droxidopa""], [""droxidopa"", ""has_activity_in"", ""vasopressor_activities""], [""droxidopa"", ""increases_efficacy_of"", ""promethazine""], [""droxidopa"", ""increases_efficacy_of"", ""tenamfetamine""]]",1.0,1.0,0.9999999403953552,1.0,1.0,0.999999998264811,0.99999999843833,0.9999999986118489,0.9999999987853676,0.9999999989588866,0.9999999991324056,0.9999999993059244,0.9999999994794432,0.9999999996529624,0.9999999998264812,1.0,1.0,0.9999999882895906,1,edge_replacement
162,"Dantron decreases the efficacy of magnesium sulfate and flupentixol and has a target, snb-19. Bimatoprost decreases the efficacy of tolfenamic acid and has side effects including nausea and eyelash darkening. Levamlodipine decreases the efficacy of taxifolin, dantron, and alclofenac. Tolfenamic acid decreases the efficacy of metolazone, n1,n11-diethylnorspermine, and levamlodipine. N1,n11-diethylnorspermine decreases the efficacy of valdecoxib, glycol salicylate, and robenacoxib. Metolazone decreases the efficacy of chloroprocaine, olsalazine, and carbaspirin calcium.","Dantron decreases efficacy of magnesium sulfate, flupentixol. It also has target snb-19. Bimatoprost decreases efficacy of tolfenamic acid and has side effects like nausea and eyelash darkening. Levamlodipine decreases efficacy of taxifolin, dantron, alclofenac. Tolfenamic acid decreases efficacy of metolazone, N1,N11-diethylnorspermine, and levamlodipine. N1,N11-diethylnorspermine decreases efficacy of valdecoxib, glycol salicylate, robenacoxib. Metolazone decreases efficacy of chloroprocaine, olsalazine, carbaspirin calcium.","[[""Dantron"", ""decreases_efficacy_of"", ""magnesium_sulfate""], [""Dantron"", ""decreases_efficacy_of"", ""flupentixol""], [""Dantron"", ""has_target"", ""snb-19""], [""Bimatoprost"", ""decreases_efficacy_of"", ""tolfenamic_acid""], [""Bimatoprost"", ""has_side_effect"", ""nausea""], [""Bimatoprost"", ""has_side_effect"", ""eyelash_darkening""], [""Levamlodipine"", ""decreases_efficacy_of"", ""taxifolin""], [""Levamlodipine"", ""decreases_efficacy_of"", ""dantron""], [""Levamlodipine"", ""decreases_efficacy_of"", ""alclofenac""], [""Tolfenamic_acid"", ""decreases_efficacy_of"", ""metolazone""], [""Tolfenamic_acid"", ""decreases_efficacy_of"", ""n1,n11-diethylnorspermine""], [""Tolfenamic_acid"", ""decreases_efficacy_of"", ""levamlodipine""], [""N1,n11-diethylnorspermine"", ""decreases_efficacy_of"", ""valdecoxib""], [""N1,n11-diethylnorspermine"", ""decreases_efficacy_of"", ""glycol_salicylate""], [""N1,n11-diethylnorspermine"", ""decreases_efficacy_of"", ""robenacoxib""], [""Metolazone"", ""decreases_efficacy_of"", ""chloroprocaine""], [""Metolazone"", ""decreases_efficacy_of"", ""olsalazine""], [""Metolazone"", ""decreases_efficacy_of"", ""carbaspirin_calcium""]]","[[""Dantron"", ""decreases_efficacy_of"", ""magnesium_sulfate""], [""Dantron"", ""decreases_efficacy_of"", ""flupentixol""], [""Dantron"", ""has_target"", ""snb-19""], [""Bimatoprost"", ""decreases_efficacy_of"", ""tolfenamic_acid""], [""Bimatoprost"", ""has_side_effect"", ""nausea""], [""Bimatoprost"", ""has_side_effect"", ""eyelash_darkening""], [""Levamlodipine"", ""decreases_efficacy_of"", ""taxifolin""], [""Levamlodipine"", ""decreases_efficacy_of"", ""dantron""], [""Levamlodipine"", ""decreases_efficacy_of"", ""alclofenac""], [""Tolfenamic_acid"", ""decreases_efficacy_of"", ""metolazone""], [""Tolfenamic_acid"", ""decreases_efficacy_of"", ""N1,N11-diethylnorspermine""], [""Tolfenamic_acid"", ""decreases_efficacy_of"", ""levamlodipine""], [""N1,N11-diethylnorspermine"", ""decreases_efficacy_of"", ""valdecoxib""], [""N1,N11-diethylnorspermine"", ""decreases_efficacy_of"", ""glycol_salicylate""], [""N1,N11-diethylnorspermine"", ""decreases_efficacy_of"", ""robenacoxib""], [""Metolazone"", ""decreases_efficacy_of"", ""chloroprocaine""], [""Metolazone"", ""decreases_efficacy_of"", ""olsalazine""], [""Metolazone"", ""decreases_efficacy_of"", ""carbaspirin_calcium""]]",1.0,0.9465938210487366,0.9881410598754884,1.0,1.0,1.0,1.0,1.0,1.0,1.0,1.0,1.0,1.0,1.0,1.0,1.0,1.0,0.9971388754106236,1,edge_deletion
163,"Phenylpropanolamine increases the activity of the hypokalemic activities, but decreases the efficacy of phenibut and epa
nolol. Remogliflozin etabonate decreases the efficacy of hydroflumethiazide, but increases the efficacy of rosoxacin and sulfaphenazole. Tiracizine has the arrhythmogenic activities and adverse effects. Tiracizine increases the efficacy of bisoprolol. Bisoprolol increases the efficacy of nimodipine and remogliflozin etabonate, but decreases the efficacy of phenylpropanolamine. Nimodipine decreases the efficacy of sulfasalazine.","Phenylpropanolamine decreases the efficacy of both phenibut and epanolol, and also decreases the activity of the hypokalemic activities. Remogliflozin etabonate decreases the efficacy of hydroflumethiazide, while increasing the efficacy of rosoxacin and sulfaphenazole. Tiracizine has activity in the arrhythmogenic activities and has adverse effects, while increasing the efficacy of bisoprolol. Bisoprolol increases the efficacy of nimodipine, while decreasing the efficacy of phenylpropanolamine and increasing the efficacy of remogliflozin etabonate. Finally, nimodipine decreases the efficacy of sulfasalazine.","[[""Phenylpropanolamine"", ""increases"", ""hypokalemic_activities""], [""Phenylpropanolamine"", ""decreases"", ""phenibut""], [""Phenylpropanolamine"", ""decreases"", ""epanolol""], [""Remogliflozin_etabonate"", ""decreases"", ""hydroflumethiazide""], [""Remogliflozin_etabonate"", ""increases"", ""roscoxacin""], [""Remogliflozin_etabonate"", ""increases"", ""sulfaphenazole""], [""Tiracizine"", ""has"", ""arrhythmogenic_activities""], [""Tiracizine"", ""has"", ""adverse_effects""], [""Tiracizine"", ""increases"", ""bisoprolol""], [""Bisoprolol"", ""increases"", ""nimodipine""], [""Bisoprolol"", ""increases"", ""remogliflozin_etabonate""], [""Bisoprolol"", ""decreases"", ""phenylpropanolamine""], [""Nimodipine"", ""decreases"", ""sulfasalazine""]]","[[""Phenylpropanolamine"", ""decreases"", ""phenibut""], [""Phenylpropanolamine"", ""decreases"", ""epanolol""], [""Phenylpropanolamine"", ""decreases"", ""hypokalemic_activities""], [""Remogliflozin_etabonate"", ""decreases"", ""hydroflumethiazide""], [""Remogliflozin_etabonate"", ""increases"", ""roscoxacin""], [""Remogliflozin_etabonate"", ""increases"", ""sulfaphenazole""], [""Tiracizine"", ""has"", ""arrhythmogenic_activities""], [""Tiracizine"", ""has"", ""adverse_effects""], [""Tiracizine"", ""increases"", ""bisoprolol""], [""Bisoprolol"", ""increases"", ""nimodipine""], [""Bisoprolol"", ""increases"", ""remogliflozin_etabonate""], [""Bisoprolol"", ""decreases"", ""phenylpropanolamine""], [""Nimodipine"", ""decreases"", ""sulfasalazine""]]",1.0,0.9999999403953552,0.9999998807907104,1.0,1.0,0.9995746531012504,0.9996171877911252,0.9996597224810002,0.9997022571708752,0.9997447918607502,0.9997873265506252,0.9998298612405,0.999872395930375,0.99991493062025,0.9999574653101252,1.0,0.9984688125858038,0.9993164775106028,0,edge_replacement
164,"Anisotropine methylbromide increases the effect of reduced gastrointestinal motility and decreases the efficacy of terbutaline and lubiprostone. Terbutaline, in turn, decreases the efficacy of glycopyrronium and fenpiverinium, while also affecting adrenoceptor beta 2.","The drug anisotropine methylbromide increases the effect of reduced gastrointestinal motility. Additionally, it decreases the efficacy of terbutaline and lubiprostone. Terbutaline, in turn, decreases the efficacy of glycopyrronium and fenpiverinium. Moreover, terbutaline is affecting adrenoceptor beta 2.","[[""Anisotropine_methylbromide"", ""increases_effect_of"", ""reduced_gastrointestinal_motility""], [""Anisotropine_methylbromide"", ""decreases_efficacy_of"", ""Terbutaline""], [""Anisotropine_methylbromide"", ""decreases_efficacy_of"", ""Lubiprostone""], [""Terbutaline"", ""decreases_efficacy_of"", ""Glycopyrronium""], [""Terbutaline"", ""decreases_efficacy_of"", ""Fenpiverinium""], [""Terbutaline"", ""affects"", ""Adrenoceptor_beta_2""]]","[[""Anisotropine_methylbromide"", ""increases_effect_of"", ""reduced_gastrointestinal_motility""], [""Anisotropine_methylbromide"", ""decreases_efficacy_of"", ""Terbutaline""], [""Anisotropine_methylbromide"", ""decreases_efficacy_of"", ""Lubiprostone""], [""Terbutaline"", ""decreases_efficacy_of"", ""Glycopyrronium""], [""Terbutaline"", ""decreases_efficacy_of"", ""Fenpiverinium""], [""Terbutaline"", ""affects"", ""Adrenoceptor_beta_2""]]",1.0,1.0,1.0,1.0,1.0,1.0,1.0,1.0,1.0,1.0,1.0,1.0,1.0,1.0,1.0,1.0,1.0,1.0,1,edge_replacement
165,Gemtuzumab ozogamicin increases the effect of neutropenia while decreasing the efficacy of Hepatitis A vaccine and Typhoid vaccine. Hepatitis A vaccine also decreases the efficacy of Peginterferon alfa-2a and Alefacept.,"Gemtuzumab ozogamicin reduces the efficacy of hepatitis A vaccine, typhoid vaccine, and also decreases the effect of neutropenia. Furthermore, hepatitis A vaccine decreases the efficacy of peginterferon alfa-2a and alefacept.","[[""Gemtuzumab_ozogamicin"", ""increases"", ""neutropenia""], [""Gemtuzumab_ozogamicin"", ""decreases"", ""Hepatitis_A_vaccine""], [""Gemtuzumab_ozogamicin"", ""decreases"", ""Typhoid_vaccine""], [""Hepatitis_A_vaccine"", ""decreases"", ""Peginterferon_alfa-2a""], [""Hepatitis_A_vaccine"", ""decreases"", ""Alefacept""]]","[[""Gemtuzumab_ozogamicin"", ""reduces"", ""hepatitis_A_vaccine""], [""Gemtuzumab_ozogamicin"", ""reduces"", ""typhoid_vaccine""], [""Gemtuzumab_ozogamicin"", ""decreases"", ""neutropenia""], [""hepatitis_A_vaccine"", ""decreases"", ""peginterferon_alfa-2a""], [""hepatitis_A_vaccine"", ""decreases"", ""alefacept""]]",1.0,0.9999999403953552,1.0,1.0,1.0,0.995119963178388,0.9956079668605492,0.9960959705427104,0.9965839742248714,0.9970719779070328,0.997559981589194,0.9980479852713552,0.9985359889535164,0.9990239926356776,0.9995119963178388,1.0,0.9753215401489178,0.9744301056565938,0,edge_replacement
166,"The Cytochrome P450 family 2 subfamily C member 9 is known to cause conditions such as drug-induced liver injury, sickle cell anemia, and neoplasms. Additionally, the Cytochrome P450 family 3 subfamily A member 5 is associated with conditions like lymphoma, stroke, and hemopoietic stem cell transplant. Sickle cell anemia presents phenotypes such as hypochromic anemia and increased mean corpuscular volume. Moreover, the drug 4-hydroxycyclophosphamide affects both Cytochrome P450 family 2 subfamily C member 9 and Cytochrome P450 family 3 subfamily A member 5.","The enzyme Cytochrome P450 Family 2 Subfamily C Member 9 is known to cause several conditions including drug-induced liver injury, sickle cell anemia, and neoplasms. Additionally, 4-Hydroxycyclophosphamide affects Cytochrome P450 Family 2 Subfamily C Member 9. On the other hand, Cytochrome P450 Family 3 Subfamily A Member 5 is involved in causing lymphoma, stroke, and hemopoietic stem cell transplant. Moreover, 4-Hydroxycyclophosphamide also affects Cytochrome P450 Family 3 Subfamily A Member 5. Sickle cell anemia is associated with phenotypes such as hypochromic anemia and increased mean corpuscular volume.","[[""Cytochrome_P450_family_2_subfamily_C_member_9"", ""causes"", ""drug-induced_liver_injury""], [""Cytochrome_P450_family_2_subfamily_C_member_9"", ""causes"", ""sickle_cell_anemia""], [""Cytochrome_P450_family_2_subfamily_C_member_9"", ""causes"", ""neoplasms""], [""Cytochrome_P450_family_3_subfamily_A_member_5"", ""associated_with"", ""lymphoma""], [""Cytochrome_P450_family_3_subfamily_A_member_5"", ""associated_with"", ""stroke""], [""Cytochrome_P450_family_3_subfamily_A_member_5"", ""associated_with"", ""hemopoietic_stem_cell_transplant""], [""sickle_cell_anemia"", ""presents"", ""hypochromic_anemia""], [""sickle_cell_anemia"", ""presents"", ""increased_mean_corpuscular_volume""], [""4-hydroxycyclophosphamide"", ""affects"", ""Cytochrome_P450_family_2_subfamily_C_member_9""], [""4-hydroxycyclophosphamide"", ""affects"", ""Cytochrome_P450_family_3_subfamily_A_member_5""]]","[[""Cytochrome_P450_Family_2_Subfamily_C_Member_9"", ""causes"", ""drug-induced_liver_injury""], [""Cytochrome_P450_Family_2_Subfamily_C_Member_9"", ""causes"", ""sickle_cell_anemia""], [""Cytochrome_P450_Family_2_Subfamily_C_Member_9"", ""causes"", ""neoplasms""], [""4-Hydroxycyclophosphamide"", ""affects"", ""Cytochrome_P450_Family_2_Subfamily_C_Member_9""], [""Cytochrome_P450_Family_3_Subfamily_A_Member_5"", ""involved_in_causing"", ""lymphoma""], [""Cytochrome_P450_Family_3_Subfamily_A_Member_5"", ""involved_in_causing"", ""stroke""], [""Cytochrome_P450_Family_3_Subfamily_A_Member_5"", ""involved_in_causing"", ""hemopoietic_stem_cell_transplant""], [""4-Hydroxycyclophosphamide"", ""affects"", ""Cytochrome_P450_Family_3_Subfamily_A_Member_5""], [""sickle_cell_anemia"", ""associated_with"", ""hypochromic_anemia""], [""sickle_cell_anemia"", ""associated_with"", ""increased_mean_corpuscular_volume""]]",1.0,1.0,1.0,0.7878787878787878,1.0,0.995071861211681,0.9955646750905128,0.9960574889693448,0.9965503028481766,0.9970431167270086,0.9975359306058404,0.9980287444846724,0.9985215583635044,0.999014372242336,0.999507186121168,1.0,0.9680030618315276,0.9821860410824772,1,node_replacement
167,"The drug ethynodiol diacetate decreases the efficacy of bexarotene, palovarotene, and taurochenodeoxycholic acid. Troxerutin decreases the efficacy of fibrinogen human and cefetamet. Estradiol cypionate targets neuronal acetylcholine receptor subunit alpha-4 and ATP synthase subunit a while also decreasing the efficacy of carindacillin. Motretinide decreases the efficacy of ethynodiol diacetate, hydroxyprogesterone caproate, and estradiol cypionate. Hydroxyprogesterone caproate decreases the efficacy of AMG-222, bisegliptin, and troxerutin.",The drug ethynodiol diacetate decreases the efficacy of palovarotene.,"[[""ethynodiol_diacetate"", ""decreases_efficacy_of"", ""bexarotene""], [""ethynodiol_diacetate"", ""decreases_efficacy_of"", ""palovarotene""], [""ethynodiol_diacetate"", ""decreases_efficacy_of"", ""taurochenodeoxycholic_acid""], [""troxerutin"", ""decreases_efficacy_of"", ""fibrinogen_human""], [""troxerutin"", ""decreases_efficacy_of"", ""cefetamet""], [""estradiol_cypionate"", ""targets"", ""neuronal_acetylcholine_receptor_subunit_alpha-4""], [""estradiol_cypionate"", ""targets"", ""ATP_synthase_subunit_a""], [""estradiol_cypionate"", ""decreases_efficacy_of"", ""carindacillin""], [""motretinide"", ""decreases_efficacy_of"", ""ethynodiol_diacetate""], [""motretinide"", ""decreases_efficacy_of"", ""hydroxyprogesterone_caproate""], [""motretinide"", ""decreases_efficacy_of"", ""estradiol_cypionate""], [""hydroxyprogesterone_caproate"", ""decreases_efficacy_of"", ""AMG-222""], [""hydroxyprogesterone_caproate"", ""decreases_efficacy_of"", ""bisegliptin""], [""hydroxyprogesterone_caproate"", ""decreases_efficacy_of"", ""troxerutin""]]","[[""ethynodiol_diacetate"", ""decreases_efficacy_of"", ""palovarotene""]]",0.2130032168075646,0.0,0.3421875238418579,0.2130032168075646,0.2130032168075646,0.739325888967256,0.6866936217512869,0.6340613545353178,0.5814290873193486,0.5287968201033795,0.4761645528874103,0.4235322856714412,0.370900018455472,0.3182677512395029,0.2656354840235337,0.2130032168075646,0.7290091577122533,0.8495428802819307,0,node_removal
168,"The BCG vaccine decreases efficacy of several drugs including triamcinolone, peramivir, and vesatolimod. Similarly, fialuridine decreases efficacy of typhoid vaccine live, BCG vaccine, and Vibrio cholerae CVD 103-HgR strain live antigen. Moreover, Vibrio cholerae CVD 103-HgR strain live antigen decreases efficacy of idarubicin and spesolimab. Typhoid vaccine live decreases efficacy of prednisone, rupintrivir, and prednylidene.","The BCG vaccine is known to decrease the efficacy of various medications such as triamcinolone, peramivir, and vesatolimod. Additionally, fialuridine decreases the efficacy of the typhoid vaccine live. The Vibrio cholerae CVD 103-HgR strain live antigen also decreases the efficacy of idarubicin and spesolimab. Furthermore, the typhoid vaccine live reduces the efficacy of medications like prednisone, rupintrivir, and prednylidene.","[[""BCG_vaccine"", ""decreases_efficacy_of"", ""triamcinolone""], [""BCG_vaccine"", ""decreases_efficacy_of"", ""peramivir""], [""BCG_vaccine"", ""decreases_efficacy_of"", ""vesatolimod""], [""fialuridine"", ""decreases_efficacy_of"", ""typhoid_vaccine_live""], [""fialuridine"", ""decreases_efficacy_of"", ""BCG_vaccine""], [""fialuridine"", ""decreases_efficacy_of"", ""Vibrio_cholerae_CVD_103-HgR_strain_live_antigen""], [""Vibrio_cholerae_CVD_103-HgR_strain_live_antigen"", ""decreases_efficacy_of"", ""idarubicin""], [""Vibrio_cholerae_CVD_103-HgR_strain_live_antigen"", ""decreases_efficacy_of"", ""spesolimab""], [""typhoid_vaccine_live"", ""decreases_efficacy_of"", ""prednisone""], [""typhoid_vaccine_live"", ""decreases_efficacy_of"", ""rupintrivir""], [""typhoid_vaccine_live"", ""decreases_efficacy_of"", ""prednylidene""]]","[[""BCG_vaccine"", ""decreases_efficacy_of"", ""triamcinolone""], [""BCG_vaccine"", ""decreases_efficacy_of"", ""peramivir""], [""BCG_vaccine"", ""decreases_efficacy_of"", ""vesatolimod""], [""fialuridine"", ""decreases_efficacy_of"", ""typhoid_vaccine_live""], [""Vibrio_cholerae_CVD_103-HgR_strain_live_antigen"", ""decreases_efficacy_of"", ""idarubicin""], [""Vibrio_cholerae_CVD_103-HgR_strain_live_antigen"", ""decreases_efficacy_of"", ""spesolimab""], [""typhoid_vaccine_live"", ""decreases_efficacy_of"", ""prednisone""], [""typhoid_vaccine_live"", ""decreases_efficacy_of"", ""rupintrivir""], [""typhoid_vaccine_live"", ""decreases_efficacy_of"", ""prednylidene""]]",0.8484848484848485,1.0,1.0,0.8611111111111112,0.8611111111111112,0.9893004902534668,0.9764815523392312,0.9636626144249956,0.95084367651076,0.9380247385965246,0.925205800682289,0.9123868627680534,0.8995679248538178,0.8867489869395823,0.8739300490253467,0.8611111111111112,0.9871087807880758,0.9872874698840026,0,edge_deletion
169,"The drug valomaciclovir increases the activity of the hypotensive activities. Valomaciclovir also decreases the efficacy of doxefazepam, cinazepam, respectively. Doxefazepam, in turn, decreases the efficacy of caffeine but increases the efficacy of lofexidine. Similarly, cinazepam decreases the efficacy of theobromine, 8-azaguanine, and hyaluronidase (human recombinant).","Valomaciclovir increases the activity of the hypotensive activities and decreases the efficacy of doxefazepam, cinazepam, and doxefazepam decreases the efficacy of caffeine, while increasing the efficacy of lofexidine. Cinazepam also decreases the efficacy of theobromine, 8-azaguanine, and hyaluronidase (human recombinant).","[[""valomaciclovir"", ""increases"", ""hypotensive_activities""], [""valomaciclovir"", ""decreases"", ""doxefazepam""], [""valomaciclovir"", ""decreases"", ""cinazepam""], [""doxefazepam"", ""decreases"", ""caffeine""], [""doxefazepam"", ""increases"", ""lofexidine""], [""cinazepam"", ""decreases"", ""theobromine""], [""cinazepam"", ""decreases"", ""8-azaguanine""], [""cinazepam"", ""decreases"", ""hyaluronidase_(human_recombinant)""]]","[[""valomaciclovir"", ""increases"", ""hypotensive_activities""], [""valomaciclovir"", ""decreases"", ""doxefazepam""], [""valomaciclovir"", ""decreases"", ""cinazepam""], [""doxefazepam"", ""decreases"", ""caffeine""], [""doxefazepam"", ""increases"", ""lofexidine""], [""cinazepam"", ""decreases"", ""theobromine""], [""cinazepam"", ""decreases"", ""8-azaguanine""], [""cinazepam"", ""decreases"", ""hyaluronidase_(human_recombinant)""]]",1.0,1.0,1.0,1.0,1.0,0.9999999160831556,0.99999992447484,0.9999999328665246,0.9999999412582088,0.9999999496498934,0.9999999580415778,0.9999999664332624,0.9999999748249466,0.9999999832166312,0.9999999916083157,1.0,1.0,0.999999987831973,1,edge_replacement
170,"Liotrix is known to decrease the efficacy of labetalol and clofibrate, but it increases the efficacy of choline salicylate. Protirelin decreases the efficacy of geldanamycin, dapoxetine, and nintedanib. Abaloparatide decreases the efficacy of fluvoxamine, aminosalicylic acid, and gefitinib. Neratinib decreases the efficacy of liotrix, abaloparatide, and protirelin. Nintedanib targets fibroblast growth factor receptor 2.","Cannabiripsol decreases the efficacy of labetalol, clofibrate, and increases the efficacy of CRA_16847. Nevirapine decreases the efficacy of renieroside a3, dapoxetine, and nintedanib. Begelomab decreases the efficacy of fluvoxamine, aminosalicylic acid, and gefitinib. Neratinib decreases the efficacy of cannabiripsol, begelomab, and nevirapine. Additionally, nintedanib targets fibroblast growth factor receptor 2.","[[""Liotrix"", ""decreases_efficacy_of"", ""labetalol""], [""Liotrix"", ""decreases_efficacy_of"", ""clofibrate""], [""Liotrix"", ""increases_efficacy_of"", ""choline_salicylate""], [""Protirelin"", ""decreases_efficacy_of"", ""geldanamycin""], [""Protirelin"", ""decreases_efficacy_of"", ""dapoxetine""], [""Protirelin"", ""decreases_efficacy_of"", ""nintedanib""], [""Abaloparatide"", ""decreases_efficacy_of"", ""fluvoxamine""], [""Abaloparatide"", ""decreases_efficacy_of"", ""aminosalicylic_acid""], [""Abaloparatide"", ""decreases_efficacy_of"", ""gefitinib""], [""Neratinib"", ""decreases_efficacy_of"", ""Liotrix""], [""Neratinib"", ""decreases_efficacy_of"", ""Abaloparatide""], [""Neratinib"", ""decreases_efficacy_of"", ""Protirelin""], [""Nintedanib"", ""targets"", ""fibroblast_growth_factor_receptor_2""]]","[[""Cannabiripsol"", ""decreases_efficacy_of"", ""labetalol""], [""Cannabiripsol"", ""decreases_efficacy_of"", ""clofibrate""], [""Cannabiripsol"", ""increases_efficacy_of"", ""CRA_16847""], [""Nevirapine"", ""decreases_efficacy_of"", ""renieroside_a3""], [""Nevirapine"", ""decreases_efficacy_of"", ""dapoxetine""], [""Nevirapine"", ""decreases_efficacy_of"", ""nintedanib""], [""Begelomab"", ""decreases_efficacy_of"", ""fluvoxamine""], [""Begelomab"", ""decreases_efficacy_of"", ""aminosalicylic_acid""], [""Begelomab"", ""decreases_efficacy_of"", ""gefitinib""], [""Neratinib"", ""decreases_efficacy_of"", ""Cannabiripsol""], [""Neratinib"", ""decreases_efficacy_of"", ""Begelomab""], [""Neratinib"", ""decreases_efficacy_of"", ""Nevirapine""], [""Nintedanib"", ""targets"", ""fibroblast_growth_factor_receptor_2""]]",0.6300720123452086,0.8790260553359985,0.9115330576896667,0.6428571428571429,0.6300720123452086,0.8592534600303244,0.8363353152618128,0.8134171704933013,0.7904990257247897,0.7675808809562781,0.7446627361877665,0.721744591419255,0.6988264466507433,0.6759083018822317,0.6529901571137202,0.6300720123452086,0.8187178152549764,0.90573261266247,0,node_replacement
171,"The drug quinine decreases the efficacy of both indapamide and teprotumumab. Conversely, quinine increases the efficacy of mefruside. Mefruside, in turn, boosts the efficacy of metformin and sulfadiazine, but decreases the efficacy of hydrocodone. Indapamide decreases the efficacy of both oxymetazoline and nicomorphine and also has a side effect of causing anorectal disorder. The medication teprotumumab decreases the efficacy of acarbose, dutogliptin, and semaglutide.","The drug quinine is known to decrease the efficacy of the drug teprotumumab. Additionally, the drug mefruside increases the efficacy of metformin and sulfadiazine, but decreases the efficacy of hydrocodone. On the other hand, the drug indapamide decreases the efficacy of oxymetazoline and nicomorphine while also having a side effect of causing anorectal disorder. Lastly, the drug teprotumumab decreases the efficacy of acarbose, dutogliptin, and semaglutide.","[[""quinine"", ""decreases_efficacy_of"", ""indapamide""], [""quinine"", ""decreases_efficacy_of"", ""teprotumumab""], [""quinine"", ""increases_efficacy_of"", ""mefruside""], [""mefruside"", ""increases_efficacy_of"", ""metformin""], [""mefruside"", ""increases_efficacy_of"", ""sulfadiazine""], [""mefruside"", ""decreases_efficacy_of"", ""hydrocodone""], [""indapamide"", ""decreases_efficacy_of"", ""oxymetazoline""], [""indapamide"", ""decreases_efficacy_of"", ""nicomorphine""], [""indapamide"", ""has_side_effect"", ""anorectal_disorder""], [""teprotumumab"", ""decreases_efficacy_of"", ""acarbose""], [""teprotumumab"", ""decreases_efficacy_of"", ""dutogliptin""], [""teprotumumab"", ""decreases_efficacy_of"", ""semaglutide""]]","[[""quinine"", ""decreases_efficacy_of"", ""teprotumumab""], [""mefruside"", ""increases_efficacy_of"", ""metformin""], [""mefruside"", ""increases_efficacy_of"", ""sulfadiazine""], [""mefruside"", ""decreases_efficacy_of"", ""hydrocodone""], [""indapamide"", ""decreases_efficacy_of"", ""oxymetazoline""], [""indapamide"", ""decreases_efficacy_of"", ""nicomorphine""], [""indapamide"", ""has_side_effect"", ""anorectal_disorder""], [""teprotumumab"", ""decreases_efficacy_of"", ""acarbose""], [""teprotumumab"", ""decreases_efficacy_of"", ""dutogliptin""], [""teprotumumab"", ""decreases_efficacy_of"", ""semaglutide""], [""quinine"", ""increases_efficacy_of"", ""mefruside""]]",0.935897435897436,0.9999999403953552,1.0,0.935897435897436,0.935897435897436,0.9972126948586032,0.9910811689624864,0.98494964306637,0.978818117170253,0.9726865912741364,0.9665550653780196,0.960423539481903,0.9542920135857862,0.9481604876896692,0.9420289617935528,0.935897435897436,0.9952696228179716,0.9944010448653318,0,edge_deletion
172,"The drug luprostiol decreases the efficacy of both firocoxib and morniflumate. Niguldipine decreases the efficacy of metaraminol, 4-methoxyamphetamine, and detomidine. Lumiracoxib decreases the efficacy of clonidine, niguldipine, and luprostiol. Clonidine targets the alpha-2b adrenergic receptor and decreases the efficacy of tiaprofenic acid.",The drug luprostiol decreases the efficacy of morniflumate.,"[[""luprostiol"", ""decreases_efficacy_of"", ""firocoxib""], [""luprostiol"", ""decreases_efficacy_of"", ""morniflumate""], [""niguldipine"", ""decreases_efficacy_of"", ""metaraminol""], [""niguldipine"", ""decreases_efficacy_of"", ""4-methoxyamphetamine""], [""niguldipine"", ""decreases_efficacy_of"", ""detomidine""], [""lumiracoxib"", ""decreases_efficacy_of"", ""clonidine""], [""lumiracoxib"", ""decreases_efficacy_of"", ""niguldipine""], [""lumiracoxib"", ""decreases_efficacy_of"", ""luprostiol""], [""clonidine"", ""targets"", ""alpha-2b_adrenergic_receptor""], [""clonidine"", ""decreases_efficacy_of"", ""tiaprofenic_acid""]]","[[""luprostiol"", ""decreases_efficacy_of"", ""morniflumate""]]",0.2608745973749754,0.4467965364456177,0.3760967254638672,0.2487341690815455,0.2800560168056019,0.7997590784216305,0.7477887722600277,0.6958184660984249,0.643848159936822,0.5918778537752191,0.5399075476136163,0.4879372414520134,0.4359669352904105,0.3839966291288076,0.3320263229672047,0.2800560168056019,0.7889231521773687,0.8321335288574596,0,node_removal
173,"The gene Cytochrome P450 Family 3 Subfamily A Member 5 is known to cause various conditions such as lung transplantation, myelosuppression, and altered drug dosage. Additionally, its activity is affected by S-eddp, which also affects ATP Binding Cassette Subfamily B Member 1, Cytochrome P450 Family 3 Subfamily A Member 5, and UDP Glucuronosyltransferase Family 2 Member B7. ATP Binding Cassette Subfamily B Member 1, in turn, has been linked to conditions such as event-free survival, attention deficit disorder with hyperactivity, and delirium.","The gene cytochrome P450 family 3 subfamily A member 5 is known to cause several conditions including lung transplantation, myelosuppression, and altered drug dosage. Additionally, the metabolite S-eddp affects UDP glucuronosyltransferase family 2 member B7. Furthermore, ATP binding cassette subfamily B member 1 is associated with conditions such as event-free survival, attention deficit disorder with hyperactivity, and delirium.","[[""Cytochrome_P450_Family_3_Subfamily_A_Member_5"", ""causes"", ""lung_transplantation""], [""Cytochrome_P450_Family_3_Subfamily_A_Member_5"", ""causes"", ""myelosuppression""], [""Cytochrome_P450_Family_3_Subfamily_A_Member_5"", ""causes"", ""altered_drug_dosage""], [""S-eddp"", ""affects"", ""Cytochrome_P450_Family_3_Subfamily_A_Member_5""], [""S-eddp"", ""affects"", ""ATP_Binding_Cassette_Subfamily_B_Member_1""], [""S-eddp"", ""affects"", ""UDP_Glucuronosyltransferase_Family_2_Member_B7""], [""ATP_Binding_Cassette_Subfamily_B_Member_1"", ""linked_to"", ""event-free_survival""], [""ATP_Binding_Cassette_Subfamily_B_Member_1"", ""linked_to"", ""attention_deficit_disorder_with_hyperactivity""], [""ATP_Binding_Cassette_Subfamily_B_Member_1"", ""linked_to"", ""delirium""]]","[[""Cytochrome_P450_Family_3_Subfamily_A_Member_5"", ""causes"", ""lung_transplantation""], [""Cytochrome_P450_Family_3_Subfamily_A_Member_5"", ""causes"", ""myelosuppression""], [""Cytochrome_P450_Family_3_Subfamily_A_Member_5"", ""causes"", ""altered_drug_dosage""], [""S-eddp"", ""affects"", ""UDP_Glucuronosyltransferase_Family_2_Member_B7""], [""ATP_Binding_Cassette_Subfamily_B_Member_1"", ""linked_to"", ""event-free_survival""], [""ATP_Binding_Cassette_Subfamily_B_Member_1"", ""linked_to"", ""attention_deficit_disorder_with_hyperactivity""], [""ATP_Binding_Cassette_Subfamily_B_Member_1"", ""linked_to"", ""delirium""]]",0.8333333333333334,1.0,0.9999998211860656,0.8333333333333334,0.8333333333333334,0.9821131856590364,0.9672352004264662,0.952357215193896,0.9374792299613254,0.9226012447287552,0.9077232594961848,0.8928452742636146,0.8779672890310444,0.8630893037984739,0.8482113185659036,0.8333333333333334,0.9839322825485316,0.8636788221012087,0,edge_deletion
174,"Konjac mannan decreases the efficacy of lofentanil, metoclopramide decreases the efficacy of oxyphenonium. Metoclopramide has side effects including somnolence and increased body temperature. Magnesium glycinate increases the efficacy of cisatracurium and metocurine. Ipidacrine decreases the efficacy of profenamine, imipramine, and escitalopram. Oxyphenonium decreases the efficacy of magnesium glycinate, ipidacrine, and konjac mannan.",The drug ipidacrine decreases the efficacy of profenamine.,"[[""Konjac_mannan"", ""decreases_efficacy_of"", ""Lofentanil""], [""Metoclopramide"", ""decreases_efficacy_of"", ""Oxyphenonium""], [""Metoclopramide"", ""has_side_effect"", ""Somnolence""], [""Metoclopramide"", ""has_side_effect"", ""Increased_body_temperature""], [""Magnesium_glycinate"", ""increases_efficacy_of"", ""Cisatracurium""], [""Magnesium_glycinate"", ""increases_efficacy_of"", ""Metocurine""], [""Ipidacrine"", ""decreases_efficacy_of"", ""Profenamine""], [""Ipidacrine"", ""decreases_efficacy_of"", ""Imipramine""], [""Ipidacrine"", ""decreases_efficacy_of"", ""Escitalopram""], [""Oxyphenonium"", ""decreases_efficacy_of"", ""Magnesium_glycinate""], [""Oxyphenonium"", ""decreases_efficacy_of"", ""Ipidacrine""], [""Oxyphenonium"", ""decreases_efficacy_of"", ""Konjac_mannan""]]","[[""Ipidacrine"", ""decreases_efficacy_of"", ""Profenamine""]]",0.2381448361039201,0.5364700555801392,0.4795440137386322,0.2288021576612147,0.2288021576612147,0.7257083666171567,0.6760177457215625,0.6263271248259683,0.576636503930374,0.5269458830347798,0.4772552621391857,0.4275646412435915,0.3778740203479973,0.328183399452403,0.2784927785568089,0.2288021576612147,0.7179867162092445,0.842268015031072,0,node_removal
175,"Doxofylline is known to increase the activity of the hypertensive activities while decreasing the efficacy of indenolol and bentazepam. Thiotepa decreases the efficacy of fluocinonide and desoxycortone, and has a side effect of hepatobiliary disease. Methylphosphinic acid reduces the efficacy of dexamethasone. Propiomazine decreases the efficacy of methylphosphinic acid, thiotepa, and doxofylline.","Doxofylline increases the activity of the hypertensive activities, but decreases the efficacy of indenolol and bentazepam. Thiotepa decreases the efficacy of fluocinonide and desoxycortone, and has a side effect of causing hepatobiliary disease. Methylphosphinic acid decreases the efficacy of dexamethasone. Propiomazine decreases the efficacy of methylphosphinic acid, thiotepa, and doxofylline.","[[""Doxofylline"", ""increases"", ""hypertensive_activities""], [""Doxofylline"", ""decreases"", ""indenolol""], [""Doxofylline"", ""decreases"", ""bentazepam""], [""Thiotepa"", ""decreases"", ""fluocinonide""], [""Thiotepa"", ""decreases"", ""desoxycortone""], [""Thiotepa"", ""has_side_effect"", ""hepatobiliary_disease""], [""Methylphosphinic_acid"", ""decreases"", ""dexamethasone""], [""Propiomazine"", ""decreases"", ""methylphosphinic_acid""], [""Propiomazine"", ""decreases"", ""thiotepa""], [""Propiomazine"", ""decreases"", ""doxofylline""]]","[[""Doxofylline"", ""increases"", ""hypertensive_activities""], [""Doxofylline"", ""decreases"", ""indenolol""], [""Doxofylline"", ""decreases"", ""bentazepam""], [""Thiotepa"", ""decreases"", ""fluocinonide""], [""Thiotepa"", ""decreases"", ""desoxycortone""], [""Thiotepa"", ""has_side_effect"", ""hepatobiliary_disease""], [""Methylphosphinic_acid"", ""decreases"", ""dexamethasone""], [""Propiomazine"", ""decreases"", ""methylphosphinic_acid""], [""Propiomazine"", ""decreases"", ""thiotepa""], [""Propiomazine"", ""decreases"", ""doxofylline""]]",1.0,1.0,1.0,1.0,1.0,0.999999916140854,0.9999999245267686,0.9999999329126832,0.9999999412985976,0.9999999496845124,0.999999958070427,0.9999999664563416,0.999999974842256,0.9999999832281709,0.9999999916140854,1.0,1.0,0.999999988712452,1,edge_replacement
176,"Azosemide decreases the efficacy of meclofenamic acid, antrafenine, and isoxicam. Desomorphine, a drug known for its decreasing efficacy, affects the potency of azosemide and glycerin. Brompheniramine, on the other hand, both increases the efficacy of levonordefrin and theodrenaline and decreases the efficacy of sodium tartrate. Glycerin decreases the efficacy of brompheniramine, aluminum hydroxide, and alphaprodine. Indapamide, in addition to causing side effects such as ear pain and vasodilation, also decreases the efficacy of desomorphine.","The drug azosemide decreases the efficacy of bersaldegenin-3-acetate, antrafenine, and isoxicam. Desoximetasone also decreases the efficacy of azosemide, as well as dapoxetine. Additionally, boldine decreases the efficacy of desoximetasone and has side effects such as pemphigoid reaction and vasodilation. On the other hand, brompheniramine increases the efficacy of bezlotoxumab and theodrenaline but decreases the efficacy of sodium tartrate. Dapoxetine decreases the efficacy of brompheniramine, nervonin g, and alphaprodine.","[[""Azosemide"", ""decreases_efficacy_of"", ""Meclofenamic_Acid""], [""Azosemide"", ""decreases_efficacy_of"", ""Antrafenine""], [""Azosemide"", ""decreases_efficacy_of"", ""Isoxicam""], [""Desomorphine"", ""affects_potency_of"", ""Azosemide""], [""Desomorphine"", ""affects_potency_of"", ""Glycerin""], [""Brompheniramine"", ""increases_efficacy_of"", ""Levonordefrin""], [""Brompheniramine"", ""increases_efficacy_of"", ""Theodrenaline""], [""Brompheniramine"", ""decreases_efficacy_of"", ""Sodium_Tartrate""], [""Glycerin"", ""decreases_efficacy_of"", ""Brompheniramine""], [""Glycerin"", ""decreases_efficacy_of"", ""Aluminum_Hydroxide""], [""Glycerin"", ""decreases_efficacy_of"", ""Alphaprodine""], [""Indapamide"", ""decreases_efficacy_of"", ""Desomorphine""], [""Indapamide"", ""causes_side_effect"", ""Ear_Pain""], [""Indapamide"", ""causes_side_effect"", ""Vasodilation""]]","[[""Azosemide"", ""decreases_efficacy_of"", ""Bersaldegenin-3-Acetate""], [""Azosemide"", ""decreases_efficacy_of"", ""Antrafenine""], [""Azosemide"", ""decreases_efficacy_of"", ""Isoxicam""], [""Desoximetasone"", ""decreases_efficacy_of"", ""Azosemide""], [""Desoximetasone"", ""decreases_efficacy_of"", ""Dapoxetine""], [""Boldine"", ""decreases_efficacy_of"", ""Desoximetasone""], [""Boldine"", ""causes_side_effect"", ""Pemphigoid_Reaction""], [""Boldine"", ""causes_side_effect"", ""Vasodilation""], [""Brompheniramine"", ""increases_efficacy_of"", ""Bezlotoxumab""], [""Brompheniramine"", ""increases_efficacy_of"", ""Theodrenaline""], [""Brompheniramine"", ""decreases_efficacy_of"", ""Sodium_Tartrate""], [""Dapoxetine"", ""decreases_efficacy_of"", ""Brompheniramine""], [""Dapoxetine"", ""decreases_efficacy_of"", ""Nervonin_G""], [""Dapoxetine"", ""decreases_efficacy_of"", ""Alphaprodine""]]",0.4370415209168243,0.1322250366210937,0.7598874568939209,0.4222222222222222,0.4370415209168243,0.9184318520091764,0.8702928188999411,0.822153785790706,0.7740147526814707,0.7258757195722355,0.6777366864630003,0.6295976533537652,0.58145862024453,0.5333195871352947,0.4851805540260595,0.4370415209168243,0.8052778875809111,0.8065652455639107,0,node_replacement
177,"The cytochrome P450 family 3 subfamily A member 5 causes conditions like diabetes mellitus and glomerular filtration rate. The cytochrome P450 family 2 subfamily C member 19 is associated with conditions such as overdose, myocardial ischemia, and obsessive-compulsive disorder. The cytochrome P450 family 2 subfamily B member 6 contributes to conditions like pregnancy, leukopenia, and depression. Diabetes mellitus presents phenotypes such as hyperglycemia, type I diabetes mellitus, and polydipsia. The drug AR-C124910xx affects the cytochrome P450 family 2 subfamily B member 6, cytochrome P450 family 2 subfamily C member 19, and cytochrome P450 family 3 subfamily A member 5.","The gene Cytochrome P450 Family 3 Subfamily A Member 5 is associated with causing conditions such as diabetes mellitus and glomerular filtration rate. Cytochrome P450 Family 2 Subfamily C Member 19 is linked to causing overdose, myocardial ischemia, and obsessive-compulsive disorder. Additionally, Cytochrome P450 Family 2 Subfamily B Member 6 is known to cause conditions like pregnancy, leukopenia, and depression. Diabetes mellitus manifests phenotypes such as hyperglycemia, type I diabetes mellitus, and polydipsia. Furthermore, the compound AR-C124910XX affects the activity of Cytochrome P450 Family 2 Subfamily B Member 6, Cytochrome P450 Family 2 Subfamily C Member 19, and Cytochrome P450 Family 3 Subfamily A Member 5.","[[""cytochrome_P450_family_3_subfamily_A_member_5"", ""causes"", ""diabetes_mellitus""], [""cytochrome_P450_family_3_subfamily_A_member_5"", ""causes"", ""glomerular_filtration_rate""], [""cytochrome_P450_family_2_subfamily_C_member_19"", ""associated_with"", ""overdose""], [""cytochrome_P450_family_2_subfamily_C_member_19"", ""associated_with"", ""myocardial_ischemia""], [""cytochrome_P450_family_2_subfamily_C_member_19"", ""associated_with"", ""obsessive-compulsive_disorder""], [""cytochrome_P450_family_2_subfamily_B_member_6"", ""contributes_to"", ""pregnancy""], [""cytochrome_P450_family_2_subfamily_B_member_6"", ""contributes_to"", ""leukopenia""], [""cytochrome_P450_family_2_subfamily_B_member_6"", ""contributes_to"", ""depression""], [""diabetes_mellitus"", ""presents"", ""hyperglycemia""], [""diabetes_mellitus"", ""presents"", ""type_I_diabetes_mellitus""], [""diabetes_mellitus"", ""presents"", ""polydipsia""], [""AR-C124910xx"", ""affects"", ""cytochrome_P450_family_2_subfamily_B_member_6""], [""AR-C124910xx"", ""affects"", ""cytochrome_P450_family_2_subfamily_C_member_19""], [""AR-C124910xx"", ""affects"", ""cytochrome_P450_family_3_subfamily_A_member_5""]]","[[""Cytochrome_P450_Family_3_Subfamily_A_Member_5"", ""associated_with"", ""diabetes_mellitus""], [""Cytochrome_P450_Family_3_Subfamily_A_Member_5"", ""associated_with"", ""glomerular_filtration_rate""], [""Cytochrome_P450_Family_2_Subfamily_C_Member_19"", ""linked_to"", ""overdose""], [""Cytochrome_P450_Family_2_Subfamily_C_Member_19"", ""linked_to"", ""myocardial_ischemia""], [""Cytochrome_P450_Family_2_Subfamily_C_Member_19"", ""linked_to"", ""obsessive-compulsive_disorder""], [""Cytochrome_P450_Family_2_Subfamily_B_Member_6"", ""causes"", ""pregnancy""], [""Cytochrome_P450_Family_2_Subfamily_B_Member_6"", ""causes"", ""leukopenia""], [""Cytochrome_P450_Family_2_Subfamily_B_Member_6"", ""causes"", ""depression""], [""diabetes_mellitus"", ""manifests"", ""hyperglycemia""], [""diabetes_mellitus"", ""manifests"", ""type_I_diabetes_mellitus""], [""diabetes_mellitus"", ""manifests"", ""polydipsia""], [""AR-C124910XX"", ""affects"", ""Cytochrome_P450_Family_2_Subfamily_B_Member_6""], [""AR-C124910XX"", ""affects"", ""Cytochrome_P450_Family_2_Subfamily_C_Member_19""], [""AR-C124910XX"", ""affects"", ""Cytochrome_P450_Family_3_Subfamily_A_Member_5""]]",1.0,1.0,1.0,1.0,1.0,0.9968852968896932,0.997196767200724,0.9975082375117548,0.9978197078227852,0.998131178133816,0.9984426484448466,0.9987541187558772,0.999065589066908,0.9993770593779386,0.9996885296889694,1.0,0.9419032232518304,0.9784459244647186,1,edge_deletion
178,"The drug magnesium sulfate increases the efficacy of diphenoxylate, chloroprocaine, and zuclopenthixol. Additionally, pregabalin enhances the efficacy of tiagabine and metocurine while also having a potential side effect of prostate cancer. Methaqualone is known to increase the efficacy of pregabalin, magnesium sulfate, and lofexidine. Lofexidine, on the other hand, decreases the efficacy of labetalol but increases the efficacy of butaperazine and lofepramine. Furthermore, chloroprocaine may lead to the side effect of hyperhidrosis.","The use of magnesium sulfate increases the efficacy of rubella virus vaccine, chloroprocaine, and zuclopenthixol. Pulicatin A enhances the efficacy of amidephrine and metocurine. Additionally, pulicatin A has a side effect of causing prostate cancer. Methaqualone boosts the efficacy of pulicatin A, magnesium sulfate, and lofexidine. Moreover, chloroprocaine leads to the side effect of hyperhidrosis. Lofexidine decreases the efficacy of labetalol but increases the efficacy of meliastatin 3 and lofepramine.","[[""magnesium_sulfate"", ""increases_efficacy_of"", ""diphenoxylate""], [""magnesium_sulfate"", ""increases_efficacy_of"", ""chloroprocaine""], [""magnesium_sulfate"", ""increases_efficacy_of"", ""zuclopenthixol""], [""pregabalin"", ""enhances_efficacy_of"", ""tiagabine""], [""pregabalin"", ""enhances_efficacy_of"", ""metocurine""], [""pregabalin"", ""has_side_effect"", ""prostate_cancer""], [""methaqualone"", ""increases_efficacy_of"", ""pregabalin""], [""methaqualone"", ""increases_efficacy_of"", ""magnesium_sulfate""], [""methaqualone"", ""increases_efficacy_of"", ""lofexidine""], [""lofexidine"", ""decreases_efficacy_of"", ""labetalol""], [""lofexidine"", ""increases_efficacy_of"", ""butaperazine""], [""lofexidine"", ""increases_efficacy_of"", ""lofepramine""], [""chloroprocaine"", ""may_lead_to"", ""hyperhidrosis""]]","[[""magnesium_sulfate"", ""increases_efficacy_of"", ""rubella_virus_vaccine""], [""magnesium_sulfate"", ""increases_efficacy_of"", ""chloroprocaine""], [""magnesium_sulfate"", ""increases_efficacy_of"", ""zuclopenthixol""], [""pulicatin_A"", ""enhances_efficacy_of"", ""amidephrine""], [""pulicatin_A"", ""enhances_efficacy_of"", ""metocurine""], [""pulicatin_A"", ""has_side_effect"", ""prostate_cancer""], [""methaqualone"", ""boosts_efficacy_of"", ""pulicatin_A""], [""methaqualone"", ""boosts_efficacy_of"", ""magnesium_sulfate""], [""methaqualone"", ""boosts_efficacy_of"", ""lofexidine""], [""lofexidine"", ""decreases_efficacy_of"", ""labetalol""], [""lofexidine"", ""increases_efficacy_of"", ""meliastatin_3""], [""lofexidine"", ""increases_efficacy_of"", ""lofepramine""], [""chloroprocaine"", ""leads_to"", ""hyperhidrosis""]]",0.5452752542346465,0.4684109091758728,0.918461263179779,0.5476190476190477,0.6177976057527915,0.9402804748588464,0.9080321879482408,0.8757839010376356,0.8435356141270299,0.8112873272164245,0.7790390403058189,0.7467907533952135,0.7145424664846081,0.6822941795740025,0.6500458926633971,0.6177976057527915,0.8944823355857603,0.8688652534977044,0,node_replacement
179,"Lercanidipine decreases the efficacy of niflumic acid, while also causing side effects such as hypotension and myocardial infarction. Niflumic acid, on the other hand, decreases the efficacy of ambrisentan, nicorandil, and cicletanine. Ambrisentan is associated with side effects like cardiac failure and pharyngitis. Sulfasalazine decreases the efficacy of varicella zoster vaccine (recombinant) and is linked to malnutrition as a side effect. Cicletanine decreases the efficacy of pentazocine and etodolac, but increases the efficacy of chlorothiazide. Nicorandil decreases the efficacy of diclofenac, sulfasalazine, and indoprofen.","The drug lercanidipine decreases the efficacy of niflumic acid, which in turn decreases the efficacy of caroverine, zavegepant, and cicletanine. Lercanidipine also has side effects including spleen disorder and diverticular perforation. Caroverine causes side effects such as photodamaged skin and parotitis. 10alpha-hydroxycadinan-4-ene-3-one decreases the efficacy of enoximone and leads to side effects like malnutrition. Cicletanine decreases the efficacy of sulfadiazine and foscarnet, but increases the efficacy of chlorothiazide. Zavegepant decreases the efficacy of calyxin j, 10alpha-hydroxycadinan-4-ene-3-one, and kos-1584.","[[""Lercanidipine"", ""decreases_efficacy_of"", ""Niflumic_acid""], [""Lercanidipine"", ""causes"", ""Hypotension""], [""Lercanidipine"", ""causes"", ""Myocardial_infarction""], [""Niflumic_acid"", ""decreases_efficacy_of"", ""Ambrisentan""], [""Niflumic_acid"", ""decreases_efficacy_of"", ""Nicorandil""], [""Niflumic_acid"", ""decreases_efficacy_of"", ""Cicletanine""], [""Ambrisentan"", ""associated_with"", ""Cardiac_failure""], [""Ambrisentan"", ""associated_with"", ""Pharyngitis""], [""Sulfasalazine"", ""decreases_efficacy_of"", ""Varicella_zoster_vaccine_recombinant""], [""Sulfasalazine"", ""linked_to"", ""Malnutrition""], [""Cicletanine"", ""decreases_efficacy_of"", ""Pentazocine""], [""Cicletanine"", ""decreases_efficacy_of"", ""Etodolac""], [""Cicletanine"", ""increases_efficacy_of"", ""Chlorothiazide""], [""Nicorandil"", ""decreases_efficacy_of"", ""Diclofenac""], [""Nicorandil"", ""decreases_efficacy_of"", ""Sulfasalazine""], [""Nicorandil"", ""decreases_efficacy_of"", ""Indoprofen""]]","[[""Lercanidipine"", ""decreases_efficacy_of"", ""Niflumic_acid""], [""Niflumic_acid"", ""decreases_efficacy_of"", ""Caroverine""], [""Niflumic_acid"", ""decreases_efficacy_of"", ""Zavegepant""], [""Niflumic_acid"", ""decreases_efficacy_of"", ""Cicletanine""], [""Lercanidipine"", ""causes"", ""Spleen_disorder""], [""Lercanidipine"", ""causes"", ""Diverticular_perforation""], [""Caroverine"", ""causes"", ""Photodamaged_skin""], [""Caroverine"", ""causes"", ""Parotitis""], [""10alpha-hydroxycadinan-4-ene-3-one"", ""decreases_efficacy_of"", ""Enoximone""], [""10alpha-hydroxycadinan-4-ene-3-one"", ""leads_to"", ""Malnutrition""], [""Cicletanine"", ""decreases_efficacy_of"", ""Sulfadiazine""], [""Cicletanine"", ""decreases_efficacy_of"", ""Foscarnet""], [""Cicletanine"", ""increases_efficacy_of"", ""Chlorothiazide""], [""Zavegepant"", ""decreases_efficacy_of"", ""Calyxin_j""], [""Zavegepant"", ""decreases_efficacy_of"", ""10alpha-hydroxycadinan-4-ene-3-one""], [""Zavegepant"", ""decreases_efficacy_of"", ""Kos-1584""]]",0.1429154876187573,0.0,0.4574700593948364,0.1470588235294117,0.1429154876187573,0.9011846399875376,0.8253577247506597,0.7495308095137817,0.6737038942769036,0.5978769790400256,0.5220500638031476,0.4462231485662695,0.3703962333293915,0.2945693180925134,0.2187424028556353,0.1429154876187573,0.75336738011521,0.7416412674522754,0,node_replacement
180,"EHMT1 causes Kleefstra syndrome, specifically Kleefstra syndrome due to a point mutation and Kleefstra syndrome due to 9q34 microdeletion. Histone-lysine N-methyltransferase is a gene product of DOT1L, EHMT1, and EHMT2. Additionally, 2-(3,4-dihydroxyphenyl)acetic acid targets protocatechuate 3,4-dioxygenase alpha chain, protocatechuate 3,4-dioxygenase beta chain, and histone-lysine N-methyltransferase.","The gene EHMT1 is known to cause several conditions including Kleefstra syndrome, Reticulate Acropigmentation of Kitamura, and Kleefstra syndrome due to 9q34 microdeletion. Tumor Necrosis Factor is a gene product of DOT1L, EHMT1, and MLKL. Additionally, the molecule 2-(3,4-dihydroxyphenyl)acetic acid targets protocatechuate 3,4-dioxygenase alpha chain, aminoacylase-1, and tumor necrosis factor.","[[""EHMT1"", ""causes"", ""Kleefstra_syndrome""], [""EHMT1"", ""causes"", ""Kleefstra_syndrome_due_to_point_mutation""], [""EHMT1"", ""causes"", ""Kleefstra_syndrome_due_to_9q34_microdeletion""], [""DOT1L"", ""gene_product"", ""histone-lysine_N-methyltransferase""], [""EHMT1"", ""gene_product"", ""histone-lysine_N-methyltransferase""], [""EHMT2"", ""gene_product"", ""histone-lysine_N-methyltransferase""], [""2-(3,4-dihydroxyphenyl)acetic_acid"", ""targets"", ""protocatechuate_3,4-dioxygenase_alpha_chain""], [""2-(3,4-dihydroxyphenyl)acetic_acid"", ""targets"", ""protocatechuate_3,4-dioxygenase_beta_chain""], [""2-(3,4-dihydroxyphenyl)acetic_acid"", ""targets"", ""histone-lysine_N-methyltransferase""]]","[[""EHMT1"", ""causes"", ""Kleefstra_syndrome""], [""EHMT1"", ""causes"", ""Reticulate_Acropigmentation_of_Kitamura""], [""EHMT1"", ""causes"", ""Kleefstra_syndrome_due_to_9q34_microdeletion""], [""DOT1L"", ""gene_product"", ""Tumor_Necrosis_Factor""], [""EHMT1"", ""gene_product"", ""Tumor_Necrosis_Factor""], [""MLKL"", ""gene_product"", ""Tumor_Necrosis_Factor""], [""2-(3,4-dihydroxyphenyl)acetic_acid"", ""targets"", ""protocatechuate_3,4-dioxygenase_alpha_chain""], [""2-(3,4-dihydroxyphenyl)acetic_acid"", ""targets"", ""aminoacylase-1""], [""2-(3,4-dihydroxyphenyl)acetic_acid"", ""targets"", ""Tumor_Necrosis_Factor""]]",0.3857583749052297,0.3126825392246246,0.8712195754051208,0.35,0.5291868854099868,0.8783000589831182,0.8433887416258051,0.808477424268492,0.7735661069111788,0.7386547895538657,0.7037434721965525,0.6688321548392394,0.6339208374819263,0.5990095201246131,0.5640982027672999,0.5291868854099868,0.8709535726532713,0.7736677595219936,0,node_replacement
181,"The drug insulin aspart decreases the efficacy of norethisterone, increases the efficacy of nalidixic acid and bopindolol. Picosulfuric acid decreases the efficacy of amdinocillin, pivampicillin, and nicomorphine. Nalidixic acid increases the efficacy of insulin lispro and vildagliptin. Enoxacin increases the efficacy of gliquidone and insulin aspart but decreases the efficacy of picosulfuric acid. Gliquidone decreases the efficacy of diethylstilbestrol, liothyronine, and metolazone.","The compound paravallarine decreases the efficacy of sanguinolignan b and increases the efficacy of 25-hydroxyprotopanaxadiol, as well as etoricoxib. Flutemetamol (18f) decreases the efficacy of amdinocillin, anserinone b, and nicomorphine. 25-hydroxyprotopanaxadiol increases the efficacy of L-gluconic acid and platelet activating factor. Enoxacin increases the efficacy of sophoricoside and paravallarine, but decreases the efficacy of flutemetamol (18f). Sophoricoside decreases the efficacy of hydroxy-beta-sanshool, 4',5,7-trihydroxy homoisoflavanone, and metolazone.","[[""insulin_aspart"", ""decreases_efficacy_of"", ""norethisterone""], [""insulin_aspart"", ""increases_efficacy_of"", ""nalidixic_acid""], [""insulin_aspart"", ""increases_efficacy_of"", ""bopindolol""], [""picosulfuric_acid"", ""decreases_efficacy_of"", ""amdinocillin""], [""picosulfuric_acid"", ""decreases_efficacy_of"", ""pivampicillin""], [""picosulfuric_acid"", ""decreases_efficacy_of"", ""nicomorphine""], [""nalidixic_acid"", ""increases_efficacy_of"", ""insulin_lispro""], [""nalidixic_acid"", ""increases_efficacy_of"", ""vildagliptin""], [""enoxacin"", ""increases_efficacy_of"", ""gliquidone""], [""enoxacin"", ""increases_efficacy_of"", ""insulin_aspart""], [""enoxacin"", ""decreases_efficacy_of"", ""picosulfuric_acid""], [""gliquidone"", ""decreases_efficacy_of"", ""diethylstilbestrol""], [""gliquidone"", ""decreases_efficacy_of"", ""liothyronine""], [""gliquidone"", ""decreases_efficacy_of"", ""metolazone""]]","[[""paravallarine"", ""decreases_efficacy_of"", ""sanguinolignan_b""], [""paravallarine"", ""increases_efficacy_of"", ""25-hydroxyprotopanaxadiol""], [""paravallarine"", ""increases_efficacy_of"", ""etoricoxib""], [""flutemetamol_(18f)"", ""decreases_efficacy_of"", ""amdinocillin""], [""flutemetamol_(18f)"", ""decreases_efficacy_of"", ""anserinone_b""], [""flutemetamol_(18f)"", ""decreases_efficacy_of"", ""nicomorphine""], [""25-hydroxyprotopanaxadiol"", ""increases_efficacy_of"", ""L-gluconic_acid""], [""25-hydroxyprotopanaxadiol"", ""increases_efficacy_of"", ""platelet_activating_factor""], [""enoxacin"", ""increases_efficacy_of"", ""sophoricoside""], [""enoxacin"", ""increases_efficacy_of"", ""paravallarine""], [""enoxacin"", ""decreases_efficacy_of"", ""flutemetamol_(18f)""], [""sophoricoside"", ""decreases_efficacy_of"", ""hydroxy-beta-sanshool""], [""sophoricoside"", ""decreases_efficacy_of"", ""4\"",5,7-trihydroxy_homoisoflavanone""], [""sophoricoside"", ""decreases_efficacy_of"", ""metolazone""]]",0.2465246656511489,0.0,0.3566430807113647,0.2111111111111111,0.2465246656511489,0.8512253921711651,0.7907553195191634,0.7302852468671619,0.6698151742151602,0.6093451015631586,0.548875028911157,0.4884049562591554,0.4279348836071538,0.3674648109551521,0.3069947383031505,0.2465246656511489,0.7183525456148185,0.7398558160957925,0,node_replacement
182,"The drug Sulfaperin increases the efficacy of Sulfadiazine, Mifepristone, and Teneligliptin. Mifepristone, in turn, increases the efficacy of Alprenolol but decreases the efficacy of Difluocortolone, leading to side effects such as Vaginal haemorrhage. Alprenolol increases the efficacy of Acarbose and targets Histone-lysine N-methyltransferase. On the other hand, Sulfadiazine increases the efficacy of Methazolamide but decreases the efficacy of Estrone sulfate, causing side effects like Neuritis. Additionally, Teneligliptin decreases the efficacy of Benzthiazide but increases the efficacy of Pindolol and Succinylsulfathiazole.","Sulfaperin increases the efficacy of several medications including nafcillin, formononetin, and 1-benzylimidazole. Formononetin, in turn, increases the efficacy of dolutegravir but decreases the efficacy of difluocortolone and has a side effect of vaginal haemorrhage. Dolutegravir increases the efficacy of eldecalcitol and targets the tumor-associated calcium signal transducer 2. Nafcillin increases the efficacy of methazolamide but decreases the efficacy of spiroquinazoline and has a side effect of neuritis. 1-benzylimidazole decreases the efficacy of benzthiazide but increases the efficacy of psorothamnone b and alvaradoin e.","[[""Sulfaperin"", ""increases_efficacy_of"", ""Sulfadiazine""], [""Sulfaperin"", ""increases_efficacy_of"", ""Mifepristone""], [""Sulfaperin"", ""increases_efficacy_of"", ""Teneligliptin""], [""Mifepristone"", ""increases_efficacy_of"", ""Alprenolol""], [""Mifepristone"", ""decreases_efficacy_of"", ""Difluocortolone""], [""Mifepristone"", ""leads_to_side_effect"", ""Vaginal_haemorrhage""], [""Alprenolol"", ""increases_efficacy_of"", ""Acarbose""], [""Alprenolol"", ""targets"", ""Histone-lysine_N-methyltransferase""], [""Sulfadiazine"", ""increases_efficacy_of"", ""Methazolamide""], [""Sulfadiazine"", ""decreases_efficacy_of"", ""Estrone_sulfate""], [""Sulfadiazine"", ""leads_to_side_effect"", ""Neuritis""], [""Teneligliptin"", ""decreases_efficacy_of"", ""Benzthiazide""], [""Teneligliptin"", ""increases_efficacy_of"", ""Pindolol""], [""Teneligliptin"", ""increases_efficacy_of"", ""Succinylsulfathiazole""]]","[[""Sulfaperin"", ""increases_efficacy_of"", ""nafcillin""], [""Sulfaperin"", ""increases_efficacy_of"", ""formononetin""], [""Sulfaperin"", ""increases_efficacy_of"", ""1-benzylimidazole""], [""formononetin"", ""increases_efficacy_of"", ""dolutegravir""], [""formononetin"", ""decreases_efficacy_of"", ""difluocortolone""], [""formononetin"", ""leads_to_side_effect"", ""vaginal_haemorrhage""], [""dolutegravir"", ""increases_efficacy_of"", ""eldecalcitol""], [""dolutegravir"", ""targets"", ""tumor-associated_calcium_signal_transducer_2""], [""nafcillin"", ""increases_efficacy_of"", ""methazolamide""], [""nafcillin"", ""decreases_efficacy_of"", ""spiroquinazoline""], [""nafcillin"", ""leads_to_side_effect"", ""neuritis""], [""1-benzylimidazole"", ""decreases_efficacy_of"", ""benzthiazide""], [""1-benzylimidazole"", ""increases_efficacy_of"", ""psorothamnone_b""], [""1-benzylimidazole"", ""increases_efficacy_of"", ""alvaradoin_e""]]",0.3860440160957241,0.0,0.6226407289505005,0.3444444444444444,0.4307055216465324,0.861858546129246,0.8187432436809746,0.7756279412327034,0.7325126387844318,0.6893973363361605,0.6462820338878892,0.6031667314396179,0.5600514289913465,0.5169361265430752,0.4738208240948037,0.4307055216465324,0.781353041873629,0.7731811194174281,0,node_replacement
183,"Thyrotropin alfa increases the activity of the vasoconstricting activities. It decreases the efficacy of ibrutinib and cloprednol. Abaloparatide decreases the efficacy of bosutinib, cabozantinib, and selpercatinib. Tivozanib decreases the efficacy of thyrotropin alfa, follitropin, and abaloparatide. Follitropin decreases the efficacy of vatalanib, nintedanib, and insulin argine.","Thyrotropin alfa decreases the efficacy of ibrutinib, cloprednol, and the vasoconstricting activities. Abaloparatide decreases the efficacy of bosutinib, cabozantinib, and selpercatinib. Tivozanib decreases the efficacy of thyrotropin alfa, follitropin, and abaloparatide. Follitropin decreases the efficacy of vatalanib, nintedanib, and insulin argine.","[[""Thyrotropin_alfa"", ""increases"", ""vasoconstricting_activities""], [""Thyrotropin_alfa"", ""decreases_efficacy_of"", ""Ibrutinib""], [""Thyrotropin_alfa"", ""decreases_efficacy_of"", ""Cloprednol""], [""Abaloparatide"", ""decreases_efficacy_of"", ""Bosutinib""], [""Abaloparatide"", ""decreases_efficacy_of"", ""Cabozantinib""], [""Abaloparatide"", ""decreases_efficacy_of"", ""Selpercatinib""], [""Tivozanib"", ""decreases_efficacy_of"", ""Thyrotropin_alfa""], [""Tivozanib"", ""decreases_efficacy_of"", ""Follitropin""], [""Tivozanib"", ""decreases_efficacy_of"", ""Abaloparatide""], [""Follitropin"", ""decreases_efficacy_of"", ""Vatalanib""], [""Follitropin"", ""decreases_efficacy_of"", ""Nintedanib""], [""Follitropin"", ""decreases_efficacy_of"", ""Insulin_argine""]]","[[""Thyrotropin_alfa"", ""decreases_efficacy_of"", ""Ibrutinib""], [""Thyrotropin_alfa"", ""decreases_efficacy_of"", ""Cloprednol""], [""Thyrotropin_alfa"", ""decreases_efficacy_of"", ""vasoconstricting_activities""], [""Abaloparatide"", ""decreases_efficacy_of"", ""Bosutinib""], [""Abaloparatide"", ""decreases_efficacy_of"", ""Cabozantinib""], [""Abaloparatide"", ""decreases_efficacy_of"", ""Selpercatinib""], [""Tivozanib"", ""decreases_efficacy_of"", ""Thyrotropin_alfa""], [""Tivozanib"", ""decreases_efficacy_of"", ""Follitropin""], [""Tivozanib"", ""decreases_efficacy_of"", ""Abaloparatide""], [""Follitropin"", ""decreases_efficacy_of"", ""Vatalanib""], [""Follitropin"", ""decreases_efficacy_of"", ""Nintedanib""], [""Follitropin"", ""decreases_efficacy_of"", ""Insulin_argine""]]",1.0,1.0,1.0,1.0,1.0,0.9994576551638884,0.9995118896474996,0.9995661241311108,0.9996203586147216,0.999674593098333,0.999728827581944,0.9997830620655552,0.9998372965491664,0.9998915310327776,0.9999457655163888,1.0,0.9928043493221812,0.9976292434592504,0,edge_replacement
184,"The drug alfentanil increases the activity of the cardiodepressant activities and has the side effect of asthenia. It also decreases the efficacy of phenolphthalein. Phenolphthalein, in turn, decreases the efficacy of mebeverine.","The drug alfentanil decreases the efficacy of phenolphthalein and has the side effect of asthenia. It also decreases the activity of the cardiodepressant activities. Additionally, phenolphthalein decreases the efficacy of mebeverine.","[[""alfentanil"", ""increases"", ""cardiodepressant_activities""], [""alfentanil"", ""has_side_effect"", ""asthenia""], [""alfentanil"", ""decreases"", ""phenolphthalein""], [""phenolphthalein"", ""decreases"", ""mebeverine""]]","[[""alfentanil"", ""decreases"", ""phenolphthalein""], [""alfentanil"", ""has_side_effect"", ""asthenia""], [""alfentanil"", ""decreases"", ""cardiodepressant_activities""], [""phenolphthalein"", ""decreases"", ""mebeverine""]]",1.0,1.0,0.9999998807907104,1.0,1.0,0.9965721135408327,0.9969149021867496,0.9972576908326662,0.9976004794785828,0.9979432681244996,0.9982860567704164,0.9986288454163332,0.99897163406225,0.9993144227081664,0.9996572113540833,1.0,0.9836909882555744,0.9935370503179776,0,edge_replacement
185,"The drug trimethadione is known to increase the activity of the QTc-prolonging activities. It also decreases the efficacy of methylphenidate and is associated with emotional distress as a side effect. Centella asiatica, on the other hand, decreases the efficacy of trimethadione, methohexital, and riluzole.","The drug trimethadione is known to decrease the efficacy of methylphenidate and has a side effect of emotional distress. It also decreases the activity of the QTc-prolonging activities. Centella asiatica decreases the efficacy of trimethadione, methohexital, and riluzole.","[[""trimethadione"", ""increases"", ""QTc-prolonging_activities""], [""trimethadione"", ""decreases"", ""methylphenidate""], [""trimethadione"", ""associated_with"", ""emotional_distress""], [""Centella_asiatica"", ""decreases"", ""trimethadione""], [""Centella_asiatica"", ""decreases"", ""methohexital""], [""Centella_asiatica"", ""decreases"", ""riluzole""]]","[[""trimethadione"", ""decreases"", ""methylphenidate""], [""trimethadione"", ""has_side_effect"", ""emotional_distress""], [""trimethadione"", ""decreases"", ""QTc-prolonging_activities""], [""Centella_asiatica"", ""decreases"", ""trimethadione""], [""Centella_asiatica"", ""decreases"", ""methohexital""], [""Centella_asiatica"", ""decreases"", ""riluzole""]]",1.0,0.9999999403953552,1.0,1.0,1.0,0.9956773329369328,0.9961095996432394,0.9965418663495462,0.9969741330558528,0.9974063997621596,0.9978386664684664,0.9982709331747732,0.9987031998810798,0.9991354665873866,0.9995677332936932,1.0,0.96281582518622,0.9825114586883844,0,edge_replacement
186,"The compound 3-isobutyl-1-methyl-7H-xanthine increases the activity of the hypotensive activities. Additionally, it decreases the efficacy of clobazam and chlordiazepoxide. Chlordiazepoxide, in turn, increases the effect of neuropsychiatric effects and has side effects such as shock and eruption. On the other hand, clobazam has a side effect of decreased libido.","The compound 3-isobutyl-1-methyl-7h-xanthine increases the activity of the hypotensive activities. It also decreases the efficacy of clobazam and chlordiazepoxide. Chlordiazepoxide, in turn, increases the effect of neuropsychiatric effects. Additionally, chlordiazepoxide has side effects such as shock and eruption. On the other hand, clobazam has a side effect of decreased libido.","[[""3-isobutyl-1-methyl-7H-xanthine"", ""increases"", ""hypotensive_activities""], [""3-isobutyl-1-methyl-7H-xanthine"", ""decreases"", ""clobazam""], [""3-isobutyl-1-methyl-7H-xanthine"", ""decreases"", ""chlordiazepoxide""], [""chlordiazepoxide"", ""increases"", ""neuropsychiatric_effects""], [""chlordiazepoxide"", ""has_side_effect"", ""shock""], [""chlordiazepoxide"", ""has_side_effect"", ""eruption""], [""clobazam"", ""has_side_effect"", ""decreased_libido""]]","[[""3-isobutyl-1-methyl-7h-xanthine"", ""increases"", ""hypotensive_activities""], [""3-isobutyl-1-methyl-7h-xanthine"", ""decreases"", ""clobazam""], [""3-isobutyl-1-methyl-7h-xanthine"", ""decreases"", ""chlordiazepoxide""], [""chlordiazepoxide"", ""increases"", ""neuropsychiatric_effects""], [""chlordiazepoxide"", ""has_side_effect"", ""shock""], [""chlordiazepoxide"", ""has_side_effect"", ""eruption""], [""clobazam"", ""has_side_effect"", ""decreased_libido""]]",1.0,1.0,1.0,1.0,1.0,0.9999999982913856,0.999999998462247,0.9999999986331084,0.9999999988039698,0.9999999989748312,0.9999999991456928,0.9999999993165544,0.9999999994874156,0.9999999996582772,0.9999999998291386,1.0,0.9999999887176922,0.9999999878378346,1,edge_replacement
187,"The drug huperzine A decreases the efficacy of multiple medications including doxylamine, nicardipine, and dihexyverine. Additionally, vitamin D decreases the efficacy of medications like desoximetasone, difluocortolone, and fluprednisolone. Paramethasone, on the other hand, decreases the efficacy of huperzine A, vitamin D, and varicella zoster vaccine (recombinant).","Huperzine A is known to decrease the efficacy of various drugs such as doxylamine, nicardipine, and dihexyverine. Similarly, Vitamin D can decrease the efficacy of desoximetasone, difluocortolone, and fluprednisolone. On the other hand, paramethasone decreases the efficacy of huperzine A, Vitamin D, and varicella zoster vaccine (recombinant).","[[""huperzine_A"", ""decreases_efficacy_of"", ""doxylamine""], [""huperzine_A"", ""decreases_efficacy_of"", ""nicardipine""], [""huperzine_A"", ""decreases_efficacy_of"", ""dihexyverine""], [""vitamin_D"", ""decreases_efficacy_of"", ""desoximetasone""], [""vitamin_D"", ""decreases_efficacy_of"", ""difluocortolone""], [""vitamin_D"", ""decreases_efficacy_of"", ""fluprednisolone""], [""paramethasone"", ""decreases_efficacy_of"", ""huperzine_A""], [""paramethasone"", ""decreases_efficacy_of"", ""vitamin_D""], [""paramethasone"", ""decreases_efficacy_of"", ""varicella_zoster_vaccine_(recombinant)""]]","[[""huperzine_A"", ""decreases_efficacy_of"", ""doxylamine""], [""huperzine_A"", ""decreases_efficacy_of"", ""nicardipine""], [""huperzine_A"", ""decreases_efficacy_of"", ""dihexyverine""], [""Vitamin_D"", ""decreases_efficacy_of"", ""desoximetasone""], [""Vitamin_D"", ""decreases_efficacy_of"", ""difluocortolone""], [""Vitamin_D"", ""decreases_efficacy_of"", ""fluprednisolone""], [""paramethasone"", ""decreases_efficacy_of"", ""huperzine_A""], [""paramethasone"", ""decreases_efficacy_of"", ""Vitamin_D""], [""paramethasone"", ""decreases_efficacy_of"", ""varicella_zoster_vaccine_(recombinant)""]]",1.0,1.0,1.0,1.0,1.0,0.9999999204786866,0.999999928430818,0.9999999363829492,0.9999999443350808,0.999999952287212,0.9999999602393432,0.9999999681914746,0.999999976143606,0.9999999840957372,0.9999999920478686,1.0,1.0,0.998969694579764,1,node_removal
188,"The compound 4-hydroxycoumarin enhances the efficacy of quinidine and basifungin, while decreasing the efficacy of antihemophilic factor (recombinant). Antihemophilic factor (recombinant) in turn decreases the efficacy of dalteparin, (r)-warfarin, and dabigatran. Basifungin boosts the efficacy of warfarin, acenocoumarol, and ethyl biscoumacetate. On the other hand, quinidine increases the efficacy of bisoprolol and tocopherylquinone, but decreases the efficacy of methylphosphinic acid.","The compound 4-hydroxycoumarin can increase the efficacy of quinidine and basifungin, but decrease the efficacy of antihemophilic factor (recombinant). Antihemophilic factor (recombinant) in turn can decrease the efficacy of dalteparin, (r)-warfarin, and dabigatran. Basifungin enhances the efficacy of warfarin, acenocoumarol, and ethyl biscoumacetate. Lastly, quinidine enhances the efficacy of bisoprolol and tocopherylquinone, but decreases the efficacy of methylphosphinic acid.","[[""4-hydroxycoumarin"", ""enhances"", ""quinidine""], [""4-hydroxycoumarin"", ""enhances"", ""basifungin""], [""4-hydroxycoumarin"", ""decreases"", ""antihemophilic_factor_(recombinant)""], [""antihemophilic_factor_(recombinant)"", ""decreases"", ""dalteparin""], [""antihemophilic_factor_(recombinant)"", ""decreases"", ""(r)-warfarin""], [""antihemophilic_factor_(recombinant)"", ""decreases"", ""dabigatran""], [""basifungin"", ""boosts"", ""warfarin""], [""basifungin"", ""boosts"", ""acenocoumarol""], [""basifungin"", ""boosts"", ""ethyl_biscoumacetate""], [""quinidine"", ""increases"", ""bisoprolol""], [""quinidine"", ""increases"", ""tocopherylquinone""], [""quinidine"", ""decreases"", ""methylphosphinic_acid""]]","[[""4-hydroxycoumarin"", ""increases"", ""quinidine""], [""4-hydroxycoumarin"", ""increases"", ""basifungin""], [""4-hydroxycoumarin"", ""decreases"", ""antihemophilic_factor_(recombinant)""], [""antihemophilic_factor_(recombinant)"", ""decreases"", ""dalteparin""], [""antihemophilic_factor_(recombinant)"", ""decreases"", ""(r)-warfarin""], [""antihemophilic_factor_(recombinant)"", ""decreases"", ""dabigatran""], [""basifungin"", ""enhances"", ""warfarin""], [""basifungin"", ""enhances"", ""acenocoumarol""], [""basifungin"", ""enhances"", ""ethyl_biscoumacetate""], [""quinidine"", ""enhances"", ""bisoprolol""], [""quinidine"", ""enhances"", ""tocopherylquinone""], [""quinidine"", ""decreases"", ""methylphosphinic_acid""]]",1.0,1.0,1.0,1.0,1.0,0.9945265654183858,0.9950739088765472,0.9956212523347088,0.99616859579287,0.9967159392510316,0.997263282709193,0.9978106261673544,0.9983579696255158,0.9989053130836772,0.9994526565418386,1.0,0.9751851322391932,0.9795027446253451,1,edge_deletion
189,"Sertindole increases the effect of bradycardia. 
Sertindole decreases the efficacy of ropinirole and apomorphine. 
Etilevodopa decreases the efficacy of droperidol, iloperidone, and sertindole. 
Iloperidone decreases the efficacy of metformin.","The drug sertindole decreases the efficacy of ropinirole, apomorphine, and causes a decrease in the effect of bradycardia. Similarly, etilevodopa reduces the efficacy of droperidol, iloperidone, and sertindole, while iloperidone decreases the efficacy of metformin.","[[""Sertindole"", ""increases"", ""bradycardia""], [""Sertindole"", ""decreases"", ""ropinirole""], [""Sertindole"", ""decreases"", ""apomorphine""], [""Etilevodopa"", ""decreases"", ""droperidol""], [""Etilevodopa"", ""decreases"", ""iloperidone""], [""Etilevodopa"", ""decreases"", ""sertindole""], [""Iloperidone"", ""decreases"", ""metformin""]]","[[""Sertindole"", ""decreases"", ""ropinirole""], [""Sertindole"", ""decreases"", ""apomorphine""], [""Sertindole"", ""decreases"", ""bradycardia""], [""Etilevodopa"", ""reduces"", ""droperidol""], [""Etilevodopa"", ""reduces"", ""iloperidone""], [""Etilevodopa"", ""reduces"", ""sertindole""], [""Iloperidone"", ""decreases"", ""metformin""]]",1.0,0.9999998807907104,1.0,1.0,1.0,0.9940127184425952,0.9946114465983356,0.995210174754076,0.9958089029098164,0.9964076310655572,0.9970063592212975,0.997605087377038,0.9982038155327786,0.9988025436885192,0.9994012718442596,1.0,0.9770105370759274,0.9570247686968084,0,edge_replacement
190,"The drug ephedrine decreases the efficacy of both risperidone and pindolol, and targets whole blood. Levonordefrin increases the efficacy of phentermine but decreases the efficacy of both thioridazine and phentolamine. Tritoqualine increases the efficacy of epinephrine, ephedrine, and levonordefrin.","The drug ephedrine decreases the efficacy of both risperidone and pindolol and has a target in whole blood. Levonordefrin increases the efficacy of phentermine but decreases the efficacy of both thioridazine and phentolamine. Additionally, tritoqualine increases the efficacy of epinephrine.","[[""ephedrine"", ""decreases_efficacy_of"", ""risperidone""], [""ephedrine"", ""decreases_efficacy_of"", ""pindolol""], [""ephedrine"", ""targets"", ""whole_blood""], [""levonordefrin"", ""increases_efficacy_of"", ""phentermine""], [""levonordefrin"", ""decreases_efficacy_of"", ""thioridazine""], [""levonordefrin"", ""decreases_efficacy_of"", ""phentolamine""], [""tritoqualine"", ""increases_efficacy_of"", ""epinephrine""], [""tritoqualine"", ""increases_efficacy_of"", ""ephedrine""], [""tritoqualine"", ""increases_efficacy_of"", ""levonordefrin""]]","[[""ephedrine"", ""decreases_efficacy_of"", ""risperidone""], [""ephedrine"", ""decreases_efficacy_of"", ""pindolol""], [""ephedrine"", ""targets"", ""whole_blood""], [""levonordefrin"", ""increases_efficacy_of"", ""phentermine""], [""levonordefrin"", ""decreases_efficacy_of"", ""thioridazine""], [""levonordefrin"", ""decreases_efficacy_of"", ""phentolamine""], [""tritoqualine"", ""increases_efficacy_of"", ""epinephrine""]]",0.8958333333333334,1.0,0.9999998807907104,0.8333333333333334,0.8333333333333334,0.9899367721495363,0.9742764282679162,0.958616084386296,0.9429557405046756,0.9272953966230552,0.911635052741435,0.8959747088598147,0.8803143649781944,0.864654021096574,0.8489936772149537,0.8333333333333334,0.990546582219194,0.7616803763699043,0,edge_deletion
191,"Benzyl alcohol is known to increase the activity of the hepatotoxic activities and has an effect on methemoglobinemia. It also targets udp-glucuronosyltransferase 1-6. UDP-glucuronosyltransferase 1-6, which is the gene product of UGT1A6, acts within pathways such as Glucuronidation, Aspirin ADME, and Paracetamol ADME.","Benzyl alcohol has the effect of causing methemoglobinemia and decreasing the hepatotoxic activities. It targets UDP-glucuronosyltransferase 1-6. UDP-glucuronosyltransferase 1-6, which is a gene product of UGT1A6, acts within pathways like Glucuronidation, Aspirin ADME, and Paracetamol ADME.","[[""Benzyl_alcohol"", ""increases"", ""hepatotoxic_activities""], [""Benzyl_alcohol"", ""has_effect_on"", ""methemoglobinemia""], [""Benzyl_alcohol"", ""targets"", ""UDP-glucuronosyltransferase_1-6""], [""UDP-glucuronosyltransferase_1-6"", ""gene_product_of"", ""UGT1A6""], [""UDP-glucuronosyltransferase_1-6"", ""acts_in"", ""Glucuronidation""], [""UDP-glucuronosyltransferase_1-6"", ""acts_in"", ""Aspirin_ADME""], [""UDP-glucuronosyltransferase_1-6"", ""acts_in"", ""Paracetamol_ADME""]]","[[""Benzyl_alcohol"", ""causes"", ""methemoglobinemia""], [""Benzyl_alcohol"", ""decreases"", ""hepatotoxic_activities""], [""Benzyl_alcohol"", ""targets"", ""UDP-glucuronosyltransferase_1-6""], [""UDP-glucuronosyltransferase_1-6"", ""gene_product_of"", ""UGT1A6""], [""UDP-glucuronosyltransferase_1-6"", ""acts_in"", ""Glucuronidation""], [""UDP-glucuronosyltransferase_1-6"", ""acts_in"", ""Aspirin_ADME""], [""UDP-glucuronosyltransferase_1-6"", ""acts_in"", ""Paracetamol_ADME""]]",1.0,1.0,1.0,1.0,1.0,0.9974297395894314,0.9976867656304882,0.9979437916715452,0.9982008177126018,0.9984578437536588,0.9987148697947156,0.9989718958357724,0.9992289218768294,0.9994859479178864,0.9997429739589432,1.0,0.9649049780085536,0.9880175881447616,0,edge_replacement
192,"Atropine increases the activity of the QTc-prolonging activities while decreasing the efficacy of sodium tartrate and oxyphenisatin acetate.

Metocurine iodide decreases the efficacy of phenytoin and glycerin, but increases the efficacy of apramycin.

Ambenonium decreases the efficacy of metocurine iodide, atropine, and maprotiline.","Atropine increases the activity of the QTc-prolonging activities, while decreasing the efficacy of sodium tartrate and oxyphenisatin acetate. Metocurine iodide decreases the efficacy of phenytoin and glycerin but increases the efficacy of apramycin. Lastly, ambenonium decreases the efficacy of metocurine iodide, atropine, and maprotiline.","[[""Atropine"", ""increases"", ""QTc-prolonging_activities""], [""Atropine"", ""decreases"", ""sodium_tartrate""], [""Atropine"", ""decreases"", ""oxyphenisatin_acetate""], [""Metocurine_iodide"", ""decreases"", ""phenytoin""], [""Metocurine_iodide"", ""decreases"", ""glycerin""], [""Metocurine_iodide"", ""increases"", ""apramycin""], [""Ambenonium"", ""decreases"", ""metocurine_iodide""], [""Ambenonium"", ""decreases"", ""atropine""], [""Ambenonium"", ""decreases"", ""maprotiline""]]","[[""Atropine"", ""increases"", ""QTc-prolonging_activities""], [""Atropine"", ""decreases"", ""sodium_tartrate""], [""Atropine"", ""decreases"", ""oxyphenisatin_acetate""], [""Metocurine_iodide"", ""decreases"", ""phenytoin""], [""Metocurine_iodide"", ""decreases"", ""glycerin""], [""Metocurine_iodide"", ""increases"", ""apramycin""], [""Ambenonium"", ""decreases"", ""metocurine_iodide""], [""Ambenonium"", ""decreases"", ""atropine""], [""Ambenonium"", ""decreases"", ""maprotiline""]]",1.0,1.0,1.0,1.0,1.0,0.9999999982533714,0.9999999984280342,0.9999999986026972,0.99999999877736,0.9999999989520229,0.9999999991266856,0.9999999993013484,0.9999999994760114,0.9999999996506744,0.9999999998253372,1.0,1.0,1.0,1,edge_replacement
193,"The drug setrobuvir increases the efficacy of acetohexamide and alogliptin. Ciprofloxacin also increases the efficacy of glipizide and saxagliptin, while targeting plasma. Conversely, fenquizone decreases the efficacy of morphine, dihydromorphine, and nicomorphine. Glipizide, in addition to increasing the efficacy of propranolol and rufloxacin, has a side effect of causing pain. Saxagliptin boosts the efficacy of setrobuvir and fenquizone, but can also lead to malnutrition as a side effect.","The drug setrobuvir increases the efficacy of both acetohexamide and alogliptin. Ciprofloxacin targets the plasma. Fenquizone decreases the efficacy of morphine, dihydromorphine, and nicomorphine. Glipizide increases the efficacy of both propranolol and rufloxacin, but it also has the side effect of causing pain. Saxagliptin increases the efficacy of fenquizone, while also causing the side effect of malnutrition.","[[""setrobuvir"", ""increases_efficacy_of"", ""acetohexamide""], [""setrobuvir"", ""increases_efficacy_of"", ""alogliptin""], [""ciprofloxacin"", ""increases_efficacy_of"", ""glipizide""], [""ciprofloxacin"", ""increases_efficacy_of"", ""saxagliptin""], [""ciprofloxacin"", ""targets"", ""plasma""], [""fenquizone"", ""decreases_efficacy_of"", ""morphine""], [""fenquizone"", ""decreases_efficacy_of"", ""dihydromorphine""], [""fenquizone"", ""decreases_efficacy_of"", ""nicomorphine""], [""glipizide"", ""increases_efficacy_of"", ""propranolol""], [""glipizide"", ""increases_efficacy_of"", ""rufloxacin""], [""glipizide"", ""has_side_effect"", ""pain""], [""saxagliptin"", ""increases_efficacy_of"", ""setrobuvir""], [""saxagliptin"", ""increases_efficacy_of"", ""fenquizone""], [""saxagliptin"", ""has_side_effect"", ""malnutrition""]]","[[""setrobuvir"", ""increases_efficacy_of"", ""acetohexamide""], [""setrobuvir"", ""increases_efficacy_of"", ""alogliptin""], [""ciprofloxacin"", ""targets"", ""plasma""], [""fenquizone"", ""decreases_efficacy_of"", ""morphine""], [""fenquizone"", ""decreases_efficacy_of"", ""dihydromorphine""], [""fenquizone"", ""decreases_efficacy_of"", ""nicomorphine""], [""glipizide"", ""increases_efficacy_of"", ""propranolol""], [""glipizide"", ""increases_efficacy_of"", ""rufloxacin""], [""glipizide"", ""has_side_effect"", ""pain""], [""saxagliptin"", ""increases_efficacy_of"", ""fenquizone""], [""saxagliptin"", ""has_side_effect"", ""malnutrition""]]",0.8214285714285714,1.0,0.9999998211860656,0.7777777777777778,0.8888888888888888,0.9909296145252754,0.9807255419616367,0.9705214693979982,0.9603173968343596,0.9501133242707208,0.9399092517070822,0.9297051791434436,0.9195011065798048,0.909297034016166,0.8990929614525275,0.8888888888888888,0.9892012953858158,0.7739986551922158,0,edge_deletion
194,"The drug rocuronium has various effects: it increases the gastrointestinal ulceration, enhances the efficacy of neomycin, but decreases the efficacy of betaine. On the other hand, demegestone decreases the efficacy of deoxycholic acid, taurocholic acid, and clometocillin. Additionally, picosulfuric acid reduces the efficacy of talbutal, rifapentine, and tapentadol. Rifapentine, in turn, can lead to a rash as a side effect. Furthermore, amdinocillin both increases the efficacy of rocuronium and decreases the efficacy of picosulfuric acid and demegestone.","The drug rocuronium has the effect of increasing gastrointestinal ulceration, enhancing the efficacy of neomycin, but decreasing the efficacy of betaine. In contrast, demegestone reduces the efficacy of deoxycholic acid, taurocholic acid, and clometocillin. Picosulfuric acid also reduces the efficacy of talbutal, rifapentine, and tapentadol. Furthermore, rifapentine is associated with the side effect of rash. Amdinocillin, on the other hand, boosts the efficacy of rocuronium while diminishing the efficacy of picosulfuric acid and demegestone.","[[""rocuronium"", ""increases"", ""gastrointestinal_ulceration""], [""rocuronium"", ""enhances"", ""neomycin""], [""rocuronium"", ""decreases"", ""betaine""], [""demegestone"", ""decreases"", ""deoxycholic_acid""], [""demegestone"", ""decreases"", ""taurocholic_acid""], [""demegestone"", ""decreases"", ""clometocillin""], [""picosulfuric_acid"", ""reduces"", ""talbutal""], [""picosulfuric_acid"", ""reduces"", ""rifapentine""], [""picosulfuric_acid"", ""reduces"", ""tapentadol""], [""rifapentine"", ""leads_to"", ""rash""], [""amdinocillin"", ""increases"", ""rocuronium""], [""amdinocillin"", ""decreases"", ""picosulfuric_acid""], [""amdinocillin"", ""decreases"", ""demegestone""]]","[[""rocuronium"", ""increases"", ""gastrointestinal_ulceration""], [""rocuronium"", ""enhances"", ""neomycin""], [""rocuronium"", ""decreases"", ""betaine""], [""demegestone"", ""reduces"", ""deoxycholic_acid""], [""demegestone"", ""reduces"", ""taurocholic_acid""], [""demegestone"", ""reduces"", ""clometocillin""], [""picosulfuric_acid"", ""reduces"", ""talbutal""], [""picosulfuric_acid"", ""reduces"", ""rifapentine""], [""picosulfuric_acid"", ""reduces"", ""tapentadol""], [""rifapentine"", ""associated_with"", ""rash""], [""amdinocillin"", ""boosts"", ""rocuronium""], [""amdinocillin"", ""diminishes"", ""picosulfuric_acid""], [""amdinocillin"", ""diminishes"", ""demegestone""]]",1.0,0.9999999403953552,1.0,1.0,1.0,0.9956146993566674,0.9960532294210006,0.996491759485334,0.996930289549667,0.9973688196140004,0.9978073496783336,0.998245879742667,0.9986844098070002,0.9991229398713336,0.9995614699356667,1.0,0.9750864308273184,0.9584492931774228,1,edge_replacement
195,"The drug practolol increases the efficacy of insulin lispro but decreases the efficacy of adrafinil and ractopamine. Similarly, the drug tacrine decreases the efficacy of butalbital, cisatracurium, and phenglutarimide. Notably, batefenterol decreases the efficacy of tacrine, propiomazine, and practolol. On the other hand, propiomazine increases the efficacy of magnesium sulfate.","The drug practolol increases the efficacy of insulin lispro, but decreases the efficacy of both adrafinil and ractopamine. 
Similarly, the drug tacrine decreases the efficacy of butalbital, cisatracurium, and phenglutarimide. 
Furthermore, batefenterol decreases the efficacy of tacrine, propiomazine, and practolol. 
On the other hand, propiomazine increases the efficacy of magnesium sulfate.","[[""practolol"", ""increases_efficacy_of"", ""insulin_lispro""], [""practolol"", ""decreases_efficacy_of"", ""adrafinil""], [""practolol"", ""decreases_efficacy_of"", ""ractopamine""], [""tacrine"", ""decreases_efficacy_of"", ""butalbital""], [""tacrine"", ""decreases_efficacy_of"", ""cisatracurium""], [""tacrine"", ""decreases_efficacy_of"", ""phenglutarimide""], [""batefenterol"", ""decreases_efficacy_of"", ""tacrine""], [""batefenterol"", ""decreases_efficacy_of"", ""propiomazine""], [""batefenterol"", ""decreases_efficacy_of"", ""practolol""], [""propiomazine"", ""increases_efficacy_of"", ""magnesium_sulfate""]]","[[""practolol"", ""increases_efficacy_of"", ""insulin_lispro""], [""practolol"", ""decreases_efficacy_of"", ""adrafinil""], [""practolol"", ""decreases_efficacy_of"", ""ractopamine""], [""tacrine"", ""decreases_efficacy_of"", ""butalbital""], [""tacrine"", ""decreases_efficacy_of"", ""cisatracurium""], [""tacrine"", ""decreases_efficacy_of"", ""phenglutarimide""], [""batefenterol"", ""decreases_efficacy_of"", ""tacrine""], [""batefenterol"", ""decreases_efficacy_of"", ""propiomazine""], [""batefenterol"", ""decreases_efficacy_of"", ""practolol""], [""propiomazine"", ""increases_efficacy_of"", ""magnesium_sulfate""]]",1.0,0.9999998807907104,0.9999999403953552,1.0,1.0,0.9999999983090536,0.9999999984781482,0.999999998647243,0.9999999988163376,0.999999998985432,0.9999999991545268,0.9999999993236216,0.999999999492716,0.9999999996618107,0.9999999998309054,1.0,1.0,0.9999999896156748,1,node_removal
196,"Urokinase decreases the activity of the anticoagulant activities, as well as the efficacy of calcium, cefamandole nafate. Calcium, in turn, decreases the efficacy of rivaroxaban, otamixaban, and lomerizine.","Urokinase decreases the activity of the anticoagulant activities and the efficacy of calcium, cefamandole nafate. Calcium, in turn, decreases the efficacy of rivaroxaban, otamixaban, and lomerizine.","[[""Urokinase"", ""decreases"", ""anticoagulant_activities""], [""Urokinase"", ""decreases"", ""calcium""], [""Urokinase"", ""decreases"", ""cefamandole_nafate""], [""Calcium"", ""decreases"", ""rivaroxaban""], [""Calcium"", ""decreases"", ""otamixaban""], [""Calcium"", ""decreases"", ""lomerizine""]]","[[""Urokinase"", ""decreases"", ""anticoagulant_activities""], [""Urokinase"", ""decreases"", ""calcium""], [""Urokinase"", ""decreases"", ""cefamandole_nafate""], [""Calcium"", ""decreases"", ""rivaroxaban""], [""Calcium"", ""decreases"", ""otamixaban""], [""Calcium"", ""decreases"", ""lomerizine""]]",1.0,1.0,1.0,1.0,1.0,1.0,1.0,1.0,1.0,1.0,1.0,1.0,1.0,1.0,1.0,1.0,1.0,0.9999999900116504,1,edge_replacement
197,"Alclofenac increases the activity of the hypertensive activities. Methyclothiazide decreases the efficacy of dulaglutide, eluxadoline, and alclofenac. Spirapril increases the activity of the vasodilatory activities. Spirapril increases the efficacy of methyclothiazide and buthiazide. Buthiazide increases the efficacy of aliskiren and cyclopenthiazide, but decreases the efficacy of alminoprofen.","Alclofenac increases the activity of the hypertensive activities. Methyclothiazide decreases the efficacy of dulaglutide, eluxadoline, and alclofenac. Spirapril increases the activity of the vasodilatory activities. Spirapril increases the efficacy of methyclothiazide and buthiazide. Buthiazide increases the efficacy of aliskiren and cyclopenthiazide, but decreases the efficacy of alminoprofen.","[[""Alclofenac"", ""increases"", ""hypertensive_activities""], [""Methyclothiazide"", ""decreases"", ""dulaglutide""], [""Methyclothiazide"", ""decreases"", ""eluxadoline""], [""Methyclothiazide"", ""decreases"", ""alclofenac""], [""Spirapril"", ""increases"", ""vasodilatory_activities""], [""Spirapril"", ""increases"", ""methyclothiazide""], [""Spirapril"", ""increases"", ""buthiazide""], [""Buthiazide"", ""increases"", ""aliskiren""], [""Buthiazide"", ""increases"", ""cyclopenthiazide""], [""Buthiazide"", ""decreases"", ""alminoprofen""]]","[[""Alclofenac"", ""increases"", ""hypertensive_activities""], [""Methyclothiazide"", ""decreases"", ""dulaglutide""], [""Methyclothiazide"", ""decreases"", ""eluxadoline""], [""Methyclothiazide"", ""decreases"", ""alclofenac""], [""Spirapril"", ""increases"", ""vasodilatory_activities""], [""Spirapril"", ""increases"", ""methyclothiazide""], [""Spirapril"", ""increases"", ""buthiazide""], [""Buthiazide"", ""increases"", ""aliskiren""], [""Buthiazide"", ""increases"", ""cyclopenthiazide""], [""Buthiazide"", ""decreases"", ""alminoprofen""]]",1.0,1.0,1.0,1.0,1.0,1.0,1.0,1.0,1.0,1.0,1.0,1.0,1.0,1.0,1.0,1.0,1.0,0.9999999890644702,1,edge_replacement
198,"The drug diphenoxylate decreases the efficacy of magnesium hydroxide, mineral oil, and lactitol. Isosorbide decreases the efficacy of diphenoxylate, insulin aspart, and alphaprodine. Alphaprodine decreases the efficacy of diprenorphine and xipamide. Insulin aspart increases the efficacy of clonidine and dexpropranolol, but decreases the efficacy of benzylthiouracil. Clonidine is affecting cytochrome p450 family 2 subfamily d member 6.","The drug diphenoxylate decreases the efficacy of magnesium hydroxide, mineral oil, and lactitol. Isosorbide, on the other hand, decreases the efficacy of diphenoxylate, insulin aspart, and alphaprodine. Alphaprodine then further decreases the efficacy of diprenorphine and xipamide. Insulin aspart, conversely, increases the efficacy of clonidine and dexpropranolol but decreases the efficacy of benzylthiouracil. Clonidine is affecting the cytochrome P450 family 2 subfamily d member 6.","[[""diphenoxylate"", ""decreases_efficacy_of"", ""magnesium_hydroxide""], [""diphenoxylate"", ""decreases_efficacy_of"", ""mineral_oil""], [""diphenoxylate"", ""decreases_efficacy_of"", ""lactitol""], [""isosorbide"", ""decreases_efficacy_of"", ""diphenoxylate""], [""isosorbide"", ""decreases_efficacy_of"", ""insulin_aspart""], [""isosorbide"", ""decreases_efficacy_of"", ""alphaprodine""], [""alphaprodine"", ""decreases_efficacy_of"", ""diprenorphine""], [""alphaprodine"", ""decreases_efficacy_of"", ""xipamide""], [""insulin_aspart"", ""increases_efficacy_of"", ""clonidine""], [""insulin_aspart"", ""increases_efficacy_of"", ""dexpropranolol""], [""insulin_aspart"", ""decreases_efficacy_of"", ""benzylthiouracil""], [""clonidine"", ""affects"", ""cytochrome_p450_family_2_subfamily_d_member_6""]]","[[""diphenoxylate"", ""decreases_efficacy_of"", ""magnesium_hydroxide""], [""diphenoxylate"", ""decreases_efficacy_of"", ""mineral_oil""], [""diphenoxylate"", ""decreases_efficacy_of"", ""lactitol""], [""isosorbide"", ""decreases_efficacy_of"", ""diphenoxylate""], [""isosorbide"", ""decreases_efficacy_of"", ""insulin_aspart""], [""isosorbide"", ""decreases_efficacy_of"", ""alphaprodine""], [""alphaprodine"", ""decreases_efficacy_of"", ""diprenorphine""], [""alphaprodine"", ""decreases_efficacy_of"", ""xipamide""], [""insulin_aspart"", ""increases_efficacy_of"", ""clonidine""], [""insulin_aspart"", ""increases_efficacy_of"", ""dexpropranolol""], [""insulin_aspart"", ""decreases_efficacy_of"", ""benzylthiouracil""], [""clonidine"", ""affects"", ""cytochrome_P450_family_2_subfamily_d_member_6""]]",1.0,1.0,1.0,1.0,1.0,1.0,1.0,1.0,1.0,1.0,1.0,1.0,1.0,1.0,1.0,1.0,1.0,0.9999999881284176,1,node_replacement
199,"The antihemophilic factor increases the adverse effects. Cefazolin decreases the efficacy of dipyridamole and triflusal, and has a side effect of hypotension. Triflusal decreases the efficacy of antihemophilic factor, cyclopenthiazide, and moroctocog alfa. Dipyridamole decreases the efficacy of coagulation factor IX (recombinant), nizatidine, and demecarium. Cyclopenthiazide decreases the efficacy of ibuprofen but increases the efficacy of deserpidine and niguldipine.","The antihemophilic factor increases the adverse effects. 
Cefazolin decreases efficacy when combined with dipyridamole and triflusal, and has side effects including hypotension.
Triflusal decreases efficacy when combined with antihemophilic factor, cyclopenthiazide, and moroctocog alfa.
Dipyridamole decreases efficacy when combined with coagulation factor IX (recombinant), nizatidine, and demecarium.
Cyclopenthiazide decreases efficacy when combined with ibuprofen, but increases efficacy when combined with deserpidine and niguldipine.","[[""antihemophilic_factor"", ""increases"", ""adverse_effects""], [""Cefazolin"", ""decreases_efficacy_of"", ""dipyridamole""], [""Cefazolin"", ""decreases_efficacy_of"", ""triflusal""], [""Cefazolin"", ""has_side_effect"", ""hypotension""], [""Triflusal"", ""decreases_efficacy_of"", ""antihemophilic_factor""], [""Triflusal"", ""decreases_efficacy_of"", ""cyclopenthiazide""], [""Triflusal"", ""decreases_efficacy_of"", ""moroctocog_alfa""], [""Dipyridamole"", ""decreases_efficacy_of"", ""coagulation_factor_IX_(recombinant)""], [""Dipyridamole"", ""decreases_efficacy_of"", ""nizatidine""], [""Dipyridamole"", ""decreases_efficacy_of"", ""demecarium""], [""Cyclopenthiazide"", ""decreases_efficacy_of"", ""ibuprofen""], [""Cyclopenthiazide"", ""increases_efficacy_of"", ""deserpidine""], [""Cyclopenthiazide"", ""increases_efficacy_of"", ""niguldipine""]]","[[""antihemophilic_factor"", ""increases"", ""adverse_effects""], [""Cefazolin"", ""decreases_efficacy_of"", ""dipyridamole""], [""Cefazolin"", ""decreases_efficacy_of"", ""triflusal""], [""Cefazolin"", ""has_side_effect"", ""hypotension""], [""Triflusal"", ""decreases_efficacy_of"", ""antihemophilic_factor""], [""Triflusal"", ""decreases_efficacy_of"", ""cyclopenthiazide""], [""Triflusal"", ""decreases_efficacy_of"", ""moroctocog_alfa""], [""Dipyridamole"", ""decreases_efficacy_of"", ""coagulation_factor_IX_(recombinant)""], [""Dipyridamole"", ""decreases_efficacy_of"", ""nizatidine""], [""Dipyridamole"", ""decreases_efficacy_of"", ""demecarium""], [""Cyclopenthiazide"", ""decreases_efficacy_of"", ""ibuprofen""], [""Cyclopenthiazide"", ""increases_efficacy_of"", ""deserpidine""], [""Cyclopenthiazide"", ""increases_efficacy_of"", ""niguldipine""]]",1.0,0.9999999403953552,1.0,1.0,1.0,0.9999999980960304,0.9999999982864272,0.9999999984768244,0.9999999986672212,0.9999999988576184,0.9999999990480152,0.999999999238412,0.9999999994288092,0.999999999619206,0.9999999998096032,1.0,1.0,0.999999989971823,1,edge_replacement
200,"Indenolol decreases the efficacy of oxyfedrine. Cirazoline decreases the efficacy of verapamil, bevantolol, and indenolol. Bevantolol decreases the efficacy of levothyroxine and salbutamol, but increases the efficacy of mecasermin. Verapamil decreases the efficacy of droxidopa and has a target A2780 while also causing the side effect of hypersensitivity.","The drug indenolol decreases the efficacy of oxyfedrine. Cirazoline also decreases the efficacy of indenolol. Bevantolol decreases the efficacy of levothyroxine and salbutamol, but increases the efficacy of mecasermin. Verapamil decreases the efficacy of droxidopa, has a target of a2780, and has a side effect of hypersensitivity.","[[""Indenolol"", ""decreases_efficacy_of"", ""Oxyfedrine""], [""Cirazoline"", ""decreases_efficacy_of"", ""Verapamil""], [""Cirazoline"", ""decreases_efficacy_of"", ""Bevantolol""], [""Cirazoline"", ""decreases_efficacy_of"", ""Indenolol""], [""Bevantolol"", ""decreases_efficacy_of"", ""Levothyroxine""], [""Bevantolol"", ""decreases_efficacy_of"", ""Salbutamol""], [""Bevantolol"", ""increases_efficacy_of"", ""Mecasermin""], [""Verapamil"", ""decreases_efficacy_of"", ""Droxidopa""], [""Verapamil"", ""has_target"", ""A2780""], [""Verapamil"", ""has_side_effect"", ""Hypersensitivity""]]","[[""Indenolol"", ""decreases_efficacy_of"", ""Oxyfedrine""], [""Cirazoline"", ""decreases_efficacy_of"", ""Indenolol""], [""Bevantolol"", ""decreases_efficacy_of"", ""Levothyroxine""], [""Bevantolol"", ""decreases_efficacy_of"", ""Salbutamol""], [""Bevantolol"", ""increases_efficacy_of"", ""Mecasermin""], [""Verapamil"", ""decreases_efficacy_of"", ""Droxidopa""], [""Verapamil"", ""has_target"", ""A2780""], [""Verapamil"", ""has_side_effect"", ""Hypersensitivity""]]",0.8636363636363636,0.9999998211860656,1.0,0.8636363636363636,0.8636363636363636,0.9896048921622936,0.9770080393097008,0.9644111864571075,0.9518143336045146,0.9392174807519216,0.9266206278993286,0.9140237750467356,0.9014269221941428,0.8888300693415496,0.8762332164889567,0.8636363636363636,0.9881795951423886,0.8203784533261252,0,edge_deletion
201,"The drug Rabeprazole decreases the efficacy of Bisacodyl. Rabeprazole is affecting Cytochrome P450 Family 2 Subfamily C Member 19 and Interleukin 1 Beta. Bisacodyl, in turn, decreases the efficacy of Ethylmorphine, Dihydrocodeine, and Pipenzolate. Interleukin 1 Beta causes conditions such as Schizoaffective Disorder, Helicobacter Infections, and Transplant Rejection. Cytochrome P450 Family 2 Subfamily C Member 19 leads to conditions like Platelet Aggregation, Tuberculosis, and Vasculitis.","The drug rabeprazole decreases the efficacy of bisacodyl. Rabeprazole affects cytochrome P450 family 2 subfamily C member 19 and interleukin 1 beta. Additionally, interleukin 1 beta causes schizoaffective disorder, helicobacter infections, and transplant rejection. Cytochrome P450 family 2 subfamily C member 19 is known to cause platelet aggregation, tuberculosis, and vasculitis. Bisacodyl, in turn, decreases the efficacy of ethylmorphine, dihydrocodeine, and pipenzolate.","[[""Rabeprazole"", ""decreases_efficacy_of"", ""Bisacodyl""], [""Rabeprazole"", ""affects"", ""Cytochrome_P450_Family_2_Subfamily_C_Member_19""], [""Rabeprazole"", ""affects"", ""Interleukin_1_Beta""], [""Bisacodyl"", ""decreases_efficacy_of"", ""Ethylmorphine""], [""Bisacodyl"", ""decreases_efficacy_of"", ""Dihydrocodeine""], [""Bisacodyl"", ""decreases_efficacy_of"", ""Pipenzolate""], [""Interleukin_1_Beta"", ""causes"", ""Schizoaffective_Disorder""], [""Interleukin_1_Beta"", ""causes"", ""Helicobacter_Infections""], [""Interleukin_1_Beta"", ""causes"", ""Transplant_Rejection""], [""Cytochrome_P450_Family_2_Subfamily_C_Member_19"", ""leads_to"", ""Platelet_Aggregation""], [""Cytochrome_P450_Family_2_Subfamily_C_Member_19"", ""leads_to"", ""Tuberculosis""], [""Cytochrome_P450_Family_2_Subfamily_C_Member_19"", ""leads_to"", ""Vasculitis""]]","[[""Rabeprazole"", ""decreases_efficacy_of"", ""Bisacodyl""], [""Rabeprazole"", ""affects"", ""Cytochrome_P450_Family_2_Subfamily_C_Member_19""], [""Rabeprazole"", ""affects"", ""Interleukin_1_Beta""], [""Interleukin_1_Beta"", ""causes"", ""Schizoaffective_Disorder""], [""Interleukin_1_Beta"", ""causes"", ""Helicobacter_Infections""], [""Interleukin_1_Beta"", ""causes"", ""Transplant_Rejection""], [""Cytochrome_P450_Family_2_Subfamily_C_Member_19"", ""causes"", ""Platelet_Aggregation""], [""Cytochrome_P450_Family_2_Subfamily_C_Member_19"", ""causes"", ""Tuberculosis""], [""Cytochrome_P450_Family_2_Subfamily_C_Member_19"", ""causes"", ""Vasculitis""], [""Bisacodyl"", ""decreases_efficacy_of"", ""Ethylmorphine""], [""Bisacodyl"", ""decreases_efficacy_of"", ""Dihydrocodeine""], [""Bisacodyl"", ""decreases_efficacy_of"", ""Pipenzolate""]]",1.0,1.0,1.0,1.0,1.0,0.9950300871272346,0.9955270784145112,0.9960240697017876,0.9965210609890642,0.9970180522763408,0.9975150435636172,0.9980120348508938,0.9985090261381704,0.9990060174254468,0.9995030087127236,1.0,0.9752730136795842,0.9845282273295012,1,node_removal
202,"Anisotropine methylbromide decreases the efficacy of mefloquine, procainamide, and carboxymethylcellulose. Gallamine triethiodide increases the efficacy of magnesium glycinate and isepamicin, but decreases the efficacy of posiphen. Heptabarbital decreases the efficacy of isoflurophate and tyrothricin. Ertugliflozin decreases the efficacy of meptazinol, while increasing the efficacy of cloranolol and taspoglutide. Desogestrel decreases the efficacy of dehydrocholic acid and ertugliflozin, and has the side effect of Diarrhoea. Dehydrocholic acid decreases the efficacy of gallamine triethiodide, anisotropine methylbromide, and heptabarbital.","Anisotropine methylbromide decreases the efficacy of mefloquine, procainamide, and carboxymethylcellulose. Gallamine triethiodide increases the efficacy of magnesium glycinate and isepamicin, but decreases the efficacy of posiphen. Heptabarbital decreases the efficacy of isoflurophate and tyrothricin. Ertugliflozin decreases the efficacy of meptazinol, but increases the efficacy of cloranolol and taspoglutide. Desogestrel decreases the efficacy of dehydrocholic acid and ertugliflozin, and has a side effect of Diarrhoea. Dehydrocholic acid decreases the efficacy of gallamine triethiodide, anisotropine methylbromide, and heptabarbital.","[[""Anisotropine_methylbromide"", ""decreases_efficacy_of"", ""mefloquine""], [""Anisotropine_methylbromide"", ""decreases_efficacy_of"", ""procainamide""], [""Anisotropine_methylbromide"", ""decreases_efficacy_of"", ""carboxymethylcellulose""], [""Gallamine_triethiodide"", ""increases_efficacy_of"", ""magnesium_glycinate""], [""Gallamine_triethiodide"", ""increases_efficacy_of"", ""isepanicin""], [""Gallamine_triethiodide"", ""decreases_efficacy_of"", ""posiphen""], [""Heptabarbital"", ""decreases_efficacy_of"", ""isoflurophate""], [""Heptabarbital"", ""decreases_efficacy_of"", ""tyrothricin""], [""Ertugliflozin"", ""decreases_efficacy_of"", ""meptazinol""], [""Ertugliflozin"", ""increases_efficacy_of"", ""cloranolol""], [""Ertugliflozin"", ""increases_efficacy_of"", ""taspoglutide""], [""Desogestrel"", ""decreases_efficacy_of"", ""dehydrocholic_acid""], [""Desogestrel"", ""decreases_efficacy_of"", ""ertugliflozin""], [""Desogestrel"", ""has_side_effect"", ""Diarrhoea""], [""Dehydrocholic_acid"", ""decreases_efficacy_of"", ""gallamine_triethiodide""], [""Dehydrocholic_acid"", ""decreases_efficacy_of"", ""anisotropine_methylbromide""], [""Dehydrocholic_acid"", ""decreases_efficacy_of"", ""heptabarbital""]]","[[""Anisotropine_methylbromide"", ""decreases_efficacy_of"", ""mefloquine""], [""Anisotropine_methylbromide"", ""decreases_efficacy_of"", ""procainamide""], [""Anisotropine_methylbromide"", ""decreases_efficacy_of"", ""carboxymethylcellulose""], [""Gallamine_triethiodide"", ""increases_efficacy_of"", ""magnesium_glycinate""], [""Gallamine_triethiodide"", ""increases_efficacy_of"", ""isepanicin""], [""Gallamine_triethiodide"", ""decreases_efficacy_of"", ""posiphen""], [""Heptabarbital"", ""decreases_efficacy_of"", ""isoflurophate""], [""Heptabarbital"", ""decreases_efficacy_of"", ""tyrothricin""], [""Ertugliflozin"", ""decreases_efficacy_of"", ""meptazinol""], [""Ertugliflozin"", ""increases_efficacy_of"", ""cloranolol""], [""Ertugliflozin"", ""increases_efficacy_of"", ""taspoglutide""], [""Desogestrel"", ""decreases_efficacy_of"", ""dehydrocholic_acid""], [""Desogestrel"", ""decreases_efficacy_of"", ""ertugliflozin""], [""Desogestrel"", ""has_side_effect"", ""Diarrhoea""], [""Dehydrocholic_acid"", ""decreases_efficacy_of"", ""gallamine_triethiodide""], [""Dehydrocholic_acid"", ""decreases_efficacy_of"", ""anisotropine_methylbromide""], [""Dehydrocholic_acid"", ""decreases_efficacy_of"", ""heptabarbital""]]",1.0,1.0,1.0,1.0,1.0,0.9999999979041236,0.9999999981137112,0.9999999983232988,0.9999999985328863,0.999999998742474,0.9999999989520618,0.9999999991616494,0.9999999993712372,0.9999999995808246,0.9999999997904124,1.0,1.0,1.0,1,node_removal
203,"Amlodipine decreases the effect of hypertension. Picosulfuric acid reduces the efficacy of both amlodipine and ceftibuten, as well as garenoxacin. Marbofloxacin has the effect of causing bleeding and methemoglobinemia. Marbofloxacin also reduces the efficacy of picosulfuric acid. Garenoxacin exhibits the neuromuscular blocking activities and increases the efficacy of gliquidone and carbutamide.","Amlodipine decreases the effect of hypertension. Picosulfuric acid decreases the efficacy of amlodipine, ceftibuten, and garenoxacin. Marbofloxacin has the effect of causing bleeding and methemoglobinemia. Marbofloxacin also decreases the efficacy of picosulfuric acid. Garenoxacin has the activity of the neuromuscular blocking activities and increases the efficacy of gliquidone and carbutamide.","[[""Amlodipine"", ""decreases"", ""hypertension""], [""Picosulfuric_acid"", ""reduces"", ""Amlodipine""], [""Picosulfuric_acid"", ""reduces"", ""Ceftibuten""], [""Picosulfuric_acid"", ""reduces"", ""Garenoxacin""], [""Marbofloxacin"", ""causes"", ""bleeding""], [""Marbofloxacin"", ""causes"", ""methemoglobinemia""], [""Marbofloxacin"", ""reduces"", ""Picosulfuric_acid""], [""Garenoxacin"", ""exhibits"", ""neuromuscular_blocking_activities""], [""Garenoxacin"", ""increases"", ""Gliquidone""], [""Garenoxacin"", ""increases"", ""Carbutamide""]]","[[""Amlodipine"", ""decreases"", ""hypertension""], [""Picosulfuric_acid"", ""decreases"", ""Amlodipine""], [""Picosulfuric_acid"", ""decreases"", ""Ceftibuten""], [""Picosulfuric_acid"", ""decreases"", ""Garenoxacin""], [""Marbofloxacin"", ""causes"", ""bleeding""], [""Marbofloxacin"", ""causes"", ""methemoglobinemia""], [""Marbofloxacin"", ""decreases"", ""Picosulfuric_acid""], [""Garenoxacin"", ""has"", ""neuromuscular_blocking_activities""], [""Garenoxacin"", ""increases"", ""Gliquidone""], [""Garenoxacin"", ""increases"", ""Carbutamide""]]",1.0,1.0,1.0,1.0,1.0,0.9971551002811068,0.997439590252996,0.9977240802248856,0.9980085701967748,0.998293060168664,0.9985775501405534,0.9988620401124428,0.999146530084332,0.9994310200562212,0.9997155100281108,1.0,0.9753058343781992,0.9614360495062788,1,edge_replacement
204,"The drug canagliflozin increases the activity of the nephrotoxic activities. It also decreases the efficacy of piritramide, but increases the efficacy of esatenolol. On the other hand, the drug mepindolol decreases the efficacy of mmda, but increases the efficacy of amg-222 and evogliptin. Mmda increases the efficacy of pregabalin. Levothyroxine decreases the efficacy of insulin pork, canagliflozin, and mepindolol. Insulin pork, on the other hand, increases the efficacy of temafloxacin and bupranolol, but decreases the efficacy of lurasidone.","The drug canagliflozin increases the activity of the nephrotoxic activities, while decreasing the efficacy of piritramide and increasing the efficacy of esatenolol. Mepindolol decreases the efficacy of mmda but increases the efficacy of amg-222 and evogliptin. Mmda increases the efficacy of pregabalin. Levothyroxine decreases the efficacy of insulin pork, canagliflozin, and mepindolol. Insulin pork increases the efficacy of temafloxacin and bupranolol, but decreases the efficacy of lurasidone.","[[""canagliflozin"", ""increases"", ""nephrotoxic_activities""], [""canagliflozin"", ""decreases"", ""pirtramide""], [""canagliflozin"", ""increases"", ""esatenolol""], [""mepindolol"", ""decreases"", ""mmda""], [""mepindolol"", ""increases"", ""amg-222""], [""mepindolol"", ""increases"", ""evogliptin""], [""mmda"", ""increases"", ""pregabalin""], [""levothyroxine"", ""decreases"", ""insulin_pork""], [""levothyroxine"", ""decreases"", ""canagliflozin""], [""levothyroxine"", ""decreases"", ""mepindolol""], [""insulin_pork"", ""increases"", ""temafloxacin""], [""insulin_pork"", ""increases"", ""bupranolol""], [""insulin_pork"", ""decreases"", ""lurasidone""]]","[[""canagliflozin"", ""increases"", ""nephrotoxic_activities""], [""canagliflozin"", ""decreases"", ""pirtramide""], [""canagliflozin"", ""increases"", ""esatenolol""], [""mepindolol"", ""decreases"", ""mmda""], [""mepindolol"", ""increases"", ""amg-222""], [""mepindolol"", ""increases"", ""evogliptin""], [""mmda"", ""increases"", ""pregabalin""], [""levothyroxine"", ""decreases"", ""insulin_pork""], [""levothyroxine"", ""decreases"", ""canagliflozin""], [""levothyroxine"", ""decreases"", ""mepindolol""], [""insulin_pork"", ""increases"", ""temafloxacin""], [""insulin_pork"", ""increases"", ""bupranolol""], [""insulin_pork"", ""decreases"", ""lurasidone""]]",1.0,1.0,0.9999999403953552,1.0,1.0,1.0,1.0,1.0,1.0,1.0,1.0,1.0,1.0,1.0,1.0,1.0,1.0,1.0,1,edge_replacement
205,"The drug Azatadine increases the activity of the QTc-prolonging activities, and decreases the efficacy of Brivaracetam and Ethadione. Additionally, Brivaracetam decreases the efficacy of Amphetamine and Iohexol.","The drug azatadine decreases the efficacy of brivaracetam, ethadione, and the activity of the QTc-prolonging activities. Additionally, brivaracetam decreases the efficacy of amphetamine and iohexol.","[[""Azatadine"", ""increases"", ""QTc-prolonging_activities""], [""Azatadine"", ""decreases"", ""Brivaracetam""], [""Azatadine"", ""decreases"", ""Ethadione""], [""Brivaracetam"", ""decreases"", ""Amphetamine""], [""Brivaracetam"", ""decreases"", ""Iohexol""]]","[[""azatadine"", ""decreases"", ""brivaracetam""], [""azatadine"", ""decreases"", ""ethadione""], [""azatadine"", ""decreases"", ""QTc-prolonging_activities""], [""brivaracetam"", ""decreases"", ""amphetamine""], [""brivaracetam"", ""decreases"", ""iohexol""]]",1.0,1.0,1.0,1.0,1.0,0.9986013356068544,0.9987412020461688,0.9988810684854836,0.999020934924798,0.9991608013641128,0.9993006678034272,0.9994405342427416,0.9995804006820564,0.9997202671213709,0.9998601335606856,1.0,0.9879324021166692,0.9962068811755398,0,edge_replacement
206,"Bufuralol increases the efficacy of both nateglinide and nn344, while also decreasing the efficacy of propylhexedrine. The drug nn344 increases the efficacy of pindolol, but decreases the efficacy of both lopinavir and zeranol. Additionally, nateglinide increases the efficacy of sparfloxacin and sulfadimethoxine, and has the side effect of causing fatigue.","The drug bufuralol decreases the efficacy of propylhexedrine. 

The compound nn344 increases the efficacy of pindolol and decreases the efficacy of both lopinavir and zeranol.

Additionally, the medication nateglinide increases the efficacy of both sparfloxacin and sulfadimethoxine, but it also has a side effect of causing fatigue.","[[""Bufuralol"", ""increases_efficacy_of"", ""nateglinide""], [""Bufuralol"", ""increases_efficacy_of"", ""nn344""], [""Bufuralol"", ""decreases_efficacy_of"", ""propylhexedrine""], [""nn344"", ""increases_efficacy_of"", ""pindolol""], [""nn344"", ""decreases_efficacy_of"", ""lopinavir""], [""nn344"", ""decreases_efficacy_of"", ""zeranol""], [""nateglinide"", ""increases_efficacy_of"", ""sparfloxacin""], [""nateglinide"", ""increases_efficacy_of"", ""sulfadimethoxine""], [""nateglinide"", ""has_side_effect"", ""fatigue""]]","[[""bufuralol"", ""decreases_efficacy_of"", ""propylhexedrine""], [""nn344"", ""increases_efficacy_of"", ""pindolol""], [""nn344"", ""decreases_efficacy_of"", ""lopinavir""], [""nn344"", ""decreases_efficacy_of"", ""zeranol""], [""nateglinide"", ""increases_efficacy_of"", ""sparfloxacin""], [""nateglinide"", ""increases_efficacy_of"", ""sulfadimethoxine""], [""nateglinide"", ""has_side_effect"", ""fatigue""]]",0.9166666666666666,1.0,1.0,0.9166666666666666,0.9166666666666666,0.9896594504858728,0.9823601721039524,0.9750608937220318,0.967761615340111,0.9604623369581904,0.9531630585762698,0.9458637801943492,0.9385645018124285,0.931265223430508,0.9239659450485872,0.9166666666666666,0.9856706965474398,0.8092918812017331,0,edge_deletion
207,"Pyrimethamine increases the activity of the QTc-prolonging activities and the effect of QTc prolongation. It also decreases the efficacy of (6S)-5,6,7,8-tetrahydrofolic acid. Iclaprim targets dihydrofolate reductase and decreases the efficacy of leucovorin and triglu-5-formyl-tetrahydrofolate. Additionally, (6S)-5,6,7,8-tetrahydrofolic acid reduces the efficacy of dapsone, iclaprim, and pralatrexate. Dapsone has the effect of causing methemoglobinemia and decreases the efficacy of the BCG vaccine.","The drug pyrimethamine increases the effect of QTc prolongation, decreases the efficacy of (6s)-5,6,7,8-tetrahydrofolic acid, and reduces the activity of the QTc-prolonging activities.

Iclaprim targets dihydrofolate reductase and decreases the efficacy of leucovorin and triglu-5-formyl-tetrahydrofolate.

(6s)-5,6,7,8-tetrahydrofolic acid decreases the efficacy of dapsone, iclaprim, and pralatrexate.

Dapsone has an effect on methemoglobinemia and decreases the efficacy of the BCG vaccine.","[[""Pyrimethamine"", ""increases"", ""QTc-prolonging_activities""], [""Pyrimethamine"", ""increases"", ""QTc_prolongation""], [""Pyrimethamine"", ""decreases"", ""efficacy_of_(6S)-5,6,7,8-tetrahydrofolic_acid""], [""Iclaprim"", ""targets"", ""dihydrofolate_reductase""], [""Iclaprim"", ""decreases"", ""efficacy_of_leucovorin""], [""Iclaprim"", ""decreases"", ""efficacy_of_triglu-5-formyl-tetrahydrofolate""], [""(6S)-5,6,7,8-tetrahydrofolic_acid"", ""decreases"", ""efficacy_of_dapsone""], [""(6S)-5,6,7,8-tetrahydrofolic_acid"", ""decreases"", ""efficacy_of_iclaprim""], [""(6S)-5,6,7,8-tetrahydrofolic_acid"", ""decreases"", ""efficacy_of_pralatrexate""], [""Dapsone"", ""causes"", ""methemoglobinemia""], [""Dapsone"", ""decreases"", ""efficacy_of_BCG_vaccine""]]","[[""Pyrimethamine"", ""increases"", ""QTc_prolongation""], [""Pyrimethamine"", ""decreases"", ""efficacy_of_(6s)-5,6,7,8-tetrahydrofolic_acid""], [""Pyrimethamine"", ""reduces"", ""QTc-prolonging_activities""], [""Iclaprim"", ""targets"", ""dihydrofolate_reductase""], [""Iclaprim"", ""decreases"", ""efficacy_of_leucovorin""], [""Iclaprim"", ""decreases"", ""efficacy_of_triglu-5-formyl-tetrahydrofolate""], [""(6s)-5,6,7,8-tetrahydrofolic_acid"", ""decreases"", ""efficacy_of_dapsone""], [""(6s)-5,6,7,8-tetrahydrofolic_acid"", ""decreases"", ""efficacy_of_iclaprim""], [""(6s)-5,6,7,8-tetrahydrofolic_acid"", ""decreases"", ""efficacy_of_pralatrexate""], [""Dapsone"", ""has_effect_on"", ""methemoglobinemia""], [""Dapsone"", ""decreases"", ""efficacy_of_BCG_vaccine""]]",1.0,1.0,0.9999999403953552,1.0,1.0,0.998890582823572,0.9990015245412148,0.9991124662588576,0.9992234079765004,0.9993343496941433,0.999445291411786,0.9995562331294288,0.9996671748470716,0.9997781165647144,0.9998890582823572,1.0,0.9850698486975492,0.9911693252645086,0,edge_replacement
208,"Calcifediol decreases the efficacy of flunisolide, ciclesonide, and cortisone. Prednisolone acetate decreases the efficacy of nizatidine and procaine. Dexpanthenol decreases the efficacy of difluocortolone and prednisolone acetate. Dexpanthenol targets Homo sapiens. INGN 225 decreases the efficacy of flumethasone, afelimomab, and cabazitaxel. Difluocortolone targets Annexin A3 and decreases the efficacy of mefloquine and liotrix. Aldosterone decreases the efficacy of calcifediol, INGN 225, and dexpanthenol.","Aldosterone decreases the efficacy of calcifediol, INGN 225, and dexpanthenol. Calcifediol also decreases the efficacy of flunisolide, ciclesonide, and cortisone. Prednisolone acetate decreases the efficacy of nizatidine and procaine. Dexpanthenol decreases the efficacy of difluocortolone and prednisolone acetate, while also targeting Homo sapiens. INGN 225 decreases the efficacy of flumethasone, afelimomab, and cabazitaxel. Difluocortolone decreases the efficacy of mefloquine and liotrix, and targets annexin A3.","[[""Calcifediol"", ""decreases_efficacy_of"", ""Flunisolide""], [""Calcifediol"", ""decreases_efficacy_of"", ""Ciclesonide""], [""Calcifediol"", ""decreases_efficacy_of"", ""Cortisone""], [""Prednisolone_acetate"", ""decreases_efficacy_of"", ""Nizatidine""], [""Prednisolone_acetate"", ""decreases_efficacy_of"", ""Procaine""], [""Dexpanthenol"", ""decreases_efficacy_of"", ""Difluocortolone""], [""Dexpanthenol"", ""decreases_efficacy_of"", ""Prednisolone_acetate""], [""Dexpanthenol"", ""targets"", ""Homo_sapiens""], [""INGN_225"", ""decreases_efficacy_of"", ""Flumethasone""], [""INGN_225"", ""decreases_efficacy_of"", ""Afelimomab""], [""INGN_225"", ""decreases_efficacy_of"", ""Cabazitaxel""], [""Difluocortolone"", ""decreases_efficacy_of"", ""Mefloquine""], [""Difluocortolone"", ""decreases_efficacy_of"", ""Liotrix""], [""Difluocortolone"", ""targets"", ""Annexin_A3""], [""Aldosterone"", ""decreases_efficacy_of"", ""Calcifediol""], [""Aldosterone"", ""decreases_efficacy_of"", ""INGN_225""], [""Aldosterone"", ""decreases_efficacy_of"", ""Dexpanthenol""]]","[[""Aldosterone"", ""decreases_efficacy_of"", ""Calcifediol""], [""Aldosterone"", ""decreases_efficacy_of"", ""INGN_225""], [""Aldosterone"", ""decreases_efficacy_of"", ""Dexpanthenol""], [""Calcifediol"", ""decreases_efficacy_of"", ""Flunisolide""], [""Calcifediol"", ""decreases_efficacy_of"", ""Ciclesonide""], [""Calcifediol"", ""decreases_efficacy_of"", ""Cortisone""], [""Prednisolone_acetate"", ""decreases_efficacy_of"", ""Nizatidine""], [""Prednisolone_acetate"", ""decreases_efficacy_of"", ""Procaine""], [""Dexpanthenol"", ""decreases_efficacy_of"", ""Difluocortolone""], [""Dexpanthenol"", ""decreases_efficacy_of"", ""Prednisolone_acetate""], [""Dexpanthenol"", ""targets"", ""Homo_sapiens""], [""INGN_225"", ""decreases_efficacy_of"", ""Flumethasone""], [""INGN_225"", ""decreases_efficacy_of"", ""Afelimomab""], [""INGN_225"", ""decreases_efficacy_of"", ""Cabazitaxel""], [""Difluocortolone"", ""decreases_efficacy_of"", ""Mefloquine""], [""Difluocortolone"", ""decreases_efficacy_of"", ""Liotrix""], [""Difluocortolone"", ""targets"", ""Annexin_A3""]]",1.0,1.0,1.0,0.7685185185185185,1.0,1.0,1.0,1.0,1.0,1.0,1.0,1.0,1.0,1.0,1.0,1.0,1.0,0.9999999877188076,1,edge_deletion
209,"The compound 5-demethylnobiletin targets prelamin-a/c, malme-3m, and u-251. Prelamin-a/c is a gene product of LMNA which is implicated in causing conditions such as lipodystrophy, emery-dreifuss muscular dystrophy 2, and restrictive dermopathy 1. Emery-dreifuss muscular dystrophy 2 presents phenotypes including vocal cord paralysis and ventricular escape rhythm. On the other hand, lipodystrophy manifests phenotypes such as membranoproliferative glomerulonephritis, proteinuria, and cranial nerve paralysis.","LMNA is responsible for causing lipodystrophy, emery-dreifuss muscular dystrophy 2, and restrictive dermopathy 1. Lipodystrophy exhibits phenotypes such as proteinuria and cranial nerve paralysis, while emery-dreifuss muscular dystrophy 2 leads to vocal cord paralysis.","[[""5-demethylnobiletin"", ""targets"", ""prelamin-a/c""], [""5-demethylnobiletin"", ""targets"", ""malme-3m""], [""5-demethylnobiletin"", ""targets"", ""u-251""], [""prelamin-a/c"", ""gene_product_of"", ""LMNA""], [""LMNA"", ""implicated_in"", ""lipodystrophy""], [""LMNA"", ""implicated_in"", ""emery-dreifuss_muscular_dystrophy_2""], [""LMNA"", ""implicated_in"", ""restrictive_dermopathy_1""], [""emery-dreifuss_muscular_dystrophy_2"", ""presents_phenotypes"", ""vocal_cord_paralysis""], [""emery-dreifuss_muscular_dystrophy_2"", ""presents_phenotypes"", ""ventricular_escape_rhythm""], [""lipodystrophy"", ""manifests_phenotypes"", ""membranoproliferative_glomerulonephritis""], [""lipodystrophy"", ""manifests_phenotypes"", ""proteinuria""], [""lipodystrophy"", ""manifests_phenotypes"", ""cranial_nerve_paralysis""]]","[[""LMNA"", ""responsible_for"", ""lipodystrophy""], [""LMNA"", ""responsible_for"", ""emery-dreifuss_muscular_dystrophy_2""], [""LMNA"", ""responsible_for"", ""restrictive_dermopathy_1""], [""lipodystrophy"", ""exhibits_phenotypes"", ""proteinuria""], [""lipodystrophy"", ""exhibits_phenotypes"", ""cranial_nerve_paralysis""], [""emery-dreifuss_muscular_dystrophy_2"", ""leads_to"", ""vocal_cord_paralysis""]]",0.4321208107251124,0.0,0.7481207847595215,0.4891995904702285,0.4891995904702285,0.9250568345419682,0.8814711101347942,0.8378853857276203,0.7942996613204463,0.7507139369132723,0.7071282125060984,0.6635424880989245,0.6199567636917505,0.5763710392845764,0.5327853148774024,0.4891995904702285,0.7794806151989113,0.9053051550194612,0,node_removal
210,"Sarafloxacin increases the effect of bradycardia and enhances the efficacy of acarbose and chlorpropamide. Acarbose decreases the efficacy of polythiazide but increases the efficacy of sulfaphenazole, leading to a side effect of Pneumatosis intestinalis. Chlorpropamide increases the efficacy of 5-(2-methylpiperazine-1-sulfonyl)isoquinoline and sulfaethoxypyridazine, while causing a side effect of Hyponatraemia. Sulfaphenazole increases the efficacy of metformin.","The drug Sarafloxacin is known to increase the effect of bradycardia. Additionally, it increases the efficacy of Acarbose and Chlorpropamide. Acarbose, in turn, decreases the efficacy of Polythiazide but increases the efficacy of Sulfaphenazole. Acarbose also has the side effect of causing Pneumatosis intestinalis. Chlorpropamide increases the efficacy of 5-(2-methylpiperazine-1-sulfonyl)isoquinoline and Sulfaethoxypyridazine, and it has the side effect of causing Hyponatraemia. Sulfaphenazole increases the efficacy of Metformin.","[[""Sarafloxacin"", ""increases_effect_of"", ""bradycardia""], [""Sarafloxacin"", ""enhances_efficacy_of"", ""acarbose""], [""Sarafloxacin"", ""enhances_efficacy_of"", ""chlorpropamide""], [""Acarbose"", ""decreases_efficacy_of"", ""polythiazide""], [""Acarbose"", ""increases_efficacy_of"", ""sulfaphenazole""], [""Acarbose"", ""leads_to_side_effect"", ""Pneumatosis_intestinalis""], [""Chlorpropamide"", ""increases_efficacy_of"", ""5-(2-methylpiperazine-1-sulfonyl)isoquinoline""], [""Chlorpropamide"", ""increases_efficacy_of"", ""sulfaethoxypyridazine""], [""Chlorpropamide"", ""causes_side_effect"", ""Hyponatraemia""], [""Sulfaphenazole"", ""increases_efficacy_of"", ""metformin""]]","[[""Sarafloxacin"", ""increases_effect_of"", ""bradycardia""], [""Sarafloxacin"", ""increases_efficacy_of"", ""Acarbose""], [""Sarafloxacin"", ""increases_efficacy_of"", ""Chlorpropamide""], [""Acarbose"", ""decreases_efficacy_of"", ""Polythiazide""], [""Acarbose"", ""increases_efficacy_of"", ""Sulfaphenazole""], [""Acarbose"", ""causes_side_effect"", ""Pneumatosis_intestinalis""], [""Chlorpropamide"", ""increases_efficacy_of"", ""5-(2-methylpiperazine-1-sulfonyl)isoquinoline""], [""Chlorpropamide"", ""increases_efficacy_of"", ""Sulfaethoxypyridazine""], [""Chlorpropamide"", ""causes_side_effect"", ""Hyponatraemia""], [""Sulfaphenazole"", ""increases_efficacy_of"", ""Metformin""]]",1.0,0.9590871334075928,0.9130585193634032,1.0,1.0,0.9981071734179991,0.9982964560761992,0.9984857387343996,0.9986750213925994,0.9988643040507996,0.9990535867089996,0.9992428693671996,0.9994321520253996,0.9996214346836,0.9998107173418,1.0,0.9932410588249344,0.7891156827994177,1,edge_replacement
211,"Iproniazid increases the activity of the sympathomimetic activities and has the effect of hypotension. Levetiracetam is indicated for idiopathic generalized epilepsy and has side effects like ecchymosis and hostility. Lofexidine increases the efficacy of levetiracetam, iproniazid, and octamoxin. Difenoxin has sedative activities, increases neuropsychiatric effects, and enhances the efficacy of lofexidine.","The drug iproniazid has the effect of causing hypotension and decreases the activity of the sympathomimetic activities. Levetiracetam is indicated for idiopathic generalized epilepsy and has side effects including ecchymosis and hostility. Lofexidine increases the efficacy of levetiracetam, iproniazid, and octamoxin. Difenoxin has sedative activities, increases neuropsychiatric effects, and enhances the efficacy of lofexidine.","[[""Iproniazid"", ""increases"", ""sympathomimetic_activities""], [""Iproniazid"", ""has_effect"", ""hypotension""], [""Levetiracetam"", ""indicated_for"", ""idiopathic_generalized_epilepsy""], [""Levetiracetam"", ""has_side_effects"", ""ecchymosis""], [""Levetiracetam"", ""has_side_effects"", ""hostility""], [""Lofexidine"", ""increases_efficacy_of"", ""Levetiracetam""], [""Lofexidine"", ""increases_efficacy_of"", ""Iproniazid""], [""Lofexidine"", ""increases_efficacy_of"", ""Octamoxin""], [""Difenoxin"", ""has_activities"", ""sedative_activities""], [""Difenoxin"", ""increases"", ""neuropsychiatric_effects""], [""Difenoxin"", ""enhances_efficacy_of"", ""Lofexidine""]]","[[""Iproniazid"", ""decreases"", ""sympathomimetic_activities""], [""Iproniazid"", ""has_effect"", ""hypotension""], [""Levetiracetam"", ""indicated_for"", ""idiopathic_generalized_epilepsy""], [""Levetiracetam"", ""has_side_effects"", ""ecchymosis""], [""Levetiracetam"", ""has_side_effects"", ""hostility""], [""Lofexidine"", ""increases_efficacy_of"", ""Levetiracetam""], [""Lofexidine"", ""increases_efficacy_of"", ""Iproniazid""], [""Lofexidine"", ""increases_efficacy_of"", ""Octamoxin""], [""Difenoxin"", ""has_activities"", ""sedative_activities""], [""Difenoxin"", ""increases"", ""neuropsychiatric_effects""], [""Difenoxin"", ""enhances_efficacy_of"", ""Lofexidine""]]",1.0,0.9999998807907104,1.0,1.0,1.0,0.9988532699084104,0.9989679429175692,0.9990826159267284,0.9991972889358872,0.999311961945046,0.9994266349542053,0.9995413079633642,0.9996559809725232,0.999770653981682,0.999885326990841,1.0,0.9926507795579688,0.9977865264989534,0,edge_replacement
212,"The drug glibornuride decreases the efficacy of methyclothiazide, thioridazine, and lopinavir. Conversely, sulfachlorpyridazine increases the efficacy of glyburide, pramlintide, and glibornuride. Glyburide targets cytochrome p450 2d6 and has side effects such as Angioedema and Coagulopathy.","The drug glibornuride decreases the efficacy of methyclothiazide, thioridazine, and lopinavir. Sulfachlorpyridazine increases the efficacy of pramlintide. Glyburide targets cytochrome P450 2D6 and has side effects including angioedema and coagulopathy.","[[""glibornuride"", ""decreases_efficacy_of"", ""methyclothiazide""], [""glibornuride"", ""decreases_efficacy_of"", ""thioridazine""], [""glibornuride"", ""decreases_efficacy_of"", ""lopinavir""], [""sulfachlorpyridazine"", ""increases_efficacy_of"", ""glyburide""], [""sulfachlorpyridazine"", ""increases_efficacy_of"", ""pramlintide""], [""sulfachlorpyridazine"", ""increases_efficacy_of"", ""glibornuride""], [""glyburide"", ""targets"", ""cytochrome_p450_2d6""], [""glyburide"", ""has_side_effect"", ""Angioedema""], [""glyburide"", ""has_side_effect"", ""Coagulopathy""]]","[[""glibornuride"", ""decreases_efficacy_of"", ""methyclothiazide""], [""glibornuride"", ""decreases_efficacy_of"", ""thioridazine""], [""glibornuride"", ""decreases_efficacy_of"", ""lopinavir""], [""sulfachlorpyridazine"", ""increases_efficacy_of"", ""pramlintide""], [""glyburide"", ""targets"", ""cytochrome_P450_2D6""], [""glyburide"", ""has_side_effect"", ""angioedema""], [""glyburide"", ""has_side_effect"", ""coagulopathy""]]",0.8333333333333334,1.0,0.9999999403953552,0.8333333333333334,0.8333333333333334,0.9890597379390592,0.9734870974784868,0.957914457017914,0.9423418165573414,0.9267691760967688,0.9111965356361964,0.8956238951756237,0.8800512547150512,0.8644786142544785,0.8489059737939059,0.8333333333333334,0.9827154413609304,0.8243702366899743,0,edge_deletion
213,"7-deazaguanine increases the activity of the hypotensive activities. It also decreases the efficacy of loprazolam and lormetazepam. Additionally, lormetazepam decreases the efficacy of xanthine.","The compound 7-deazaguanine increases the activity of the hypotensive activities. Additionally, 7-deazaguanine decreases the efficacy of both loprazolam and lormetazepam. Furthermore, lormetazepam decreases the efficacy of xanthine.","[[""7-deazaguanine"", ""increases"", ""hypotensive_activities""], [""7-deazaguanine"", ""decreases"", ""loprazolam""], [""7-deazaguanine"", ""decreases"", ""lormetazepam""], [""lormetazepam"", ""decreases"", ""xanthine""]]","[[""7-deazaguanine"", ""increases"", ""hypotensive_activities""], [""7-deazaguanine"", ""decreases"", ""loprazolam""], [""7-deazaguanine"", ""decreases"", ""lormetazepam""], [""lormetazepam"", ""decreases"", ""xanthine""]]",1.0,1.0,0.9999999403953552,1.0,1.0,0.9999999369926202,0.9999999432933582,0.9999999495940964,0.999999955894834,0.9999999621955722,0.99999996849631,0.999999974797048,0.999999981097786,0.999999987398524,0.999999993699262,1.0,1.0,0.99999998995451,1,edge_replacement
214,"Cytochrome P450 family 2 subfamily D member 6 is known to cause conditions such as burns, ovarian cysts, and agoraphobia. Sulfotransferase family 1A member 2 is implicated in causing conditions such as breast neoplasms, endometrial neoplasms, and hot flashes. In addition, Cytochrome P450 family 2 subfamily C member 19 is associated with conditions including hypertension, tobacco use disorder, and alcoholism. Hypertension presents phenotypes like elevated diastolic blood pressure, elevated mean arterial pressure, and elevated systolic blood pressure. Furthermore, endoxifen affects sulfotransferase family 1A member 2, Cytochrome P450 family 2 subfamily D member 6, and Cytochrome P450 family 2 subfamily C member 19.","The enzymes cytochrome P450 family 2 subfamily D member 6, cytochrome P450 family 2 subfamily C member 19, and sulfotransferase family 1A member 2 are involved in causing various conditions. Cytochrome P450 family 2 subfamily D member 6 is associated with burns, ovarian cysts, and agoraphobia. Cytochrome P450 family 2 subfamily C member 19 is linked to hypertension, tobacco use disorder, and alcoholism. Sulfotransferase family 1A member 2 is connected to breast neoplasms, endometrial neoplasms, and hot flashes. Additionally, hypertension is known for exhibiting phenotypes such as elevated diastolic blood pressure, elevated mean arterial pressure, and elevated systolic blood pressure. Furthermore, the compound endoxifen affects sulfotransferase family 1A member 2, cytochrome P450 family 2 subfamily D member 6, and cytochrome P450 family 2 subfamily C member 19.","[[""Cytochrome_P450_family_2_subfamily_D_member_6"", ""causes"", ""burns""], [""Cytochrome_P450_family_2_subfamily_D_member_6"", ""causes"", ""ovarian_cysts""], [""Cytochrome_P450_family_2_subfamily_D_member_6"", ""causes"", ""agoraphobia""], [""Sulfotransferase_family_1A_member_2"", ""causes"", ""breast_neoplasms""], [""Sulfotransferase_family_1A_member_2"", ""causes"", ""endometrial_neoplasms""], [""Sulfotransferase_family_1A_member_2"", ""causes"", ""hot_flashes""], [""Cytochrome_P450_family_2_subfamily_C_member_19"", ""causes"", ""hypertension""], [""Cytochrome_P450_family_2_subfamily_C_member_19"", ""causes"", ""tobacco_use_disorder""], [""Cytochrome_P450_family_2_subfamily_C_member_19"", ""causes"", ""alcoholism""], [""Hypertension"", ""presents"", ""elevated_diastolic_blood_pressure""], [""Hypertension"", ""presents"", ""elevated_mean_arterial_pressure""], [""Hypertension"", ""presents"", ""elevated_systolic_blood_pressure""], [""Endoxifen"", ""affects"", ""Sulfotransferase_family_1A_member_2""], [""Endoxifen"", ""affects"", ""Cytochrome_P450_family_2_subfamily_D_member_6""], [""Endoxifen"", ""affects"", ""Cytochrome_P450_family_2_subfamily_C_member_19""]]","[[""Cytochrome_P450_family_2_subfamily_D_member_6"", ""involved_in"", ""various_conditions""], [""Cytochrome_P450_family_2_subfamily_C_member_19"", ""involved_in"", ""various_conditions""], [""Sulfotransferase_family_1A_member_2"", ""involved_in"", ""various_conditions""], [""Cytochrome_P450_family_2_subfamily_D_member_6"", ""associated_with"", ""burns""], [""Cytochrome_P450_family_2_subfamily_D_member_6"", ""associated_with"", ""ovarian_cysts""], [""Cytochrome_P450_family_2_subfamily_D_member_6"", ""associated_with"", ""agoraphobia""], [""Cytochrome_P450_family_2_subfamily_C_member_19"", ""linked_to"", ""hypertension""], [""Cytochrome_P450_family_2_subfamily_C_member_19"", ""linked_to"", ""tobacco_use_disorder""], [""Cytochrome_P450_family_2_subfamily_C_member_19"", ""linked_to"", ""alcoholism""], [""Sulfotransferase_family_1A_member_2"", ""connected_to"", ""breast_neoplasms""], [""Sulfotransferase_family_1A_member_2"", ""connected_to"", ""endometrial_neoplasms""], [""Sulfotransferase_family_1A_member_2"", ""connected_to"", ""hot_flashes""], [""Hypertension"", ""exhibits"", ""elevated_diastolic_blood_pressure""], [""Hypertension"", ""exhibits"", ""elevated_mean_arterial_pressure""], [""Hypertension"", ""exhibits"", ""elevated_systolic_blood_pressure""], [""Endoxifen"", ""affects"", ""Sulfotransferase_family_1A_member_2""], [""Endoxifen"", ""affects"", ""Cytochrome_P450_family_2_subfamily_D_member_6""], [""Endoxifen"", ""affects"", ""Cytochrome_P450_family_2_subfamily_C_member_19""]]",1.0,0.9294902682304382,0.9895375967025756,0.9196142449294292,1.0,0.9779303445755078,0.980137310117957,0.9823442756604062,0.9845512412028554,0.9867582067453048,0.988965172287754,0.9911721378302032,0.9933791033726524,0.9955860689151016,0.9977930344575509,1.0,0.889933944316931,0.9137188635449612,1,node_removal
215,"The drug pivampicillin decreases the efficacy of desogestrel and gestodene, while it increases the efficacy of doxacurium. Gestodene targets the progesterone receptor and decreases the efficacy of insulin detemir and procaine benzylpenicillin. Desogestrel decreases the efficacy of insulin human, trifluridine, and phenformin. Doxacurium increases the efficacy of benzylpenicilloyl polylysine, carindacillin, and magnesium glycinate. Phenformin increases the efficacy of 5-(2-methylpiperazine-1-sulfonyl)isoquinoline.","The drug pivampicillin increases the efficacy of doxacurium. Gestodene targets the progesterone receptor and decreases the efficacy of insulin detemir and procaine benzylpenicillin. Desogestrel decreases the efficacy of insulin human, trifluridine, and phenformin. Doxacurium increases the efficacy of benzylpenicilloyl polylysine, carindacillin, and magnesium glycinate. Phenformin increases the efficacy of 5-(2-methylpiperazine-1-sulfonyl)isoquinoline.","[[""pivampicillin"", ""decreases_efficacy_of"", ""desogestrel""], [""pivampicillin"", ""decreases_efficacy_of"", ""gestodene""], [""pivampicillin"", ""increases_efficacy_of"", ""doxacurium""], [""gestodene"", ""targets"", ""progesterone_receptor""], [""gestodene"", ""decreases_efficacy_of"", ""insulin_detemir""], [""gestodene"", ""decreases_efficacy_of"", ""procaine_benzylpenicillin""], [""desogestrel"", ""decreases_efficacy_of"", ""insulin_human""], [""desogestrel"", ""decreases_efficacy_of"", ""trifluridine""], [""desogestrel"", ""decreases_efficacy_of"", ""phenformin""], [""doxacurium"", ""increases_efficacy_of"", ""benzylpenicilloyl_polylysine""], [""doxacurium"", ""increases_efficacy_of"", ""carindacillin""], [""doxacurium"", ""increases_efficacy_of"", ""magnesium_glycinate""], [""phenformin"", ""increases_efficacy_of"", ""5-(2-methylpiperazine-1-sulfonyl)isoquinoline""]]","[[""pivampicillin"", ""increases_efficacy_of"", ""doxacurium""], [""gestodene"", ""targets"", ""progesterone_receptor""], [""gestodene"", ""decreases_efficacy_of"", ""insulin_detemir""], [""gestodene"", ""decreases_efficacy_of"", ""procaine_benzylpenicillin""], [""desogestrel"", ""decreases_efficacy_of"", ""insulin_human""], [""desogestrel"", ""decreases_efficacy_of"", ""trifluridine""], [""desogestrel"", ""decreases_efficacy_of"", ""phenformin""], [""doxacurium"", ""increases_efficacy_of"", ""benzylpenicilloyl_polylysine""], [""doxacurium"", ""increases_efficacy_of"", ""carindacillin""], [""doxacurium"", ""increases_efficacy_of"", ""magnesium_glycinate""], [""phenformin"", ""increases_efficacy_of"", ""5-(2-methylpiperazine-1-sulfonyl)isoquinoline""]]",0.935897435897436,1.0,1.0,0.9404761904761904,0.9404761904761904,0.9903309928084384,0.9853455125752136,0.9803600323419888,0.975374552108764,0.9703890718755392,0.9654035916423144,0.9604181114090896,0.9554326311758649,0.95044715094264,0.9454616707094152,0.9404761904761904,0.9906467238311192,0.9890198331217552,0,edge_deletion
216,"Alemtuzumab increases the risk of methemoglobinemia. Typhoid vaccine reduces the efficacy of alemtuzumab, sulfamethoxazole, and belimumab. The Vibrio cholerae CVD 103-HgR strain live antigen decreases the efficacy of human interferon omega-1, KOS-1584, and tecovirimat. Tedizolid has an effect on bleeding and decreases the efficacy of typhoid vaccine and the Vibrio cholerae CVD 103-HgR strain live antigen.","Alemtuzumab increases the risk of methemoglobinemia. The typhoid vaccine decreases the efficacy of alemtuzumab, sulfamethoxazole, and belimumab. Additionally, the Vibrio cholerae CVD 103-HgR strain live antigen reduces the efficacy of human interferon omega-1, KOS-1584, and tecovirimat. Tedizolid has an effect on bleeding and reduces the efficacy of the typhoid vaccine and Vibrio cholerae CVD 103-HgR strain live antigen.","[[""Alemtuzumab"", ""increases_risk_of"", ""methemoglobinemia""], [""Typhoid_vaccine"", ""reduces_efficacy_of"", ""Alemtuzumab""], [""Typhoid_vaccine"", ""reduces_efficacy_of"", ""Sulfamethoxazole""], [""Typhoid_vaccine"", ""reduces_efficacy_of"", ""Belimumab""], [""Vibrio_cholerae_CVD_103-HgR_strain_live_antigen"", ""decreases_efficacy_of"", ""Human_interferon_omega-1""], [""Vibrio_cholerae_CVD_103-HgR_strain_live_antigen"", ""decreases_efficacy_of"", ""KOS-1584""], [""Vibrio_cholerae_CVD_103-HgR_strain_live_antigen"", ""decreases_efficacy_of"", ""Tecovirimat""], [""Tedizolid"", ""has_effect_on"", ""bleeding""], [""Tedizolid"", ""decreases_efficacy_of"", ""Typhoid_vaccine""], [""Tedizolid"", ""decreases_efficacy_of"", ""Vibrio_cholerae_CVD_103-HgR_strain_live_antigen""]]","[[""Alemtuzumab"", ""increases_risk_of"", ""methemoglobinemia""], [""Typhoid_vaccine"", ""decreases_efficacy_of"", ""Alemtuzumab""], [""Typhoid_vaccine"", ""decreases_efficacy_of"", ""Sulfamethoxazole""], [""Typhoid_vaccine"", ""decreases_efficacy_of"", ""Belimumab""], [""Vibrio_cholerae_CVD_103-HgR_strain_live_antigen"", ""reduces_efficacy_of"", ""Human_interferon_omega-1""], [""Vibrio_cholerae_CVD_103-HgR_strain_live_antigen"", ""reduces_efficacy_of"", ""KOS-1584""], [""Vibrio_cholerae_CVD_103-HgR_strain_live_antigen"", ""reduces_efficacy_of"", ""Tecovirimat""], [""Tedizolid"", ""has_effect_on"", ""bleeding""], [""Tedizolid"", ""reduces_efficacy_of"", ""Typhoid_vaccine""], [""Tedizolid"", ""reduces_efficacy_of"", ""Vibrio_cholerae_CVD_103-HgR_strain_live_antigen""]]",1.0,0.9999998807907104,1.0,1.0,1.0,0.999378522635754,0.9994406703721784,0.9995028181086032,0.9995649658450276,0.9996271135814524,0.9996892613178768,0.9997514090543016,0.999813556790726,0.9998757045271508,0.9999378522635752,1.0,0.9975760494256888,0.994878363881114,1,edge_replacement
217,"Interferon alfacon-1 increases the activity of the immunosuppressive activities. It also has adverse effects. Moreover, interferon alfacon-1 decreases the efficacy of the rotavirus vaccine.

Nelarabine targets DNA and causes side effects such as back pain and pain in extremity.

The rotavirus vaccine's efficacy is decreased by pentostatin, nelarabine, and everolimus.","Interferon alfacon-1 increases the activity of the immunosuppressive activities and has adverse effects. It also decreases the efficacy of the rotavirus vaccine. Nelarabine targets DNA and has side effects including back pain and pain in extremity. The rotavirus vaccine's efficacy is decreased by pentostatin, nelarabine, and everolimus.","[[""Interferon_alfaCon-1"", ""increases"", ""immunosuppressive_activities""], [""Interferon_alfaCon-1"", ""has"", ""adverse_effects""], [""Interferon_alfaCon-1"", ""decreases"", ""rotavirus_vaccine_efficacy""], [""Nelarabine"", ""targets"", ""DNA""], [""Nelarabine"", ""causes"", ""back_pain""], [""Nelarabine"", ""causes"", ""pain_in_extremity""], [""Pentostatin"", ""decreases"", ""rotavirus_vaccine_efficacy""], [""Nelarabine"", ""decreases"", ""rotavirus_vaccine_efficacy""], [""Everolimus"", ""decreases"", ""rotavirus_vaccine_efficacy""]]","[[""Interferon_alfaCon-1"", ""increases"", ""immunosuppressive_activities""], [""Interferon_alfaCon-1"", ""has"", ""adverse_effects""], [""Interferon_alfaCon-1"", ""decreases"", ""rotavirus_vaccine_efficacy""], [""Nelarabine"", ""targets"", ""DNA""], [""Nelarabine"", ""has"", ""back_pain""], [""Nelarabine"", ""has"", ""pain_in_extremity""], [""Pentostatin"", ""decreases"", ""rotavirus_vaccine_efficacy""], [""Nelarabine"", ""decreases"", ""rotavirus_vaccine_efficacy""], [""Everolimus"", ""decreases"", ""rotavirus_vaccine_efficacy""]]",1.0,1.0,1.0,1.0,1.0,0.995595792884672,0.9960362135962048,0.9964766343077376,0.9969170550192704,0.9973574757308032,0.997797896442336,0.9982383171538688,0.9986787378654016,0.9991191585769345,0.9995595792884672,1.0,0.9773274429249564,0.981999877472718,1,edge_replacement
218,"Interferon lambda 3 is known to cause several conditions including hypercholesterolemia, recurrence, and melanoma. Voxilaprevir targets the ns3/4a protein and affects interferon lambda 3. Meanwhile, it also decreases the efficacy of the rubella virus vaccine. Hypercholesterolemia exhibits phenotypes such as atherosclerosis, corneal arcus, and xanthelasma. Melanoma presents phenotypes like atypical nevi in non-sun exposed areas, atypical nevus, and numerous nevi. The rubella virus vaccine decreases the efficacy of penciclovir, fluprednisolone, and gs-441524.","Interferon lambda 3 is known to cause several conditions including hypercholesterolemia, recurrence, and melanoma. Voxilaprevir targets the ns3/4a protein and affects interferon lambda 3. Additionally, voxilaprevir decreases the efficacy of the rubella virus vaccine. Hypercholesterolemia presents phenotypes such as atherosclerosis, corneal arcus, and xanthelasma. On the other hand, melanoma shows phenotypes like atypical nevi in non-sun exposed areas, atypical nevus, and numerous nevi. The rubella virus vaccine's efficacy is decreased by penciclovir, fluprednisolone, and gs-441524.","[[""Interferon_lambda_3"", ""causes"", ""hypercholesterolemia""], [""Interferon_lambda_3"", ""causes"", ""recurrence""], [""Interferon_lambda_3"", ""causes"", ""melanoma""], [""Voxilaprevir"", ""targets"", ""ns3/4a_protein""], [""Voxilaprevir"", ""affects"", ""Interferon_lambda_3""], [""Voxilaprevir"", ""decreases_efficacy_of"", ""rubella_virus_vaccine""], [""Hypercholesterolemia"", ""exhibits"", ""atherosclerosis""], [""Hypercholesterolemia"", ""exhibits"", ""corneal_arcus""], [""Hypercholesterolemia"", ""exhibits"", ""xanthelasma""], [""Melanoma"", ""presents"", ""atypical_nevi_in_non-sun_exposed_areas""], [""Melanoma"", ""presents"", ""atypical_nevus""], [""Melanoma"", ""presents"", ""numerous_nevi""], [""Rubella_virus_vaccine"", ""decreases_efficacy_of"", ""penciclovir""], [""Rubella_virus_vaccine"", ""decreases_efficacy_of"", ""fluprednisolone""], [""Rubella_virus_vaccine"", ""decreases_efficacy_of"", ""gs-441524""]]","[[""Interferon_lambda_3"", ""causes"", ""hypercholesterolemia""], [""Interferon_lambda_3"", ""causes"", ""recurrence""], [""Interferon_lambda_3"", ""causes"", ""melanoma""], [""Voxilaprevir"", ""targets"", ""ns3/4a_protein""], [""Voxilaprevir"", ""affects"", ""Interferon_lambda_3""], [""Voxilaprevir"", ""decreases_efficacy_of"", ""rubella_virus_vaccine""], [""Hypercholesterolemia"", ""presents"", ""atherosclerosis""], [""Hypercholesterolemia"", ""presents"", ""corneal_arcus""], [""Hypercholesterolemia"", ""presents"", ""xanthelasma""], [""Melanoma"", ""shows"", ""atypical_nevi_in_non-sun_exposed_areas""], [""Melanoma"", ""shows"", ""atypical_nevus""], [""Melanoma"", ""shows"", ""numerous_nevi""], [""Rubella_virus_vaccine"", ""efficacy_decreased_by"", ""penciclovir""], [""Rubella_virus_vaccine"", ""efficacy_decreased_by"", ""fluprednisolone""], [""Rubella_virus_vaccine"", ""efficacy_decreased_by"", ""gs-441524""]]",1.0,0.9999998211860656,0.9999999403953552,1.0,1.0,0.995973921789192,0.9963765296102728,0.9967791374313536,0.9971817452524344,0.9975843530735152,0.997986960894596,0.9983895687156767,0.9987921765367576,0.9991947843578384,0.9995973921789192,1.0,0.9765369619406716,0.9764429105059124,1,edge_deletion
219,"The drug pentolinium increases the effect of constipation while decreasing the efficacy of benoxaprofen and paraoxon. Additionally, paraoxon reduces the efficacy of terfenadine and isoflurane.","The drug pentolinium increases the effect of constipation while decreasing the efficacy of benoxaprofen and also of paraoxon. Paraoxon, in turn, reduces the efficacy of terfenadine and isoflurane.","[[""pentolinium"", ""increases"", ""constipation""], [""pentolinium"", ""decreases"", ""benoxaprofen""], [""pentolinium"", ""decreases"", ""paraoxon""], [""paraoxon"", ""reduces"", ""terfenadine""], [""paraoxon"", ""reduces"", ""isoflurane""]]","[[""pentolinium"", ""increases"", ""constipation""], [""pentolinium"", ""decreases"", ""benoxaprofen""], [""pentolinium"", ""decreases"", ""paraoxon""], [""paraoxon"", ""reduces"", ""terfenadine""], [""paraoxon"", ""reduces"", ""isoflurane""]]",1.0,1.0,1.0,1.0,1.0,0.9999999984629998,0.9999999986167,0.9999999987703998,0.9999999989240996,0.9999999990778,0.9999999992314998,0.9999999993852,0.9999999995389,0.9999999996926,0.9999999998463,1.0,0.9999999976158144,0.9999999878695232,1,edge_replacement
220,"The drug thiopental decreases the efficacy of linaclotide, acotiamide, and dexchlorpheniramine. Dexchlorpheniramine, in turn, decreases the efficacy of trimethadione, metharbital, and vigabatrin. Additionally, acotiamide decreases the efficacy of hydrocortisone, prednisolone, and fluprednidene.","Thiopental decreases the efficacy of linaclotide, acotiamide, and dexchlorpheniramine. In turn, dexchlorpheniramine reduces the efficacy of trimethadione, metharbital, and vigabatrin. Additionally, acotiamide decreases the efficacy of hydrocortisone, prednisolone, and fluprednidene.","[[""thiopental"", ""decreases_efficacy_of"", ""linaclotide""], [""thiopental"", ""decreases_efficacy_of"", ""acotiamide""], [""thiopental"", ""decreases_efficacy_of"", ""dexchlorpheniramine""], [""dexchlorpheniramine"", ""decreases_efficacy_of"", ""trimethadione""], [""dexchlorpheniramine"", ""decreases_efficacy_of"", ""metharbital""], [""dexchlorpheniramine"", ""decreases_efficacy_of"", ""vigabatrin""], [""acotiamide"", ""decreases_efficacy_of"", ""hydrocortisone""], [""acotiamide"", ""decreases_efficacy_of"", ""prednisolone""], [""acotiamide"", ""decreases_efficacy_of"", ""fluprednidene""]]","[[""thiopental"", ""decreases_efficacy_of"", ""linaclotide""], [""thiopental"", ""decreases_efficacy_of"", ""acotiamide""], [""thiopental"", ""decreases_efficacy_of"", ""dexchlorpheniramine""], [""dexchlorpheniramine"", ""reduces_efficacy_of"", ""trimethadione""], [""dexchlorpheniramine"", ""reduces_efficacy_of"", ""metharbital""], [""dexchlorpheniramine"", ""reduces_efficacy_of"", ""vigabatrin""], [""acotiamide"", ""decreases_efficacy_of"", ""hydrocortisone""], [""acotiamide"", ""decreases_efficacy_of"", ""prednisolone""], [""acotiamide"", ""decreases_efficacy_of"", ""fluprednidene""]]",1.0,0.9999999403953552,1.0,1.0,1.0,0.9990988912519828,0.9991890021267844,0.9992791130015864,0.9993692238763878,0.9994593347511896,0.9995494456259916,0.9996395565007932,0.9997296673755948,0.9998197782503966,0.9999098891251984,1.0,0.9970060843162636,0.9917276003806968,1,edge_deletion
221,"Salmon calcitonin decreases the efficacy of fluoxetine, diazepam, and midostaurin. Epidermal growth factor receptor is a gene product of EGFR. Estrogen receptor 2 causes conditions such as bone density, osteoporosis, and musculoskeletal pain. Neratinib targets epidermal growth factor receptor and affects estrogen receptor 2. Additionally, neratinib decreases the efficacy of salmon calcitonin.","Salmon calcitonin reduces the efficacy of pharmaceuticals such as fluoxetine, diazepam, and midostaurin. Additionally, epidermal growth factor receptor is a gene product of EGFR. Estrogen receptor 2 is known to be implicated in conditions related to bone density, osteoporosis, and musculoskeletal pain. Moreover, neratinib targets the epidermal growth factor receptor.","[[""Salmon_calcitonin"", ""decreases_efficacy_of"", ""fluoxetine""], [""Salmon_calcitonin"", ""decreases_efficacy_of"", ""diazepam""], [""Salmon_calcitonin"", ""decreases_efficacy_of"", ""midostaurin""], [""Epidermal_growth_factor_receptor"", ""gene_product_of"", ""EGFR""], [""Estrogen_receptor_2"", ""causes"", ""bone_density""], [""Estrogen_receptor_2"", ""causes"", ""osteoporosis""], [""Estrogen_receptor_2"", ""causes"", ""musculoskeletal_pain""], [""Neratinib"", ""targets"", ""epidermal_growth_factor_receptor""], [""Neratinib"", ""affects"", ""estrogen_receptor_2""], [""Neratinib"", ""decreases_efficacy_of"", ""salmon_calcitonin""]]","[[""Salmon_calcitonin"", ""reduces_efficacy_of"", ""fluoxetine""], [""Salmon_calcitonin"", ""reduces_efficacy_of"", ""diazepam""], [""Salmon_calcitonin"", ""reduces_efficacy_of"", ""midostaurin""], [""Epidermal_growth_factor_receptor"", ""gene_product_of"", ""EGFR""], [""Estrogen_receptor_2"", ""implicated_in"", ""bone_density""], [""Estrogen_receptor_2"", ""implicated_in"", ""osteoporosis""], [""Estrogen_receptor_2"", ""implicated_in"", ""musculoskeletal_pain""], [""Neratinib"", ""targets"", ""epidermal_growth_factor_receptor""]]",0.8484848484848485,0.9047303199768066,0.968393325805664,0.8484848484848485,0.8484848484848485,0.9763301291292472,0.9635456010648074,0.9507610730003676,0.9379765449359276,0.9251920168714878,0.912407488807048,0.899622960742608,0.8868384326781681,0.8740539046137282,0.8612693765492884,0.8484848484848485,0.93742570860796,0.9004982360508376,0,edge_deletion
222,"The administration of adenovirus type 7 vaccine live has been shown to decrease the efficacy of interferon beta-1a, grazoprevir, and favipiravir. Similarly, the effectiveness of vibrio cholerae cvd 103-hgr strain live antigen is decreased when administered in conjunction with imatinib, clofarabine, and tyrothricin. Furthermore, vedroprevir reduces the efficacy of anthrax vaccine, vibrio cholerae cvd 103-hgr strain live antigen, and adenovirus type 7 vaccine live.","The administration of adenovirus type 7 vaccine live diminishes the efficacy of interferon beta-1a, grazoprevir, and favipiravir. Additionally, the efficacy of vibrio cholerae cvd 103-hgr strain live antigen is decreased by imatinib, clofarabine, and tyrothricin. Conversely, the efficacy of vedroprevir is decreased when administered with anthrax vaccine, vibrio cholerae cvd 103-hgr strain live antigen, and adenovirus type 7 vaccine live.","[[""adenovirus_type_7_vaccine_live"", ""decreases_efficacy_of"", ""interferon_beta-1a""], [""adenovirus_type_7_vaccine_live"", ""decreases_efficacy_of"", ""grazoprevir""], [""adenovirus_type_7_vaccine_live"", ""decreases_efficacy_of"", ""favipiravir""], [""vibrio_cholerae_cvd_103-hgr_strain_live_antigen"", ""decreases_efficacy_of"", ""imatinib""], [""vibrio_cholerae_cvd_103-hgr_strain_live_antigen"", ""decreases_efficacy_of"", ""clofarabine""], [""vibrio_cholerae_cvd_103-hgr_strain_live_antigen"", ""decreases_efficacy_of"", ""tyrothricin""], [""vedroprevir"", ""decreases_efficacy_of"", ""anthrax_vaccine""], [""vedroprevir"", ""decreases_efficacy_of"", ""vibrio_cholerae_cvd_103-hgr_strain_live_antigen""], [""vedroprevir"", ""decreases_efficacy_of"", ""adenovirus_type_7_vaccine_live""]]","[[""adenovirus_type_7_vaccine_live"", ""diminishes_efficacy_of"", ""interferon_beta-1a""], [""adenovirus_type_7_vaccine_live"", ""diminishes_efficacy_of"", ""grazoprevir""], [""adenovirus_type_7_vaccine_live"", ""diminishes_efficacy_of"", ""favipiravir""], [""imatinib"", ""decreases_efficacy_of"", ""vibrio_cholerae_cvd_103-hgr_strain_live_antigen""], [""clofarabine"", ""decreases_efficacy_of"", ""vibrio_cholerae_cvd_103-hgr_strain_live_antigen""], [""tyrothricin"", ""decreases_efficacy_of"", ""vibrio_cholerae_cvd_103-hgr_strain_live_antigen""], [""anthrax_vaccine"", ""decreases_efficacy_of"", ""vedroprevir""], [""vibrio_cholerae_cvd_103-hgr_strain_live_antigen"", ""decreases_efficacy_of"", ""vedroprevir""], [""adenovirus_type_7_vaccine_live"", ""decreases_efficacy_of"", ""vedroprevir""]]",0.6,1.0,1.0,0.6,0.6,0.99078400836823,0.951705607531407,0.912627206694584,0.873548805857761,0.8344704050209379,0.7953920041841149,0.756313603347292,0.717235202510469,0.6781568016736459,0.639078400836823,0.6,0.9823595604638878,0.989191949167682,1,edge_deletion
223,"The drug doxylamine increases the effect of bradycardia but decreases the efficacy of regramostim, bisoxatin. Regramostim, in turn, reduces the efficacy of betamethasone, meclizine, and biperiden. Similarly, bisoxatin decreases the efficacy of disopyramide, dextromethorphan, and pipecuronium.","The drug doxylamine decreases the efficacy of regramostim, bisoxatin, and causes a decrease in the effect of bradycardia. Regramostim, in turn, decreases the efficacy of betamethasone, meclizine, and biperiden. Bisoxatin also decreases the efficacy of disopyramide, dextromethorphan, and pipecuronium.","[[""doxylamine"", ""increases"", ""bradycardia""], [""doxylamine"", ""decreases"", ""regramostim""], [""doxylamine"", ""decreases"", ""bisoxatin""], [""regramostim"", ""decreases"", ""betamethasone""], [""regramostim"", ""decreases"", ""meclizine""], [""regramostim"", ""decreases"", ""biperiden""], [""bisoxatin"", ""decreases"", ""disopyramide""], [""bisoxatin"", ""decreases"", ""dextromethorphan""], [""bisoxatin"", ""decreases"", ""pipecuronium""]]","[[""doxylamine"", ""decreases"", ""regramostim""], [""doxylamine"", ""decreases"", ""bisoxatin""], [""doxylamine"", ""decreases"", ""bradycardia""], [""regramostim"", ""decreases"", ""betamethasone""], [""regramostim"", ""decreases"", ""meclizine""], [""regramostim"", ""decreases"", ""biperiden""], [""bisoxatin"", ""decreases"", ""disopyramide""], [""bisoxatin"", ""decreases"", ""dextromethorphan""], [""bisoxatin"", ""decreases"", ""pipecuronium""]]",1.0,1.0,1.0,1.0,1.0,0.9983863944696646,0.998547755022698,0.9987091155757316,0.9988704761287652,0.9990318366817988,0.9991931972348322,0.999354557787866,0.9995159183408994,0.999677278893933,0.9998386394469664,1.0,0.9903613650083224,0.997583035315509,0,edge_replacement
224,"Aminophylline increases the activity of the hypotensive activities. It also decreases the efficacy of primidone and amobarbital. 

8-Chlorotheophylline decreases the efficacy of flunitrazepam, clotiazepam, and fludiazepam.

Etizolam increases the effect of neuropsychiatric effects while decreasing the efficacy of aminophylline and 8-chlorotheophylline.","The drug aminophylline decreases the efficacy of primidone, amobarbital, and the hypotensive activities. Additionally, 8-chlorotheophylline decreases the efficacy of flunitrazepam, clotiazepam, and fludiazepam. Conversely, etizolam increases neuropsychiatric effects and decreases the efficacy of aminophylline and 8-chlorotheophylline.","[[""Aminophylline"", ""increases"", ""hypotensive_activities""], [""Aminophylline"", ""decreases"", ""primidone""], [""Aminophylline"", ""decreases"", ""amobarbital""], [""8-Chlorotheophylline"", ""decreases"", ""flunitrazepam""], [""8-Chlorotheophylline"", ""decreases"", ""clotiazepam""], [""8-Chlorotheophylline"", ""decreases"", ""fludiazepam""], [""Etizolam"", ""increases"", ""neuropsychiatric_effects""], [""Etizolam"", ""decreases"", ""aminophylline""], [""Etizolam"", ""decreases"", ""8-Chlorotheophylline""]]","[[""Aminophylline"", ""decreases"", ""primidone""], [""Aminophylline"", ""decreases"", ""amobarbital""], [""Aminophylline"", ""decreases"", ""hypotensive_activities""], [""8-Chlorotheophylline"", ""decreases"", ""flunitrazepam""], [""8-Chlorotheophylline"", ""decreases"", ""clotiazepam""], [""8-Chlorotheophylline"", ""decreases"", ""fludiazepam""], [""Etizolam"", ""increases"", ""neuropsychiatric_effects""], [""Etizolam"", ""decreases"", ""aminophylline""], [""Etizolam"", ""decreases"", ""8-Chlorotheophylline""]]",1.0,1.0,0.9999998211860656,1.0,1.0,0.9994287427184596,0.9994858684466136,0.9995429941747678,0.999600119902922,0.9996572456310758,0.9997143713592298,0.999771497087384,0.999828622815538,0.999885748543692,0.999942874271846,1.0,0.9983649112336652,0.9985802289063878,0,edge_replacement
225,"Inotuzumab ozogamicin increases the activity of the hepatotoxic activities, decreases the efficacy of imlifidase, and affects the ABL proto-oncogene 1. The ABL proto-oncogene 1 is known to cause conditions such as recurrence and neoplasms.",The drug inotuzumab ozogamicin decreases the efficacy of imlifidase and affects the ABL proto-oncogene 1. It also decreases the activity of the hepatotoxic activities. The ABL proto-oncogene 1 is responsible for causing recurrence and neoplasms.,"[[""Inotuzumab_ozogamicin"", ""increases"", ""hepatotoxic_activities""], [""Inotuzumab_ozogamicin"", ""decreases"", ""imlifidase""], [""Inotuzumab_ozogamicin"", ""affects"", ""ABL_proto-oncogene_1""], [""ABL_proto-oncogene_1"", ""causes"", ""recurrence""], [""ABL_proto-oncogene_1"", ""causes"", ""neoplasms""]]","[[""Inotuzumab_ozogamicin"", ""decreases"", ""imlifidase""], [""Inotuzumab_ozogamicin"", ""affects"", ""ABL_proto-oncogene_1""], [""Inotuzumab_ozogamicin"", ""decreases"", ""hepatotoxic_activities""], [""ABL_proto-oncogene_1"", ""causes"", ""recurrence""], [""ABL_proto-oncogene_1"", ""causes"", ""neoplasms""]]",1.0,1.0,0.9999998807907104,1.0,1.0,0.9981034888303172,0.9982931399472854,0.9984827910642536,0.998672442181222,0.9988620932981904,0.9990517444151584,0.9992413955321268,0.9994310466490952,0.9996206977660634,0.9998103488830316,1.0,0.9877956863780112,0.9958644730695778,0,edge_replacement
226,"The potassium cation increases the activity of the diuretic activities, but decreases the efficacy of alfentanil and naloxegol. Metoclopramide decreases the efficacy of dexamethasone, ethylmorphine, and potassium perchlorate. Linaclotide decreases the efficacy of scopolamine, propiomazine, and metocurine. Additionally, normethadone decreases the efficacy of metoclopramide, potassium cation, and linaclotide.","The presence of potassium cation leads to a decrease in the efficacy of alfentanil and naloxegol, and a decrease in the activity of the diuretic activities. Metoclopramide reduces the efficacy of dexamethasone, ethylmorphine, and potassium perchlorate. Additionally, linaclotide decreases the efficacy of scopolamine, propiomazine, and metocurine. Lastly, normethadone decreases the efficacy of metoclopramide, potassium cation, and linaclotide.","[[""potassium_cation"", ""increases"", ""diuretic_activities""], [""potassium_cation"", ""decreases"", ""alfentanil""], [""potassium_cation"", ""decreases"", ""naloxegol""], [""metoclopramide"", ""decreases"", ""dexamethasone""], [""metoclopramide"", ""decreases"", ""ethylmorphine""], [""metoclopramide"", ""decreases"", ""potassium_perchlorate""], [""linaclotide"", ""decreases"", ""scopolamine""], [""linaclotide"", ""decreases"", ""propiomazine""], [""linaclotide"", ""decreases"", ""metocurine""], [""normethadone"", ""decreases"", ""metoclopramide""], [""normethadone"", ""decreases"", ""potassium_cation""], [""normethadone"", ""decreases"", ""linaclotide""]]","[[""potassium_cation"", ""decreases"", ""alfentanil""], [""potassium_cation"", ""decreases"", ""naloxegol""], [""potassium_cation"", ""decreases"", ""diuretic_activities""], [""metoclopramide"", ""reduces"", ""dexamethasone""], [""metoclopramide"", ""reduces"", ""ethylmorphine""], [""metoclopramide"", ""reduces"", ""potassium_perchlorate""], [""linaclotide"", ""decreases"", ""scopolamine""], [""linaclotide"", ""decreases"", ""propiomazine""], [""linaclotide"", ""decreases"", ""metocurine""], [""normethadone"", ""decreases"", ""metoclopramide""], [""normethadone"", ""decreases"", ""potassium_cation""], [""normethadone"", ""decreases"", ""linaclotide""]]",1.0,1.0,0.9999998211860656,1.0,1.0,0.9986287742713498,0.9987658968442148,0.9989030194170798,0.9990401419899448,0.99917726456281,0.9993143871356748,0.99945150970854,0.9995886322814048,0.99972575485427,0.999862877427135,1.0,0.9880362763306756,0.9836466566662438,0,edge_replacement
227,Clopidogrel increases the effect of hypoglycemia. It is a substance that treats coronary disease. Magnesium glycinate increases the efficacy of gallamine triethiodide but decreases the efficacy of desloratadine and dihydrocodeine. Bencyclane decreases the efficacy of clopidogrel but increases the efficacy of ravuconazole and decreases the efficacy of magnesium glycinate.,"The drug clopidogrel increases the effect of hypoglycemia and is a substance that treats coronary disease. Magnesium glycinate increases the efficacy of gallamine triethiodide, but decreases the efficacy of desloratadine and dihydrocodeine. Bencyclane decreases the efficacy of clopidogrel, but increases the efficacy of ravuconazole, and also decreases the efficacy of magnesium glycinate.","[[""Clopidogrel"", ""increases_effect_of"", ""hypoglycemia""], [""Clopidogrel"", ""treats"", ""coronary_disease""], [""Magnesium_glycinate"", ""increases_efficacy_of"", ""gallamine_triethiodide""], [""Magnesium_glycinate"", ""decreases_efficacy_of"", ""desloratadine""], [""Magnesium_glycinate"", ""decreases_efficacy_of"", ""dihydrocodeine""], [""Bencyclane"", ""decreases_efficacy_of"", ""clopidogrel""], [""Bencyclane"", ""increases_efficacy_of"", ""ravuconazole""], [""Bencyclane"", ""decreases_efficacy_of"", ""magnesium_glycinate""]]","[[""Clopidogrel"", ""increases_effect_of"", ""hypoglycemia""], [""Clopidogrel"", ""treats"", ""coronary_disease""], [""Magnesium_glycinate"", ""increases_efficacy_of"", ""gallamine_triethiodide""], [""Magnesium_glycinate"", ""decreases_efficacy_of"", ""desloratadine""], [""Magnesium_glycinate"", ""decreases_efficacy_of"", ""dihydrocodeine""], [""Bencyclane"", ""decreases_efficacy_of"", ""clopidogrel""], [""Bencyclane"", ""increases_efficacy_of"", ""ravuconazole""], [""Bencyclane"", ""decreases_efficacy_of"", ""magnesium_glycinate""]]",1.0,1.0,1.0,1.0,1.0,1.0,1.0,1.0,1.0,1.0,1.0,1.0,1.0,1.0,1.0,1.0,1.0,0.9999999889984678,1,edge_replacement
228,Paricalcitol increases the activity of the hypercalcemic activities. Hydrocortisone succinate has an effect on hyperglycemia. Hydrocortisone succinate decreases the efficacy of both donepezil and paricalcitol.,The drug Paricalcitol decreases the activity of the hypercalcemic activities. Hydrocortisone succinate has an effect on hyperglycemia. It also decreases the efficacy of donepezil and Paricalcitol.,"[[""Paricalcitol"", ""increases"", ""hypercalcemic_activities""], [""Hydrocortisone_succinate"", ""has_effect_on"", ""hyperglycemia""], [""Hydrocortisone_succinate"", ""decreases_efficacy_of"", ""donepezil""], [""Hydrocortisone_succinate"", ""decreases_efficacy_of"", ""Paricalcitol""]]","[[""Paricalcitol"", ""decreases"", ""hypercalcemic_activities""], [""Hydrocortisone_succinate"", ""has_effect_on"", ""hyperglycemia""], [""Hydrocortisone_succinate"", ""decreases_efficacy_of"", ""donepezil""], [""Hydrocortisone_succinate"", ""decreases_efficacy_of"", ""Paricalcitol""]]",1.0,0.9999998807907104,0.9999998807907104,1.0,1.0,0.9940103494986184,0.9946093145487566,0.9952082795988948,0.9958072446490328,0.996406209699171,0.9970051747493092,0.9976041397994474,0.9982031048495856,0.9988020698997238,0.999401034949862,1.0,0.9722915767501444,0.9951929056122316,0,edge_replacement
229,"Peginterferon alfa-2a decreases the activity of the cardiotoxic activities, reduces the efficacy of the rotavirus vaccine, and affects apolipoprotein H. Hydrocortisone succinate decreases the efficacy of hyaluronidase (ovine). Hepatitis A vaccine diminishes the efficacy of peginterferon alfa-2a, ponesimod, and hydrocortisone succinate.","The drug Peginterferon alfa-2a decreases the activity of cardiotoxic activities, decreases the efficacy of the rotavirus vaccine, and affects the apolipoprotein H. Additionally, hydrocortisone succinate decreases the efficacy of hyaluronidase (ovine). The hepatitis A vaccine reduces the efficacy of Peginterferon alfa-2a, ponesimod, and hydrocortisone succinate.","[[""Peginterferon_alfa-2a"", ""decreases_activity_of"", ""cardiotoxic_activities""], [""Peginterferon_alfa-2a"", ""reduces_efficacy_of"", ""rotavirus_vaccine""], [""Peginterferon_alfa-2a"", ""affects"", ""apolipoprotein_H""], [""Hydrocortisone_succinate"", ""decreases_efficacy_of"", ""hyaluronidase_(ovine)""], [""Hepatitis_A_vaccine"", ""diminishes_efficacy_of"", ""Peginterferon_alfa-2a""], [""Hepatitis_A_vaccine"", ""diminishes_efficacy_of"", ""ponesimod""], [""Hepatitis_A_vaccine"", ""diminishes_efficacy_of"", ""hydrocortisone_succinate""]]","[[""Peginterferon_alfa-2a"", ""decreases_activity_of"", ""cardiotoxic_activities""], [""Peginterferon_alfa-2a"", ""decreases_efficacy_of"", ""rotavirus_vaccine""], [""Peginterferon_alfa-2a"", ""affects"", ""apolipoprotein_H""], [""Hydrocortisone_succinate"", ""decreases_efficacy_of"", ""hyaluronidase_(ovine)""], [""Hepatitis_A_vaccine"", ""reduces_efficacy_of"", ""Peginterferon_alfa-2a""], [""Hepatitis_A_vaccine"", ""reduces_efficacy_of"", ""ponesimod""], [""Hepatitis_A_vaccine"", ""reduces_efficacy_of"", ""hydrocortisone_succinate""]]",1.0,1.0,1.0,1.0,1.0,0.9887507815031018,0.9898757033527916,0.9910006252024814,0.9921255470521712,0.9932504689018612,0.9943753907515508,0.9955003126012408,0.9966252344509304,0.9977501563006204,0.9988750781503102,1.0,0.9876383771639776,0.9772916615510624,1,edge_replacement
230,"Insulin lispro increases the activity of the hypoglycemic activities. Additionally, insulin lispro decreases the efficacy of both promethazine and somatrogon. Somatrogon, in turn, decreases the efficacy of canagliflozin.","Insulin lispro decreases the efficacy of promethazine and somatrogon, as well as the activity of the hypoglycemic activities. Somatrogon also decreases the efficacy of canagliflozin.","[[""Insulin_lispro"", ""increases"", ""hypoglycemic_activities""], [""Insulin_lispro"", ""decreases"", ""promethazine""], [""Insulin_lispro"", ""decreases"", ""somatrogon""], [""Somatrogon"", ""decreases"", ""canagliflozin""]]","[[""Insulin_lispro"", ""decreases"", ""promethazine""], [""Insulin_lispro"", ""decreases"", ""somatrogon""], [""Insulin_lispro"", ""decreases"", ""hypoglycemic_activities""], [""Somatrogon"", ""decreases"", ""canagliflozin""]]",1.0,1.0,0.9999999403953552,1.0,1.0,0.9946323753671064,0.9951691378303958,0.9957059002936852,0.9962426627569744,0.996779425220264,0.9973161876835532,0.9978529501468426,0.998389712610132,0.9989264750734212,0.9994632375367106,1.0,0.9802284051124048,0.99302161250471,0,edge_replacement
231,"The drug donepezil decreases the efficacy of pipecuronium, aclidinium, and methylprednisolone aceponate. Additionally, sodium tartrate decreases the efficacy of tolterodine, amobarbital, and darodipine. Furthermore, tropicamide decreases the efficacy of donepezil, lactitol, and sodium tartrate.","The drug donepezil decreases the efficacy of multiple medications including pipecuronium, aclidinium, and methylprednisolone aceponate. Similarly, sodium tartrate reduces the effectiveness of tolterodine, amobarbital, and darodipine. Additionally, tropicamide decreases the efficacy of donepezil, lactitol, and sodium tartrate.","[[""donepezil"", ""decreases_efficacy_of"", ""pipecuronium""], [""donepezil"", ""decreases_efficacy_of"", ""aclidinium""], [""donepezil"", ""decreases_efficacy_of"", ""methylprednisolone_aceponate""], [""sodium_tartrate"", ""decreases_efficacy_of"", ""tolterodine""], [""sodium_tartrate"", ""decreases_efficacy_of"", ""amobarbital""], [""sodium_tartrate"", ""decreases_efficacy_of"", ""darodipine""], [""tropicamide"", ""decreases_efficacy_of"", ""donepezil""], [""tropicamide"", ""decreases_efficacy_of"", ""lactitol""], [""tropicamide"", ""decreases_efficacy_of"", ""sodium_tartrate""]]","[[""donepezil"", ""decreases_efficacy_of"", ""pipecuronium""], [""donepezil"", ""decreases_efficacy_of"", ""aclidinium""], [""donepezil"", ""decreases_efficacy_of"", ""methylprednisolone_aceponate""], [""sodium_tartrate"", ""reduces_effectiveness_of"", ""tolterodine""], [""sodium_tartrate"", ""reduces_effectiveness_of"", ""amobarbital""], [""sodium_tartrate"", ""reduces_effectiveness_of"", ""darodipine""], [""tropicamide"", ""decreases_efficacy_of"", ""donepezil""], [""tropicamide"", ""decreases_efficacy_of"", ""lactitol""], [""tropicamide"", ""decreases_efficacy_of"", ""sodium_tartrate""]]",1.0,0.9999998211860656,0.9999998807907104,1.0,1.0,0.997952941348578,0.9981576472137202,0.9983623530788626,0.9985670589440044,0.9987717648091468,0.998976470674289,0.9991811765394312,0.9993858824045734,0.9995905882697156,0.9997952941348578,1.0,0.991025855005862,0.9835251945966288,1,edge_deletion
232,"When calcium cation is present, it decreases the efficacy of various substances such as thyroid, barnidipine, and antithrombin alfa. Carboxymethylcellulose also decreases the efficacy of isradipine, buclizine, and vecuronium. Additionally, azelnidipine contributes to the decrease in efficacy of carboxymethylcellulose, castor oil, and calcium cation.","Calcium cation decreases efficacy in various substances such as thyroid, barnidipine, and antithrombin alfa. Carboxymethylcellulose also decreases efficacy in medications like isradipine, buclizine, and vecuronium. Additionally, azelnidipine decreases efficacy of substances including carboxymethylcellulose, castor oil, and calcium cation.","[[""calcium_cation"", ""decreases_efficacy_of"", ""thyroid""], [""calcium_cation"", ""decreases_efficacy_of"", ""barnidipine""], [""calcium_cation"", ""decreases_efficacy_of"", ""antithrombin_alfa""], [""carboxymethylcellulose"", ""decreases_efficacy_of"", ""isradipine""], [""carboxymethylcellulose"", ""decreases_efficacy_of"", ""buclizine""], [""carboxymethylcellulose"", ""decreases_efficacy_of"", ""vecuronium""], [""azelnidipine"", ""contributes_to_decrease_in_efficacy_of"", ""carboxymethylcellulose""], [""azelnidipine"", ""contributes_to_decrease_in_efficacy_of"", ""castor_oil""], [""azelnidipine"", ""contributes_to_decrease_in_efficacy_of"", ""calcium_cation""]]","[[""calcium_cation"", ""decreases_efficacy_in"", ""thyroid""], [""calcium_cation"", ""decreases_efficacy_in"", ""barnidipine""], [""calcium_cation"", ""decreases_efficacy_in"", ""antithrombin_alfa""], [""carboxymethylcellulose"", ""decreases_efficacy_in"", ""isradipine""], [""carboxymethylcellulose"", ""decreases_efficacy_in"", ""buclizine""], [""carboxymethylcellulose"", ""decreases_efficacy_in"", ""vecuronium""], [""azelnidipine"", ""decreases_efficacy_of"", ""carboxymethylcellulose""], [""azelnidipine"", ""decreases_efficacy_of"", ""castor_oil""], [""azelnidipine"", ""decreases_efficacy_of"", ""calcium_cation""]]",1.0,1.0,1.0,1.0,1.0,0.9934024758280912,0.994062228245282,0.994721980662473,0.9953817330796636,0.9960414854968548,0.9967012379140456,0.9973609903312364,0.9980207427484272,0.9986804951656184,0.9993402475828091,1.0,0.9876391636940952,0.984857983448138,1,node_replacement
233,"Cephalexin has side effects such as gastrointestinal disorder and hepatitis. Catridecacog decreases the efficacy of bivalirudin, argatroban, and fondaparinux. Saruplase decreases the efficacy of cephalexin, latamoxef, and catridecacog. Cefdinir decreases the efficacy of tenecteplase and saruplase, and has a side effect of anaphylactic shock. Tenecteplase increases the efficacy of levocarnitine, but decreases the efficacy of cefapirin and cefamandole.","Cephalexin has side effects including gastrointestinal disorder and hepatitis. Catridecacog decreases the efficacy of bivalirudin, argatroban, and fondaparinux. Saruplase decreases the efficacy of latamoxef. Cefdinir has a side effect of anaphylactic shock. Tenecteplase increases the efficacy of levocarnitine and decreases the efficacy of cefapirin and cefamandole.","[[""Cephalexin"", ""has_side_effect"", ""gastrointestinal_disorder""], [""Cephalexin"", ""has_side_effect"", ""hepatitis""], [""Catridecacog"", ""decreases_efficacy_of"", ""bivalirudin""], [""Catridecacog"", ""decreases_efficacy_of"", ""argatroban""], [""Catridecacog"", ""decreases_efficacy_of"", ""fondaparinux""], [""Saruplase"", ""decreases_efficacy_of"", ""cephalexin""], [""Saruplase"", ""decreases_efficacy_of"", ""latamoxef""], [""Saruplase"", ""decreases_efficacy_of"", ""catridecacog""], [""Cefdinir"", ""decreases_efficacy_of"", ""tenecteplase""], [""Cefdinir"", ""decreases_efficacy_of"", ""saruplase""], [""Cefdinir"", ""has_side_effect"", ""anaphylactic_shock""], [""Tenecteplase"", ""increases_efficacy_of"", ""levocarnitine""], [""Tenecteplase"", ""decreases_efficacy_of"", ""cefapirin""], [""Tenecteplase"", ""decreases_efficacy_of"", ""cefamandole""]]","[[""Cephalexin"", ""has_side_effect"", ""gastrointestinal_disorder""], [""Cephalexin"", ""has_side_effect"", ""hepatitis""], [""Catridecacog"", ""decreases_efficacy_of"", ""bivalirudin""], [""Catridecacog"", ""decreases_efficacy_of"", ""argatroban""], [""Catridecacog"", ""decreases_efficacy_of"", ""fondaparinux""], [""Saruplase"", ""decreases_efficacy_of"", ""latamoxef""], [""Cefdinir"", ""has_side_effect"", ""anaphylactic_shock""], [""Tenecteplase"", ""increases_efficacy_of"", ""levocarnitine""], [""Tenecteplase"", ""decreases_efficacy_of"", ""cefapirin""], [""Tenecteplase"", ""decreases_efficacy_of"", ""cefamandole""]]",0.7023809523809523,0.7045133709907532,0.9278157949447632,0.7777777777777778,0.7777777777777778,0.9801818513066308,0.9599414439537456,0.93970103660086,0.9194606292479748,0.8992202218950895,0.8789798145422043,0.858739407189319,0.8384989998364336,0.8182585924835484,0.7980181851306631,0.7777777777777778,0.9818820190055988,0.9804984297217326,0,edge_deletion
234,"The drug cholecalciferol increases the risk of hypokalemia and decreases the efficacy of prednisone acetate. Isoflurophate decreases the efficacy of benactyzine, prednisolone acetate, and fluocortolone pivalate. Hydrocortisone acetate has an effect on tendinopathy and reduces the efficacy of cholecalciferol and isoflurophate.","Cholecalciferol decreases the efficacy of prednisone acetate and the effect of hypokalemia. Isoflurophate decreases the efficacy of benactyzine, prednisolone acetate, and fluocortolone pivalate. Hydrocortisone acetate has an effect on tendinopathy and decreases the efficacy of both cholecalciferol and isoflurophate.","[[""cholecalciferol"", ""increases_risk_of"", ""hypokalemia""], [""cholecalciferol"", ""decreases_efficacy_of"", ""prednisone_acetate""], [""isoflurophate"", ""decreases_efficacy_of"", ""benactyzine""], [""isoflurophate"", ""decreases_efficacy_of"", ""prednisolone_acetate""], [""isoflurophate"", ""decreases_efficacy_of"", ""fluocortolone_pivalate""], [""hydrocortisone_acetate"", ""has_effect_on"", ""tendinopathy""], [""hydrocortisone_acetate"", ""reduces_efficacy_of"", ""cholecalciferol""], [""hydrocortisone_acetate"", ""reduces_efficacy_of"", ""isoflurophate""]]","[[""cholecalciferol"", ""decreases_efficacy_of"", ""prednisone_acetate""], [""cholecalciferol"", ""decreases_effect_of"", ""hypokalemia""], [""isoflurophate"", ""decreases_efficacy_of"", ""benactyzine""], [""isoflurophate"", ""decreases_efficacy_of"", ""prednisolone_acetate""], [""isoflurophate"", ""decreases_efficacy_of"", ""fluocortolone_pivalate""], [""hydrocortisone_acetate"", ""has_effect_on"", ""tendinopathy""], [""hydrocortisone_acetate"", ""decreases_efficacy_of"", ""cholecalciferol""], [""hydrocortisone_acetate"", ""decreases_efficacy_of"", ""isoflurophate""]]",1.0,1.0,1.0,1.0,1.0,0.9965205199229844,0.996868467930686,0.9972164159383876,0.9975643639460888,0.9979123119537906,0.9982602599614924,0.9986082079691938,0.9989561559768954,0.9993041039845968,0.9996520519922985,1.0,0.9828020763225152,0.9879962678036024,0,edge_replacement
235,"Telaprevir increases the adverse effects. Telaprevir is affecting both apolipoprotein H and inosine triphosphatase. Microscopic polyangiitis presents phenotypes of both peripheral neuropathy and gangrene. Inosine triphosphatase causes conditions such as microscopic polyangiitis, drug toxicity, and hepatitis C.","Telaprevir increases the adverse effects. Telaprevir is affecting apolipoprotein H and inosine triphosphatase. Microscopic polyangiitis presents phenotypes of peripheral neuropathy and gangrene. Inosine triphosphatase is known to cause conditions such as microscopic polyangiitis, drug toxicity, and hepatitis C.","[[""Telaprevir"", ""increases"", ""adverse_effects""], [""Telaprevir"", ""affects"", ""apolipoprotein_H""], [""Telaprevir"", ""affects"", ""inosine_triphosphatase""], [""Microscopic_polyangiitis"", ""presents_phenotype"", ""peripheral_neuropathy""], [""Microscopic_polyangiitis"", ""presents_phenotype"", ""gangrene""], [""Inosine_triphosphatase"", ""causes"", ""microscopic_polyangiitis""], [""Inosine_triphosphatase"", ""causes"", ""drug_toxicity""], [""Inosine_triphosphatase"", ""causes"", ""hepatitis_C""]]","[[""Telaprevir"", ""increases"", ""adverse_effects""], [""Telaprevir"", ""affects"", ""apolipoprotein_H""], [""Telaprevir"", ""affects"", ""inosine_triphosphatase""], [""Microscopic_polyangiitis"", ""presents_phenotype"", ""peripheral_neuropathy""], [""Microscopic_polyangiitis"", ""presents_phenotype"", ""gangrene""], [""Inosine_triphosphatase"", ""causes"", ""microscopic_polyangiitis""], [""Inosine_triphosphatase"", ""causes"", ""drug_toxicity""], [""Inosine_triphosphatase"", ""causes"", ""hepatitis_C""]]",1.0,0.9999999403953552,1.0,1.0,1.0,0.9999999981542144,0.999999998338793,0.9999999985233716,0.99999999870795,0.9999999988925288,0.9999999990771072,0.9999999992616858,0.9999999994462644,0.9999999996308429,0.9999999998154214,1.0,0.9999999965230624,0.9999999866796964,1,edge_replacement
236,"The drug mefruside decreases the efficacy of dihydromorphine but increases the efficacy of albiglutide and dulaglutide. Buformin decreases the efficacy of hydrochlorothiazide and mestranol but increases the efficacy of mefruside. Hydrochlorothiazide decreases the efficacy of aceclofenac and benfluorex and affects cell division cycle associated 3. Mestranol decreases the efficacy of troglitazone, mitiglinide, and thyroid. Troglitazone decreases the efficacy of levothyroxine but increases the efficacy of levofloxacin and simeprevir.","The drug mefruside decreases the efficacy of dihydromorphine, but increases the efficacy of albiglutide and dulaglutide. Buformin decreases the efficacy of hydrochlorothiazide and mestranol, but increases the efficacy of mefruside. Hydrochlorothiazide decreases the efficacy of aceclofenac and benfluorex, and affects cell division cycle associated 3. Mestranol decreases the efficacy of troglitazone, mitiglinide, and thyroid. Troglitazone decreases the efficacy of levothyroxine, but increases the efficacy of levofloxacin and simeprevir.","[[""mefruside"", ""decreases_efficacy_of"", ""dihydromorphine""], [""mefruside"", ""increases_efficacy_of"", ""albiglutide""], [""mefruside"", ""increases_efficacy_of"", ""dulaglutide""], [""buformin"", ""decreases_efficacy_of"", ""hydrochlorothiazide""], [""buformin"", ""decreases_efficacy_of"", ""mestranol""], [""buformin"", ""increases_efficacy_of"", ""mefruside""], [""hydrochlorothiazide"", ""decreases_efficacy_of"", ""aceclofenac""], [""hydrochlorothiazide"", ""decreases_efficacy_of"", ""benfluorex""], [""hydrochlorothiazide"", ""affects"", ""cell_division_cycle_associated_3""], [""mestranol"", ""decreases_efficacy_of"", ""troglitazone""], [""mestranol"", ""decreases_efficacy_of"", ""mitiglinide""], [""mestranol"", ""decreases_efficacy_of"", ""thyroid""], [""troglitazone"", ""decreases_efficacy_of"", ""levothyroxine""], [""troglitazone"", ""increases_efficacy_of"", ""levofloxacin""], [""troglitazone"", ""increases_efficacy_of"", ""simeprevir""]]","[[""mefruside"", ""decreases_efficacy_of"", ""dihydromorphine""], [""mefruside"", ""increases_efficacy_of"", ""albiglutide""], [""mefruside"", ""increases_efficacy_of"", ""dulaglutide""], [""buformin"", ""decreases_efficacy_of"", ""hydrochlorothiazide""], [""buformin"", ""decreases_efficacy_of"", ""mestranol""], [""buformin"", ""increases_efficacy_of"", ""mefruside""], [""hydrochlorothiazide"", ""decreases_efficacy_of"", ""aceclofenac""], [""hydrochlorothiazide"", ""decreases_efficacy_of"", ""benfluorex""], [""hydrochlorothiazide"", ""affects"", ""cell_division_cycle_associated_3""], [""mestranol"", ""decreases_efficacy_of"", ""troglitazone""], [""mestranol"", ""decreases_efficacy_of"", ""mitiglinide""], [""mestranol"", ""decreases_efficacy_of"", ""thyroid""], [""troglitazone"", ""decreases_efficacy_of"", ""levothyroxine""], [""troglitazone"", ""increases_efficacy_of"", ""levofloxacin""], [""troglitazone"", ""increases_efficacy_of"", ""simeprevir""]]",1.0,0.9999998807907104,0.9999999403953552,1.0,1.0,0.999999905855767,0.9999999152701904,0.9999999246846136,0.9999999340990368,0.9999999435134602,0.9999999529278836,0.9999999623423068,0.99999997175673,0.9999999811711534,0.9999999905855768,1.0,1.0,0.9999999883309502,1,node_removal
237,"Xylazine increases the activity of the hypertensive activities and decreases the efficacy of levobetaxolol and talinolol. Levobetaxolol, in turn, increases the efficacy of sulfadiazine, sulfamethoxazole, and netoglitazone.","Xylazine increases the activity of the hypertensive activities. Xylazine decreases the efficacy of levobetaxolol, as well as talinolol. Levobetaxolol, in turn, increases the efficacy of sulfadiazine, sulfamethoxazole, and netoglitazone.","[[""Xylazine"", ""increases"", ""hypertensive_activities""], [""Xylazine"", ""decreases"", ""levobetaxolol""], [""Xylazine"", ""decreases"", ""talinolol""], [""Levobetaxolol"", ""increases"", ""sulfadiazine""], [""Levobetaxolol"", ""increases"", ""sulfamethoxazole""], [""Levobetaxolol"", ""increases"", ""netoglitazone""]]","[[""Xylazine"", ""increases"", ""hypertensive_activities""], [""Xylazine"", ""decreases"", ""levobetaxolol""], [""Xylazine"", ""decreases"", ""talinolol""], [""Levobetaxolol"", ""increases"", ""sulfadiazine""], [""Levobetaxolol"", ""increases"", ""sulfamethoxazole""], [""Levobetaxolol"", ""increases"", ""netoglitazone""]]",1.0,1.0,1.0,1.0,1.0,1.0,1.0,1.0,1.0,1.0,1.0,1.0,1.0,1.0,1.0,1.0,0.9999999977293468,0.999999989416112,1,edge_replacement
238,"
Theobromine increases the activity of the nephrotoxic activities. The drug theobromine decreases the efficacy of both naltrexone and fludiazepam. Aminophylline decreases the efficacy of temazepam and has side effects such as dizziness and hypersensitivity. Additionally, 1,2-benzodiazepine decreases the efficacy of aminophylline, theobromine, and peldesine.","The compound theobromine increases the activity of the nephrotoxic activities and decreases the efficacy of both naltrexone and fludiazepam. Aminophylline decreases the efficacy of temazepam and has side effects such as dizziness and hypersensitivity. 1,2-benzodiazepine decreases the efficacy of aminophylline, theobromine, and peldesine.","[[""Theobromine"", ""increases"", ""nephrotoxic_activities""], [""Theobromine"", ""decreases"", ""naltrexone""], [""Theobromine"", ""decreases"", ""fludiazepam""], [""Aminophylline"", ""decreases"", ""temazepam""], [""Aminophylline"", ""has_side_effect"", ""dizziness""], [""Aminophylline"", ""has_side_effect"", ""hypersensitivity""], [""1,2-benzodiazepine"", ""decreases"", ""aminophylline""], [""1,2-benzodiazepine"", ""decreases"", ""theobromine""], [""1,2-benzodiazepine"", ""decreases"", ""peldesine""]]","[[""Theobromine"", ""increases"", ""nephrotoxic_activities""], [""Theobromine"", ""decreases"", ""naltrexone""], [""Theobromine"", ""decreases"", ""fludiazepam""], [""Aminophylline"", ""decreases"", ""temazepam""], [""Aminophylline"", ""has_side_effect"", ""dizziness""], [""Aminophylline"", ""has_side_effect"", ""hypersensitivity""], [""1,2-benzodiazepine"", ""decreases"", ""aminophylline""], [""1,2-benzodiazepine"", ""decreases"", ""theobromine""], [""1,2-benzodiazepine"", ""decreases"", ""peldesine""]]",1.0,1.0,0.9999998807907104,1.0,1.0,0.9999999984911128,0.9999999986420014,0.9999999987928904,0.9999999989437788,0.9999999990946676,0.9999999992455564,0.999999999396445,0.999999999547334,0.9999999996982224,0.9999999998491113,1.0,1.0,0.9999999883895108,1,edge_replacement
239,"The drug oxycodone increases efficacy in the presence of magnesium sulfate, but decreases efficacy when combined with dantron. Oxycodone is a substance that treats vomiting. Lidoflazine decreases efficacy when combined with sorbitol, dehydrocholic acid, or sodium ascorbate. Alphacetylmethadol decreases efficacy when used with bisoxatin, docusate, or axelopran. Sodium ascorbate decreases efficacy when used with oxitropium and affects glucose-6-phosphate dehydrogenase. Sorbitol decreases efficacy when combined with lercanidipine or camylofin, and targets dna-(apurinic or apyrimidinic site) lyase. Dehydrocholic acid decreases efficacy when combined with clozapine, oxycodone, or alphacetylmethadol.","Oxycodone increases the efficacy of magnesium sulfate but decreases the efficacy of dantron. It is a substance that treats vomiting. 

Lidoflazine decreases the efficacy of sorbitol, dehydrocholic acid, and sodium ascorbate.

Alphacetylmethadol decreases the efficacy of bisoxatin, docusate, and axelopran.

Sodium ascorbate decreases the efficacy of oxitropium and affects glucose-6-phosphate dehydrogenase.

Sorbitol decreases the efficacy of lercanidipine and camylofin, and it targets DNA-(apurinic or apyrimidinic site) lyase.

Dehydrocholic acid decreases the efficacy of clozapine, oxycodone, and alphacetylmethadol.","[[""oxycodone"", ""increases_efficacy_with"", ""magnesium_sulfate""], [""oxycodone"", ""decreases_efficacy_with"", ""dantron""], [""oxycodone"", ""treats"", ""vomiting""], [""lidoflazine"", ""decreases_efficacy_with"", ""sorbitol""], [""lidoflazine"", ""decreases_efficacy_with"", ""dehydrocholic_acid""], [""lidoflazine"", ""decreases_efficacy_with"", ""sodium_ascorbate""], [""alphacetylmethadol"", ""decreases_efficacy_with"", ""bisoxatin""], [""alphacetylmethadol"", ""decreases_efficacy_with"", ""docusate""], [""alphacetylmethadol"", ""decreases_efficacy_with"", ""axelopran""], [""sodium_ascorbate"", ""decreases_efficacy_with"", ""oxitropium""], [""sodium_ascorbate"", ""affects"", ""glucose-6-phosphate_dehydrogenase""], [""sorbitol"", ""decreases_efficacy_with"", ""lercanidipine""], [""sorbitol"", ""decreases_efficacy_with"", ""camylofin""], [""sorbitol"", ""targets"", ""dna-(apurinic_or_apyrimidinic_site)_lyase""], [""dehydrocholic_acid"", ""decreases_efficacy_with"", ""clozapine""], [""dehydrocholic_acid"", ""decreases_efficacy_with"", ""oxycodone""], [""dehydrocholic_acid"", ""decreases_efficacy_with"", ""alphacetylmethadol""]]","[[""oxycodone"", ""increases_efficacy_of"", ""magnesium_sulfate""], [""oxycodone"", ""decreases_efficacy_of"", ""dantron""], [""oxycodone"", ""treats"", ""vomiting""], [""lidoflazine"", ""decreases_efficacy_of"", ""sorbitol""], [""lidoflazine"", ""decreases_efficacy_of"", ""dehydrocholic_acid""], [""lidoflazine"", ""decreases_efficacy_of"", ""sodium_ascorbate""], [""alphacetylmethadol"", ""decreases_efficacy_of"", ""bisoxatin""], [""alphacetylmethadol"", ""decreases_efficacy_of"", ""docusate""], [""alphacetylmethadol"", ""decreases_efficacy_of"", ""axelopran""], [""sodium_ascorbate"", ""decreases_efficacy_of"", ""oxitropium""], [""sodium_ascorbate"", ""affects"", ""glucose-6-phosphate_dehydrogenase""], [""sorbitol"", ""decreases_efficacy_of"", ""lercanidipine""], [""sorbitol"", ""decreases_efficacy_of"", ""camylofin""], [""sorbitol"", ""targets"", ""DNA-(apurinic_or_apyrimidinic_site)_lyase""], [""dehydrocholic_acid"", ""decreases_efficacy_of"", ""clozapine""], [""dehydrocholic_acid"", ""decreases_efficacy_of"", ""oxycodone""], [""dehydrocholic_acid"", ""decreases_efficacy_of"", ""alphacetylmethadol""]]",1.0,1.0,1.0,1.0,1.0,0.9870515606219412,0.9883464045597472,0.9896412484975532,0.990936092435359,0.9922309363731648,0.9935257803109708,0.9948206242487764,0.9961154681865824,0.9974103121243882,0.998705156062194,1.0,0.9834265765207088,0.9945954177387114,1,edge_deletion
240,"Benorilate is known to decrease the efficacy of diazoxide, nicorandil, and latanoprostene bunod. 
Hydrochlorothiazide can increase the efficacy of ramiprilat while decreasing the efficacy of tirzepatide. 
Additionally, hydrochlorothiazide targets solute carrier family 22 member 1. 
Guanoclor can both increase the efficacy of hydrochlorothiazide and decrease the efficacy of magnesium salicylate and benorilate.","The drug benorilate decreases the efficacy of diazoxide, nicorandil, and latanoprostene bunod. Hydrochlorothiazide increases the efficacy of ramiprilat and has a target in solute carrier family 22 member 1, but decreases the efficacy of tirzepatide. Guanoclor increases the efficacy of hydrochlorothiazide, but decreases the efficacy of magnesium salicylate and benorilate.","[[""Benorilate"", ""decreases_efficacy_of"", ""Diazoxide""], [""Benorilate"", ""decreases_efficacy_of"", ""Nicorandil""], [""Benorilate"", ""decreases_efficacy_of"", ""Latanoprostene_Bunod""], [""Hydrochlorothiazide"", ""increases_efficacy_of"", ""Ramiprilat""], [""Hydrochlorothiazide"", ""decreases_efficacy_of"", ""Tirzepatide""], [""Hydrochlorothiazide"", ""targets"", ""Solute_Carrier_Family_22_Member_1""], [""Guanoclor"", ""increases_efficacy_of"", ""Hydrochlorothiazide""], [""Guanoclor"", ""decreases_efficacy_of"", ""Magnesium_Salicylate""], [""Guanoclor"", ""decreases_efficacy_of"", ""Benorilate""]]","[[""Benorilate"", ""decreases_efficacy_of"", ""Diazoxide""], [""Benorilate"", ""decreases_efficacy_of"", ""Nicorandil""], [""Benorilate"", ""decreases_efficacy_of"", ""Latanoprostene_Bunod""], [""Hydrochlorothiazide"", ""increases_efficacy_of"", ""Ramiprilat""], [""Hydrochlorothiazide"", ""decreases_efficacy_of"", ""Tirzepatide""], [""Hydrochlorothiazide"", ""targets"", ""Solute_Carrier_Family_22_Member_1""], [""Guanoclor"", ""increases_efficacy_of"", ""Hydrochlorothiazide""], [""Guanoclor"", ""decreases_efficacy_of"", ""Magnesium_Salicylate""], [""Guanoclor"", ""decreases_efficacy_of"", ""Benorilate""]]",1.0,1.0,0.9999999403953552,1.0,1.0,0.9999999981535496,0.9999999983381944,0.9999999985228396,0.9999999987074846,0.9999999988921296,0.9999999990767748,0.9999999992614198,0.9999999994460648,0.9999999996307098,0.9999999998153548,1.0,0.9999999893373912,0.9999999885140304,1,edge_deletion
241,"Bisoprolol increases the activity of the hypoglycemic activities and enhances the efficacy of gliclazide and balaglitazone. On the other hand, solabegron decreases the efficacy of atenolol, bisoprolol, and dexpropranolol.","Bisoprolol increases the efficacy of both gliclazide and balaglitazone drugs while also decreasing the activity of the hypoglycemic activities. Additionally, solabegron decreases the efficacy of atenolol, bisoprolol, and dexpropranolol.","[[""Bisoprolol"", ""increases"", ""hypoglycemic_activities""], [""Bisoprolol"", ""enhances"", ""gliclazide""], [""Bisoprolol"", ""enhances"", ""balaglitazone""], [""Solabegron"", ""decreases"", ""atenolol""], [""Solabegron"", ""decreases"", ""bisoprolol""], [""Solabegron"", ""decreases"", ""dexpropranolol""]]","[[""Bisoprolol"", ""increases"", ""gliclazide""], [""Bisoprolol"", ""increases"", ""balaglitazone""], [""Bisoprolol"", ""decreases"", ""hypoglycemic_activities""], [""Solabegron"", ""decreases"", ""atenolol""], [""Solabegron"", ""decreases"", ""bisoprolol""], [""Solabegron"", ""decreases"", ""dexpropranolol""]]",1.0,0.9999999403953552,0.9999998807907104,1.0,1.0,0.9912908052557338,0.9921617247301604,0.9930326442045871,0.9939035636790136,0.9947744831534404,0.9956454026278668,0.9965163221022936,0.9973872415767202,0.9982581610511468,0.9991290805255734,1.0,0.9688712507529224,0.9570779004298534,0,edge_replacement
242,"The drug chlorprothixene increases the effect of urinary retention, but decreases the efficacy of phenolphthalein and metrifonate. On the other hand, epicriptine decreases the efficacy of mesoridazine, chlorprothixene, and aceprometazine. Mesoridazine has adverse effects and decreases the efficacy of chlorpropamide and insulin beef.","Chlorprothixene decreases the efficacy of phenolphthalein, metrifonate, and leads to a reduction in the effectiveness of urinary retention. Epicriptine reduces the efficacy of mesoridazine, chlorprothixene, and aceprometazine. Mesoridazine has adverse effects and reduces the efficacy of chlorpropamide and insulin beef.","[[""chlorprothixene"", ""increases"", ""urinary_retention""], [""chlorprothixene"", ""decreases"", ""phenolphthalein""], [""chlorprothixene"", ""decreases"", ""metrifonate""], [""epicriptine"", ""decreases"", ""mesoridazine""], [""epicriptine"", ""decreases"", ""chlorprothixene""], [""epicriptine"", ""decreases"", ""aceprometazine""], [""mesoridazine"", ""has_adverse_effects"", ""adverse_effects""], [""mesoridazine"", ""decreases"", ""chlorpropamide""], [""mesoridazine"", ""decreases"", ""insulin_beef""]]","[[""chlorprothixene"", ""decreases"", ""phenolphthalein""], [""chlorprothixene"", ""decreases"", ""metrifonate""], [""chlorprothixene"", ""reduces_effectiveness_of"", ""urinary_retention""], [""epicriptine"", ""reduces"", ""mesoridazine""], [""epicriptine"", ""reduces"", ""chlorprothixene""], [""epicriptine"", ""reduces"", ""aceprometazine""], [""mesoridazine"", ""has_adverse_effects"", ""adverse_effects""], [""mesoridazine"", ""reduces"", ""chlorpropamide""], [""mesoridazine"", ""reduces"", ""insulin_beef""]]",1.0,0.9999998807907104,1.0,1.0,1.0,0.9938764397843944,0.9944887958059552,0.9951011518275156,0.9957135078490762,0.9963258638706368,0.9969382198921972,0.9975505759137578,0.9981629319353184,0.998775287956879,0.9993876439784396,1.0,0.9730417249900024,0.9248442011869028,0,edge_replacement
243,"The drug levonordefrin decreases the efficacy of timolol while increasing the efficacy of tyramine and pyrrobutamine. Timolol, on the other hand, increases the efficacy of nateglinide, pentamidine, and sotagliflozin. Pyrrobutamine boosts the efficacy of protokylol. Additionally, hydroxyethylpromethazine increases the efficacy of epinephrine, droxidopa, and even levonordefrin. However, epinephrine decreases the efficacy of profenamine while increasing the efficacy of procaterol and mepyramine. Droxidopa enhances the efficacy of nylidrin and oxatomide, but decreases the efficacy of iobenguane.","The drug Levonordefrin can both decrease the efficacy of Timolol and increase the efficacy of Tyramine and Pyrrobutamine. Timolol, in turn, increases the efficacy of Nateglinide, Pentamidine, and Sotagliflozin. Pyrrobutamine increases the efficacy of Protokylol. Hydroxyethylpromethazine increases the efficacy of Epinephrine, Droxidopa, and Levonordefrin. Epinephrine increases the efficacy of Procaterol and Mepyramine, but decreases the efficacy of Profenamine. Droxidopa increases the efficacy of Nylidrin and Oxatomide, yet decreases the efficacy of Iobenguane.","[[""levonordefrin"", ""decreases_efficacy_of"", ""timolol""], [""levonordefrin"", ""increases_efficacy_of"", ""tyramine""], [""levonordefrin"", ""increases_efficacy_of"", ""pyrrobutamine""], [""timolol"", ""increases_efficacy_of"", ""nateglinide""], [""timolol"", ""increases_efficacy_of"", ""pentamidine""], [""timolol"", ""increases_efficacy_of"", ""sotagliflozin""], [""pyrrobutamine"", ""increases_efficacy_of"", ""protokylol""], [""hydroxyethylpromethazine"", ""increases_efficacy_of"", ""epinephrine""], [""hydroxyethylpromethazine"", ""increases_efficacy_of"", ""droxidopa""], [""hydroxyethylpromethazine"", ""increases_efficacy_of"", ""levonordefrin""], [""epinephrine"", ""decreases_efficacy_of"", ""profenamine""], [""epinephrine"", ""increases_efficacy_of"", ""procaterol""], [""epinephrine"", ""increases_efficacy_of"", ""mepyramine""], [""droxidopa"", ""increases_efficacy_of"", ""nylidrin""], [""droxidopa"", ""increases_efficacy_of"", ""oxatomide""], [""droxidopa"", ""decreases_efficacy_of"", ""iobenguane""]]","[[""Levorndefrin"", ""decreases_efficacy_of"", ""Timolol""], [""Levorndefrin"", ""increases_efficacy_of"", ""Tyramine""], [""Levorndefrin"", ""increases_efficacy_of"", ""Pyrrobutamine""], [""Timolol"", ""increases_efficacy_of"", ""Nateglinide""], [""Timolol"", ""increases_efficacy_of"", ""Pentamidine""], [""Timolol"", ""increases_efficacy_of"", ""Sotagliflozin""], [""Pyrrobutamine"", ""increases_efficacy_of"", ""Protokylol""], [""Hydroxyethylpromethazine"", ""increases_efficacy_of"", ""Epinephrine""], [""Hydroxyethylpromethazine"", ""increases_efficacy_of"", ""Droxidopa""], [""Hydroxyethylpromethazine"", ""increases_efficacy_of"", ""Levorndefrin""], [""Epinephrine"", ""increases_efficacy_of"", ""Procaterol""], [""Epinephrine"", ""increases_efficacy_of"", ""Mepyramine""], [""Epinephrine"", ""decreases_efficacy_of"", ""Profenamine""], [""Droxidopa"", ""increases_efficacy_of"", ""Nylidrin""], [""Droxidopa"", ""increases_efficacy_of"", ""Oxatomide""], [""Droxidopa"", ""decreases_efficacy_of"", ""Iobenguane""]]",1.0,0.9880819320678712,0.9917451739311218,0.9411764705882352,1.0,0.9932145050785132,0.9938930545706618,0.9945716040628104,0.9952501535549592,0.995928703047108,0.9966072525392566,0.9972858020314052,0.997964351523554,0.9986429010157026,0.9993214505078514,1.0,0.9889605613354072,0.9879736287418732,1,node_replacement
244,"Norepinephrine increases the activity of the sympathomimetic activities. Isothipendyl has activity in the anticholinergic activities, and it increases the efficacy of norepinephrine and levonordefrin. Levonordefrin targets alpha-2 adrenergic receptors and increases the efficacy of synephrine but decreases the efficacy of aripiprazole lauroxil.","Norepinephrine decreases the activity of the sympathomimetic activities. Isothipendyl has activity related to the anticholinergic activities and increases the efficacy of norepinephrine. Isothipendyl also enhances the efficacy of levonordefrin. Levonordefrin targets alpha-2 adrenergic receptors and increases the efficacy of synephrine, but decreases the efficacy of aripiprazole lauroxil.","[[""Norepinephrine"", ""increases"", ""sympathomimetic_activities""], [""Isothipendyl"", ""has_activity_in"", ""anticholinergic_activities""], [""Isothipendyl"", ""increases"", ""Norepinephrine""], [""Isothipendyl"", ""increases"", ""Levonordefrin""], [""Levonordefrin"", ""targets"", ""alpha-2_adrenergic_receptors""], [""Levonordefrin"", ""increases"", ""Synephrine""], [""Levonordefrin"", ""decreases"", ""Aripiprazole_lauroxil""]]","[[""Norepinephrine"", ""decreases"", ""sympathomimetic_activities""], [""Isothipendyl"", ""has_activity_related_to"", ""anticholinergic_activities""], [""Isothipendyl"", ""increases"", ""Norepinephrine""], [""Isothipendyl"", ""enhances"", ""Levonordefrin""], [""Levonordefrin"", ""targets"", ""alpha-2_adrenergic_receptors""], [""Levonordefrin"", ""increases"", ""Synephrine""], [""Levonordefrin"", ""decreases"", ""Aripiprazole_lauroxil""]]",1.0,1.0,0.9999999403953552,1.0,1.0,0.9961216649762856,0.9965094984786572,0.9968973319810286,0.9972851654833998,0.9976729989857712,0.9980608324881428,0.9984486659905144,0.9988364994928856,0.9992243329952571,0.9996121664976284,1.0,0.9790601066109332,0.9905018797550194,0,edge_replacement
245,"The BCG vaccine decreases the efficacy of several antibiotics including ceftizoxime, ceftibuten, and clometocillin. Tecovirimat targets the envelope protein f13 and can decrease the efficacy of the anthrax vaccine and the BCG vaccine. The anthrax vaccine, in turn, decreases the efficacy of medications such as tenofovir disoproxil, beclabuvir, and atevirdine. Ceftibuten, a component of the BCG vaccine, has side effects including convulsions, Stevens-Johnson syndrome, and toxic nephropathy. Additionally, clometocillin decreases the efficacy of rolitetracycline.","The BCG vaccine decreases the efficacy of clometocillin. Tecovirimat targets the envelope protein F13. Tecovirimat decreases the efficacy of both the anthrax vaccine and the BCG vaccine. Additionally, the anthrax vaccine decreases the efficacy of beclabuvir and atevirdine.","[[""BCG_vaccine"", ""decreases_efficacy_of"", ""ceftizoxime""], [""BCG_vaccine"", ""decreases_efficacy_of"", ""ceftibuten""], [""BCG_vaccine"", ""decreases_efficacy_of"", ""clometocillin""], [""Tecovirimat"", ""targets"", ""envelope_protein_f13""], [""Tecovirimat"", ""decreases_efficacy_of"", ""anthrax_vaccine""], [""Tecovirimat"", ""decreases_efficacy_of"", ""BCG_vaccine""], [""anthrax_vaccine"", ""decreases_efficacy_of"", ""tenofovir_disoproxil""], [""anthrax_vaccine"", ""decreases_efficacy_of"", ""beclabuvir""], [""anthrax_vaccine"", ""decreases_efficacy_of"", ""atevirdine""], [""ceftibuten"", ""component_of"", ""BCG_vaccine""], [""ceftibuten"", ""has_side_effect"", ""convulsions""], [""ceftibuten"", ""has_side_effect"", ""Stevens-Johnson_syndrome""], [""ceftibuten"", ""has_side_effect"", ""toxic_nephropathy""], [""clometocillin"", ""decreases_efficacy_of"", ""rolitetracycline""]]","[[""BCG_vaccine"", ""decreases_efficacy_of"", ""clometocillin""], [""Tecovirimat"", ""targets"", ""envelope_protein_F13""], [""Tecovirimat"", ""decreases_efficacy_of"", ""anthrax_vaccine""], [""Tecovirimat"", ""decreases_efficacy_of"", ""BCG_vaccine""], [""anthrax_vaccine"", ""decreases_efficacy_of"", ""beclabuvir""], [""anthrax_vaccine"", ""decreases_efficacy_of"", ""atevirdine""]]",0.401842520743402,0.0,0.6924251317977905,0.3872251420783474,0.3872251420783474,0.8904762223487185,0.8401511143216814,0.7898260062946443,0.7395008982676071,0.68917579024057,0.6388506822135329,0.5885255741864959,0.5382004661594588,0.4878753581324216,0.4375502501053845,0.3872251420783474,0.8582813456886278,0.9428828791233048,0,node_removal
246,"The condition xylt1-cdg is associated with phenotypes such as proptosis, myopia, and truncal obesity. Desbuquois dysplasia 1 presents with phenotypes including autosomal recessive inheritance, triangular shaped phalanges of the hand, and broad first metatarsal. The gene XYLT1 is linked to causing conditions such as pseudoxanthoma elasticum, desbuquois dysplasia 1, and xylt1-cdg. Additionally, pseudoxanthoma elasticum is characterized by the phenotype of arteriosclerosis.","The condition Xylt1-CDG manifests with phenotypes such as proptosis, myopia, and truncal obesity. Desbuquois Dysplasia 1 presents with phenotypes such as autosomal recessive inheritance, triangular shaped phalanges of the hand, and broad first metatarsal. The gene XYLT1 is responsible for causing conditions such as Pseudoxanthoma Elasticum, Desbuquois Dysplasia 1, and Xylt1-CDG. Additionally, Pseudoxanthoma Elasticum is associated with the phenotype of arteriosclerosis.","[[""xylt1-cdg"", ""associated_with"", ""proptosis""], [""xylt1-cdg"", ""associated_with"", ""myopia""], [""xylt1-cdg"", ""associated_with"", ""truncal_obesity""], [""Desbuquois_dysplasia_1"", ""presents_with"", ""autosomal_recessive_inheritance""], [""Desbuquois_dysplasia_1"", ""presents_with"", ""triangular_shaped_phalanges_of_the_hand""], [""Desbuquois_dysplasia_1"", ""presents_with"", ""broad_first_metatarsal""], [""XYLT1"", ""linked_to"", ""pseudoxanthoma_elasticum""], [""XYLT1"", ""linked_to"", ""Desbuquois_dysplasia_1""], [""XYLT1"", ""linked_to"", ""xylt1-cdg""], [""pseudoxanthoma_elasticum"", ""characterized_by"", ""arteriosclerosis""]]","[[""Xylt1-CDG"", ""manifests_with"", ""proptosis""], [""Xylt1-CDG"", ""manifests_with"", ""myopia""], [""Xylt1-CDG"", ""manifests_with"", ""truncal_obesity""], [""Desbuquois_Dysplasia_1"", ""presents_with"", ""autosomal_recessive_inheritance""], [""Desbuquois_Dysplasia_1"", ""presents_with"", ""triangular_shaped_phalanges_of_the_hand""], [""Desbuquois_Dysplasia_1"", ""presents_with"", ""broad_first_metatarsal""], [""XYLT1"", ""responsible_for"", ""Pseudoxanthoma_Elasticum""], [""XYLT1"", ""responsible_for"", ""Desbuquois_Dysplasia_1""], [""XYLT1"", ""responsible_for"", ""Xylt1-CDG""], [""Pseudoxanthoma_Elasticum"", ""associated_with"", ""arteriosclerosis""]]",1.0,0.9999999403953552,1.0,1.0,1.0,0.9782886660642014,0.9804597994577812,0.9826309328513612,0.9848020662449408,0.9869731996385208,0.9891443330321008,0.9913154664256806,0.9934865998192604,0.9956577332128402,0.99782886660642,1.0,0.9289964091264772,0.9509682375471796,1,node_replacement
247,"The drug gantacurium decreases the activity of effectiveness. It also decreases the efficacy of ginkgo biloba and plecanatide. Moreover, plecanatide reduces the efficacy of thiopental, methotrimeprazine, and dexetimide.","The medication gantacurium decreases the efficacy of ginkgo biloba and plecanatide. Additionally, gantacurium increases the activity of effectiveness. Plecanatide, on the other hand, decreases the efficacy of thiopental, methotrimeprazine, and dexetimide.","[[""gantacurium"", ""decreases"", ""activity_of_effectiveness""], [""gantacurium"", ""decreases_efficacy_of"", ""ginkgo_biloba""], [""gantacurium"", ""decreases_efficacy_of"", ""plecanatide""], [""plecanatide"", ""reduces_efficacy_of"", ""thiopental""], [""plecanatide"", ""reduces_efficacy_of"", ""methotrimeprazine""], [""plecanatide"", ""reduces_efficacy_of"", ""dextimide""]]","[[""gantacurium"", ""decreases_efficacy_of"", ""ginkgo_biloba""], [""gantacurium"", ""decreases_efficacy_of"", ""plecanatide""], [""gantacurium"", ""increases"", ""activity_of_effectiveness""], [""plecanatide"", ""decreases_efficacy_of"", ""thiopental""], [""plecanatide"", ""decreases_efficacy_of"", ""methotrimeprazine""], [""plecanatide"", ""decreases_efficacy_of"", ""dextimide""]]",1.0,0.9999999403953552,1.0,1.0,1.0,0.996097816152078,0.9964880345368702,0.9968782529216624,0.9972684713064546,0.9976586896912468,0.9980489080760392,0.9984391264608312,0.9988293448456234,0.9992195632304156,0.999609781615208,1.0,0.9734171570317472,0.9832098065241802,0,edge_replacement
248,"The drug methadone increases the activity of the anticholinergic activities, decreases the efficacy of nalmefene, and has the side effect of vertigo. Aclidinium has the effect of urinary retention and decreases the efficacy of loxapine and monopotassium phosphate. Dihydromorphine has the activity of the sedative activities, and decreases the efficacy of nalorphine and cyclopenthiazide. Additionally, alloin decreases the efficacy of methadone, dihydromorphine, and aclidinium.","The drug methadone increases the activity of the anticholinergic activities, but decreases the efficacy of nalmefene. It also has a side effect of vertigo.
Aclidinium has the effect of urinary retention and decreases the efficacy of loxapine and monopotassium phosphate.
Dihydromorphine has the activity of sedative activities and decreases the efficacy of nalorphine and cyclopenthiazide.
Alloin decreases the efficacy of methadone, dihydromorphine, and aclidinium.","[[""methadone"", ""increases"", ""anticholinergic_activities""], [""methadone"", ""decreases"", ""nalmefene""], [""methadone"", ""has_side_effect"", ""vertigo""], [""aclidinium"", ""has_effect"", ""urinary_retention""], [""aclidinium"", ""decreases"", ""loxapine""], [""aclidinium"", ""decreases"", ""monopotassium_phosphate""], [""dihydromorphine"", ""has_activity"", ""sedative_activities""], [""dihydromorphine"", ""decreases"", ""nalorphine""], [""dihydromorphine"", ""decreases"", ""cyclopenthiazide""], [""aloin"", ""decreases"", ""methadone""], [""aloin"", ""decreases"", ""dihydromorphine""], [""aloin"", ""decreases"", ""aclidinium""]]","[[""methadone"", ""increases"", ""anticholinergic_activities""], [""methadone"", ""decreases"", ""nalmefene""], [""methadone"", ""has_side_effect"", ""vertigo""], [""aclidinium"", ""has_effect"", ""urinary_retention""], [""aclidinium"", ""decreases"", ""loxapine""], [""aclidinium"", ""decreases"", ""monopotassium_phosphate""], [""dihydromorphine"", ""has_activity"", ""sedative_activities""], [""dihydromorphine"", ""decreases"", ""nalorphine""], [""dihydromorphine"", ""decreases"", ""cyclopenthiazide""], [""aloin"", ""decreases"", ""methadone""], [""aloin"", ""decreases"", ""dihydromorphine""], [""aloin"", ""decreases"", ""aclidinium""]]",1.0,1.0,1.0,1.0,1.0,1.0,1.0,1.0,1.0,1.0,1.0,1.0,1.0,1.0,1.0,1.0,0.9999999928932924,0.999999986537034,1,edge_replacement
249,"The drug insulin argine decreases the efficacy of cyproterone acetate. Nomegestrol acetate decreases the efficacy of insulin argine, talampicillin, and belzutifan. Belzutifan decreases the efficacy of diethylstilbestrol, estrone sulfate, and norgestrel. Chenodeoxycholic acid targets the bile acid receptor and decreases the efficacy of chlormadinone and nomegestrol acetate. Chlormadinone decreases the efficacy of ro 12-7310 and clometocillin. The bile acid receptor is a gene product of NR1H4.","The drug insulin argine decreases the efficacy of cyproterone acetate. Nomegestrol acetate decreases the efficacy of both insulin argine and talampicillin, as well as belzutifan, which in turn decreases the efficacy of diethylstilbestrol, estrone sulfate, and norgestrel. Chenodeoxycholic acid targets the bile acid receptor, which is a gene product of NR1H4. Additionally, chenodeoxycholic acid decreases the efficacy of chlormadinone and nomegestrol acetate. Chlormadinone decreases the efficacy of both ro 12-7310 and clometocillin.","[[""insulin_argine"", ""decreases_efficacy_of"", ""cyproterone_acetate""], [""nomegestrol_acetate"", ""decreases_efficacy_of"", ""insulin_argine""], [""nomegestrol_acetate"", ""decreases_efficacy_of"", ""talampicillin""], [""nomegestrol_acetate"", ""decreases_efficacy_of"", ""belzutifan""], [""belzutifan"", ""decreases_efficacy_of"", ""diethylstilbestrol""], [""belzutifan"", ""decreases_efficacy_of"", ""estrone_sulfate""], [""belzutifan"", ""decreases_efficacy_of"", ""norgestrel""], [""chenodeoxycholic_acid"", ""targets"", ""bile_acid_receptor""], [""chenodeoxycholic_acid"", ""decreases_efficacy_of"", ""chlormadinone""], [""chenodeoxycholic_acid"", ""decreases_efficacy_of"", ""nomegestrol_acetate""], [""chlormadinone"", ""decreases_efficacy_of"", ""ro_12-7310""], [""chlormadinone"", ""decreases_efficacy_of"", ""clometocillin""], [""bile_acid_receptor"", ""gene_product_of"", ""NR1H4""]]","[[""insulin_argine"", ""decreases_efficacy_of"", ""cyproterone_acetate""], [""nomegestrol_acetate"", ""decreases_efficacy_of"", ""insulin_argine""], [""nomegestrol_acetate"", ""decreases_efficacy_of"", ""talampicillin""], [""nomegestrol_acetate"", ""decreases_efficacy_of"", ""belzutifan""], [""belzutifan"", ""decreases_efficacy_of"", ""diethylstilbestrol""], [""belzutifan"", ""decreases_efficacy_of"", ""estrone_sulfate""], [""belzutifan"", ""decreases_efficacy_of"", ""norgestrel""], [""chenodeoxycholic_acid"", ""targets"", ""bile_acid_receptor""], [""chenodeoxycholic_acid"", ""decreases_efficacy_of"", ""chlormadinone""], [""chenodeoxycholic_acid"", ""decreases_efficacy_of"", ""nomegestrol_acetate""], [""chlormadinone"", ""decreases_efficacy_of"", ""ro_12-7310""], [""chlormadinone"", ""decreases_efficacy_of"", ""clometocillin""], [""bile_acid_receptor"", ""gene_product_of"", ""NR1H4""]]",1.0,1.0,0.9999998807907104,1.0,1.0,0.9999999980829142,0.9999999982746228,0.9999999984663316,0.99999999865804,0.9999999988497486,0.9999999990414572,0.9999999992331656,0.9999999994248744,0.9999999996165828,0.9999999998082916,1.0,1.0,0.9999999874314184,1,edge_deletion
250,"The drug olaparib decreases the efficacy of multiple treatments including SRP 299, typhoid vaccine, and modified vaccinia ankara. Similarly, SRP 299 decreases the efficacy of drugs like natalizumab, fluocortolone, and blinatumomab. Additionally, modified vaccinia ankara reduces the efficacy of medications such as efalizumab, carbamazepine, and brodalumab.","The drug olaparib decreases the efficacy of the typhoid vaccine. Srp 299 decreases the efficacy of natalizumab, fluocortolone, and blinatumomab. Modified vaccinia ankara decreases the efficacy of efalizumab, carbamazepine, and brodalumab.","[[""olaparib"", ""decreases_efficacy_of"", ""SRP_299""], [""olaparib"", ""decreases_efficacy_of"", ""typhoid_vaccine""], [""olaparib"", ""decreases_efficacy_of"", ""modified_vaccinia_ankara""], [""SRP_299"", ""decreases_efficacy_of"", ""natalizumab""], [""SRP_299"", ""decreases_efficacy_of"", ""fluocortolone""], [""SRP_299"", ""decreases_efficacy_of"", ""blinatumomab""], [""modified_vaccinia_ankara"", ""decreases_efficacy_of"", ""efalizumab""], [""modified_vaccinia_ankara"", ""decreases_efficacy_of"", ""carbamazepine""], [""modified_vaccinia_ankara"", ""decreases_efficacy_of"", ""brodalumab""]]","[[""olaparib"", ""decreases_efficacy_of"", ""typhoid_vaccine""], [""SRP_299"", ""decreases_efficacy_of"", ""natalizumab""], [""SRP_299"", ""decreases_efficacy_of"", ""fluocortolone""], [""SRP_299"", ""decreases_efficacy_of"", ""blinatumomab""], [""modified_vaccinia_ankara"", ""decreases_efficacy_of"", ""efalizumab""], [""modified_vaccinia_ankara"", ""decreases_efficacy_of"", ""carbamazepine""], [""modified_vaccinia_ankara"", ""decreases_efficacy_of"", ""brodalumab""]]",0.9166666666666666,0.9999999403953552,1.0,0.9166666666666666,0.9166666666666666,0.9884248904133986,0.9812490680387256,0.9740732456640524,0.966897423289379,0.9597216009147058,0.9525457785400326,0.9453699561653596,0.9381941337906864,0.9310183114160132,0.9238424890413398,0.9166666666666666,0.9842149643853444,0.8139981224268376,0,edge_deletion
251,"The drug cisatracurium can increase neuropsychiatric effects, decrease efficacy of sodium sulfate, and has a side effect of anaphylactic shock. Nicardipine reduces the efficacy of physostigmine and has a side effect of abdominal pain. Additionally, methylphosphinic acid decreases the efficacy of cisatracurium, nicardipine, and desipramine.","Cisatracurium has various effects including an increase in neuropsychiatric effects, a decrease in efficacy when interacting with sodium sulfate, and a side effect of anaphylactic shock. Nicardipine can lead to a decrease in efficacy when paired with physostigmine and may cause abdominal pain as a side effect. Methylphosphinic acid reduces the efficacy of cisatracurium, nicardipine, and desipramine.","[[""cisatracurium"", ""increases"", ""neuropsychiatric_effects""], [""cisatracurium"", ""decreases_efficacy_of"", ""sodium_sulfate""], [""cisatracurium"", ""has_side_effect"", ""anaphylactic_shock""], [""nicardipine"", ""reduces_efficacy_of"", ""physostigmine""], [""nicardipine"", ""has_side_effect"", ""abdominal_pain""], [""methylphosphinic_acid"", ""decreases_efficacy_of"", ""cisatracurium""], [""methylphosphinic_acid"", ""decreases_efficacy_of"", ""nicardipine""], [""methylphosphinic_acid"", ""decreases_efficacy_of"", ""desipramine""]]","[[""cisatracurium"", ""increases"", ""neuropsychiatric_effects""], [""cisatracurium"", ""decreases_efficacy_when_interacting_with"", ""sodium_sulfate""], [""cisatracurium"", ""has_side_effect"", ""anaphylactic_shock""], [""nicardipine"", ""leads_to_decrease_in_efficacy_when_paired_with"", ""physostigmine""], [""nicardipine"", ""may_cause"", ""abdominal_pain""], [""methylphosphinic_acid"", ""reduces_efficacy_of"", ""cisatracurium""], [""methylphosphinic_acid"", ""reduces_efficacy_of"", ""nicardipine""], [""methylphosphinic_acid"", ""reduces_efficacy_of"", ""desipramine""]]",1.0,0.9999999403953552,1.0,1.0,1.0,0.9938362754890088,0.994452647940108,0.9950690203912071,0.9956853928423062,0.9963017652934052,0.9969181377445044,0.9975345101956036,0.9981508826467028,0.9987672550978016,0.9993836275489008,1.0,0.9765267724426556,0.9766016152720164,1,edge_replacement
252,"The drug indoramin decreases the efficacy of cimicoxib and epirizole but increases the efficacy of buthiazide. In contrast, the drug acebutolol increases the efficacy of miglitol and is indicated for myocardial ischemia, however, it also has the side effect of abnormal vision. Furthermore, the drug arformoterol decreases the efficacy of both acebutolol and indoramin, while also affecting cytochrome p450 family 2 subfamily d member 6.","The drug indoramin decreases the efficacy of cimicoxib and epirizole, but increases the efficacy of buthiazide. Acebutolol increases the efficacy of miglitol, has an indication for myocardial ischemia, and has a side effect of abnormal vision. Arformoterol is affecting cytochrome p450 family 2 subfamily d member 6.","[[""indoramin"", ""decreases_efficacy_of"", ""cimicoxib""], [""indoramin"", ""decreases_efficacy_of"", ""epirizole""], [""indoramin"", ""increases_efficacy_of"", ""buthiazide""], [""acebutolol"", ""increases_efficacy_of"", ""miglitol""], [""acebutolol"", ""indicated_for"", ""myocardial_ischemia""], [""acebutolol"", ""has_side_effect"", ""abnormal_vision""], [""arformoterol"", ""decreases_efficacy_of"", ""acebutolol""], [""arformoterol"", ""decreases_efficacy_of"", ""indoramin""], [""arformoterol"", ""affects"", ""cytochrome_p450_family_2_subfamily_d_member_6""]]","[[""indoramin"", ""decreases_efficacy_of"", ""cimicoxib""], [""indoramin"", ""decreases_efficacy_of"", ""epirizole""], [""indoramin"", ""increases_efficacy_of"", ""buthiazide""], [""acebutolol"", ""increases_efficacy_of"", ""miglitol""], [""acebutolol"", ""indicated_for"", ""myocardial_ischemia""], [""acebutolol"", ""has_side_effect"", ""abnormal_vision""], [""arformoterol"", ""affects"", ""cytochrome_p450_family_2_subfamily_d_member_6""]]",0.8333333333333334,1.0,1.0,0.8333333333333334,0.8333333333333334,0.9851954230400092,0.9700092140693416,0.954823005098674,0.9396367961280064,0.9244505871573389,0.9092643781866712,0.8940781692160036,0.8788919602453361,0.8637057512746685,0.8485195423040008,0.8333333333333334,0.9838123625156364,0.7759329077990411,0,edge_deletion
253,"Neutrophil elastase is a gene product of ELANE. Calcium is known to decrease the efficacy of bivalirudin, nadolol, and naftopidil. Bafilomycin a1 increases the efficacy of (r)-warfarin and ethyl biscoumacetate, and has a target in neutrophil elastase. Ethyl biscoumacetate decreases the efficacy of calcium while increasing the efficacy of radicicol and cordycepin. (r)-Warfarin decreases the efficacy of coagulation factor IX (recombinant), calcium cation, and damoctocog alfa pegol.","Neutrophil elastase is a gene product of the ELANE gene. Calcium decreases the efficacy of several medications including bivalirudin, nadolol, and naftopidil. Bafilomycin A1 increases the efficacy of (R)-warfarin and ethyl biscoumacetate and targets neutrophil elastase. Ethyl biscoumacetate decreases the efficacy of calcium but increases the efficacy of radicicol and cordycepin. (R)-warfarin decreases the efficacy of coagulation factor IX (recombinant), calcium cation, and damoctocog alfa pegol.","[[""Neutrophil_elastase"", ""gene_product_of"", ""ELANE""], [""Calcium"", ""decreases_efficacy_of"", ""bivalirudin""], [""Calcium"", ""decreases_efficacy_of"", ""nadolol""], [""Calcium"", ""decreases_efficacy_of"", ""naftopidil""], [""Bafilomycin_a1"", ""increases_efficacy_of"", ""(r)-warfarin""], [""Bafilomycin_a1"", ""increases_efficacy_of"", ""ethyl_biscoumacetate""], [""Bafilomycin_a1"", ""target"", ""neutrophil_elastase""], [""Ethyl_biscoumacetate"", ""decreases_efficacy_of"", ""calcium""], [""Ethyl_biscoumacetate"", ""increases_efficacy_of"", ""radicicol""], [""Ethyl_biscoumacetate"", ""increases_efficacy_of"", ""cordycepin""], [""(r)-warfarin"", ""decreases_efficacy_of"", ""coagulation_factor_IX_(recombinant)""], [""(r)-warfarin"", ""decreases_efficacy_of"", ""calcium_cation""], [""(r)-warfarin"", ""decreases_efficacy_of"", ""damoctocog_alfa_pegol""]]","[[""Neutrophil_elastase"", ""gene_product_of"", ""ELANE_gene""], [""Calcium"", ""decreases_efficacy_of"", ""bivalirudin""], [""Calcium"", ""decreases_efficacy_of"", ""nadolol""], [""Calcium"", ""decreases_efficacy_of"", ""naftopidil""], [""Bafilomycin_A1"", ""increases_efficacy_of"", ""(R)-warfarin""], [""Bafilomycin_A1"", ""increases_efficacy_of"", ""ethyl_biscoumacetate""], [""Bafilomycin_A1"", ""targets"", ""neutrophil_elastase""], [""Ethyl_biscoumacetate"", ""decreases_efficacy_of"", ""calcium""], [""Ethyl_biscoumacetate"", ""increases_efficacy_of"", ""radicicol""], [""Ethyl_biscoumacetate"", ""increases_efficacy_of"", ""cordycepin""], [""(R)-warfarin"", ""decreases_efficacy_of"", ""coagulation_factor_IX_(recombinant)""], [""(R)-warfarin"", ""decreases_efficacy_of"", ""calcium_cation""], [""(R)-warfarin"", ""decreases_efficacy_of"", ""damoctocog_alfa_pegol""]]",1.0,0.9404950737953186,0.986985206604004,0.8690476190476191,1.0,0.9996351150032574,0.9996716035029316,0.999708092002606,0.9997445805022802,0.9997810690019544,0.9998175575016288,0.999854046001303,0.9998905345009772,0.9999270230006516,0.9999635115003256,1.0,0.9918877977661692,0.999088281169426,1,edge_deletion
254,"Minaprine increases the activity of the hepatotoxic activities and decreases the efficacy of budesonide, as well as the efficacy of hydrocortisone succinate. In turn, budesonide reduces the efficacy of both hexafluronium and pipecuronium.","Minaprine decreases the efficacy of both budesonide and hydrocortisone succinate. Additionally, minaprine decreases the activity of the hepatotoxic activities. Budesonide further decreases the efficacy of hexafluronium and pipecuronium.","[[""Minaprine"", ""increases"", ""hepatotoxic_activities""], [""Minaprine"", ""decreases"", ""budesonide""], [""Minaprine"", ""decreases"", ""hydrocortisone_succinate""], [""budesonide"", ""decreases"", ""hexafluronium""], [""budesonide"", ""decreases"", ""pipecuronium""]]","[[""Minaprine"", ""decreases"", ""budesonide""], [""Minaprine"", ""decreases"", ""hydrocortisone_succinate""], [""Minaprine"", ""decreases"", ""hepatotoxic_activities""], [""budesonide"", ""decreases"", ""hexafluronium""], [""budesonide"", ""decreases"", ""pipecuronium""]]",1.0,0.9999999403953552,1.0,1.0,1.0,0.9975711496784394,0.9978140347105956,0.9980569197427516,0.9982998047749074,0.9985426898070636,0.9987855748392196,0.9990284598713758,0.9992713449035318,0.9995142299356878,0.999757114967844,1.0,0.986731849980558,0.9953661074910748,0,edge_replacement
255,"The drug alclometasone increases the effect of hypertension. It also decreases the efficacy of insulin argine and several other compounds such as Vibrio cholerae CVD 103-HgR strain live antigen, which in turn decreases the efficacy of pheneticillin, glecaprevir, and hydrocortisone valerate. Additionally, insulin argine decreases the efficacy of flumethasone.","The drug alclometasone increases the effects of hypertension and decreases the efficacy of insulin argine and vibrio cholerae cvd 103-hgr strain live antigen. Vibrio cholerae cvd 103-hgr strain live antigen, in turn, decreases the efficacy of pheneticillin, glecaprevir, and hydrocortisone valerate. Insulin argine also decreases the efficacy of flumethasone.","[[""alclometasone"", ""increases_effect_of"", ""hypertension""], [""alclometasone"", ""decreases_efficacy_of"", ""insulin_argine""], [""alclometasone"", ""decreases_efficacy_of"", ""Vibrio_cholerae_CVD_103-HgR_strain_live_antigen""], [""Vibrio_cholerae_CVD_103-HgR_strain_live_antigen"", ""decreases_efficacy_of"", ""pheneticillin""], [""Vibrio_cholerae_CVD_103-HgR_strain_live_antigen"", ""decreases_efficacy_of"", ""glecaprevir""], [""Vibrio_cholerae_CVD_103-HgR_strain_live_antigen"", ""decreases_efficacy_of"", ""hydrocortisone_valerate""], [""insulin_argine"", ""decreases_efficacy_of"", ""flumethasone""]]","[[""alclometasone"", ""increases_effect_of"", ""hypertension""], [""alclometasone"", ""decreases_efficacy_of"", ""insulin_argine""], [""alclometasone"", ""decreases_efficacy_of"", ""Vibrio_cholerae_CVD_103-HgR_strain_live_antigen""], [""Vibrio_cholerae_CVD_103-HgR_strain_live_antigen"", ""decreases_efficacy_of"", ""pheneticillin""], [""Vibrio_cholerae_CVD_103-HgR_strain_live_antigen"", ""decreases_efficacy_of"", ""glecaprevir""], [""Vibrio_cholerae_CVD_103-HgR_strain_live_antigen"", ""decreases_efficacy_of"", ""hydrocortisone_valerate""], [""insulin_argine"", ""decreases_efficacy_of"", ""flumethasone""]]",1.0,1.0,1.0,1.0,1.0,0.999999998024752,0.9999999982222768,0.9999999984198016,0.9999999986173264,0.9999999988148512,0.999999999012376,0.9999999992099008,0.9999999994074256,0.9999999996049505,0.9999999998024752,1.0,1.0,0.9999999878199636,1,edge_replacement
256,"The drug streptokinase increases the effect of angioedema, but may decrease the efficacy of progesterone and has the side effect of chills. Camostat decreases the efficacy of alteplase, tenecteplase, and streptokinase. Tenecteplase targets tetranectin but decreases the efficacy of alpha-1-proteinase inhibitor and coagulation factor VII human. Alteplase decreases the efficacy of benzthiazide and ceftibuten.","Streptokinase decreases the efficacy of progesterone and has side effects such as chills. It also decreases the effect of angioedema. Camostat decreases the efficacy of alteplase, tenecteplase, and streptokinase. Tenecteplase targets tetranectin and decreases the efficacy of alpha-1-proteinase inhibitor and coagulation factor VII human. Alteplase decreases the efficacy of benzthiazide and ceftibuten.","[[""streptokinase"", ""increases_effect_of"", ""angioedema""], [""streptokinase"", ""decreases_efficacy_of"", ""progesterone""], [""streptokinase"", ""has_side_effect"", ""chills""], [""camostat"", ""decreases_efficacy_of"", ""alteplase""], [""camostat"", ""decreases_efficacy_of"", ""tenecteplase""], [""camostat"", ""decreases_efficacy_of"", ""streptokinase""], [""tenecteplase"", ""targets"", ""tetranectin""], [""tenecteplase"", ""decreases_efficacy_of"", ""alpha-1-proteinase_inhibitor""], [""tenecteplase"", ""decreases_efficacy_of"", ""coagulation_factor_VII_human""], [""alteplase"", ""decreases_efficacy_of"", ""benzthiazide""], [""alteplase"", ""decreases_efficacy_of"", ""ceftibuten""]]","[[""streptokinase"", ""decreases_efficacy_of"", ""progesterone""], [""streptokinase"", ""has_side_effect"", ""chills""], [""streptokinase"", ""decreases_effect_of"", ""angioedema""], [""camostat"", ""decreases_efficacy_of"", ""alteplase""], [""camostat"", ""decreases_efficacy_of"", ""tenecteplase""], [""camostat"", ""decreases_efficacy_of"", ""streptokinase""], [""tenecteplase"", ""targets"", ""tetranectin""], [""tenecteplase"", ""decreases_efficacy_of"", ""alpha-1-proteinase_inhibitor""], [""tenecteplase"", ""decreases_efficacy_of"", ""coagulation_factor_VII_human""], [""alteplase"", ""decreases_efficacy_of"", ""benzthiazide""], [""alteplase"", ""decreases_efficacy_of"", ""ceftibuten""]]",1.0,1.0,0.9999999403953552,1.0,1.0,0.9993080017030476,0.9993772015327428,0.999446401362438,0.9995156011921332,0.9995848010218286,0.9996540008515238,0.999723200681219,0.9997924005109142,0.9998616003406096,0.9999308001703048,1.0,0.9945773812263864,0.9986006835654888,0,edge_replacement
257,"Abediterol increases the activity of the hypertensive activities. It also decreases the efficacy of celiprolol and urapidil. Urapidil, in turn, decreases the efficacy of sulfasalazine, carprofen, and aceclofenac. Bendroflumethiazide decreases the efficacy of diclofenac, gosogliptin, and tolfenamic acid. Celiprolol increases the efficacy of bendroflumethiazide, but decreases the efficacy of bunazosin while increasing the efficacy of deoxyepinephrine.","The drug abediterol decreases the efficacy of both celiprolol and urapidil. It also reduces the activity of the hypertensive activities. Urapidil, on the other hand, decreases the efficacy of sulfasalazine, carprofen, and aceclofenac. Bendroflumethiazide decreases the efficacy of diclofenac, gosogliptin, and tolfenamic acid. Celiprolol increases the efficacy of bendroflumethiazide while decreasing the efficacy of bunazosin and increasing the efficacy of deoxyepinephrine.","[[""Abediterol"", ""increases"", ""hypertensive_activities""], [""Abediterol"", ""decreases"", ""celiprolol""], [""Abediterol"", ""decreases"", ""urapidil""], [""Urapidil"", ""decreases"", ""sulfasalazine""], [""Urapidil"", ""decreases"", ""carprofen""], [""Urapidil"", ""decreases"", ""aceclofenac""], [""Bendroflumethiazide"", ""decreases"", ""diclofenac""], [""Bendroflumethiazide"", ""decreases"", ""gosogliptin""], [""Bendroflumethiazide"", ""decreases"", ""tolfenamic_acid""], [""Celiprolol"", ""increases"", ""bendroflumethiazide""], [""Celiprolol"", ""decreases"", ""bunazosin""], [""Celiprolol"", ""increases"", ""deoxyepinephrine""]]","[[""Abediterol"", ""decreases"", ""celiprolol""], [""Abediterol"", ""decreases"", ""urapidil""], [""Abediterol"", ""reduces"", ""hypertensive_activities""], [""Urapidil"", ""decreases"", ""sulfasalazine""], [""Urapidil"", ""decreases"", ""carprofen""], [""Urapidil"", ""decreases"", ""aceclofenac""], [""Bendroflumethiazide"", ""decreases"", ""diclofenac""], [""Bendroflumethiazide"", ""decreases"", ""gosogliptin""], [""Bendroflumethiazide"", ""decreases"", ""tolfenamic_acid""], [""Celiprolol"", ""increases"", ""bendroflumethiazide""], [""Celiprolol"", ""decreases"", ""bunazosin""], [""Celiprolol"", ""increases"", ""deoxyepinephrine""]]",1.0,1.0,1.0,1.0,1.0,0.9993832512279668,0.99944492610517,0.9995066009823734,0.9995682758595764,0.99962995073678,0.9996916256139834,0.9997533004911868,0.99981497536839,0.9998766502455934,0.9999383251227968,1.0,0.9962995576489044,0.9985433304441568,0,edge_replacement
258,"The drug quetiapine has side effects including jaundice and photosensitivity reactions. Brexpiprazole decreases the efficacy of insulin pork, arformoterol, and moxonidine. Promazine decreases the efficacy of huperzine a, indacaterol, and docusate. Additionally, arbutamine decreases the efficacy of promazine, quetiapine, and brexpiprazole.","The drug quetiapine has side effects including jaundice and photosensitivity reaction. Brexpiprazole decreases the efficacy of insulin pork, arformoterol, and moxonidine. Promazine decreases the efficacy of huperzine a, indacaterol, and docusate. Arbutamine decreases the efficacy of promazine, quetiapine, and brexpiprazole.","[[""quetiapine"", ""has_side_effects"", ""jaundice""], [""quetiapine"", ""has_side_effects"", ""photosensitivity_reactions""], [""brexpiprazole"", ""decreases_efficacy_of"", ""insulin_pork""], [""brexpiprazole"", ""decreases_efficacy_of"", ""arformoterol""], [""brexpiprazole"", ""decreases_efficacy_of"", ""moxonidine""], [""promazine"", ""decreases_efficacy_of"", ""huperzine_a""], [""promazine"", ""decreases_efficacy_of"", ""indacaterol""], [""promazine"", ""decreases_efficacy_of"", ""docusate""], [""arbutamine"", ""decreases_efficacy_of"", ""promazine""], [""arbutamine"", ""decreases_efficacy_of"", ""quetiapine""], [""arbutamine"", ""decreases_efficacy_of"", ""brexpiprazole""]]","[[""quetiapine"", ""has_side_effects"", ""jaundice""], [""quetiapine"", ""has_side_effects"", ""photosensitivity_reaction""], [""brexpiprazole"", ""decreases_efficacy_of"", ""insulin_pork""], [""brexpiprazole"", ""decreases_efficacy_of"", ""arformoterol""], [""brexpiprazole"", ""decreases_efficacy_of"", ""moxonidine""], [""promazine"", ""decreases_efficacy_of"", ""huperzine_a""], [""promazine"", ""decreases_efficacy_of"", ""indacaterol""], [""promazine"", ""decreases_efficacy_of"", ""docusate""], [""arbutamine"", ""decreases_efficacy_of"", ""promazine""], [""arbutamine"", ""decreases_efficacy_of"", ""quetiapine""], [""arbutamine"", ""decreases_efficacy_of"", ""brexpiprazole""]]",1.0,0.9653764367103576,0.9788982272148132,0.8472222222222222,1.0,0.9999360594199272,0.9999424534779344,0.9999488475359416,0.999955241593949,0.9999616356519564,0.9999680297099636,0.9999744237679709,0.999980817825978,0.9999872118839854,0.9999936059419928,1.0,0.999455184116362,0.999667772207986,1,node_removal
259,"The drug buprenorphine increases the effect of constipation but decreases the efficacy of oxyphenisatin acetate and benzhydrocodone. Additionally, oxyphenisatin acetate further decreases the efficacy of ethylmorphine.","Buprenorphine decreases the efficacy of oxyphenisatin acetate and benzhydrocodone. Additionally, it reduces the effect of constipation. Oxyphenisatin acetate further decreases the efficacy of ethylmorphine.","[[""buprenorphine"", ""increases"", ""constipation""], [""buprenorphine"", ""decreases"", ""oxyphenisatin_acetate""], [""buprenorphine"", ""decreases"", ""benzhydrocodone""], [""oxyphenisatin_acetate"", ""decreases"", ""ethylmorphine""]]","[[""buprenorphine"", ""decreases"", ""oxyphenisatin_acetate""], [""buprenorphine"", ""decreases"", ""benzhydrocodone""], [""buprenorphine"", ""reduces"", ""constipation""], [""oxyphenisatin_acetate"", ""decreases"", ""ethylmorphine""]]",1.0,1.0,1.0,1.0,1.0,0.9963534977668024,0.996718147990122,0.9970827982134418,0.9974474484367616,0.9978120986600814,0.9981767488834012,0.9985413991067208,0.9989060493300408,0.9992706995533605,0.9996353497766802,1.0,0.978779742761132,0.9873678011902852,0,edge_replacement
260,"The drug cefazedone decreases the efficacy of argatroban, BCG vaccine, and saruplase. BCG vaccine decreases the efficacy of nafcillin, apramycin, and tilmicosin. Saruplase decreases the efficacy of hydroflumethiazide, cefroxadine, and moroctocog alfa. Argatroban decreases the efficacy of etonogestrel and cefcapene and has a side effect of haemoptysis. Etonogestrel has a side effect of menopausal symptoms.","The drug cefazedone decreases the efficacy of several medications including win-54954, fluoxetine, and saruplase. Fluoxetine, in turn, decreases the efficacy of nafcillin, prednisolone, and isothipendyl. Saruplase decreases the efficacy of hydroflumethiazide, sulfamethoxypyridazine, and moroctocog alfa. Win-54954 decreases the efficacy of beta-l-fucose and cefcapene, and has a side effect of haemoptysis. Beta-l-fucose, on the other hand, has a side effect of menopausal symptoms.","[[""cefazedone"", ""decreases_efficacy_of"", ""argatroban""], [""cefazedone"", ""decreases_efficacy_of"", ""BCG_vaccine""], [""cefazedone"", ""decreases_efficacy_of"", ""saruplase""], [""BCG_vaccine"", ""decreases_efficacy_of"", ""nafcillin""], [""BCG_vaccine"", ""decreases_efficacy_of"", ""apramycin""], [""BCG_vaccine"", ""decreases_efficacy_of"", ""tilmicosin""], [""saruplase"", ""decreases_efficacy_of"", ""hydroflumethiazide""], [""saruplase"", ""decreases_efficacy_of"", ""cefroxadine""], [""saruplase"", ""decreases_efficacy_of"", ""moroctocog_alfa""], [""argatroban"", ""decreases_efficacy_of"", ""etonogestrel""], [""argatroban"", ""decreases_efficacy_of"", ""cefcapene""], [""argatroban"", ""has_side_effect"", ""haemoptysis""], [""etonogestrel"", ""has_side_effect"", ""menopausal_symptoms""]]","[[""cefazedone"", ""decreases_efficacy_of"", ""win-54954""], [""cefazedone"", ""decreases_efficacy_of"", ""fluoxetine""], [""cefazedone"", ""decreases_efficacy_of"", ""saruplase""], [""fluoxetine"", ""decreases_efficacy_of"", ""nafcillin""], [""fluoxetine"", ""decreases_efficacy_of"", ""prednisolone""], [""fluoxetine"", ""decreases_efficacy_of"", ""isothipendyl""], [""saruplase"", ""decreases_efficacy_of"", ""hydroflumethiazide""], [""saruplase"", ""decreases_efficacy_of"", ""sulfamethoxypyridazine""], [""saruplase"", ""decreases_efficacy_of"", ""moroctocog_alfa""], [""win-54954"", ""decreases_efficacy_of"", ""beta-l-fucose""], [""win-54954"", ""decreases_efficacy_of"", ""cefcapene""], [""win-54954"", ""has_side_effect"", ""haemoptysis""], [""beta-l-fucose"", ""has_side_effect"", ""menopausal_symptoms""]]",0.5367394391967351,0.294030487537384,0.7947893142700195,0.4523809523809524,0.4956203535809652,0.8693316877806244,0.8319605543606585,0.7945894209406926,0.7572182875207266,0.7198471541007607,0.6824760206807948,0.6451048872608289,0.6077337538408629,0.570362620420897,0.5329914870009311,0.4956203535809652,0.8021863779258552,0.7138160243300766,0,node_replacement
261,"The drug fentanyl has the ability to increase neuropsychiatric effects. It also decreases the efficacy of pseudoephedrine and axelopran. Nalbuphine, in contrast, decreases the efficacy of fentanyl and is associated with side effects such as dysphoria and dysgeusia.","The drug fentanyl decreases the efficacy of pseudoephedrine, axelopran, and also decreases the effect on neuropsychiatric effects. Nalbuphine, in contrast, decreases the efficacy of fentanyl and has side effects such as dysphoria and dysgeusia.","[[""fentanyl"", ""increases"", ""neuropsychiatric_effects""], [""fentanyl"", ""decreases_efficacy_of"", ""pseudoephedrine""], [""fentanyl"", ""decreases_efficacy_of"", ""axelopran""], [""nalbuphine"", ""decreases_efficacy_of"", ""fentanyl""], [""nalbuphine"", ""associated_with"", ""dysphoria""], [""nalbuphine"", ""associated_with"", ""dysgeusia""]]","[[""fentanyl"", ""decreases_efficacy_of"", ""pseudoephedrine""], [""fentanyl"", ""decreases_efficacy_of"", ""axelopran""], [""fentanyl"", ""decreases"", ""neuropsychiatric_effects""], [""nalbuphine"", ""decreases_efficacy_of"", ""fentanyl""], [""nalbuphine"", ""has_side_effect"", ""dysphoria""], [""nalbuphine"", ""has_side_effect"", ""dysgeusia""]]",1.0,1.0,0.9999998807907104,1.0,1.0,0.9876472028583092,0.9888824825724782,0.9901177622866476,0.9913530420008164,0.9925883217149856,0.9938236014291546,0.9950588811433236,0.9962941608574928,0.9975294405716618,0.998764720285831,1.0,0.9321825379062748,0.9607044092677196,0,edge_replacement
262,"Diethylstilbestrol increases adverse effects. It also decreases the efficacy of liothyronine. Etretinate conversely decreases the efficacy of diethylstilbestrol, levonorgestrel, and estetrol.","Diethylstilbestrol decreases the efficacy of liothyronine and has a reducing effect on adverse effects. Etretinate, in turn, decreases the efficacy of diethylstilbestrol, levonorgestrel, and estetrol.","[[""Diethylstilbestrol"", ""increases"", ""adverse_effects""], [""Diethylstilbestrol"", ""decreases"", ""efficacy_of_liothyronine""], [""Etretinate"", ""decreases"", ""efficacy_of_diethylstilbestrol""], [""Etretinate"", ""decreases"", ""efficacy_of_levonorgestrel""], [""Etretinate"", ""decreases"", ""efficacy_of_estetrol""]]","[[""Diethylstilbestrol"", ""decreases"", ""efficacy_of_liothyronine""], [""Diethylstilbestrol"", ""reduces"", ""adverse_effects""], [""Etretinate"", ""decreases"", ""efficacy_of_diethylstilbestrol""], [""Etretinate"", ""decreases"", ""efficacy_of_levonorgestrel""], [""Etretinate"", ""decreases"", ""efficacy_of_estetrol""]]",1.0,1.0,1.0,1.0,1.0,0.9955579326030422,0.996002139342738,0.9964463460824338,0.9968905528221296,0.9973347595618252,0.9977789663015212,0.9982231730412168,0.9986673797809128,0.9991115865206084,0.9995557932603042,1.0,0.9790857359893416,0.9953415520072432,0,edge_replacement
263,"The drug triamcinolone increases the effect of fluid retention and decreases the efficacy of tubocurarine and thiotepa. Elocalcitol decreases the efficacy of triamcinolone. Additionally, elocalcitol decreases the efficacy of paramethasone and methylprednisolone hemisuccinate. Paramethasone decreases the efficacy of pancuronium, pipecuronium, and huperzine a. Methylprednisolone hemisuccinate has an effect on electrolyte imbalance and decreases the efficacy of aldesleukin and minaprine.","The drug triamcinolone decreases the efficacy of tubocurarine, thiotepa, and it also decreases the effect of fluid retention.

Elocalcitol reduces the efficacy of triamcinolone, paramethasone, and methylprednisolone hemisuccinate.

Paramethasone decreases the efficacy of pancuronium, pipecuronium, and huperzine A.

Methylprednisolone hemisuccinate has an effect on electrolyte imbalance and decreases the efficacy of aldesleukin and minaprine.","[[""triamcinolone"", ""increases"", ""fluid_retention""], [""triamcinolone"", ""decreases"", ""tubocurarine""], [""triamcinolone"", ""decreases"", ""thiotepa""], [""elocalcitol"", ""decreases"", ""triamcinolone""], [""elocalcitol"", ""decreases"", ""paramethasone""], [""elocalcitol"", ""decreases"", ""methylprednisolone_hemisuccinate""], [""paramethasone"", ""decreases"", ""pancuronium""], [""paramethasone"", ""decreases"", ""pipecuronium""], [""paramethasone"", ""decreases"", ""huperzine_a""], [""methylprednisolone_hemisuccinate"", ""has_effect_on"", ""electrolyte_imbalance""], [""methylprednisolone_hemisuccinate"", ""decreases"", ""aldesleukin""], [""methylprednisolone_hemisuccinate"", ""decreases"", ""minaprine""]]","[[""triamcinolone"", ""decreases"", ""tubocurarine""], [""triamcinolone"", ""decreases"", ""thiotepa""], [""triamcinolone"", ""decreases"", ""fluid_retention""], [""elocalcitol"", ""reduces"", ""triamcinolone""], [""elocalcitol"", ""reduces"", ""paramethasone""], [""elocalcitol"", ""reduces"", ""methylprednisolone_hemisuccinate""], [""paramethasone"", ""decreases"", ""pancuronium""], [""paramethasone"", ""decreases"", ""pipecuronium""], [""paramethasone"", ""decreases"", ""huperzine_A""], [""methylprednisolone_hemisuccinate"", ""has_effect_on"", ""electrolyte_imbalance""], [""methylprednisolone_hemisuccinate"", ""decreases"", ""aldesleukin""], [""methylprednisolone_hemisuccinate"", ""decreases"", ""minaprine""]]",1.0,1.0,0.9999999403953552,1.0,1.0,0.998270947606422,0.9984438528457796,0.9986167580851376,0.9987896633244951,0.9989625685638532,0.999135473803211,0.9993083790425688,0.9994812842819266,0.9996541895212844,0.9998270947606422,1.0,0.9884158627189166,0.9850395515391036,0,edge_replacement
264,"The condition genetic hyperferritinemia without iron overload is associated with several phenotypes including elevated hepatic iron concentration, abnormal serum iron concentration, and abnormal transferrin saturation. The gene FTL is known to cause neurodegeneration with brain iron accumulation 3, l-ferritin deficiency, and genetic hyperferritinemia without iron overload. Neurodegeneration with brain iron accumulation 3 presents with phenotypes such as cavitation of the basal ganglia, hyperreflexia in upper limbs, and frontal lobe dementia.","The condition genetic hyperferritinemia without iron overload manifests as elevated hepatic iron concentration, paroxysmal drowsiness, and abnormal transferrin saturation. The gene GZMM is implicated in causing mitochondrial complex I deficiency, l-ferritin deficiency, and genetic hyperferritinemia without iron overload. Mitochondrial complex I deficiency leads to phenotypes such as cavitation of the basal ganglia, hyperreflexia in upper limbs, and frontal lobe dementia.","[[""genetic_hyperferritinemia_without_iron_overload"", ""associated_with"", ""elevated_hepatic_iron_concentration""], [""genetic_hyperferritinemia_without_iron_overload"", ""associated_with"", ""abnormal_serum_iron_concentration""], [""genetic_hyperferritinemia_without_iron_overload"", ""associated_with"", ""abnormal_transferrin_saturation""], [""FTL"", ""causes"", ""neurodegeneration_with_brain_iron_accumulation_3""], [""FTL"", ""causes"", ""l-ferritin_deficiency""], [""FTL"", ""causes"", ""genetic_hyperferritinemia_without_iron_overload""], [""neurodegeneration_with_brain_iron_accumulation_3"", ""presents_with"", ""cavitation_of_the_basal_ganglia""], [""neurodegeneration_with_brain_iron_accumulation_3"", ""presents_with"", ""hyperreflexia_in_upper_limbs""], [""neurodegeneration_with_brain_iron_accumulation_3"", ""presents_with"", ""frontal_lobe_dementia""]]","[[""genetic_hyperferritinemia_without_iron_overload"", ""manifests_as"", ""elevated_hepatic_iron_concentration""], [""genetic_hyperferritinemia_without_iron_overload"", ""manifests_as"", ""paroxysmal_drowsiness""], [""genetic_hyperferritinemia_without_iron_overload"", ""manifests_as"", ""abnormal_transferrin_saturation""], [""GZMM"", ""implicated_in"", ""mitochondrial_complex_I_deficiency""], [""GZMM"", ""implicated_in"", ""l-ferritin_deficiency""], [""GZMM"", ""implicated_in"", ""genetic_hyperferritinemia_without_iron_overload""], [""mitochondrial_complex_I_deficiency"", ""leads_to"", ""cavitation_of_the_basal_ganglia""], [""mitochondrial_complex_I_deficiency"", ""leads_to"", ""hyperreflexia_in_upper_limbs""], [""mitochondrial_complex_I_deficiency"", ""leads_to"", ""frontal_lobe_dementia""]]",0.6851851851851852,0.47869873046875,0.8558170199394226,0.6166666666666667,0.6896128215320529,0.8864580452971762,0.8667735229206639,0.8470890005441516,0.8274044781676392,0.8077199557911269,0.7880354334146146,0.7683509110381023,0.7486663886615899,0.7289818662850776,0.7092973439085652,0.6896128215320529,0.7482860978556305,0.8020909565403637,0,node_replacement
265,"The BCG vaccine decreases efficacy of corticotropin, valganciclovir, and epothilone D. Additionally, KOS-1584 reduces efficacy of picosulfuric acid, estetrol, and the BCG vaccine. Estetrol decreases efficacy of alitretinoin, amdinocillin, and gosogliptin. Lastly, picosulfuric acid reduces efficacy of cyclopentolate.","The BCG vaccine reduces the efficacy of corticotropin, valganciclovir, and epothilone D. In addition, Kos-1584 decreases the efficacy of picosulfuric acid. Estetrol decreases the efficacy of alitretinoin, amdinocillin, and gosogliptin. Furthermore, picosulfuric acid decreases the efficacy of cyclopentolate.","[[""BCG_vaccine"", ""decreases_efficacy_of"", ""corticotropin""], [""BCG_vaccine"", ""decreases_efficacy_of"", ""valganciclovir""], [""BCG_vaccine"", ""decreases_efficacy_of"", ""epothilone_D""], [""KOS-1584"", ""reduces_efficacy_of"", ""picosulfuric_acid""], [""KOS-1584"", ""reduces_efficacy_of"", ""estetrol""], [""KOS-1584"", ""reduces_efficacy_of"", ""BCG_vaccine""], [""estetrol"", ""decreases_efficacy_of"", ""alitretinoin""], [""estetrol"", ""decreases_efficacy_of"", ""amdinocillin""], [""estetrol"", ""decreases_efficacy_of"", ""gosogliptin""], [""picosulfuric_acid"", ""reduces_efficacy_of"", ""cyclopentolate""]]","[[""BCG_vaccine"", ""reduces_efficacy_of"", ""corticotropin""], [""BCG_vaccine"", ""reduces_efficacy_of"", ""valganciclovir""], [""BCG_vaccine"", ""reduces_efficacy_of"", ""epothilone_D""], [""Kos-1584"", ""decreases_efficacy_of"", ""picosulfuric_acid""], [""estetrol"", ""decreases_efficacy_of"", ""alitretinoin""], [""estetrol"", ""decreases_efficacy_of"", ""amdinocillin""], [""estetrol"", ""decreases_efficacy_of"", ""gosogliptin""], [""picosulfuric_acid"", ""decreases_efficacy_of"", ""cyclopentolate""]]",0.8484848484848485,1.0,0.9999999403953552,0.8484848484848485,0.8484848484848485,0.987545550659476,0.9736394804420134,0.9597334102245506,0.9458273400070878,0.9319212697896252,0.9180151995721624,0.9041091293546994,0.8902030591372367,0.876296988919774,0.8623909187023112,0.8484848484848485,0.9823653543221106,0.9667880314153052,0,edge_deletion
266,"The drug escitalopram increases the effect of constipation and affects fkbp prolyl isomerase 5. Meanwhile, capsaicin decreases the efficacy of dextromethorphan, escitalopram, and cortivazol.","The drug escitalopram increases the effect of constipation, affecting the protein FKBP prolyl isomerase 5. Capsaicin decreases the efficacy of dextromethorphan, escitalopram, and cortivazol.","[[""escitalopram"", ""increases_effect_of"", ""constipation""], [""escitalopram"", ""affects"", ""fkbp_prolyl_isomerase_5""], [""capsaicin"", ""decreases_efficacy_of"", ""dextromethorphan""], [""capsaicin"", ""decreases_efficacy_of"", ""escitalopram""], [""capsaicin"", ""decreases_efficacy_of"", ""cortivazol""]]","[[""escitalopram"", ""increases_effect_of"", ""constipation""], [""escitalopram"", ""affects"", ""FKBP_prolyl_isomerase_5""], [""capsaicin"", ""decreases_efficacy_of"", ""dextromethorphan""], [""capsaicin"", ""decreases_efficacy_of"", ""escitalopram""], [""capsaicin"", ""decreases_efficacy_of"", ""cortivazol""]]",1.0,1.0,0.9999999403953552,1.0,1.0,0.9999999197414108,0.9999999277672698,0.9999999357931288,0.9999999438189876,0.9999999518448466,0.9999999598707054,0.9999999678965644,0.9999999759224232,0.9999999839482822,0.9999999919741412,1.0,0.9999999958276748,0.999999988053562,1,edge_replacement
267,"The drug nitrofurantoin increases the efficacy of fluocinonide, methyltestosterone, and also has a potential side effect of causing psychotic disorder. Conversely, levothyroxine decreases the efficacy of mitiglinide, dasatinib, and esterified estrogens. Nandrolone decanoate targets the 5-hydroxytryptamine 2 receptor and increases the efficacy of mephenytoin and dantrolene. Additionally, liothyronine i-131 enhances the efficacy of levothyroxine, nitrofurantoin, and nandrolone decanoate.","The drug nitrofurantoin is known to increase the efficacy of fluocinonide, methyltestosterone, as well as has a side effect of psychotic disorder.

Additionally, levothyroxine has been shown to decrease the efficacy of mitiglinide, dasatinib, and esterified estrogens.

Moreover, nandrolone decanoate targets the 5-hydroxytryptamine 2 receptor and enhances the efficacy of mephenytoin and dantrolene.

Lastly, liothyronine i-131 boosts the efficacy of levothyroxine, nitrofurantoin, and nandrolone decanoate.","[[""nitrofurantoin"", ""increases_efficacy_of"", ""fluocinonide""], [""nitrofurantoin"", ""increases_efficacy_of"", ""methyltestosterone""], [""nitrofurantoin"", ""has_side_effect"", ""psychotic_disorder""], [""levothyroxine"", ""decreases_efficacy_of"", ""mitiglinide""], [""levothyroxine"", ""decreases_efficacy_of"", ""dasatinib""], [""levothyroxine"", ""decreases_efficacy_of"", ""esterified_estrogens""], [""nandrolone_decanoate"", ""targets"", ""5-hydroxytryptamine_2_receptor""], [""nandrolone_decanoate"", ""increases_efficacy_of"", ""mephenytoin""], [""nandrolone_decanoate"", ""increases_efficacy_of"", ""dantrolene""], [""liothyronine_i-131"", ""enhances_efficacy_of"", ""levothyroxine""], [""liothyronine_i-131"", ""enhances_efficacy_of"", ""nitrofurantoin""], [""liothyronine_i-131"", ""enhances_efficacy_of"", ""nandrolone_decanoate""]]","[[""nitrofurantoin"", ""increases_efficacy_of"", ""fluocinonide""], [""nitrofurantoin"", ""increases_efficacy_of"", ""methyltestosterone""], [""nitrofurantoin"", ""has_side_effect"", ""psychotic_disorder""], [""levothyroxine"", ""decreases_efficacy_of"", ""mitiglinide""], [""levothyroxine"", ""decreases_efficacy_of"", ""dasatinib""], [""levothyroxine"", ""decreases_efficacy_of"", ""esterified_estrogens""], [""nandrolone_decanoate"", ""targets"", ""5-hydroxytryptamine_2_receptor""], [""nandrolone_decanoate"", ""enhances_efficacy_of"", ""mephenytoin""], [""nandrolone_decanoate"", ""enhances_efficacy_of"", ""dantrolene""], [""liothyronine_i-131"", ""boosts_efficacy_of"", ""levothyroxine""], [""liothyronine_i-131"", ""boosts_efficacy_of"", ""nitrofurantoin""], [""liothyronine_i-131"", ""boosts_efficacy_of"", ""nandrolone_decanoate""]]",1.0,1.0,1.0,1.0,1.0,0.9993327354562974,0.9993994619106676,0.999466188365038,0.999532914819408,0.9995996412737784,0.9996663677281488,0.999733094182519,0.9997998206368892,0.9998665470912595,0.9999332735456298,1.0,0.9954499270409576,0.9907037667859344,1,edge_deletion
268,"Tolazamide increases the efficacy of difloxacin and epanolol, but has a side effect of urticaria. Tolbutamide decreases the efficacy of etacrynic acid, but increases the efficacy of cloricromen and targets cytochrome p450 2d6. Epanolol decreases the efficacy of isoetharine and ractopamine, but increases the efficacy of gosogliptin. Insulin detemir increases the efficacy of atenolol, but has side effects of sudden death and vaginal infection. BL-1020 decreases the efficacy of tolazamide, tolbutamide, and insulin detemir. Difloxacin increases the efficacy of dutogliptin.","The drug tolazamide increases the efficacy of difloxacin and epanolol, but it also has the side effect of urticaria. Tolbutamide decreases the efficacy of etacrynic acid, but increases the efficacy of cloricromen. It also targets cytochrome P450 2D6. Epanolol decreases the efficacy of isoetharine and ractopamine, but increases the efficacy of gosogliptin. Insulin detemir increases the efficacy of atenolol, but has side effects of sudden death and vaginal infection. BL-1020 decreases the efficacy of tolazamide, tolbutamide, and insulin detemir. Lastly, difloxacin increases the efficacy of dutogliptin.","[[""Tolazamide"", ""increases_efficacy_of"", ""Difloxacin""], [""Tolazamide"", ""increases_efficacy_of"", ""Epanolol""], [""Tolazamide"", ""has_side_effect"", ""Urticaria""], [""Tolbutamide"", ""decreases_efficacy_of"", ""Etacrynic_acid""], [""Tolbutamide"", ""increases_efficacy_of"", ""Cloricromen""], [""Tolbutamide"", ""targets"", ""Cytochrome_p450_2d6""], [""Epanolol"", ""decreases_efficacy_of"", ""Isoetharine""], [""Epanolol"", ""decreases_efficacy_of"", ""Ractopamine""], [""Epanolol"", ""increases_efficacy_of"", ""Gosogliptin""], [""Insulin_detemir"", ""increases_efficacy_of"", ""Atenolol""], [""Insulin_detemir"", ""has_side_effect"", ""Sudden_death""], [""Insulin_detemir"", ""has_side_effect"", ""Vaginal_infection""], [""BL-1020"", ""decreases_efficacy_of"", ""Tolazamide""], [""BL-1020"", ""decreases_efficacy_of"", ""Tolbutamide""], [""BL-1020"", ""decreases_efficacy_of"", ""Insulin_detemir""], [""Difloxacin"", ""increases_efficacy_of"", ""Dutogliptin""]]","[[""Tolazamide"", ""increases_efficacy_of"", ""Difloxacin""], [""Tolazamide"", ""increases_efficacy_of"", ""Epanolol""], [""Tolazamide"", ""has_side_effect"", ""Urticaria""], [""Tolbutamide"", ""decreases_efficacy_of"", ""Etacrynic_acid""], [""Tolbutamide"", ""increases_efficacy_of"", ""Cloricromen""], [""Tolbutamide"", ""targets"", ""Cytochrome_P450_2D6""], [""Epanolol"", ""decreases_efficacy_of"", ""Isoetharine""], [""Epanolol"", ""decreases_efficacy_of"", ""Ractopamine""], [""Epanolol"", ""increases_efficacy_of"", ""Gosogliptin""], [""Insulin_detemir"", ""increases_efficacy_of"", ""Atenolol""], [""Insulin_detemir"", ""has_side_effect"", ""Sudden_death""], [""Insulin_detemir"", ""has_side_effect"", ""Vaginal_infection""], [""BL-1020"", ""decreases_efficacy_of"", ""Tolazamide""], [""BL-1020"", ""decreases_efficacy_of"", ""Tolbutamide""], [""BL-1020"", ""decreases_efficacy_of"", ""Insulin_detemir""], [""Difloxacin"", ""increases_efficacy_of"", ""Dutogliptin""]]",1.0,1.0,0.9999998807907104,1.0,1.0,0.9999998986531492,0.9999999087878344,0.9999999189225196,0.9999999290572044,0.9999999391918896,0.9999999493265748,0.9999999594612596,0.9999999695959448,0.9999999797306298,0.9999999898653148,1.0,1.0,0.999999986920196,1,node_replacement
269,"The drug bisacodyl decreases the efficacy of morphine, dicyclomine, and homatropine. Additionally, spiradoline reduces the effectiveness of alfentanil, oxymorphone, and dextromoramide. On the other hand, dihydrocodeine increases the efficacy of lofexidine but decreases the efficacy of bisacodyl and spiradoline. Morphine is associated with side effects like diplopia and urinary tract disorder. Moreover, lofexidine enhances the efficacy of nalbuphine, milnacipran, and octamoxin.","The drug bisacodyl decreases the efficacy of digitoxigenin sophoroside, dicyclomine, and cryptophycin 38. Similarly, the drug bisoprolol decreases the efficacy of trimesic acid, oxymorphone, and naloxegol. Conversely, dactylallene increases the efficacy of 3-hydroxycoumarin but decreases the efficacy of both bisacodyl and bisoprolol. Additionally, digitoxigenin sophoroside is associated with side effects such as metallic taste and urinary tract disorder. On the other hand, 3-hydroxycoumarin enhances the efficacy of nalbuphine, milnacipran, and octamoxin.","[[""bisacodyl"", ""decreases_efficacy_of"", ""morphine""], [""bisacodyl"", ""decreases_efficacy_of"", ""dicyclomine""], [""bisacodyl"", ""decreases_efficacy_of"", ""homatropine""], [""spiradoline"", ""reduces_effectiveness_of"", ""alfentanil""], [""spiradoline"", ""reduces_effectiveness_of"", ""oxymorphone""], [""spiradoline"", ""reduces_effectiveness_of"", ""dextromoramide""], [""dihydrocodeine"", ""increases_efficacy_of"", ""lofexidine""], [""dihydrocodeine"", ""decreases_efficacy_of"", ""bisacodyl""], [""dihydrocodeine"", ""decreases_efficacy_of"", ""spiradoline""], [""morphine"", ""associated_with"", ""diplopia""], [""morphine"", ""associated_with"", ""urinary_tract_disorder""], [""lofexidine"", ""enhances_efficacy_of"", ""nalbuphine""], [""lofexidine"", ""enhances_efficacy_of"", ""milnacipran""], [""lofexidine"", ""enhances_efficacy_of"", ""octamoxin""]]","[[""bisacodyl"", ""decreases_efficacy_of"", ""digitoxigenin_sophoroside""], [""bisacodyl"", ""decreases_efficacy_of"", ""dicyclomine""], [""bisacodyl"", ""decreases_efficacy_of"", ""cryptophycin_38""], [""bisoprolol"", ""decreases_efficacy_of"", ""trimesic_acid""], [""bisoprolol"", ""decreases_efficacy_of"", ""oxymorphone""], [""bisoprolol"", ""decreases_efficacy_of"", ""naloxegol""], [""dactylallene"", ""increases_efficacy_of"", ""3-hydroxycoumarin""], [""dactylallene"", ""decreases_efficacy_of"", ""bisacodyl""], [""dactylallene"", ""decreases_efficacy_of"", ""bisoprolol""], [""digitoxigenin_sophoroside"", ""associated_with"", ""metallic_taste""], [""digitoxigenin_sophoroside"", ""associated_with"", ""urinary_tract_disorder""], [""3-hydroxycoumarin"", ""enhances_efficacy_of"", ""nalbuphine""], [""3-hydroxycoumarin"", ""enhances_efficacy_of"", ""milnacipran""], [""3-hydroxycoumarin"", ""enhances_efficacy_of"", ""octamoxin""]]",0.4297722474802028,0.3863095343112945,0.8068986535072327,0.4111111111111111,0.4668995278238409,0.8758009613771377,0.834910818021808,0.7940206746664784,0.7531305313111486,0.712240387955819,0.6713502446004893,0.6304601012451596,0.5895699578898299,0.5486798145345002,0.5077896711791706,0.4668995278238409,0.7768090465650489,0.7543497865353342,0,node_replacement
270,"Tiaprofenic acid decreases the efficacy of candoxatril and has a side effect of enterocolitis. Tienilic acid decreases the efficacy of sufentanil, dihydromorphine, and suxibuzone. Guacetisal decreases the efficacy of nitrendipine, tiaprofenic acid, and tienilic acid. Nitrendipine increases the efficacy of hydrochlorothiazide and ravuconazole but decreases the efficacy of fenbufen.","Cephalostatin 16 decreases the efficacy of porsapogenin 7 and has a side effect of enterocolitis. Tienilic acid decreases the efficacy of sufentanil, dihydromorphine, and fendiline. Guacetisal decreases the efficacy of nitrendipine, cephalostatin 16, and tienilic acid. Nitrendipine increases the efficacy of hydrochlorothiazide and ravuconazole but decreases the efficacy of fenbufen.","[[""Tiaprofenic_acid"", ""decreases_efficacy_of"", ""Candoxatril""], [""Tiaprofenic_acid"", ""has_side_effect"", ""Enterocolitis""], [""Tienilic_acid"", ""decreases_efficacy_of"", ""Sufentanil""], [""Tienilic_acid"", ""decreases_efficacy_of"", ""Dihydromorphine""], [""Tienilic_acid"", ""decreases_efficacy_of"", ""Suxibuzone""], [""Guacetisal"", ""decreases_efficacy_of"", ""Nitrendipine""], [""Guacetisal"", ""decreases_efficacy_of"", ""Tiaprofenic_acid""], [""Guacetisal"", ""decreases_efficacy_of"", ""Tienilic_acid""], [""Nitrendipine"", ""increases_efficacy_of"", ""Hydrochlorothiazide""], [""Nitrendipine"", ""increases_efficacy_of"", ""Ravuconazole""], [""Nitrendipine"", ""decreases_efficacy_of"", ""Fenbufen""]]","[[""Cephalostatin_16"", ""decreases_efficacy_of"", ""Porsapogenin_7""], [""Cephalostatin_16"", ""has_side_effect"", ""Enterocolitis""], [""Tienilic_acid"", ""decreases_efficacy_of"", ""Sufentanil""], [""Tienilic_acid"", ""decreases_efficacy_of"", ""Dihydromorphine""], [""Tienilic_acid"", ""decreases_efficacy_of"", ""Fendiline""], [""Guacetisal"", ""decreases_efficacy_of"", ""Nitrendipine""], [""Guacetisal"", ""decreases_efficacy_of"", ""Cephalostatin_16""], [""Guacetisal"", ""decreases_efficacy_of"", ""Tienilic_acid""], [""Nitrendipine"", ""increases_efficacy_of"", ""Hydrochlorothiazide""], [""Nitrendipine"", ""increases_efficacy_of"", ""Ravuconazole""], [""Nitrendipine"", ""decreases_efficacy_of"", ""Fenbufen""]]",0.59336610396393,0.4223672747611999,0.8295477628707886,0.6805555555555556,0.59336610396393,0.9760807550578432,0.9378092899484518,0.8995378248390605,0.8612663597296691,0.8229948946202779,0.7847234295108865,0.7464519644014953,0.7081804992921039,0.6699090341827125,0.6316375690733214,0.59336610396393,0.9420046710431194,0.8304003853324851,0,node_replacement
271,"The drug profenamine increases the effect of reduced gastrointestinal motility. It decreases the efficacy of paramethasone and potassium bitartrate. Quinidine decreases the efficacy of isoxsuprine and rilmenidine, and has cholinesterase as a target. Solabegron increases the activity of the hypertensive activities and decreases the efficacy of both profenamine and quinidine.","The drug Profenamine increases the effect of reduced gastrointestinal motility, but decreases the efficacy of Paramethasone and Potassium Bitartrate. Quinidine decreases the efficacy of Isoxsuprine and Rilmenidine, and targets Cholinesterase. Solabegron increases the activity of the hypertensive activities, while decreasing the efficacy of Profenamine and Quinidine.","[[""profenamine"", ""increases"", ""reduced_gastrointestinal_motility""], [""profenamine"", ""decreases"", ""paramethasone""], [""profenamine"", ""decreases"", ""potassium_bitartrate""], [""quinidine"", ""decreases"", ""isoxsuprine""], [""quinidine"", ""decreases"", ""rilmenidine""], [""quinidine"", ""target"", ""cholinesterase""], [""solabegron"", ""increases"", ""hypertensive_activities""], [""solabegron"", ""decreases"", ""profenamine""], [""solabegron"", ""decreases"", ""quinidine""]]","[[""Profenamine"", ""increases"", ""reduced_gastrointestinal_motility""], [""Profenamine"", ""decreases"", ""Paramethasone""], [""Profenamine"", ""decreases"", ""Potassium_Bitartrate""], [""Quinidine"", ""decreases"", ""Isoxsuprine""], [""Quinidine"", ""decreases"", ""Rilmenidine""], [""Quinidine"", ""target"", ""Cholinesterase""], [""Solabegron"", ""increases"", ""hypertensive_activities""], [""Solabegron"", ""decreases"", ""Profenamine""], [""Solabegron"", ""decreases"", ""Quinidine""]]",1.0,0.9999999403953552,0.9999999403953552,1.0,1.0,0.999999920953117,0.9999999288578052,0.9999999367624935,0.999999944667182,0.99999995257187,0.9999999604765584,0.9999999683812468,0.9999999762859352,0.9999999841906234,0.9999999920953117,1.0,0.9999999905957117,1.0,1,edge_replacement
272,"The drug methotrimeprazine increases the neuropsychiatric effects. It also decreases the efficacy of phenylephrine and pyridostigmine. Sorbitol, in turn, reduces the efficacy of methotrimeprazine, hydrotalcite, and bevonium. Additionally, hydrotalcite decreases the efficacy of lactulose.","The drug methotrimeprazine increases the neuropsychiatric effects, and decreases the efficacy of phenylephrine and pyridostigmine. Sorbitol, on the other hand, decreases the efficacy of methotrimeprazine, hydrotalcite, and bevonium. Furthermore, hydrotalcite decreases the efficacy of lactulose.","[[""methotrimeprazine"", ""increases"", ""neuropsychiatric_effects""], [""methotrimeprazine"", ""decreases"", ""phenylephrine""], [""methotrimeprazine"", ""decreases"", ""pyridostigmine""], [""sorbitol"", ""reduces"", ""methotrimeprazine""], [""sorbitol"", ""reduces"", ""hydrotalcite""], [""sorbitol"", ""reduces"", ""bevonium""], [""hydrotalcite"", ""decreases"", ""lactulose""]]","[[""methotrimeprazine"", ""increases"", ""neuropsychiatric_effects""], [""methotrimeprazine"", ""decreases"", ""phenylephrine""], [""methotrimeprazine"", ""decreases"", ""pyridostigmine""], [""sorbitol"", ""decreases"", ""methotrimeprazine""], [""sorbitol"", ""decreases"", ""hydrotalcite""], [""sorbitol"", ""decreases"", ""bevonium""], [""hydrotalcite"", ""decreases"", ""lactulose""]]",1.0,1.0,0.9999999403953552,1.0,1.0,0.9948675866963764,0.9953808280267388,0.9958940693571012,0.9964073106874636,0.996920552017826,0.9974337933481884,0.9979470346785506,0.998460276008913,0.9989735173392752,0.9994867586696377,1.0,0.9877329191836612,0.960752929505825,1,edge_replacement
273,"Insulin pork increases the effect of hyperglycemia, increases the efficacy of pefloxacin, and decreases the efficacy of promestriene. Norethynodrel decreases the efficacy of insulin pork, hetacillin, and hyodeoxycholic acid.","The drug insulin pork increases the effects of hyperglycemia and the efficacy of pefloxacin but decreases the efficacy of promestriene. Conversely, the drug norethynodrel decreases the efficacy of insulin pork, hetacillin, and hyodeoxycholic acid.","[[""Insulin_pork"", ""increases_effect_of"", ""Hyperglycemia""], [""Insulin_pork"", ""increases_efficacy_of"", ""Pefloxacin""], [""Insulin_pork"", ""decreases_efficacy_of"", ""Promestriene""], [""Norethynodrel"", ""decreases_efficacy_of"", ""Insulin_pork""], [""Norethynodrel"", ""decreases_efficacy_of"", ""Hetacillin""], [""Norethynodrel"", ""decreases_efficacy_of"", ""Hyodeoxycholic_acid""]]","[[""Insulin_pork"", ""increases_effect_of"", ""Hyperglycemia""], [""Insulin_pork"", ""increases_efficacy_of"", ""Pefloxacin""], [""Insulin_pork"", ""decreases_efficacy_of"", ""Promestriene""], [""Norethynodrel"", ""decreases_efficacy_of"", ""Insulin_pork""], [""Norethynodrel"", ""decreases_efficacy_of"", ""Hetacillin""], [""Norethynodrel"", ""decreases_efficacy_of"", ""Hyodeoxycholic_acid""]]",1.0,1.0,1.0,1.0,1.0,0.9999999231958866,0.999999930876298,0.9999999385567092,0.9999999462371204,0.999999953917532,0.9999999615979434,0.9999999692783548,0.999999976958766,0.9999999846391774,0.9999999923195888,1.0,0.9999999937557038,0.999999989676386,1,edge_replacement
274,"Adenosine increases the activity of the vasodilatory activities, while decreasing the efficacy of bamifylline. Adenosine has a target known as fibroblast growth factor receptor 2, which is a gene product of FGFR2.","Adenosine decreases the efficacy of bamifylline, has a target fibroblast growth factor receptor 2, and decreases the activity of the vasodilatory activities. Fibroblast growth factor receptor 2 is a gene product of FGFR2.","[[""Adenosine"", ""increases"", ""vasodilatory_activities""], [""Adenosine"", ""decreases"", ""bamifylline""], [""Adenosine"", ""has_target"", ""fibroblast_growth_factor_receptor_2""], [""fibroblast_growth_factor_receptor_2"", ""is_gene_product_of"", ""FGFR2""]]","[[""Adenosine"", ""decreases"", ""bamifylline""], [""Adenosine"", ""has_target"", ""fibroblast_growth_factor_receptor_2""], [""Adenosine"", ""decreases"", ""vasodilatory_activities""], [""fibroblast_growth_factor_receptor_2"", ""is_gene_product_of"", ""FGFR2""]]",1.0,1.0,1.0,1.0,1.0,0.9957909647597796,0.9962118682838016,0.9966327718078238,0.9970536753318456,0.9974745788558678,0.9978954823798898,0.998316385903912,0.9987372894279338,0.999158192951956,0.999579096475978,1.0,0.9830125725533848,0.9918817518152712,0,edge_replacement
275,"Cannabidiol targets multiple proteins including cannabinoid receptor 1, catalase, and cytochrome P450 1A2. Repaglinide increases the efficacy of indenolol. Estetrol decreases the efficacy of repaglinide, mycophenolic acid, and cannabidiol. Mycophenolic acid has side effects such as mental disorder, increased gamma-glutamyltransferase, and muscular weakness.","Cannabidiol targets multiple proteins including cannabinoid receptor 1, catalase, and cytochrome P450 1A2. Repaglinide increases the efficacy of indenolol while estetrol decreases the efficacy of repaglinide. Mycophenolic acid is associated with side effects such as mental disorder, increased gamma-glutamyltransferase, and muscular weakness.","[[""Cannabidiol"", ""targets"", ""cannabinoid_receptor_1""], [""Cannabidiol"", ""targets"", ""catalase""], [""Cannabidiol"", ""targets"", ""cytochrome_P450_1A2""], [""Repaglinide"", ""increases_efficacy_of"", ""indenolol""], [""Estetrol"", ""decreases_efficacy_of"", ""repaglinide""], [""Estetrol"", ""decreases_efficacy_of"", ""mycophenolic_acid""], [""Estetrol"", ""decreases_efficacy_of"", ""cannabidiol""], [""Mycophenolic_acid"", ""has_side_effect"", ""mental_disorder""], [""Mycophenolic_acid"", ""has_side_effect"", ""increased_gamma-glutamyltransferase""], [""Mycophenolic_acid"", ""has_side_effect"", ""muscular_weakness""]]","[[""Cannabidiol"", ""targets"", ""cannabinoid_receptor_1""], [""Cannabidiol"", ""targets"", ""catalase""], [""Cannabidiol"", ""targets"", ""cytochrome_P450_1A2""], [""Repaglinide"", ""increases_efficacy_of"", ""indenolol""], [""Estetrol"", ""decreases_efficacy_of"", ""repaglinide""], [""Mycophenolic_acid"", ""has_side_effect"", ""mental_disorder""], [""Mycophenolic_acid"", ""has_side_effect"", ""increased_gamma-glutamyltransferase""], [""Mycophenolic_acid"", ""has_side_effect"", ""muscular_weakness""]]",0.7666666666666667,0.8762638568878174,0.9642257690429688,0.7878787878787878,0.7878787878787878,0.985506664216362,0.9657438765826044,0.9459810889488472,0.9262183013150896,0.9064555136813324,0.8866927260475749,0.8669299384138174,0.84716715078006,0.8274043631463027,0.8076415755125452,0.7878787878787878,0.9825904551434772,0.9870695499639212,0,edge_deletion
276,The drug Tegaserod increases the activity of the excretion rate. Tegaserod also decreases the efficacy of Seletracetam and Hexocyclium. Oxyphenisatin decreases the efficacy of Pizotifen. Emopamil has an effect on hypertension and decreases the efficacy of both Tegaserod and Oxyphenisatin.,The drug tegaserod increases the activity of the excretion rate. Tegaserod also decreases the efficacy of seletracetam and hexocyclium. Oxyphenisatin decreases the efficacy of pizotifen. Emopamil has an effect on hypertension and decreases the efficacy of tegaserod and oxyphenisatin.,"[[""Tegaserod"", ""increases"", ""excretion_rate""], [""Tegaserod"", ""decreases"", ""Seletracetam""], [""Tegaserod"", ""decreases"", ""Hexocyclium""], [""Oxyphenisatin"", ""decreases"", ""Pizotifen""], [""Emopamil"", ""has_effect_on"", ""hypertension""], [""Emopamil"", ""decreases"", ""Tegaserod""], [""Emopamil"", ""decreases"", ""Oxyphenisatin""]]","[[""Tegaserod"", ""increases"", ""excretion_rate""], [""Tegaserod"", ""decreases"", ""Seletracetam""], [""Tegaserod"", ""decreases"", ""Hexocyclium""], [""Oxyphenisatin"", ""decreases"", ""Pizotifen""], [""Emopamil"", ""has_effect_on"", ""hypertension""], [""Emopamil"", ""decreases"", ""Tegaserod""], [""Emopamil"", ""decreases"", ""Oxyphenisatin""]]",1.0,1.0,0.9999999403953552,1.0,1.0,1.0,1.0,1.0,1.0,1.0,1.0,1.0,1.0,1.0,1.0,1.0,0.9999999837151596,0.999999987632933,1,edge_replacement
277,"Streptokinase decreases the efficacy of triamcinolone, coagulation factor X human, and has an indication for congestive heart failure. Nonacog beta pegol decreases the efficacy of streptokinase and fluindione. Rurioctocog alfa pegol decreases the efficacy of pegnivacogin, dalteparin, and eptacog alfa pegol (activated). Fluindione increases the efficacy of fleroxacin but decreases the efficacy of cyclopenthiazide. Heptaethylene glycol decreases the efficacy of cepeginterferon alfa-2b, nonacog beta pegol, and rurioctocog alfa pegol. Cepeginterferon alfa-2b decreases the efficacy of measles virus vaccine live attenuated, hepatitis A vaccine, and AstraZeneca COVID-19 vaccine.","The drug streptokinase is known to decrease the efficacy of triamcinolone, coagulation factor X human, and has an indication for Congestive heart failure.

Nonacog beta pegol decreases the efficacy of streptokinase and fluindione.

Rurioctocog alfa pegol decreases the efficacy of pegnivacogin, dalteparin, and eptacog alfa pegol (activated).

Fluindione increases the efficacy of fleroxacin, but decreases the efficacy of cyclopenthiazide.

Heptaethylene glycol decreases the efficacy of cepeginterferon alfa-2b, nonacog beta pegol, and rurioctocog alfa pegol.

Cepeginterferon alfa-2b decreases the efficacy of measles virus vaccine live attenuated, hepatitis A vaccine, and AstraZeneca COVID-19 vaccine.","[[""Streptokinase"", ""decreases_efficacy_of"", ""Triamcinolone""], [""Streptokinase"", ""decreases_efficacy_of"", ""Coagulation_factor_X_human""], [""Streptokinase"", ""indication_for"", ""Congestive_heart_failure""], [""Nonacog_beta_pegol"", ""decreases_efficacy_of"", ""Streptokinase""], [""Nonacog_beta_pegol"", ""decreases_efficacy_of"", ""Fluindione""], [""Rurioctocog_alfa_pegol"", ""decreases_efficacy_of"", ""Pegnivacogin""], [""Rurioctocog_alfa_pegol"", ""decreases_efficacy_of"", ""Dalteparin""], [""Rurioctocog_alfa_pegol"", ""decreases_efficacy_of"", ""Eptacog_alfa_pegol_activated""], [""Fluindione"", ""increases_efficacy_of"", ""Fleroxacin""], [""Fluindione"", ""decreases_efficacy_of"", ""Cyclopenthiazide""], [""Heptaethylene_glycol"", ""decreases_efficacy_of"", ""Cepeginterferon_alfa-2b""], [""Heptaethylene_glycol"", ""decreases_efficacy_of"", ""Nonacog_beta_pegol""], [""Heptaethylene_glycol"", ""decreases_efficacy_of"", ""Rurioctocog_alfa_pegol""], [""Cepeginterferon_alfa-2b"", ""decreases_efficacy_of"", ""Measles_virus_vaccine_live_attenuated""], [""Cepeginterferon_alfa-2b"", ""decreases_efficacy_of"", ""Hepatitis_A_vaccine""], [""Cepeginterferon_alfa-2b"", ""decreases_efficacy_of"", ""AstraZeneca_COVID-19_vaccine""]]","[[""Streptokinase"", ""decreases_efficacy_of"", ""Triamcinolone""], [""Streptokinase"", ""decreases_efficacy_of"", ""Coagulation_factor_X_human""], [""Streptokinase"", ""indication_for"", ""Congestive_heart_failure""], [""Nonacog_beta_pegol"", ""decreases_efficacy_of"", ""Streptokinase""], [""Nonacog_beta_pegol"", ""decreases_efficacy_of"", ""Fluindione""], [""Rurioctocog_alfa_pegol"", ""decreases_efficacy_of"", ""Pegnivacogin""], [""Rurioctocog_alfa_pegol"", ""decreases_efficacy_of"", ""Dalteparin""], [""Rurioctocog_alfa_pegol"", ""decreases_efficacy_of"", ""Eptacog_alfa_pegol_activated""], [""Fluindione"", ""increases_efficacy_of"", ""Fleroxacin""], [""Fluindione"", ""decreases_efficacy_of"", ""Cyclopenthiazide""], [""Heptaethylene_glycol"", ""decreases_efficacy_of"", ""Cepeginterferon_alfa-2b""], [""Heptaethylene_glycol"", ""decreases_efficacy_of"", ""Nonacog_beta_pegol""], [""Heptaethylene_glycol"", ""decreases_efficacy_of"", ""Rurioctocog_alfa_pegol""], [""Cepeginterferon_alfa-2b"", ""decreases_efficacy_of"", ""Measles_virus_vaccine_live_attenuated""], [""Cepeginterferon_alfa-2b"", ""decreases_efficacy_of"", ""Hepatitis_A_vaccine""], [""Cepeginterferon_alfa-2b"", ""decreases_efficacy_of"", ""AstraZeneca_COVID-19_vaccine""]]",1.0,0.9999999403953552,1.0,1.0,1.0,0.9999998863690448,0.9999998977321404,0.999999909095236,0.9999999204583314,0.999999931821427,0.9999999431845225,0.999999954547618,0.9999999659107136,0.999999977273809,0.9999999886369044,1.0,1.0,0.999999987574818,1,node_replacement
278,The drug rapacuronium increases the effect of urinary retention. Phenoxymethylpenicillin decreases the efficacy of etonogestrel. Phenoxymethylpenicillin increases the efficacy of rapacuronium and decreases the efficacy of ormeloxifene.,"The drug rapacuronium increases the effect of urinary retention. Phenoxymethylpenicillin decreases the efficacy of etonogestrel and ormeloxifene, but increases the efficacy of rapacuronium.","[[""rapacuronium"", ""increases_effect_of"", ""urinary_retention""], [""Phenoxymethylpenicillin"", ""decreases_efficacy_of"", ""etonogestrel""], [""Phenoxymethylpenicillin"", ""increases_efficacy_of"", ""rapacuronium""], [""Phenoxymethylpenicillin"", ""decreases_efficacy_of"", ""ormeloxifene""]]","[[""rapacuronium"", ""increases_effect_of"", ""urinary_retention""], [""Phenoxymethylpenicillin"", ""decreases_efficacy_of"", ""etonogestrel""], [""Phenoxymethylpenicillin"", ""decreases_efficacy_of"", ""ormeloxifene""], [""Phenoxymethylpenicillin"", ""increases_efficacy_of"", ""rapacuronium""]]",1.0,1.0,1.0,1.0,1.0,0.9999999164749244,0.999999924827432,0.9999999331799396,0.999999941532447,0.9999999498849548,0.999999958237462,0.9999999665899696,0.9999999749424772,0.9999999832949849,0.9999999916474924,1.0,0.9999999952316284,0.9999999891311058,1,edge_replacement
279,"Interferon alfa-n3 increases the effect of myelosuppression and decreases the efficacy of pev3a, as well as rotavirus vaccine. The rotavirus vaccine, in turn, decreases the efficacy of trifluridine.","Interferon alfa-n3 increases the effect of myelosuppression while decreasing the efficacy of pev3a, as well as decreasing the efficacy of the rotavirus vaccine. The rotavirus vaccine, in turn, decreases the efficacy of trifluridine.","[[""Interferon_alfa-n3"", ""increases"", ""myelosuppression""], [""Interferon_alfa-n3"", ""decreases"", ""pev3a""], [""Interferon_alfa-n3"", ""decreases"", ""rotavirus_vaccine""], [""rotavirus_vaccine"", ""decreases"", ""trifluridine""]]","[[""Interferon_alfa-n3"", ""increases"", ""myelosuppression""], [""Interferon_alfa-n3"", ""decreases"", ""pev3a""], [""Interferon_alfa-n3"", ""decreases"", ""rotavirus_vaccine""], [""rotavirus_vaccine"", ""decreases"", ""trifluridine""]]",1.0,1.0,1.0,1.0,1.0,1.0,1.0,1.0,1.0,1.0,1.0,1.0,1.0,1.0,1.0,1.0,1.0,1.0,1,edge_replacement
280,"Bethanidine increases the activity of the tachycardic activities, while decreasing the efficacy of meclofenamic acid and doxepin. Doxepin, in turn, has an indication for involutional depression.","Bethanidine decreases the efficacy of meclofenamic acid and doxepin, as well as reducing the activity of the tachycardic activities. Doxepin has the indication for involutional depression.","[[""Bethanidine"", ""increases"", ""tachycardic_activities""], [""Bethanidine"", ""decreases"", ""meclofenamic_acid""], [""Bethanidine"", ""decreases"", ""doxepin""], [""Doxepin"", ""indication_for"", ""involutional_depression""]]","[[""Bethanidine"", ""decreases"", ""meclofenamic_acid""], [""Bethanidine"", ""decreases"", ""doxepin""], [""Bethanidine"", ""reduces"", ""tachycardic_activities""], [""Doxepin"", ""indication_for"", ""involutional_depression""]]",1.0,0.9999999403953552,1.0,1.0,1.0,0.9964591844512768,0.9968132660061492,0.9971673475610214,0.9975214291158936,0.997875510670766,0.9982295922256385,0.9985836737805108,0.998937755335383,0.9992918368902554,0.9996459184451276,1.0,0.9794085363981492,0.9901496048554184,0,edge_replacement
281,"The drug epicillin decreases the efficacy of levonorgestrel, lactulose, and mifepristone. Levonorgestrel also decreases the efficacy of nateglinide, insulin glulisine, and taspoglutide. Propicillin decreases the efficacy of clomocycline and norethisterone. Lactulose decreases the efficacy of aminosalicylic acid, bezitramide, and lasalocid. Mifepristone increases the efficacy of metoprolol, decreases the efficacy of propicillin, and has the side effect of nausea.","The medication epicillin decreases the efficacy of levonorgestrel, lactulose, and mifepristone. Levonorgestrel, in turn, decreases the efficacy of nateglinide, insulin glulisine, and taspoglutide. Propicillin reduces the efficacy of clomocycline and norethisterone. Lactulose diminishes the efficacy of aminosalicylic acid, bezitramide, and lasalocid. Mifepristone increases the efficacy of metoprolol, but decreases the efficacy of propicillin, and has the side effect of causing nausea.","[[""epicillin"", ""decreases_efficacy_of"", ""levonorgestrel""], [""epicillin"", ""decreases_efficacy_of"", ""lactulose""], [""epicillin"", ""decreases_efficacy_of"", ""mifepristone""], [""levonorgestrel"", ""decreases_efficacy_of"", ""nateglinide""], [""levonorgestrel"", ""decreases_efficacy_of"", ""insulin_glulisine""], [""levonorgestrel"", ""decreases_efficacy_of"", ""taspoglutide""], [""propicillin"", ""decreases_efficacy_of"", ""clomocycline""], [""propicillin"", ""decreases_efficacy_of"", ""norethisterone""], [""lactulose"", ""decreases_efficacy_of"", ""aminosalicylic_acid""], [""lactulose"", ""decreases_efficacy_of"", ""bezitramide""], [""lactulose"", ""decreases_efficacy_of"", ""lasalocid""], [""mifepristone"", ""increases_efficacy_of"", ""metoprolol""], [""mifepristone"", ""decreases_efficacy_of"", ""propicillin""], [""mifepristone"", ""has_side_effect"", ""nausea""]]","[[""epicillin"", ""decreases_efficacy_of"", ""levonorgestrel""], [""epicillin"", ""decreases_efficacy_of"", ""lactulose""], [""epicillin"", ""decreases_efficacy_of"", ""mifepristone""], [""levonorgestrel"", ""decreases_efficacy_of"", ""nateglinide""], [""levonorgestrel"", ""decreases_efficacy_of"", ""insulin_glulisine""], [""levonorgestrel"", ""decreases_efficacy_of"", ""taspoglutide""], [""propicillin"", ""reduces_efficacy_of"", ""clomocycline""], [""propicillin"", ""reduces_efficacy_of"", ""norethisterone""], [""lactulose"", ""diminishes_efficacy_of"", ""aminosalicylic_acid""], [""lactulose"", ""diminishes_efficacy_of"", ""bezitramide""], [""lactulose"", ""diminishes_efficacy_of"", ""lasalocid""], [""mifepristone"", ""increases_efficacy_of"", ""metoprolol""], [""mifepristone"", ""decreases_efficacy_of"", ""propicillin""], [""mifepristone"", ""has_side_effect"", ""nausea""]]",1.0,1.0,1.0,1.0,1.0,0.9972479444636212,0.9975231500172592,0.9977983555708972,0.9980735611245348,0.9983487666781728,0.9986239722318108,0.9988991777854486,0.9991743833390864,0.9994495888927244,0.999724794446362,1.0,0.993257029267056,0.990572684862016,1,edge_deletion
282,"Anagliptin decreases the efficacy of tipranavir, arsenic trioxide, and increases the efficacy of indisulam. Insulin aspart decreases the efficacy of fluphenazine and atazanavir, while increasing the efficacy of dexpropranolol. Acetyl sulfisoxazole increases the efficacy of chlorpropamide and tolazamide. Lopinavir decreases the efficacy of insulin aspart, anagliptin, and englitazone. Englitazone decreases the efficacy of chlorothiazide and estrone sulfate, but increases the efficacy of acetyl sulfisoxazole.","Anagliptin is a drug that decreases the efficacy of tipranavir and arsenic trioxide, but increases the efficacy of indisulam. Insulin aspart also decreases the efficacy of fluphenazine and atazanavir, but increases the efficacy of dexpropranolol. Acetyl sulfisoxazole increases the efficacy of chlorpropamide and tolazamide. Conversely, lopinavir decreases the efficacy of insulin aspart, anagliptin, and englitazone. Englitazone decreases the efficacy of chlorothiazide and estrone sulfate, while increasing the efficacy of acetyl sulfisoxazole.","[[""Anagliptin"", ""decreases_efficacy_of"", ""tipranavir""], [""Anagliptin"", ""decreases_efficacy_of"", ""arsenic_trioxide""], [""Anagliptin"", ""increases_efficacy_of"", ""indisulam""], [""Insulin_aspart"", ""decreases_efficacy_of"", ""fluphenazine""], [""Insulin_aspart"", ""decreases_efficacy_of"", ""atazanavir""], [""Insulin_aspart"", ""increases_efficacy_of"", ""dexpropranolol""], [""Acetyl_sulfisoxazole"", ""increases_efficacy_of"", ""chlorpropamide""], [""Acetyl_sulfisoxazole"", ""increases_efficacy_of"", ""tolazamide""], [""Lopinavir"", ""decreases_efficacy_of"", ""insulin_aspart""], [""Lopinavir"", ""decreases_efficacy_of"", ""anagliptin""], [""Lopinavir"", ""decreases_efficacy_of"", ""englitazone""], [""Englitazone"", ""decreases_efficacy_of"", ""chlorothiazide""], [""Englitazone"", ""decreases_efficacy_of"", ""estrone_sulfate""], [""Englitazone"", ""increases_efficacy_of"", ""acetyl_sulfisoxazole""]]","[[""Anagliptin"", ""decreases_efficacy_of"", ""tipranavir""], [""Anagliptin"", ""decreases_efficacy_of"", ""arsenic_trioxide""], [""Anagliptin"", ""increases_efficacy_of"", ""indisulam""], [""Insulin_aspart"", ""decreases_efficacy_of"", ""fluphenazine""], [""Insulin_aspart"", ""decreases_efficacy_of"", ""atazanavir""], [""Insulin_aspart"", ""increases_efficacy_of"", ""dexpropranolol""], [""Acetyl_sulfisoxazole"", ""increases_efficacy_of"", ""chlorpropamide""], [""Acetyl_sulfisoxazole"", ""increases_efficacy_of"", ""tolazamide""], [""Lopinavir"", ""decreases_efficacy_of"", ""insulin_aspart""], [""Lopinavir"", ""decreases_efficacy_of"", ""anagliptin""], [""Lopinavir"", ""decreases_efficacy_of"", ""englitazone""], [""Englitazone"", ""decreases_efficacy_of"", ""chlorothiazide""], [""Englitazone"", ""decreases_efficacy_of"", ""estrone_sulfate""], [""Englitazone"", ""increases_efficacy_of"", ""acetyl_sulfisoxazole""], [""Anagliptin"", ""is_a"", ""drug""]]",1.0,0.9112319946289062,0.9805700778961182,0.9144544011878624,1.0,0.9999999085969256,0.9999999177372332,0.9999999268775406,0.999999936017848,0.9999999451581554,0.9999999542984628,0.9999999634387704,0.9999999725790776,0.9999999817193852,0.9999999908596926,1.0,1.0,0.9976520156827674,1,edge_deletion
283,"Factor V deficiency is associated with phenotypes such as hematuria, spontaneous hematomas, and hemoptysis. The gene F5 is known to cause Budd-Chiari syndrome, Factor V deficiency, and pregnancy loss. Budd-Chiari syndrome manifests phenotypes including hepatocellular carcinoma, malabsorption, and peritonitis.","The 8p23.1 microdeletion syndrome presents phenotypes such as hematuria, spontaneous hematomas, and hemoptysis. Additionally, the gene F5 is known to cause conditions such as Budd-Chiari syndrome, the 8p23.1 microdeletion syndrome, and classic phenylketonuria. Budd-Chiari syndrome manifests phenotypes including hepatocellular carcinoma, malabsorption, and peritonitis.","[[""Factor_V_deficiency"", ""associated_with"", ""hematuria""], [""Factor_V_deficiency"", ""associated_with"", ""spontaneous_hematomas""], [""Factor_V_deficiency"", ""associated_with"", ""hemoptysis""], [""F5"", ""causes"", ""Budd-Chiari_syndrome""], [""F5"", ""causes"", ""Factor_V_deficiency""], [""F5"", ""causes"", ""pregnancy_loss""], [""Budd-Chiari_syndrome"", ""manifests"", ""hepatocellular_carcinoma""], [""Budd-Chiari_syndrome"", ""manifests"", ""malabsorption""], [""Budd-Chiari_syndrome"", ""manifests"", ""peritonitis""]]","[[""8p23.1_microdeletion_syndrome"", ""presents"", ""hematuria""], [""8p23.1_microdeletion_syndrome"", ""presents"", ""spontaneous_hematomas""], [""8p23.1_microdeletion_syndrome"", ""presents"", ""hemoptysis""], [""F5"", ""causes"", ""Budd-Chiari_syndrome""], [""F5"", ""causes"", ""8p23.1_microdeletion_syndrome""], [""F5"", ""causes"", ""classic_phenylketonuria""], [""Budd-Chiari_syndrome"", ""manifests"", ""hepatocellular_carcinoma""], [""Budd-Chiari_syndrome"", ""manifests"", ""malabsorption""], [""Budd-Chiari_syndrome"", ""manifests"", ""peritonitis""]]",0.7267486362195071,0.7203071713447571,0.941462516784668,0.7166666666666667,0.7554329965957794,0.8278845542843879,0.820639398515527,0.8133942427466663,0.8061490869778054,0.7989039312089445,0.7916587754400837,0.7844136196712228,0.7771684639023619,0.7699233081335012,0.7626781523646402,0.7554329965957794,0.8216722214609677,0.84824233712231,0,node_replacement
284,"Fosamprenavir decreases the efficacy of insulin beef, insulin degludec, and gemigliptin. 
Insulin degludec decreases the efficacy of perphenazine and potassium perchlorate, but increases the efficacy of nemonoxacin. 
Gemigliptin increases the efficacy of sulfameter, sulfaquinoxaline, and esatenolol. 
Insulin beef increases the efficacy of alprenolol, pindolol, and temafloxacin.","The drug fosamprenavir decreases the efficacy of insulin beef, insulin degludec, and gemigliptin. Insulin degludec decreases the efficacy of perphenazine and potassium perchlorate, but increases the efficacy of nemonoxacin. Gemigliptin increases the efficacy of sulfameter, sulfaquinoxaline, and esatenolol. Insulin beef increases the efficacy of alprenolol, pindolol, and temafloxacin.","[[""Fosamprenavir"", ""decreases_efficacy_of"", ""insulin_beef""], [""Fosamprenavir"", ""decreases_efficacy_of"", ""insulin_degludec""], [""Fosamprenavir"", ""decreases_efficacy_of"", ""gemigliptin""], [""Insulin_degludec"", ""decreases_efficacy_of"", ""perphenazine""], [""Insulin_degludec"", ""decreases_efficacy_of"", ""potassium_perchlorate""], [""Insulin_degludec"", ""increases_efficacy_of"", ""nemonoxacin""], [""Gemigliptin"", ""increases_efficacy_of"", ""sulfameter""], [""Gemigliptin"", ""increases_efficacy_of"", ""sulfaquinoxaline""], [""Gemigliptin"", ""increases_efficacy_of"", ""esatenolol""], [""Insulin_beef"", ""increases_efficacy_of"", ""alprenolol""], [""Insulin_beef"", ""increases_efficacy_of"", ""pindolol""], [""Insulin_beef"", ""increases_efficacy_of"", ""temafloxacin""]]","[[""Fosamprenavir"", ""decreases_efficacy_of"", ""insulin_beef""], [""Fosamprenavir"", ""decreases_efficacy_of"", ""insulin_degludec""], [""Fosamprenavir"", ""decreases_efficacy_of"", ""gemigliptin""], [""Insulin_degludec"", ""decreases_efficacy_of"", ""perphenazine""], [""Insulin_degludec"", ""decreases_efficacy_of"", ""potassium_perchlorate""], [""Insulin_degludec"", ""increases_efficacy_of"", ""nemonoxacin""], [""Gemigliptin"", ""increases_efficacy_of"", ""sulfameter""], [""Gemigliptin"", ""increases_efficacy_of"", ""sulfaquinoxaline""], [""Gemigliptin"", ""increases_efficacy_of"", ""esatenolol""], [""Insulin_beef"", ""increases_efficacy_of"", ""alprenolol""], [""Insulin_beef"", ""increases_efficacy_of"", ""pindolol""], [""Insulin_beef"", ""increases_efficacy_of"", ""temafloxacin""]]",1.0,1.0,1.0,1.0,1.0,0.9999999980425892,0.9999999982383304,0.9999999984340716,0.9999999986298124,0.9999999988255536,0.9999999990212948,0.9999999992170358,0.9999999994127768,0.9999999996085178,0.9999999998042588,1.0,1.0,0.9999999902163296,1,edge_deletion
285,"The drug piperacillin increases the activity of the neuromuscular blocking activities and the efficacy of pyrantel. It also has a side effect of musculoskeletal discomfort. In contrast, procaine benzylpenicillin decreases the efficacy of vibrio cholerae cvd 103-hgr strain live antigen. Metampicillin decreases the efficacy of rolitetracycline, p-coumaric acid, and BCG vaccine. Estradiol benzoate decreases the efficacy of piperacillin, procaine benzylpenicillin, and metampicillin.","The drug piperacillin increases the activity of the neuromuscular blocking activities and it also enhances the efficacy of pyrantel. However, piperacillin has a side effect of causing musculoskeletal discomfort. Similarly, procaine benzylpenicillin decreases the efficacy of vibrio cholerae cvd 103-hgr strain live antigen. Metampicillin reduces the efficacy of both rolitetracycline, p-coumaric acid, and the BCG vaccine. Lastly, estradiol benzoate decreases the efficacy of piperacillin, procaine benzylpenicillin, and metampicillin.","[[""piperacillin"", ""increases"", ""neuromuscular_blocking_activities""], [""piperacillin"", ""increases"", ""efficacy_of_pyrantel""], [""piperacillin"", ""has_side_effect"", ""musculoskeletal_discomfort""], [""procaine_benzylpenicillin"", ""decreases"", ""efficacy_of_vibrio_cholerae_cvd_103-hgr_strain_live_antigen""], [""metampicillin"", ""decreases"", ""efficacy_of_rolitetracycline""], [""metampicillin"", ""decreases"", ""efficacy_of_p-coumaric_acid""], [""metampicillin"", ""decreases"", ""efficacy_of_BCG_vaccine""], [""estradiol_benzoate"", ""decreases"", ""efficacy_of_piperacillin""], [""estradiol_benzoate"", ""decreases"", ""efficacy_of_procaine_benzylpenicillin""], [""estradiol_benzoate"", ""decreases"", ""efficacy_of_metampicillin""]]","[[""piperacillin"", ""increases"", ""neuromuscular_blocking_activities""], [""piperacillin"", ""enhances"", ""efficacy_of_pyrantel""], [""piperacillin"", ""has_side_effect"", ""musculoskeletal_discomfort""], [""procaine_benzylpenicillin"", ""decreases"", ""efficacy_of_vibrio_cholerae_cvd_103-hgr_strain_live_antigen""], [""metampicillin"", ""reduces"", ""efficacy_of_rolitetracycline""], [""metampicillin"", ""reduces"", ""efficacy_of_p-coumaric_acid""], [""metampicillin"", ""reduces"", ""efficacy_of_BCG_vaccine""], [""estradiol_benzoate"", ""decreases"", ""efficacy_of_piperacillin""], [""estradiol_benzoate"", ""decreases"", ""efficacy_of_procaine_benzylpenicillin""], [""estradiol_benzoate"", ""decreases"", ""efficacy_of_metampicillin""]]",1.0,0.9999998807907104,1.0,1.0,1.0,0.9988758429004612,0.9989882586104152,0.999100674320369,0.9992130900303228,0.9993255057402768,0.9994379214502306,0.9995503371601844,0.9996627528701384,0.9997751685800922,0.999887584290046,1.0,0.9879998555632304,0.9803929614585648,1,edge_replacement
286,"The drug hydroxyurea decreases the efficacy of ingn 225 and has side effects including ulcers and chills. The rubella virus vaccine decreases the efficacy of indinavir and velpatasvir. Betibeglogene autotemcel targets alpha globin and decreases the efficacy of hydroxyurea and fostemsavir. Fostemsavir, in turn, decreases the efficacy of the rubella virus vaccine, BCG vaccine, and adenovirus type 7 vaccine live.","Hydroxyurea decreases the efficacy of ingn 225 and has side effects such as ulcer and chills. Rubella virus vaccine decreases the efficacy of indinavir and velpatasvir. Betibeglogene autotemcel targets alpha globin and decreases the efficacy of hydroxyurea and fostemsavir. Fostemsavir decreases the efficacy of rubella virus vaccine, BCG vaccine, and adenovirus type 7 vaccine live.","[[""hydroxyurea"", ""decreases_efficacy_of"", ""ignn_225""], [""hydroxyurea"", ""has_side_effect"", ""ulcers""], [""hydroxyurea"", ""has_side_effect"", ""chills""], [""rubella_virus_vaccine"", ""decreases_efficacy_of"", ""indinavir""], [""rubella_virus_vaccine"", ""decreases_efficacy_of"", ""velpatasvir""], [""betibeglogene_autotemcel"", ""targets"", ""alpha_globin""], [""betibeglogene_autotemcel"", ""decreases_efficacy_of"", ""hydroxyurea""], [""betibeglogene_autotemcel"", ""decreases_efficacy_of"", ""fostemsavir""], [""fostemsavir"", ""decreases_efficacy_of"", ""rubella_virus_vaccine""], [""fostemsavir"", ""decreases_efficacy_of"", ""BCG_vaccine""], [""fostemsavir"", ""decreases_efficacy_of"", ""adenovirus_type_7_vaccine_live""]]","[[""hydroxyurea"", ""decreases_efficacy_of"", ""ignn_225""], [""hydroxyurea"", ""has_side_effect"", ""ulcer""], [""hydroxyurea"", ""has_side_effect"", ""chills""], [""rubella_virus_vaccine"", ""decreases_efficacy_of"", ""indinavir""], [""rubella_virus_vaccine"", ""decreases_efficacy_of"", ""velpatasvir""], [""betibeglogene_autotemcel"", ""targets"", ""alpha_globin""], [""betibeglogene_autotemcel"", ""decreases_efficacy_of"", ""hydroxyurea""], [""betibeglogene_autotemcel"", ""decreases_efficacy_of"", ""fostemsavir""], [""fostemsavir"", ""decreases_efficacy_of"", ""rubella_virus_vaccine""], [""fostemsavir"", ""decreases_efficacy_of"", ""BCG_vaccine""], [""fostemsavir"", ""decreases_efficacy_of"", ""adenovirus_type_7_vaccine_live""]]",1.0,0.9030051231384276,0.9634337425231934,0.8472222222222222,1.0,0.9998989527405614,0.9999090574665052,0.9999191621924493,0.999929266918393,0.9999393716443368,0.9999494763702808,0.9999595810962244,0.9999696858221684,0.9999797905481124,0.999989895274056,1.0,0.9988828060469171,0.999563486348577,1,edge_deletion
287,"The drug brompheniramine is known to increase the effect of bradycardia and increase the efficacy of levonordefrin. However, it decreases the efficacy of secretin human. Additionally, senna leaf decreases the efficacy of brompheniramine, glycopyrronium, and tolterodine.","The drug brompheniramine increases the efficacy of levonordefrin, decreases the efficacy of secretin human, and decreases the effect of bradycardia. Additionally, senna leaf decreases the efficacy of brompheniramine, glycopyrronium, and tolterodine.","[[""brompheniramine"", ""increases_effect_of"", ""bradycardia""], [""brompheniramine"", ""increases_efficacy_of"", ""levonordefrin""], [""brompheniramine"", ""decreases_efficacy_of"", ""secretin_human""], [""senna_leaf"", ""decreases_efficacy_of"", ""brompheniramine""], [""senna_leaf"", ""decreases_efficacy_of"", ""glycopyrronium""], [""senna_leaf"", ""decreases_efficacy_of"", ""tolterodine""]]","[[""brompheniramine"", ""increases_efficacy_of"", ""levonordefrin""], [""brompheniramine"", ""decreases_efficacy_of"", ""secretin_human""], [""brompheniramine"", ""decreases_effect_of"", ""bradycardia""], [""senna_leaf"", ""decreases_efficacy_of"", ""brompheniramine""], [""senna_leaf"", ""decreases_efficacy_of"", ""glycopyrronium""], [""senna_leaf"", ""decreases_efficacy_of"", ""tolterodine""]]",1.0,1.0,0.9999998807907104,1.0,1.0,0.9979530160053526,0.9981577144048172,0.998362412804282,0.9985671112037467,0.9987718096032115,0.9989765080026762,0.999181206402141,0.9993859048016058,0.9995906032010704,0.9997953016005352,1.0,0.9901226237042464,0.9971950602202128,0,edge_replacement
288,"The drug diltiazem increases the activity of the neuromuscular blocking activities and enhances the efficacy of cyclothiazide, but decreases the efficacy of proglumetacin. Proglumetacin, in turn, decreases the efficacy of riociguat. Bifonazole increases the efficacy of diltiazem, fluspirilene, and trimebutine. Fluspirilene has vasodilatory activities but decreases the efficacy of lubiprostone and plecanatide. Trimebutine has an effect on gastrointestinal ulceration, increases the efficacy of oteseconazole, but decreases the efficacy of sodium phosphate.","Diltiazem increases the efficacy of cyclothiazide and decreases the efficacy of proglumetacin. It also decreases the activity of the neuromuscular blocking activities. Bifonazole increases the efficacy of diltiazem, fluspirilene, and trimebutine. Fluspirilene has vasodilatory activities and decreases the efficacy of lubiprostone and plecanatide. Trimebutine has an effect on gastrointestinal ulceration, increases the efficacy of oteseconazole, and decreases the efficacy of sodium phosphate. Proglumetacin decreases the efficacy of riociguat.","[[""diltiazem"", ""increases"", ""neuromuscular_blocking_activities""], [""diltiazem"", ""enhances"", ""cyclothiazide""], [""diltiazem"", ""decreases"", ""proglumetacin""], [""proglumetacin"", ""decreases"", ""riociguat""], [""bifonazole"", ""increases"", ""diltiazem""], [""bifonazole"", ""increases"", ""fluspirilene""], [""bifonazole"", ""increases"", ""trimebutine""], [""fluspirilene"", ""has"", ""vasodilatory_activities""], [""fluspirilene"", ""decreases"", ""lubiprostone""], [""fluspirilene"", ""decreases"", ""plecanatide""], [""trimebutine"", ""affects"", ""gastrointestinal_ulceration""], [""trimebutine"", ""increases"", ""oteseconazole""], [""trimebutine"", ""decreases"", ""sodium_phosphate""]]","[[""diltiazem"", ""increases"", ""cyclothiazide""], [""diltiazem"", ""decreases"", ""proglumetacin""], [""diltiazem"", ""decreases"", ""neuromuscular_blocking_activities""], [""bifonazole"", ""increases"", ""diltiazem""], [""bifonazole"", ""increases"", ""fluspirilene""], [""bifonazole"", ""increases"", ""trimebutine""], [""fluspirilene"", ""has"", ""vasodilatory_activities""], [""fluspirilene"", ""decreases"", ""lubiprostone""], [""fluspirilene"", ""decreases"", ""plecanatide""], [""trimebutine"", ""affects"", ""gastrointestinal_ulceration""], [""trimebutine"", ""increases"", ""oteseconazole""], [""trimebutine"", ""decreases"", ""sodium_phosphate""], [""proglumetacin"", ""decreases"", ""riociguat""]]",1.0,1.0,1.0,1.0,1.0,0.9993143684253134,0.999382931582782,0.9994514947402507,0.9995200578977192,0.999588621055188,0.9996571842126568,0.9997257473701252,0.999794310527594,0.9998628736850628,0.9999314368425314,1.0,0.9918390928803892,0.9962787665845378,0,edge_replacement
289,"The drug brompheniramine is known to increase the effect of constipation. Additionally, brompheniramine decreases the efficacy of phenserine and tretamine. Tretamine, in turn, decreases the efficacy of primidone, methantheline, and hydrocortisone acetate.","The drug brompheniramine increases the effect of constipation and decreases the efficacy of phenserine and tretamine. Tretamine, in turn, decreases the efficacy of primidone, methantheline, and hydrocortisone acetate.","[[""brompheniramine"", ""increases_effect_of"", ""constipation""], [""brompheniramine"", ""decreases_efficacy_of"", ""phenserine""], [""brompheniramine"", ""decreases_efficacy_of"", ""tretamine""], [""tretamine"", ""decreases_efficacy_of"", ""primidone""], [""tretamine"", ""decreases_efficacy_of"", ""methantheline""], [""tretamine"", ""decreases_efficacy_of"", ""hydrocortisone_acetate""]]","[[""brompheniramine"", ""increases_effect_of"", ""constipation""], [""brompheniramine"", ""decreases_efficacy_of"", ""phenserine""], [""brompheniramine"", ""decreases_efficacy_of"", ""tretamine""], [""tretamine"", ""decreases_efficacy_of"", ""primidone""], [""tretamine"", ""decreases_efficacy_of"", ""methantheline""], [""tretamine"", ""decreases_efficacy_of"", ""hydrocortisone_acetate""]]",1.0,1.0,1.0,1.0,1.0,0.9999999986356876,0.9999999987721188,0.9999999989085502,0.9999999990449812,0.9999999991814126,0.999999999317844,0.9999999994542752,0.9999999995907064,0.9999999997271376,0.9999999998635688,1.0,0.9999999690623492,0.9999999895512782,1,edge_replacement
290,"The drug regorafenib, known for affecting the kinase insert domain receptor, has vascular endothelial growth factor receptor 3 as its target. Additionally, regorafenib is associated with decreased efficacy in the thyroid. On the other hand, the thyroid can have decreased efficacy when interacting with fostamatinib, epanolol, and perphenazine enanthate. Moreover, vascular endothelial growth factor receptor 3 is a gene product of FLT4. Furthermore, the kinase insert domain receptor is implicated in causing angina pectoris and kidney neoplasms.",The drug Regorafenib can decrease efficacy in the thyroid.,"[[""regorafenib"", ""affects"", ""kinase_insert_domain_receptor""], [""regorafenib"", ""target"", ""vascular_endothelial_growth_factor_receptor_3""], [""regorafenib"", ""associated_with"", ""decreased_efficacy_in_thyroid""], [""thyroid"", ""interacts_with"", ""fostamatinib""], [""thyroid"", ""interacts_with"", ""epanolol""], [""thyroid"", ""interacts_with"", ""perphenazine_enanthate""], [""vascular_endothelial_growth_factor_receptor_3"", ""gene_product_of"", ""FLT4""], [""kinase_insert_domain_receptor"", ""implicated_in"", ""angina_pectoris""], [""kinase_insert_domain_receptor"", ""implicated_in"", ""kidney_neoplasms""]]","[[""Regorafenib"", ""decrease_efficacy_in"", ""thyroid""]]",0.0745355992499929,0.4429250657558441,0.2951531410217285,0.0710669054518701,0.2800560168056019,0.7274637726500915,0.6827229970656427,0.6379822214811937,0.5932414458967445,0.5485006703122957,0.5037598947278468,0.4590191191433977,0.4142783435589488,0.3695375679744999,0.3247967923900509,0.2800560168056019,0.5661839172606992,0.723639479840643,0,node_removal
291,"The drug halofantrine increases the QTc-prolonging activities and has the side effect of abdominal pain. On the other hand, the drug barbexaclone exhibits sedative activities and enhances neuropsychiatric effects while decreasing the efficacy of halofantrine.","The drug Halofantrine can cause abdominal pain as a side effect and also decrease the activity of the QTc-prolonging activities. On the other hand, Barbexaclone exhibits sedative activities and increases the neuropsychiatric effects. Additionally, Barbexaclone decreases the efficacy of Halofantrine.","[[""halofantrine"", ""increases"", ""QTc-prolonging_activities""], [""halofantrine"", ""has_side_effect"", ""abdominal_pain""], [""barbexaclone"", ""exhibits"", ""sedative_activities""], [""barbexaclone"", ""enhances"", ""neuropsychiatric_effects""], [""barbexaclone"", ""decreases_efficacy_of"", ""halofantrine""]]","[[""Halofantrine"", ""has_side_effect"", ""abdominal_pain""], [""Halofantrine"", ""decreases"", ""QTc-prolonging_activities""], [""Barbexaclone"", ""exhibits"", ""sedative_activities""], [""Barbexaclone"", ""increases"", ""neuropsychiatric_effects""], [""Barbexaclone"", ""decreases_efficacy_of"", ""Halofantrine""]]",1.0,1.0,1.0,1.0,1.0,0.99797876159801,0.9981808854382088,0.998383009278408,0.9985851331186067,0.998787256958806,0.9989893807990048,0.999191504639204,0.9993936284794028,0.999595752319602,0.999797876159801,1.0,0.979919013560663,0.9883711225936,0,edge_replacement
292,"Intercellular adhesion molecule 1 is a gene product of ICAM1. Fatty acid binding protein epidermal is a gene product of FABP5. Monoglyceride lipase is a gene product of MGLL. Guineensine has targets including intercellular adhesion molecule 1, monoglyceride lipase, and fatty acid binding protein epidermal. MGLL acts within pathways such as acyl chain remodeling of DAG and TAG, triglyceride catabolism, and arachidonate production from DAG.",The gene intercellular adhesion molecule 1 is a gene product of ICAM1. MGLL acts within the pathway of acyl chain remodeling of DAG and TAG.,"[[""Intercellular_adhesion_molecule_1"", ""gene_product_of"", ""ICAM1""], [""Fatty_acid_binding_protein_epidermal"", ""gene_product_of"", ""FABP5""], [""Monoglyceride_lipase"", ""gene_product_of"", ""MGLL""], [""Guineensine"", ""targets"", ""Intercellular_adhesion_molecule_1""], [""Guineensine"", ""targets"", ""Monoglyceride_lipase""], [""Guineensine"", ""targets"", ""Fatty_acid_binding_protein_epidermal""], [""MGLL"", ""acts_within"", ""acyl_chain_remodeling_of_DAG_and_TAG""], [""MGLL"", ""acts_within"", ""triglyceride_catabolism""], [""MGLL"", ""acts_within"", ""arachidonate_production_from_DAG""]]","[[""Intercellular_adhesion_molecule_1"", ""gene_product_of"", ""ICAM1""], [""MGLL"", ""acts_within"", ""acyl_chain_remodeling_of_DAG_and_TAG""]]",0.3689323936863109,0.5073976516723633,0.7240664958953857,0.3689323936863109,0.3689323936863109,0.7171562399149716,0.6823338552921056,0.6475114706692394,0.6126890860463734,0.5778667014235073,0.5430443168006412,0.5082219321777752,0.4733995475549091,0.438577162932043,0.4037547783091769,0.3689323936863109,0.7470830200044123,0.8399313392231983,0,node_removal
293,"The drug droperidol increases the effect on bradycardia but decreases the efficacy of arbutamine, benserazide, arbutamine, benserazide, arbutamine, benserazide, arbutamine, respectively. Benserazide decreases the efficacy of chlorprothixene and blonanserin, while arbutamine decreases the efficacy of spironolactone, acepromazine, and silodosin.","The drug droperidol increases the effect of bradycardia but decreases the efficacy of arbutamine. Additionally, droperidol reduces the efficacy of benserazide. Benserazide, in turn, decreases the efficacy of chlorprothixene and blonanserin. Arbutamine decreases the efficacy of spironolactone, acepromazine, and silodosin.","[[""droperidol"", ""increases_effect_of"", ""bradycardia""], [""droperidol"", ""decreases_efficacy_of"", ""arbutamine""], [""droperidol"", ""decreases_efficacy_of"", ""benserazide""], [""benserazide"", ""decreases_efficacy_of"", ""chlorprothixene""], [""benserazide"", ""decreases_efficacy_of"", ""blonanserin""], [""arbutamine"", ""decreases_efficacy_of"", ""spironolactone""], [""arbutamine"", ""decreases_efficacy_of"", ""acepromazine""], [""arbutamine"", ""decreases_efficacy_of"", ""silodosin""]]","[[""droperidol"", ""increases_effect_of"", ""bradycardia""], [""droperidol"", ""decreases_efficacy_of"", ""arbutamine""], [""droperidol"", ""reduces_efficacy_of"", ""benserazide""], [""benserazide"", ""decreases_efficacy_of"", ""chlorprothixene""], [""benserazide"", ""decreases_efficacy_of"", ""blonanserin""], [""arbutamine"", ""decreases_efficacy_of"", ""spironolactone""], [""arbutamine"", ""decreases_efficacy_of"", ""acepromazine""], [""arbutamine"", ""decreases_efficacy_of"", ""silodosin""]]",1.0,1.0,1.0,1.0,1.0,0.9998181680795162,0.9998363512715646,0.9998545344636128,0.9998727176556612,0.9998909008477096,0.999909084039758,0.9999272672318064,0.9999454504238549,0.9999636336159032,0.9999818168079516,1.0,0.9988196711516574,0.9986692925221472,1,edge_replacement
294,"The drug trifluperidol increases the neuropsychiatric effects. Additionally, trifluperidol reduces the efficacy of piribedil, as well as dihydroergocryptine. Dihydroergocryptine further decreases the efficacy of sulpiride, metoclopramide, and iloperidone. Finally, piribedil decreases the efficacy of clopenthixol.","Trifluperidol increases neuropsychiatric effects, but decreases the efficacy of piribedil. Trifluperidol also decreases the efficacy of dihydroergocryptine, which in turn decreases the efficacy of sulpiride, metoclopramide, and iloperidone. Additionally, piribedil decreases the efficacy of clopenthixol.","[[""trifluperidol"", ""increases"", ""neuropsychiatric_effects""], [""trifluperidol"", ""reduces"", ""piribedil""], [""trifluperidol"", ""reduces"", ""dihydroergocryptine""], [""dihydroergocryptine"", ""reduces"", ""sulpiride""], [""dihydroergocryptine"", ""reduces"", ""metoclopramide""], [""dihydroergocryptine"", ""reduces"", ""iloperidone""], [""piribedil"", ""reduces"", ""clopenthixol""]]","[[""trifluperidol"", ""increases"", ""neuropsychiatric_effects""], [""trifluperidol"", ""decreases"", ""piribedil""], [""trifluperidol"", ""decreases"", ""dihydroergocryptine""], [""dihydroergocryptine"", ""decreases"", ""sulpiride""], [""dihydroergocryptine"", ""decreases"", ""metoclopramide""], [""dihydroergocryptine"", ""decreases"", ""iloperidone""], [""piribedil"", ""decreases"", ""clopenthixol""]]",1.0,1.0,0.9999999403953552,1.0,1.0,0.9890176088596084,0.9901158479736476,0.9912140870876868,0.9923123262017256,0.993410565315765,0.9945088044298042,0.9956070435438432,0.9967052826578824,0.9978035217719216,0.9989017608859608,1.0,0.9624558404049316,0.873975554345674,1,edge_replacement
295,"Promazine increases the activity of the sedative activities. It also decreases the efficacy of isoflurophate and betahistine. Betahistine, in turn, decreases the efficacy of cyclizine and has side effects including hallucination and immune system disorder. Isoflurophate decreases the efficacy of trihexyphenidyl, fluticasone propionate, and benactyzine. Lastly, cyclizine has side effects such as pain and paraesthesia.","The drug promazine increases the activity of the sedative activities. It decreases the efficacy of isoflurophate and betahistine. Betahistine, in turn, decreases the efficacy of cyclizine and has side effects such as hallucination and immune system disorder. Isoflurophate also decreases the efficacy of trihexyphenidyl, fluticasone propionate, and benactyzine. Additionally, cyclizine has side effects like pain and paraesthesia.","[[""Promazine"", ""increases"", ""sedative_activities""], [""Promazine"", ""decreases"", ""Isoflurophate""], [""Promazine"", ""decreases"", ""Betahistine""], [""Betahistine"", ""decreases"", ""Cyclizine""], [""Betahistine"", ""has_side_effect"", ""Hallucination""], [""Betahistine"", ""has_side_effect"", ""Immune_system_disorder""], [""Isoflurophate"", ""decreases"", ""Trihexyphenidyl""], [""Isoflurophate"", ""decreases"", ""Fluticasone_propionate""], [""Isoflurophate"", ""decreases"", ""Benactyzine""], [""Cyclizine"", ""has_side_effect"", ""Pain""], [""Cyclizine"", ""has_side_effect"", ""Paraesthesia""]]","[[""Promazine"", ""increases"", ""sedative_activities""], [""Promazine"", ""decreases"", ""Isoflurophate""], [""Promazine"", ""decreases"", ""Betahistine""], [""Betahistine"", ""decreases"", ""Cyclizine""], [""Betahistine"", ""has_side_effect"", ""Hallucination""], [""Betahistine"", ""has_side_effect"", ""Immune_system_disorder""], [""Isoflurophate"", ""decreases"", ""Trihexyphenidyl""], [""Isoflurophate"", ""decreases"", ""Fluticasone_propionate""], [""Isoflurophate"", ""decreases"", ""Benactyzine""], [""Cyclizine"", ""has_side_effect"", ""Pain""], [""Cyclizine"", ""has_side_effect"", ""Paraesthesia""]]",1.0,1.0,1.0,1.0,1.0,1.0,1.0,1.0,1.0,1.0,1.0,1.0,1.0,1.0,1.0,1.0,0.9999999646436066,0.9999999862208472,1,edge_replacement
296,"Pegaspargase can increase the effect of myelosuppression while decreasing the efficacy of polidocanol and modified vaccinia ankara. Polidocanol, on the other hand, decreases the efficacy of propylene glycol, antihemophilic factor (recombinant), and eptacog alfa pegol (activated). Additionally, modified vaccinia ankara reduces the efficacy of rituximab and canakinumab.","The drug pegaspargase decreases the efficacy of polidocanol, modified vaccinia ankara, and also reduces the effect of myelosuppression. Polidocanol, in turn, decreases the efficacy of propylene glycol, antihemophilic factor (recombinant), and eptacog alfa pegol (activated). Additionally, modified vaccinia ankara decreases the efficacy of rituximab and canakinumab.","[[""Pegaspargase"", ""increases"", ""myelosuppression""], [""Pegaspargase"", ""decreases"", ""polidocanol""], [""Pegaspargase"", ""decreases"", ""modified_vaccinia_ankara""], [""Polidocanol"", ""decreases"", ""propylene_glycol""], [""Polidocanol"", ""decreases"", ""antihemophilic_factor_(recombinant)""], [""Polidocanol"", ""decreases"", ""eptacog_alfa_pegol_(activated)""], [""Modified_vaccinia_ankara"", ""decreases"", ""rituximab""], [""Modified_vaccinia_ankara"", ""decreases"", ""canakinumab""]]","[[""Pegaspargase"", ""decreases"", ""polidocanol""], [""Pegaspargase"", ""decreases"", ""modified_vaccinia_ankara""], [""Pegaspargase"", ""reduces"", ""myelosuppression""], [""Polidocanol"", ""decreases"", ""propylene_glycol""], [""Polidocanol"", ""decreases"", ""antihemophilic_factor_(recombinant)""], [""Polidocanol"", ""decreases"", ""eptacog_alfa_pegol_(activated)""], [""Modified_vaccinia_ankara"", ""decreases"", ""rituximab""], [""Modified_vaccinia_ankara"", ""decreases"", ""canakinumab""]]",1.0,1.0,0.9999999403953552,1.0,1.0,0.9987895334435408,0.9989105800991868,0.9990316267548328,0.9991526734104784,0.9992737200661244,0.9993947667217704,0.9995158133774162,0.9996368600330624,0.999757906688708,0.999878953344354,1.0,0.9893599235787316,0.9961973285573712,0,edge_replacement
297,"The drug quetiapine increases the effect of bradycardia and has side effects that include abdominal pain upper and rectal haemorrhage. Additionally, formoterol decreases the efficacy of terazosin, quetiapine, and bunazosin. Terazosin decreases the efficacy of norepinephrine and has a side effect of cerebrovascular accident.","Quetiapine increases the effect of bradycardia and has side effects including upper abdominal pain and rectal haemorrhage. Additionally, formoterol decreases the efficacy of terazosin, quetiapine, and bunazosin. Terazosin, in turn, decreases the efficacy of norepinephrine and has a side effect of cerebrovascular accident.","[[""quetiapine"", ""increases_effect_of"", ""bradycardia""], [""quetiapine"", ""has_side_effect"", ""abdominal_pain_upper""], [""quetiapine"", ""has_side_effect"", ""rectal_haemorrhage""], [""formoterol"", ""decreases_efficacy_of"", ""terazosin""], [""formoterol"", ""decreases_efficacy_of"", ""quetiapine""], [""formoterol"", ""decreases_efficacy_of"", ""bunazosin""], [""terazosin"", ""decreases_efficacy_of"", ""norepinephrine""], [""terazosin"", ""has_side_effect"", ""cerebrovascular_accident""]]","[[""quetiapine"", ""increases_effect_of"", ""bradycardia""], [""quetiapine"", ""has_side_effect"", ""upper_abdominal_pain""], [""quetiapine"", ""has_side_effect"", ""rectal_haemorrhage""], [""formoterol"", ""decreases_efficacy_of"", ""terazosin""], [""formoterol"", ""decreases_efficacy_of"", ""quetiapine""], [""formoterol"", ""decreases_efficacy_of"", ""bunazosin""], [""terazosin"", ""decreases_efficacy_of"", ""norepinephrine""], [""terazosin"", ""has_side_effect"", ""cerebrovascular_accident""]]",1.0,0.961781919002533,0.9370508193969728,0.7962962962962963,1.0,0.9998333700424246,0.999850033038182,0.9998666960339396,0.9998833590296972,0.9999000220254548,0.9999166850212122,0.99993334801697,0.9999500110127272,0.9999666740084848,0.9999833370042424,1.0,0.9987886173557056,0.999527638202642,1,edge_replacement
298,"Nordazepam increases the efficacy of lofexidine but decreases the efficacy of valomaciclovir and lisofylline. Bamifylline decreases the efficacy of clonazepam, bromazepam, and nordazepam. Clonazepam has side effects including confusional state and dry mouth, while bromazepam increases the efficacy of pregabalin but decreases the efficacy of peldesine and has a side effect of cardiac disorder.","Nordazepam has various effects on different drugs. It increases the efficacy of lofexidine but decreases the efficacy of valomaciclovir and lisofylline. On the other hand, bamifylline decreases the efficacy of clonazepam, bromazepam, and nordazepam. Clonazepam is associated with side effects such as confusional state and dry mouth. Bromazepam, on the other hand, increases the efficacy of pregabalin, decreases the efficacy of peldesine, and has a side effect of cardiac disorder.","[[""Nordazepam"", ""increases_efficacy_of"", ""lofexidine""], [""Nordazepam"", ""decreases_efficacy_of"", ""valomaciclovir""], [""Nordazepam"", ""decreases_efficacy_of"", ""lisofylline""], [""Bamifylline"", ""decreases_efficacy_of"", ""clonazepam""], [""Bamifylline"", ""decreases_efficacy_of"", ""bromazepam""], [""Bamifylline"", ""decreases_efficacy_of"", ""nordazepam""], [""Clonazepam"", ""has_side_effect"", ""confusional_state""], [""Clonazepam"", ""has_side_effect"", ""dry_mouth""], [""Bromazepam"", ""increases_efficacy_of"", ""pregabalin""], [""Bromazepam"", ""decreases_efficacy_of"", ""peldesine""], [""Bromazepam"", ""has_side_effect"", ""cardiac_disorder""]]","[[""Nordazepam"", ""increases_efficacy_of"", ""lofexidine""], [""Nordazepam"", ""decreases_efficacy_of"", ""valomaciclovir""], [""Nordazepam"", ""decreases_efficacy_of"", ""lisofylline""], [""Bamifylline"", ""decreases_efficacy_of"", ""clonazepam""], [""Bamifylline"", ""decreases_efficacy_of"", ""bromazepam""], [""Bamifylline"", ""decreases_efficacy_of"", ""nordazepam""], [""Clonazepam"", ""has_side_effect"", ""confusional_state""], [""Clonazepam"", ""has_side_effect"", ""dry_mouth""], [""Bromazepam"", ""increases_efficacy_of"", ""pregabalin""], [""Bromazepam"", ""decreases_efficacy_of"", ""peldesine""], [""Bromazepam"", ""has_side_effect"", ""cardiac_disorder""]]",1.0,1.0,1.0,1.0,1.0,0.9999999983285032,0.9999999984956528,0.9999999986628028,0.9999999988299522,0.999999998997102,0.9999999991642516,0.9999999993314012,0.999999999498551,0.9999999996657006,0.9999999998328504,1.0,1.0,1.0,1,node_replacement
299,"The autosomal recessive spastic paraplegia type 77 presents phenotypes such as axial hypotonia, urinary incontinence, and developmental regression. The gene FARS2 is known to cause conditions like combined oxidative phosphorylation deficiency 14, spastic paraplegia 77, and autosomal recessive spastic paraplegia type 77. Combined oxidative phosphorylation deficiency 14 is associated with phenotypes including hearing impairment, anemia, and thrombocytopenia. Spastic paraplegia 77 manifests phenotypes like middle age onset, upper limb muscle weakness, and lower limb amyotrophy.","Autosomal recessive spastic paraplegia type 77 presents with phenotypes of axial hypotonia, urinary incontinence, and developmental regression. The gene FARS2 is responsible for causing conditions such as combined oxidative phosphorylation deficiency 14, spastic paraplegia 77, and autosomal recessive spastic paraplegia type 77. Combined oxidative phosphorylation deficiency 14 manifests with hearing impairment, anemia, and thrombocytopenia. Spastic paraplegia 77 is characterized by middle age onset, upper limb muscle weakness, and lower limb amyotrophy.","[[""autosomal_recessive_spastic_paraplegia_type_77"", ""presents_phenotypes"", ""axial_hypotonia""], [""autosomal_recessive_spastic_paraplegia_type_77"", ""presents_phenotypes"", ""urinary_incontinence""], [""autosomal_recessive_spastic_paraplegia_type_77"", ""presents_phenotypes"", ""developmental_regression""], [""FARS2"", ""causes"", ""combined_oxidative_phosphorylation_deficiency_14""], [""FARS2"", ""causes"", ""spastic_paraplegia_77""], [""FARS2"", ""causes"", ""autosomal_recessive_spastic_paraplegia_type_77""], [""combined_oxidative_phosphorylation_deficiency_14"", ""associated_with"", ""hearing_impairment""], [""combined_oxidative_phosphorylation_deficiency_14"", ""associated_with"", ""anemia""], [""combined_oxidative_phosphorylation_deficiency_14"", ""associated_with"", ""thrombocytopenia""], [""spastic_paraplegia_77"", ""manifests_phenotypes"", ""middle_age_onset""], [""spastic_paraplegia_77"", ""manifests_phenotypes"", ""upper_limb_muscle_weakness""], [""spastic_paraplegia_77"", ""manifests_phenotypes"", ""lower_limb_amyotrophy""]]","[[""autosomal_recessive_spastic_paraplegia_type_77"", ""presents_with"", ""axial_hypotonia""], [""autosomal_recessive_spastic_paraplegia_type_77"", ""presents_with"", ""urinary_incontinence""], [""autosomal_recessive_spastic_paraplegia_type_77"", ""presents_with"", ""developmental_regression""], [""FARS2"", ""responsible_for"", ""combined_oxidative_phosphorylation_deficiency_14""], [""FARS2"", ""responsible_for"", ""spastic_paraplegia_77""], [""FARS2"", ""responsible_for"", ""autosomal_recessive_spastic_paraplegia_type_77""], [""combined_oxidative_phosphorylation_deficiency_14"", ""manifests_with"", ""hearing_impairment""], [""combined_oxidative_phosphorylation_deficiency_14"", ""manifests_with"", ""anemia""], [""combined_oxidative_phosphorylation_deficiency_14"", ""manifests_with"", ""thrombocytopenia""], [""spastic_paraplegia_77"", ""characterized_by"", ""middle_age_onset""], [""spastic_paraplegia_77"", ""characterized_by"", ""upper_limb_muscle_weakness""], [""spastic_paraplegia_77"", ""characterized_by"", ""lower_limb_amyotrophy""]]",1.0,1.0,1.0,1.0,1.0,0.9915565054848476,0.9924008549363628,0.993245204387878,0.9940895538393932,0.9949339032909084,0.9957782527424236,0.9966226021939392,0.9974669516454542,0.9983113010969696,0.9991556505484848,1.0,0.893668788963849,0.9463309890489742,1,node_replacement
300,"Synephrine increases the effect of hypotension while decreasing the efficacy of silodosin and indoramin. Silodosin, in turn, decreases the efficacy of mephentermine.","Synephrine increases the effect of hypotension. Additionally, synephrine decreases the efficacy of silodosin and indoramin. Silodosin, in turn, decreases the efficacy of mephentermine.","[[""Synephrine"", ""increases"", ""hypotension""], [""Synephrine"", ""decreases"", ""silodosin""], [""Synephrine"", ""decreases"", ""indoramin""], [""Silodosin"", ""decreases"", ""mephentermine""]]","[[""Synephrine"", ""increases"", ""hypotension""], [""Synephrine"", ""decreases"", ""silodosin""], [""Synephrine"", ""decreases"", ""indoramin""], [""Silodosin"", ""decreases"", ""mephentermine""]]",1.0,1.0,1.0,1.0,1.0,1.0,1.0,1.0,1.0,1.0,1.0,1.0,1.0,1.0,1.0,1.0,0.999999985098837,1.0,1,edge_replacement
301,"Diclofenamide targets carbonic anhydrase 1 and increases the efficacy of canagliflozin while decreasing the efficacy of piritramide. Bezitramide, on the other hand, decreases the efficacy of diclofenamide, plecanatide, and magnesium peroxide. In turn, magnesium peroxide decreases the efficacy of hydromorphone, metixene, and darifenacin. Furthermore, plecanatide decreases the efficacy of verapamil, tubocurarine, and bornaprine.","Diclofenamide targets Carbonic Anhydrase 1 and enhances the efficacy of Canagliflozin, but decreases the efficacy of Piritramide. Bezitramide diminishes the efficacy of Magnesium Peroxide, which in turn reduces the efficacy of Hydromorphone, Metixene, and Darifenacin. Plecanatide decreases the efficacy of Verapamil, Tubocurarine, and Bornaprine.","[[""Diclofenamide"", ""targets"", ""carbonic_anhydrase_1""], [""Diclofenamide"", ""increases_efficacy_of"", ""canagliflozin""], [""Diclofenamide"", ""decreases_efficacy_of"", ""piritramide""], [""Bezitramide"", ""decreases_efficacy_of"", ""diclofenamide""], [""Bezitramide"", ""decreases_efficacy_of"", ""plecanatide""], [""Bezitramide"", ""decreases_efficacy_of"", ""magnesium_peroxide""], [""Magnesium_peroxide"", ""decreases_efficacy_of"", ""hydromorphone""], [""Magnesium_peroxide"", ""decreases_efficacy_of"", ""metixene""], [""Magnesium_peroxide"", ""decreases_efficacy_of"", ""darifenacin""], [""Plecanatide"", ""decreases_efficacy_of"", ""verapamil""], [""Plecanatide"", ""decreases_efficacy_of"", ""tubocurarine""], [""Plecanatide"", ""decreases_efficacy_of"", ""bornaprine""]]","[[""Diclofenamide"", ""targets"", ""Carbonic_Anhydrase_1""], [""Diclofenamide"", ""enhances_efficacy_of"", ""Canagliflozin""], [""Diclofenamide"", ""decreases_efficacy_of"", ""Piritramide""], [""Bezitramide"", ""diminishes_efficacy_of"", ""Magnesium_Peroxide""], [""Magnesium_Peroxide"", ""reduces_efficacy_of"", ""Hydromorphone""], [""Magnesium_Peroxide"", ""reduces_efficacy_of"", ""Metixene""], [""Magnesium_Peroxide"", ""reduces_efficacy_of"", ""Darifenacin""], [""Plecanatide"", ""decreases_efficacy_of"", ""Verapamil""], [""Plecanatide"", ""decreases_efficacy_of"", ""Tubocurarine""], [""Plecanatide"", ""decreases_efficacy_of"", ""Bornaprine""]]",0.8717948717948718,0.8858580589294434,0.9060348272323608,0.8717948717948718,0.8717948717948718,0.9879001705540186,0.976289640678104,0.9646791108021892,0.9530685809262744,0.9414580510503598,0.9298475211744452,0.9182369912985304,0.9066264614226158,0.8950159315467012,0.8834054016707864,0.8717948717948718,0.9814494605699912,0.7260384015898255,0,edge_deletion
302,"Carbaspirin calcium decreases the efficacy of sulfasalazine, droxicam, and BQ-123. Isradipine decreases the efficacy of meclofenamic acid and carbaspirin calcium. Isradipine has the side effect of increased urine output. Meclofenamic acid decreases the efficacy of floxuridine, clofibrate, and dinoprost. Dinoprost has the target HEK-293T and has the side effects of nausea and neonatal death.","Carbaspirin calcium decreases the efficacy of sulfasalazine, droxicam, and BQ-123. Isradipine decreases the efficacy of meclofenamic acid and carbaspirin calcium, and has the side effect of increased urine output. Meclofenamic acid decreases the efficacy of floxuridine, clofibrate, and dinoprost. Dinoprost targets hek-293t and has side effects of nausea and neonatal death.","[[""Carbaspirin_calcium"", ""decreases_efficacy_of"", ""sulfasalazine""], [""Carbaspirin_calcium"", ""decreases_efficacy_of"", ""droxicam""], [""Carbaspirin_calcium"", ""decreases_efficacy_of"", ""BQ-123""], [""Isradipine"", ""decreases_efficacy_of"", ""meclofenamic_acid""], [""Isradipine"", ""decreases_efficacy_of"", ""Carbaspirin_calcium""], [""Isradipine"", ""has_side_effect"", ""increased_urine_output""], [""Meclofenamic_acid"", ""decreases_efficacy_of"", ""floxuridine""], [""Meclofenamic_acid"", ""decreases_efficacy_of"", ""clofibrate""], [""Meclofenamic_acid"", ""decreases_efficacy_of"", ""dinoprost""], [""Dinoprost"", ""has_target"", ""HEK-293T""], [""Dinoprost"", ""has_side_effect"", ""nausea""], [""Dinoprost"", ""has_side_effect"", ""neonatal_death""]]","[[""Carbaspirin_calcium"", ""decreases_efficacy_of"", ""sulfasalazine""], [""Carbaspirin_calcium"", ""decreases_efficacy_of"", ""droxicam""], [""Carbaspirin_calcium"", ""decreases_efficacy_of"", ""BQ-123""], [""Isradipine"", ""decreases_efficacy_of"", ""meclofenamic_acid""], [""Isradipine"", ""decreases_efficacy_of"", ""Carbaspirin_calcium""], [""Isradipine"", ""has_side_effect"", ""increased_urine_output""], [""Meclofenamic_acid"", ""decreases_efficacy_of"", ""floxuridine""], [""Meclofenamic_acid"", ""decreases_efficacy_of"", ""clofibrate""], [""Meclofenamic_acid"", ""decreases_efficacy_of"", ""dinoprost""], [""Dinoprost"", ""targets"", ""hek-293t""], [""Dinoprost"", ""has_side_effect"", ""nausea""], [""Dinoprost"", ""has_side_effect"", ""neonatal_death""]]",1.0,1.0,0.9999998807907104,1.0,1.0,0.9976766227618564,0.9979089604856708,0.9981412982094852,0.9983736359332996,0.998605973657114,0.9988383113809284,0.9990706491047424,0.999302986828557,0.9995353245523712,0.9997676622761856,1.0,0.9872669166354392,0.9982922638837828,1,node_replacement
303,"Cinolazepam increases the neuropsychiatric effects. Bufylline decreases the efficacy of oxazepam, ketazolam, and cinolazepam. Flunitrazepam decreases the efficacy of bufylline and pcs-499, while also causing hyperhidrosis as a side effect. Pcs-499 has the hypotensive activities but decreases the efficacy of adenosine.","Cinolazepam decreases the neuropsychiatric effects, bufylline decreases the efficacy of oxazepam, ketazolam, and cinolazepam. Flunitrazepam decreases the efficacy of bufylline and pcs-499, and has the side effect of hyperhidrosis. Pcs-499 has the activity of the hypotensive activities and decreases the efficacy of adenosine.","[[""Cinolazepam"", ""increases"", ""neuropsychiatric_effects""], [""Bufylline"", ""decreases_efficacy_of"", ""Oxazepam""], [""Bufylline"", ""decreases_efficacy_of"", ""Ketazolam""], [""Bufylline"", ""decreases_efficacy_of"", ""Cinolazepam""], [""Flunitrazepam"", ""decreases_efficacy_of"", ""Bufylline""], [""Flunitrazepam"", ""decreases_efficacy_of"", ""Pcs-499""], [""Flunitrazepam"", ""causes"", ""Hyperhidrosis""], [""Pcs-499"", ""has"", ""Hypotensive_activities""], [""Pcs-499"", ""decreases_efficacy_of"", ""Adenosine""]]","[[""Cinolazepam"", ""decreases"", ""neuropsychiatric_effects""], [""Bufylline"", ""decreases_efficacy_of"", ""Oxazepam""], [""Bufylline"", ""decreases_efficacy_of"", ""Ketazolam""], [""Bufylline"", ""decreases_efficacy_of"", ""Cinolazepam""], [""Flunitrazepam"", ""decreases_efficacy_of"", ""Bufylline""], [""Flunitrazepam"", ""decreases_efficacy_of"", ""Pcs-499""], [""Flunitrazepam"", ""has_side_effect"", ""Hyperhidrosis""], [""Pcs-499"", ""has"", ""Hypotensive_activities""], [""Pcs-499"", ""decreases_efficacy_of"", ""Adenosine""]]",1.0,1.0,1.0,1.0,1.0,0.9966976496758226,0.9970278847082404,0.9973581197406582,0.9976883547730756,0.9980185898054936,0.9983488248379112,0.998679059870329,0.9990092949027468,0.9993395299351644,0.9996697649675824,1.0,0.972717204008802,0.9923809477068348,0,edge_replacement
304,"Non-syndromic posterior hypospadias exhibits phenotypes such as anal atresia and esophageal atresia. The androgen receptor is a gene product of AR. PPARD acts within various pathways including the Carnitine shuttle, Nuclear Receptor transcription pathway, and Signaling by Retinoic Acid. Peroxisome proliferator-activated receptor delta is a gene product of PPARD. AR is involved in causing conditions such as hypospadias 1 and non-syndromic posterior hypospadias, and also acts within Ub-specific processing proteases. Itaconate targets both the androgen receptor and peroxisome proliferator-activated receptor delta.",Non-syndromic posterior hypospadias is associated with the phenotype esophageal atresia. Itaconate targets peroxisome proliferator-activated receptor delta.,"[[""Non-syndromic_posterior_hypospadias"", ""exhibits"", ""anal_atresia""], [""Non-syndromic_posterior_hypospadias"", ""exhibits"", ""esophageal_atresia""], [""Androgen_receptor"", ""gene_product_of"", ""AR""], [""PPARD"", ""acts_within"", ""Carnitine_shuttle""], [""PPARD"", ""acts_within"", ""Nuclear_Receptor_transcription_pathway""], [""PPARD"", ""acts_within"", ""Signaling_by_Retinoic_Acid""], [""Peroxisome_proliferator-activated_receptor_delta"", ""gene_product_of"", ""PPARD""], [""AR"", ""involved_in"", ""hypospadias_1""], [""AR"", ""involved_in"", ""non-syndromic_posterior_hypospadias""], [""AR"", ""acts_within"", ""Ub-specific_processing_proteases""], [""Itaconate"", ""targets"", ""androgen_receptor""], [""Itaconate"", ""targets"", ""peroxisome_proliferator-activated_receptor_delta""]]","[[""Non-syndromic_posterior_hypospadias"", ""associated_with"", ""esophageal_atresia""], [""Itaconate"", ""targets"", ""peroxisome_proliferator-activated_receptor_delta""]]",0.2165063509461096,0.6757997274398804,0.6610685586929321,0.2080125735844609,0.2282177322938192,0.7414956261896373,0.6901678368000556,0.6388400474104737,0.5875122580208918,0.5361844686313101,0.4848566792417282,0.4335288898521464,0.3822011004625646,0.3308733110729828,0.279545521683401,0.2282177322938192,0.6981103746098796,0.8137291728395321,0,node_removal
305,"The drug acemetacin is known to decrease the efficacy of tadalafil, polythiazide, and indoramin. Additionally, diazoxide targets carbonic anhydrase 2 and reduces the efficacy of fenoprofen and lobeglitazone. Bretylium is involved in decreasing the efficacy of propyphenazone and acemetacin, and it has a side effect of causing bradycardia. Propyphenazone decreases the efficacy of chlorthalidone, diazoxide, and urapidil. Urapidil, in turn, decreases the efficacy of zaltoprofen, dexibuprofen, and doxofylline. Furthermore, chlorthalidone decreases the efficacy of floctafenine, epirizole, and tofogliflozin.","The drug acemetacin decreases the efficacy of tadalafil, polythiazide, and indoramin. Meanwhile, diazoxide targets carbonic anhydrase 2 and decreases the efficacy of fenoprofen and lobeglitazone. Bretylium has a side effect of causing bradycardia. Additionally, propyphenazone decreases the efficacy of chlorthalidone, diazoxide, and urapidil, whereas urapidil decreases the efficacy of zaltoprofen, dexibuprofen, and doxofylline. Lastly, chlorthalidone decreases the efficacy of floctafenine, epirizole, and tofogliflozin.","[[""acemetacin"", ""decreases_efficacy_of"", ""tadalafil""], [""acemetacin"", ""decreases_efficacy_of"", ""polythiazide""], [""acemetacin"", ""decreases_efficacy_of"", ""indoramin""], [""diazoxide"", ""targets"", ""carbonic_anhydrase_2""], [""diazoxide"", ""decreases_efficacy_of"", ""fenoprofen""], [""diazoxide"", ""decreases_efficacy_of"", ""lobeglitazone""], [""bretylium"", ""decreases_efficacy_of"", ""propyphenazone""], [""bretylium"", ""decreases_efficacy_of"", ""acemetacin""], [""bretylium"", ""has_side_effect"", ""bradycardia""], [""propyphenazone"", ""decreases_efficacy_of"", ""chlorthalidone""], [""propyphenazone"", ""decreases_efficacy_of"", ""diazoxide""], [""propyphenazone"", ""decreases_efficacy_of"", ""urapidil""], [""urapidil"", ""decreases_efficacy_of"", ""zaltoprofen""], [""urapidil"", ""decreases_efficacy_of"", ""dexibuprofen""], [""urapidil"", ""decreases_efficacy_of"", ""doxofylline""], [""chlorthalidone"", ""decreases_efficacy_of"", ""floctafenine""], [""chlorthalidone"", ""decreases_efficacy_of"", ""epirizole""], [""chlorthalidone"", ""decreases_efficacy_of"", ""tofogliflozin""]]","[[""acemetacin"", ""decreases_efficacy_of"", ""tadalafil""], [""acemetacin"", ""decreases_efficacy_of"", ""polythiazide""], [""acemetacin"", ""decreases_efficacy_of"", ""indoramin""], [""diazoxide"", ""targets"", ""carbonic_anhydrase_2""], [""diazoxide"", ""decreases_efficacy_of"", ""fenoprofen""], [""diazoxide"", ""decreases_efficacy_of"", ""lobeglitazone""], [""bretylium"", ""has_side_effect"", ""bradycardia""], [""propyphenazone"", ""decreases_efficacy_of"", ""chlorthalidone""], [""propyphenazone"", ""decreases_efficacy_of"", ""diazoxide""], [""propyphenazone"", ""decreases_efficacy_of"", ""urapidil""], [""urapidil"", ""decreases_efficacy_of"", ""zaltoprofen""], [""urapidil"", ""decreases_efficacy_of"", ""dexibuprofen""], [""urapidil"", ""decreases_efficacy_of"", ""doxofylline""], [""chlorthalidone"", ""decreases_efficacy_of"", ""floctafenine""], [""chlorthalidone"", ""decreases_efficacy_of"", ""epirizole""], [""chlorthalidone"", ""decreases_efficacy_of"", ""tofogliflozin""]]",0.912280701754386,1.0,1.0,0.912280701754386,0.912280701754386,0.9961620721866696,0.9877739351434414,0.979385798100213,0.9709976610569844,0.9626095240137562,0.9542213869705278,0.9458332499272994,0.9374451128840712,0.9290569758408428,0.9206688387976144,0.912280701754386,0.9920156001061556,0.7876728735336576,0,edge_deletion
306,"The rabies virus inactivated antigen decreases the efficacy of vilanterol, ozanimod, and hydrocortisone butyrate. Abatacept decreases the efficacy of the rabies virus inactivated antigen, rotavirus vaccine, and modified vaccinia ankara. Modified vaccinia ankara decreases the efficacy of abetimus and ropeginterferon alfa-2b. Rotavirus vaccine decreases the efficacy of dexrazoxane, vinblastine, and triptolide.","The rabies virus inactivated antigen decreases the efficacy of vilanterol, ozanimod, and hydrocortisone butyrate. Additionally, abatacept decreases the efficacy of the rotavirus vaccine while the modified vaccinia ankara decreases the efficacy of abetimus and ropeginterferon alfa-2b. Furthermore, the rotavirus vaccine decreases the efficacy of dexrazoxane, vinblastine, and triptolide.","[[""rabies_virus_inactivated_antigen"", ""decreases_efficacy_of"", ""vilanterol""], [""rabies_virus_inactivated_antigen"", ""decreases_efficacy_of"", ""ozanimod""], [""rabies_virus_inactivated_antigen"", ""decreases_efficacy_of"", ""hydrocortisone_butyrate""], [""abatacept"", ""decreases_efficacy_of"", ""rabies_virus_inactivated_antigen""], [""abatacept"", ""decreases_efficacy_of"", ""rotavirus_vaccine""], [""abatacept"", ""decreases_efficacy_of"", ""modified_vaccinia_ankara""], [""modified_vaccinia_ankara"", ""decreases_efficacy_of"", ""abetimus""], [""modified_vaccinia_ankara"", ""decreases_efficacy_of"", ""ropeginterferon_alfa-2b""], [""rotavirus_vaccine"", ""decreases_efficacy_of"", ""dexrazoxane""], [""rotavirus_vaccine"", ""decreases_efficacy_of"", ""vinblastine""], [""rotavirus_vaccine"", ""decreases_efficacy_of"", ""triptolide""]]","[[""rabies_virus_inactivated_antigen"", ""decreases_efficacy_of"", ""vilanterol""], [""rabies_virus_inactivated_antigen"", ""decreases_efficacy_of"", ""ozanimod""], [""rabies_virus_inactivated_antigen"", ""decreases_efficacy_of"", ""hydrocortisone_butyrate""], [""abatacept"", ""decreases_efficacy_of"", ""rotavirus_vaccine""], [""modified_vaccinia_ankara"", ""decreases_efficacy_of"", ""abetimus""], [""modified_vaccinia_ankara"", ""decreases_efficacy_of"", ""ropeginterferon_alfa-2b""], [""rotavirus_vaccine"", ""decreases_efficacy_of"", ""dexrazoxane""], [""rotavirus_vaccine"", ""decreases_efficacy_of"", ""vinblastine""], [""rotavirus_vaccine"", ""decreases_efficacy_of"", ""triptolide""]]",0.8611111111111112,1.0,1.0,0.8611111111111112,0.8611111111111112,0.989617479878695,0.9767668430019366,0.9639162061251784,0.9510655692484198,0.9382149323716616,0.9253642954949032,0.9125136586181448,0.8996630217413863,0.8868123848646279,0.8739617479878695,0.8611111111111112,0.9887547516938716,0.9533378286998212,0,edge_deletion
307,"The drug olanzapine decreases the activity of effectiveness, decreases the efficacy of luseogliflozin, and has a side effect of water intoxication. Glycopyrronium decreases the efficacy of magnesium citrate, deacetylbisacodyl, and konjac mannan. Bisoxatin decreases the efficacy of olanzapine, glycopyrronium, and solifenacin.","The drug olanzapine reduces the efficacy of luseogliflozin and increases the activity of effectiveness. It also has a side effect of water intoxication. On the other hand, glycopyrronium decreases the efficacy of magnesium citrate, deacetylbisacodyl, and konjac mannan. Furthermore, bisoxatin decreases the efficacy of olanzapine, glycopyrronium, and solifenacin.","[[""olanzapine"", ""decreases"", ""activity_of_effectiveness""], [""olanzapine"", ""decreases"", ""efficacy_of_luseogliflozin""], [""olanzapine"", ""has_side_effect"", ""water_intoxication""], [""glycopyrronium"", ""decreases"", ""efficacy_of_magnesium_citrate""], [""glycopyrronium"", ""decreases"", ""efficacy_of_deacetylbisacodyl""], [""glycopyrronium"", ""decreases"", ""efficacy_of_konjac_mannan""], [""bisoxatin"", ""decreases"", ""efficacy_of_olanzapine""], [""bisoxatin"", ""decreases"", ""efficacy_of_glycopyrronium""], [""bisoxatin"", ""decreases"", ""efficacy_of_solifenacin""]]","[[""olanzapine"", ""reduces"", ""efficacy_of_luseogliflozin""], [""olanzapine"", ""increases"", ""activity_of_effectiveness""], [""olanzapine"", ""has_side_effect"", ""water_intoxication""], [""glycopyrronium"", ""decreases"", ""efficacy_of_magnesium_citrate""], [""glycopyrronium"", ""decreases"", ""efficacy_of_deacetylbisacodyl""], [""glycopyrronium"", ""decreases"", ""efficacy_of_konjac_mannan""], [""bisoxatin"", ""decreases"", ""efficacy_of_olanzapine""], [""bisoxatin"", ""decreases"", ""efficacy_of_glycopyrronium""], [""bisoxatin"", ""decreases"", ""efficacy_of_solifenacin""]]",1.0,1.0,0.9999999403953552,1.0,1.0,0.9973708496954296,0.9976337647258866,0.9978966797563438,0.9981595947868008,0.9984225098172578,0.9986854248477148,0.9989483398781718,0.9992112549086288,0.999474169939086,0.9997370849695428,1.0,0.9877612374589568,0.9966813474854076,0,edge_replacement
308,"The drug insulin human increases the effect of hypoglycemia, but decreases the efficacy of dienestrol and bifeprunox. Tibolone decreases the efficacy of insulin human and somapacitan, and has a side effect of breast tenderness.","The hormone insulin human decreases the efficacy of dienestrol and bifeprunox, and also decreases the effect of hypoglycemia. Tibolone reduces the efficacy of insulin human and somapacitan, and is associated with a side effect of breast tenderness.","[[""insulin_human"", ""increases"", ""hypoglycemia""], [""insulin_human"", ""decreases"", ""dienestrol""], [""insulin_human"", ""decreases"", ""bifeprunox""], [""tibolone"", ""decreases"", ""insulin_human""], [""tibolone"", ""decreases"", ""somapacitan""], [""tibolone"", ""has_side_effect"", ""breast_tenderness""]]","[[""insulin_human"", ""decreases"", ""dienestrol""], [""insulin_human"", ""decreases"", ""bifeprunox""], [""insulin_human"", ""decreases"", ""hypoglycemia""], [""tibolone"", ""reduces"", ""insulin_human""], [""tibolone"", ""reduces"", ""somapacitan""], [""tibolone"", ""associated_with"", ""breast_tenderness""]]",1.0,1.0,1.0,1.0,1.0,0.9924115083604478,0.993170357524403,0.9939292066883584,0.9946880558523136,0.9954469050162686,0.9962057541802238,0.9969646033441792,0.9977234525081344,0.9984823016720896,0.9992411508360448,1.0,0.9494285801164596,0.9602992089921376,0,edge_replacement
309,"The gene MECP2 is known to cause various conditions, including encephalopathy, Rett syndrome, and autism susceptibility. Rett syndrome is associated with phenotypes such as gastroesophageal reflux, scoliosis, and sleep disturbance. Encephalopathy is linked to global developmental delay and feeding difficulties in infancy. Autism susceptibility is linked to phenotypes like inflexible adherence to routines, intellectual disability, and delayed speech and language development.","The gene MECP2 is known to cause several conditions including encephalopathy, Rett syndrome, and autism susceptibility. Rett syndrome is associated with phenotypes such as gastroesophageal reflux, scoliosis, and sleep disturbance. Encephalopathy presents with phenotypes like global developmental delay and feeding difficulties in infancy. Additionally, autism susceptibility is linked to phenotypes including inflexible adherence to routines, intellectual disability, and delayed speech and language development.","[[""MECP2"", ""causes"", ""encephalopathy""], [""MECP2"", ""causes"", ""Rett_syndrome""], [""MECP2"", ""causes"", ""autism_susceptibility""], [""Rett_syndrome"", ""associated_with"", ""gastroesophageal_reflux""], [""Rett_syndrome"", ""associated_with"", ""scoliosis""], [""Rett_syndrome"", ""associated_with"", ""sleep_disturbance""], [""encephalopathy"", ""linked_to"", ""global_developmental_delay""], [""encephalopathy"", ""linked_to"", ""feeding_difficulties_in_infancy""], [""autism_susceptibility"", ""linked_to"", ""inflexible_adherence_to_routines""], [""autism_susceptibility"", ""linked_to"", ""intellectual_disability""], [""autism_susceptibility"", ""linked_to"", ""delayed_speech_and_language_development""]]","[[""MECP2"", ""causes"", ""encephalopathy""], [""MECP2"", ""causes"", ""Rett_syndrome""], [""MECP2"", ""causes"", ""autism_susceptibility""], [""Rett_syndrome"", ""associated_with"", ""gastroesophageal_reflux""], [""Rett_syndrome"", ""associated_with"", ""scoliosis""], [""Rett_syndrome"", ""associated_with"", ""sleep_disturbance""], [""encephalopathy"", ""presents_with"", ""global_developmental_delay""], [""encephalopathy"", ""presents_with"", ""feeding_difficulties_in_infancy""], [""autism_susceptibility"", ""linked_to"", ""inflexible_adherence_to_routines""], [""autism_susceptibility"", ""linked_to"", ""intellectual_disability""], [""autism_susceptibility"", ""linked_to"", ""delayed_speech_and_language_development""]]",1.0,0.9999999403953552,1.0,1.0,1.0,0.9984043616954994,0.9985639255259494,0.9987234893563997,0.9988830531868496,0.9990426170172996,0.9992021808477496,0.9993617446781996,0.9995213085086498,0.9996808723391,0.99984043616955,1.0,0.9896142974165468,0.9935928650496456,1,node_replacement
310,"The drug mazaticol decreases the efficacy of pyridostigmine, terbutaline, and demecarium. Terbutaline further decreases the efficacy of methotrimeprazine, mepenzolate, and piperidolate. Pyridostigmine decreases the efficacy of buclizine, paramethasone, and propiverine. Propiverine decreases the efficacy of metamfetamine and thiotepa. Lastly, demecarium decreases the efficacy of ipratropium, otilonium, and betamethasone phosphate.","Mazaticol decreases the efficacy of demecarium. Terbutaline decreases the efficacy of methotrimeprazine, mepenzolate, and piperidolate. Pyridostigmine decreases the efficacy of buclizine and paramethasone. Propiverine decreases the efficacy of metamfetamine and thiotepa. Demecarium decreases the efficacy of ipratropium, otilonium, and betamethasone phosphate.","[[""Mazaticol"", ""decreases_efficacy_of"", ""Pyridostigmine""], [""Mazaticol"", ""decreases_efficacy_of"", ""Terbutaline""], [""Mazaticol"", ""decreases_efficacy_of"", ""Demecarium""], [""Terbutaline"", ""decreases_efficacy_of"", ""Methotrimeprazine""], [""Terbutaline"", ""decreases_efficacy_of"", ""Mepenzolate""], [""Terbutaline"", ""decreases_efficacy_of"", ""Piperidolate""], [""Pyridostigmine"", ""decreases_efficacy_of"", ""Buclizine""], [""Pyridostigmine"", ""decreases_efficacy_of"", ""Paramethasone""], [""Pyridostigmine"", ""decreases_efficacy_of"", ""Propiverine""], [""Propiverine"", ""decreases_efficacy_of"", ""Metamfetamine""], [""Propiverine"", ""decreases_efficacy_of"", ""Thiotepa""], [""Demecarium"", ""decreases_efficacy_of"", ""Ipratropium""], [""Demecarium"", ""decreases_efficacy_of"", ""Otilonium""], [""Demecarium"", ""decreases_efficacy_of"", ""Betamethasone_phosphate""]]","[[""Mazaticol"", ""decreases_efficacy_of"", ""Demecarium""], [""Terbutaline"", ""decreases_efficacy_of"", ""Methotrimeprazine""], [""Terbutaline"", ""decreases_efficacy_of"", ""Mepenzolate""], [""Terbutaline"", ""decreases_efficacy_of"", ""Piperidolate""], [""Pyridostigmine"", ""decreases_efficacy_of"", ""Buclizine""], [""Pyridostigmine"", ""decreases_efficacy_of"", ""Paramethasone""], [""Propiverine"", ""decreases_efficacy_of"", ""Metamfetamine""], [""Propiverine"", ""decreases_efficacy_of"", ""Thiotepa""], [""Demecarium"", ""decreases_efficacy_of"", ""Ipratropium""], [""Demecarium"", ""decreases_efficacy_of"", ""Otilonium""], [""Demecarium"", ""decreases_efficacy_of"", ""Betamethasone_phosphate""]]",0.8888888888888888,0.9999998807907104,0.9999998807907104,0.8888888888888888,0.8888888888888888,0.9923616196621966,0.982014346584866,0.9716670735075352,0.9613198004302042,0.9509725273528736,0.9406252542755428,0.930277981198212,0.9199307081208812,0.9095834350435504,0.8992361619662196,0.8888888888888888,0.9892967155979476,0.9823668046788062,0,edge_deletion
311,The drug aminophylline increases the activity of the hyperkalemic activities but decreases the efficacy of phenobarbital. It also has a side effect of poisoning. Regramostim decreases the efficacy of profenamine and dexetimide. Phenobarbital decreases the efficacy of regramostim and has side effects including folate deficiency and necrosis.,The drug aminophylline decreases the efficacy of phenobarbital and has side effects leading to poisoning. Aminophylline also decreases the activity of the hyperkalemic activities. Regramostim reduces the efficacy of profenamine and dexetimide. Phenobarbital decreases the efficacy of regramostim and has side effects such as folate deficiency and necrosis.,"[[""aminophylline"", ""increases"", ""hyperkalemic_activities""], [""aminophylline"", ""decreases"", ""phenobarbital""], [""aminophylline"", ""has_side_effect"", ""poisoning""], [""regramostim"", ""decreases"", ""profenamine""], [""regramostim"", ""decreases"", ""dextimide""], [""phenobarbital"", ""decreases"", ""regramostim""], [""phenobarbital"", ""has_side_effect"", ""folate_deficiency""], [""phenobarbital"", ""has_side_effect"", ""necrosis""]]","[[""aminophylline"", ""decreases"", ""phenobarbital""], [""aminophylline"", ""decreases"", ""hyperkalemic_activities""], [""aminophylline"", ""has_side_effect"", ""poisoning""], [""regramostim"", ""reduces"", ""profenamine""], [""regramostim"", ""reduces"", ""dextimide""], [""phenobarbital"", ""decreases"", ""regramostim""], [""phenobarbital"", ""has_side_effect"", ""folate_deficiency""], [""phenobarbital"", ""has_side_effect"", ""necrosis""]]",1.0,0.9999999403953552,0.9999999403953552,1.0,1.0,0.9981745918401091,0.9983571326560984,0.9985396734720872,0.9987222142880764,0.9989047551040656,0.9990872959200544,0.9992698367360436,0.9994523775520328,0.9996349183680218,0.9998174591840108,1.0,0.985781863666168,0.9801526780590524,0,edge_replacement
312,"Celecoxib increases the activity of the hyperkalemic activities, while decreasing the efficacy of ambrisentan. Celecoxib also targets the sodium-dependent dopamine transporter which is a gene product of SLC6A3. Isoxicam decreases the efficacy of prostalene. Ambrisentan decreases the efficacy of both ibuprofen and isoxicam, and has the side effect of dizziness.","Celecoxib decreases the efficacy of ambrisentan and the activity of the hyperkalemic activities. It has a target in the sodium-dependent dopamine transporter. The sodium-dependent dopamine transporter is a gene product of SLC6A3. Additionally, isoxicam decreases the efficacy of prostalene. Meanwhile, ambrisentan decreases the efficacy of ibuprofen and isoxicam, and it also has the side effect of dizziness.","[[""Celecoxib"", ""increases"", ""hyperkalemic_activities""], [""Celecoxib"", ""decreases"", ""ambrisentan""], [""Celecoxib"", ""targets"", ""sodium-dependent_dopamine_transporter""], [""sodium-dependent_dopamine_transporter"", ""gene_product_of"", ""SLC6A3""], [""Isoxicam"", ""decreases"", ""prostalene""], [""Ambrisentan"", ""decreases"", ""ibuprofen""], [""Ambrisentan"", ""decreases"", ""isoxicam""], [""Ambrisentan"", ""has_side_effect"", ""dizziness""]]","[[""Celecoxib"", ""decreases"", ""ambrisentan""], [""Celecoxib"", ""decreases"", ""hyperkalemic_activities""], [""Celecoxib"", ""targets"", ""sodium-dependent_dopamine_transporter""], [""sodium-dependent_dopamine_transporter"", ""gene_product_of"", ""SLC6A3""], [""Isoxicam"", ""decreases"", ""prostalene""], [""Ambrisentan"", ""decreases"", ""ibuprofen""], [""Ambrisentan"", ""decreases"", ""isoxicam""], [""Ambrisentan"", ""has_side_effect"", ""dizziness""]]",1.0,1.0,0.9999998807907104,1.0,1.0,0.998389099141252,0.9985501892271268,0.9987112793130016,0.9988723693988764,0.9990334594847512,0.999194549570626,0.9993556396565008,0.9995167297423756,0.9996778198282504,0.9998389099141252,1.0,0.9911602672254208,0.9985083985426224,0,edge_replacement
313,"The drug nizatidine decreases the efficacy of darifenacin, etybenzatropine and has a side effect of Asthenia. Ziprasidone decreases the efficacy of canagliflozin. 1,10-phenanthroline decreases the efficacy of hyoscyamine, gallamine triethiodide, and solifenacin. Diphenidol decreases the efficacy of nizatidine, 1,10-phenanthroline, and monopotassium phosphate. Atropine decreases the efficacy of neostigmine and sodium fluorophosphate, and has a target of solute carrier family 22 member 1. Monopotassium phosphate decreases the efficacy of ziprasidone, atropine, and rociverine.","The drug nizatidine decreases the efficacy of darifenacin, etybenzatropine and can cause asthenia as a side effect. Ziprasidone's efficacy is decreased by canagliflozin. 1,10-phenanthroline decreases the efficacy of hyoscyamine, gallamine triethiodide, and solifenacin. Diphenidol reduces the efficacy of nizatidine, 1,10-phenanthroline, and monopotassium phosphate. Atropine reduces the efficacy of neostigmine and sodium fluorophosphate, and also targets solute carrier family 22 member 1. Monopotassium phosphate diminishes the efficacy of ziprasidone, atropine, and rociverine.","[[""nizatidine"", ""decreases_efficacy_of"", ""darifenacin""], [""nizatidine"", ""decreases_efficacy_of"", ""etybenzatropine""], [""nizatidine"", ""has_side_effect"", ""Asthenia""], [""ziprasidone"", ""decreases_efficacy_of"", ""canagliflozin""], [""1,10-phenanthroline"", ""decreases_efficacy_of"", ""hyoscyamine""], [""1,10-phenanthroline"", ""decreases_efficacy_of"", ""gallamine_triethiodide""], [""1,10-phenanthroline"", ""decreases_efficacy_of"", ""solifenacin""], [""diphenidol"", ""decreases_efficacy_of"", ""nizatidine""], [""diphenidol"", ""decreases_efficacy_of"", ""1,10-phenanthroline""], [""diphenidol"", ""decreases_efficacy_of"", ""monopotassium_phosphate""], [""atropine"", ""decreases_efficacy_of"", ""neostigmine""], [""atropine"", ""decreases_efficacy_of"", ""sodium_fluorophosphate""], [""atropine"", ""has_target"", ""solute_carrier_family_22_member_1""], [""monopotassium_phosphate"", ""decreases_efficacy_of"", ""ziprasidone""], [""monopotassium_phosphate"", ""decreases_efficacy_of"", ""atropine""], [""monopotassium_phosphate"", ""decreases_efficacy_of"", ""rociverine""]]","[[""nizatidine"", ""decreases_efficacy_of"", ""darifenacin""], [""nizatidine"", ""decreases_efficacy_of"", ""etybenzatropine""], [""nizatidine"", ""has_side_effect"", ""asthenia""], [""ziprasidone"", ""efficacy_decreased_by"", ""canagliflozin""], [""1,10-phenanthroline"", ""decreases_efficacy_of"", ""hyoscyamine""], [""1,10-phenanthroline"", ""decreases_efficacy_of"", ""gallamine_triethiodide""], [""1,10-phenanthroline"", ""decreases_efficacy_of"", ""solifenacin""], [""diphenidol"", ""reduces_efficacy_of"", ""nizatidine""], [""diphenidol"", ""reduces_efficacy_of"", ""1,10-phenanthroline""], [""diphenidol"", ""reduces_efficacy_of"", ""monopotassium_phosphate""], [""atropine"", ""reduces_efficacy_of"", ""neostigmine""], [""atropine"", ""reduces_efficacy_of"", ""sodium_fluorophosphate""], [""atropine"", ""has_target"", ""solute_carrier_family_22_member_1""], [""monopotassium_phosphate"", ""diminishes_efficacy_of"", ""ziprasidone""], [""monopotassium_phosphate"", ""diminishes_efficacy_of"", ""atropine""], [""monopotassium_phosphate"", ""diminishes_efficacy_of"", ""rociverine""]]",1.0,1.0,1.0,1.0,1.0,0.9953747557509548,0.9958372801758594,0.996299804600764,0.9967623290256684,0.997224853450573,0.9976873778754776,0.998149902300382,0.9986124267252864,0.999074951150191,0.9995374755750956,1.0,0.9902341617307128,0.9830668505573504,1,edge_deletion
314,"The drug ethinamate targets both carbonic anhydrase 1 and carbonic anhydrase 2. Carbonic anhydrase 2, which is a gene product of CA2, causes conditions such as osteopetrosis and osteopetrosis with renal tubular acidosis. These conditions are characterized by phenotypes including anemia for osteopetrosis and pancytopenia, abnormal periventricular white matter morphology, and thickened calvaria for osteopetrosis with renal tubular acidosis. Additionally, CA2 acts within the pathway of reversible hydration of carbon dioxide.","The drug ethinamate targets carbonic anhydrase 2 and carbonic anhydrase 1. Carbonic anhydrase 2, which is the gene product of CA2, causes conditions such as osteopetrosis and osteopetrosis with renal tubular acidosis. Osteopetrosis is associated with phenotypes like anemia. Osteopetrosis with renal tubular acidosis presents phenotypes including pancytopenia, abnormal periventricular white matter morphology, and thickened calvaria. Additionally, CA2 acts within the pathway of reversible hydration of carbon dioxide.","[[""ethinamate"", ""targets"", ""carbonic_anhydrase_1""], [""ethinamate"", ""targets"", ""carbonic_anhydrase_2""], [""carbonic_anhydrase_2"", ""gene_product_of"", ""CA2""], [""carbonic_anhydrase_2"", ""causes"", ""osteopetrosis""], [""carbonic_anhydrase_2"", ""causes"", ""osteopetrosis_with_renal_tubular_acidosis""], [""osteopetrosis"", ""characterized_by"", ""anemia""], [""osteopetrosis_with_renal_tubular_acidosis"", ""characterized_by"", ""pancytopenia""], [""osteopetrosis_with_renal_tubular_acidosis"", ""characterized_by"", ""abnormal_periventricular_white_matter_morphology""], [""osteopetrosis_with_renal_tubular_acidosis"", ""characterized_by"", ""thickened_calvaria""], [""CA2"", ""acts_in"", ""reversible_hydration_of_carbon_dioxide""]]","[[""ethinamate"", ""targets"", ""carbonic_anhydrase_2""], [""ethinamate"", ""targets"", ""carbonic_anhydrase_1""], [""carbonic_anhydrase_2"", ""gene_product_of"", ""CA2""], [""carbonic_anhydrase_2"", ""causes"", ""osteopetrosis""], [""carbonic_anhydrase_2"", ""causes"", ""osteopetrosis_with_renal_tubular_acidosis""], [""osteopetrosis"", ""associated_with"", ""anemia""], [""osteopetrosis_with_renal_tubular_acidosis"", ""presents"", ""pancytopenia""], [""osteopetrosis_with_renal_tubular_acidosis"", ""presents"", ""abnormal_periventricular_white_matter_morphology""], [""osteopetrosis_with_renal_tubular_acidosis"", ""presents"", ""thickened_calvaria""], [""CA2"", ""acts_in"", ""reversible_hydration_of_carbon_dioxide""]]",1.0,0.9999998807907104,1.0,1.0,1.0,0.9973520572146106,0.9976168514931496,0.9978816457716886,0.9981464400502272,0.9984112343287664,0.9986760286073052,0.9989408228858444,0.9992056171643832,0.999470411442922,0.999735205721461,1.0,0.9487951587115572,0.9789974997651428,1,node_removal
315,"Sulindac is known to decrease the efficacy of prazosin. Buthiazide decreases the efficacy of morphine but increases the efficacy of enalapril. Rofecoxib has side effects such as influenza and chills. Additionally, it decreases the efficacy of cryptenamine. Cryptenamine, in turn, decreases the efficacy of sulindac and nifenazone while increasing the efficacy of buthiazide. Nifenazone further decreases the efficacy of benzthiazide, furosemide, and azosemide.","Sulindac decreases the efficacy of Prazosin, buthiazide decreases the efficacy of morphine while increasing the efficacy of Enalapril. Rofecoxib decreases the efficacy of Cryptenamine and has side effects including Influenza and Chills. Cryptenamine decreases the efficacy of Sulindac and Nifenazone but increases the efficacy of Buthiazide. Nifenazone decreases the efficacy of Benzthiazide, Furosemide, and Azosemide.","[[""Sulindac"", ""decreases_efficacy_of"", ""prazosin""], [""Buthiazide"", ""decreases_efficacy_of"", ""morphine""], [""Buthiazide"", ""increases_efficacy_of"", ""enalapril""], [""Rofecoxib"", ""has_side_effect"", ""influenza""], [""Rofecoxib"", ""has_side_effect"", ""chills""], [""Rofecoxib"", ""decreases_efficacy_of"", ""cryptenamine""], [""Cryptenamine"", ""decreases_efficacy_of"", ""sulindac""], [""Cryptenamine"", ""decreases_efficacy_of"", ""nifenazone""], [""Cryptenamine"", ""increases_efficacy_of"", ""buthiazide""], [""Nifenazone"", ""decreases_efficacy_of"", ""benzthiazide""], [""Nifenazone"", ""decreases_efficacy_of"", ""furosemide""], [""Nifenazone"", ""decreases_efficacy_of"", ""azosemide""], [""Nifenazone"", ""decreases_efficacy_of"", ""sulindac""]]","[[""Sulindac"", ""decreases_efficacy_of"", ""Prazosin""], [""Buthiazide"", ""decreases_efficacy_of"", ""morphine""], [""Buthiazide"", ""increases_efficacy_of"", ""Enalapril""], [""Rofecoxib"", ""decreases_efficacy_of"", ""Cryptenamine""], [""Rofecoxib"", ""has_side_effect"", ""Influenza""], [""Rofecoxib"", ""has_side_effect"", ""Chills""], [""Cryptenamine"", ""decreases_efficacy_of"", ""Sulindac""], [""Cryptenamine"", ""decreases_efficacy_of"", ""Nifenazone""], [""Cryptenamine"", ""increases_efficacy_of"", ""Buthiazide""], [""Nifenazone"", ""decreases_efficacy_of"", ""Benzthiazide""], [""Nifenazone"", ""decreases_efficacy_of"", ""Furosemide""], [""Nifenazone"", ""decreases_efficacy_of"", ""Azosemide""]]",0.9305555555555556,0.8937420845031738,0.9378567934036256,0.935897435897436,0.935897435897436,0.9981235396213496,0.9919009292489585,0.985678318876567,0.9794557085041756,0.9732330981317842,0.9670104877593928,0.9607878773870014,0.95456526701461,0.9483426566422186,0.9421200462698271,0.935897435897436,0.9969122101631256,0.8103786553972332,1,edge_deletion
316,"Meptazinol decreases the efficacy of several medications including hydrochlorothiazide, magnesium citrate, and clorexolone. Etorphine targets the delta-type opioid receptor but decreases the efficacy of monopotassium phosphate and potassium. Ketobemidone reduces the effectiveness of rolofylline and clopamide. Hydrocodone diminishes the efficacy of sorbitol and samidorphan while also serving as a treatment for dry mouth. Samidorphan weakens the effects of etorphine, ketobemidone, and meptazinol. Additionally, sorbitol reduces the efficacy of profenamine, methscopolamine bromide, and fluoxetine.","The drug meptazinol decreases the efficacy of hydrochlorothiazide, magnesium citrate, and clorexolone. Etorphine targets the delta-type opioid receptor and decreases the efficacy of monopotassium phosphate and potassium. Ketobemidone decreases the efficacy of rolofylline and clopamide. Hydrocodone decreases the efficacy of sorbitol and samidorphan, while also acting as a substance that treats dry mouth. Samidorphan decreases the efficacy of etorphine, ketobemidone, and meptazinol. Sorbitol decreases the efficacy of profenamine, methscopolamine bromide, and fluoxetine.","[[""Meptazinol"", ""decreases_efficacy_of"", ""hydrochlorothiazide""], [""Meptazinol"", ""decreases_efficacy_of"", ""magnesium_citrate""], [""Meptazinol"", ""decreases_efficacy_of"", ""clorexolone""], [""Etorphine"", ""targets"", ""delta-type_opioid_receptor""], [""Etorphine"", ""decreases_efficacy_of"", ""monopotassium_phosphate""], [""Etorphine"", ""decreases_efficacy_of"", ""potassium""], [""Ketobemidone"", ""reduces_effectiveness_of"", ""rolofylline""], [""Ketobemidone"", ""reduces_effectiveness_of"", ""clopamide""], [""Hydrocodone"", ""diminishes_efficacy_of"", ""sorbitol""], [""Hydrocodone"", ""diminishes_efficacy_of"", ""samidorphan""], [""Hydrocodone"", ""treats"", ""dry_mouth""], [""Samidorphan"", ""weakens_effects_of"", ""etorphine""], [""Samidorphan"", ""weakens_effects_of"", ""ketobemidone""], [""Samidorphan"", ""weakens_effects_of"", ""meptazinol""], [""Sorbitol"", ""reduces_efficacy_of"", ""profenamine""], [""Sorbitol"", ""reduces_efficacy_of"", ""methscopolamine_bromide""], [""Sorbitol"", ""reduces_efficacy_of"", ""fluoxetine""]]","[[""Meptazinol"", ""decreases_efficacy_of"", ""hydrochlorothiazide""], [""Meptazinol"", ""decreases_efficacy_of"", ""magnesium_citrate""], [""Meptazinol"", ""decreases_efficacy_of"", ""clorexolone""], [""Etorphine"", ""targets"", ""delta-type_opioid_receptor""], [""Etorphine"", ""decreases_efficacy_of"", ""monopotassium_phosphate""], [""Etorphine"", ""decreases_efficacy_of"", ""potassium""], [""Ketobemidone"", ""decreases_efficacy_of"", ""rolofylline""], [""Ketobemidone"", ""decreases_efficacy_of"", ""clopamide""], [""Hydrocodone"", ""decreases_efficacy_of"", ""sorbitol""], [""Hydrocodone"", ""decreases_efficacy_of"", ""samidorphan""], [""Hydrocodone"", ""treats"", ""dry_mouth""], [""Samidorphan"", ""decreases_efficacy_of"", ""etorphine""], [""Samidorphan"", ""decreases_efficacy_of"", ""ketobemidone""], [""Samidorphan"", ""decreases_efficacy_of"", ""meptazinol""], [""Sorbitol"", ""reduces_efficacy_of"", ""profenamine""], [""Sorbitol"", ""reduces_efficacy_of"", ""methscopolamine_bromide""], [""Sorbitol"", ""reduces_efficacy_of"", ""fluoxetine""]]",1.0,1.0,0.9999999403953552,1.0,1.0,0.9929951555794436,0.9936956400214992,0.9943961244635552,0.9950966089056106,0.9957970933476662,0.9964975777897218,0.9971980622317776,0.997898546673833,0.9985990311158888,0.9992995155579444,1.0,0.981418384721366,0.9603911618292634,1,edge_deletion
317,"Lymecycline is known to increase the risk of renal failure and decrease the efficacy of carindacillin. It can also lead to side effects such as pigmentation disorder. Typhoid vaccine has been shown to decrease the effectiveness of cefmetazole, pyrazinamide, and prednylidene. Additionally, benzylpenicilloyl polylysine reduces the efficacy of lymecycline, omadacycline, and the typhoid vaccine. Omadacycline targets the 30s ribosomal protein s19.","The drug lymecycline can increase the risk of renal failure, decrease the efficacy of carindacillin, and cause pigmentation disorder as a side effect. Typhoid vaccine decreases the efficacy of cefmetazole, pyrazinamide, and prednylidene. Additionally, benzylpenicilloyl polylysine reduces the efficacy of lymecycline, omadacycline, and typhoid vaccine. Omadacycline specifically targets the 30s ribosomal protein s19.","[[""Lymecycline"", ""increases_risk_of"", ""renal_failure""], [""Lymecycline"", ""decreases_efficacy_of"", ""carindacillin""], [""Lymecycline"", ""leads_to"", ""pigmentation_disorder""], [""Typhoid_vaccine"", ""decreases_effectiveness_of"", ""cefmetazole""], [""Typhoid_vaccine"", ""decreases_effectiveness_of"", ""pyrazinamide""], [""Typhoid_vaccine"", ""decreases_effectiveness_of"", ""prednylidene""], [""Benzylpenicilloyl_polylysine"", ""reduces_efficacy_of"", ""lymecycline""], [""Benzylpenicilloyl_polylysine"", ""reduces_efficacy_of"", ""omadacycline""], [""Benzylpenicilloyl_polylysine"", ""reduces_efficacy_of"", ""typhoid_vaccine""], [""Omadacycline"", ""targets"", ""30s_ribosomal_protein_s19""]]","[[""Lymecycline"", ""increases_risk_of"", ""renal_failure""], [""Lymecycline"", ""decreases_efficacy_of"", ""carindacillin""], [""Lymecycline"", ""causes"", ""pigmentation_disorder""], [""Typhoid_vaccine"", ""decreases_efficacy_of"", ""cefmetazole""], [""Typhoid_vaccine"", ""decreases_efficacy_of"", ""pyrazinamide""], [""Typhoid_vaccine"", ""decreases_efficacy_of"", ""prednylidene""], [""Benzylpenicilloyl_polylysine"", ""reduces_efficacy_of"", ""lymecycline""], [""Benzylpenicilloyl_polylysine"", ""reduces_efficacy_of"", ""omadacycline""], [""Benzylpenicilloyl_polylysine"", ""reduces_efficacy_of"", ""typhoid_vaccine""], [""Omadacycline"", ""targets"", ""30s_ribosomal_protein_s19""]]",1.0,1.0,0.9999999403953552,1.0,1.0,0.999019944230816,0.9991179498077344,0.9992159553846528,0.9993139609615712,0.9994119665384896,0.999509972115408,0.9996079776923265,0.9997059832692448,0.9998039888461632,0.9999019944230816,1.0,0.9825644730775064,0.98536939489091,1,edge_replacement
318,"Lysergic acid diethylamide increases the activity of the hypertensive activities, has the effect of causing serotonin syndrome, and decreases the efficacy of theodrenaline. Theodrenaline, in turn, decreases the efficacy of brotizolam, increases the efficacy of tianeptine, and decreases the efficacy of loprazolam. Tianeptine increases neuropsychiatric effects and is a substance that treats depressive disorder.","Lysergic acid diethylamide increases the activity of the hypertensive activities and has an effect on serotonin syndrome. It also decreases the efficacy of theodrenaline. Theodrenaline, in turn, decreases the efficacy of brotizolam and loprazolam while increasing the efficacy of tianeptine. Tianeptine, on the other hand, increases the neuropsychiatric effects and is a substance that treats depressive disorder.","[[""Lysergic_acid_diethylamide"", ""increases"", ""hypertensive_activities""], [""Lysergic_acid_diethylamide"", ""has_effect"", ""serotonin_syndrome""], [""Lysergic_acid_diethylamide"", ""decreases"", ""theodrenaline""], [""Theodrenaline"", ""decreases"", ""brotizolam""], [""Theodrenaline"", ""increases"", ""tianeptine""], [""Theodrenaline"", ""decreases"", ""loprazolam""], [""Tianeptine"", ""increases"", ""neuropsychiatric_effects""], [""Tianeptine"", ""treats"", ""depressive_disorder""]]","[[""Lysergic_acid_diethylamide"", ""increases"", ""hypertensive_activities""], [""Lysergic_acid_diethylamide"", ""has_effect"", ""serotonin_syndrome""], [""Lysergic_acid_diethylamide"", ""decreases"", ""theodrenaline""], [""Theodrenaline"", ""decreases"", ""brotizolam""], [""Theodrenaline"", ""decreases"", ""loprazolam""], [""Theodrenaline"", ""increases"", ""tianeptine""], [""Tianeptine"", ""increases"", ""neuropsychiatric_effects""], [""Tianeptine"", ""treats"", ""depressive_disorder""]]",1.0,1.0,1.0,1.0,1.0,0.9999999983587514,0.9999999985228762,0.9999999986870012,0.999999998851126,0.9999999990152508,0.9999999991793758,0.9999999993435006,0.9999999995076254,0.9999999996717504,0.9999999998358752,1.0,0.9999999766548476,0.9999999879435616,1,edge_replacement
319,"Isradipine increases the activity of the QTc-prolonging activities, but it decreases the efficacy of piroxicam and deacetylbisacodyl. Frangula purshiana bark decreases the efficacy of isradipine, prenylamine, and ketobemidone. Ketobemidone has sedative activities, but it decreases the efficacy of sodium fluorophosphate and buthiazide.","Isradipine increases the activity of the QTc-prolonging activities. Isradipine decreases the efficacy of piroxicam and deacetylbisacodyl. Frangula purshiana bark decreases the efficacy of isradipine, prenylamine, and ketobemidone. Ketobemidone has sedative activities. Ketobemidone decreases the efficacy of sodium fluorophosphate and buthiazide.","[[""Isradipine"", ""increases"", ""QTc-prolonging_activities""], [""Isradipine"", ""decreases"", ""piroxicam""], [""Isradipine"", ""decreases"", ""deacetylbisacodyl""], [""Frangula_purshiana_bark"", ""decreases"", ""Isradipine""], [""Frangula_purshiana_bark"", ""decreases"", ""prenylamine""], [""Frangula_purshiana_bark"", ""decreases"", ""ketobemidone""], [""Ketobemidone"", ""has"", ""sedative_activities""], [""Ketobemidone"", ""decreases"", ""sodium_fluorophosphate""], [""Ketobemidone"", ""decreases"", ""buthiazide""]]","[[""Isradipine"", ""increases"", ""QTc-prolonging_activities""], [""Isradipine"", ""decreases"", ""piroxicam""], [""Isradipine"", ""decreases"", ""deacetylbisacodyl""], [""Frangula_purshiana_bark"", ""decreases"", ""Isradipine""], [""Frangula_purshiana_bark"", ""decreases"", ""prenylamine""], [""Frangula_purshiana_bark"", ""decreases"", ""ketobemidone""], [""Ketobemidone"", ""has"", ""sedative_activities""], [""Ketobemidone"", ""decreases"", ""sodium_fluorophosphate""], [""Ketobemidone"", ""decreases"", ""buthiazide""]]",1.0,1.0,0.9999999403953552,1.0,1.0,1.0,1.0,1.0,1.0,1.0,1.0,1.0,1.0,1.0,1.0,1.0,0.999999989271164,0.9999999894090316,1,edge_replacement
320,"Omapatrilat decreases adverse effects and increases the efficacy of bendroflumethiazide and benzthiazide. Bendroflumethiazide, in turn, increases the efficacy of bisoprolol. On the other hand, benzthiazide decreases the efficacy of quinine and carprofen but increases the efficacy of rescinnamine.","The drug Omapatrilat decreases adverse effects, increases the efficacy of Bendroflumethiazide and Benzthiazide. Bendroflumethiazide further increases the efficacy of Bisoprolol. On the other hand, Benzthiazide decreases the efficacy of Quinine and Carprofen but increases the efficacy of Rescinnamine.","[[""Omapatrilat"", ""decreases"", ""adverse_effects""], [""Omapatrilat"", ""increases_efficacy_of"", ""bendroflumethiazide""], [""Omapatrilat"", ""increases_efficacy_of"", ""benzthiazide""], [""bendroflumethiazide"", ""increases_efficacy_of"", ""bisoprolol""], [""benzthiazide"", ""decreases_efficacy_of"", ""quinine""], [""benzthiazide"", ""decreases_efficacy_of"", ""carprofen""], [""benzthiazide"", ""increases_efficacy_of"", ""rescinnamine""]]","[[""Omapatrilat"", ""decreases"", ""adverse_effects""], [""Omapatrilat"", ""increases_efficacy_of"", ""Bendroflumethiazide""], [""Omapatrilat"", ""increases_efficacy_of"", ""Benzthiazide""], [""Bendroflumethiazide"", ""increases_efficacy_of"", ""Bisoprolol""], [""Benzthiazide"", ""decreases_efficacy_of"", ""Quinine""], [""Benzthiazide"", ""decreases_efficacy_of"", ""Carprofen""], [""Benzthiazide"", ""increases_efficacy_of"", ""Rescinnamine""]]",1.0,1.0,1.0,1.0,1.0,1.0,1.0,1.0,1.0,1.0,1.0,1.0,1.0,1.0,1.0,1.0,0.9999999935073512,0.9981816948794026,1,edge_replacement
321,"The drug sulfadiazine decreases the efficacy of leuprolide and increases the efficacy of azosemide. It also has a side effect of causing agranulocytosis.

Carfecillin increases the efficacy of mivacurium.

Levonorgestrel decreases the efficacy of octreotide, sulfadiazine, and carfecillin.

Octreotide decreases the efficacy of metformin and norgestimate, and also has a side effect of causing an anaphylactoid reaction.","The drug sulfadiazine can decrease the efficacy of leuprolide but increase the efficacy of azosemide. It also has a side effect of causing agranulocytosis. Carfecillin, on the other hand, increases the efficacy of mivacurium. Levonorgestrel decreases the efficacy of octreotide, sulfadiazine, and carfecillin. Octreotide decreases the efficacy of metformin and norgestimate, and it has a side effect of causing an anaphylactoid reaction.","[[""sulfadiazine"", ""decreases_efficacy_of"", ""leuprolide""], [""sulfadiazine"", ""increases_efficacy_of"", ""azosemide""], [""sulfadiazine"", ""has_side_effect"", ""agranulocytosis""], [""carfecillin"", ""increases_efficacy_of"", ""mivacurium""], [""levonorgestrel"", ""decreases_efficacy_of"", ""octreotide""], [""levonorgestrel"", ""decreases_efficacy_of"", ""sulfadiazine""], [""levonorgestrel"", ""decreases_efficacy_of"", ""carfecillin""], [""octreotide"", ""decreases_efficacy_of"", ""metformin""], [""octreotide"", ""decreases_efficacy_of"", ""norgestimate""], [""octreotide"", ""has_side_effect"", ""anaphylactoid_reaction""]]","[[""sulfadiazine"", ""decreases_efficacy_of"", ""leuprolide""], [""sulfadiazine"", ""increases_efficacy_of"", ""azosemide""], [""sulfadiazine"", ""has_side_effect"", ""agranulocytosis""], [""carfecillin"", ""increases_efficacy_of"", ""mivacurium""], [""levonorgestrel"", ""decreases_efficacy_of"", ""octreotide""], [""levonorgestrel"", ""decreases_efficacy_of"", ""sulfadiazine""], [""levonorgestrel"", ""decreases_efficacy_of"", ""carfecillin""], [""octreotide"", ""decreases_efficacy_of"", ""metformin""], [""octreotide"", ""decreases_efficacy_of"", ""norgestimate""], [""octreotide"", ""has_side_effect"", ""anaphylactoid_reaction""]]",1.0,1.0,0.9999999403953552,1.0,1.0,0.9999999981140708,0.9999999983026638,0.9999999984912568,0.9999999986798496,0.9999999988684426,0.9999999990570354,0.9999999992456284,0.9999999994342212,0.9999999996228142,0.9999999998114072,1.0,1.0,0.9999999879596668,1,node_replacement
322,"The drug darifenacin decreases the efficacy of dichlorvos, dehydrocholic acid, and has the side effect of cough. Dichlorvos in turn decreases the efficacy of cisatracurium and homatropine methylbromide, and targets acetylcholinesterase. Thiopental decreases the efficacy of dipotassium phosphate. Dehydrocholic acid decreases the efficacy of thiopental, clevidipine, and atracurium.","The drug darifenacin decreases the efficacy of both dichlorvos, dehydrocholic acid and has a side effect of cough. Dichlorvos reduces the efficacy of cisatracurium and homatropine methylbromide by targeting acetylcholinesterase. Thiopental's efficacy is reduced by dipotassium phosphate, while dehydrocholic acid hampers the effectiveness of thiopental, clevidipine, and atracurium.","[[""darifenacin"", ""decreases_efficacy_of"", ""dichlorvos""], [""darifenacin"", ""decreases_efficacy_of"", ""dehydrocholic_acid""], [""darifenacin"", ""has_side_effect"", ""cough""], [""dichlorvos"", ""decreases_efficacy_of"", ""cisatracurium""], [""dichlorvos"", ""decreases_efficacy_of"", ""homatropine_methylbromide""], [""dichlorvos"", ""targets"", ""acetylcholinesterase""], [""thiopental"", ""decreases_efficacy_of"", ""dipotassium_phosphate""], [""dehydrocholic_acid"", ""decreases_efficacy_of"", ""thiopental""], [""dehydrocholic_acid"", ""decreases_efficacy_of"", ""clevidipine""], [""dehydrocholic_acid"", ""decreases_efficacy_of"", ""atracurium""]]","[[""darifenacin"", ""decreases_efficacy_of"", ""dichlorvos""], [""darifenacin"", ""decreases_efficacy_of"", ""dehydrocholic_acid""], [""darifenacin"", ""has_side_effect"", ""cough""], [""dichlorvos"", ""reduces_efficacy_of"", ""cisatracurium""], [""dichlorvos"", ""reduces_efficacy_of"", ""homatropine_methylbromide""], [""dichlorvos"", ""targets"", ""acetylcholinesterase""], [""thiopental"", ""efficacy_reduced_by"", ""dipotassium_phosphate""], [""dehydrocholic_acid"", ""reduces_efficacy_of"", ""thiopental""], [""dehydrocholic_acid"", ""reduces_efficacy_of"", ""clevidipine""], [""dehydrocholic_acid"", ""reduces_efficacy_of"", ""atracurium""]]",1.0,1.0,1.0,1.0,1.0,0.9947420021683204,0.9952678019514885,0.9957936017346564,0.9963194015178244,0.9968452013009924,0.9973710010841602,0.997896800867328,0.9984226006504962,0.998948400433664,0.999474200216832,1.0,0.9915717546569428,0.9790450424824566,1,edge_deletion
323,"The drug atracurium decreases the efficacy of phenolphthalein and deacetylbisacodyl. It also has a side effect of causing an immune system disorder. Licofelone decreases the efficacy of latanoprostene bunod, while sulfate ion decreases the efficacy of isradipine, vecuronium, and atracurium. Vecuronium decreases the efficacy of regramostim and prucalopride, while also having a side effect of bronchospasm. Isradipine decreases the efficacy of licofelone and has side effects of somnolence and bradycardia.","Atracurium reduces the efficacy of phenolphthalein and deacetylbisacodyl. It also has a side effect of causing immune system disorders. Licofelone decreases the efficacy of latanoprostene bunod. Sulfate ion decreases the efficacy of isradipine, vecuronium, and atracurium. Vecuronium reduces the efficacy of regramostim and prucalopride, and can cause bronchospasm as a side effect. Isradipine decreases the efficacy of licofelone and has side effects of somnolence and bradycardia.","[[""atracurium"", ""decreases_efficacy_of"", ""phenolphthalein""], [""atracurium"", ""decreases_efficacy_of"", ""deacetylbisacodyl""], [""atracurium"", ""has_side_effect"", ""immune_system_disorder""], [""licofelone"", ""decreases_efficacy_of"", ""latanoprostene_bunod""], [""sulfate_ion"", ""decreases_efficacy_of"", ""isradipine""], [""sulfate_ion"", ""decreases_efficacy_of"", ""vecuronium""], [""sulfate_ion"", ""decreases_efficacy_of"", ""atracurium""], [""vecuronium"", ""decreases_efficacy_of"", ""regramostim""], [""vecuronium"", ""decreases_efficacy_of"", ""prucalopride""], [""vecuronium"", ""has_side_effect"", ""bronchospasm""], [""isradipine"", ""decreases_efficacy_of"", ""licofelone""], [""isradipine"", ""has_side_effect"", ""somnolence""], [""isradipine"", ""has_side_effect"", ""bradycardia""]]","[[""atracurium"", ""reduces_efficacy_of"", ""phenolphthalein""], [""atracurium"", ""reduces_efficacy_of"", ""deacetylbisacodyl""], [""atracurium"", ""has_side_effect"", ""immune_system_disorders""], [""licofelone"", ""decreases_efficacy_of"", ""latanoprostene_bunod""], [""sulfate_ion"", ""decreases_efficacy_of"", ""isradipine""], [""sulfate_ion"", ""decreases_efficacy_of"", ""vecuronium""], [""sulfate_ion"", ""decreases_efficacy_of"", ""atracurium""], [""vecuronium"", ""reduces_efficacy_of"", ""regramostim""], [""vecuronium"", ""reduces_efficacy_of"", ""prucalopride""], [""vecuronium"", ""has_side_effect"", ""bronchospasm""], [""isradipine"", ""decreases_efficacy_of"", ""licofelone""], [""isradipine"", ""has_side_effect"", ""somnolence""], [""isradipine"", ""has_side_effect"", ""bradycardia""]]",1.0,0.9690448045730592,0.9717034101486206,0.8690476190476191,1.0,0.9982738972431244,0.998446507518812,0.9986191177944996,0.998791728070187,0.9989643383458746,0.9991369486215622,0.9993095588972498,0.9994821691729372,0.9996547794486248,0.9998273897243124,1.0,0.9962085806717278,0.9913586802618994,1,node_replacement
324,"Cefoperazone targets d-alanyl-d-alanine carboxypeptidase DACC and decreases the efficacy of heparin and apixaban. Omega-3-carboxylic acids increase the efficacy of pentosan polysulfate, ditazole, and antithrombin III human. Dabigatran decreases the efficacy of etonogestrel and cefoperazone but increases the efficacy of omega-3-carboxylic acids.","The drug cefoperazone targets the enzyme D-alanyl-D-alanine carboxypeptidase DACC. Cefoperazone is known to decrease the efficacy of heparin and apixaban. Omega-3-carboxylic acids have been shown to increase the efficacy of pentosan polysulfate, ditazole, and antithrombin III human. Dabigatran decreases the efficacy of etonogestrel and cefoperazone, but increases the efficacy of omega-3-carboxylic acids.","[[""Cefoperazone"", ""targets"", ""d-alanyl-d-alanine_carboxypeptidase_DACC""], [""Cefoperazone"", ""decreases_efficacy_of"", ""heparin""], [""Cefoperazone"", ""decreases_efficacy_of"", ""apixaban""], [""Omega-3-carboxylic_acids"", ""increase_efficacy_of"", ""pentosan_polysulfate""], [""Omega-3-carboxylic_acids"", ""increase_efficacy_of"", ""ditazole""], [""Omega-3-carboxylic_acids"", ""increase_efficacy_of"", ""antithrombin_III_human""], [""Dabigatran"", ""decreases_efficacy_of"", ""etonogestrel""], [""Dabigatran"", ""decreases_efficacy_of"", ""cefoperazone""], [""Dabigatran"", ""increases_efficacy_of"", ""omega-3-carboxylic_acids""]]","[[""Cefoperazone"", ""targets"", ""D-alanyl-D-alanine_carboxypeptidase_DACC""], [""Cefoperazone"", ""decreases_efficacy_of"", ""heparin""], [""Cefoperazone"", ""decreases_efficacy_of"", ""apixaban""], [""Omega-3-carboxylic_acids"", ""increase_efficacy_of"", ""pentosan_polysulfate""], [""Omega-3-carboxylic_acids"", ""increase_efficacy_of"", ""ditazole""], [""Omega-3-carboxylic_acids"", ""increase_efficacy_of"", ""antithrombin_III_human""], [""Dabigatran"", ""decreases_efficacy_of"", ""etonogestrel""], [""Dabigatran"", ""decreases_efficacy_of"", ""cefoperazone""], [""Dabigatran"", ""increases_efficacy_of"", ""omega-3-carboxylic_acids""]]",1.0,0.9999999403953552,0.9999999403953552,1.0,1.0,0.9999999979584104,0.9999999981625692,0.9999999983667284,0.9999999985708872,0.9999999987750462,0.9999999989792052,0.999999999183364,0.999999999387523,0.999999999591682,0.9999999997958412,1.0,1.0,0.9999999897770346,1,node_removal
325,"The drug manidipine decreases the efficacy of oxyphenisatin. Additionally, alclofenac reduces the efficacy of pargyline, manidipine, and fenprostalene. Fenprostalene also decreases the efficacy of tenidap, mofebutazone, and sc-236. Furthermore, pargyline decreases the efficacy of indomethacin, meloxicam, and indoprofen.","The drug manidipine decreases the efficacy of oxyphenisatin. Alclofenac decreases the efficacy of pargyline, manidipine, and fenprostalene. Fenprostalene decreases the efficacy of tenidap, mofebutazone, and sc-236. Pargyline decreases the efficacy of indomethacin, meloxicam, and indoprofen.","[[""manidipine"", ""decreases_efficacy_of"", ""oxyphenisatin""], [""alclofenac"", ""reduces_efficacy_of"", ""pargyline""], [""alclofenac"", ""reduces_efficacy_of"", ""manidipine""], [""alclofenac"", ""reduces_efficacy_of"", ""fenprostalene""], [""fenprostalene"", ""decreases_efficacy_of"", ""tenidap""], [""fenprostalene"", ""decreases_efficacy_of"", ""mofebutazone""], [""fenprostalene"", ""decreases_efficacy_of"", ""sc-236""], [""pargyline"", ""decreases_efficacy_of"", ""indomethacin""], [""pargyline"", ""decreases_efficacy_of"", ""meloxicam""], [""pargyline"", ""decreases_efficacy_of"", ""indoprofen""]]","[[""manidipine"", ""decreases_efficacy_of"", ""oxyphenisatin""], [""alclofenac"", ""decreases_efficacy_of"", ""pargyline""], [""alclofenac"", ""decreases_efficacy_of"", ""manidipine""], [""alclofenac"", ""decreases_efficacy_of"", ""fenprostalene""], [""fenprostalene"", ""decreases_efficacy_of"", ""tenidap""], [""fenprostalene"", ""decreases_efficacy_of"", ""mofebutazone""], [""fenprostalene"", ""decreases_efficacy_of"", ""sc-236""], [""pargyline"", ""decreases_efficacy_of"", ""indomethacin""], [""pargyline"", ""decreases_efficacy_of"", ""meloxicam""], [""pargyline"", ""decreases_efficacy_of"", ""indoprofen""]]",1.0,1.0,1.0,1.0,1.0,0.9985770863397292,0.9987193777057564,0.9988616690717836,0.9990039604378104,0.9991462518038376,0.9992885431698646,0.9994308345358918,0.9995731259019188,0.999715417267946,0.9998577086339728,1.0,0.9965341449073396,0.9935700323005278,1,node_removal
326,Bupivacaine decreases the activity of effectiveness. Bupivacaine increases the efficacy of pregabalin and magnesium sulfate. Pregabalin has a side effect of photosensitivity reaction.,"Bupivacaine decreases the activity of effectiveness. Additionally, bupivacaine increases the efficacy of pregabalin and magnesium sulfate. Pregabalin, in turn, has a side effect of photosensitivity reaction.","[[""Bupivacaine"", ""decreases"", ""activity_of_effectiveness""], [""Bupivacaine"", ""increases"", ""efficacy_of_pregabalin""], [""Bupivacaine"", ""increases"", ""efficacy_of_magnesium_sulfate""], [""Pregabalin"", ""has_side_effect"", ""photosensitivity_reaction""]]","[[""Bupivacaine"", ""decreases"", ""activity_of_effectiveness""], [""Bupivacaine"", ""increases"", ""efficacy_of_pregabalin""], [""Bupivacaine"", ""increases"", ""efficacy_of_magnesium_sulfate""], [""Pregabalin"", ""has_side_effect"", ""photosensitivity_reaction""]]",1.0,1.0,0.9999999403953552,1.0,1.0,1.0,1.0,1.0,1.0,1.0,1.0,1.0,1.0,1.0,1.0,1.0,0.9999999314546514,1.0,1,edge_replacement
327,"The drug bamlanivimab decreases the efficacy of varicella zoster vaccine (live/attenuated), typhoid vaccine live, and vibrio cholerae cvd 103-hgr strain live antigen. Additionally, varicella zoster vaccine (live/attenuated) has a decreased efficacy when combined with triamcinolone, favipiravir, and metisazone. The vibrio cholerae cvd 103-hgr strain live antigen's efficacy is reduced by cortivazol, while typhoid vaccine live is less effective when used with maribavir, dasabuvir, and tecovirimat.","The drug bamlanivimab decreases the efficacy of varicella zoster vaccine (live/attenuated), typhoid vaccine live, and vibrio cholerae cvd 103-hgr strain live antigen. Additionally, varicella zoster vaccine (live/attenuated) decreases the efficacy of triamcinolone, favipiravir, and metisazone. The vibrio cholerae cvd 103-hgr strain live antigen decreases the efficacy of cortivazol. Lastly, typhoid vaccine live decreases the efficacy of maribavir, dasabuvir, and tecovirimat.","[[""bamlanivimab"", ""decreases_efficacy_of"", ""varicella_zoster_vaccine_(live/attenuated)""], [""bamlanivimab"", ""decreases_efficacy_of"", ""typhoid_vaccine_live""], [""bamlanivimab"", ""decreases_efficacy_of"", ""vibrio_cholerae_cvd_103-hgr_strain_live_antigen""], [""varicella_zoster_vaccine_(live/attenuated)"", ""decreases_efficacy_when_combined_with"", ""triamcinolone""], [""varicella_zoster_vaccine_(live/attenuated)"", ""decreases_efficacy_when_combined_with"", ""favipiravir""], [""varicella_zoster_vaccine_(live/attenuated)"", ""decreases_efficacy_when_combined_with"", ""metisazone""], [""vibrio_cholerae_cvd_103-hgr_strain_live_antigen"", ""efficacy_reduced_by"", ""cortivazol""], [""typhoid_vaccine_live"", ""less_effective_when_used_with"", ""maribavir""], [""typhoid_vaccine_live"", ""less_effective_when_used_with"", ""dasabuvir""], [""typhoid_vaccine_live"", ""less_effective_when_used_with"", ""tecovirimat""]]","[[""bamlanivimab"", ""decreases_efficacy_of"", ""varicella_zoster_vaccine_(live/attenuated)""], [""bamlanivimab"", ""decreases_efficacy_of"", ""typhoid_vaccine_live""], [""bamlanivimab"", ""decreases_efficacy_of"", ""vibrio_cholerae_cvd_103-hgr_strain_live_antigen""], [""varicella_zoster_vaccine_(live/attenuated)"", ""decreases_efficacy_of"", ""triamcinolone""], [""varicella_zoster_vaccine_(live/attenuated)"", ""decreases_efficacy_of"", ""favipiravir""], [""varicella_zoster_vaccine_(live/attenuated)"", ""decreases_efficacy_of"", ""metisazone""], [""vibrio_cholerae_cvd_103-hgr_strain_live_antigen"", ""decreases_efficacy_of"", ""cortivazol""], [""typhoid_vaccine_live"", ""decreases_efficacy_of"", ""maribavir""], [""typhoid_vaccine_live"", ""decreases_efficacy_of"", ""dasabuvir""], [""typhoid_vaccine_live"", ""decreases_efficacy_of"", ""tecovirimat""]]",1.0,1.0,0.9999998807907104,1.0,1.0,0.9862159292262582,0.9875943363036324,0.9889727433810068,0.9903511504583806,0.991729557535755,0.9931079646131292,0.9944863716905032,0.9958647787678776,0.9972431858452516,0.998621592922626,1.0,0.969772846114756,0.968305754956258,1,edge_deletion
328,"Ormeloxifene decreases the activity of effectiveness. Ormeloxifene also decreases the efficacy of pivampicillin and taurochenodeoxycholic acid. 

Sulbenicillin increases the efficacy of pipecuronium and gallamine, but decreases the efficacy of ormeloxifene. 

Pipecuronium decreases the efficacy of tixocortol and metrifonate.","Ormeloxifene decreases the activity of effectiveness. Ormeloxifene also decreases the efficacy of pivampicillin and taurochenodeoxycholic acid. Sulbenicillin increases the efficacy of pipecuronium, gallamine, and decreases the efficacy of ormeloxifene. Pipecuronium decreases the efficacy of tixocortol and metrifonate.","[[""Ormeloxifene"", ""decreases"", ""activity_of_effectiveness""], [""Ormeloxifene"", ""decreases"", ""efficacy_of_pivampicillin""], [""Ormeloxifene"", ""decreases"", ""efficacy_of_taurochenodeoxycholic_acid""], [""Sulbenicillin"", ""increases"", ""efficacy_of_pipecuronium""], [""Sulbenicillin"", ""increases"", ""efficacy_of_gallamine""], [""Sulbenicillin"", ""decreases"", ""efficacy_of_ormeloxifene""], [""Pipecuronium"", ""decreases"", ""efficacy_of_tixocortol""], [""Pipecuronium"", ""decreases"", ""efficacy_of_metrifonate""]]","[[""Ormeloxifene"", ""decreases"", ""activity_of_effectiveness""], [""Ormeloxifene"", ""decreases"", ""efficacy_of_pivampicillin""], [""Ormeloxifene"", ""decreases"", ""efficacy_of_taurochenodeoxycholic_acid""], [""Sulbenicillin"", ""increases"", ""efficacy_of_pipecuronium""], [""Sulbenicillin"", ""increases"", ""efficacy_of_gallamine""], [""Sulbenicillin"", ""decreases"", ""efficacy_of_ormeloxifene""], [""Pipecuronium"", ""decreases"", ""efficacy_of_tixocortol""], [""Pipecuronium"", ""decreases"", ""efficacy_of_metrifonate""]]",1.0,1.0,0.9999998807907104,1.0,1.0,0.9999999983744868,0.999999998537038,0.9999999986995896,0.9999999988621406,0.999999999024692,0.9999999991872436,0.9999999993497948,0.999999999512346,0.9999999996748974,0.9999999998374488,1.0,1.0,0.9999999860808848,1,edge_replacement
329,"Fluocinonide increases the effect of infection. Corticotropin has an effect on electrolyte imbalance and has a side effect of mediastinal disorder. Corticotropin decreases the efficacy of vitamin D, which in turn decreases the efficacy of fluocinonide, melengestrol, and fluperolone.","Fluocinonide is known to decrease the effect of infection. Corticotropin has an effect on causing electrolyte imbalance and also decreases the efficacy of vitamin D. Moreover, corticotropin is associated with a side effect of mediastinal disorder. Vitamin D, on the other hand, decreases the efficacy of fluocinonide, melengestrol, and fluperolone.","[[""Fluocinonide"", ""increases"", ""infection""], [""Corticotropin"", ""has_effect_on"", ""electrolyte_imbalance""], [""Corticotropin"", ""has_side_effect"", ""mediastinal_disorder""], [""Corticotropin"", ""decreases_efficacy_of"", ""Vitamin_D""], [""Vitamin_D"", ""decreases_efficacy_of"", ""Fluocinonide""], [""Vitamin_D"", ""decreases_efficacy_of"", ""Melengestrol""], [""Vitamin_D"", ""decreases_efficacy_of"", ""Fluperolone""]]","[[""Fluocinonide"", ""decreases"", ""infection""], [""Corticotropin"", ""has_effect_on"", ""electrolyte_imbalance""], [""Corticotropin"", ""decreases_efficacy_of"", ""Vitamin_D""], [""Corticotropin"", ""has_side_effect"", ""mediastinal_disorder""], [""Vitamin_D"", ""decreases_efficacy_of"", ""Fluocinonide""], [""Vitamin_D"", ""decreases_efficacy_of"", ""Melengestrol""], [""Vitamin_D"", ""decreases_efficacy_of"", ""Fluperolone""]]",1.0,1.0,0.9999998807907104,1.0,1.0,0.99537517501616,0.995837657514544,0.996300140012928,0.996762622511312,0.997225105009696,0.99768758750808,0.998150070006464,0.998612552504848,0.999075035003232,0.999537517501616,1.0,0.979612377355705,0.9973215530435162,0,edge_replacement
330,"The drug 4-hydroxycoumarin increases the efficacy of gemifloxacin and has targets like carbonic anhydrase 12. However, it decreases the efficacy of trestolone. 

Pyrithione is known to increase the efficacy of phenprocoumon, 4-hydroxycoumarin, and diphenadione.

Azathioprine is associated with side effects such as rigors, cervical dysplasia, and hepatosplenic T-cell lymphoma.

Pefloxacin boosts the efficacy of albiglutide, while diphenadione enhances the efficacy of pefloxacin and haloprogin. Conversely, diphenadione reduces the efficacy of azathioprine.

Phenprocoumon enhances the efficacy of moxifloxacin, enrofloxacin, and pipemidic acid.

Haloprogin increases the efficacy of acenocoumarol and ethyl biscoumacetate.","The compound 4-hydroxycoumarin has a diverse range of effects on various medications. It can increase the efficacy of gemifloxacin, but decrease the efficacy of trestolone. Furthermore, 4-hydroxycoumarin targets carbonic anhydrase 12, impacting its activity.

Pyrithione is known to enhance the efficacy of diphenadione, while azathioprine is associated with several side effects including rigors, cervical dysplasia, and hepatosplenic T-cell lymphoma.

On the other hand, pefloxacin increases the efficacy of albiglutide, and diphenadione enhances the efficacy of pefloxacin.

Finally, phenprocoumon is known to boost the efficacy of antibiotics like moxifloxacin, enrofloxacin, and pipemidic acid. Similarly, haloprogin enhances the efficacy of both acenocoumarol and ethyl biscoumacetate.","[[""4-hydroxycoumarin"", ""increases_efficacy_of"", ""gemifloxacin""], [""4-hydroxycoumarin"", ""has_target"", ""carbonic_anhydrase_12""], [""4-hydroxycoumarin"", ""decreases_efficacy_of"", ""trestolone""], [""Pyrithione"", ""increases_efficacy_of"", ""phenprocoumon""], [""Pyrithione"", ""increases_efficacy_of"", ""4-hydroxycoumarin""], [""Pyrithione"", ""increases_efficacy_of"", ""diphenadione""], [""Azathioprine"", ""associated_with"", ""rigors""], [""Azathioprine"", ""associated_with"", ""cervical_dysplasia""], [""Azathioprine"", ""associated_with"", ""hepatosplenic_T-cell_lymphoma""], [""Pefloxacin"", ""boosts_efficacy_of"", ""albiglutide""], [""Diphenadione"", ""enhances_efficacy_of"", ""pefloxacin""], [""Diphenadione"", ""enhances_efficacy_of"", ""haloprogin""], [""Diphenadione"", ""reduces_efficacy_of"", ""azathioprine""], [""Phenprocoumon"", ""enhances_efficacy_of"", ""moxifloxacin""], [""Phenprocoumon"", ""enhances_efficacy_of"", ""enrofloxacin""], [""Phenprocoumon"", ""enhances_efficacy_of"", ""pipemidic_acid""], [""Haloprogin"", ""increases_efficacy_of"", ""acenocoumarol""], [""Haloprogin"", ""increases_efficacy_of"", ""ethyl_biscoumacetate""]]","[[""4-hydroxycoumarin"", ""increases_efficacy_of"", ""gemifloxacin""], [""4-hydroxycoumarin"", ""decreases_efficacy_of"", ""trestolone""], [""4-hydroxycoumarin"", ""targets"", ""carbonic_anhydrase_12""], [""Pyrithione"", ""enhances_efficacy_of"", ""diphenadione""], [""Azathioprine"", ""associated_with"", ""rigors""], [""Azathioprine"", ""associated_with"", ""cervical_dysplasia""], [""Azathioprine"", ""associated_with"", ""hepatosplenic_T-cell_lymphoma""], [""Pefloxacin"", ""increases_efficacy_of"", ""albiglutide""], [""Diphenadione"", ""enhances_efficacy_of"", ""pefloxacin""], [""Phenprocoumon"", ""boosts_efficacy_of"", ""moxifloxacin""], [""Phenprocoumon"", ""boosts_efficacy_of"", ""enrofloxacin""], [""Phenprocoumon"", ""boosts_efficacy_of"", ""pipemidic_acid""], [""Haloprogin"", ""enhances_efficacy_of"", ""acenocoumarol""], [""Haloprogin"", ""enhances_efficacy_of"", ""ethyl_biscoumacetate""]]",0.8529411764705882,0.8637502193450928,0.9576375484466552,0.868421052631579,0.868421052631579,0.99200588337491,0.979647400300577,0.967288917226244,0.9549304341519108,0.9425719510775776,0.9302134680032446,0.9178549849289114,0.9054965018545784,0.8931380187802451,0.8807795357059122,0.868421052631579,0.9752569030097002,0.97560040119934,0,edge_deletion
331,"The drug glimepiride increases the efficacy of norfloxacin but decreases the efficacy of dienogest and zeranol. Zeranol, in turn, decreases the efficacy of somatotropin and hyaluronidase while also targeting survival motor neuron protein. Semaglutide enhances the efficacy of gemifloxacin and mefruside but reduces the efficacy of hydroxyprogesterone caproate. Acetohexamide decreases the efficacy of ritonavir and indapamide while increasing the efficacy of netoglitazone. Dienogest reduces the efficacy of tazarotene, azlocillin, and carmegliptin. Norfloxacin enhances the efficacy of acetohexamide but diminishes the efficacy of picosulfuric acid, and it also boosts the efficacy of semaglutide.","Glimepiride affects the efficacy of various drugs including an increase in the efficacy of norfloxacin, decrease in the efficacy of dienogest and zeranol. Zeranol, in turn, decreases the efficacy of somatotropin and hyaluronidase while targeting the survival motor neuron protein. Semaglutide influences the efficacy of drugs such as gemifloxacin with an increase, hydroxyprogesterone caproate with a decrease, and mefruside with an increase. Acetohexamide impacts the efficacy of ritonavir with a decrease, indapamide with a decrease, and netoglitazone with an increase. Lastly, dienogest decreases the efficacy of tazarotene, azlocillin, and carmegliptin, while norfloxacin influences the efficacy of acetohexamide with an increase and picosulfuric acid with a decrease while increasing the efficacy of semaglutide.","[[""glimepiride"", ""increases_efficacy_of"", ""norfloxacin""], [""glimepiride"", ""decreases_efficacy_of"", ""dienogest""], [""glimepiride"", ""decreases_efficacy_of"", ""zeranol""], [""zeranol"", ""decreases_efficacy_of"", ""somatotropin""], [""zeranol"", ""decreases_efficacy_of"", ""hyaluronidase""], [""zeranol"", ""targets"", ""survival_motor_neuron_protein""], [""semaglutide"", ""enhances_efficacy_of"", ""gemifloxacin""], [""semaglutide"", ""enhances_efficacy_of"", ""mefruside""], [""semaglutide"", ""reduces_efficacy_of"", ""hydroxyprogesterone_caproate""], [""acetohexamide"", ""decreases_efficacy_of"", ""ritonavir""], [""acetohexamide"", ""decreases_efficacy_of"", ""indapamide""], [""acetohexamide"", ""increases_efficacy_of"", ""netoglitazone""], [""dienogest"", ""reduces_efficacy_of"", ""tazarotene""], [""dienogest"", ""reduces_efficacy_of"", ""azlocillin""], [""dienogest"", ""reduces_efficacy_of"", ""carmegliptin""], [""norfloxacin"", ""enhances_efficacy_of"", ""acetohexamide""], [""norfloxacin"", ""diminishes_efficacy_of"", ""picosulfuric_acid""], [""norfloxacin"", ""boosts_efficacy_of"", ""semaglutide""]]","[[""glimepiride"", ""increases_efficacy_of"", ""norfloxacin""], [""glimepiride"", ""decreases_efficacy_of"", ""dienogest""], [""glimepiride"", ""decreases_efficacy_of"", ""zeranol""], [""zeranol"", ""decreases_efficacy_of"", ""somatotropin""], [""zeranol"", ""decreases_efficacy_of"", ""hyaluronidase""], [""zeranol"", ""targets"", ""survival_motor_neuron_protein""], [""semaglutide"", ""increases_efficacy_of"", ""gemifloxacin""], [""semaglutide"", ""increases_efficacy_of"", ""mefruside""], [""semaglutide"", ""decreases_efficacy_of"", ""hydroxyprogesterone_caproate""], [""acetohexamide"", ""decreases_efficacy_of"", ""ritonavir""], [""acetohexamide"", ""decreases_efficacy_of"", ""indapamide""], [""acetohexamide"", ""increases_efficacy_of"", ""netoglitazone""], [""dienogest"", ""decreases_efficacy_of"", ""tazarotene""], [""dienogest"", ""decreases_efficacy_of"", ""azlocillin""], [""dienogest"", ""decreases_efficacy_of"", ""carmegliptin""], [""norfloxacin"", ""increases_efficacy_of"", ""acetohexamide""], [""norfloxacin"", ""decreases_efficacy_of"", ""picosulfuric_acid""], [""norfloxacin"", ""increases_efficacy_of"", ""semaglutide""]]",1.0,0.9999999403953552,0.9999998807907104,1.0,1.0,0.9973058736374176,0.997575286273676,0.997844698909934,0.9981141115461922,0.9983835241824506,0.9986529368187088,0.998922349454967,0.9991917620912252,0.9994611747274836,0.9997305873637418,1.0,0.9927392010408296,0.9871644496528142,1,edge_deletion
332,"Arylsulfatase A, Histone-lysine n-methyltransferase, and Methyl carbamimidothioate each contribute to different biological processes. Arylsulfatase A is the gene product of ARSA. Histone-lysine n-methyltransferase is the gene product of both DOT1L, EHMT1, and EHMT2. Furthermore, Methyl carbamimidothioate targets Nitric oxide synthase, histone-lysine n-methyltransferase, and Arylsulfatase A. Nitric oxide synthase is the gene product of NOS1, NOS2, and NOS3.","The enzyme arylsulfatase A is a gene product of ARSA. Methyl carbamimidothioate targets nitric oxide synthase, histone-lysine n-methyltransferase, and arylsulfatase A. Nitric oxide synthase is a gene product of both NOS2 and NOS3. Additionally, histone-lysine n-methyltransferase is a gene product of DOT1L.","[[""Arylsulfatase_A"", ""contributes_to"", ""biological_processes""], [""Histone-lysine_n-methyltransferase"", ""contributes_to"", ""biological_processes""], [""Methyl_carbamimidothioate"", ""contributes_to"", ""biological_processes""], [""Arylsulfatase_A"", ""gene_product_of"", ""ARSA""], [""Histone-lysine_n-methyltransferase"", ""gene_product_of"", ""DOT1L""], [""Histone-lysine_n-methyltransferase"", ""gene_product_of"", ""EHMT1""], [""Histone-lysine_n-methyltransferase"", ""gene_product_of"", ""EHMT2""], [""Methyl_carbamimidothioate"", ""targets"", ""Nitric_oxide_synthase""], [""Methyl_carbamimidothioate"", ""targets"", ""Histone-lysine_n-methyltransferase""], [""Methyl_carbamimidothioate"", ""targets"", ""Arylsulfatase_A""], [""Nitric_oxide_synthase"", ""gene_product_of"", ""NOS1""], [""Nitric_oxide_synthase"", ""gene_product_of"", ""NOS2""], [""Nitric_oxide_synthase"", ""gene_product_of"", ""NOS3""]]","[[""Arylsulfatase_A"", ""gene_product_of"", ""ARSA""], [""Methyl_carbamimidothioate"", ""targets"", ""Nitric_oxide_synthase""], [""Methyl_carbamimidothioate"", ""targets"", ""Histone-lysine_n-methyltransferase""], [""Methyl_carbamimidothioate"", ""targets"", ""Arylsulfatase_A""], [""Nitric_oxide_synthase"", ""gene_product_of"", ""NOS2""], [""Nitric_oxide_synthase"", ""gene_product_of"", ""NOS3""], [""Histone-lysine_n-methyltransferase"", ""gene_product_of"", ""DOT1L""]]",0.5669467095138409,0.6853868365287781,0.8543277382850647,0.4762896722078402,0.5354496700964052,0.975137617774748,0.9311688230069136,0.8872000282390795,0.8432312334712452,0.7992624387034108,0.7552936439355766,0.7113248491677424,0.6673560543999081,0.6233872596320738,0.5794184648642395,0.5354496700964052,0.9307889867423396,0.9439165086325492,0,node_removal
333,"The drug Oxcarbazepine is known to have multiple side effects including eye disorder, gastritis, and hypertonia. Levopropoxyphene can decrease the efficacy of Oxcarbazepine, diazepam, and medazepam. Diazepam is indicated for night terrors and has side effects such as anaphylactic shock and anger.","The drug oxcarbazepine is associated with several side effects including eye disorder, gastritis, and hypertonia. Levopropoxyphene decreases the efficacy of oxcarbazepine as well as diazepam and medazepam. Diazepam is indicated for night terrors but can also lead to side effects such as anaphylactic shock and anger.","[[""Oxcarbazepine"", ""has_side_effect"", ""eye_disorder""], [""Oxcarbazepine"", ""has_side_effect"", ""gastritis""], [""Oxcarbazepine"", ""has_side_effect"", ""hypertonia""], [""Levopropoxyphene"", ""decreases_efficacy_of"", ""Oxcarbazepine""], [""Levopropoxyphene"", ""decreases_efficacy_of"", ""diazepam""], [""Levopropoxyphene"", ""decreases_efficacy_of"", ""medazepam""], [""Diazepam"", ""indicated_for"", ""night_terror""], [""Diazepam"", ""has_side_effect"", ""anaphylactic_shock""], [""Diazepam"", ""has_side_effect"", ""anger""]]","[[""Oxcarbazepine"", ""has_side_effect"", ""eye_disorder""], [""Oxcarbazepine"", ""has_side_effect"", ""gastritis""], [""Oxcarbazepine"", ""has_side_effect"", ""hypertonia""], [""Levopropoxyphene"", ""decreases_efficacy_of"", ""Oxcarbazepine""], [""Levopropoxyphene"", ""decreases_efficacy_of"", ""Diazepam""], [""Levopropoxyphene"", ""decreases_efficacy_of"", ""Medazepam""], [""Diazepam"", ""indicated_for"", ""night_terror""], [""Diazepam"", ""has_side_effect"", ""anaphylactic_shock""], [""Diazepam"", ""has_side_effect"", ""anger""]]",1.0,0.8887262344360352,0.981805145740509,1.0,1.0,0.9999999983090698,0.9999999984781628,0.999999998647256,0.9999999988163488,0.999999998985442,0.999999999154535,0.999999999323628,0.9999999994927208,0.999999999661814,0.999999999830907,1.0,0.9999999917878044,0.7865553996621124,1,node_replacement
334,"Benzatropine decreases the efficacy of tacrine, sennosides, and has the side effect of disorientation. Sennosides decrease the efficacy of phenglutarimide, and targets both SW-620 and CCRF-CEM. Tacrine decreases the efficacy of procyclidine, fluticasone propionate, and escitalopram.","The drug benzatropine decreases the efficacy of tacrine, sennosides, and has the side effect of Disorientation. Sennosides, in turn, decrease the efficacy of phenglutarimide and targets both sw-620 and ccrf-cem. Additionally, tacrine decreases the efficacy of procyclidine, fluticasone propionate, and escitalopram.","[[""Benzatropine"", ""decreases_efficacy_of"", ""Tacrine""], [""Benzatropine"", ""decreases_efficacy_of"", ""Sennosides""], [""Benzatropine"", ""has_side_effect"", ""Disorientation""], [""Sennosides"", ""decreases_efficacy_of"", ""Phenglutarimide""], [""Sennosides"", ""targets"", ""SW-620""], [""Sennosides"", ""targets"", ""CCRF-CEM""], [""Tacrine"", ""decreases_efficacy_of"", ""Procyclidine""], [""Tacrine"", ""decreases_efficacy_of"", ""Fluticasone_Propionate""], [""Tacrine"", ""decreases_efficacy_of"", ""Escitalopram""]]","[[""Benzatropine"", ""decreases_efficacy_of"", ""Tacrine""], [""Benzatropine"", ""decreases_efficacy_of"", ""Sennosides""], [""Benzatropine"", ""has_side_effect"", ""Disorientation""], [""Sennosides"", ""decreases_efficacy_of"", ""Phenglutarimide""], [""Sennosides"", ""targets"", ""SW-620""], [""Sennosides"", ""targets"", ""CCRF-CEM""], [""Tacrine"", ""decreases_efficacy_of"", ""Procyclidine""], [""Tacrine"", ""decreases_efficacy_of"", ""Fluticasone_Propionate""], [""Tacrine"", ""decreases_efficacy_of"", ""Escitalopram""]]",1.0,1.0,1.0,1.0,1.0,0.9999999131253392,0.9999999218128052,0.9999999305002714,0.9999999391877372,0.9999999478752034,0.9999999565626696,0.9999999652501356,0.9999999739376018,0.9999999826250678,0.999999991312534,1.0,0.9999999937083984,0.9999999870436111,1,node_removal
335,"Thiopental decreases the efficacy of glycerin, increases the efficacy of enibomal, and also decreases the efficacy of pentaerithrityl. Somatotropin decreases the efficacy of insulin glulisine, polyestradiol phosphate, and estradiol acetate. Hepatitis A vaccine decreases the efficacy of interferon beta-1b, belatacept, and carfilzomib. Fluticasone decreases the efficacy of somatotropin, 1alpha,24s-dihydroxyvitamin D2, and hepatitis A vaccine. Butalbital decreases the efficacy of methdilazine, phenothiazine, and paraoxon. Bambuterol decreases the efficacy of butalbital, thiopental, and fluticasone.",Bambuterol decreases the efficacy of Fluticasone.,"[[""Thiopental"", ""decreases_efficacy_of"", ""glycerin""], [""Thiopental"", ""increases_efficacy_of"", ""enibomal""], [""Thiopental"", ""decreases_efficacy_of"", ""pentaerithrityl""], [""Somatotropin"", ""decreases_efficacy_of"", ""insulin_glulisine""], [""Somatotropin"", ""decreases_efficacy_of"", ""polyestradiol_phosphate""], [""Somatotropin"", ""decreases_efficacy_of"", ""estradiol_acetate""], [""Hepatitis_A_vaccine"", ""decreases_efficacy_of"", ""interferon_beta-1b""], [""Hepatitis_A_vaccine"", ""decreases_efficacy_of"", ""belatacept""], [""Hepatitis_A_vaccine"", ""decreases_efficacy_of"", ""carfilzomib""], [""Fluticasone"", ""decreases_efficacy_of"", ""somatotropin""], [""Fluticasone"", ""decreases_efficacy_of"", ""1alpha,24s-dihydroxyvitamin_D2""], [""Fluticasone"", ""decreases_efficacy_of"", ""hepatitis_A_vaccine""], [""Butalbital"", ""decreases_efficacy_of"", ""methdilazine""], [""Butalbital"", ""decreases_efficacy_of"", ""phenothiazine""], [""Butalbital"", ""decreases_efficacy_of"", ""paraoxon""], [""Bambuterol"", ""decreases_efficacy_of"", ""butalbital""], [""Bambuterol"", ""decreases_efficacy_of"", ""thiopental""], [""Bambuterol"", ""decreases_efficacy_of"", ""fluticasone""]]","[[""Bambuterol"", ""decreases_efficacy_of"", ""Fluticasone""]]",0.0540738070435875,0.2059172987937927,0.0,0.0540738070435875,0.0540738070435875,0.7827743962082294,0.7099043372917653,0.6370342783753011,0.5641642194588368,0.4912941605423726,0.4184241016259085,0.3455540427094443,0.2726839837929801,0.1998139248765158,0.1269438659600517,0.0540738070435875,0.7223445430564728,0.8743601807601484,0,node_removal
336,"Propiverine decreases the efficacy of levosalbutamol, rimiterol, and sodium tartrate. Nylidrin decreases the efficacy of clozapine and propiverine, but increases the efficacy of albaconazole. Clozapine decreases the efficacy of omarigliptin, affects the glucagon like peptide 1 receptor, and has a side effect of nightmares.","The drug propiverine is known to decrease the efficacy of levosalbutamol, rimiterol, and sodium tartrate. Conversely, the drug nylidrin increases the efficacy of albaconazole. On the other hand, clozapine decreases the efficacy of omarigliptin, affects the glucagon like peptide 1 receptor, and has a side effect of nightmares.","[[""Propiverine"", ""decreases_efficacy_of"", ""levosalbutamol""], [""Propiverine"", ""decreases_efficacy_of"", ""rimiterol""], [""Propiverine"", ""decreases_efficacy_of"", ""sodium_tartrate""], [""Nylidrin"", ""decreases_efficacy_of"", ""clozapine""], [""Nylidrin"", ""decreases_efficacy_of"", ""propiverine""], [""Nylidrin"", ""increases_efficacy_of"", ""albaconazole""], [""Clozapine"", ""decreases_efficacy_of"", ""omarigliptin""], [""Clozapine"", ""affects"", ""glucagon_like_peptide_1_receptor""], [""Clozapine"", ""has_side_effect"", ""nightmares""]]","[[""Propiverine"", ""decreases_efficacy_of"", ""levosalbutamol""], [""Propiverine"", ""decreases_efficacy_of"", ""rimiterol""], [""Propiverine"", ""decreases_efficacy_of"", ""sodium_tartrate""], [""Nylidrin"", ""increases_efficacy_of"", ""albaconazole""], [""Clozapine"", ""decreases_efficacy_of"", ""omarigliptin""], [""Clozapine"", ""affects"", ""glucagon_like_peptide_1_receptor""], [""Clozapine"", ""has_side_effect"", ""nightmares""]]",0.8333333333333334,0.9312639832496644,0.930716872215271,0.8333333333333334,0.8333333333333334,0.9895195078994335,0.9739008904428236,0.9582822729862136,0.9426636555296034,0.9270450380729934,0.9114264206163836,0.8958078031597734,0.8801891857031634,0.8645705682465534,0.8489519507899433,0.8333333333333334,0.9859940819905222,0.9836800540225408,0,edge_deletion
337,"The drug dexbrompheniramine increases the activity of the QTc-prolonging activities and enhances the efficacy of both racepinephrine and theodrenaline. Methylenedioxyethamphetamine decreases the efficacy of atipamezole, while theodrenaline has an effect of causing hypokalemia and increases the efficacy of loratadine but decreases the efficacy of medazepam. Racepinephrine increases the efficacy of both thiethylperazine and methylenedioxyethamphetamine, but decreases the efficacy of carvedilol.","The drug dexbrompheniramine increases the efficacy of racepinephrine, theodrenaline, and decreases the activity of the QTc-prolonging activities. Methylenedioxyethamphetamine decreases the efficacy of atipamezole. Theodrenaline has an effect of hypokalemia and increases the efficacy of loratadine, while decreasing the efficacy of medazepam. Racepinephrine increases the efficacy of thiethylperazine and methylenedioxyethamphetamine, but decreases the efficacy of carvedilol.","[[""dexbrompheniramine"", ""increases_activity_of"", ""QTc-prolonging_activities""], [""dexbrompheniramine"", ""enhances_efficacy_of"", ""racepinephrine""], [""dexbrompheniramine"", ""enhances_efficacy_of"", ""theodrenaline""], [""methylenedioxyethamphetamine"", ""decreases_efficacy_of"", ""atipamezole""], [""theodrenaline"", ""causes"", ""hypokalemia""], [""theodrenaline"", ""increases_efficacy_of"", ""loratadine""], [""theodrenaline"", ""decreases_efficacy_of"", ""medazepam""], [""racepinephrine"", ""increases_efficacy_of"", ""thiethylperazine""], [""racepinephrine"", ""increases_efficacy_of"", ""methylenedioxyethamphetamine""], [""racepinephrine"", ""decreases_efficacy_of"", ""carvedilol""]]","[[""dexbrompheniramine"", ""increases_efficacy_of"", ""racepinephrine""], [""dexbrompheniramine"", ""increases_efficacy_of"", ""theodrenaline""], [""dexbrompheniramine"", ""decreases_activity_of"", ""QTc-prolonging_activities""], [""methylenedioxyethamphetamine"", ""decreases_efficacy_of"", ""atipamezole""], [""theodrenaline"", ""causes"", ""hypokalemia""], [""theodrenaline"", ""increases_efficacy_of"", ""loratadine""], [""theodrenaline"", ""decreases_efficacy_of"", ""medazepam""], [""racepinephrine"", ""increases_efficacy_of"", ""thiethylperazine""], [""racepinephrine"", ""increases_efficacy_of"", ""methylenedioxyethamphetamine""], [""racepinephrine"", ""decreases_efficacy_of"", ""carvedilol""]]",1.0,1.0,1.0,1.0,1.0,0.9987441555780686,0.9988697400202616,0.998995324462455,0.999120908904648,0.9992464933468412,0.9993720777890344,0.9994976622312276,0.9996232466734204,0.9997488311156136,0.9998744155578068,1.0,0.9913552658713296,0.9947775180101678,0,edge_replacement
338,"Clobetasol propionate increases the risk of myelosuppression. Demecarium decreases the efficacy of paroxetine, clobetasol propionate, and butobarbital.","The drug clobetasol propionate decreases the effect of myelosuppression. Demecarium decreases the efficacy of paroxetine, clobetasol propionate, and butobarbital.","[[""Clobetasol_propionate"", ""increases_risk_of"", ""myelosuppression""], [""Demecarium"", ""decreases_efficacy_of"", ""paroxetine""], [""Demecarium"", ""decreases_efficacy_of"", ""Clobetasol_propionate""], [""Demecarium"", ""decreases_efficacy_of"", ""butobarbital""]]","[[""Clobetasol_propionate"", ""decreases_effect_of"", ""myelosuppression""], [""Demecarium"", ""decreases_efficacy_of"", ""paroxetine""], [""Demecarium"", ""decreases_efficacy_of"", ""Clobetasol_propionate""], [""Demecarium"", ""decreases_efficacy_of"", ""butobarbital""]]",1.0,1.0,1.0,1.0,1.0,0.990412353944197,0.9913711185497772,0.9923298831553578,0.993288647760938,0.9942474123665184,0.9952061769720986,0.9961649415776788,0.9971237061832592,0.9980824707888394,0.9990412353944196,1.0,0.9669201943401488,0.9822870999670844,0,edge_replacement
339,"Coagulation factor X is a gene product of F10. The drug GW-813893 targets both prothrombin and coagulation factor X. Prothrombin is a gene product of F2, which acts within the Intrinsic Pathway of Fibrin Clot Formation and G alpha (q) signalling events. F10 acts within the Extrinsic Pathway of Fibrin Clot Formation and Gamma-carboxylation of protein precursors. F2 is known to cause pregnancy loss.","The coagulation factor X is a gene product of F10, which acts within both the Extrinsic Pathway of Fibrin Clot Formation and the Gamma-carboxylation of protein precursors. The drug GW-813893 targets both prothrombin and coagulation factor X.","[[""Coagulation_Factor_X"", ""gene_product_of"", ""F10""], [""GW-813893"", ""targets"", ""Prothrombin""], [""GW-813893"", ""targets"", ""Coagulation_Factor_X""], [""Prothrombin"", ""gene_product_of"", ""F2""], [""F2"", ""acts_within"", ""Intrinsic_Pathway_of_Fibrin_Clot_Formation""], [""F2"", ""acts_within"", ""G_alpha_(q)_signalling_events""], [""F10"", ""acts_within"", ""Extrinsic_Pathway_of_Fibrin_Clot_Formation""], [""F10"", ""acts_within"", ""Gamma-carboxylation_of_protein_precursors""], [""F2"", ""causes"", ""Pregnancy_Loss""]]","[[""Coagulation_Factor_X"", ""gene_product_of"", ""F10""], [""F10"", ""acts_within"", ""Extrinsic_Pathway_of_Fibrin_Clot_Formation""], [""F10"", ""acts_within"", ""Gamma-carboxylation_of_protein_precursors""], [""GW-813893"", ""targets"", ""Prothrombin""], [""GW-813893"", ""targets"", ""Coagulation_Factor_X""]]",0.5443310539518174,0.2876295745372772,0.7469682693481445,0.5163977794943223,0.5892556509887896,0.9487969453988024,0.912842815957801,0.8768886865167999,0.8409345570757985,0.8049804276347973,0.769026298193796,0.7330721687527948,0.6971180393117935,0.6611639098707922,0.6252097804297909,0.5892556509887896,0.920112100204475,0.8569893985234486,0,node_removal
340,"Tenofovir disoproxil fumarate affects multiple targets including ATP binding cassette subfamily B member 1, cytochrome P450 family 24 subfamily A member 1, and solute carrier family 28 member 2. Solute carrier family 28 member 2 is implicated in causing kidney transplantation, precursor cell lymphoblastic leukemia-lymphoma, and mucositis. ATP binding cassette subfamily B member 1 is associated with conditions such as fractures, malaria, and muscular diseases. Meanwhile, cytochrome P450 family 24 subfamily A member 1 is linked to coronary artery disease, hepatitis C, and beta-thalassemia.","Tenofovir disoproxil fumarate affects several proteins including ATP binding cassette subfamily B member 1, cytochrome P450 family 24 subfamily A member 1, and solute carrier family 28 member 2. Solute carrier family 28 member 2 is known to cause conditions such as kidney transplantation, precursor cell lymphoblastic leukemia-lymphoma, and mucositis. ATP binding cassette subfamily B member 1 is associated with conditions like fractures, malaria, and muscular diseases. Meanwhile, cytochrome P450 family 24 subfamily A member 1 is linked to various conditions including coronary artery disease, hepatitis C, and beta-thalassemia.","[[""Tenofovir_disoproxil_fumarate"", ""affects"", ""ATP_binding_cassette_subfamily_B_member_1""], [""Tenofovir_disoproxil_fumarate"", ""affects"", ""cytochrome_P450_family_24_subfamily_A_member_1""], [""Tenofovir_disoproxil_fumarate"", ""affects"", ""solute_carrier_family_28_member_2""], [""solute_carrier_family_28_member_2"", ""implicated_in"", ""kidney_transplantation""], [""solute_carrier_family_28_member_2"", ""implicated_in"", ""precursor_cell_lymphoblastic_leukemia-lymphoma""], [""solute_carrier_family_28_member_2"", ""implicated_in"", ""mucositis""], [""ATP_binding_cassette_subfamily_B_member_1"", ""associated_with"", ""fractures""], [""ATP_binding_cassette_subfamily_B_member_1"", ""associated_with"", ""malaria""], [""ATP_binding_cassette_subfamily_B_member_1"", ""associated_with"", ""muscular_diseases""], [""cytochrome_P450_family_24_subfamily_A_member_1"", ""linked_to"", ""coronary_artery_disease""], [""cytochrome_P450_family_24_subfamily_A_member_1"", ""linked_to"", ""hepatitis_C""], [""cytochrome_P450_family_24_subfamily_A_member_1"", ""linked_to"", ""beta-thalassemia""]]","[[""Tenofovir_disoproxil_fumarate"", ""affects"", ""ATP_binding_cassette_subfamily_B_member_1""], [""Tenofovir_disoproxil_fumarate"", ""affects"", ""cytochrome_P450_family_24_subfamily_A_member_1""], [""Tenofovir_disoproxil_fumarate"", ""affects"", ""solute_carrier_family_28_member_2""], [""solute_carrier_family_28_member_2"", ""known_to_cause"", ""kidney_transplantation""], [""solute_carrier_family_28_member_2"", ""known_to_cause"", ""precursor_cell_lymphoblastic_leukemia-lymphoma""], [""solute_carrier_family_28_member_2"", ""known_to_cause"", ""mucositis""], [""ATP_binding_cassette_subfamily_B_member_1"", ""associated_with"", ""fractures""], [""ATP_binding_cassette_subfamily_B_member_1"", ""associated_with"", ""malaria""], [""ATP_binding_cassette_subfamily_B_member_1"", ""associated_with"", ""muscular_diseases""], [""cytochrome_P450_family_24_subfamily_A_member_1"", ""linked_to"", ""coronary_artery_disease""], [""cytochrome_P450_family_24_subfamily_A_member_1"", ""linked_to"", ""hepatitis_C""], [""cytochrome_P450_family_24_subfamily_A_member_1"", ""linked_to"", ""beta-thalassemia""]]",1.0,1.0,1.0,1.0,1.0,0.9973883496996964,0.9976495147297268,0.9979106797597572,0.9981718447897874,0.998433009819818,0.998694174849848,0.9989553398798784,0.9992165049099088,0.9994776699399393,0.9997388349699696,1.0,0.9697574582175936,0.9849937659154442,1,node_removal
341,"The drug hydrocortisone butyrate can decrease the efficacy of tyrothricin and has side effects such as hypersensitivity and secondary infection. Additionally, 1alpha-hydroxyvitamin d5 can decrease the efficacy of hydrocortisone, hydrocortisone butyrate, and methylprednisolone aceponate. Hydrocortisone can decrease the efficacy of rindopepimut and has targets such as p-glycoprotein 1 and molt-4. Furthermore, methylprednisolone aceponate can decrease the efficacy of gallamine triethiodide and dichlorvos.","Hydrocortisone butyrate has been shown to decrease the efficacy of tyrothricin and can lead to hypersensitivity and secondary infection as side effects. Additionally, 1alpha-hydroxyvitamin D5 can decrease the efficacy of hydrocortisone. Hydrocortisone, in turn, decreases the efficacy of rindopepimut and has targets including p-glycoprotein 1 and molt-4. Methylprednisolone aceponate has been found to decrease the efficacy of both gallamine triethiodide and dichlorvos.","[[""hydrocortisone_butyrate"", ""decreases_efficacy_of"", ""tyrothricin""], [""hydrocortisone_butyrate"", ""has_side_effect"", ""hypersensitivity""], [""hydrocortisone_butyrate"", ""has_side_effect"", ""secondary_infection""], [""1alpha-hydroxyvitamin_d5"", ""decreases_efficacy_of"", ""hydrocortisone""], [""1alpha-hydroxyvitamin_d5"", ""decreases_efficacy_of"", ""hydrocortisone_butyrate""], [""1alpha-hydroxyvitamin_d5"", ""decreases_efficacy_of"", ""methylprednisolone_aceponate""], [""hydrocortisone"", ""decreases_efficacy_of"", ""rindopepimut""], [""hydrocortisone"", ""has_target"", ""p-glycoprotein_1""], [""hydrocortisone"", ""has_target"", ""molt-4""], [""methylprednisolone_aceponate"", ""decreases_efficacy_of"", ""gallamine_triethiodide""], [""methylprednisolone_aceponate"", ""decreases_efficacy_of"", ""dichlorvos""]]","[[""hydrocortisone_butyrate"", ""decreases_efficacy_of"", ""tyrothricin""], [""hydrocortisone_butyrate"", ""has_side_effect"", ""hypersensitivity""], [""hydrocortisone_butyrate"", ""has_side_effect"", ""secondary_infection""], [""1alpha-hydroxyvitamin_D5"", ""decreases_efficacy_of"", ""hydrocortisone""], [""hydrocortisone"", ""decreases_efficacy_of"", ""rindopepimut""], [""hydrocortisone"", ""has_target"", ""p-glycoprotein_1""], [""hydrocortisone"", ""has_target"", ""molt-4""], [""methylprednisolone_aceponate"", ""decreases_efficacy_of"", ""gallamine_triethiodide""], [""methylprednisolone_aceponate"", ""decreases_efficacy_of"", ""dichlorvos""]]",0.8636363636363636,1.0,0.9999999403953552,0.8611111111111112,0.8611111111111112,0.9900336048964004,0.9771413555178716,0.9642491061393426,0.9513568567608136,0.9384646073822848,0.9255723580037558,0.9126801086252267,0.8997878592466979,0.8868956098681691,0.87400336048964,0.8611111111111112,0.9939321921771938,0.9820991031150336,0,edge_deletion
342,"Daclizumab decreases the efficacy of g17dt, rabies immune globulin, and allogeneic processed thymus tissue. Allogeneic processed thymus tissue further reduces the efficacy of mercaptopurine, rilonacept, and hydrocortisone succinate. G17dt decreases the efficacy of cladribine, vindesine, and ropeginterferon alfa-2b. Rabies immune globulin targets rabies virus proteins and reduces the efficacy of gemtuzumab ozogamicin and cyclosporine. Ropeginterferon alfa-2b decreases the efficacy of rotavirus vaccine.","The drug daclizumab decreases the efficacy of g17dt, rabies immune globulin, and allogeneic processed thymus tissue. Allogeneic processed thymus tissue, in turn, decreases the efficacy of mercaptopurine, rilonacept, and hydrocortisone succinate. Simultaneously, g17dt decreases the efficacy of cladribine, vindesine, and ropeginterferon alfa-2b. Rabies immune globulin targets rabies virus proteins while decreasing the efficacy of gemtuzumab ozogamicin and cyclosporine. Finally, ropeginterferon alfa-2b decreases the efficacy of rotavirus vaccine.","[[""Daclizumab"", ""decreases_efficacy_of"", ""g17dt""], [""Daclizumab"", ""decreases_efficacy_of"", ""rabies_immune_globulin""], [""Daclizumab"", ""decreases_efficacy_of"", ""allogeneic_processed_thymus_tissue""], [""Allogeneic_processed_thymus_tissue"", ""decreases_efficacy_of"", ""mercaptopurine""], [""Allogeneic_processed_thymus_tissue"", ""decreases_efficacy_of"", ""rilonacept""], [""Allogeneic_processed_thymus_tissue"", ""decreases_efficacy_of"", ""hydrocortisone_succinate""], [""G17dt"", ""decreases_efficacy_of"", ""cladribine""], [""G17dt"", ""decreases_efficacy_of"", ""vindesine""], [""G17dt"", ""decreases_efficacy_of"", ""ropeginterferon_alfa-2b""], [""Rabies_immune_globulin"", ""targets"", ""rabies_virus_proteins""], [""Rabies_immune_globulin"", ""decreases_efficacy_of"", ""gemtuzumab_ozogamicin""], [""Rabies_immune_globulin"", ""decreases_efficacy_of"", ""cyclosporine""], [""Ropeginterferon_alfa-2b"", ""decreases_efficacy_of"", ""rotavirus_vaccine""]]","[[""Daclizumab"", ""decreases_efficacy_of"", ""g17dt""], [""Daclizumab"", ""decreases_efficacy_of"", ""rabies_immune_globulin""], [""Daclizumab"", ""decreases_efficacy_of"", ""allogeneic_processed_thymus_tissue""], [""Allogeneic_processed_thymus_tissue"", ""decreases_efficacy_of"", ""mercaptopurine""], [""Allogeneic_processed_thymus_tissue"", ""decreases_efficacy_of"", ""rilonacept""], [""Allogeneic_processed_thymus_tissue"", ""decreases_efficacy_of"", ""hydrocortisone_succinate""], [""G17dt"", ""decreases_efficacy_of"", ""cladribine""], [""G17dt"", ""decreases_efficacy_of"", ""vindesine""], [""G17dt"", ""decreases_efficacy_of"", ""ropeginterferon_alfa-2b""], [""Rabies_immune_globulin"", ""targets"", ""rabies_virus_proteins""], [""Rabies_immune_globulin"", ""decreases_efficacy_of"", ""gemtuzumab_ozogamicin""], [""Rabies_immune_globulin"", ""decreases_efficacy_of"", ""cyclosporine""], [""Ropeginterferon_alfa-2b"", ""decreases_efficacy_of"", ""rotavirus_vaccine""]]",1.0,1.0,1.0,1.0,1.0,0.999999997636868,0.9999999978731812,0.9999999981094944,0.9999999983458076,0.9999999985821209,0.999999998818434,0.9999999990547472,0.9999999992910604,0.9999999995273736,0.9999999997636868,1.0,1.0,0.999999989137157,1,edge_deletion
343,"Timolol increases the activity of the hypertensive activities, decreases the efficacy of liotrix, and increases the efficacy of tofogliflozin. Insulin beef increases the efficacy of difloxacin. Teneligliptin increases the efficacy of timolol, rosoxacin, but decreases the efficacy of atazanavir. Atazanavir has side effects including headache, dry mouth, and insomnia. Rosoxacin increases the efficacy of repaglinide, insulin beef, and remogliflozin etabonate.","Timolol decreases the efficacy of liotrix, increases the efficacy of tofogliflozin, and decreases the activity of the hypertensive activities. Insulin beef increases the efficacy of difloxacin. Teneligliptin increases the efficacy of timolol, rosoxacin, but decreases the efficacy of atazanavir. Atazanavir has side effects including headache, dry mouth, and insomnia. Rosoxacin increases the efficacy of repaglinide, insulin beef, and remogliflozin etabonate.","[[""Timolol"", ""increases"", ""hypertensive_activities""], [""Timolol"", ""decreases"", ""liotrix""], [""Timolol"", ""increases"", ""tofogliflozin""], [""Insulin_beef"", ""increases"", ""difloxacin""], [""Teneligliptin"", ""increases"", ""timolol""], [""Teneligliptin"", ""increases"", ""rosoxacin""], [""Teneligliptin"", ""decreases"", ""atazanavir""], [""Atazanavir"", ""has_side_effect"", ""headache""], [""Atazanavir"", ""has_side_effect"", ""dry_mouth""], [""Atazanavir"", ""has_side_effect"", ""insomnia""], [""Rosoxacin"", ""increases"", ""repaglinide""], [""Rosoxacin"", ""increases"", ""insulin_beef""], [""Rosoxacin"", ""increases"", ""remogliflozin_etabonate""]]","[[""Timolol"", ""decreases"", ""liotrix""], [""Timolol"", ""increases"", ""tofogliflozin""], [""Timolol"", ""decreases"", ""hypertensive_activities""], [""Insulin_beef"", ""increases"", ""difloxacin""], [""Teneligliptin"", ""increases"", ""timolol""], [""Teneligliptin"", ""increases"", ""rosoxacin""], [""Teneligliptin"", ""decreases"", ""atazanavir""], [""Atazanavir"", ""has_side_effect"", ""headache""], [""Atazanavir"", ""has_side_effect"", ""dry_mouth""], [""Atazanavir"", ""has_side_effect"", ""insomnia""], [""Rosoxacin"", ""increases"", ""repaglinide""], [""Rosoxacin"", ""increases"", ""insulin_beef""], [""Rosoxacin"", ""increases"", ""remogliflozin_etabonate""]]",1.0,0.9999999403953552,0.9999999403953552,1.0,1.0,0.9994664935268518,0.9995198441741666,0.9995731948214814,0.9996265454687964,0.9996798961161112,0.999733246763426,0.9997865974107408,0.9998399480580556,0.9998932987053704,0.9999466493526852,1.0,0.99841956168736,0.9987169067351048,0,edge_replacement
344,"The drug sulfanilamide increases the activity of the neuromuscular blocking activities and has the effect of causing methemoglobinemia. Sulfanilamide also affects glucose-6-phosphate dehydrogenase, which in turn causes acquired immunodeficiency syndrome and metabolic syndrome.","Sulfanilamide increases the activity of the neuromuscular blocking activities and has an effect on methemoglobinemia. It also affects glucose-6-phosphate dehydrogenase, which in turn causes acquired immunodeficiency syndrome and metabolic syndrome.","[[""sulfanilamide"", ""increases"", ""neuromuscular_blocking_activities""], [""sulfanilamide"", ""causes"", ""methemoglobinemia""], [""sulfanilamide"", ""affects"", ""glucose-6-phosphate_dehydrogenase""], [""glucose-6_phosphate_dehydrogenase"", ""causes"", ""acquired_immunodeficiency_syndrome""], [""glucose-6_phosphate_dehydrogenase"", ""causes"", ""metabolic_syndrome""]]","[[""sulfanilamide"", ""increases"", ""neuromuscular_blocking_activities""], [""sulfanilamide"", ""has_effect_on"", ""methemoglobinemia""], [""sulfanilamide"", ""affects"", ""glucose-6_phosphate_dehydrogenase""], [""glucose-6_phosphate_dehydrogenase"", ""causes"", ""acquired_immunodeficiency_syndrome""], [""glucose-6_phosphate_dehydrogenase"", ""causes"", ""metabolic_syndrome""]]",1.0,0.8513739109039307,0.9155750274658204,0.7972339748041415,0.82915619758885,0.996931874542689,0.9801543068473052,0.9633767391519212,0.9465991714565372,0.9298216037611534,0.9130440360657694,0.8962664683703856,0.8794889006750016,0.8627113329796178,0.8459337652842339,0.82915619758885,0.990782719633249,0.7357052636785659,1,edge_replacement
345,"Lofexidine affects several pathways including increasing the effect of bradycardia, increasing the efficacy of ritanserin, and affecting cytochrome P450 family 2 subfamily D member 6. Glimepiride is involved in pathways such as decreasing the efficacy of everolimus, increasing the efficacy of vemurafenib, and decreasing the efficacy of cyclopenthiazide. Thiethylperazine contributes to pathways by increasing the effect of neuropsychiatric effects, decreasing the efficacy of glimepiride, and increasing the efficacy of lofexidine. Ritanserin plays a role in pathways by decreasing the efficacy of propylthiouracil and elcatonin.","Lofexidine is known to increase the efficacy of ritanserin and decrease the effect on bradycardia, while also affecting cytochrome p450 family 2 subfamily d member 6. Glimepiride, on the other hand, decreases the efficacy of everolimus, increases the efficacy of vemurafenib, and decreases the efficacy of cyclopenthiazide. Additionally, thiethylperazine increases the effect of neuropsychiatric effects while decreasing the efficacy of glimepiride and increasing the efficacy of lofexidine. Finally, ritanserin decreases the efficacy of propylthiouracil and elcatonin.","[[""Lofexidine"", ""increases_effect_of"", ""bradycardia""], [""Lofexidine"", ""increases_efficacy_of"", ""ritanserin""], [""Lofexidine"", ""affects"", ""cytochrome_P450_family_2_subfamily_D_member_6""], [""Glimepiride"", ""decreases_efficacy_of"", ""everolimus""], [""Glimepiride"", ""increases_efficacy_of"", ""vemurafenib""], [""Glimepiride"", ""decreases_efficacy_of"", ""cyclopenthiazide""], [""Thiethylperazine"", ""increases_effect_of"", ""neuropsychiatric_effects""], [""Thiethylperazine"", ""decreases_efficacy_of"", ""glimepiride""], [""Thiethylperazine"", ""increases_efficacy_of"", ""lofexidine""], [""Ritanserin"", ""decreases_efficacy_of"", ""propylthiouracil""], [""Ritanserin"", ""decreases_efficacy_of"", ""elcatonin""]]","[[""Lofexidine"", ""increases_efficacy_of"", ""ritanserin""], [""Lofexidine"", ""decreases_effect_of"", ""bradycardia""], [""Lofexidine"", ""affects"", ""cytochrome_p450_family_2_subfamily_d_member_6""], [""Glimepiride"", ""decreases_efficacy_of"", ""everolimus""], [""Glimepiride"", ""increases_efficacy_of"", ""vemurafenib""], [""Glimepiride"", ""decreases_efficacy_of"", ""cyclopenthiazide""], [""Thiethylperazine"", ""increases_effect_of"", ""neuropsychiatric_effects""], [""Thiethylperazine"", ""decreases_efficacy_of"", ""glimepiride""], [""Thiethylperazine"", ""increases_efficacy_of"", ""lofexidine""], [""Ritanserin"", ""decreases_efficacy_of"", ""propylthiouracil""], [""Ritanserin"", ""decreases_efficacy_of"", ""elcatonin""]]",1.0,1.0,1.0,1.0,1.0,0.9992819407644588,0.9993537466880128,0.999425552611567,0.999497358535121,0.9995691644586752,0.9996409703822292,0.9997127763057836,0.9997845822293376,0.9998563881528916,0.9999281940764458,1.0,0.9960869409189804,0.9992686584394994,0,edge_replacement
346,"The drug terbutaline decreases the efficacy of both bevantolol and rociverine. Terbutaline targets the bile salt export pump. Rociverine decreases the efficacy of sodium sulfate, magnesium glycinate, and coumaphos. The bile salt export pump is a gene product of ABCB11, which acts within the pathway of Recycling of bile acids and salts. Furthermore, bevantolol decreases the efficacy of isoprenaline, but it increases the efficacy of gliclazide and decreases the efficacy of abediterol.","Terbutaline decreases the efficacy of both bevantolol and rociverine. Terbutaline targets the bile salt export pump. Rociverine reduces the efficacy of sodium sulfate, magnesium glycinate, and coumaphos. The bile salt export pump is a gene product of ABCB11, which acts within the pathway of Recycling of bile acids and salts. Bevantolol decreases the efficacy of isoprenaline but increases the efficacy of gliclazide, while also reducing the efficacy of abediterol.","[[""terbutaline"", ""decreases_efficacy_of"", ""bevantolol""], [""terbutaline"", ""decreases_efficacy_of"", ""rociverine""], [""terbutaline"", ""targets"", ""bile_salt_export_pump""], [""rociverine"", ""decreases_efficacy_of"", ""sodium_sulfate""], [""rociverine"", ""decreases_efficacy_of"", ""magnesium_glycinate""], [""rociverine"", ""decreases_efficacy_of"", ""coumaphos""], [""bile_salt_export_pump"", ""gene_product_of"", ""ABCB11""], [""ABCB11"", ""acts_within"", ""Recycling_of_bile_acids_and_salts""], [""bevantolol"", ""decreases_efficacy_of"", ""isoprenaline""], [""bevantolol"", ""increases_efficacy_of"", ""gliclazide""], [""bevantolol"", ""decreases_efficacy_of"", ""abediterol""]]","[[""terbutaline"", ""decreases_efficacy_of"", ""bevantolol""], [""terbutaline"", ""decreases_efficacy_of"", ""rociverine""], [""terbutaline"", ""targets"", ""bile_salt_export_pump""], [""rociverine"", ""reduces_efficacy_of"", ""sodium_sulfate""], [""rociverine"", ""reduces_efficacy_of"", ""magnesium_glycinate""], [""rociverine"", ""reduces_efficacy_of"", ""coumaphos""], [""bile_salt_export_pump"", ""gene_product_of"", ""ABCB11""], [""ABCB11"", ""acts_within"", ""Recycling_of_bile_acids_and_salts""], [""bevantolol"", ""decreases_efficacy_of"", ""isoprenaline""], [""bevantolol"", ""increases_efficacy_of"", ""gliclazide""], [""bevantolol"", ""reduces_efficacy_of"", ""abediterol""]]",1.0,0.9999998807907104,1.0,1.0,1.0,0.9983219794847876,0.998489781536309,0.9986575835878302,0.9988253856393514,0.9989931876908726,0.999160989742394,0.9993287917939152,0.9994965938454364,0.9996643958969575,0.9998321979484788,1.0,0.9966240179161404,0.9900896484032434,1,node_replacement
347,"The drug hydroflumethiazide increases the activity of the nephrotoxic activities. It also decreases the efficacy of sulfinpyrazone and tirzepatide.

Magnesium acetate decreases the efficacy of levacetylmethadol, seletracetam, and agmatine.

Seletracetam has an effect on hypoglycemia. It decreases the efficacy of plantago seed and sodium tartrate.

Manidipine targets the voltage-dependent t-type calcium channel. It increases the efficacy of hydroflumethiazide and decreases the efficacy of magnesium acetate.","The drug hydroflumethiazide increases the activity of the nephrotoxic activities, but it decreases the efficacy of sulfinpyrazone and tirzepatide. Additionally, magnesium acetate decreases the efficacy of levacetylmethadol, seletracetam, and agmatine. Seletracetam has the effect of hypoglycemia and decreases the efficacy of plantago seed and sodium tartrate. Manidipine targets the voltage-dependent T-type calcium channel and increases the efficacy of hydroflumethiazide, while decreasing the efficacy of magnesium acetate.","[[""hydroflumethiazide"", ""increases"", ""nephrotoxic_activities""], [""hydroflumethiazide"", ""decreases"", ""sulfinpyrazone""], [""hydroflumethiazide"", ""decreases"", ""tirzepatide""], [""magnesium_acetate"", ""decreases"", ""levacetylmethadol""], [""magnesium_acetate"", ""decreases"", ""seletracetam""], [""magnesium_acetate"", ""decreases"", ""agmatine""], [""seletracetam"", ""has_effect_on"", ""hypoglycemia""], [""seletracetam"", ""decreases"", ""plantago_seed""], [""seletracetam"", ""decreases"", ""sodium_tartrate""], [""manidipine"", ""targets"", ""voltage-dependent_t-type_calcium_channel""], [""manidipine"", ""increases"", ""hydroflumethiazide""], [""manidipine"", ""decreases"", ""magnesium_acetate""]]","[[""hydroflumethiazide"", ""increases"", ""nephrotoxic_activities""], [""hydroflumethiazide"", ""decreases"", ""sulfinpyrazone""], [""hydroflumethiazide"", ""decreases"", ""tirzepatide""], [""magnesium_acetate"", ""decreases"", ""levacetylmethadol""], [""magnesium_acetate"", ""decreases"", ""seletracetam""], [""magnesium_acetate"", ""decreases"", ""agmatine""], [""seletracetam"", ""has_effect_on"", ""hypoglycemia""], [""seletracetam"", ""decreases"", ""plantago_seed""], [""seletracetam"", ""decreases"", ""sodium_tartrate""], [""manidipine"", ""targets"", ""voltage-dependent_T-type_calcium_channel""], [""manidipine"", ""increases"", ""hydroflumethiazide""], [""manidipine"", ""decreases"", ""magnesium_acetate""]]",1.0,1.0,1.0,1.0,1.0,1.0,1.0,1.0,1.0,1.0,1.0,1.0,1.0,1.0,1.0,1.0,0.9999999854809198,0.9999999852505312,1,edge_replacement
348,"Pegaptanib can decrease the efficacy of certolizumab pegol and has side effects such as immune system disorder and pleural effusion.

Peginterferon beta-1a targets the interferon alpha/beta receptor 1 and can decrease the efficacy of both pegaptanib and anthrax immune globulin human.

Anthrax immune globulin human decreases the efficacy of vincristine, temsirolimus, and ibrutinib.

Vincristine affects microrna 411 and is indicated for treating melanoma, but can also cause mental disorders.","Pegaptanib decreases the efficacy of certolizumab pegol and has side effects that include immune system disorder and pleural effusion. Peginterferon beta-1a targets the interferon alpha/beta receptor 1. It also reduces the efficacy of pegaptanib and anthrax immune globulin human. Anthrax immune globulin human decreases the efficacy of vincristine, temsirolimus, and ibrutinib. Vincristine affects microrna 411, is indicated for melanoma, and has side effects including mental disorder.","[[""Pegaptanib"", ""decreases_efficacy_of"", ""Certolizumab_Pegol""], [""Pegaptanib"", ""has_side_effect"", ""Immune_System_Disorder""], [""Pegaptanib"", ""has_side_effect"", ""Pleural_Effusion""], [""Peginterferon_Beta-1a"", ""targets"", ""Interferon_Alpha/Beta_Receptor_1""], [""Peginterferon_Beta-1a"", ""decreases_efficacy_of"", ""Pegaptanib""], [""Peginterferon_Beta-1a"", ""decreases_efficacy_of"", ""Anthrax_Immune_Globulin_Human""], [""Anthrax_Immune_Globulin_Human"", ""decreases_efficacy_of"", ""Vincristine""], [""Anthrax_Immune_Globulin_Human"", ""decreases_efficacy_of"", ""Temsirolimus""], [""Anthrax_Immune_Globulin_Human"", ""decreases_efficacy_of"", ""Ibrutinib""], [""Vincristine"", ""affects"", ""Microrna_411""], [""Vincristine"", ""indicated_for"", ""Melanoma""], [""Vincristine"", ""has_side_effect"", ""Mental_Disorders""]]","[[""Pegaptanib"", ""decreases_efficacy_of"", ""Certolizumab_Pegol""], [""Pegaptanib"", ""has_side_effect"", ""Immune_System_Disorder""], [""Pegaptanib"", ""has_side_effect"", ""Pleural_Effusion""], [""Peginterferon_Beta-1a"", ""targets"", ""Interferon_Alpha/Beta_Receptor_1""], [""Peginterferon_Beta-1a"", ""reduces_efficacy_of"", ""Pegaptanib""], [""Peginterferon_Beta-1a"", ""reduces_efficacy_of"", ""Anthrax_Immune_Globulin_Human""], [""Anthrax_Immune_Globulin_Human"", ""decreases_efficacy_of"", ""Vincristine""], [""Anthrax_Immune_Globulin_Human"", ""decreases_efficacy_of"", ""Temsirolimus""], [""Anthrax_Immune_Globulin_Human"", ""decreases_efficacy_of"", ""Ibrutinib""], [""Vincristine"", ""affects"", ""Microrna_411""], [""Vincristine"", ""indicated_for"", ""Melanoma""], [""Vincristine"", ""has_side_effect"", ""Mental_Disorder""]]",1.0,0.940317451953888,0.9699764251708984,0.7435897435897436,1.0,0.9996277671462452,0.9996649904316206,0.9997022137169962,0.9997394370023716,0.999776660287747,0.9998138835731224,0.999851106858498,0.9998883301438736,0.999925553429249,0.9999627767146244,1.0,0.997496063800344,0.9974760491068254,1,edge_deletion
349,"The drug Prednisone decreases the efficacy of Sulpiride, Paraoxon, and affects the pathway of Rap Guanine Nucleotide Exchange Factor 5. Asenapine decreases the efficacy of Bambuterol, and has side effects including Neuroleptic Malignant Syndrome and Thrombocytopenia. Pirenzepine decreases the efficacy of Memantine and Plecanatide. Bambuterol decreases the efficacy of Tramadol, Prednisone, and Pirenzepine.","Prednisone decreases the efficacy of sulpiride, paraoxon, and affects RAP guanine nucleotide exchange factor 5. Asenapine is associated with side effects such as neuroleptic malignant syndrome and thrombocytopenia. Pirenzepine decreases the efficacy of memantine and plecanatide. Bambuterol decreases the efficacy of tramadol and pirenzepine.","[[""Prednisone"", ""decreases_efficacy_of"", ""Sulpiride""], [""Prednisone"", ""decreases_efficacy_of"", ""Paraoxon""], [""Prednisone"", ""affects_pathway_of"", ""Rap_Guanine_Nucleotide_Exchange_Factor_5""], [""Asenapine"", ""decreases_efficacy_of"", ""Bambuterol""], [""Asenapine"", ""has_side_effect"", ""Neuroleptic_Malignant_Syndrome""], [""Asenapine"", ""has_side_effect"", ""Thrombocytopenia""], [""Pirenzepine"", ""decreases_efficacy_of"", ""Memantine""], [""Pirenzepine"", ""decreases_efficacy_of"", ""Plecanatide""], [""Bambuterol"", ""decreases_efficacy_of"", ""Tramadol""], [""Bambuterol"", ""decreases_efficacy_of"", ""Prednisone""], [""Bambuterol"", ""decreases_efficacy_of"", ""Pirenzepine""]]","[[""Prednisone"", ""decreases_efficacy_of"", ""Sulpiride""], [""Prednisone"", ""decreases_efficacy_of"", ""Paraoxon""], [""Prednisone"", ""affects"", ""RAP_guanine_nucleotide_exchange_factor_5""], [""Asenapine"", ""associated_with"", ""Neuroleptic_Malignant_Syndrome""], [""Asenapine"", ""associated_with"", ""Thrombocytopenia""], [""Pirenzepine"", ""decreases_efficacy_of"", ""Memantine""], [""Pirenzepine"", ""decreases_efficacy_of"", ""Plecanatide""], [""Bambuterol"", ""decreases_efficacy_of"", ""Tramadol""], [""Bambuterol"", ""decreases_efficacy_of"", ""Pirenzepine""]]",0.8611111111111112,1.0,1.0,0.7222222222222222,0.8611111111111112,0.9865010902680412,0.9739620923523482,0.9614230944366552,0.9488840965209622,0.9363450986052692,0.923806100689576,0.9112671027738832,0.8987281048581901,0.8861891069424972,0.8736501090268041,0.8611111111111112,0.9537753107922756,0.9713030937218436,0,edge_deletion
350,"The drug methimazole increases the activity of the myelosuppressive activities and has a side effect of causing Lupus-like syndrome. Additionally, methimazole decreases the efficacy of foretinib. Foretinib, in turn, decreases the efficacy of both liothyronine and elcatonin.","The medication methimazole increases the activity of the myelosuppressive activities, while decreasing the efficacy of foretinib. Methimazole also has a side effect of causing Lupus-like syndrome. In addition, foretinib decreases the efficacy of liothyronine and elcatonin.","[[""methimazole"", ""increases"", ""myelosuppressive_activities""], [""methimazole"", ""has_side_effect"", ""Lupus-like_syndrome""], [""methimazole"", ""decreases"", ""foretinib""], [""foretinib"", ""decreases"", ""liothyronine""], [""foretinib"", ""decreases"", ""elcatonin""]]","[[""methimazole"", ""increases"", ""myelosuppressive_activities""], [""methimazole"", ""decreases"", ""foretinib""], [""methimazole"", ""has_side_effect"", ""Lupus-like_syndrome""], [""foretinib"", ""decreases"", ""liothyronine""], [""foretinib"", ""decreases"", ""elcatonin""]]",1.0,0.9999999403953552,1.0,1.0,1.0,0.9999999277033936,0.9999999349330544,0.999999942162715,0.9999999493923756,0.9999999566220362,0.9999999638516968,0.9999999710813574,0.999999978311018,0.9999999855406788,0.9999999927703394,1.0,1.0,0.9999999875924712,1,edge_replacement
351,"The drug ceritinib decreases the excretion rate, has an effect of methemoglobinemia, and decreases the efficacy of lixisenatide. Drospirenone targets the androgen receptor, has an effect of hyperkalemia, and decreases the efficacy of metampicillin. Guar gum decreases the efficacy of drospirenone, triptorelin, and ceritinib.","The drug ceritinib has the effect of causing methemoglobinemia, decreases the efficacy of lixisenatide, and increases the activity of the excretion rate. Drospirenone targets the androgen receptor, leads to hyperkalemia as an effect, and decreases the efficacy of metampicillin. Guar gum decreases the efficacy of drospirenone, triptorelin, and ceritinib.","[[""ceritinib"", ""decreases"", ""excretion_rate""], [""ceritinib"", ""has_effect"", ""methemoglobinemia""], [""ceritinib"", ""decreases_efficacy_of"", ""lixisenatide""], [""drospirenone"", ""targets"", ""androgen_receptor""], [""drospirenone"", ""has_effect"", ""hyperkalemia""], [""drospirenone"", ""decreases_efficacy_of"", ""metampicillin""], [""guar_gum"", ""decreases_efficacy_of"", ""drospirenone""], [""guar_gum"", ""decreases_efficacy_of"", ""triptorelin""], [""guar_gum"", ""decreases_efficacy_of"", ""ceritinib""]]","[[""ceritinib"", ""has_effect"", ""methemoglobinemia""], [""ceritinib"", ""decreases_efficacy_of"", ""lixisenatide""], [""ceritinib"", ""increases"", ""excretion_rate""], [""drospirenone"", ""targets"", ""androgen_receptor""], [""drospirenone"", ""leads_to"", ""hyperkalemia""], [""drospirenone"", ""decreases_efficacy_of"", ""metampicillin""], [""guar_gum"", ""decreases_efficacy_of"", ""drospirenone""], [""guar_gum"", ""decreases_efficacy_of"", ""triptorelin""], [""guar_gum"", ""decreases_efficacy_of"", ""ceritinib""]]",1.0,1.0,1.0,1.0,1.0,0.9976835108596004,0.9979151597736404,0.9981468086876804,0.9983784576017204,0.9986101065157602,0.9988417554298,0.9990734043438402,0.99930505325788,0.99953670217192,0.99976835108596,1.0,0.9772771593358756,0.9938129403229188,0,edge_replacement
352,"The drug Desirudin can decrease the efficacy of Cyclothiazide. Factor IX complex (human) can decrease the efficacy of Dabigatran etexilate, Parnaparin, and Desirudin. Azathioprine is affecting ATP binding cassette subfamily C member 1 and has side effects such as Neoplasm malignant and Gastrointestinal disorder. Ethyl biscoumacetate decreases the efficacy of Azathioprine, Factor IX complex (human), while increasing the efficacy of Miconazole. Miconazole increases the efficacy of Phenindione and Gallamine, and also affects Nuclear receptor subfamily 1 group I member 2.","Desirudin decreases the efficacy of cyclothiazide. Factor IX complex (human) decreases the efficacy of dabigatran etexilate, parnaparin, and desirudin. Azathioprine is affecting ATP binding cassette subfamily C member 1 and has side effects like malignant neoplasm and gastrointestinal disorder. Ethyl biscoumacetate decreases the efficacy of azathioprine and factor IX complex (human), but increases the efficacy of miconazole. Miconazole increases the efficacy of phenindione and gallamine, and is affecting nuclear receptor subfamily 1 group I member 2.","[[""Desirudin"", ""decrease_efficacy_of"", ""Cyclothiazide""], [""Factor_IX_complex_(human)"", ""decrease_efficacy_of"", ""Dabigatran_etexilate""], [""Factor_IX_complex_(human)"", ""decrease_efficacy_of"", ""Parnaparin""], [""Factor_IX_complex_(human)"", ""decrease_efficacy_of"", ""Desirudin""], [""Azathioprine"", ""affecting"", ""ATP_binding_cassette_subfamily_C_member_1""], [""Azathioprine"", ""has_side_effects"", ""Neoplasm_malignant""], [""Azathioprine"", ""has_side_effects"", ""Gastrointestinal_disorder""], [""Ethyl_biscoumacetate"", ""decrease_efficacy_of"", ""Azathioprine""], [""Ethyl_biscoumacetate"", ""decrease_efficacy_of"", ""Factor_IX_complex_(human)""], [""Ethyl_biscoumacetate"", ""increase_efficacy_of"", ""Miconazole""], [""Miconazole"", ""increase_efficacy_of"", ""Phenindione""], [""Miconazole"", ""increase_efficacy_of"", ""Gallamine""], [""Miconazole"", ""affecting"", ""Nuclear_receptor_subfamily_1_group_I_member_2""]]","[[""Desirudin"", ""decrease_efficacy_of"", ""cyclothiazide""], [""Factor_IX_complex_(human)"", ""decrease_efficacy_of"", ""dabigatran_etexilate""], [""Factor_IX_complex_(human)"", ""decrease_efficacy_of"", ""parnaparin""], [""Factor_IX_complex_(human)"", ""decrease_efficacy_of"", ""desirudin""], [""Azathioprine"", ""affecting"", ""ATP_binding_cassette_subfamily_C_member_1""], [""Azathioprine"", ""has_side_effects"", ""malignant_neoplasm""], [""Azathioprine"", ""has_side_effects"", ""gastrointestinal_disorder""], [""Ethyl_biscoumacetate"", ""decrease_efficacy_of"", ""azathioprine""], [""Ethyl_biscoumacetate"", ""decrease_efficacy_of"", ""factor_IX_complex_(human)""], [""Ethyl_biscoumacetate"", ""increase_efficacy_of"", ""miconazole""], [""Miconazole"", ""increase_efficacy_of"", ""phenindione""], [""Miconazole"", ""increase_efficacy_of"", ""gallamine""], [""Miconazole"", ""affecting"", ""nuclear_receptor_subfamily_1_group_I_member_2""]]",1.0,0.614162802696228,0.8897291421890259,0.8690476190476191,1.0,0.9999433278244436,0.9999489950419992,0.999954662259555,0.9999603294771108,0.9999659966946662,0.9999716639122218,0.9999773311297776,0.9999829983473332,0.9999886655648887,0.9999943327824444,1.0,0.9993349870764984,0.8250659709530139,1,edge_deletion
353,"Lobeline reduces the efficacy of capreomycin and neamine, while it targets arachidonate 15-lipoxygenase. Neamine reduces the efficacy of pilocarpine, tazobactam, and epibatidine. Capreomycin increases the efficacy of pipecuronium but has side effects including hypersensitivity and increased body temperature. Epibatidine targets neuronal acetylcholine receptor subunit alpha-3 and histone-lysine n-methyltransferase. Furthermore, arachidonate 15-lipoxygenase is a gene product of ALOX15 and ALOX15B.","Lobeline targets arachidonate 15-lipoxygenase. Neamine decreases the efficacy of pilocarpine, tazobactam, and epibatidine. Capreomycin increases the efficacy of pipecuronium and has side effects such as hypersensitivity and increased body temperature. Epibatidine targets neuronal acetylcholine receptor subunit alpha-3 and histone-lysine n-methyltransferase. Arachidonate 15-lipoxygenase is a gene product of ALOX15 and ALOX15B.","[[""Lobeline"", ""reduces_efficacy_of"", ""Capreomycin""], [""Lobeline"", ""reduces_efficacy_of"", ""Neamine""], [""Lobeline"", ""targets"", ""Arachidonate_15-lipoxygenase""], [""Neamine"", ""reduces_efficacy_of"", ""Pilocarpine""], [""Neamine"", ""reduces_efficacy_of"", ""Tazobactam""], [""Neamine"", ""reduces_efficacy_of"", ""Epibatidine""], [""Capreomycin"", ""increases_efficacy_of"", ""Pipecuronium""], [""Capreomycin"", ""has_side_effect"", ""Hypersensitivity""], [""Capreomycin"", ""has_side_effect"", ""Increased_body_temperature""], [""Epibatidine"", ""targets"", ""Neuronal_acetylcholine_receptor_subunit_alpha-3""], [""Epibatidine"", ""targets"", ""Histone-lysine_n-methyltransferase""], [""Arachidonate_15-lipoxygenase"", ""is_gene_product_of"", ""ALOX15""], [""Arachidonate_15-lipoxygenase"", ""is_gene_product_of"", ""ALOX15B""]]","[[""Lobeline"", ""targets"", ""Arachidonate_15-lipoxygenase""], [""Neamine"", ""decreases_efficacy_of"", ""Pilocarpine""], [""Neamine"", ""decreases_efficacy_of"", ""Tazobactam""], [""Neamine"", ""decreases_efficacy_of"", ""Epibatidine""], [""Capreomycin"", ""increases_efficacy_of"", ""Pipecuronium""], [""Capreomycin"", ""has_side_effect"", ""Hypersensitivity""], [""Capreomycin"", ""has_side_effect"", ""Increased_body_temperature""], [""Epibatidine"", ""targets"", ""Neuronal_acetylcholine_receptor_subunit_alpha-3""], [""Epibatidine"", ""targets"", ""Histone-lysine_n-methyltransferase""], [""Arachidonate_15-lipoxygenase"", ""is_gene_product_of"", ""ALOX15""], [""Arachidonate_15-lipoxygenase"", ""is_gene_product_of"", ""ALOX15B""]]",0.935897435897436,1.0,1.0,0.9404761904761904,0.9404761904761904,0.988015137401279,0.98326124270877,0.9785073480162614,0.9737534533237524,0.9689995586312437,0.9642456639387348,0.959491769246226,0.9547378745537172,0.9499839798612082,0.9452300851686992,0.9404761904761904,0.984881016084732,0.9693019368902894,0,edge_deletion
354,"Alprenolol increases efficacy of liraglutide and allicin, but decreases efficacy of levonordefrin. In contrast, guanadrel decreases efficacy of oxyphenbutazone, mephedrone, and fentiazac. Additionally, 4-bromo-2,5-dimethoxyphenethylamine decreases efficacy of guanadrel, alprenolol, and aripiprazole.","Alprenolol increases the efficacy of liraglutide and allicin, but decreases the efficacy of levonordefrin. Additionally, 4-bromo-2,5-dimethoxyphenethylamine decreases the efficacy of guanadrel, alprenolol, and aripiprazole. Guanadrel decreases the efficacy of oxyphenbutazone, mephedrone, and fentiazac.","[[""Alprenolol"", ""increases_efficacy_of"", ""liraglutide""], [""Alprenolol"", ""increases_efficacy_of"", ""allicin""], [""Alprenolol"", ""decreases_efficacy_of"", ""levonordefrin""], [""Guanadrel"", ""decreases_efficacy_of"", ""oxyphenbutazone""], [""Guanadrel"", ""decreases_efficacy_of"", ""mephedrone""], [""Guanadrel"", ""decreases_efficacy_of"", ""fentiazac""], [""4-bromo-2,5-dimethoxyphenethylamine"", ""decreases_efficacy_of"", ""guanadrel""], [""4-bromo-2,5-dimethoxyphenethylamine"", ""decreases_efficacy_of"", ""alprenolol""], [""4-bromo-2,5-dimethoxyphenethylamine"", ""decreases_efficacy_of"", ""aripiprazole""]]","[[""Alprenolol"", ""increases_efficacy_of"", ""liraglutide""], [""Alprenolol"", ""increases_efficacy_of"", ""allicin""], [""Alprenolol"", ""decreases_efficacy_of"", ""levonordefrin""], [""4-bromo-2,5-dimethoxyphenethylamine"", ""decreases_efficacy_of"", ""guanadrel""], [""4-bromo-2,5-dimethoxyphenethylamine"", ""decreases_efficacy_of"", ""alprenolol""], [""4-bromo-2,5-dimethoxyphenethylamine"", ""decreases_efficacy_of"", ""aripiprazole""], [""Guanadrel"", ""decreases_efficacy_of"", ""oxyphenbutazone""], [""Guanadrel"", ""decreases_efficacy_of"", ""mephedrone""], [""Guanadrel"", ""decreases_efficacy_of"", ""fentiazac""]]",1.0,1.0,0.9999998807907104,0.7666666666666667,1.0,0.9999999984312874,0.9999999985881588,0.99999999874503,0.999999998901901,0.9999999990587723,0.9999999992156436,0.9999999993725148,0.9999999995293862,0.9999999996862574,0.9999999998431288,1.0,0.999999986688296,0.9999999909523152,1,edge_deletion
355,"The drug macitentan increases the efficacy of methyclothiazide but decreases the efficacy of lornoxicam and ns-398. Sodium fluorophosphate decreases the efficacy of butabarbital and dihydroetorphine. Propyphenazone decreases the efficacy of felodipine, ambrisentan, and macitentan. Ambrisentan has side effects such as shock, decreased sperm concentration, and insomnia. Felodipine decreases the efficacy of meclofenamic acid and sodium fluorophosphate and has a side effect of swelling.","The drug macitentan can increase the efficacy of methyclothiazide, but it decreases the efficacy of lornoxicam and ns-398. Sodium fluorophosphate decreases the efficacy of butabarbital and dihydroetorphine. Propyphenazone decreases the efficacy of felodipine, ambrisentan, and macitentan. Ambrisentan has side effects such as shock, decreased sperm concentration, and insomnia. Felodipine reduces the efficacy of meclofenamic acid and sodium fluorophosphate, while also causing swelling as a side effect.","[[""macitentan"", ""increases_efficacy_of"", ""methyclothiazide""], [""macitentan"", ""decreases_efficacy_of"", ""lornoxicam""], [""macitentan"", ""decreases_efficacy_of"", ""ns-398""], [""sodium_fluorophosphate"", ""decreases_efficacy_of"", ""butabarbital""], [""sodium_fluorophosphate"", ""decreases_efficacy_of"", ""dihydroetorphine""], [""propyphenazone"", ""decreases_efficacy_of"", ""felodipine""], [""propyphenazone"", ""decreases_efficacy_of"", ""ambrisentan""], [""propyphenazone"", ""decreases_efficacy_of"", ""macitentan""], [""ambrisentan"", ""has_side_effect"", ""shock""], [""ambrisentan"", ""has_side_effect"", ""decreased_sperm_concentration""], [""ambrisentan"", ""has_side_effect"", ""insomnia""], [""felodipine"", ""decreases_efficacy_of"", ""meclofenamic_acid""], [""felodipine"", ""decreases_efficacy_of"", ""sodium_fluorophosphate""], [""felodipine"", ""has_side_effect"", ""swelling""]]","[[""macitentan"", ""increases_efficacy_of"", ""methyclothiazide""], [""macitentan"", ""decreases_efficacy_of"", ""lornoxicam""], [""macitentan"", ""decreases_efficacy_of"", ""ns-398""], [""sodium_fluorophosphate"", ""decreases_efficacy_of"", ""butabarbital""], [""sodium_fluorophosphate"", ""decreases_efficacy_of"", ""dihydroetorphine""], [""propyphenazone"", ""decreases_efficacy_of"", ""felodipine""], [""propyphenazone"", ""decreases_efficacy_of"", ""ambrisentan""], [""propyphenazone"", ""decreases_efficacy_of"", ""macitentan""], [""ambrisentan"", ""has_side_effect"", ""shock""], [""ambrisentan"", ""has_side_effect"", ""decreased_sperm_concentration""], [""ambrisentan"", ""has_side_effect"", ""insomnia""], [""felodipine"", ""reduces_efficacy_of"", ""meclofenamic_acid""], [""felodipine"", ""reduces_efficacy_of"", ""sodium_fluorophosphate""], [""felodipine"", ""has_side_effect"", ""swelling""]]",1.0,1.0,1.0,1.0,1.0,0.9998051617129105,0.9998246455416192,0.9998441293703284,0.9998636131990372,0.9998830970277462,0.9999025808564552,0.999922064685164,0.9999415485138732,0.999961032342582,0.999980516171291,1.0,0.9987590393133612,0.9975572069539442,1,node_removal
356,"The drug GTS-21 has the neuronal acetylcholine receptor subunit alpha-7 as its target. GTS-21 decreases the efficacy of paromomycin and puromycin. The drug Alcuronium decreases the efficacy of galantamine but increases the efficacy of metronidazole. Additionally, Alcuronium decreases the efficacy of sodium sulfate. Puromycin decreases the efficacy of methacholine, but increases the efficacy of letibotulinumtoxina. It also targets the solute carrier family 2. The neuronal acetylcholine receptor subunit alpha-7 is the gene product of both CHRNA7 and CHRFAM7A. Paromomycin decreases the efficacy of heparin and enoxaparin while increasing the efficacy of Alcuronium. Enoxaparin has the side effect of causing anaemia.","Falcarindiol targets the neuronal acetylcholine receptor subunit alpha-7 and decreases the efficacy of paromomycin and puromycin. Alcuronium decreases the efficacy of galantamine and sodium sulfate, but increases the efficacy of trimetrexate. Puromycin decreases the efficacy of methacholine, but increases the efficacy of letibotulinumtoxina and targets the neutral amino acid transporter b(0). The neuronal acetylcholine receptor subunit alpha-7 is a gene product of CHRNA7 and CHRFAM7A. Paromomycin decreases the efficacy of heparin and enoxaparin, but increases the efficacy of alcuronium. Enoxaparin has a side effect of anaemia.","[[""GTS-21"", ""targets"", ""neuronal_acetylcholine_receptor_subunit_alpha-7""], [""GTS-21"", ""decreases_efficacy_of"", ""paromomycin""], [""GTS-21"", ""decreases_efficacy_of"", ""puromycin""], [""Alcuronium"", ""decreases_efficacy_of"", ""galantamine""], [""Alcuronium"", ""increases_efficacy_of"", ""metronidazole""], [""Alcuronium"", ""decreases_efficacy_of"", ""sodium_sulfate""], [""Puromycin"", ""decreases_efficacy_of"", ""methacholine""], [""Puromycin"", ""increases_efficacy_of"", ""letibotulinumtoxina""], [""Puromycin"", ""targets"", ""solute_carrier_family_2""], [""neuronal_acetylcholine_receptor_subunit_alpha-7"", ""gene_product_of"", ""CHRNA7""], [""neuronal_acetylcholine_receptor_subunit_alpha-7"", ""gene_product_of"", ""CHRFAM7A""], [""Paromomycin"", ""decreases_efficacy_of"", ""heparin""], [""Paromomycin"", ""decreases_efficacy_of"", ""enoxaparin""], [""Paromomycin"", ""increases_efficacy_of"", ""Alcuronium""], [""Enoxaparin"", ""has_side_effect"", ""anaemia""]]",[],,,,,,,,,,,,,,,,,,,0,node_replacement
357,"Thrombocytopenia is associated with various phenotypes including petechiae, bruising susceptibility, and poikilocytosis. Serpin family C member 1 is known to cause conditions such as carcinoma and thrombocytopenia. Avatrombopag targets the thrombopoietin receptor and affects proteins such as protein S and serpin family C member 1. The thrombopoietin receptor is a gene product of MPL which plays a role in causing conditions like amegakaryocytic thrombocytopenia and primary myelofibrosis, as well as acting within the Platelet Aggregation (Plug Formation) pathway. Additionally, primary myelofibrosis is characterized by a phenotype of anorexia.","Thrombocytopenia presents with phenotypes including petechiae, bruising susceptibility, and poikilocytosis. Serpin family C member 1 is associated with causing conditions such as carcinoma and thrombocytopenia. Avatrombopag targets the thrombopoietin receptor and affects protein S and serpin family C member 1. The thrombopoietin receptor is a gene product of MPL, which is known to cause conditions like amegakaryocytic thrombocytopenia and primary myelofibrosis. MPL also plays a role in the Platelet Aggregation (Plug Formation) pathway. Additionally, primary myelofibrosis is associated with phenotypes such as anorexia.","[[""Thrombocytopenia"", ""associated_with"", ""petechiae""], [""Thrombocytopenia"", ""associated_with"", ""bruising_susceptibility""], [""Thrombocytopenia"", ""associated_with"", ""poikilocytosis""], [""Serpin_family_C_member_1"", ""causes"", ""carcinoma""], [""Serpin_family_C_member_1"", ""causes"", ""thrombocytopenia""], [""Avatrombopag"", ""targets"", ""thrombopoietin_receptor""], [""Avatrombopag"", ""affects"", ""protein_S""], [""Avatrombopag"", ""affects"", ""serpin_family_C_member_1""], [""thrombopoietin_receptor"", ""gene_product_of"", ""MPL""], [""MPL"", ""causes"", ""amegakaryocytic_thrombocytopenia""], [""MPL"", ""causes"", ""primary_myelofibrosis""], [""MPL"", ""plays_role_in"", ""Platelet_Aggregation_(Plug_Formation)_pathway""], [""primary_myelofibrosis"", ""characterized_by"", ""anorexia""]]","[[""Thrombocytopenia"", ""presents_with"", ""petechiae""], [""Thrombocytopenia"", ""presents_with"", ""bruising_susceptibility""], [""Thrombocytopenia"", ""presents_with"", ""poikilocytosis""], [""Serpin_family_C_member_1"", ""associated_with"", ""carcinoma""], [""Serpin_family_C_member_1"", ""associated_with"", ""thrombocytopenia""], [""Avatrombopag"", ""targets"", ""thrombopoietin_receptor""], [""Avatrombopag"", ""affects"", ""protein_S""], [""Avatrombopag"", ""affects"", ""serpin_family_C_member_1""], [""thrombopoietin_receptor"", ""gene_product_of"", ""MPL""], [""MPL"", ""causes"", ""amegakaryocytic_thrombocytopenia""], [""MPL"", ""causes"", ""primary_myelofibrosis""], [""MPL"", ""plays_role_in"", ""Platelet_Aggregation_(Plug_Formation)_pathway""], [""primary_myelofibrosis"", ""associated_with"", ""anorexia""]]",1.0,1.0,1.0,1.0,1.0,0.996315740657993,0.9966841665921936,0.9970525925263944,0.9974210184605948,0.9977894443947958,0.9981578703289964,0.9985262962631972,0.9988947221973978,0.9992631481315986,0.9996315740657992,1.0,0.9794344449734717,0.9687031605638092,1,node_replacement
358,"The drug nn344 decreases the efficacy of esterified estrogens and benzylthiouracil. Additionally, fluocinonide decreases the efficacy of paricalcitol, elocalcitol, and macimorelin. Furthermore, fluocortolone decreases the efficacy of pev3a, pertussis vaccine, and previtamin d(3). On the other hand, somatotropin decreases the efficacy of fluocinonide, nn344, and fluocortolone.","The drug nn344 decreases the efficacy of esterified estrogens and benzylthiouracil. Additionally, fluocinonide decreases the efficacy of paricalcitol, elocalcitol, and macimorelin. Furthermore, fluocortolone decreases the efficacy of pev3a, pertussis vaccine, and previtamin d(3). In contrast, somatotropin decreases the efficacy of fluocinonide, nn344, and fluocortolone.","[[""nn344"", ""decreases_efficacy_of"", ""esterified_estrogens""], [""nn344"", ""decreases_efficacy_of"", ""benzylthiouracil""], [""fluocinonide"", ""decreases_efficacy_of"", ""paricalcitol""], [""fluocinonide"", ""decreases_efficacy_of"", ""elocalcitol""], [""fluocinonide"", ""decreases_efficacy_of"", ""macimorelin""], [""fluocortolone"", ""decreases_efficacy_of"", ""pev3a""], [""fluocortolone"", ""decreases_efficacy_of"", ""pertussis_vaccine""], [""fluocortolone"", ""decreases_efficacy_of"", ""previtamin_d(3)""], [""somatotropin"", ""decreases_efficacy_of"", ""fluocinonide""], [""somatotropin"", ""decreases_efficacy_of"", ""nn344""], [""somatotropin"", ""decreases_efficacy_of"", ""fluocortolone""]]","[[""nn344"", ""decreases_efficacy_of"", ""esterified_estrogens""], [""nn344"", ""decreases_efficacy_of"", ""benzylthiouracil""], [""fluocinonide"", ""decreases_efficacy_of"", ""paricalcitol""], [""fluocinonide"", ""decreases_efficacy_of"", ""elocalcitol""], [""fluocinonide"", ""decreases_efficacy_of"", ""macimorelin""], [""fluocortolone"", ""decreases_efficacy_of"", ""pev3a""], [""fluocortolone"", ""decreases_efficacy_of"", ""pertussis_vaccine""], [""fluocortolone"", ""decreases_efficacy_of"", ""previtamin_d(3)""], [""somatotropin"", ""decreases_efficacy_of"", ""fluocinonide""], [""somatotropin"", ""decreases_efficacy_of"", ""nn344""], [""somatotropin"", ""decreases_efficacy_of"", ""fluocortolone""]]",1.0,0.9999999403953552,1.0,1.0,1.0,0.9999999981049558,0.9999999982944602,0.9999999984839648,0.9999999986734688,0.9999999988629734,0.999999999052478,0.9999999992419824,0.9999999994314868,0.9999999996209912,0.9999999998104956,1.0,0.9999999895691852,0.9999999888851904,1,edge_deletion
359,"The drug dexpramipexole decreases the efficacy of trifluoperazine, periciazine, and lumateperone. Periciazine, in turn, reduces the efficacy of insulin degludec and medetomidine while also causing the side effect of menorrhagia. Lumateperone targets the 5-hydroxytryptamine receptor 2a and decreases the efficacy of quinagolide. Trifluoperazine reduces the efficacy of dihydroergocryptine, is indicated for neurotic disorders, and has the side effect of increased body temperature.","The drug Dexpramipexole decreases the efficacy of multiple drugs including Trifluoperazine, Periciazine and Lumateperone. Periciazine, in turn, decreases the efficacy of insulin degludec and medetomidine while also causing side effects such as Menorrhagia. Lumateperone targets the 5-hydroxytryptamine receptor 2a and decreases the efficacy of quinagolide. Trifluoperazine decreases the efficacy of dihydroergocryptine, has an indication for neurotic disorders, and can cause side effects such as increased body temperature.","[[""dexpramipexole"", ""decreases_efficacy_of"", ""trifluoperazine""], [""dexpramipexole"", ""decreases_efficacy_of"", ""periciazine""], [""dexpramipexole"", ""decreases_efficacy_of"", ""lumateperone""], [""periciazine"", ""decreases_efficacy_of"", ""insulin_degludec""], [""periciazine"", ""decreases_efficacy_of"", ""medetomidine""], [""periciazine"", ""causes"", ""menorrhagia""], [""lumateperone"", ""targets"", ""5-hydroxytryptamine_receptor_2a""], [""lumateperone"", ""decreases_efficacy_of"", ""quinagolide""], [""trifluoperazine"", ""decreases_efficacy_of"", ""dihydroergocryptine""], [""trifluoperazine"", ""indicated_for"", ""neurotic_disorders""], [""trifluoperazine"", ""causes"", ""increased_body_temperature""]]","[[""Dexpramipexole"", ""decreases_efficacy_of"", ""Trifluoperazine""], [""Dexpramipexole"", ""decreases_efficacy_of"", ""Periciazine""], [""Dexpramipexole"", ""decreases_efficacy_of"", ""Lumateperone""], [""Periciazine"", ""decreases_efficacy_of"", ""insulin_degludec""], [""Periciazine"", ""decreases_efficacy_of"", ""medetomidine""], [""Periciazine"", ""causes"", ""Menorrhagia""], [""Lumateperone"", ""targets"", ""5-hydroxytryptamine_receptor_2a""], [""Lumateperone"", ""decreases_efficacy_of"", ""quinagolide""], [""Trifluoperazine"", ""decreases_efficacy_of"", ""dihydroergocryptine""], [""Trifluoperazine"", ""indicated_for"", ""neurotic_disorders""], [""Trifluoperazine"", ""causes"", ""increased_body_temperature""]]",1.0,1.0,1.0,1.0,1.0,0.999999998147623,0.9999999983328608,0.9999999985180984,0.999999998703336,0.9999999988885738,0.9999999990738117,0.9999999992590493,0.999999999444287,0.9999999996295246,0.9999999998147624,1.0,1.0,0.9999999858373196,1,edge_deletion
360,The drug methenamine decreases the efficacy of hydrotalcite and calcium silicate. It also has an indication for nervous system disorders. Calcium silicate decreases the efficacy of magnesium oxide and sodium sulfate. Rabeprazole decreases the efficacy of tolevamer and methenamine. It is used as a substance that treats peptic ulcer. Tolevamer decreases the efficacy of omeprazole and has side effects such as Faecalith and Hypocalcaemia.,"The drug methenamine decreases efficacy of hydrotalcite and calcium silicate. It is indicated for nervous system disorders. Calcium silicate, in turn, decreases efficacy of magnesium oxide and sodium sulfate. Rabeprazole decreases efficacy of tolevamer and methenamine, and is a substance that treats peptic ulcers. Tolevamer decreases efficacy of omeprazole and has side effects such as Faecalith and Hypocalcaemia.","[[""methenamine"", ""decreases_efficacy_of"", ""hydrotalcite""], [""methenamine"", ""decreases_efficacy_of"", ""calcium_silicate""], [""methenamine"", ""indication_for"", ""nervous_system_disorders""], [""calcium_silicate"", ""decreases_efficacy_of"", ""magnesium_oxide""], [""calcium_silicate"", ""decreases_efficacy_of"", ""sodium_sulfate""], [""rabeprazole"", ""decreases_efficacy_of"", ""tolevamer""], [""rabeprazole"", ""decreases_efficacy_of"", ""methenamine""], [""rabeprazole"", ""treats"", ""peptic_ulcer""], [""tolevamer"", ""decreases_efficacy_of"", ""omeprazole""], [""tolevamer"", ""has_side_effects"", ""Faecalith""], [""tolevamer"", ""has_side_effects"", ""Hypocalcaemia""]]","[[""methenamine"", ""decreases_efficacy_of"", ""hydrotalcite""], [""methenamine"", ""decreases_efficacy_of"", ""calcium_silicate""], [""methenamine"", ""indicated_for"", ""nervous_system_disorders""], [""calcium_silicate"", ""decreases_efficacy_of"", ""magnesium_oxide""], [""calcium_silicate"", ""decreases_efficacy_of"", ""sodium_sulfate""], [""rabeprazole"", ""decreases_efficacy_of"", ""tolevamer""], [""rabeprazole"", ""decreases_efficacy_of"", ""methenamine""], [""rabeprazole"", ""treats"", ""peptic_ulcers""], [""tolevamer"", ""decreases_efficacy_of"", ""omeprazole""], [""tolevamer"", ""has_side_effects"", ""Faecalith""], [""tolevamer"", ""has_side_effects"", ""Hypocalcaemia""]]",1.0,0.9561302065849304,0.96602064371109,0.7916666666666666,1.0,0.9996069077042068,0.999646216933786,0.9996855261633656,0.9997248353929448,0.999764144622524,0.9998034538521036,0.9998427630816829,0.999882072311262,0.9999213815408414,0.9999606907704208,1.0,0.99515460029087,0.998540409518432,1,edge_deletion
361,"The drug lapatinib increases the adverse effects. Lapatinib also decreases the efficacy of follitropin and abaloparatide. Additionally, abaloparatide decreases the efficacy of indalpine.","The drug lapatinib decreases the efficacy of follitropin and abaloparatide. Additionally, it diminishes the effect of adverse effects. Abaloparatide, in turn, reduces the efficacy of indalpine.","[[""lapatinib"", ""increases"", ""adverse_effects""], [""lapatinib"", ""decreases"", ""follitropin""], [""lapatinib"", ""decreases"", ""abaloparatide""], [""abaloparatide"", ""decreases"", ""indalpine""]]","[[""lapatinib"", ""decreases"", ""follitropin""], [""lapatinib"", ""decreases"", ""abaloparatide""], [""lapatinib"", ""diminishes"", ""adverse_effects""], [""abaloparatide"", ""reduces"", ""indalpine""]]",1.0,1.0,1.0,1.0,1.0,0.985838605780216,0.9872547452021944,0.988670884624173,0.9900870240461512,0.9915031634681296,0.992919302890108,0.9943354423120864,0.9957515817340648,0.9971677211560432,0.9985838605780216,1.0,0.9591870255740712,0.9671247920307442,0,edge_replacement
362,"Inosine pranobex decreases the efficacy of adenovirus type 7 vaccine live, while yellow fever vaccine decreases the efficacy of entecavir, vedroprevir, and inosine pranobex. BCG vaccine decreases the efficacy of cefazolin, ceftibuten, and rupintrivir. Pritelivir decreases the efficacy of yellow fever vaccine, BCG vaccine, and Vibrio cholerae CVD 103-Hgr strain live antigen. Vibrio cholerae CVD 103-Hgr strain live antigen decreases the efficacy of pyrazinamide, sarecycline, and murepavadin. Additionally, entecavir has side effects including fatigue, hepatitis B, and hepatocellular carcinoma.","Inosine pranobex decreases the efficacy of the adenovirus type 7 vaccine live. Yellow fever vaccine decreases the efficacy of entecavir, vedroprevir, and inosine pranobex. BCG vaccine decreases the efficacy of cefazolin, ceftibuten, and rupintrivir. Pritelivir decreases the efficacy of yellow fever vaccine. Vibrio cholerae CVD 103-HgR strain live antigen decreases the efficacy of pyrazinamide, sarecycline, and murepavadin. Entecavir has side effects such as fatigue, hepatitis B, and hepatocellular carcinoma.","[[""Inosine_pranobex"", ""decreases_efficacy_of"", ""adenovirus_type_7_vaccine_live""], [""Yellow_fever_vaccine"", ""decreases_efficacy_of"", ""entecavir""], [""Yellow_fever_vaccine"", ""decreases_efficacy_of"", ""vedroprevir""], [""Yellow_fever_vaccine"", ""decreases_efficacy_of"", ""inosine_pranobex""], [""BCG_vaccine"", ""decreases_efficacy_of"", ""cefazolin""], [""BCG_vaccine"", ""decreases_efficacy_of"", ""ceftibuten""], [""BCG_vaccine"", ""decreases_efficacy_of"", ""rupintrivir""], [""Pritelivir"", ""decreases_efficacy_of"", ""yellow_fever_vaccine""], [""Pritelivir"", ""decreases_efficacy_of"", ""BCG_vaccine""], [""Pritelivir"", ""decreases_efficacy_of"", ""Vibrio_cholerae_CVD_103-Hgr_strain_live_antigen""], [""Vibrio_cholerae_CVD_103-Hgr_strain_live_antigen"", ""decreases_efficacy_of"", ""pyrazinamide""], [""Vibrio_cholerae_CVD_103-Hgr_strain_live_antigen"", ""decreases_efficacy_of"", ""sarecycline""], [""Vibrio_cholerae_CVD_103-Hgr_strain_live_antigen"", ""decreases_efficacy_of"", ""murepavadin""], [""Entecavir"", ""has_side_effect"", ""fatigue""], [""Entecavir"", ""has_side_effect"", ""hepatitis_B""], [""Entecavir"", ""has_side_effect"", ""hepatocellular_carcinoma""]]","[[""Inosine_pranobex"", ""decreases_efficacy_of"", ""adenovirus_type_7_vaccine_live""], [""Yellow_fever_vaccine"", ""decreases_efficacy_of"", ""entecavir""], [""Yellow_fever_vaccine"", ""decreases_efficacy_of"", ""vedroprevir""], [""Yellow_fever_vaccine"", ""decreases_efficacy_of"", ""inosine_pranobex""], [""BCG_vaccine"", ""decreases_efficacy_of"", ""cefazolin""], [""BCG_vaccine"", ""decreases_efficacy_of"", ""ceftibuten""], [""BCG_vaccine"", ""decreases_efficacy_of"", ""rupintrivir""], [""Pritelivir"", ""decreases_efficacy_of"", ""yellow_fever_vaccine""], [""Vibrio_cholerae_CVD_103-HgR_strain_live_antigen"", ""decreases_efficacy_of"", ""pyrazinamide""], [""Vibrio_cholerae_CVD_103-HgR_strain_live_antigen"", ""decreases_efficacy_of"", ""sarecycline""], [""Vibrio_cholerae_CVD_103-HgR_strain_live_antigen"", ""decreases_efficacy_of"", ""murepavadin""], [""Entecavir"", ""has_side_effect"", ""fatigue""], [""Entecavir"", ""has_side_effect"", ""hepatitis_B""], [""Entecavir"", ""has_side_effect"", ""hepatocellular_carcinoma""]]",0.8333333333333334,1.0,1.0,0.8333333333333334,0.8333333333333334,0.9943833669014308,0.9782783635446212,0.9621733601878116,0.9460683568310015,0.929963353474192,0.913858350117382,0.8977533467605724,0.8816483434037627,0.8655433400469529,0.849438336690143,0.8333333333333334,0.9923477849367924,0.9909408394177424,0,edge_deletion
363,Dicoumarol decreases the activity of the anticoagulant activities. Levothyroxine increases the efficacy of dicoumarol. Levothyroxine decreases the efficacy of bevantolol and betamethasone phosphate. 5-fluorouridine has a target in uridine phosphorylase. 5-fluorouridine decreases the efficacy of levothyroxine and liothyronine i-131. Liothyronine i-131 decreases the efficacy of fluorouracil while increasing the efficacy of fluticasone propionate and nandrolone.,"Dicoumarol increases the activity of the anticoagulant activities. Levothyroxine enhances the efficacy of dicoumarol but reduces the efficacy of bevantolol and betamethasone phosphate. Additionally, 5-fluorouridine targets uridine phosphorylase and decreases the efficacy of levothyroxine and liothyronine i-131. Liothyronine i-131 decreases the efficacy of fluorouracil but increases the efficacy of fluticasone propionate and nandrolone.","[[""Dicoumarol"", ""decreases"", ""anticoagulant_activities""], [""Levothyroxine"", ""increases"", ""Dicoumarol""], [""Levothyroxine"", ""decreases"", ""bevantolol""], [""Levothyroxine"", ""decreases"", ""betamethasone_phosphate""], [""5-fluorouridine"", ""target"", ""uridine_phosphorylase""], [""5-fluorouridine"", ""decreases"", ""Levothyroxine""], [""5-fluorouridine"", ""decreases"", ""Liothyronine_i-131""], [""Liothyronine_i-131"", ""decreases"", ""fluorouracil""], [""Liothyronine_i-131"", ""increases"", ""fluticasone_propionate""], [""Liothyronine_i-131"", ""increases"", ""nandrolone""]]","[[""Dicoumarol"", ""increases"", ""anticoagulant_activities""], [""Levothyroxine"", ""enhances"", ""Dicoumarol""], [""Levothyroxine"", ""reduces"", ""bevantolol""], [""Levothyroxine"", ""reduces"", ""betamethasone_phosphate""], [""5-fluorouridine"", ""targets"", ""uridine_phosphorylase""], [""5-fluorouridine"", ""decreases"", ""Levothyroxine""], [""5-fluorouridine"", ""decreases"", ""Liothyronine_i-131""], [""Liothyronine_i-131"", ""decreases"", ""fluorouracil""], [""Liothyronine_i-131"", ""increases"", ""fluticasone_propionate""], [""Liothyronine_i-131"", ""increases"", ""nandrolone""]]",1.0,0.9999999403953552,1.0,1.0,1.0,0.995934424290837,0.9963409818617532,0.9967475394326696,0.997154097003586,0.9975606545745022,0.9979672121454184,0.9983737697163348,0.9987803272872512,0.9991868848581674,0.9995934424290835,1.0,0.9816141862603706,0.9793588744368896,0,edge_replacement
364,"The drug cefixime decreases the efficacy of lactulose and has leukopenia as a side effect. Antithrombin alfa decreases the efficacy of cefixime, cephaloglycin, and norelgestromin. Cephaloglycin decreases the efficacy of abciximab, dipyridamole, and cangrelor. Norelgestromin decreases the efficacy of ampicillin, carbenicillin, and antithrombin iii human. Ampicillin decreases the efficacy of omadacycline and targets nci-h322m. Cefdinir decreases the efficacy of antithrombin alfa, has tonsillitis as an indication, and may result in upper gastrointestinal haemorrhage as a side effect.","The drug alpha-5-c-(1,3,4-trihydroxybutyl)hyacinthacine a1 decreases the efficacy of lactulose and has a side effect of leukopenia. Additionally, antithrombin alfa decreases the efficacy of alpha-5-c-(1,3,4-trihydroxybutyl)hyacinthacine a1, cephaloglycin, and norelgestromin. Cephaloglycin decreases the efficacy of petrotetrayndiol b, dipyridamole, and cangrelor. Norelgestromin decreases the efficacy of ampicillin, magnesium oxide, and arbaclofen placarbil. Ampicillin decreases the efficacy of omadacycline and targets 1a9/ptx-22. Cefdinir decreases the efficacy of antithrombin alfa, has an indication for tonsillitis, and has a side effect of upper gastrointestinal haemorrhage.","[[""cefixime"", ""decreases_efficacy_of"", ""lactulose""], [""cefixime"", ""has_side_effect"", ""leukopenia""], [""antithrombin_alfa"", ""decreases_efficacy_of"", ""cefixime""], [""antithrombin_alfa"", ""decreases_efficacy_of"", ""cephaloglycin""], [""antithrombin_alfa"", ""decreases_efficacy_of"", ""norelgestromin""], [""cephaloglycin"", ""decreases_efficacy_of"", ""abciximab""], [""cephaloglycin"", ""decreases_efficacy_of"", ""dipyridamole""], [""cephaloglycin"", ""decreases_efficacy_of"", ""cangrelor""], [""norelgestromin"", ""decreases_efficacy_of"", ""ampicillin""], [""norelgestromin"", ""decreases_efficacy_of"", ""carbenicillin""], [""norelgestromin"", ""decreases_efficacy_of"", ""antithrombin_iii_human""], [""ampicillin"", ""decreases_efficacy_of"", ""omadacycline""], [""ampicillin"", ""targets"", ""nci-h322m""], [""cefdinir"", ""decreases_efficacy_of"", ""antithrombin_alfa""], [""cefdinir"", ""has_indication"", ""tonsillitis""], [""cefdinir"", ""has_side_effect"", ""upper_gastrointestinal_haemorrhage""]]","[[""alpha-5-c-(1,3,4-trihydroxybutyl)hyacinthacine_a1"", ""decreases_efficacy_of"", ""lactulose""], [""alpha-5-c-(1,3,4-trihydroxybutyl)hyacinthacine_a1"", ""has_side_effect"", ""leukopenia""], [""antithrombin_alfa"", ""decreases_efficacy_of"", ""alpha-5-c-(1,3,4-trihydroxybutyl)hyacinthacine_a1""], [""antithrombin_alfa"", ""decreases_efficacy_of"", ""cephaloglycin""], [""antithrombin_alfa"", ""decreases_efficacy_of"", ""norelgestromin""], [""cephaloglycin"", ""decreases_efficacy_of"", ""petrotetrayndiol_b""], [""cephaloglycin"", ""decreases_efficacy_of"", ""dipyridamole""], [""cephaloglycin"", ""decreases_efficacy_of"", ""cangrelor""], [""norelgestromin"", ""decreases_efficacy_of"", ""ampicillin""], [""norelgestromin"", ""decreases_efficacy_of"", ""magnesium_oxide""], [""norelgestromin"", ""decreases_efficacy_of"", ""arbaclofen_placarbil""], [""ampicillin"", ""decreases_efficacy_of"", ""omadacycline""], [""ampicillin"", ""targets"", ""1a9/ptx-22""], [""cefdinir"", ""decreases_efficacy_of"", ""antithrombin_alfa""], [""cefdinir"", ""has_indication"", ""tonsillitis""], [""cefdinir"", ""has_side_effect"", ""upper_gastrointestinal_haemorrhage""]]",0.5520524474738834,0.6767405867576599,0.914091944694519,0.5196078431372549,0.5192822816641393,0.9741879446978632,0.9286973783944908,0.8832068120911185,0.837716245787746,0.7922256794843736,0.7467351131810012,0.7012445468776288,0.6557539805742565,0.610263414270884,0.5647728479675116,0.5192822816641393,0.920374636813344,0.8660724887668235,0,node_replacement
365,"The drug dexbrompheniramine increases neuropsychiatric effects and enhances the efficacy of racepinephrine while decreasing the efficacy of pitolisant. Pitolisant, in turn, decreases the efficacy of doxylamine, triprolidine, and dimetotiazine. Triprolidine increases the efficacy of theodrenaline. Additionally, racepinephrine boosts the efficacy of bilastine and mizolastine, and has a target in histone-lysine n-methyltransferase.","The drug dexbrompheniramine increases neuropsychiatric effects and raises the efficacy of racepinephrine, while decreasing the efficacy of pitolisant. Pitolisant, in turn, decreases the efficacy of doxylamine, triprolidine, and dimetotiazine. Triprolidine boosts the efficacy of theodrenaline, and racepinephrine enhances the efficacy of bilastine and mizolastine. Finally, racepinephrine targets histone-lysine N-methyltransferase.","[[""dexbrompheniramine"", ""increases"", ""neuropsychiatric_effects""], [""dexbrompheniramine"", ""enhances_efficacy_of"", ""racepinephrine""], [""dexbrompheniramine"", ""decreases_efficacy_of"", ""pitolisant""], [""pitolisant"", ""decreases_efficacy_of"", ""doxylamine""], [""pitolisant"", ""decreases_efficacy_of"", ""triprolidine""], [""pitolisant"", ""decreases_efficacy_of"", ""dimetotiazine""], [""triprolidine"", ""increases_efficacy_of"", ""theodrenaline""], [""racepinephrine"", ""boosts_efficacy_of"", ""bilastine""], [""racepinephrine"", ""boosts_efficacy_of"", ""mizolastine""], [""racepinephrine"", ""target"", ""histone-lysine_n-methyltransferase""]]","[[""dexbrompheniramine"", ""increases"", ""neuropsychiatric_effects""], [""dexbrompheniramine"", ""raises_efficacy_of"", ""racepinephrine""], [""dexbrompheniramine"", ""decreases_efficacy_of"", ""pitolisant""], [""pitolisant"", ""decreases_efficacy_of"", ""doxylamine""], [""pitolisant"", ""decreases_efficacy_of"", ""triprolidine""], [""pitolisant"", ""decreases_efficacy_of"", ""dimetotiazine""], [""triprolidine"", ""boosts_efficacy_of"", ""theodrenaline""], [""racepinephrine"", ""enhances_efficacy_of"", ""bilastine""], [""racepinephrine"", ""enhances_efficacy_of"", ""mizolastine""], [""racepinephrine"", ""targets"", ""histone-lysine_N-methyltransferase""]]",1.0,1.0,0.9999998807907104,1.0,1.0,0.9994234441831223,0.99948109976481,0.9995387553464978,0.9995964109281856,0.9996540665098734,0.9997117220915612,0.9997693776732488,0.9998270332549368,0.9998846888366244,0.9999423444183122,1.0,0.9913258035937714,0.9948517901302394,1,edge_replacement
366,"Lixisenatide decreases the efficacy of estetrol. Sarafloxacin increases the efficacy of dapagliflozin, rivoglitazone, and carbutamide. Amoxicillin is affecting the major histocompatibility complex and has an indication for tonsillitis, but also has a side effect of leukopenia. Ertugliflozin decreases the efficacy of mestranol and pasireotide but increases the efficacy of sarafloxacin. Pasireotide decreases the efficacy of sulfadiazine, gosogliptin, and englitazone. Mestranol decreases the efficacy of amoxicillin, mitiglinide, and lixisenatide. Mitiglinide increases the efficacy of grepafloxacin and sulfamethizole.",The drug sarafloxacin increases the efficacy of dapagliflozin and rivoglitazone. Amoxicillin affects the major histocompatibility complex and has indications for tonsillitis with a side effect of leukopenia. Ertugliflozin decreases the efficacy of mestranol while increasing the efficacy of sarafloxacin. Mestranol decreases the efficacy of amoxicillin and mitiglinide. Mitiglinide increases the efficacy of sulfamethizole.,"[[""Lixisenatide"", ""decreases_efficacy_of"", ""estetrol""], [""Sarafloxacin"", ""increases_efficacy_of"", ""dapagliflozin""], [""Sarafloxacin"", ""increases_efficacy_of"", ""rivoglitazone""], [""Sarafloxacin"", ""increases_efficacy_of"", ""carbutamide""], [""Amoxicillin"", ""affects"", ""major_histocompatibility_complex""], [""Amoxicillin"", ""indication_for"", ""tonsillitis""], [""Amoxicillin"", ""side_effect"", ""leukopenia""], [""Ertugliflozin"", ""decreases_efficacy_of"", ""mestranol""], [""Ertugliflozin"", ""decreases_efficacy_of"", ""pasireotide""], [""Ertugliflozin"", ""increases_efficacy_of"", ""sarafloxacin""], [""Pasireotide"", ""decreases_efficacy_of"", ""sulfadiazine""], [""Pasireotide"", ""decreases_efficacy_of"", ""gosogliptin""], [""Pasireotide"", ""decreases_efficacy_of"", ""englitazone""], [""Mestranol"", ""decreases_efficacy_of"", ""amoxicillin""], [""Mestranol"", ""decreases_efficacy_of"", ""mitiglinide""], [""Mestranol"", ""decreases_efficacy_of"", ""lixisenatide""], [""Mitiglinide"", ""increases_efficacy_of"", ""grepafloxacin""], [""Mitiglinide"", ""increases_efficacy_of"", ""sulfamethizole""]]","[[""Sarafloxacin"", ""increases_efficacy_of"", ""dapagliflozin""], [""Sarafloxacin"", ""increases_efficacy_of"", ""rivoglitazone""], [""Amoxicillin"", ""affects"", ""major_histocompatibility_complex""], [""Amoxicillin"", ""indication_for"", ""tonsillitis""], [""Amoxicillin"", ""side_effect"", ""leukopenia""], [""Ertugliflozin"", ""decreases_efficacy_of"", ""mestranol""], [""Ertugliflozin"", ""increases_efficacy_of"", ""sarafloxacin""], [""Mestranol"", ""decreases_efficacy_of"", ""amoxicillin""], [""Mestranol"", ""decreases_efficacy_of"", ""mitiglinide""], [""Mitiglinide"", ""increases_efficacy_of"", ""sulfamethizole""]]",0.4218307438660538,0.3117310106754303,0.8723735213279724,0.5072572735017881,0.5482930791331408,0.9645845691132134,0.922955420115206,0.881326271117199,0.8396971221191917,0.7980679731211844,0.7564388241231772,0.7148096751251699,0.6731805261271626,0.6315513771291553,0.589922228131148,0.5482930791331408,0.9213211624489922,0.975698509626074,0,node_removal
367,"The drug diethylcarbamazine decreases the efficacy of several medications including amoxapine, cortisone, and prednisolone acetate. Furthermore, fluprednidene reduces the efficacy of diethylcarbamazine as well as anthrax immune globulin human and tyrothricin. Anthrax immune globulin human also decreases the efficacy of infliximab, vinblastine, and clobetasol propionate. Additionally, tyrothricin decreases the efficacy of gallamine triethiodide, dicyclomine, and penthienate. Lastly, penthienate reduces the efficacy of thiotepa and sodium phosphate.","The drug diethylcarbamazine decreases the efficacy of amoxapine, cortisone, and prednisolone acetate. Additionally, fluprednidene decreases the efficacy of diethylcarbamazine. Anthrax immune globulin human reduces the efficacy of infliximab, vinblastine, and clobetasol propionate. Tyrothricin decreases the efficacy of gallamine triethiodide, dicyclomine, and penthienate. Moreover, penthienate lowers the efficacy of thiotepa and sodium phosphate.","[[""diethylcarbamazine"", ""decreases_efficacy_of"", ""amoxapine""], [""diethylcarbamazine"", ""decreases_efficacy_of"", ""cortisone""], [""diethylcarbamazine"", ""decreases_efficacy_of"", ""prednisolone_acetate""], [""fluprednidene"", ""reduces_efficacy_of"", ""diethylcarbamazine""], [""fluprednidene"", ""reduces_efficacy_of"", ""anthrax_immune_globulin_human""], [""fluprednidene"", ""reduces_efficacy_of"", ""tyrothricin""], [""anthrax_immune_globulin_human"", ""decreases_efficacy_of"", ""infliximab""], [""anthrax_immune_globulin_human"", ""decreases_efficacy_of"", ""vinblastine""], [""anthrax_immune_globulin_human"", ""decreases_efficacy_of"", ""clobetasol_propionate""], [""tyrothricin"", ""decreases_efficacy_of"", ""gallamine_triethiodide""], [""tyrothricin"", ""decreases_efficacy_of"", ""dicyclomine""], [""tyrothricin"", ""decreases_efficacy_of"", ""penthienate""], [""penthienate"", ""reduces_efficacy_of"", ""thiotepa""], [""penthienate"", ""reduces_efficacy_of"", ""sodium_phosphate""]]","[[""diethylcarbamazine"", ""decreases_efficacy_of"", ""amoxapine""], [""diethylcarbamazine"", ""decreases_efficacy_of"", ""cortisone""], [""diethylcarbamazine"", ""decreases_efficacy_of"", ""prednisolone_acetate""], [""fluprednidene"", ""decreases_efficacy_of"", ""diethylcarbamazine""], [""anthrax_immune_globulin_human"", ""reduces_efficacy_of"", ""infliximab""], [""anthrax_immune_globulin_human"", ""reduces_efficacy_of"", ""vinblastine""], [""anthrax_immune_globulin_human"", ""reduces_efficacy_of"", ""clobetasol_propionate""], [""tyrothricin"", ""decreases_efficacy_of"", ""gallamine_triethiodide""], [""tyrothricin"", ""decreases_efficacy_of"", ""dicyclomine""], [""tyrothricin"", ""decreases_efficacy_of"", ""penthienate""], [""penthienate"", ""lowers_efficacy_of"", ""thiotepa""], [""penthienate"", ""lowers_efficacy_of"", ""sodium_phosphate""]]",0.9,1.0,1.0,0.9,0.9,0.9943208504926394,0.9848887654433754,0.9754566803941116,0.9660245953448476,0.9565925102955836,0.9471604252463196,0.9377283401970558,0.9282962551477918,0.918864170098528,0.909432085049264,0.9,0.9885100854093732,0.957150946159626,0,edge_deletion
368,"Flavoxate decreases the activity of effectiveness and reduces the efficacy of polyethylene glycol, which in turn decreases the efficacy of promethazine, dihydroetorphine, and magnesium trisilicate. Magnesium trisilicate decreases the efficacy of alfentanil while increasing the efficacy of rapacuronium. Flavoxate also has a side effect of confusional state.","Flavoxate decreases the efficacy of polyethylene glycol, which in turn decreases the efficacy of promethazine, dihydroetorphine, and magnesium trisilicate. Magnesium trisilicate also decreases the efficacy of alfentanil but increases the efficacy of rapacuronium. Additionally, flavoxate has a side effect of confusional state and increases the activity of effectiveness.","[[""Flavoxate"", ""decreases"", ""activity_of_effectiveness""], [""Flavoxate"", ""reduces"", ""efficacy_of_polyethylene_glycol""], [""polyethylene_glycol"", ""decreases"", ""efficacy_of_promethazine""], [""polyethylene_glycol"", ""decreases"", ""efficacy_of_dihydroetorphine""], [""polyethylene_glycol"", ""decreases"", ""efficacy_of_magnesium_trisilicate""], [""Magnesium_trisilicate"", ""decreases"", ""efficacy_of_alfentanil""], [""Magnesium_trisilicate"", ""increases"", ""efficacy_of_rapacuronium""], [""Flavoxate"", ""has_side_effect"", ""confusional_state""]]","[[""Flavoxate"", ""decreases"", ""efficacy_of_polyethylene_glycol""], [""polyethylene_glycol"", ""decreases"", ""efficacy_of_promethazine""], [""polyethylene_glycol"", ""decreases"", ""efficacy_of_dihydroetorphine""], [""polyethylene_glycol"", ""decreases"", ""efficacy_of_magnesium_trisilicate""], [""Magnesium_trisilicate"", ""decreases"", ""efficacy_of_alfentanil""], [""Magnesium_trisilicate"", ""increases"", ""efficacy_of_rapacuronium""], [""Flavoxate"", ""has_side_effect"", ""confusional_state""], [""Flavoxate"", ""increases"", ""activity_of_effectiveness""]]",1.0,0.9999999403953552,1.0,1.0,1.0,0.9986822142604598,0.9988139928344136,0.9989457714083678,0.999077549982322,0.999209328556276,0.9993411071302298,0.999472885704184,0.999604664278138,0.999736442852092,0.999868221426046,1.0,0.9935754216731912,0.996065959229778,0,edge_replacement
369,"-Icosapent increases the effect of nephrotoxicity, but decreases the efficacy of tafluprost.

-Guanoclor decreases the efficacy of icosapent, floctafenine, and flurbiprofen axetil.","Icosapent decreases the efficacy of tafluprost and also reduces the effect of nephrotoxicity. Guanoclor decreases the efficacy of icosapent, floctafenine, and flurbiprofen axetil.","[[""Icosapent"", ""increases"", ""nephrotoxicity""], [""Icosapent"", ""decreases"", ""efficacy_of_tafluprost""], [""Guanoclor"", ""decreases"", ""efficacy_of_icosapent""], [""Guanoclor"", ""decreases"", ""efficacy_of_floctafenine""], [""Guanoclor"", ""decreases"", ""efficacy_of_flurbiprofen_axetil""]]","[[""Icosapent"", ""decreases"", ""efficacy_of_tafluprost""], [""Icosapent"", ""reduces"", ""effect_of_nephrotoxicity""], [""Guanoclor"", ""decreases"", ""efficacy_of_icosapent""], [""Guanoclor"", ""decreases"", ""efficacy_of_floctafenine""], [""Guanoclor"", ""decreases"", ""efficacy_of_flurbiprofen_axetil""]]",1.0,0.7427141666412354,0.8733955025672913,0.7380952380952381,1.0,0.9961335721665469,0.996520214949892,0.9969068577332374,0.9972935005165826,0.997680143299928,0.9980667860832734,0.9984534288666188,0.998840071649964,0.9992267144333092,0.9996133572166548,1.0,0.9774414695349912,0.7532510814361354,0,edge_replacement
370,"The cytochrome P450 family 2 subfamily D member 6 is implicated in causing epilepsy, drug-induced interstitial lung disorder, and obsessive-compulsive disorder. Additionally, (R)-methadone affects both the cytochrome P450 family 2 subfamily B member 6 and the cytochrome P450 family 2 subfamily D member 6. (R)-methadone is a substance used to treat opioid-related disorders. The cytochrome P450 family 2 subfamily B member 6 is associated with causing rhabdomyosarcoma, central nervous system diseases, and leukemia. Epilepsy is characterized by phenotypes such as atypical absence seizure and simple febrile seizure.","Cytochrome P450 family 2 subfamily d member 6 is known to cause various conditions such as epilepsy, drug-induced interstitial lung disorder, and obsessive-compulsive disorder. Additionally, (R)-methadone affects both cytochrome P450 family 2 subfamily b member 6 and cytochrome P450 family 2 subfamily d member 6. Moreover, (R)-methadone is a substance that treats opioid-related disorders. Cytochrome P450 family 2 subfamily b member 6 is associated with causing rhabdomyosarcoma, central nervous system diseases, and leukemia. Furthermore, epilepsy is linked to phenotypes like atypical absence seizures and simple febrile seizures.","[[""cytochrome_P450_family_2_subfamily_D_member_6"", ""implicated_in"", ""epilepsy""], [""cytochrome_P450_family_2_subfamily_D_member_6"", ""implicated_in"", ""drug-induced_interstitial_lung_disorder""], [""cytochrome_P450_family_2_subfamily_D_member_6"", ""implicated_in"", ""obsessive-compulsive_disorder""], [""(R)-methadone"", ""affects"", ""cytochrome_P450_family_2_subfamily_B_member_6""], [""(R)-methadone"", ""affects"", ""cytochrome_P450_family_2_subfamily_D_member_6""], [""(R)-methadone"", ""used_to_treat"", ""opioid-related_disorders""], [""cytochrome_P450_family_2_subfamily_B_member_6"", ""associated_with"", ""rhabdomyosarcoma""], [""cytochrome_P450_family_2_subfamily_B_member_6"", ""associated_with"", ""central_nervous_system_diseases""], [""cytochrome_P450_family_2_subfamily_B_member_6"", ""associated_with"", ""leukemia""], [""epilepsy"", ""characterized_by"", ""atypical_absence_seizure""], [""epilepsy"", ""characterized_by"", ""simple_febrile_seizure""]]","[[""cytochrome_P450_family_2_subfamily_d_member_6"", ""known_to_cause"", ""epilepsy""], [""cytochrome_P450_family_2_subfamily_d_member_6"", ""known_to_cause"", ""drug-induced_interstitial_lung_disorder""], [""cytochrome_P450_family_2_subfamily_d_member_6"", ""known_to_cause"", ""obsessive-compulsive_disorder""], [""(R)-methadone"", ""affects"", ""cytochrome_P450_family_2_subfamily_b_member_6""], [""(R)-methadone"", ""affects"", ""cytochrome_P450_family_2_subfamily_d_member_6""], [""(R)-methadone"", ""used_to_treat"", ""opioid-related_disorders""], [""cytochrome_P450_family_2_subfamily_b_member_6"", ""associated_with"", ""rhabdomyosarcoma""], [""cytochrome_P450_family_2_subfamily_b_member_6"", ""associated_with"", ""central_nervous_system_diseases""], [""cytochrome_P450_family_2_subfamily_b_member_6"", ""associated_with"", ""leukemia""], [""epilepsy"", ""linked_to"", ""atypical_absence_seizures""], [""epilepsy"", ""linked_to"", ""simple_febrile_seizures""]]",1.0,0.3799797594547272,0.8260411620140076,0.7083333333333334,1.0,0.9918259533318972,0.9926433579987076,0.993460762665518,0.994278167332328,0.9950955719991385,0.9959129766659488,0.9967303813327588,0.9975477859995692,0.9983651906663796,0.9991825953331898,1.0,0.9400451142060676,0.9744394769291184,1,node_replacement
371,"The drug prednisone increases the effects of infection, enhances the efficacy of mephenytoin, and affects the trinucleotide repeat containing adaptor 6a. Becocalcidiol reduces the efficacy of prednisone, tixocortol, and dexamethasone acetate. Tixocortol decreases the efficacy of methylphosphinic acid, phenylacetic acid, and coumaphos.","Prednisone has various effects, including increasing the efficacy of mephenytoin and affecting trinucleotide repeat containing adaptor 6a. Additionally, prednisone increases the risk of infection. On the other hand, becocalcidiol decreases the efficacy of prednisone, tixocortol, and dexamethasone acetate. Similarly, tixocortol decreases the efficacy of methylphosphinic acid, phenylacetic acid, and coumaphos.","[[""prednisone"", ""increases_effects_of"", ""infection""], [""prednisone"", ""enhances_efficacy_of"", ""mephenytoin""], [""prednisone"", ""affects"", ""trinucleotide_repeat_containing_adaptor_6a""], [""becocalcidiol"", ""reduces_efficacy_of"", ""prednisone""], [""becocalcidiol"", ""reduces_efficacy_of"", ""tixocortol""], [""becocalcidiol"", ""reduces_efficacy_of"", ""dexamethasone_acetate""], [""tixocortol"", ""decreases_efficacy_of"", ""methylphosphinic_acid""], [""tixocortol"", ""decreases_efficacy_of"", ""phenylacetic_acid""], [""tixocortol"", ""decreases_efficacy_of"", ""coumaphos""]]","[[""prednisone"", ""increases_efficacy_of"", ""mephenytoin""], [""prednisone"", ""affects"", ""trinucleotide_repeat_containing_adaptor_6a""], [""prednisone"", ""increases_risk_of"", ""infection""], [""becocalcidiol"", ""decreases_efficacy_of"", ""prednisone""], [""becocalcidiol"", ""decreases_efficacy_of"", ""tixocortol""], [""becocalcidiol"", ""decreases_efficacy_of"", ""dexamethasone_acetate""], [""tixocortol"", ""decreases_efficacy_of"", ""methylphosphinic_acid""], [""tixocortol"", ""decreases_efficacy_of"", ""phenylacetic_acid""], [""tixocortol"", ""decreases_efficacy_of"", ""coumaphos""]]",1.0,0.9999998807907104,0.9999998807907104,1.0,1.0,0.9966706570108896,0.9970035913098004,0.9973365256087116,0.9976694599076226,0.9980023942065336,0.9983353285054448,0.9986682628043558,0.9990011971032668,0.999334131402178,0.999667065701089,1.0,0.983838961872432,0.9818185055832468,1,edge_replacement
372,"The drug pegvisomant is known to increase the adverse effects. In addition, pegvisomant decreases the efficacy of methotrimeprazine and isopropamide. Certolizumab pegol exhibits immunosuppressive activities. Furthermore, certolizumab pegol reduces the efficacy of pegsunercept and polyethylene glycol. Methoxy polyethylene glycol-epoetin beta decreases the efficacy of pegvisomant, pegnivacogin, and certolizumab pegol.","The drug pegvisomant increases the adverse effects. It also decreases the efficacy of methotrimeprazine and isopropamide. Certolizumab pegol has immunosuppressive activities. However, it decreases the efficacy of pegsunercept and polyethylene glycol. Methoxy polyethylene glycol-epoetin beta decreases the efficacy of pegvisomant, pegnivacogin, and certolizumab pegol.","[[""pegvisomant"", ""increases"", ""adverse_effects""], [""pegvisomant"", ""decreases_efficacy_of"", ""methotrimeprazine""], [""pegvisomant"", ""decreases_efficacy_of"", ""isopropamide""], [""certolizumab_pegol"", ""exhibits"", ""immunosuppressive_activities""], [""certolizumab_pegol"", ""decreases_efficacy_of"", ""pegsunercept""], [""certolizumab_pegol"", ""decreases_efficacy_of"", ""polyethylene_glycol""], [""methoxy_polyethylene_glycol-epoetin_beta"", ""decreases_efficacy_of"", ""pegvisomant""], [""methoxy_polyethylene_glycol-epoetin_beta"", ""decreases_efficacy_of"", ""pegnivacogin""], [""methoxy_polyethylene_glycol-epoetin_beta"", ""decreases_efficacy_of"", ""certolizumab_pegol""]]","[[""pegvisomant"", ""increases"", ""adverse_effects""], [""pegvisomant"", ""decreases_efficacy_of"", ""methotrimeprazine""], [""pegvisomant"", ""decreases_efficacy_of"", ""isopropamide""], [""certolizumab_pegol"", ""has"", ""immunosuppressive_activities""], [""certolizumab_pegol"", ""decreases_efficacy_of"", ""pegsunercept""], [""certolizumab_pegol"", ""decreases_efficacy_of"", ""polyethylene_glycol""], [""methoxy_polyethylene_glycol-epoetin_beta"", ""decreases_efficacy_of"", ""pegvisomant""], [""methoxy_polyethylene_glycol-epoetin_beta"", ""decreases_efficacy_of"", ""pegnivacogin""], [""methoxy_polyethylene_glycol-epoetin_beta"", ""decreases_efficacy_of"", ""certolizumab_pegol""]]",1.0,1.0,0.9999999403953552,1.0,1.0,0.9998194361895192,0.9998374925705672,0.9998555489516154,0.9998736053326632,0.9998916617137116,0.9999097180947596,0.9999277744758076,0.9999458308568556,0.999963887237904,0.999981943618952,1.0,0.9840427326278334,0.9982909734725118,1,edge_replacement
373,"Squalane targets prelamin-a/c, a gene product of LMNA. LMNA is known to cause Malouf syndrome, lipodystrophy, and atypical Werner syndrome. Malouf syndrome presents phenotypes such as ptosis, while lipodystrophy shows phenotypes like neonatal onset, membranoproliferative glomerulonephritis, and abnormality of skeletal muscle fiber size.","The drug Glybomine B targets the serine/threonine-protein kinase NEK5. The gene NEK5 is a product of LMNA. LMNA is known to cause conditions such as Malouf syndrome, hyperparathyroidism, and Alstrom syndrome. Malouf syndrome presents with symptoms like ptosis, while hyperparathyroidism manifests with neonatal onset, poor motor coordination, and exudative retinal detachment.","[[""Squalane"", ""targets"", ""prelamin-a/c""], [""prelamin-a/c"", ""gene_product_of"", ""LMNA""], [""LMNA"", ""causes"", ""Malouf_syndrome""], [""LMNA"", ""causes"", ""lipodystrophy""], [""LMNA"", ""causes"", ""atypical_Werner_syndrome""], [""Malouf_syndrome"", ""presents"", ""ptosis""], [""lipodystrophy"", ""shows"", ""neonatal_onset""], [""lipodystrophy"", ""shows"", ""membranoproliferative_glomerulonephritis""], [""lipodystrophy"", ""shows"", ""abnormality_of_skeletal_muscle_fiber_size""]]","[[""Glybomine_B"", ""targets"", ""serine/threonine-protein_kinase_NEK5""], [""serine/threonine-protein_kinase_NEK5"", ""product_of"", ""NEK5""], [""NEK5"", ""product_of"", ""LMNA""], [""LMNA"", ""causes"", ""Malouf_syndrome""], [""LMNA"", ""causes"", ""hyperparathyroidism""], [""LMNA"", ""causes"", ""Alstrom_syndrome""], [""Malouf_syndrome"", ""presents"", ""ptosis""], [""hyperparathyroidism"", ""manifests"", ""neonatal_onset""], [""hyperparathyroidism"", ""manifests"", ""poor_motor_coordination""], [""hyperparathyroidism"", ""manifests"", ""exudative_retinal_detachment""]]",0.4658474953124562,0.0,0.5855807065963745,0.3019298199277709,0.4658474953124562,0.8614873797909437,0.8219233913430949,0.7823594028952463,0.7427954144473974,0.7032314259995487,0.6636674375517,0.6241034491038512,0.5845394606560024,0.5449754722081537,0.505411483760305,0.4658474953124562,0.7175529265461111,0.7119810862071521,0,node_replacement
374,"The drug Lurasidone increases neuropsychiatric effects, but decreases the efficacy of Amantadine and Levodopa. Paliperidone decreases the efficacy of Pramipexole, Entacapone, and Netoglitazone. Additionally, Benserazide decreases the efficacy of Paliperidone, Lurasidone, and Melperone.","The drug Lurasidone increases neuropsychiatric effects and decreases efficacy when used with amantadine and levodopa. Paliperidone decreases the efficacy of pramipexole, entacapone, and netoglitazone. Additionally, Benserazide reduces the efficacy of Paliperidone, Lurasidone, and Melperone.","[[""Lurasidone"", ""increases"", ""neuropsychiatric_effects""], [""Lurasidone"", ""decreases_efficacy_of"", ""Amantadine""], [""Lurasidone"", ""decreases_efficacy_of"", ""Levodopa""], [""Paliperidone"", ""decreases_efficacy_of"", ""Pramipexole""], [""Paliperidone"", ""decreases_efficacy_of"", ""Entacapone""], [""Paliperidone"", ""decreases_efficacy_of"", ""Netoglitazone""], [""Benserazide"", ""decreases_efficacy_of"", ""Paliperidone""], [""Benserazide"", ""decreases_efficacy_of"", ""Lurasidone""], [""Benserazide"", ""decreases_efficacy_of"", ""Melperone""]]","[[""Lurasidone"", ""increases"", ""neuropsychiatric_effects""], [""Lurasidone"", ""decreases_efficacy_when_used_with"", ""amantadine""], [""Lurasidone"", ""decreases_efficacy_when_used_with"", ""levodopa""], [""Paliperidone"", ""decreases_efficacy_of"", ""pramipexole""], [""Paliperidone"", ""decreases_efficacy_of"", ""entacapone""], [""Paliperidone"", ""decreases_efficacy_of"", ""netoglitazone""], [""Benserazide"", ""reduces_efficacy_of"", ""Paliperidone""], [""Benserazide"", ""reduces_efficacy_of"", ""Lurasidone""], [""Benserazide"", ""reduces_efficacy_of"", ""Melperone""]]",1.0,0.9999998807907104,1.0,1.0,1.0,0.9979350157332264,0.9981415141599038,0.9983480125865812,0.9985545110132584,0.998761009439936,0.9989675078666131,0.9991740062932906,0.999380504719968,0.9995870031466452,0.9997935015733228,1.0,0.9925466407123938,0.9865796899863746,1,edge_replacement
375,"Quetiapine increases the effect of reduced gastrointestinal motility and has a side effect of sleep disorder. Pindolol increases the efficacy of tirzepatide and is indicated for premature cardiac complex, while causing the side effect of muscle spasms. Tirzepatide decreases the efficacy of quetiapine and pasireotide, but increases the efficacy of clopamide.","Quetiapine, a medication, has a side effect of sleep disorder and decreases the effect of reduced gastrointestinal motility. Pindolol, another drug, increases the efficacy of tirzepatide and is indicated for premature cardiac complex. It also has a side effect of muscle spasms. Tirzepatide, on the other hand, decreases the efficacy of quetiapine and pasireotide, but increases the efficacy of clopamide.","[[""Quetiapine"", ""increases"", ""reduced_gastrointestinal_motility""], [""Quetiapine"", ""has_side_effect"", ""sleep_disorder""], [""Pindolol"", ""increases"", ""efficacy_of_tirzepatide""], [""Pindolol"", ""indicated_for"", ""premature_cardiac_complex""], [""Pindolol"", ""has_side_effect"", ""muscle_spasms""], [""Tirzepatide"", ""decreases"", ""efficacy_of_quetiapine""], [""Tirzepatide"", ""decreases"", ""efficacy_of_pasireotide""], [""Tirzepatide"", ""increases"", ""efficacy_of_clopamide""]]","[[""Quetiapine"", ""decreases"", ""reduced_gastrointestinal_motility""], [""Quetiapine"", ""has_side_effect"", ""sleep_disorder""], [""Pindolol"", ""increases"", ""efficacy_of_tirzepatide""], [""Pindolol"", ""indicated_for"", ""premature_cardiac_complex""], [""Pindolol"", ""has_side_effect"", ""muscle_spasms""], [""Tirzepatide"", ""decreases"", ""efficacy_of_quetiapine""], [""Tirzepatide"", ""decreases"", ""efficacy_of_pasireotide""], [""Tirzepatide"", ""increases"", ""efficacy_of_clopamide""]]",1.0,1.0,0.9999998807907104,1.0,1.0,0.9997154759465672,0.9997439283519104,0.9997723807572538,0.9998008331625968,0.9998292855679404,0.9998577379732836,0.9998861903786268,0.99991464278397,0.9999430951893136,0.9999715475946568,1.0,0.9994028562050672,0.9979999719632948,0,edge_replacement
376,"The drug tiotropium has several side effects including laryngitis, shock, and pharyngo-oral irritation. Additionally, the drug amobarbital can increase the efficacy of pregabalin while decreasing the efficacy of physostigmine, and can also cause nausea as a side effect. The enzyme aldose reductase is a gene product of AKR1B1. Furthermore, emodin decreases the efficacy of both amobarbital and tiotropium and targets aldose reductase.","The drug tiotropium is associated with several side effects including laryngitis, shock, and pharyngo-oral irritation. Additionally, the drug amobarbital can either increase the efficacy of pregabalin or decrease the efficacy of physostigmine, with a side effect of nausea. Moreover, aldose reductase is a gene product of AKR1B1. Emodin is known to decrease the efficacy of both amobarbital and tiotropium, and it targets aldose reductase.","[[""tiotropium"", ""has_side_effect"", ""laryngitis""], [""tiotropium"", ""has_side_effect"", ""shock""], [""tiotropium"", ""has_side_effect"", ""pharyngo-oral_irritation""], [""amobarbital"", ""increases_efficacy_of"", ""pregabalin""], [""amobarbital"", ""decreases_efficacy_of"", ""physostigmine""], [""amobarbital"", ""has_side_effect"", ""nausea""], [""aldose_reductase"", ""is_gene_product_of"", ""AKR1B1""], [""emodin"", ""decreases_efficacy_of"", ""amobarbital""], [""emodin"", ""decreases_efficacy_of"", ""tiotropium""], [""emodin"", ""targets"", ""aldose_reductase""]]","[[""tiotropium"", ""has_side_effect"", ""laryngitis""], [""tiotropium"", ""has_side_effect"", ""shock""], [""tiotropium"", ""has_side_effect"", ""pharyngo-oral_irritation""], [""amobarbital"", ""increases_efficacy_of"", ""pregabalin""], [""amobarbital"", ""decreases_efficacy_of"", ""physostigmine""], [""amobarbital"", ""has_side_effect"", ""nausea""], [""aldose_reductase"", ""is_gene_product_of"", ""AKR1B1""], [""emodin"", ""decreases_efficacy_of"", ""amobarbital""], [""emodin"", ""decreases_efficacy_of"", ""tiotropium""], [""emodin"", ""targets"", ""aldose_reductase""]]",1.0,1.0,1.0,1.0,1.0,0.9999999976326838,0.9999999978694154,0.9999999981061471,0.9999999983428788,0.9999999985796104,0.999999998816342,0.9999999990530736,0.9999999992898052,0.9999999995265368,0.9999999997632684,1.0,0.9999999782172116,0.9999999846921406,1,edge_deletion
377,"Zidovudine is known to increase the activity of the myelosuppressive activities and increase the effect of infection. However, it decreases the efficacy of the rabies virus inactivated antigen. This antigen, in turn, decreases the efficacy of tepoxalin, peficitinib, and trofosfamide. Tepoxalin also reduces the efficacy of candoxatril, rauwolfia serpentina root, and xipamide.","
The drug zidovudine increases the effect of infection but decreases the efficacy of rabies virus inactivated antigen and the myelosuppressive activities. Rabies virus inactivated antigen, in turn, decreases the efficacy of tepoxalin, peficitinib, and trofosfamide. Additionally, tepoxalin decreases the efficacy of candoxatril, rauwolfia serpentina root, and xipamide.","[[""Zidovudine"", ""increases"", ""myelosuppressive_activities""], [""Zidovudine"", ""increases"", ""effect_of_infection""], [""Zidovudine"", ""decreases"", ""rabies_virus_inactivated_antigen""], [""rabies_virus_inactivated_antigen"", ""decreases"", ""tepoxtalin""], [""rabies_virus_inactivated_antigen"", ""decreases"", ""peficitinib""], [""rabies_virus_inactivated_antigen"", ""decreases"", ""trofosfamide""], [""Tepoxalin"", ""reduces"", ""candoxatril""], [""Tepoxalin"", ""reduces"", ""rauwolfia_serpentina_root""], [""Tepoxalin"", ""reduces"", ""xipamide""]]","[[""Zidovudine"", ""increases"", ""effect_of_infection""], [""Zidovudine"", ""decreases"", ""rabies_virus_inactivated_antigen""], [""Zidovudine"", ""decreases"", ""myelosuppressive_activities""], [""rabies_virus_inactivated_antigen"", ""decreases"", ""tepoxtalin""], [""rabies_virus_inactivated_antigen"", ""decreases"", ""peficitinib""], [""rabies_virus_inactivated_antigen"", ""decreases"", ""trofosfamide""], [""Tepoxalin"", ""decreases"", ""candoxatril""], [""Tepoxalin"", ""decreases"", ""rauwolfia_serpentina_root""], [""Tepoxalin"", ""decreases"", ""xipamide""]]",1.0,0.9999999403953552,0.9999999403953552,1.0,1.0,0.9968200182748392,0.9971380164473552,0.9974560146198714,0.9977740127923872,0.9980920109649036,0.9984100091374196,0.9987280073099356,0.9990460054824516,0.9993640036549678,0.999682001827484,1.0,0.9898429178306646,0.958638293923264,0,edge_replacement
378,"Ofloxacin increases the excretion rate. It also increases the efficacy of tolazamide, insulin beef, and insulin beef decreases the efficacy of prochlorperazine and amiloride but increases the efficacy of esatenolol. Tolazamide increases the efficacy of sulfacytine, which in turn increases the efficacy of albiglutide, 2,4-thiazolidinedione, and luseogliflozin. Tolazamide also has indications for decreasing blood glucose and side effects such as agranulocytosis. Prochlorperazine increases the effect of sedation.","Ofloxacin increases the activity of the excretion rate and the efficacy of tolazamide, insulin beef. Tolazamide, in turn, increases the efficacy of sulfacytine, which also enhances the efficacy of albiglutide, 2,4-thiazolidinedione, and luseogliflozin. Tolazamide is indicated to decrease blood glucose and may cause agranulocytosis as a side effect. Insulin beef decreases the efficacy of prochlorperazine and amiloride but increases the efficacy of esatenolol. Prochlorperazine, on the other hand, increases the effect of sedation.","[[""Ofloxacin"", ""increases"", ""excretion_rate""], [""Ofloxacin"", ""increases"", ""tolazamide""], [""Ofloxacin"", ""increases"", ""insulin_beef""], [""insulin_beef"", ""decreases"", ""prochlorperazine""], [""insulin_beef"", ""decreases"", ""amiloride""], [""insulin_beef"", ""increases"", ""esatenolol""], [""Tolazamide"", ""increases"", ""sulfacytine""], [""sulfacytine"", ""increases"", ""albiglutide""], [""sulfacytine"", ""increases"", ""2,4-thiazolidinedione""], [""sulfacytine"", ""increases"", ""luseogliflozin""], [""Tolazamide"", ""indication_for"", ""decreasing_blood_glucose""], [""Tolazamide"", ""side_effect"", ""agranulocytosis""], [""Prochlorperazine"", ""increases"", ""sedation""]]","[[""Ofloxacin"", ""increases"", ""excretion_rate""], [""Ofloxacin"", ""increases"", ""tolazamide""], [""Ofloxacin"", ""increases"", ""insulin_beef""], [""Tolazamide"", ""increases"", ""sulfacytine""], [""sulfacytine"", ""increases"", ""albiglutide""], [""sulfacytine"", ""increases"", ""2,4-thiazolidinedione""], [""sulfacytine"", ""increases"", ""luseogliflozin""], [""Tolazamide"", ""indication_for"", ""decreasing_blood_glucose""], [""Tolazamide"", ""side_effect"", ""agranulocytosis""], [""insulin_beef"", ""decreases"", ""prochlorperazine""], [""insulin_beef"", ""decreases"", ""amiloride""], [""insulin_beef"", ""increases"", ""esatenolol""], [""Prochlorperazine"", ""increases"", ""sedation""]]",1.0,1.0,0.9999999403953552,1.0,1.0,0.9999999076338946,0.9999999168705052,0.9999999261071156,0.999999935343726,0.9999999445803368,0.9999999538169472,0.999999963053558,0.9999999722901683,0.9999999815267788,0.9999999907633894,1.0,0.9999999926640436,0.9999999881560449,1,edge_replacement
379,"Norfenefrine is known to decrease the efficacy of droperidol, celiprolol, and tertatolol. Additionally, celiprolol decreases the efficacy of lisdexamfetamine and ephedra sinica root, while also having the side effect of sleep disturbance. Tertatolol, on the other hand, increases the efficacy of nn344 and gosogliptin but decreases the efficacy of amitraz. Lastly, droperidol targets the alpha-1a adrenergic receptor and decreases the efficacy of phenglutarimide.","Norfenefrine decreases the efficacy of droperidol, celiprolol, and tertatolol. Celiprolol, in turn, decreases the efficacy of lisdexamfetamine and ephedra sinica root, causing sleep disturbance as a side effect. Tertatolol increases the efficacy of nn344 and gosogliptin but decreases the efficacy of amitraz. Droperidol targets the alpha-1a adrenergic receptor and decreases the efficacy of phenglutarimide.","[[""Norfenefrine"", ""decreases_efficacy_of"", ""droperidol""], [""Norfenefrine"", ""decreases_efficacy_of"", ""celiprolol""], [""Norfenefrine"", ""decreases_efficacy_of"", ""tertatolol""], [""celiprolol"", ""decreases_efficacy_of"", ""lisdexamfetamine""], [""celiprolol"", ""decreases_efficacy_of"", ""ephedra_sinica_root""], [""celiprolol"", ""has_side_effect"", ""sleep_disturbance""], [""tertatolol"", ""increases_efficacy_of"", ""nn344""], [""tertatolol"", ""increases_efficacy_of"", ""gosogliptin""], [""tertatolol"", ""decreases_efficacy_of"", ""amitraz""], [""droperidol"", ""targets"", ""alpha-1a_adrenergic_receptor""], [""droperidol"", ""decreases_efficacy_of"", ""phenglutarimide""]]","[[""Norfenefrine"", ""decreases_efficacy_of"", ""droperidol""], [""Norfenefrine"", ""decreases_efficacy_of"", ""celiprolol""], [""Norfenefrine"", ""decreases_efficacy_of"", ""tertatolol""], [""celiprolol"", ""decreases_efficacy_of"", ""lisdexamfetamine""], [""celiprolol"", ""decreases_efficacy_of"", ""ephedra_sinica_root""], [""celiprolol"", ""has_side_effect"", ""sleep_disturbance""], [""tertatolol"", ""increases_efficacy_of"", ""nn344""], [""tertatolol"", ""increases_efficacy_of"", ""gosogliptin""], [""tertatolol"", ""decreases_efficacy_of"", ""amitraz""], [""droperidol"", ""targets"", ""alpha-1a_adrenergic_receptor""], [""droperidol"", ""decreases_efficacy_of"", ""phenglutarimide""]]",1.0,0.9999999403953552,0.9999999403953552,1.0,1.0,0.999999998145404,0.9999999983308636,0.9999999985163232,0.9999999987017828,0.9999999988872424,0.999999999072702,0.9999999992581616,0.9999999994436212,0.9999999996290808,0.9999999998145404,1.0,1.0,0.9999999880221058,1,node_removal
380,"The drug fentanyl decreases the activity of effectiveness, decreases the efficacy of mineral oil, and affects lymphocyte antigen 96. Mineral oil, in turn, decreases the efficacy of hydromorphone, diamorphine, and penfluridol. Lastly, lymphocyte antigen 96 causes the condition psoriasis.","Fentanyl decreases the activity of effectiveness and decreases the efficacy of mineral oil. Fentanyl affects lymphocyte antigen 96, which in turn causes the condition psoriasis. Mineral oil also decreases the efficacy of hydromorphone, diamorphine, and penfluridol.","[[""fentanyl"", ""decreases"", ""activity_of_effectiveness""], [""fentanyl"", ""decreases"", ""efficacy_of_mineral_oil""], [""fentanyl"", ""affects"", ""lymphocyte_antigen_96""], [""mineral_oil"", ""decreases"", ""efficacy_of_hydromorphone""], [""mineral_oil"", ""decreases"", ""efficacy_of_diamorphine""], [""mineral_oil"", ""decreases"", ""efficacy_of_penfluridol""], [""lymphocyte_antigen_96"", ""causes"", ""psoriasis""]]","[[""fentanyl"", ""decreases"", ""activity_of_effectiveness""], [""fentanyl"", ""decreases"", ""efficacy_of_mineral_oil""], [""fentanyl"", ""affects"", ""lymphocyte_antigen_96""], [""lymphocyte_antigen_96"", ""causes"", ""psoriasis""], [""mineral_oil"", ""decreases"", ""efficacy_of_hydromorphone""], [""mineral_oil"", ""decreases"", ""efficacy_of_diamorphine""], [""mineral_oil"", ""decreases"", ""efficacy_of_penfluridol""]]",1.0,0.9999998807907104,1.0,1.0,1.0,1.0,1.0,1.0,1.0,1.0,1.0,1.0,1.0,1.0,1.0,1.0,1.0,1.0,1,edge_replacement
381,"The drug pralatrexate is indicated for Febrile Neutropenia and has the side effect of Epistaxis. Tetrahydrofolic acid targets formimidoyltransferase-cyclodeaminase and serine hydroxymethyltransferase. It decreases the efficacy of iclaprim. (6s)-5,6,7,8-tetrahydrofolic acid decreases the efficacy of pemetrexed, metoprine, and pralatrexate. Nolatrexed increases the efficacy of acetazolamide and decreases the efficacy of triglu-5-formyl-tetrahydrofolate. Brodimoprim decreases the efficacy of tetrahydrofolic acid, folic acid, and (6s)-5,6,7,8-tetrahydrofolic acid. Metoprine targets histamine n-methyltransferase. Folic acid decreases the efficacy of nolatrexed and has the side effects of Abdominal distension and Rash.","The drug pralatrexate is indicated for Febrile Neutropenia and may cause the side effect of Epistaxis. Tetrahydrofolic acid targets formimidoyltransferase-cyclodeaminase and serine hydroxymethyltransferase. It also decreases the efficacy of iclaprim. (6s)-5,6,7,8-tetrahydrofolic acid decreases the efficacy of pemetrexed, metoprine, and pralatrexate. Nolatrexed increases the efficacy of acetazolamide and decreases the efficacy of triglu-5-formyl-tetrahydrofolate. Brodimoprim decreases the efficacy of tetrahydrofolic acid, folic acid, and (6s)-5,6,7,8-tetrahydrofolic acid. Metoprine targets histamine n-methyltransferase. Folic acid decreases the efficacy of nolatrexed and can cause the side effects of Abdominal distension and Rash.","[[""pralatrexate"", ""indicated_for"", ""Febrile_Neutropenia""], [""pralatrexate"", ""has_side_effect"", ""Epistaxis""], [""Tetrahydrofolic_acid"", ""targets"", ""formimidoyltransferase-cyclodeaminase""], [""Tetrahydrofolic_acid"", ""targets"", ""serine_hydroxymethyltransferase""], [""Tetrahydrofolic_acid"", ""decreases_efficacy_of"", ""iclaprim""], [""(6s)-5,6,7,8-tetrahydrofolic_acid"", ""decreases_efficacy_of"", ""pemetrexed""], [""(6s)-5,6,7,8-tetrahydrofolic_acid"", ""decreases_efficacy_of"", ""metoprine""], [""(6s)-5,6,7,8-tetrahydrofolic_acid"", ""decreases_efficacy_of"", ""pralatrexate""], [""Nolatrexed"", ""increases_efficacy_of"", ""acetazolamide""], [""Nolatrexed"", ""decreases_efficacy_of"", ""triglu-5-formyl-tetrahydrofolate""], [""Brodimoprim"", ""decreases_efficacy_of"", ""tetrahydrofolic_acid""], [""Brodimoprim"", ""decreases_efficacy_of"", ""folic_acid""], [""Brodimoprim"", ""decreases_efficacy_of"", ""(6s)-5,6,7,8-tetrahydrofolic_acid""], [""Metoprine"", ""targets"", ""histamine_n-methyltransferase""], [""Folic_acid"", ""decreases_efficacy_of"", ""nolatrexed""], [""Folic_acid"", ""has_side_effect"", ""Abdominal_distension""], [""Folic_acid"", ""has_side_effect"", ""Rash""]]","[[""pralatrexate"", ""indicated_for"", ""Febrile_Neutropenia""], [""pralatrexate"", ""may_cause_side_effect"", ""Epistaxis""], [""Tetrahydrofolic_acid"", ""targets"", ""formimidoyltransferase-cyclodeaminase""], [""Tetrahydrofolic_acid"", ""targets"", ""serine_hydroxymethyltransferase""], [""Tetrahydrofolic_acid"", ""decreases_efficacy_of"", ""iclaprim""], [""(6s)-5,6,7,8-tetrahydrofolic_acid"", ""decreases_efficacy_of"", ""pemetrexed""], [""(6s)-5,6,7,8-tetrahydrofolic_acid"", ""decreases_efficacy_of"", ""metoprine""], [""(6s)-5,6,7,8-tetrahydrofolic_acid"", ""decreases_efficacy_of"", ""pralatrexate""], [""Nolatrexed"", ""increases_efficacy_of"", ""acetazolamide""], [""Nolatrexed"", ""decreases_efficacy_of"", ""triglu-5-formyl-tetrahydrofolate""], [""Brodimoprim"", ""decreases_efficacy_of"", ""tetrahydrofolic_acid""], [""Brodimoprim"", ""decreases_efficacy_of"", ""folic_acid""], [""Brodimoprim"", ""decreases_efficacy_of"", ""(6s)-5,6,7,8-tetrahydrofolic_acid""], [""Metoprine"", ""targets"", ""histamine_n-methyltransferase""], [""Folic_acid"", ""decreases_efficacy_of"", ""nolatrexed""], [""Folic_acid"", ""can_cause_side_effect"", ""Abdominal_distension""], [""Folic_acid"", ""can_cause_side_effect"", ""Rash""]]",1.0,1.0,1.0,1.0,1.0,0.9989742491703824,0.999076824253344,0.9991793993363058,0.9992819744192676,0.9993845495022294,0.9994871245851912,0.9995896996681528,0.9996922747511148,0.9997948498340764,0.9998974249170384,1.0,0.9943164835320136,0.9891944520444852,1,node_removal
382,"Hydroxocobalamin targets methionine synthase and methylmalonic aciduria type A protein. Hydroxocobalamin affects ATP binding cassette subfamily B member 1. MTR is responsible for causing homocystinuria-megaloblastic anemia, characterized by osteoporosis and widened subarachnoid space. MTR acts within the RHOH GTPase cycle and Cobalamin (Cbl) metabolism pathways. Methylmalonic aciduria type A protein is a gene product of MMAA. Methionine synthase is a gene product of MTR. Cystic fibrosis presents with phenotypes such as ileus, pancreatitis, and anxiety. ATP binding cassette subfamily B member 1 is implicated in causing conditions like asthenia, cystic fibrosis, and pemphigus. MMAA plays a role in pathways such as Defective MMAA causes MMA, cblA type and Propionyl-CoA catabolism.","The drug hydroxocobalamin targets both methionine synthase and methylmalonic aciduria type A protein. Methionine synthase is a gene product of MTR which acts within the RHOH GTPase cycle and Cobalamin (Cbl) metabolism. Methylmalonic aciduria type A protein is a gene product of MMAA which acts within pathways such as Defective MMAA causes MMA, cblA type and Propionyl-CoA catabolism. Homocystinuria-megaloblastic anemia is associated with phenotypes like osteoporosis and widened subarachnoid space. Cystic fibrosis is linked to phenotypes including ileus, pancreatitis, and anxiety. Additionally, the gene ATP binding cassette subfamily B member 1 causes conditions like asthenia and pemphigus.","[[""Hydroxocobalamin"", ""targets"", ""methionine_synthase""], [""Hydroxocobalamin"", ""targets"", ""methylmalonic_aciduria_type_A_protein""], [""Hydroxocobalamin"", ""affects"", ""ATP_binding_cassette_subfamily_B_member_1""], [""MTR"", ""causes"", ""homocystinuria-megaloblastic_anemia""], [""homocystinuria-megaloblastic_anemia"", ""characterized_by"", ""osteoporosis""], [""homocystinuria-megaloblastic_anemia"", ""characterized_by"", ""widened_subarachnoid_space""], [""MTR"", ""acts_within"", ""RHOH_GTPase_cycle""], [""MTR"", ""acts_within"", ""Cobalamin_(Cbl)_metabolism""], [""Methylmalonic_aciduria_type_A_protein"", ""gene_product_of"", ""MMAA""], [""Methionine_synthase"", ""gene_product_of"", ""MTR""], [""Cystic_fibrosis"", ""presents_with"", ""ileus""], [""Cystic_fibrosis"", ""presents_with"", ""pancreatitis""], [""Cystic_fibrosis"", ""presents_with"", ""anxiety""], [""ATP_binding_cassette_subfamily_B_member_1"", ""implicated_in"", ""asthenia""], [""ATP_binding_cassette_subfamily_B_member_1"", ""implicated_in"", ""cystic_fibrosis""], [""ATP_binding_cassette_subfamily_B_member_1"", ""implicated_in"", ""pemphigus""], [""MMAA"", ""acts_within"", ""Defective_MMAA_causes_MMA_cblA_type""], [""MMAA"", ""acts_within"", ""Propionyl-CoA_catabolism""]]","[[""Hydroxocobalamin"", ""targets"", ""methionine_synthase""], [""Hydroxocobalamin"", ""targets"", ""methylmalonic_aciduria_type_A_protein""], [""Methionine_synthase"", ""gene_product_of"", ""MTR""], [""MTR"", ""acts_within"", ""RHOH_GTPase_cycle""], [""MTR"", ""acts_within"", ""Cobalamin_(Cbl)_metabolism""], [""Methylmalonic_aciduria_type_A_protein"", ""gene_product_of"", ""MMAA""], [""MMAA"", ""acts_within"", ""Defective_MMAA_causes_MMA_cblA_type""], [""MMAA"", ""acts_within"", ""Propionyl-CoA_catabolism""], [""Homocystinuria-megaloblastic_anemia"", ""associated_with"", ""osteoporosis""], [""Homocystinuria-megaloblastic_anemia"", ""associated_with"", ""widened_subarachnoid_space""], [""Cystic_fibrosis"", ""linked_to"", ""ileus""], [""Cystic_fibrosis"", ""linked_to"", ""pancreatitis""], [""Cystic_fibrosis"", ""linked_to"", ""anxiety""], [""ATP_binding_cassette_subfamily_B_member_1"", ""causes"", ""asthenia""], [""ATP_binding_cassette_subfamily_B_member_1"", ""causes"", ""pemphigus""]]",0.8333333333333334,0.947580337524414,0.9888051748275756,0.8333333333333334,0.8333333333333334,0.987267049823518,0.9718736781744995,0.9564803065254812,0.9410869348764626,0.925693563227444,0.9103001915784256,0.8949068199294072,0.8795134482803888,0.8641200766313704,0.8487267049823518,0.8333333333333334,0.9336316251054786,0.942147076815427,0,edge_deletion
383,"The drug benzphetamine increases the neuropsychiatric effects while decreasing the efficacy of bisoprolol and bevantolol. In turn, bisoprolol decreases the efficacy of liothyronine.","The drug benzphetamine decreases the efficacy of bisoprolol and bevantolol, and also decreases the effect of neuropsychiatric effects. Additionally, bisoprolol decreases the efficacy of liothyronine.","[[""benzphetamine"", ""increases"", ""neuropsychiatric_effects""], [""benzphetamine"", ""decreases"", ""bisoprolol""], [""benzphetamine"", ""decreases"", ""bevantolol""], [""bisoprolol"", ""decreases"", ""liothyronine""]]","[[""benzphetamine"", ""decreases"", ""bisoprolol""], [""benzphetamine"", ""decreases"", ""bevantolol""], [""benzphetamine"", ""decreases"", ""neuropsychiatric_effects""], [""bisoprolol"", ""decreases"", ""liothyronine""]]",1.0,1.0,0.9999998807907104,1.0,1.0,0.9940613073477652,0.9946551766129886,0.9952490458782122,0.9958429151434356,0.9964367844086592,0.9970306536738828,0.997624522939106,0.9982183922043296,0.998812261469553,0.9994061307347766,1.0,0.979994753348262,0.9965710879948496,0,edge_replacement
384,"The drug pivampicillin decreases the efficacy of clomocycline, picosulfuric acid, and estradiol cypionate. Clomocycline, in turn, decreases the efficacy of phenoxymethylpenicillin and azidocillin. Estradiol cypionate decreases the efficacy of piperacillin, levothyroxine, and meticillin. Additionally, picosulfuric acid decreases the efficacy of darifenacin, pinaverium, and aspoxicillin.",Clomocycline decreases the efficacy of azidocillin. Estradiol cypionate decreases the efficacy of both piperacillin and meticillin.,"[[""pivampicillin"", ""decreases_efficacy_of"", ""clomocycline""], [""pivampicillin"", ""decreases_efficacy_of"", ""picosulfuric_acid""], [""pivampicillin"", ""decreases_efficacy_of"", ""estradiol_cypionate""], [""clomocycline"", ""decreases_efficacy_of"", ""phenoxymethylpenicillin""], [""clomocycline"", ""decreases_efficacy_of"", ""azidocillin""], [""estradiol_cypionate"", ""decreases_efficacy_of"", ""piperacillin""], [""estradiol_cypionate"", ""decreases_efficacy_of"", ""levothyroxine""], [""estradiol_cypionate"", ""decreases_efficacy_of"", ""meticillin""], [""picosulfuric_acid"", ""decreases_efficacy_of"", ""darifenacin""], [""picosulfuric_acid"", ""decreases_efficacy_of"", ""pinaverium""], [""picosulfuric_acid"", ""decreases_efficacy_of"", ""aspoxicillin""]]","[[""clomocycline"", ""decreases_efficacy_of"", ""azidocillin""], [""estradiol_cypionate"", ""decreases_efficacy_of"", ""piperacillin""], [""estradiol_cypionate"", ""decreases_efficacy_of"", ""meticillin""]]",0.4494665749754947,0.558106541633606,0.6171645522117615,0.4303314829119352,0.5179323973782373,0.910097350097434,0.8708808548255143,0.8316643595535947,0.7924478642816749,0.7532313690097553,0.7140148737378356,0.674798378465916,0.6355818831939963,0.5963653879220766,0.5571488926501569,0.5179323973782373,0.8702989817894495,0.7854402791687245,0,node_removal
385,"Demeclocycline is known to decrease efficacy of lactulose and ticarcillin, but it increases the efficacy of pancuronium. Lactulose, in turn, decreases the efficacy of methadone. Pancuronium decreases efficacy of valomaciclovir, clocortolone acetate, but it increases the efficacy of temocillin. Ticarcillin decreases efficacy of minocycline, mestranol, and gestodene.","The drug demeclocycline decreases efficacy of lactulose, ticarcillin, and increases efficacy of pancuronium. Lactulose decreases efficacy of methadone. Pancuronium decreases efficacy of valomaciclovir, clocortolone acetate, but increases efficacy of temocillin. Ticarcillin decreases efficacy of minocycline, mestranol, and gestodene.","[[""Demeclocycline"", ""decreases_efficacy_of"", ""Lactulose""], [""Demeclocycline"", ""decreases_efficacy_of"", ""Ticarcillin""], [""Demeclocycline"", ""increases_efficacy_of"", ""Pancuronium""], [""Lactulose"", ""decreases_efficacy_of"", ""Methadone""], [""Pancuronium"", ""decreases_efficacy_of"", ""Valomaciclovir""], [""Pancuronium"", ""decreases_efficacy_of"", ""Clocortolone_Acetate""], [""Pancuronium"", ""increases_efficacy_of"", ""Temocillin""], [""Ticarcillin"", ""decreases_efficacy_of"", ""Minocycline""], [""Ticarcillin"", ""decreases_efficacy_of"", ""Mestranol""], [""Ticarcillin"", ""decreases_efficacy_of"", ""Gestodene""]]","[[""Demeclocycline"", ""decreases_efficacy_of"", ""Lactulose""], [""Demeclocycline"", ""decreases_efficacy_of"", ""Ticarcillin""], [""Demeclocycline"", ""increases_efficacy_of"", ""Pancuronium""], [""Lactulose"", ""decreases_efficacy_of"", ""Methadone""], [""Pancuronium"", ""decreases_efficacy_of"", ""Valomaciclovir""], [""Pancuronium"", ""decreases_efficacy_of"", ""Clocortolone_Acetate""], [""Pancuronium"", ""increases_efficacy_of"", ""Temocillin""], [""Ticarcillin"", ""decreases_efficacy_of"", ""Minocycline""], [""Ticarcillin"", ""decreases_efficacy_of"", ""Mestranol""], [""Ticarcillin"", ""decreases_efficacy_of"", ""Gestodene""]]",1.0,1.0,1.0,1.0,1.0,0.9999999138881086,0.9999999224992976,0.999999931110487,0.999999939721676,0.9999999483328652,0.9999999569440544,0.9999999655552434,0.9999999741664326,0.9999999827776216,0.9999999913888108,1.0,0.9999999578432532,1.0,1,node_replacement
386,"Ascorbyl phosphate decreases the efficacy of both doxycycline and streptomycin. Additionally, erythromycin decreases the efficacy of ascorbyl phosphate and the vibrio cholerae cvd 103-hgr strain live antigen. Erythromycin also targets cytochrome p450 2c8, a gene product of CYP2C8. Cefoxitin targets d-alanyl-d-alanine carboxypeptidase daca. Cefoxitin decreases the efficacy of the typhoid vaccine and has a side effect of vaginal inflammation. Daunorubicin is associated with side effects such as back pain, dry skin, and chest discomfort. Finally, the vibrio cholerae cvd 103-hgr strain live antigen decreases the efficacy of daunorubicin, clofazimine, and cefoxitin.",The drug daunorubicin has the side effect of chest discomfort.,"[[""Ascorbyl_phosphate"", ""decreases_efficacy_of"", ""doxycycline""], [""Ascorbyl_phosphate"", ""decreases_efficacy_of"", ""streptomycin""], [""Erythromycin"", ""decreases_efficacy_of"", ""Ascorbyl_phosphate""], [""Erythromycin"", ""decreases_efficacy_of"", ""vibrio_cholerae_cvd_103-hgr_strain_live_antigen""], [""Erythromycin"", ""targets"", ""cytochrome_p450_2c8""], [""Cytochrome_p450_2c8"", ""gene_product_of"", ""CYP2C8""], [""Cefoxitin"", ""targets"", ""d-alanyl-d-alanine_carboxypeptidase_daca""], [""Cefoxitin"", ""decreases_efficacy_of"", ""typhoid_vaccine""], [""Cefoxitin"", ""has_side_effect"", ""vaginal_inflammation""], [""Daunorubicin"", ""has_side_effect"", ""back_pain""], [""Daunorubicin"", ""has_side_effect"", ""dry_skin""], [""Daunorubicin"", ""has_side_effect"", ""chest_discomfort""], [""Vibrio_cholerae_cvd_103-hgr_strain_live_antigen"", ""decreases_efficacy_of"", ""Daunorubicin""], [""Vibrio_cholerae_cvd_103-hgr_strain_live_antigen"", ""decreases_efficacy_of"", ""Clofazimine""], [""Vibrio_cholerae_cvd_103-hgr_strain_live_antigen"", ""decreases_efficacy_of"", ""Cefoxitin""]]","[[""Daunorubicin"", ""has_side_effect"", ""chest_discomfort""]]",0.2062394778460763,0.0,0.4506019353866577,0.2062394778460763,0.2062394778460763,0.6457375317646872,0.6017877263728261,0.5578379209809651,0.513888115589104,0.4699383101972428,0.4259885048053817,0.3820386994135207,0.3380888940216596,0.2941390886297985,0.2501892832379374,0.2062394778460763,0.6068764839424332,0.7169021006305751,0,node_removal
387,"Valpromide decreases the efficacy of deacetoxycephalosporin c, phenothiazine, and estetrol. Phenothiazine, in turn, decreases the efficacy of pheneturide and jnj-26489112, while also targeting the 5-hydroxytryptamine receptor 2c. Additionally, deacetoxycephalosporin c reduces the efficacy of felbamate. Estetrol similarly decreases the efficacy of ridaforolimus, enviomycin, and midecamycin.","Valpromide decreases the efficacy of deacetoxycephalosporin C, phenothiazine, and estetrol. Phenothiazine, in turn, reduces the efficacy of pheneturide and JNJ-26489112, while also targeting 5-hydroxytryptamine receptor 2C. Deacetoxycephalosporin C decreases the efficacy of felbamate. Finally, estetrol decreases the efficacy of ridaforolimus, enviomycin, and midecamycin.","[[""Valpromide"", ""decreases_efficacy_of"", ""deacetoxycephalosporin_c""], [""Valpromide"", ""decreases_efficacy_of"", ""phenothiazine""], [""Valpromide"", ""decreases_efficacy_of"", ""estetrol""], [""Phenothiazine"", ""decreases_efficacy_of"", ""pheneturide""], [""Phenothiazine"", ""decreases_efficacy_of"", ""jnj-26489112""], [""Phenothiazine"", ""targets"", ""5-hydroxytryptamine_receptor_2c""], [""Deacetoxycephalosporin_c"", ""reduces_efficacy_of"", ""felbamate""], [""Estetrol"", ""decreases_efficacy_of"", ""ridaforolimus""], [""Estetrol"", ""decreases_efficacy_of"", ""enviomycin""], [""Estetrol"", ""decreases_efficacy_of"", ""midecamycin""]]","[[""Valpromide"", ""decreases_efficacy_of"", ""deacetoxycephalosporin_C""], [""Valpromide"", ""decreases_efficacy_of"", ""phenothiazine""], [""Valpromide"", ""decreases_efficacy_of"", ""estetrol""], [""Phenothiazine"", ""reduces_efficacy_of"", ""pheneturide""], [""Phenothiazine"", ""reduces_efficacy_of"", ""JNJ-26489112""], [""Phenothiazine"", ""targets"", ""5-hydroxytryptamine_receptor_2C""], [""Deacetoxycephalosporin_C"", ""decreases_efficacy_of"", ""felbamate""], [""Estetrol"", ""decreases_efficacy_of"", ""ridaforolimus""], [""Estetrol"", ""decreases_efficacy_of"", ""enviomycin""], [""Estetrol"", ""decreases_efficacy_of"", ""midecamycin""]]",1.0,1.0,0.9999999403953552,1.0,1.0,0.999785556460136,0.9998070008141224,0.999828445168109,0.9998498895220952,0.9998713338760816,0.999892778230068,0.9999142225840544,0.9999356669380408,0.9999571112920272,0.9999785556460136,1.0,0.9990099501755392,0.9939914638278,1,edge_deletion
388,"Sertindole increases the neuropsychiatric effects and bradycardia. It also decreases the efficacy of istradefylline. Additionally, periciazine has a side effect of increased body temperature. On the other hand, istradefylline decreases the efficacy of periciazine, bifeprunox, and brexpiprazole.","The drug sertindole increases the effect of bradycardia but decreases the efficacy of istradefylline. It also decreases the effect of neuropsychiatric effects. Periciazine has a side effect of increased body temperature. Istradefylline decreases the efficacy of periciazine, bifeprunox, and brexpiprazole.","[[""Sertindole"", ""increases"", ""neuropsychiatric_effects""], [""Sertindole"", ""increases"", ""bradycardia""], [""Sertindole"", ""decreases"", ""efficacy_of_istradefylline""], [""Istradefylline"", ""decreases"", ""efficacy_of_periciazine""], [""Istradefylline"", ""decreases"", ""efficacy_of_bifeprunox""], [""Istradefylline"", ""decreases"", ""efficacy_of_brexpiprazole""], [""Periciazine"", ""has_side_effect"", ""increased_body_temperature""]]","[[""Sertindole"", ""increases"", ""bradycardia""], [""Sertindole"", ""decreases"", ""efficacy_of_istradefylline""], [""Sertindole"", ""decreases"", ""neuropsychiatric_effects""], [""Istradefylline"", ""decreases"", ""efficacy_of_periciazine""], [""Istradefylline"", ""decreases"", ""efficacy_of_bifeprunox""], [""Istradefylline"", ""decreases"", ""efficacy_of_brexpiprazole""], [""Periciazine"", ""has_side_effect"", ""increased_body_temperature""]]",1.0,1.0,1.0,1.0,1.0,0.9972466015933648,0.9975219414340284,0.9977972812746918,0.9980726211153552,0.9983479609560189,0.9986233007966824,0.998898640637346,0.9991739804780094,0.999449320318673,0.9997246601593364,1.0,0.9946683259547112,0.9981712251639114,0,edge_replacement
389,"The drug nadolol increases the activity of the hypoglycemic activities, increases the efficacy of reserpine, and decreases the efficacy of rimiterol. Norethisterone decreases the efficacy of liraglutide, lobeglitazone, and guar gum. Algestone acetophenide has an effect on thromboembolism and decreases the efficacy of insulin human and insulin glulisine. Insulin aspart decreases the efficacy of norethisterone, increases the efficacy of nadolol, and decreases the efficacy of algestone acetophenide.","Nadolol increases the activity of the hypoglycemic activities, increases the efficacy of reserpine, and decreases the efficacy of rimiterol. Norethisterone decreases the efficacy of liraglutide, lobeglitazone, and guar gum. Algestone acetophenide has an effect on thromboembolism and decreases the efficacy of insulin human and insulin glulisine. Insulin aspart decreases the efficacy of norethisterone, increases the efficacy of nadolol, and decreases the efficacy of algestone acetophenide.","[[""Nadolol"", ""increases_activity_of"", ""hypoglycemic_activities""], [""Nadolol"", ""increases_efficacy_of"", ""Reserpine""], [""Nadolol"", ""decreases_efficacy_of"", ""Rimiterol""], [""Norethisterone"", ""decreases_efficacy_of"", ""Liraglutide""], [""Norethisterone"", ""decreases_efficacy_of"", ""Lobeglitazone""], [""Norethisterone"", ""decreases_efficacy_of"", ""Guar_Gum""], [""Algestone_Acetophenide"", ""has_effect_on"", ""Thromboembolism""], [""Algestone_Acetophenide"", ""decreases_efficacy_of"", ""Insulin_Human""], [""Algestone_Acetophenide"", ""decreases_efficacy_of"", ""Insulin_Glulisine""], [""Insulin_Aspart"", ""decreases_efficacy_of"", ""Norethisterone""], [""Insulin_Aspart"", ""increases_efficacy_of"", ""Nadolol""], [""Insulin_Aspart"", ""decreases_efficacy_of"", ""Algestone_Acetophenide""]]","[[""Nadolol"", ""increases_activity_of"", ""hypoglycemic_activities""], [""Nadolol"", ""increases_efficacy_of"", ""Reserpine""], [""Nadolol"", ""decreases_efficacy_of"", ""Rimiterol""], [""Norethisterone"", ""decreases_efficacy_of"", ""Liraglutide""], [""Norethisterone"", ""decreases_efficacy_of"", ""Lobeglitazone""], [""Norethisterone"", ""decreases_efficacy_of"", ""Guar_Gum""], [""Algestone_Acetophenide"", ""has_effect_on"", ""Thromboembolism""], [""Algestone_Acetophenide"", ""decreases_efficacy_of"", ""Insulin_Human""], [""Algestone_Acetophenide"", ""decreases_efficacy_of"", ""Insulin_Glulisine""], [""Insulin_Aspart"", ""decreases_efficacy_of"", ""Norethisterone""], [""Insulin_Aspart"", ""increases_efficacy_of"", ""Nadolol""], [""Insulin_Aspart"", ""decreases_efficacy_of"", ""Algestone_Acetophenide""]]",1.0,1.0,0.9999999403953552,1.0,1.0,1.0,1.0,1.0,1.0,1.0,1.0,1.0,1.0,1.0,1.0,1.0,0.9999999888432314,1.0,1,edge_replacement
390,"The drug fenpiverinium decreases efficacy when used with magnesium carbonate, acotiamide, and frangula purshiana bark. Magnesium carbonate decreases efficacy when used with olanzapine, naltrexone, but increases efficacy when used with pyrantel. Olanzapine has side effects including feeling abnormal, libido decreased, and embolism. Frangula purshiana bark decreases efficacy when used with butabarbital, pirenzepine, and timepidium. Acotiamide decreases efficacy when used with fluorometholone, propantheline, and diphenidol.","The drug fenpiverinium decreases the efficacy of magnesium carbonate, acotiamide, and frangula purshiana bark. In turn, magnesium carbonate decreases the efficacy of olanzapine, naltrexone, while increasing the efficacy of pyrantel. Olanzapine has side effects like feeling abnormal, decreased libido, and embolism. Frangula purshiana bark decreases the efficacy of butabarbital, pirenzepine, and timepidium. Lastly, acotiamide decreases the efficacy of fluorometholone, propantheline, and diphenidol.","[[""fenpiverinium"", ""decreases_efficacy_with"", ""magnesium_carbonate""], [""fenpiverinium"", ""decreases_efficacy_with"", ""acotiamide""], [""fenpiverinium"", ""decreases_efficacy_with"", ""frangula_purshiana_bark""], [""magnesium_carbonate"", ""decreases_efficacy_with"", ""olanzapine""], [""magnesium_carbonate"", ""decreases_efficacy_with"", ""naltrexone""], [""magnesium_carbonate"", ""increases_efficacy_with"", ""pyrantel""], [""olanzapine"", ""has_side_effect"", ""feeling_abnormal""], [""olanzapine"", ""has_side_effect"", ""libido_decreased""], [""olanzapine"", ""has_side_effect"", ""embolism""], [""frangula_purshiana_bark"", ""decreases_efficacy_with"", ""butabarbital""], [""frangula_purshiana_bark"", ""decreases_efficacy_with"", ""pirenzepine""], [""frangula_purshiana_bark"", ""decreases_efficacy_with"", ""timepidium""], [""acotiamide"", ""decreases_efficacy_with"", ""fluorometholone""], [""acotiamide"", ""decreases_efficacy_with"", ""propantheline""], [""acotiamide"", ""decreases_efficacy_with"", ""diphenidol""]]","[[""fenpiverinium"", ""decreases_efficacy_of"", ""magnesium_carbonate""], [""fenpiverinium"", ""decreases_efficacy_of"", ""acotiamide""], [""fenpiverinium"", ""decreases_efficacy_of"", ""frangula_purshiana_bark""], [""magnesium_carbonate"", ""decreases_efficacy_of"", ""olanzapine""], [""magnesium_carbonate"", ""decreases_efficacy_of"", ""naltrexone""], [""magnesium_carbonate"", ""increases_efficacy_of"", ""pyrantel""], [""olanzapine"", ""has_side_effect"", ""feeling_abnormal""], [""olanzapine"", ""has_side_effect"", ""decreased_libido""], [""olanzapine"", ""has_side_effect"", ""embolism""], [""frangula_purshiana_bark"", ""decreases_efficacy_of"", ""butabarbital""], [""frangula_purshiana_bark"", ""decreases_efficacy_of"", ""pirenzepine""], [""frangula_purshiana_bark"", ""decreases_efficacy_of"", ""timepidium""], [""acotiamide"", ""decreases_efficacy_of"", ""fluorometholone""], [""acotiamide"", ""decreases_efficacy_of"", ""propantheline""], [""acotiamide"", ""decreases_efficacy_of"", ""diphenidol""]]",1.0,0.91096830368042,0.9794967174530028,0.8125,1.0,0.9882729501021776,0.98944565509196,0.9906183600817422,0.9917910650715244,0.9929637700613066,0.9941364750510888,0.9953091800408712,0.9964818850306534,0.9976545900204355,0.9988272950102176,1.0,0.9843543263038856,0.9952761033929534,1,edge_deletion
391,"Meperidine decreases the efficacy of oxyphenisatin acetate, calcium polycarbophil and can cause myoclonus as a side effect. Piritramide decreases the efficacy of plantago seed, ondelopran, and meticrane. Fentanyl targets the mu-type opioid receptor. Potassium bitartrate decreases the efficacy of meperidine, fentanyl, and piritramide.","Meperidine decreases the efficacy of oxyphenisatin acetate and calcium polycarbophil. It also has a side effect of causing Myoclonus.

Piritramide decreases the efficacy of plantago seed, ondelopran, and meticrane.

Fentanyl targets the mu-type opioid receptor.

Potassium bitartrate decreases the efficacy of fentanyl.","[[""Meperidine"", ""decreases_efficacy_of"", ""oxyphenisatin_acetate""], [""Meperidine"", ""decreases_efficacy_of"", ""calcium_polycarbophil""], [""Meperidine"", ""causes"", ""myoclonus""], [""Piritramide"", ""decreases_efficacy_of"", ""plantago_seed""], [""Piritramide"", ""decreases_efficacy_of"", ""ondelopran""], [""Piritramide"", ""decreases_efficacy_of"", ""meticrane""], [""Fentanyl"", ""targets"", ""mu-type_opioid_receptor""], [""Potassium_bitartrate"", ""decreases_efficacy_of"", ""meperidine""], [""Potassium_bitartrate"", ""decreases_efficacy_of"", ""fentanyl""], [""Potassium_bitartrate"", ""decreases_efficacy_of"", ""piritramide""]]","[[""Meperidine"", ""decreases_efficacy_of"", ""oxyphenisatin_acetate""], [""Meperidine"", ""decreases_efficacy_of"", ""calcium_polycarbophil""], [""Meperidine"", ""causes"", ""myoclonus""], [""Piritramide"", ""decreases_efficacy_of"", ""plantago_seed""], [""Piritramide"", ""decreases_efficacy_of"", ""ondelopran""], [""Piritramide"", ""decreases_efficacy_of"", ""meticrane""], [""Fentanyl"", ""targets"", ""mu-type_opioid_receptor""], [""Potassium_bitartrate"", ""decreases_efficacy_of"", ""fentanyl""]]",0.8484848484848485,0.9211132526397704,0.9689828753471376,0.8484848484848485,0.8484848484848485,0.9882336589597606,0.9742587779122692,0.9602838968647782,0.9463090158172868,0.9323341347697958,0.9183592537223044,0.9043843726748132,0.8904094916273221,0.8764346105798309,0.8624597295323397,0.8484848484848485,0.9865491273429938,0.9934817693776082,0,edge_deletion
392,"The drug alimemazine increases neuropsychiatric effects but decreases the efficacy of acetohexamide and tolazamide. Similarly, hydroxyprogesterone caproate decreases the efficacy of miglitol, heparin, and gosogliptin. Clopamide, on the other hand, increases the efficacy of sulfamethoxazole and evogliptin. Tolazamide has conflicting effects by decreasing the efficacy of hydroxyprogesterone caproate but increasing the efficacy of clopamide. Acetohexamide decreases the efficacy of liothyronine but increases the efficacy of sarafloxacin while decreasing the efficacy of gestrinone.","The drug alimemazine increases the neuropsychiatric effects but decreases the efficacy of acetohexamide and tolazamide. Hydroxyprogesterone caproate decreases the efficacy of miglitol, heparin, and gosogliptin. Clopamide increases the efficacy of sulfamethoxazole and evogliptin. Tolazamide decreases the efficacy of hydroxyprogesterone caproate but increases the efficacy of clopamide. Acetohexamide decreases the efficacy of liothyronine and gestrinone, while increasing the efficacy of sarafloxacin.","[[""alimemazine"", ""increases"", ""neuropsychiatric_effects""], [""alimemazine"", ""decreases"", ""acetohexamide""], [""alimemazine"", ""decreases"", ""tolazamide""], [""hydroxyprogesterone_caproate"", ""decreases"", ""miglitol""], [""hydroxyprogesterone_caproate"", ""decreases"", ""heparin""], [""hydroxyprogesterone_caproate"", ""decreases"", ""gosogliptin""], [""clopamide"", ""increases"", ""sulfamethoxazole""], [""clopamide"", ""increases"", ""evogliptin""], [""tolazamide"", ""decreases"", ""hydroxyprogesterone_caproate""], [""tolazamide"", ""increases"", ""clopamide""], [""acetohexamide"", ""decreases"", ""liothyronine""], [""acetohexamide"", ""increases"", ""sarafloxacin""], [""acetohexamide"", ""decreases"", ""gestrinone""]]","[[""alimemazine"", ""increases"", ""neuropsychiatric_effects""], [""alimemazine"", ""decreases"", ""acetohexamide""], [""alimemazine"", ""decreases"", ""tolazamide""], [""hydroxyprogesterone_caproate"", ""decreases"", ""miglitol""], [""hydroxyprogesterone_caproate"", ""decreases"", ""heparin""], [""hydroxyprogesterone_caproate"", ""decreases"", ""gosogliptin""], [""clopamide"", ""increases"", ""sulfamethoxazole""], [""clopamide"", ""increases"", ""evogliptin""], [""tolazamide"", ""decreases"", ""hydroxyprogesterone_caproate""], [""tolazamide"", ""increases"", ""clopamide""], [""acetohexamide"", ""decreases"", ""liothyronine""], [""acetohexamide"", ""decreases"", ""gestrinone""], [""acetohexamide"", ""increases"", ""sarafloxacin""]]",1.0,1.0,0.9999999403953552,1.0,1.0,0.9999999982239568,0.9999999984015612,0.9999999985791654,0.9999999987567698,0.999999998934374,0.9999999991119785,0.9999999992895828,0.9999999994671872,0.9999999996447914,0.9999999998223956,1.0,1.0,0.9999999860747772,1,edge_replacement
393,"The anthrax vaccine decreases the efficacy of various medications including valaciclovir, elvitegravir, and laninamivir octanoate. Cenicriviroc, on the other hand, decreases the efficacy of the yellow fever vaccine, anthrax vaccine, and typhoid vaccine live. Additionally, brivudine decreases the efficacy of the varicella zoster vaccine (live/attenuated). Furthermore, the typhoid vaccine live reduces the efficacy of entecavir, telbivudine, and brivudine.","The compound ircinialactam a decreases the efficacy of taurolithocholic acid, clopamide, and heptadecane-1,14-diol. Additionally, the compound betanmn reduces the efficacy of the yellow fever vaccine, ircinialactam a, and regorafenib. Almiramide b also decreases the efficacy of hypocrellol d. Conversely, regorafenib decreases the efficacy of entecavir, telbivudine, and almiramide b.","[[""anthrax_vaccine"", ""decreases_efficacy_of"", ""valaciclovir""], [""anthrax_vaccine"", ""decreases_efficacy_of"", ""elvitegravir""], [""anthrax_vaccine"", ""decreases_efficacy_of"", ""laninamivir_octanoate""], [""cenicriviroc"", ""decreases_efficacy_of"", ""yellow_fever_vaccine""], [""cenicriviroc"", ""decreases_efficacy_of"", ""anthrax_vaccine""], [""cenicriviroc"", ""decreases_efficacy_of"", ""typhoid_vaccine_live""], [""brivudine"", ""decreases_efficacy_of"", ""varicella_zoster_vaccine""], [""typhoid_vaccine_live"", ""decreases_efficacy_of"", ""entecavir""], [""typhoid_vaccine_live"", ""decreases_efficacy_of"", ""telbivudine""], [""typhoid_vaccine_live"", ""decreases_efficacy_of"", ""brivudine""]]","[[""ircinialactam_a"", ""decreases_efficacy_of"", ""taurolithocholic_acid""], [""ircinialactam_a"", ""decreases_efficacy_of"", ""clopamide""], [""ircinialactam_a"", ""decreases_efficacy_of"", ""heptadecane-1,14-diol""], [""betanmn"", ""decreases_efficacy_of"", ""yellow_fever_vaccine""], [""betanmn"", ""decreases_efficacy_of"", ""ircinialactam_a""], [""betanmn"", ""decreases_efficacy_of"", ""regorafenib""], [""almiramide_b"", ""decreases_efficacy_of"", ""hypocrellol_d""], [""regorafenib"", ""decreases_efficacy_of"", ""entecavir""], [""regorafenib"", ""decreases_efficacy_of"", ""telbivudine""], [""regorafenib"", ""decreases_efficacy_of"", ""almiramide_b""]]",0.4045199174779452,0.0,0.0,0.2727272727272727,0.4045199174779452,0.7770295723922559,0.7397786069008249,0.7025276414093938,0.6652766759179627,0.6280257104265317,0.5907747449351006,0.5535237794436696,0.5162728139522385,0.4790218484608073,0.4417708829693763,0.4045199174779452,0.7216108580222892,0.6497453124873569,0,node_replacement
394,"Magnesium hydroxide decreases the efficacy of allopurinol, anisotropine methylbromide, and hexobarbital. Additionally, atracurium besylate increases the efficacy of magnesium hydroxide and magnesium glycinate, but decreases the efficacy of pyridostigmine. Homatropine is indicated for iridocyclitis and has side effects including tachycardia and disorientation. Oxybutynin causes constipation as a side effect. Moreover, magnesium glycinate decreases the efficacy of naltrexone, oxybutynin, and homatropine. Lastly, pyridostigmine decreases the efficacy of gallamine triethiodide, tolterodine, and prifinium.",The medication magnesium hydroxide decreases the efficacy of hexobarbital. Homatropine is indicated for iridocyclitis and has a side effect of disorientation. Magnesium glycinate reduces the efficacy of homatropine. Pyridostigmine decreases the efficacy of both tolterodine and prifinium.,"[[""Magnesium_hydroxide"", ""decreases_efficacy_of"", ""allopurinol""], [""Magnesium_hydroxide"", ""decreases_efficacy_of"", ""anisotropine_methylbromide""], [""Magnesium_hydroxide"", ""decreases_efficacy_of"", ""hexobarbital""], [""Atracurium_besylate"", ""increases_efficacy_of"", ""Magnesium_hydroxide""], [""Atracurium_besylate"", ""increases_efficacy_of"", ""Magnesium_glycinate""], [""Atracurium_besylate"", ""decreases_efficacy_of"", ""pyridostigmine""], [""Homatropine"", ""indicated_for"", ""iridocyclitis""], [""Homatropine"", ""has_side_effect"", ""tachycardia""], [""Homatropine"", ""has_side_effect"", ""disorientation""], [""Oxybutynin"", ""causes"", ""constipation""], [""Magnesium_glycinate"", ""decreases_efficacy_of"", ""naltrexone""], [""Magnesium_glycinate"", ""decreases_efficacy_of"", ""oxybutynin""], [""Magnesium_glycinate"", ""decreases_efficacy_of"", ""homatropine""], [""Pyridostigmine"", ""decreases_efficacy_of"", ""gallamine_triethiodide""], [""Pyridostigmine"", ""decreases_efficacy_of"", ""tolterodine""], [""Pyridostigmine"", ""decreases_efficacy_of"", ""prifinium""]]","[[""Magnesium_hydroxide"", ""decreases_efficacy_of"", ""hexobarbital""], [""Homatropine"", ""indicated_for"", ""iridocyclitis""], [""Homatropine"", ""has_side_effect"", ""disorientation""], [""Magnesium_glycinate"", ""reduces_efficacy_of"", ""homatropine""], [""Pyridostigmine"", ""decreases_efficacy_of"", ""tolterodine""], [""Pyridostigmine"", ""decreases_efficacy_of"", ""prifinium""]]",0.4861359120657514,0.6877874135971069,0.7751127481460571,0.4581228472908512,0.4581228472908512,0.9421585397559504,0.8937549705094406,0.8453514012629307,0.7969478320164207,0.7485442627699108,0.7001406935234009,0.651737124276891,0.603333555030381,0.554929985783871,0.5065264165373611,0.4581228472908512,0.8892018269721573,0.956357659765534,0,node_removal
395,"The drug INGN 225 decreases the efficacy of busulfan and belumosudil. Additionally, the vaccine Vibrio cholerae CVD 103-HgR strain live antigen reduces the efficacy of sparfloxacin, quinupristin, and enrofloxacin. Moreover, Anthrax immune globulin human decreases the efficacy of amsacrine, pomalidomide, and emapalumab. Furthermore, 2-methoxyethanol decreases the efficacy of INGN 225, Anthrax immune globulin human, and Vibrio cholerae CVD 103-HgR strain live antigen.","The compound dihydroauroglaucin decreases the efficacy of the drugs busulfan and belumosudil. Vibrio cholerae CVD 103-HgR strain live antigen reduces the efficacy of the drugs lomustine, quinupristin, and gramideoxybenzoin C. Anthrax immune globulin human decreases the efficacy of the drugs amsacrine, (-)-6-feruloyl-catalpol, and emapalumab. Additionally, 2-methoxyethanol decreases the efficacy of dihydroauroglaucin, anthrax immune globulin human, and Vibrio cholerae CVD 103-HgR strain live antigen.","[[""INGN_225"", ""decreases_efficacy_of"", ""busulfan""], [""INGN_225"", ""decreases_efficacy_of"", ""belumosudil""], [""Vibrio_cholerae_CVD_103-HgR_strain_live_antigen"", ""reduces_efficacy_of"", ""sparfloxacin""], [""Vibrio_cholerae_CVD_103-HgR_strain_live_antigen"", ""reduces_efficacy_of"", ""quinupristin""], [""Vibrio_cholerae_CVD_103-HgR_strain_live_antigen"", ""reduces_efficacy_of"", ""enrofloxacin""], [""Anthrax_immune_globulin_human"", ""decreases_efficacy_of"", ""amsacrine""], [""Anthrax_immune_globulin_human"", ""decreases_efficacy_of"", ""pomalidomide""], [""Anthrax_immune_globulin_human"", ""decreases_efficacy_of"", ""emapalumab""], [""2-methoxyethanol"", ""decreases_efficacy_of"", ""INGN_225""], [""2-methoxyethanol"", ""decreases_efficacy_of"", ""Anthrax_immune_globulin_human""], [""2-methoxyethanol"", ""decreases_efficacy_of"", ""Vibrio_cholerae_CVD_103-HgR_strain_live_antigen""]]","[[""dihydroauroglaucin"", ""decreases_efficacy_of"", ""busulfan""], [""dihydroauroglaucin"", ""decreases_efficacy_of"", ""belumosudil""], [""Vibrio_cholerae_CVD_103-HgR_strain_live_antigen"", ""reduces_efficacy_of"", ""lomustine""], [""Vibrio_cholerae_CVD_103-HgR_strain_live_antigen"", ""reduces_efficacy_of"", ""quinupristin""], [""Vibrio_cholerae_CVD_103-HgR_strain_live_antigen"", ""reduces_efficacy_of"", ""gramideoxybenzoin_C""], [""Anthrax_immune_globulin_human"", ""decreases_efficacy_of"", ""amsacrine""], [""Anthrax_immune_globulin_human"", ""decreases_efficacy_of"", ""(-)-6-feruloyl-catalpol""], [""Anthrax_immune_globulin_human"", ""decreases_efficacy_of"", ""emapalumab""], [""2-methoxyethanol"", ""decreases_efficacy_of"", ""dihydroauroglaucin""], [""2-methoxyethanol"", ""decreases_efficacy_of"", ""Anthrax_immune_globulin_human""], [""2-methoxyethanol"", ""decreases_efficacy_of"", ""Vibrio_cholerae_CVD_103-HgR_strain_live_antigen""]]",0.5512459105263765,0.7656750082969666,0.8908045887947083,0.5277777777777778,0.5512459105263765,0.9458970177843752,0.9064319070585752,0.8669667963327755,0.8275016856069755,0.7880365748811756,0.7485714641553758,0.709106353429576,0.6696412427037761,0.6301761319779762,0.5907110212521763,0.5512459105263765,0.8794539701023347,0.9258531853444408,0,node_replacement
396,"The drug gestodene decreases the efficacy of glipizide, temocillin, and epicillin. Similarly, lynestrenol decreases the efficacy of glisoxepide, chenodeoxycholic acid, and insulin degludec. Additionally, glycochenodeoxycholic acid decreases the efficacy of gestodene, gestrinone, and lynestrenol. Furthermore, gestrinone decreases the efficacy of acetohexamide and chlorpropamide, and has the nuclear factor erythroid 2-related factor 2 as its target.","The drug gestodene decreases the efficacy of glipizide, temocillin, and epicillin. Lynestrenol also decreases the efficacy of sinularolide A, chenodeoxycholic acid, and insulin degludec. Additionally, glycochenodeoxycholic acid decreases the efficacy of gestodene, deoxylactucin, and lynestrenol. Deoxylactucin decreases the efficacy of acetohexamide and chlorpropamide, while also targeting nuclear factor erythroid 2-related factor 2.","[[""gestodene"", ""decreases_efficacy_of"", ""glipizide""], [""gestodene"", ""decreases_efficacy_of"", ""temocillin""], [""gestodene"", ""decreases_efficacy_of"", ""epicillin""], [""lynestrenol"", ""decreases_efficacy_of"", ""glisoxepide""], [""lynestrenol"", ""decreases_efficacy_of"", ""chenodeoxycholic_acid""], [""lynestrenol"", ""decreases_efficacy_of"", ""insulin_degludec""], [""glycochenodeoxycholic_acid"", ""decreases_efficacy_of"", ""gestodene""], [""glycochenodeoxycholic_acid"", ""decreases_efficacy_of"", ""gestrinone""], [""glycochenodeoxycholic_acid"", ""decreases_efficacy_of"", ""lynestrenol""], [""gestrinone"", ""decreases_efficacy_of"", ""acetohexamide""], [""gestrinone"", ""decreases_efficacy_of"", ""chlorpropamide""], [""gestrinone"", ""has_target"", ""nuclear_factor_erythroid_2-related_factor_2""]]","[[""gestodene"", ""decreases_efficacy_of"", ""glipizide""], [""gestodene"", ""decreases_efficacy_of"", ""temocillin""], [""gestodene"", ""decreases_efficacy_of"", ""epicillin""], [""lynestrenol"", ""decreases_efficacy_of"", ""sinularolide_A""], [""lynestrenol"", ""decreases_efficacy_of"", ""chenodeoxycholic_acid""], [""lynestrenol"", ""decreases_efficacy_of"", ""insulin_degludec""], [""glycochenodeoxycholic_acid"", ""decreases_efficacy_of"", ""gestodene""], [""glycochenodeoxycholic_acid"", ""decreases_efficacy_of"", ""deoxylactucin""], [""glycochenodeoxycholic_acid"", ""decreases_efficacy_of"", ""lynestrenol""], [""deoxylactucin"", ""decreases_efficacy_of"", ""acetohexamide""], [""deoxylactucin"", ""decreases_efficacy_of"", ""chlorpropamide""], [""deoxylactucin"", ""has_target"", ""nuclear_factor_erythroid_2-related_factor_2""]]",0.4919098582484145,0.9306640625,0.9788008332252502,0.6666666666666666,0.6325987349183445,0.9728328056476848,0.9388093985747508,0.9047859915018168,0.8707625844288825,0.8367391773559486,0.8027157702830146,0.7686923632100806,0.7346689561371466,0.7006455490642125,0.6666221419912784,0.6325987349183445,0.9365630525483511,0.930944412115646,0,node_replacement
397,"Metocurine iodide increases the efficacy of penimepicycline. Senna leaf decreases the efficacy of metocurine iodide, promazine, and verapamil. Promazine decreases the efficacy of tyrothricin and posiphen. Verapamil decreases the efficacy of dopexamine, has the side effect of causing Angina pectoris, and has the target mcf7-vp.","Metocurine iodide increases the efficacy of penimepicycline. Senna leaf decreases the efficacy of metocurine iodide, promazine, and verapamil. Promazine decreases the efficacy of tyrothricin and posiphen. Verapamil decreases the efficacy of dopexamine, has a target of mcf7-vp, and has a side effect of angina pectoris.","[[""Metocurine_iodide"", ""increases_efficacy_of"", ""Penimepicycline""], [""Senna_leaf"", ""decreases_efficacy_of"", ""Metocurine_iodide""], [""Senna_leaf"", ""decreases_efficacy_of"", ""Promazine""], [""Senna_leaf"", ""decreases_efficacy_of"", ""Verapamil""], [""Promazine"", ""decreases_efficacy_of"", ""Tyrothricin""], [""Promazine"", ""decreases_efficacy_of"", ""Posiphen""], [""Verapamil"", ""decreases_efficacy_of"", ""Dopexamine""], [""Verapamil"", ""has_side_effect"", ""Angina_pectoris""], [""Verapamil"", ""has_target"", ""mcf7-vp""]]","[[""Metocurine_iodide"", ""increases_efficacy_of"", ""Penimepicycline""], [""Senna_leaf"", ""decreases_efficacy_of"", ""Metocurine_iodide""], [""Senna_leaf"", ""decreases_efficacy_of"", ""Promazine""], [""Senna_leaf"", ""decreases_efficacy_of"", ""Verapamil""], [""Promazine"", ""decreases_efficacy_of"", ""Tyrothricin""], [""Promazine"", ""decreases_efficacy_of"", ""Posiphen""], [""Verapamil"", ""decreases_efficacy_of"", ""Dopexamine""], [""Verapamil"", ""has_target"", ""mcf7-vp""], [""Verapamil"", ""has_side_effect"", ""Angina_pectoris""]]",1.0,0.9999999403953552,1.0,1.0,1.0,0.999999998150746,0.9999999983356712,0.9999999985205968,0.999999998705522,0.9999999988904476,0.999999999075373,0.9999999992602984,0.9999999994452238,0.9999999996301492,0.9999999998150746,1.0,0.9999999996026356,1.0,1,edge_deletion
398,"Isoxsuprine increases the activity of the hypertensive activities, enhances the efficacy of epinephrine, but decreases the efficacy of bunazosin. Epinephrine, in turn, decreases the efficacy of trifluoperazine but increases the efficacy of both pimethixene and thiazinam. On the other hand, bunazosin decreases the efficacy of both tenamfetamine and rilmenidine.","Isoxsuprine increases the activity of the hypertensive activities and enhances the efficacy of epinephrine. Additionally, isoxsuprine reduces the efficacy of bunazosin. Epinephrine decreases the efficacy of trifluoperazine, but it enhances the efficacy of pimethixene and thiazinam. On the other hand, bunazosin decreases the efficacy of tenamfetamine and rilmenidine.","[[""Isoxsuprine"", ""increases"", ""hypertensive_activities""], [""Isoxsuprine"", ""enhances"", ""epinephrine""], [""Isoxsuprine"", ""decreases"", ""bunazosin""], [""Epinephrine"", ""decreases"", ""trifluoperazine""], [""Epinephrine"", ""increases"", ""pimethixene""], [""Epinephrine"", ""increases"", ""thiazinam""], [""Bunazosin"", ""decreases"", ""tenamfetamine""], [""Bunazosin"", ""decreases"", ""rilmenidine""]]","[[""Isoxsuprine"", ""increases"", ""hypertensive_activities""], [""Isoxsuprine"", ""enhances"", ""epinephrine""], [""Isoxsuprine"", ""reduces"", ""bunazosin""], [""Epinephrine"", ""decreases"", ""trifluoperazine""], [""Epinephrine"", ""enhances"", ""pimethixene""], [""Epinephrine"", ""enhances"", ""thiazinam""], [""Bunazosin"", ""decreases"", ""tenamfetamine""], [""Bunazosin"", ""decreases"", ""rilmenidine""]]",1.0,1.0,1.0,1.0,1.0,0.9953257097179112,0.99579313874612,0.996260567774329,0.9967279968025378,0.9971954258307468,0.9976628548589556,0.9981302838871644,0.9985977129153734,0.9990651419435824,0.9995325709717912,1.0,0.9916238410348074,0.976686293401868,1,edge_replacement
399,"Dosulepin increases the effect of constipation and has side effects such as dermatitis and fatigue. Iohexol has side effects including musculoskeletal discomfort and fever chills. Azlocillin decreases the efficacy of clobazam, phenacemide, and flunarizine. Additionally, fenfluramine decreases the efficacy of azlocillin, iohexol, and dosulepin.","Dosulepin has side effects such as dermatitis, fatigue, and also decreases the effect on constipation. Iohexol can cause musculoskeletal discomfort and fever chills as side effects. Azlocillin decreases the efficacy of clobazam, phenacemide, and flunarizine. Fenfluramine decreases the efficacy of azlocillin, iohexol, and dosulepin.","[[""Dosulepin"", ""increases"", ""constipation""], [""Dosulepin"", ""has_side_effect"", ""dermatitis""], [""Dosulepin"", ""has_side_effect"", ""fatigue""], [""Iohexol"", ""has_side_effect"", ""musculoskeletal_discomfort""], [""Iohexol"", ""has_side_effect"", ""fever_chills""], [""Azlocillin"", ""decreases_efficacy_of"", ""clobazam""], [""Azlocillin"", ""decreases_efficacy_of"", ""phenacemide""], [""Azlocillin"", ""decreases_efficacy_of"", ""flunarizine""], [""Fenfluramine"", ""decreases_efficacy_of"", ""azlocillin""], [""Fenfluramine"", ""decreases_efficacy_of"", ""iohexol""], [""Fenfluramine"", ""decreases_efficacy_of"", ""dosulepin""]]","[[""Dosulepin"", ""has_side_effect"", ""dermatitis""], [""Dosulepin"", ""has_side_effect"", ""fatigue""], [""Dosulepin"", ""decreases_effect_on"", ""constipation""], [""Iohexol"", ""has_side_effect"", ""musculoskeletal_discomfort""], [""Iohexol"", ""has_side_effect"", ""fever_chills""], [""Azlocillin"", ""decreases_efficacy_of"", ""clobazam""], [""Azlocillin"", ""decreases_efficacy_of"", ""phenacemide""], [""Azlocillin"", ""decreases_efficacy_of"", ""flunarizine""], [""Fenfluramine"", ""decreases_efficacy_of"", ""azlocillin""], [""Fenfluramine"", ""decreases_efficacy_of"", ""iohexol""], [""Fenfluramine"", ""decreases_efficacy_of"", ""dosulepin""]]",1.0,1.0,1.0,1.0,1.0,0.9988080271335298,0.9989272244201768,0.9990464217068238,0.9991656189934708,0.999284816280118,0.9994040135667648,0.999523210853412,0.999642408140059,0.999761605426706,0.999880802713353,1.0,0.989212525531454,0.994411968351725,0,edge_replacement
