id,paragraph_1,paragraph_2,kg_1,kg_2,kea_similarity,transe_similarity,rotate_similarity,wl_kernel_similarity,aa_kea_similarity,snea_bert_alpha_0.0,snea_bert_alpha_0.1,snea_bert_alpha_0.2,snea_bert_alpha_0.3,snea_bert_alpha_0.4,snea_bert_alpha_0.5,snea_bert_alpha_0.6,snea_bert_alpha_0.7,snea_bert_alpha_0.8,snea_bert_alpha_0.9,snea_bert_alpha_1.0_SNEA_alone,kea_bert_similarity,semantic_wl_similarity
0,"Last week , his lawyers asked Warner to grant clemency under conditions that would have lead to a new sentencing hearing .","Last week , his lawyers asked Gov. Mark R. Warner to grant clemency , but the governor declined to intervene .","[[""lawyers"", ""asked"", ""Warner""], [""Warner"", ""to_grant"", ""clemency""], [""clemency"", ""condition"", ""new_sentencing_hearing""]]","[[""lawyers"", ""asked"", ""Mark_R._Warner""], [""Mark_R._Warner"", ""to_grant"", ""clemency""], [""Mark_R._Warner"", ""declined_to"", ""intervene""]]",0.28867513459481287,0.25693726539611816,0.5386955738067627,0.08333333333333333,0.28867513459481287,0.8725428113005174,0.8141560436299469,0.7557692759593765,0.697382508288806,0.6389957406182356,0.5806089729476651,0.5222222052770946,0.46383543760652424,0.40544866993595374,0.3470619022653833,0.28867513459481287,0.8718621400570623,0.768867890302232
1,It forecast 445 billion yen in loan-loss charges for the year ending next March .,The bank booked 820 billion yen in loan-loss charges compared with 1.9 trillion yen a year ago .,"[[""It"", ""forecast"", ""445_billion_yen_in_loan_loss_charges""], [""445_billion_yen_in_loan_loss_charges"", ""for_year_ending"", ""next_March""]]","[[""The_bank"", ""booked"", ""820_billion_yen_in_loan_loss_charges""], [""820_billion_yen_in_loan_loss_charges"", ""compared_to"", ""1.9_trillion_yen""], [""1.9_trillion_yen"", ""was_booked"", ""a_year_ago""]]",0.06804138174397717,0.0,0.044951580464839935,0.0,0.06804138174397717,0.8276962763864909,0.7517307869222396,0.6757652974579882,0.5997998079937368,0.5238343185294854,0.44786882906523406,0.37190333960098265,0.2959378501367313,0.21997236067247988,0.14400687120822853,0.06804138174397717,0.6058136496215419,0.660408086547287
2,"Only two other countries , Germany and the Dominican Republic , have publicly expressed reservations , and Germany has since said it will sign it .","Only two other countries , the Dominican Republic and Germany , publicly expressed reservations about the treaty , and Germany has since said it will support the pact .","[[""Germany"", ""expressed_reservations"", ""treaty""], [""Dominican_Republic"", ""expressed_reservations"", ""treaty""], [""Germany"", ""will_sign"", ""treaty""]]","[[""Dominican_Republic"", ""expressed_reservations"", ""treaty""], [""Germany"", ""expressed_reservations"", ""treaty""], [""Germany"", ""will_support"", ""pact""]]",0.6254627916220946,0.7862024307250977,0.8632965087890625,0.14433756729740643,0.6254627916220946,0.9603543356788116,0.9268651812731399,0.8933760268674682,0.8598868724617964,0.8263977180561248,0.7929085636504531,0.7594194092447815,0.7259302548391098,0.692441100433438,0.6589519460277663,0.6254627916220946,0.9148636858745605,0.9256318232518738
3,Shares of Coke closed New York Stock Exchange trading Thursday at $ 44.01 .,"In morning trading on the New York Stock Exchange , Coca-Cola shares were down 34 cents at $ 43.67 .","[[""Coke"", ""closed_at"", ""$44.01""], [""Coke"", ""traded_on"", ""New_York_Stock_Exchange""]]","[[""Coca-Cola"", ""traded_on"", ""New_York_Stock_Exchange""], [""Coca-Cola"", ""closed_at"", ""$43.67""], [""Coca-Cola"", ""decreased_by"", ""$0.34""]]",0.3888888888888889,0.0,0.4567145109176636,0.28867513459481287,0.3888888888888889,0.8348810755522051,0.7902818568858735,0.7456826382195418,0.7010834195532103,0.6564842008868786,0.611884982220547,0.5672857635542154,0.5226865448878838,0.47808732622155214,0.43348810755522055,0.3888888888888889,0.8502383771288096,0.897034156560452
4,"Still others cite the difficulty of assembling a group of subjects whose depression is of comparable severity , increasing the chances that the effectiveness of the medication will be diffused .","Still others cite the difficulty of assembling a group of subjects whose depression is of comparable severity , a problem that complicates the task of properly measuring effectiveness .","[[""others"", ""cite"", ""difficulty_of_assembling""], [""difficulty_of_assembling"", ""is"", ""comparable_severity""], [""comparable_severity"", ""increases_chances_of"", ""effectiveness_diffusion""], [""effectiveness"", ""is_diffused_by"", ""comparable_severity""]]","[[""others"", ""cite"", ""difficulty_of_assembling""], [""difficulty_of_assembling"", ""is"", ""comparable_severity""], [""comparable_severity"", ""complicates"", ""measuring_effectiveness""], [""measuring_effectiveness"", ""is"", ""task""]]",0.4472135954999579,0.29881179332733154,0.5316887497901917,0.2,0.4472135954999579,0.9373743485225813,0.8883582732203189,0.8393421979180566,0.7903261226157943,0.7413100473135319,0.6922939720112696,0.6432778967090073,0.594261821406745,0.5452457461044826,0.49622967080222025,0.4472135954999579,0.8783350599604287,0.8434596977709775
5,The Hulk weekend take surpasses the previous June record of $ 54.9-million for Austin Powers : The Spy Who Shagged Me .,"It beat the previous record of $ 54.9 set by 1999 's "" Austin Powers : The Spy Who Shagged Me . ""","[[""Hulk"", ""weekend_take_surpasses"", ""Austin_Powers_:_The_Spy_Who_Shagged_Me""], [""Austin_Powers_:_The_Spy_Who_Shagged_Me"", ""had_record"", ""54.9-million""], [""Austin_Powers_:_The_Spy_Who_Shagged_Me"", ""record_set_in"", ""June""]]","[[""Hulk"", ""beat_record"", ""Austin_Powers_:_The_Spy_Who_Shagged_Me""], [""Austin_Powers_:_The_Spy_Who_Shagged_Me"", ""had_record"", ""54.9""], [""Austin_Powers_:_The_Spy_Who_Shagged_Me"", ""record_set_in"", ""1999""]]",0.125,0.6915227174758911,0.6660785675048828,0.125,0.375,0.9517106281486698,0.8940395653338028,0.8363685025189358,0.7786974397040689,0.7210263768892019,0.6633553140743349,0.6056842512594679,0.5480131884446009,0.49034212562973395,0.432671062814867,0.375,0.8434015305433216,0.8855634868964157
6,"Mallard 's friend , Clete Jackson , and his cousin , Herbert Tyrone Cleveland , pleaded guilty last year to dumping Biggs ' body .","That night Jackson and his cousin , Herbert Tyrone Cleveland , went with Mallard to her house .","[[""Mallard"", ""friend"", ""Clete_Jackson""], [""Clete_Jackson"", ""cousin"", ""Herbert_Tyrone_Cleveland""], [""Clete_Jackson"", ""pleaded_guilty"", ""dumping_Biggs_body""], [""Herbert_Tyrone_Cleveland"", ""pleaded_guilty"", ""dumping_Biggs_body""], [""Mallard"", ""cousin"", ""Herbert_Tyrone_Cleveland""], [""Biggs"", ""body_dumped_by"", ""Clete_Jackson""], [""Biggs"", ""body_dumped_by"", ""Herbert_Tyrone_Cleveland""]]","[[""Jackson"", ""cousin"", ""Herbert_Tyrone_Cleveland""], [""Mallard"", ""accompanied_by"", ""Jackson""], [""Mallard"", ""accompanied_by"", ""Herbert_Tyrone_Cleveland""], [""Mallard"", ""went_to"", ""her_house""], [""Jackson"", ""went_to"", ""Mallard_house""], [""Herbert_Tyrone_Cleveland"", ""went_to"", ""Mallard_house""]]",0.08606629658238704,0.0,0.4533229172229767,0.06666666666666667,0.07453559924999299,0.7296900395252356,0.6641745954977113,0.5986591514701871,0.5331437074426628,0.4676282634151385,0.4021128193876143,0.33659737536009005,0.2710819313325658,0.20556648730504146,0.14005104327751722,0.07453559924999299,0.6504518302596838,0.7120126621318164
7,"Researchers predicted an additional 23 cases of dementia a year for every 10,000 women on the therapy .","This represents an additional 23 cases of dementia per year in every 10,000 women treated .","[[""Researchers"", ""predicted"", ""additional_23_cases_of_dementia""], [""additional_23_cases_of_dementia"", ""occurs_in"", ""10,000_women""], [""10,000_women"", ""on"", ""therapy""]]","[[""additional_23_cases_of_dementia"", ""represents"", ""dementia_per_year""], [""dementia_per_year"", ""occurs_in"", ""10,000_women""], [""10,000_women"", ""are"", ""treated""]]",0.09622504486493763,0.054813046008348465,0.32951605319976807,0.08333333333333333,0.08333333333333333,0.931492675420588,0.8466767412118625,0.7618608070031372,0.6770448727944116,0.5922289385856861,0.5074130043769607,0.4225970701682352,0.3377811359595098,0.25296520175078424,0.16814926754205878,0.08333333333333333,0.7794721664939158,0.8175312191831103
8,"At 5 p.m. EDT , Henri had maximum sustained winds near 50 mph , with some gusts reaching 60 mph .","At 8 p.m. Friday , Henri was becoming disorganized , but still had maximum sustained winds near 50 mph , with stronger gusts .","[[""Henri"", ""had_maximum_sustained_winds"", ""50_mph""], [""Henri"", ""had_gusts_reaching"", ""60_mph""]]","[[""Henri"", ""was_becoming_disorganized_at"", ""8_p.m._Friday""], [""Henri"", ""had_maximum_sustained_winds"", ""50_mph""], [""Henri"", ""had_stronger_gusts"", ""stronger_gusts""]]",1.0,0.3095472455024719,0.6205713748931885,0.3367876570272817,0.6851601597031488,0.9555462605370413,0.928507650453652,0.9014690403702628,0.8744304302868735,0.8473918202034842,0.820353210120095,0.7933146000367057,0.7662759899533166,0.7392373798699272,0.7121987697865381,0.6851601597031488,0.9530159340804274,0.7701139141330838
9,"A photograph of the doctor 's son , Ariel , holding the guitar appeared in the National Enquirer two weeks after Harrison 's death .",A picture of the doctor 's son holding the guitar appeared in the National Enquirer just two weeks after George died .,"[[""Ariel"", ""is"", ""doctor\""s_son""], [""Ariel"", ""holding"", ""guitar""], [""photograph_of_Ariel"", ""appeared_in"", ""National_Enquirer""], [""photograph_of_Ariel"", ""appeared_two_weeks_after"", ""Harrison\""s_death""]]","[[""doctor\""s_son"", ""holding"", ""guitar""], [""picture_of_doctor\""s_son"", ""appeared_in"", ""National_Enquirer""], [""picture_of_doctor\""s_son"", ""appeared_two_weeks_after"", ""George\""s_death""]]",0.4844813951249544,0.2953599691390991,0.6464618444442749,0.39557740264262,0.39557740264262,0.5452684284782129,0.5302993258946536,0.5153302233110943,0.500361120727535,0.4853920181439757,0.47042291556041643,0.45545381297685716,0.44048471039329784,0.42551560780973857,0.41054650522617925,0.39557740264262,0.6821486486212907,0.6213858259902051
10,He said the district had been waiting for the subpoenas and had always planned to comply once it received them .,Mr. Caramore said the district waited for the subpoenas and planned to cooperate with the investigation .,"[[""Mr._Caramore"", ""said"", ""district""], [""district"", ""had_been_waiting_for"", ""subpoenas""], [""district"", ""planned_to"", ""comply""], [""comply"", ""with"", ""subpoenas""]]","[[""Mr._Caramore"", ""said"", ""district""], [""district"", ""waited_for"", ""subpoenas""], [""district"", ""planned_to"", ""cooperate""], [""cooperate"", ""with"", ""investigation""]]",0.5,0.46203455328941345,0.685697078704834,0.14907119849998599,0.5,0.9256219956095608,0.8830597960486049,0.8404975964876487,0.7979353969266926,0.7553731973657365,0.7128109978047804,0.6702487982438243,0.6276865986828682,0.5851243991219122,0.5425621995609561,0.5,0.9022468869385352,0.8688149469986081
11,"In 2001 , President Bush named Kathy Gregg to the Student Loan Marketing Association board of directors .","In 2001 , President Bush named her to the Student Loan Marketing Association , the largest U.S. lender for students .","[[""President_Bush"", ""named"", ""Kathy_Gregg""], [""Kathy_Gregg"", ""appointed_to"", ""Student_Loan_Marketing_Association_board_of_directors""], [""Student_Loan_Marketing_Association"", ""has"", ""board_of_directors""]]","[[""President_Bush"", ""named"", ""Kathy_Gregg""], [""Kathy_Gregg"", ""appointed_to"", ""Student_Loan_Marketing_Association""], [""Student_Loan_Marketing_Association"", ""is"", ""largest_U.S._lender_for_students""]]",0.28867513459481287,0.5485597848892212,0.5440738797187805,0.14907119849998599,0.2525907427704613,0.9186790036413892,0.8520701775542964,0.7854613514672037,0.7188525253801108,0.6522436992930181,0.5856348732059252,0.5190260471188325,0.45241722103173976,0.3858083949446468,0.3191995688575541,0.2525907427704613,0.8822888932604914,0.7564133679196837
12,"The affidavit said British customs officials stopped al-Amoudi at Heathrow Airport last month when he was attempting to travel to Damascus , Syria .","The affidavit says al-Amoudi was detained Aug. 16 attempting to travel from London to Damascus , Syria .","[[""al-Amoudi"", ""stopped_by"", ""British_customs_officials""], [""al-Amoudi"", ""attempting_to_travel_to"", ""Damascus""], [""al-Amoudi"", ""attempting_to_travel_from"", ""Heathrow_Airport""], [""Heathrow_Airport"", ""location"", ""British_customs_officials""], [""Damascus"", ""location"", ""Syria""]]","[[""al-Amoudi"", ""detained_by"", ""British_customs_officials""], [""al-Amoudi"", ""attempting_to_travel_to"", ""Damascus""], [""al-Amoudi"", ""attempting_to_travel_from"", ""London""], [""Damascus"", ""location"", ""Syria""]]",0.3333333333333333,0.8269785046577454,0.8702389001846313,0.4666666666666667,0.4666666666666667,0.931333487958586,0.884866805829394,0.8384001237002022,0.7919334415710101,0.7454667594418182,0.6990000773126264,0.6525333951834345,0.6060667130542425,0.5596000309250505,0.5131333487958586,0.4666666666666667,0.8980034969936529,0.9155788968557896
13,"Government workers trapped in a burning downtown office tower frantically dialed 911 as they tried to make their way through smoke-filled staircases and hallways , officials said .","Some people trapped in a burning high-rise building in Chicago 's Loop business district frantically dialed 911 for help in escaping the smoke-filled staircases and hallways , officials said .","[[""Government_workers"", ""trapped_in"", ""burning_downtown_office_tower""], [""Government_workers"", ""dialed"", ""911""], [""Government_workers"", ""tried_to_make_way_through"", ""smoke_filled_staircases""], [""Government_workers"", ""tried_to_make_way_through"", ""smoke_filled_hallways""]]","[[""People"", ""trapped_in"", ""burning_high-rise_building""], [""Burning_high-rise_building"", ""located_in"", ""Chicago""], [""Burning_high-rise_building"", ""located_in"", ""Loop_business_district""], [""People"", ""dialed"", ""911""], [""People"", ""tried_to_escape"", ""smoke_filled_staircases""], [""People"", ""tried_to_escape"", ""smoke_filled_hallways""]]",0.75,0.012646968476474285,0.5014687180519104,0.50709255283711,0.8,0.7479354536771265,0.753141908309414,0.7583483629417013,0.7635548175739886,0.768761272206276,0.7739677268385633,0.7791741814708506,0.7843806361031379,0.7895870907354254,0.7947935453677127,0.8,0.7886579689328101,0.8264882782433651
14,The exam contains four sections and tests a students knowledge of algebra and geometry as well as probability and statistics .,"The test , in four sections , includes algebra and geometry , along with some questions on probability and statistics .","[[""exam"", ""contains"", ""four_sections""], [""exam"", ""tests"", ""algebra""], [""exam"", ""tests"", ""geometry""], [""exam"", ""tests"", ""probability""], [""exam"", ""tests"", ""statistics""]]","[[""test"", ""contains"", ""four_sections""], [""test"", ""includes"", ""algebra""], [""test"", ""includes"", ""geometry""], [""test"", ""includes"", ""probability""], [""test"", ""includes"", ""statistics""]]",1.0,0.7301792502403259,0.9334627389907837,0.8333333333333334,1.0,0.8716540899195345,0.884488680927581,0.8973232719356277,0.9101578629436742,0.9229924539517207,0.9358270449597672,0.9486616359678138,0.9614962269758603,0.974330817983907,0.9871654089919535,1.0,0.8329936879629115,0.7728934839382778
15,"The specific product that is the subject of the petition , 6000 series aluminium alloy rolled plate , is used for general-purpose engineering , tooling and die applications .","At the center of the petition is a 6000 series aluminum alloy rolled plate that is used for general-purpose engineering , tooling and die applications .","[[""6000_series_aluminium_alloy_rolled_plate"", ""is_used_for"", ""general-purpose_engineering""], [""6000_series_aluminium_alloy_rolled_plate"", ""is_used_for"", ""tooling""], [""6000_series_aluminium_alloy_rolled_plate"", ""is_used_for"", ""die_applications""]]","[[""6000_series_aluminium_alloy_rolled_plate"", ""is_used_for"", ""general-purpose_engineering""], [""6000_series_aluminium_alloy_rolled_plate"", ""is_used_for"", ""tooling""], [""6000_series_aluminium_alloy_rolled_plate"", ""is_used_for"", ""die_applications""]]",1.0,1.0,1.0,1.0,1.0,1.0,1.0,1.0,1.0,1.0,1.0,1.0,1.0,1.0,1.0,1.0,0.9999999791383736,1.0
16,The mother of a Briton held by Colombian guerrillasspoke of her relief yesterday after hearing that he might be freed in the next few weeks .,The parents of a Briton being held hostage by Colombian rebels spoke yesterday of their optimism that he would be freed in time for his birthday next month .,"[[""Mother"", ""of"", ""Briton""], [""Briton"", ""held_by"", ""Colombian_guerrillas""], [""Briton"", ""might_be_freed"", ""next_few_weeks""]]","[[""Parents"", ""of"", ""Briton""], [""Briton"", ""held_hostage_by"", ""Colombian_rebels""], [""Briton"", ""might_be_freed"", ""next_month""]]",1.0,0.0,0.5102174878120422,0.041666666666666664,1.0,0.9277109778611073,0.9349398800749966,0.942168782288886,0.9493976845027752,0.9566265867166645,0.9638554889305537,0.9710843911444429,0.9783132933583323,0.9855421955722214,0.9927710977861107,1.0,0.8715079405637634,0.8882645459077135
17,""" But I do question the motives of a deskbound president who assumes the garb of a warrior for the purposes of a speech . ""","Byrd , speaking from the Senate floor , said he questioned "" the motives of a deskbound president who assumes the garb of a warrior for purposes of a speech . ""","[[""president"", ""assumes_garb_of"", ""warrior""], [""president"", ""is"", ""deskbound""], [""president"", ""gives"", ""speech""]]","[[""Byrd"", ""speaks_from"", ""Senate_floor""], [""Byrd"", ""questions_motives_of"", ""president""], [""president"", ""assumes_garb_of"", ""warrior""], [""president"", ""is"", ""deskbound""], [""president"", ""gives"", ""speech""]]",1.0,0.8099387884140015,0.8365190029144287,0.816496580927726,1.0,1.0,1.0,1.0,1.0,1.0,1.0,1.0,1.0,1.0,1.0,1.0,1.0,0.8837692202670833
18,Shares of Coke were up 6 cents at $ 44.42 in afternoon trading Wednesday on the New York Stock Exchange .,Shares of Coke were down 26 cents to close at $ 44.10 on the New York Stock Exchange .,"[[""Coke"", ""traded_on"", ""New_York_Stock_Exchange""], [""Coke"", ""price_increased_by"", ""6_cents""], [""Coke"", ""price_at"", ""44.42_dollars""]]","[[""Coke"", ""traded_on"", ""New_York_Stock_Exchange""], [""Coke"", ""price_decreased_by"", ""26_cents""], [""Coke"", ""price_at"", ""44.10_dollars""]]",1.0,0.5212331414222717,0.5436444282531738,0.2916666666666667,1.0,0.9416316612727715,0.9474684951454944,0.9533053290182172,0.95914216289094,0.9649789967636629,0.9708158306363858,0.9766526645091086,0.9824894983818315,0.9883263322545544,0.9941631661272772,1.0,0.8894877813397957,0.9541325627954349
19,"His next play , "" Will Success Spoil Rock Hunter ? "" a satire on Hollywood , lasted more than a year on Broadway .","His next play , Will Success Spoil Rock Hunter ? , lasted more than a year on Broadway and was also filmed by Fox .","[[""He"", ""created"", ""Will_Success_Spoil_Rock_Hunter""], [""Will_Success_Spoil_Rock_Hunter"", ""is"", ""satire_on_Hollywood""], [""Will_Success_Spoil_Rock_Hunter"", ""lasted_on"", ""Broadway""], [""Will_Success_Spoil_Rock_Hunter"", ""duration"", ""more_than_a_year""]]","[[""He"", ""created"", ""Will_Success_Spoil_Rock_Hunter""], [""Will_Success_Spoil_Rock_Hunter"", ""lasted_on"", ""Broadway""], [""Will_Success_Spoil_Rock_Hunter"", ""duration"", ""more_than_a_year""], [""Will_Success_Spoil_Rock_Hunter"", ""filmed_by"", ""Fox""]]",0.5,0.660186231136322,0.7920950651168823,0.5,0.5,0.9751863466543609,0.9276677119889248,0.8801490773234887,0.8326304426580526,0.7851118079926165,0.7375931733271804,0.6900745386617444,0.6425559039963082,0.5950372693308721,0.547518634665436,0.5,0.8901066302785151,0.8638398635135094
20,They were among about 40 people attending the traditional Jewish ceremony colored by some non-traditional touches .,He said about 40 people attended the traditional Jewish ceremony colored by some nontraditional touches .,"[[""people"", ""attended"", ""Jewish_ceremony""], [""Jewish_ceremony"", ""had"", ""non_traditional_touches""], [""Jewish_ceremony"", ""attended_by"", ""40_people""]]","[[""He"", ""said"", ""40_people_attended""], [""40_people"", ""attended"", ""Jewish_ceremony""], [""Jewish_ceremony"", ""had"", ""nontraditional_touches""]]",0.3849001794597505,0.0,0.25194650888442993,0.07453559924999299,0.3849001794597505,0.9717684759323959,0.9130816462851314,0.8543948166378669,0.7957079869906023,0.7370211573433377,0.6783343276960732,0.6196474980488087,0.5609606684015441,0.5022738387542796,0.44358700910701504,0.3849001794597505,0.9268523898666824,0.7442777896612903
21,"The bank also said its offer was subject to the agreement of Drax 's senior banks , senior bond holders and hedging banks by 30 September 2003 .","The offer is also subject to Goldman signing an agreement with Drax 's senior banks , senior bond holders and hedging banks by Sept . 30 , it said .","[[""bank"", ""said"", ""offer""], [""offer"", ""subject_to"", ""Drax""], [""offer"", ""subject_to"", ""senior_banks""], [""offer"", ""subject_to"", ""senior_bond_holders""], [""offer"", ""subject_to"", ""hedging_banks""], [""agreement"", ""must_be_by"", ""30_September_2003""], [""Drax"", ""has"", ""senior_banks""], [""Drax"", ""has"", ""senior_bond_holders""], [""Drax"", ""has"", ""hedging_banks""]]","[[""offer"", ""subject_to"", ""Goldman""], [""offer"", ""subject_to"", ""Drax""], [""offer"", ""subject_to"", ""senior_banks""], [""offer"", ""subject_to"", ""senior_bond_holders""], [""offer"", ""subject_to"", ""hedging_banks""], [""agreement"", ""must_be_signed_by"", ""Goldman""], [""agreement"", ""must_be_by"", ""30_Sept""], [""Drax"", ""has"", ""senior_banks""], [""Drax"", ""has"", ""senior_bond_holders""], [""Drax"", ""has"", ""hedging_banks""]]",0.5657789498610036,0.4122953712940216,0.8956955671310425,0.5416666666666666,0.632831881684378,0.988432324570422,0.9528722802818176,0.9173122359932132,0.8817521917046087,0.8461921474160043,0.8106321031274,0.7750720588387956,0.7395120145501912,0.7039519702615867,0.6683919259729824,0.632831881684378,0.9610749231268714,0.8305751922024565
22,"The bureau report shows significant increases in uninsured rates occurred among whites , blacks , people 18 to 24 , and middle- and higher-income earners nationwide .","Reflecting the broad scope of the recession and its aftermath , significant increases in uninsured rates occurred among whites , blacks , people 18-to-64 , and middle- and higher-income earners .","[[""bureau_report"", ""shows"", ""increases_in_uninsured_rates""], [""increases_in_uninsured_rates"", ""occurred_among"", ""whites""], [""increases_in_uninsured_rates"", ""occurred_among"", ""blacks""], [""increases_in_uninsured_rates"", ""occurred_among"", ""people_18_to_24""], [""increases_in_uninsured_rates"", ""occurred_among"", ""middle_and_higher_income_earners""], [""increases_in_uninsured_rates"", ""located_in"", ""nationwide""]]","[[""recession"", ""had"", ""increases_in_uninsured_rates""], [""increases_in_uninsured_rates"", ""occurred_among"", ""whites""], [""increases_in_uninsured_rates"", ""occurred_among"", ""blacks""], [""increases_in_uninsured_rates"", ""occurred_among"", ""people_18_to_64""], [""increases_in_uninsured_rates"", ""occurred_among"", ""middle_and_higher_income_earners""]]",0.6429306248420497,0.002134711015969515,0.8675270080566406,0.4886272748799577,0.6429306248420497,0.9869651478064457,0.9525616955100061,0.9181582432135665,0.8837547909171268,0.8493513386206872,0.8149478863242476,0.780544434027808,0.7461409817313684,0.7117375294349289,0.6773340771384893,0.6429306248420497,0.8915013791537356,0.9264499560653412
23,"Actor Noah Wyle , who has played Dr. John Carter since the shows inception in 1994 , extended his contract with the show through the 2004-2005 season .","Noah Wyle , who has played Dr. John Carter since the series launched in 1994 , has inked a one-year extension to his deal with producer Warner Bros. TV .","[[""Noah_Wyle"", ""plays"", ""Dr._John_Carter""], [""Dr._John_Carter"", ""played_by"", ""Noah_Wyle""], [""Noah_Wyle"", ""extended_contract_through"", ""2004-2005_season""], [""Noah_Wyle"", ""contract_extended_with"", ""the_show""]]","[[""Noah_Wyle"", ""plays"", ""Dr._John_Carter""], [""Dr._John_Carter"", ""played_by"", ""Noah_Wyle""], [""Noah_Wyle"", ""inked_deal_extension_with"", ""Warner_Bros._TV""], [""Noah_Wyle"", ""deal_extension_length"", ""one_year""], [""Noah_Wyle"", ""started_playing_Dr._John_Carter_in"", ""1994""]]",0.3367876570272817,0.0,0.39203542470932007,0.2608745973749754,0.3367876570272817,0.9537920603156687,0.8920916199868301,0.8303911796579913,0.7686907393291526,0.7069902990003138,0.6452898586714751,0.5835894183426364,0.5218889780137979,0.46018853768495904,0.3984880973561204,0.3367876570272817,0.8586153955328897,0.8076488464219765
24,The decision to issue new guidance has been prompted by intelligence passed to Britain by the FBI in a secret briefing in late July .,Scotland Yard 's decision to issue new guidance has been prompted by new intelligence passed to Britain by the FBI in late July .,"[[""Britain"", ""received_intelligence_from"", ""FBI""], [""FBI"", ""provided_intelligence_in"", ""late_July""], [""FBI"", ""gave_secret_briefing_in"", ""late_July""]]","[[""Britain"", ""received_intelligence_from"", ""FBI""], [""FBI"", ""provided_intelligence_in"", ""late_July""]]",1.0,1.0,1.0,1.0,1.0,0.9657115746204277,0.969140417158385,0.9725692596963422,0.9759981022342994,0.9794269447722566,0.9828557873102138,0.9862846298481711,0.9897134723861283,0.9931423149240856,0.9965711574620427,1.0,0.9440756505534691,0.915969016510642
25,He has also served on the president 's Homeland Security Advisory Council .,"Last year , Bush appointed him to the Homeland Security Advisory Council .","[[""theappointee"", ""served_on"", ""Homeland_Security_Advisory_Council""]]","[[""President_Bush"", ""appointed"", ""theappointee""], [""theappointee"", ""served_on"", ""Homeland_Security_Advisory_Council""]]",1.0,0.7938226461410522,0.7771878838539124,0.816496580927726,1.0,0.9999999990720537,0.9999999991648484,0.9999999992576429,0.9999999993504376,0.9999999994432323,0.9999999995360269,0.9999999996288215,0.9999999997216161,0.9999999998144107,0.9999999999072053,1.0,1.0,0.872691854455828
26,"From July 1 , 2002 , to June 30 , 2003 , the organization said it spent $ 114.3 million but took in only $ 39.5 million .","Between July 1 , 2002 and June 30 , 2003 , the Red Cross spent $ 114 million on disaster relief , while taking in only $ 39.5 million .","[[""organization"", ""spent"", ""$114.3_million""], [""organization"", ""took_in"", ""$39.5_million""], [""organization"", ""operated_from"", ""July_1_2002""], [""organization"", ""operated_to"", ""June_30_2003""]]","[[""Red_Cross"", ""spent"", ""$114_million""], [""Red_Cross"", ""spent_on"", ""disaster_relief""], [""Red_Cross"", ""took_in"", ""$39.5_million""], [""Red_Cross"", ""operated_from"", ""July_1_2002""], [""Red_Cross"", ""operated_to"", ""June_30_2003""]]",0.6666666666666666,0.18801802396774292,0.6898731589317322,0.5477225575051662,0.8,0.5756216988435857,0.5980595289592272,0.6204973590748686,0.64293518919051,0.6653730193061516,0.6878108494217929,0.7102486795374343,0.7326865096530757,0.7551243397687173,0.7775621698843587,0.8,0.787572392834534,0.6325954978332746
27,Wells Fargo and Quicken Loans couldn 't be reached for comment Wednesday afternoon .,"Wells Fargo was not available for comment , and a Quicken Loans spokeswoman declined immediate comment .","[[""Wells_Fargo"", ""could_not_be_reached_for_comment"", ""Wednesday_afternoon""], [""Quicken_Loans"", ""could_not_be_reached_for_comment"", ""Wednesday_afternoon""]]","[[""Wells_Fargo"", ""was_not_available_for_comment"", ""comment""], [""Quicken_Loans_spokeswoman"", ""declined"", ""comment""], [""Quicken_Loans"", ""has"", ""spokeswoman""]]",0.3888888888888889,0.008671900257468224,0.6029872298240662,0.08606629658238704,0.3888888888888889,0.8821819353986733,0.8328526307476949,0.7835233260967165,0.734194021445738,0.6848647167947595,0.6355354121437811,0.5862061074928027,0.5368768028418243,0.48754749819084575,0.43821819353986735,0.3888888888888889,0.7488198688940448,0.8226385803133665
28,Shaklee spokeswoman Jenifer Thompson said the company is continuing to work with authorities .,Shaklee spokeswoman Jenifer Thompson referred all calls to the FBI .,"[[""Shaklee"", ""has_spokeswoman"", ""Jenifer_Thompson""], [""Jenifer_Thompson"", ""said"", ""Shaklee""], [""Shaklee"", ""is_working_with"", ""authorities""]]","[[""Shaklee"", ""has_spokeswoman"", ""Jenifer_Thompson""], [""Jenifer_Thompson"", ""referred_calls_to"", ""FBI""]]",0.4762896722078402,0.6592707633972168,0.5847032070159912,0.1111111111111111,0.4762896722078402,0.9277300365781117,0.8825860001410846,0.8374419637040574,0.7922979272670302,0.747153890830003,0.7020098543929759,0.6568658179559488,0.6117217815189216,0.5665777450818945,0.5214337086448673,0.4762896722078402,0.7743903486671666,0.7263410847149432
29,General Jeffrey said he would donate his military pension to charity for the period he was in office at Yarralumla .,Maj-Gen Jeffery said he would give his military pension to charity while he served at Yarralumla .,"[[""General_Jeffrey"", ""donate_to"", ""charity""], [""General_Jeffrey"", ""was_in_office_at"", ""Yarralumla""]]","[[""Maj-Gen_Jeffery"", ""give_to"", ""charity""], [""Maj-Gen_Jeffery"", ""served_at"", ""Yarralumla""]]",0.6666666666666666,0.540283203125,0.7123009562492371,0.6666666666666666,0.6666666666666666,0.7585053099569733,0.7493214456279427,0.7401375812989119,0.7309537169698812,0.7217698526408507,0.71258598831182,0.7034021239827892,0.6942182596537586,0.685034395324728,0.6758505309956973,0.6666666666666666,0.7436960583841368,0.770747968902737
30,Total sales for the period declined 8.0 percent to $ 1.99 billion from a year earlier .,Wal-Mart said sales at stores open at least a year rose 4.6 percent from a year earlier .,"[[""Total_sales"", ""declined"", ""8.0_percent""], [""Total_sales"", ""amount"", ""1.99_billion""]]","[[""Sales"", ""rose"", ""4.6_percent""], [""Wal-Mart"", ""reported"", ""sales_at_stores_open_at_least_a_year""], [""Sales_at_stores_open_at_least_a_year"", ""increased_from"", ""a_year_earlier""]]",0.3367876570272817,0.0,0.0587998703122139,0.0,0.3367876570272817,0.60759301577355,0.5805124798989232,0.5534319440242963,0.5263514081496694,0.49927087227504263,0.47219033640041586,0.44510980052578897,0.4180292646511622,0.39094872877653536,0.3638681929019085,0.3367876570272817,0.498012145172951,0.5070470958311862
31,"In Toronto , police said they arrested 38 people and reported 114 incidents , mostly for looting and other thefts .","Toronto police made 38 arrests linked to the blackout and reported 114 incidents , mostly for looting and other thefts , said Constable Mike Hayles .","[[""Toronto_police"", ""arrested"", ""38_people""], [""Toronto_police"", ""reported"", ""114_incidents""], [""incidents"", ""were_for"", ""looting""], [""incidents"", ""were_for"", ""thefts""]]","[[""Toronto_police"", ""made_arrests"", ""38_people""], [""Toronto_police"", ""reported"", ""114_incidents""], [""incidents"", ""were_for"", ""looting""], [""incidents"", ""were_for"", ""thefts""], [""Constable_Mike_Hayles"", ""said"", ""arrests_and_incidents""]]",1.0,0.6056877970695496,0.8812488913536072,0.8660254037844386,1.0,0.9954997407040508,0.9959497666336457,0.9963997925632406,0.9968498184928356,0.9972998444224305,0.9977498703520253,0.9981998962816203,0.9986499222112153,0.9990999481408102,0.999549974070405,1.0,0.9803525575923525,0.9796807614581595
32,"Fatalities in rollover crashes accounted for 82 percent of the increase in 2002 , NHTSA said .",Alcohol-related fatalities accounted for 41 percent of the total number of deaths .,"[[""NHTSA"", ""said"", ""fatalities_in_rollover_crashes_accounted_for_82_percent""], [""fatalities_in_rollover_crashes"", ""accounted_for"", ""82_percent_of_increase_in_2002""]]","[[""alcohol_related_fatalties"", ""accounted_for"", ""41_percent_of_total_deaths""]]",0.0,0.0,0.0,0.0,0.0,0.5348199331488295,0.4813379398339465,0.4278559465190636,0.3743739532041806,0.3208919598892977,0.26740996657441474,0.2139279732595318,0.16044597994464888,0.10696398662976588,0.05348199331488294,0.0,0.5500297775866998,0.7475955360993707
33,"The Turkish troops also could be targets for attack , the ambassador acknowledged .","Turkish troops almost surely would become targets for terrorists , the ambassador said .","[[""Turkish_troops"", ""could_be"", ""targets_for_attack""], [""Turkish_troops"", ""acknowledged_by"", ""ambassador""]]","[[""Turkish_troops"", ""would_become"", ""targets_for_terrorists""], [""Turkish_troops"", ""said_by"", ""ambassador""]]",1.0,0.4801284968852997,0.5900761485099792,0.3888888888888889,1.0,0.9230302024331984,0.9307271821898786,0.9384241619465588,0.9461211417032389,0.9538181214599191,0.9615151012165992,0.9692120809732794,0.9769090607299595,0.9846060404866397,0.9923030202433198,1.0,0.8018641937536026,0.8884349766037185
34,Workers ' taxable income then is reduced by that amount .,"The worker 's taxable income is reduced by that amount , saving money at tax time .","[[""worker"", ""has"", ""taxable_income""], [""taxable_income"", ""is_reduced_by"", ""amount""]]","[[""worker"", ""has"", ""taxable_income""], [""taxable_income"", ""is_reduced_by"", ""amount""], [""reduction_in_taxable_income"", ""saves"", ""money""]]",1.0,0.7397831678390503,0.7389518022537231,0.7745966692414834,1.0,0.9999999988922025,0.9999999990029822,0.999999999113762,0.9999999992245416,0.9999999993353215,0.9999999994461013,0.999999999556881,0.9999999996676607,0.9999999997784406,0.9999999998892203,1.0,1.0,0.7703272904358818
35,The merged company will keep the Interwoven name and be headquartered in Sunnyvale .,The new company will be named Interwoven and will be headquartered in Sunnyvale .,"[[""Merged_Company"", ""will_keep_name"", ""Interwoven""], [""Merged_Company"", ""headquartered_in"", ""Sunnyvale""]]","[[""New_Company"", ""will_be_named"", ""Interwoven""], [""New_Company"", ""headquartered_in"", ""Sunnyvale""]]",1.0,0.8432248830795288,0.8002097606658936,0.6666666666666666,1.0,0.7849259522694354,0.8064333570424919,0.8279407618155483,0.8494481665886047,0.8709555713616612,0.8924629761347177,0.9139703809077742,0.9354777856808306,0.9569851904538871,0.9784925952269435,1.0,0.8109864111905434,0.8738319734091842
36,"Smugglers in a van chased down a pickup and SUV carrying other smugglers and illegal immigrants , said Pinal County Sheriff Roger Vanderpool .","People in a van opened fire on a pickup and SUV believed to be transporting illegal immigrants , said Pinal County Sheriff Roger Vanderpool .","[[""Smugglers"", ""in"", ""van""], [""Smugglers"", ""chased"", ""pickup""], [""Smugglers"", ""chased"", ""SUV""], [""pickup"", ""carrying"", ""smugglers""], [""pickup"", ""carrying"", ""illegal_immigrants""], [""SUV"", ""carrying"", ""smugglers""], [""SUV"", ""carrying"", ""illegal_immigrants""], [""Pinal_County_Sheriff_Roger_Vanderpool"", ""said"", ""smugglers_chased_pickup_and_SUV""]]","[[""People"", ""in"", ""van""], [""People"", ""opened_fire_on"", ""pickup""], [""People"", ""opened_fire_on"", ""SUV""], [""pickup"", ""believed_to_be_transporting"", ""illegal_immigrants""], [""SUV"", ""believed_to_be_transporting"", ""illegal_immigrants""], [""Pinal_County_Sheriff_Roger_Vanderpool"", ""said"", ""people_opened_fire_on_pickup_and_SUV""]]",0.3042903097250923,0.4452487826347351,0.7810384035110474,0.5952380952380952,0.2817180849095055,0.8431657396859402,0.7870209742082968,0.7308762087306533,0.6747314432530097,0.6185866777753664,0.5624419122977229,0.5062971468200794,0.45015238134243596,0.3940076158647924,0.33786285038714897,0.2817180849095055,0.7623348637300011,0.7388285290887443
37,"Other retailers that will be affected are Argos , part of GUS , and privately owned Littlewoods .","The other main electrical goods retailers are Argos , part of GUS , privately owned Littlewoods and PowerHouse .","[[""Argos"", ""part_of"", ""GUS""], [""Argos"", ""affected"", ""retailers""], [""Littlewoods"", ""privately_owned"", ""Littlewoods""], [""Littlewoods"", ""affected"", ""retailers""]]","[[""Argos"", ""part_of"", ""GUS""], [""Argos"", ""main_electrical_goods_retailer"", ""Argos""], [""Littlewoods"", ""privately_owned"", ""Littlewoods""], [""Littlewoods"", ""main_electrical_goods_retailer"", ""Littlewoods""], [""PowerHouse"", ""main_electrical_goods_retailer"", ""PowerHouse""]]",0.6254627916220946,0.47446078062057495,0.665271520614624,0.5416666666666666,0.6254627916220946,0.8717437696903143,0.8471156718834923,0.8224875740766704,0.7978594762698483,0.7732313784630265,0.7486032806562044,0.7239751828493826,0.6993470850425605,0.6747189872357385,0.6500908894289166,0.6254627916220946,0.7882009905889646,0.7074309195499174
38,The United States and Britain are seeking backing at the United Nations for their agenda to hand over power to Iraqis .,"At the United Nations , the United States and Britain are seeking backing for their agenda to hand over power to Iraqis .","[[""United_States"", ""seeking_backing_at"", ""United_Nations""], [""Britain"", ""seeking_backing_at"", ""United_Nations""], [""United_States"", ""has_agenda"", ""hand_over_power_to_Iraqis""], [""Britain"", ""has_agenda"", ""hand_over_power_to_Iraqis""], [""United_States_and_Britain"", ""want_to_hand_over_power_to"", ""Iraqis""]]","[[""United_States"", ""seeking_backing_at"", ""United_Nations""], [""Britain"", ""seeking_backing_at"", ""United_Nations""], [""United_States"", ""has_agenda"", ""hand_over_power_to_Iraqis""], [""Britain"", ""has_agenda"", ""hand_over_power_to_Iraqis""], [""United_States_and_Britain"", ""want_to_hand_over_power_to"", ""Iraqis""]]",1.0,1.0,1.0,1.0,1.0,1.0,1.0,1.0,1.0,1.0,1.0,1.0,1.0,1.0,1.0,1.0,1.0,0.9999999903822352
39,The company emphasized that McDonald 's USA does not import any raw beef or hamburger patties from Canada for McDonald 's use in the United States .,McDonald 's said in a statement that it does not import any raw beef or hamburger patties from Canada for use in the United States .,"[[""McDonald_s_USA"", ""does_not_import"", ""raw_beef_from_Canada""], [""McDonald_s_USA"", ""does_not_import"", ""hamburger_patties_from_Canada""], [""McDonald_s_USA"", ""uses_in"", ""United_States""]]","[[""McDonald_s"", ""does_not_import"", ""raw_beef_from_Canada""], [""McDonald_s"", ""does_not_import"", ""hamburger_patties_from_Canada""], [""McDonald_s"", ""uses_in"", ""United_States""]]",1.0,0.9575588703155518,0.9527968764305115,0.75,1.0,0.9829615174034594,0.9846653656631135,0.9863692139227676,0.9880730621824214,0.9897769104420756,0.9914807587017297,0.9931846069613838,0.9948884552210377,0.9965923034806918,0.9982961517403459,1.0,0.9780486890696405,0.9919644869697057
40,""" It seems to be following the sun , "" said Graham Cluley , senior technology consultant at antivirus vendor Sophos .",""" This is a clear attempt to pinch money , "" said Graham Cluley , senior technology consultant with U.K.-based Sophos PLC .","[[""Graham_Cluley"", ""said"", ""It_seems_to_be_following_the_sun""], [""Graham_Cluley"", ""is"", ""senior_technology_consultant""], [""Graham_Cluley"", ""works_at"", ""Sophos""]]","[[""Graham_Cluley"", ""said"", ""This_is_a_clear_attempt_to_pinch_money""], [""Graham_Cluley"", ""is"", ""senior_technology_consultant""], [""Graham_Cluley"", ""works_at"", ""Sophos_PLC""], [""Sophos_PLC"", ""is_based_in"", ""U.K.""]]",0.5416666666666666,0.26648521423339844,0.5662065744400024,0.2608745973749754,0.5416666666666666,0.9106504731588418,0.8737520925096244,0.8368537118604069,0.7999553312111892,0.7630569505619718,0.7261585699127542,0.6892601892635367,0.6523618086143192,0.6154634279651017,0.5785650473158841,0.5416666666666666,0.8445236435318105,0.8187486063122722
41,""" But they never climb out of the pot of beer again . ""","It 's just that they never climb out of the beer again . ""","[[""they"", ""climb_out_of"", ""pot_of_beer""], [""they"", ""never_climb_out_of"", ""pot_of_beer""]]","[[""they"", ""climb_out_of"", ""beer""], [""they"", ""never_climb_out_of"", ""beer""]]",1.0,0.7747453451156616,0.7952767014503479,0.08333333333333333,1.0,0.9245489642736544,0.932094067846289,0.9396391714189236,0.947184274991558,0.9547293785641926,0.9622744821368272,0.9698195857094618,0.9773646892820963,0.9849097928547309,0.9924548964273654,1.0,0.9157873957512832,0.9259225017153627
42,"Progress Software plans to acquire privately held DataDirect Technologies for about $ 88 million in cash , the companies said Friday .","Progress Software Corp. is acquiring DataDirect Technologies Ltd . , a privately held supplier of data-access software , for approximately $ 88 million , the companies said Friday .","[[""Progress_Software"", ""plans_to_acquire"", ""DataDirect_Technologies""], [""Progress_Software"", ""will_pay"", ""88_million""], [""DataDirect_Technologies"", ""is_acquired_by"", ""Progress_Software""], [""DataDirect_Technologies"", ""is_privately_held"", ""True""]]","[[""Progress_Software"", ""is_acquiring"", ""DataDirect_Technologies""], [""DataDirect_Technologies"", ""is_supplier_of"", ""data_access_software""], [""Progress_Software"", ""will_pay"", ""88_million""], [""DataDirect_Technologies"", ""is_privately_held"", ""True""]]",1.0,0.8280995488166809,0.8301910161972046,0.5590169943749475,1.0,0.9804518662352459,0.9824066796117213,0.9843614929881968,0.986316306364672,0.9882711197411476,0.990225933117623,0.9921807464940984,0.9941355598705738,0.9960903732470492,0.9980451866235246,1.0,0.9736785509155901,0.9661626948973582
43,""" Our party will never be the choice of the NRA - and I am not looking to be the candidate of the NRA , "" he said .","Our party will never be the choice of the N.R.A. , and I 'm not looking to be the candidate of the N.R.A. , "" a reference to the National Rifle Association .","[[""Our_party"", ""will_never_be_choice_of"", ""NRA""], [""speaker"", ""said"", ""quote""], [""speaker"", ""not_looking_to_be"", ""candidate_of_NRA""]]","[[""Our_party"", ""will_never_be_choice_of"", ""NRA""], [""NRA"", ""is"", ""National_Rifle_Association""], [""speaker"", ""not_looking_to_be"", ""candidate_of_NRA""]]",0.28867513459481287,0.7783811688423157,0.7682824730873108,0.3333333333333333,0.7080881928749334,0.9086420675801216,0.8885866801096028,0.8685312926390839,0.8484759051685651,0.8284205176980464,0.8083651302275274,0.7883097427570087,0.7682543552864899,0.7481989678159711,0.7281435803454522,0.7080881928749334,0.9073959711480056,0.90130698746522
44,Intel plans to present a paper on its findings today at a conference in Japan .,The breakthrough technology was presented by Intel scientists at a conference in Japan .,"[[""Intel"", ""plans_to_present"", ""paper""], [""Intel"", ""will_present_at"", ""conference""], [""conference"", ""location"", ""Japan""]]","[[""Intel_scientists"", ""presented"", ""breakthrough_technology""], [""breakthrough_technology"", ""presented_at"", ""conference""], [""conference"", ""location"", ""Japan""], [""Intel_scientists"", ""are_from"", ""Intel""]]",0.5416666666666666,0.5950289368629456,0.6344762444496155,0.4844813951249544,0.4844813951249544,0.7472471154284978,0.7209705433981435,0.6946939713677891,0.6684173993374347,0.6421408273070804,0.6158642552767261,0.5895876832463718,0.5633111112160174,0.537034539185663,0.5107579671553087,0.4844813951249544,0.7174110180691436,0.7408872856973473
45,"The market 's broader gauges also posted big gains , having climbed higher for four consecutive weeks .","The broader market also retreated , having climbed higher for four consecutive weeks .","[[""market"", ""posted"", ""big_gains""], [""market"", ""climbed_higher_for"", ""four_consecutive_weeks""]]","[[""market"", ""climbed_higher_for"", ""four_consecutive_weeks""]]",0.4762896722078402,0.8167517781257629,0.779679536819458,0.4762896722078402,0.4762896722078402,0.8915402970960083,0.8500152346071915,0.8084901721183748,0.7669651096295579,0.7254400471407411,0.6839149846519242,0.6423899221631075,0.6008648596742907,0.5593397971854739,0.517814734696657,0.4762896722078402,0.8575901261420403,0.8267871367260671
46,"Many of the countries affected , like Colombia and Ecuador , are considered critical to the administration 's efforts to bring stability to the Western Hemisphere .","Many of the affected countries , such as Colombia and Ecuador , are considered critical to the administration 's efforts to bring stability to this hemisphere .","[[""Colombia"", ""is_part_of"", ""Western_Hemisphere""], [""Ecuador"", ""is_part_of"", ""Western_Hemisphere""], [""Colombia"", ""considered_critical_to"", ""administration""], [""Ecuador"", ""considered_critical_to"", ""administration""], [""administration"", ""efforts_to"", ""stability""], [""stability"", ""location"", ""Western_Hemisphere""]]","[[""Colombia"", ""is_part_of"", ""hemisphere""], [""Ecuador"", ""is_part_of"", ""hemisphere""], [""Colombia"", ""considered_critical_to"", ""administration""], [""Ecuador"", ""considered_critical_to"", ""administration""], [""administration"", ""efforts_to"", ""stability""], [""stability"", ""location"", ""hemisphere""]]",1.0,0.9465117454528809,0.9620233774185181,0.6333333333333333,1.0,0.9628072202453003,0.9665264982207703,0.9702457761962402,0.9739650541717102,0.9776843321471802,0.9814036101226502,0.9851228880981201,0.9888421660735901,0.99256144404906,0.99628072202453,1.0,0.962267014436402,0.9774158298921072
47,"Mosel was unable to present financial statements in time due to mergers among subsidiaries and a change of accountants , the company said on Monday .","Mosel had been unable to present financial statements in time because of mergers among subsidiaries and a change of accountants , the company said yesterday .","[[""Mosel"", ""unable_to_present"", ""financial_statements""], [""Mosel"", ""reason_for_delay"", ""mergers_among_subsidiaries""], [""Mosel"", ""reason_for_delay"", ""change_of_accountants""], [""Mosel"", ""announced_on"", ""Monday""]]","[[""Mosel"", ""unable_to_present"", ""financial_statements""], [""Mosel"", ""reason_for_delay"", ""mergers_among_subsidiaries""], [""Mosel"", ""reason_for_delay"", ""change_of_accountants""], [""Mosel"", ""announced_on"", ""yesterday""]]",0.6333333333333333,0.8837142586708069,0.9149622917175293,0.6333333333333333,0.6333333333333333,0.9860011707486982,0.9507343870071617,0.9154676032656253,0.8802008195240887,0.8449340357825523,0.8096672520410158,0.7744004682994792,0.7391336845579428,0.7038669008164062,0.6686001170748698,0.6333333333333333,0.9579065946769978,0.9842525145086285
48,Duke and North Carolina have been resolute in their positions against expansion .,"Two schools , Duke and North Carolina , have steadfastly opposed expansion .","[[""Duke"", ""opposed"", ""expansion""], [""North_Carolina"", ""opposed"", ""expansion""]]","[[""Duke"", ""opposed"", ""expansion""], [""North_Carolina"", ""opposed"", ""expansion""]]",1.0,1.0,1.0,1.0,1.0,0.9999999990120747,0.9999999991108672,0.9999999992096598,0.9999999993084523,0.9999999994072448,0.9999999995060374,0.9999999996048299,0.9999999997036224,0.9999999998024149,0.9999999999012075,1.0,1.0,0.9999999902890526
49,"The center has a budget of $ 45 million , most of which will be spent on research and testing , Bridges said .","The safety center has a $ 45 million budget for its first year , much of which will be spent on tests and analyses .","[[""center"", ""has_budget"", ""$45_million""], [""$45_million"", ""will_be_spent_on"", ""research""], [""$45_million"", ""will_be_spent_on"", ""testing""], [""center"", ""director"", ""Bridges""]]","[[""safety_center"", ""has_budget"", ""$45_million""], [""$45_million"", ""will_be_spent_on"", ""tests""], [""$45_million"", ""will_be_spent_on"", ""analyses""]]",0.2608745973749754,0.010971051640808582,0.677430272102356,0.037267799624996496,0.2608745973749754,0.8973242889107014,0.8336793197571288,0.7700343506035562,0.7063893814499835,0.642744412296411,0.5790994431428385,0.5154544739892658,0.45180950483569327,0.3881645356821206,0.324519566528548,0.2608745973749754,0.8110524035864173,0.8631391768051433
50,"South Asia follows , with 1.1 millions youths infected — 62 percent of them female .","Of the 1.1 million infected in south Asia , 62 % are female .","[[""South_Asia"", ""has"", ""1.1_million_youths_infected""], [""1.1_million_youths_infected"", ""percentage_female"", ""62_percent""], [""1.1_million_youths_infected"", ""location"", ""South_Asia""]]","[[""South_Asia"", ""has"", ""1.1_million_infected""], [""1.1_million_infected"", ""percentage_female"", ""62_percent""], [""1.1_million_infected"", ""location"", ""South_Asia""]]",1.0,0.9462918043136597,0.918149471282959,0.3888888888888889,1.0,0.9102668093831966,0.9192401284448769,0.9282134475065573,0.9371867665682376,0.9461600856299179,0.9551334046915982,0.9641067237532787,0.973080042814959,0.9820533618766394,0.9910266809383197,1.0,0.9439341041705914,0.8888200133210158
51,Estonia 's place in the European mainstream and safeguard its independence regained in 1991 .,Estonia was forcibly incorporated in the Soviet Union in 1940 and regained its independence only in 1991 .,"[[""Estonia"", ""regained_independence_in"", ""1991""], [""Estonia"", ""safeguards"", ""independence""], [""Estonia"", ""part_of"", ""European_mainstream""]]","[[""Estonia"", ""forcibly_incorporated_in"", ""Soviet_Union""], [""Estonia"", ""forcibly_incorporated_in_year"", ""1940""], [""Estonia"", ""regained_independence_in"", ""1991""]]",0.3367876570272817,0.2123386263847351,0.4032270908355713,0.2916666666666667,0.3367876570272817,0.8885987370998156,0.8334176290925623,0.7782365210853088,0.7230554130780554,0.667874305070802,0.6126931970635486,0.5575120890562952,0.502330981049042,0.44714987304178844,0.3919687650345351,0.3367876570272817,0.7588019324229562,0.7884516151290683
52,"Sony Ericsson also said it would shut down its GSM / UMTS R & D center in Munich , Germany , to increase profitability .","Sony Ericsson also said it plans to close its R & D site in Munich , Germany , for GSM and UMTS handsets .","[[""Sony_Ericsson"", ""will_shut_down"", ""Munich_GSM_UMTS_R&D_center""], [""Munich_GSM_UMTS_R&D_center"", ""location"", ""Munich""], [""Munich"", ""country"", ""Germany""], [""Sony_Ericsson"", ""aims_to_increase"", ""profitability""]]","[[""Sony_Ericsson"", ""plans_to_close"", ""Munich_R&D_site""], [""Munich_R&D_site"", ""location"", ""Munich""], [""Munich"", ""country"", ""Germany""], [""Munich_R&D_site"", ""develops"", ""GSM_and_UMTS_handsets""]]",0.3367876570272817,0.370733380317688,0.6660807728767395,0.43333333333333335,0.4844813951249544,0.8359170770920028,0.8007735088952981,0.7656299406985931,0.7304863725018882,0.6953428043051834,0.6601992361084786,0.6250556679117738,0.5899120997150689,0.554768531518364,0.5196249633216592,0.4844813951249544,0.8053169632416591,0.8353754460807805
53,"He said : "" For the first time there is an easy and affordable way of making this treasure trove of BBC content available to all . """,""" For the first time , there is an easy and affordable way of making this treasure trove of BBC content available to all , "" Dyke said .","[[""He"", ""said"", ""statement_about_BBC_content""]]","[[""Dyke"", ""said"", ""statement_about_BBC_content""]]",0.5,0.9006861448287964,0.7071532011032104,0.5,0.5,0.7944597305042874,0.7650137574538587,0.73556778440343,0.7061218113530012,0.6766758383025724,0.6472298652521438,0.6177838922017149,0.5883379191512863,0.5588919461008575,0.5294459730504287,0.5,0.7809499071981213,0.7416828865532852
54,She had been barred on the grounds that her headscarf would violate the state 's neutrality in religion .,The school had argued that it violated the state 's neutrality in religion .,"[[""She"", ""was_barred_on_grounds"", ""headscarf_violation""], [""headscarf"", ""would_violate"", ""state_neutrality_in_religion""]]","[[""school"", ""argued"", ""state_neutrality_in_religion_violation""]]",0.408248290463863,0.0,0.0,0.0,0.3535533905932738,0.6453604993173107,0.6161797884449071,0.5869990775725032,0.5578183667000995,0.528637655827696,0.49945694495529225,0.47027623408288854,0.44109552321048484,0.41191481233808114,0.3827341014656775,0.3535533905932738,0.5578721530935742,0.6638670027039358
55,""" Everyone who has a cell phone wishes they had a better one , "" Huang said .","They have a cell phone and everybody that has a cell phone wishes they had a better one . ""","[[""Huang"", ""said"", ""everyone_wishes_for_better_cell_phone""]]","[[""They"", ""have"", ""cell_phone""], [""everyone_with_cell_phone"", ""wishes_for"", ""better_cell_phone""]]",0.5,0.0,0.0,0.0,0.5,0.8482988299761344,0.813468946978521,0.7786390639809075,0.7438091809832941,0.7089792979856806,0.6741494149880671,0.6393195319904538,0.6044896489928403,0.5696597659952268,0.5348298829976135,0.5,0.6485704738780108,0.7194175449458764
56,"The time was about 4 a.m. on March 18 , just hours before the first pinpoint missiles rained down on the capital .","The seizure occurred at 4am on March 18 , just hours before the first American air assault .","[[""time"", ""was"", ""4_a.m.""], [""event"", ""occurred_on"", ""March_18""], [""missiles"", ""rained_down_on"", ""capital""]]","[[""seizure"", ""occurred_at"", ""4am""], [""seizure"", ""occurred_on"", ""March_18""], [""air_assault"", ""was_by"", ""American""], [""air_assault"", ""occurred_at"", ""4am""]]",0.36514837167011077,0.0,0.21115341782569885,0.18257418583505539,0.36514837167011077,0.6572506201348663,0.6280403952883908,0.5988301704419153,0.5696199455954396,0.5404097207489641,0.5111994959024886,0.481989271056013,0.45277904620953746,0.42356882136306184,0.3943585965165863,0.36514837167011077,0.5854090619178679,0.5851273930462682
57,"Powell fired back : "" He 's accusing the president of a ludicrous act , "" he said .","If so , Powell said , he 's calling the president ludicrous , too .","[[""Powell"", ""fired_back_at"", ""the_president""], [""the_president"", ""was_accused_of"", ""ludicrous_act""], [""Powell"", ""said"", ""ludicrous_act""]]","[[""Powell"", ""said"", ""the_president_is_ludicrous""], [""Powell"", ""called"", ""the_president_ludicrous""]]",0.13608276348795434,0.2843776047229767,0.48680830001831055,0.05555555555555555,0.1111111111111111,0.905686887026097,0.8262293094345984,0.7467717318430999,0.6673141542516012,0.5878565766601026,0.5083989990686041,0.42894142147710546,0.34948384388560694,0.27002626629410825,0.19056868870260968,0.1111111111111111,0.7677583172638426,0.7458019493755834
58,"The stock closed Friday at $ 5.91 , down $ 1.24 , or 17 percent , on the Nasdaq Stock Market .","Shares of Brocade closed at $ 5.91 , down $ 1.24 , or 17.3 percent .","[[""stock"", ""closed_at"", ""$5.91""], [""stock"", ""decreased_by"", ""$1.24""], [""stock"", ""decreased_by_percentage"", ""17_percent""], [""stock"", ""traded_on"", ""Nasdaq_Stock_Market""]]","[[""Brocade"", ""closed_at"", ""$5.91""], [""Brocade"", ""decreased_by"", ""$1.24""], [""Brocade"", ""decreased_by_percentage"", ""17.3_percent""]]",0.5773502691896257,0.12014777958393097,0.48632627725601196,0.4472135954999579,0.6708203932499369,0.4604174676047507,0.48145776016926933,0.502498052733788,0.5235383452983066,0.5445786378628252,0.5656189304273438,0.5866592229918625,0.607699515556381,0.6287398081208997,0.6497801006854182,0.6708203932499369,0.6504569081885907,0.6351067523595442
59,""" The law has several weaknesses which terrorists could exploit , undermining our defenses , "" Ashcroft said .","He admits that the law "" has several weaknesses which terrorists could exploit , undermining our defenses . ""","[[""Ashcroft"", ""said"", ""the_law_has_weaknesses""], [""terrorists"", ""could_exploit"", ""weaknesses""], [""weaknesses"", ""undermine"", ""defenses""]]",[],,,,,,,,,,,,,,,,,,
60,"The agent , Bassem Youssef , filed the lawsuit on Friday in Federal District Court for the District of Columbia .",The lawsuit was filed on Friday at the US District Court for the District of Columbia .,"[[""Bassem_Youssef"", ""filed_lawsuit_at"", ""Federal_District_Court_for_the_District_of_Columbia""], [""Bassem_Youssef"", ""is"", ""agent""], [""Federal_District_Court_for_the_District_of_Columbia"", ""location"", ""District_of_Columbia""]]","[[""lawsuit"", ""filed_at"", ""US_District_Court_for_the_District_of_Columbia""], [""US_District_Court_for_the_District_of_Columbia"", ""location"", ""District_of_Columbia""]]",0.408248290463863,0.10602354258298874,0.37796562910079956,0.28867513459481287,0.5773502691896257,0.7142693272433014,0.7005774214379339,0.6868855156325663,0.6731936098271987,0.6595017040218312,0.6458097982164636,0.632117892411096,0.6184259866057285,0.6047340808003608,0.5910421749949932,0.5773502691896257,0.6902694939292224,0.7443498588819926
61,"The ECB has cut interest rates six times over that period , from 4.75 percent in October 2000 to 2.5 percent .",The ECB has cut rates from 4.75 percent in October 2000 to 2.5 percent in that period .,"[[""ECB"", ""cut_interest_rates"", ""six_times""], [""ECB"", ""cut_interest_rate_from"", ""4.75_percent""], [""ECB"", ""cut_interest_rate_to"", ""2.5_percent""], [""4.75_percent"", ""interest_rate_in"", ""October_2000""]]","[[""ECB"", ""cut_rates_from"", ""4.75_percent""], [""ECB"", ""cut_rates_to"", ""2.5_percent""], [""4.75_percent"", ""interest_rate_in"", ""October_2000""]]",0.6254627916220946,0.8591306209564209,0.8497138023376465,0.7080881928749334,0.7080881928749334,0.9732796386144352,0.9467604940404851,0.9202413494665349,0.8937222048925847,0.8672030603186345,0.8406839157446844,0.8141647711707342,0.7876456265967839,0.7611264820228337,0.7346073374488836,0.7080881928749334,0.9289572026573332,0.8487774818397217
62,"Paul Durousseau , 32 , was charged Tuesday with five counts of first-degree murder for the Dec. 19 to Feb. 5 killings .","Paul Durousseau , 32 , was charged Tuesday with murder in five Jacksonville slayings between December and February , and in a 1997 Georgia killing .","[[""Paul_Durousseau"", ""charged_with"", ""first-degree_murder""], [""Paul_Durousseau"", ""age"", ""32""], [""first-degree_murder"", ""count"", ""5""], [""first-degree_murder"", ""time"", ""Dec_19_to_Feb_5""]]","[[""Paul_Durousseau"", ""charged_with"", ""murder""], [""Paul_Durousseau"", ""age"", ""32""], [""murder"", ""location"", ""Jacksonville""], [""murder"", ""count"", ""5""], [""murder"", ""time"", ""December_to_February""], [""Paul_Durousseau"", ""charged_with"", ""1997_Georgia_killing""]]",1.0,0.2039165049791336,0.6271564960479736,0.3662335103823572,1.0,0.9047486475243554,0.9142737827719198,0.9237989180194843,0.9333240532670486,0.9428491885146132,0.9523743237621777,0.9618994590097422,0.9714245942573065,0.980949729504871,0.9904748647524355,1.0,0.9258242662510526,0.8812802127317748
63,"His spokesman , Tom Parker , said Moore 's attorneys would respond to the complaint Monday .",Parker said Moore 's lawyers were reviewing the complaint and would respond Monday .,"[[""Tom_Parker"", ""is"", ""spokesman""], [""Moore"", ""has"", ""attorneys""], [""attorneys"", ""will_respond_to"", ""complaint""], [""complaint"", ""will_be_responded_on"", ""Monday""]]","[[""Parker"", ""said"", ""lawyers_will_respond""], [""Moore"", ""has"", ""lawyers""], [""lawyers"", ""are_reviewing"", ""complaint""], [""complaint"", ""will_be_responded_on"", ""Monday""], [""lawyers"", ""will_respond_on"", ""Monday""]]",0.16666666666666666,0.2625146806240082,0.6197634935379028,0.3611111111111111,0.16666666666666666,0.8914277019045379,0.8189515983807508,0.7464754948569637,0.6739993913331765,0.6015232878093894,0.5290471842856023,0.4565710807618152,0.38409497723802805,0.3116188737142409,0.23914277019045377,0.16666666666666666,0.8398993424017491,0.8916671204577495
64,The FBI is trying to determine when White House officials and members of the vice president ’ s staff first focused on Wilson and learned about his wife ’ s employment at the agency .,The FBI is trying to determine when White House officials and members of the vice president 's staff focused on Wilson and learned about his wife 's employment .,"[[""FBI"", ""is_trying_to_determine"", ""when_White_House_officials_focused_on_Wilson""], [""White_House_officials"", ""focused_on"", ""Wilson""], [""FBI"", ""is_trying_to_determine"", ""when_members_of_vice_president_staff_focused_on_Wilson""], [""members_of_vice_president_staff"", ""focused_on"", ""Wilson""], [""FBI"", ""is_trying_to_determine"", ""when_Wilson_wife_employment_at_agency_was_learned""], [""Wilson"", ""has_wife"", ""Wilson_wife""], [""Wilson_wife"", ""has_employment_at"", ""agency""]]","[[""FBI"", ""is_trying_to_determine"", ""when_White_House_officials_focused_on_Wilson""], [""White_House_officials"", ""focused_on"", ""Wilson""], [""FBI"", ""is_trying_to_determine"", ""when_members_of_vice_president_staff_focused_on_Wilson""], [""members_of_vice_president_staff"", ""focused_on"", ""Wilson""], [""FBI"", ""is_trying_to_determine"", ""when_Wilson_wife_employment_was_learned""], [""Wilson"", ""has_wife"", ""Wilson_wife""], [""Wilson_wife"", ""has_employment"", ""employment""]]",0.6428571428571429,0.7169973850250244,0.8325734734535217,0.46296296296296297,0.6666666666666666,0.9947760175625473,0.9619650824729592,0.9291541473833712,0.896343212293783,0.8635322772041951,0.8307213421146069,0.7979104070250189,0.7650994719354309,0.7322885368458427,0.6994776017562547,0.6666666666666666,0.9659601933136166,0.870994892963262
65,Finance Minister Masajuro Shiokawa said the yen has strengthened too much but declined to comment on whether Japan had intervened .,Japan 's Finance Minister Masajuro Shiokawa said the yen had strengthened too much but declined to comment on whether Japan had intervened in the market to stem the yen 's rise .,"[[""Masajuro_Shiokawa"", ""is"", ""Finance_Minister""], [""Masajuro_Shiokawa"", ""said"", ""yen_has_strengthened_too_much""], [""yen"", ""has_strengthened"", ""too_much""], [""Japan"", ""may_have_intervened"", ""yen""]]","[[""Masajuro_Shiokawa"", ""is"", ""Finance_Minister""], [""Masajuro_Shiokawa"", ""said"", ""yen_has_strengthened_too_much""], [""yen"", ""has_strengthened"", ""too_much""], [""Japan"", ""may_have_intervened_in"", ""market""], [""Japan"", ""may_have_intervened_to"", ""stem_yen_rise""]]",0.7607257743127307,0.7793223857879639,0.8201519250869751,0.6254627916220946,0.6686478498357316,0.9875401742919792,0.9556509418463545,0.9237617094007298,0.8918724769551047,0.8599832445094802,0.8280940120638554,0.7962047796182306,0.7643155471726059,0.7324263147269812,0.7005370822813562,0.6686478498357316,0.9667360923173258,0.970301170768308
66,Yeager said the suspect in the Target attack showed tendencies of being a prior offender .,"Yeager said the incident appeared to be isolated , but the suspect showed tendencies of being a prior offender .","[[""Yeager"", ""said"", ""suspect_in_Target_attack""], [""suspect_in_Target_attack"", ""showed_tendencies_of"", ""prior_offender""]]","[[""Yeager"", ""said"", ""incident_appeared_isolated""], [""suspect"", ""showed_tendencies_of"", ""prior_offender""], [""incident"", ""involves"", ""suspect""]]",0.3367876570272817,0.4611964523792267,0.7292639017105103,0.30123203803835463,0.3367876570272817,0.7247803191756834,0.6859810529608433,0.647181786746003,0.6083825205311629,0.5695832543163227,0.5307839881014825,0.49198472188664233,0.45318545567180224,0.41438618945696204,0.37558692324212184,0.3367876570272817,0.7813893606911595,0.5725809680608184
67,"Prince is replacing Sanford "" Sandy "" Weill , who will remain Citigroup 's chairman .","Prince , who heads Citigroup 's global corporate and investment bank , is replacing Sanford Weill as CEO .","[[""Prince"", ""is_replacing"", ""Sanford_Weill""], [""Sanford_Weill"", ""will_remain"", ""Citigroup_chairman""], [""Prince"", ""replacing"", ""Sandy_Weill""]]","[[""Prince"", ""is_replacing"", ""Sanford_Weill""], [""Sanford_Weill"", ""is"", ""CEO""], [""Prince"", ""heads"", ""Citigroup_global_corporate_and_investment_bank""]]",0.16666666666666666,0.2155633270740509,0.32270073890686035,0.08333333333333333,0.13867504905630726,0.8959403347285454,0.8202138061613216,0.7444872775940978,0.6687607490268739,0.5930342204596502,0.5173076918924263,0.4415811633252026,0.36585463475797875,0.29012810619075485,0.21440157762353107,0.13867504905630726,0.7991526305072972,0.7872239193280389
68,The American conservatives are clearly in the minority within the Episcopal Church .,The letter indicates the Vatican 's interest in bolstering conservatives within the Episcopal Church .,"[[""American_conservatives"", ""are_part_of"", ""Episcopal_Church""], [""American_conservatives"", ""are_in_minority"", ""Episcopal_Church""]]","[[""Vatican"", ""has_interest_in"", ""conservatives""], [""conservatives"", ""are_part_of"", ""Episcopal_Church""]]",1.0,0.1970248520374298,0.4280184805393219,0.408248290463863,1.0,0.9268668050564605,0.9341801245508145,0.9414934440451683,0.9488067635395223,0.9561200830338763,0.9634334025282303,0.9707467220225842,0.9780600415169382,0.9853733610112921,0.992686680505646,1.0,0.8304393873467611,0.7188871623087897
69,"Before addressing the economy , Bush discussed the terrorist attacks in Saudi Arabia , which killed as many as 29 people , including seven Americans .","The president began his speech by acknowledging the terrorist attacks in Saudi Arabia that killed at least 29 people , including seven Americans .","[[""Bush"", ""discussed"", ""terrorist_attacks_in_Saudi_Arabia""], [""terrorist_attacks_in_Saudi_Arabia"", ""killed"", ""29_people""], [""terrorist_attacks_in_Saudi_Arabia"", ""killed"", ""seven_Americans""], [""Bush"", ""addressed"", ""economy""]]","[[""president"", ""acknowledged"", ""terrorist_attacks_in_Saudi_Arabia""], [""terrorist_attacks_in_Saudi_Arabia"", ""killed"", ""at_least_29_people""], [""terrorist_attacks_in_Saudi_Arabia"", ""killed"", ""seven_Americans""]]",0.6708203932499369,0.0,0.586938738822937,0.2608745973749754,0.6708203932499369,0.8689834084590938,0.8491671069381781,0.8293508054172625,0.8095345038963467,0.789718202375431,0.7699019008545154,0.7500855993335998,0.730269297812684,0.7104529962917683,0.6906366947708527,0.6708203932499369,0.8049655281791461,0.7852999376508205
70,""" Everything was decided in advance , "" said one of the men , Thierry Falise , a Belgian photographer , as he arrived in Bangkok .",""" It was a total mockery of justice , a parody , "" said Thierry Falise , a Belgian photographer , as he arrived here .","[[""Thierry_Falise"", ""said"", ""Everything_was_decided_in_advance""], [""Thierry_Falise"", ""is"", ""Belgian_photographer""], [""Thierry_Falise"", ""arrived_in"", ""Bangkok""]]","[[""Thierry_Falise"", ""said"", ""It_was_a_total_mockery_of_justice""], [""Thierry_Falise"", ""is"", ""Belgian_photographer""]]",0.3367876570272817,0.6351622343063354,0.6686125993728638,0.3367876570272817,0.3367876570272817,0.8038344240564109,0.757129747353498,0.7104250706505851,0.6637203939476721,0.6170157172447592,0.5703110405418463,0.5236063638389334,0.4769016871360205,0.43019701043310754,0.38349233373019465,0.3367876570272817,0.7312960389838729,0.7595377629255008
71,"But they are split over whether the Fed will acknowledge risks are tilted toward weakness , or say they are balanced .",Wall Street is debating whether the central bank will say risks are tilted toward weakness or balanced with inflation .,"[[""they"", ""are_split_over"", ""Fed_risks""], [""Fed"", ""will_acknowledge"", ""risks""], [""risks"", ""are_tilted_toward"", ""weakness""], [""risks"", ""are"", ""balanced""]]","[[""Wall_Street"", ""is_debating"", ""central_bank""], [""central_bank"", ""will_say"", ""risks""], [""risks"", ""are_tilted_toward"", ""weakness""], [""risks"", ""are"", ""balanced""], [""risks"", ""are_balanced_with"", ""inflation""]]",0.43333333333333335,0.2594028115272522,0.544428825378418,0.3611111111111111,0.4146442144313646,0.9392572230191931,0.8867959221604103,0.8343346213016274,0.7818733204428445,0.7294120195840618,0.6769507187252789,0.624489417866496,0.5720281170077133,0.5195668161489303,0.46710551529014743,0.4146442144313646,0.8127467440366007,0.6787144639736826
72,""" The United States welcomes a greater NATO role in Iraq 's stabilization , "" Mr. Powell told his colleagues in a speech today .",""" The United States welcomes a greater NATO role in Iraq 's stabilization , "" Mr. Powell said in a speech to fellow NATO ministers .","[[""United_States"", ""welcomes"", ""NATO_role_in_Iraq""], [""NATO"", ""role_in"", ""Iraq_stabilization""], [""United_States"", ""supports"", ""Iraq_stabilization""], [""Mr_Powell"", ""told"", ""colleagues""], [""Mr_Powell"", ""gave_speech"", ""today""]]","[[""United_States"", ""welcomes"", ""NATO_role_in_Iraq""], [""NATO"", ""role_in"", ""Iraq_stabilization""], [""United_States"", ""supports"", ""Iraq_stabilization""], [""Mr_Powell"", ""gave_speech"", ""NATO_ministers""]]",0.563436169819011,0.8950437903404236,0.8775697946548462,0.6429306248420497,0.6429306248420497,0.9325813808424235,0.9036163052423861,0.8746512296423488,0.8456861540423113,0.8167210784422739,0.7877560028422366,0.7587909272421992,0.7298258516421618,0.7008607760421244,0.671895700442087,0.6429306248420497,0.9065474995805847,0.9450534735891709
73,"In morning trading on the New York Stock Exchange , Coca-Cola shares were down 34 cents at $ 43.67 .","Coca-Cola 's shares were steady in late morning trading in New York , down just 13 cents to $ 43.88 .","[[""Coca-Cola"", ""traded_on"", ""New_York_Stock_Exchange""], [""Coca-Cola_shares"", ""decreased_by"", ""34_cents""], [""Coca-Cola_shares"", ""valued_at"", ""43.67_dollars""]]","[[""Coca-Cola"", ""traded_in"", ""New_York""], [""Coca-Cola_shares"", ""decreased_by"", ""13_cents""], [""Coca-Cola_shares"", ""valued_at"", ""43.88_dollars""]]",0.5416666666666666,0.5232539772987366,0.6438366174697876,0.06666666666666667,0.6333333333333333,0.9649208995913178,0.9317621429655194,0.8986033863397209,0.8654446297139223,0.832285873088124,0.7991271164623255,0.765968359836527,0.7328096032107287,0.6996508465849303,0.6664920899591317,0.6333333333333333,0.8983999868758685,0.9695133900056612
74,"He caused a stir by misnaming the mayor of Miami , Manny Diaz .","He greeted the mayor of Miami , Manny Diaz , as "" Alex . ""","[[""He"", ""misnamed"", ""Manny_Diaz""], [""Manny_Diaz"", ""is"", ""mayor_of_Miami""]]","[[""He"", ""greeted"", ""Manny_Diaz""], [""Manny_Diaz"", ""is"", ""mayor_of_Miami""], [""He"", ""referred_to_Manny_Diaz_as"", ""Alex""]]",0.6254627916220946,0.7361470460891724,0.8015605211257935,0.6254627916220946,0.6254627916220946,0.9191248153248388,0.8897586129545644,0.86039241058429,0.8310262082140155,0.8016600058437411,0.7722938034734668,0.7429276011031922,0.7135613987329179,0.6841951963626435,0.654828993992369,0.6254627916220946,0.8363025550492622,0.7807973273115866
75,"While dioxin levels in the environment were up last year , they have dropped by 75 percent since the 1970s , said Caswell .",The Institute said dioxin levels in the environment have fallen by as much as 76 percent since the 1970s .,"[[""dioxin_levels"", ""dropped_by"", ""75_percent""], [""dioxin_levels"", ""were_up"", ""last_year""], [""dioxin_levels"", ""have_dropped_since"", ""1970s""], [""Caswell"", ""said"", ""dioxin_levels_have_dropped""]]","[[""dioxin_levels"", ""have_fallen_by"", ""76_percent""], [""dioxin_levels"", ""have_fallen_since"", ""1970s""], [""Institute"", ""said"", ""dioxin_levels_have_fallen""]]",0.4844813951249544,0.053360410034656525,0.22508496046066284,0.21300321680756462,0.5781515884776753,0.9598703755810866,0.9216984968707455,0.8835266181604045,0.8453547394500631,0.807182860739722,0.7690109820293809,0.7308391033190398,0.6926672246086987,0.6544953458983576,0.6163234671880164,0.5781515884776753,0.8336373314265271,0.6520132217768397
76,Qanbar said the council members would possibly elect a chairman later Sunday .,US authorities have said the council would include 20 to 25 members .,"[[""Qanbar"", ""said"", ""council_members""], [""council_members"", ""would_elect"", ""chairman""], [""council_members"", ""election_time"", ""Sunday""]]","[[""US_authorities"", ""said"", ""council""], [""council"", ""has_members"", ""20_to_25_members""]]",0.05892556509887897,0.0,0.0,0.0,0.05892556509887897,0.6972742958840258,0.633439422805511,0.5696045497269965,0.5057696766484817,0.44193480356996706,0.37809993049145235,0.3142650574129377,0.25043018433442304,0.18659531125590828,0.12276043817739363,0.05892556509887897,0.4686166806094207,0.677906120165991
77,Dallas Coach Don Nelson declared Nowitzki 's status as doubtful .,Coach Don Nelson declared Nowitzki out at the team 's morning shootaround .,"[[""Don_Nelson"", ""declared"", ""Nowitzki""], [""Nowitzki"", ""status"", ""doubtful""]]","[[""Don_Nelson"", ""declared"", ""Nowitzki""], [""Nowitzki"", ""status"", ""out""]]",0.16666666666666666,0.9259923696517944,0.8489373326301575,0.16666666666666666,0.16666666666666666,0.9574547175043554,0.8783759124205865,0.7992971073368177,0.7202183022530488,0.6411394971692799,0.562060692085511,0.48298188700174216,0.4039030819179733,0.32482427683420434,0.2457454717504355,0.16666666666666666,0.8883422378512849,0.6517240496309105
78,"No team has overcome a 3-1 deficit in the NBA Finals , and the New Jersey Nets don 't want to try their luck at such a daunting task . ""","No team has overcome a 3-1 deficit in the NBA Finals , and the New Jersey Nets don 't want to try their luck at it .","[[""NBA_Finals"", ""has_deficit"", ""3-1""], [""No_team"", ""has_overcome"", ""3-1_deficit""], [""New_Jersey_Nets"", ""dont_want_to_try"", ""overcoming_3-1_deficit""]]","[[""NBA_Finals"", ""has_deficit"", ""3-1""], [""No_team"", ""has_overcome"", ""3-1_deficit""], [""New_Jersey_Nets"", ""dont_want_to_try"", ""overcoming_3-1_deficit""]]",1.0,1.0,1.0,1.0,1.0,0.9999999986354567,0.999999998771911,0.9999999989083654,0.9999999990448196,0.999999999181274,0.9999999993177284,0.9999999994541827,0.999999999590637,0.9999999997270914,0.9999999998635457,1.0,1.0,1.0
79,"Goldman decided to increase its quarterly dividend to 25 cents a share from 12 cents , citing recent tax legislation as a primary factor behind the move .","In addition , Goldman raised its quarterly dividend to 25 cents a share , up from 13 cents previously .","[[""Goldman"", ""increased_dividend_to"", ""25_cents""], [""Goldman"", ""had_previous_dividend"", ""12_cents""], [""Goldman"", ""cited_reason"", ""recent_tax_legislation""]]","[[""Goldman"", ""raised_dividend_to"", ""25_cents""], [""Goldman"", ""had_previous_dividend"", ""13_cents""]]",0.4762896722078402,0.5725022554397583,0.6922846436500549,0.3367876570272817,0.6254627916220946,0.9297003158032253,0.8992765633851123,0.8688528109669992,0.838429058548886,0.808005306130773,0.77758155371266,0.7471578012945469,0.7167340488764338,0.6863102964583208,0.6558865440402076,0.6254627916220946,0.8611797072368608,0.8845304799311292
80,"Earlier this year , the company announced a restatement of its 2002 , 2001 and 2000 financial results .","Earlier this year , the company said it would restate its 2000 , 2001 and 2002 financial results .","[[""company"", ""announced_restatement_of"", ""2002_financial_results""], [""company"", ""announced_restatement_of"", ""2001_financial_results""], [""company"", ""announced_restatement_of"", ""2000_financial_results""]]","[[""company"", ""said_would_restate"", ""2000_financial_results""], [""company"", ""said_would_restate"", ""2001_financial_results""], [""company"", ""said_would_restate"", ""2002_financial_results""]]",1.0,1.0,1.0,1.0,1.0,0.8949092407673133,0.9054183166905819,0.9159273926138507,0.9264364685371191,0.9369455444603879,0.9474546203836567,0.9579636963069253,0.968472772230194,0.9789818481534627,0.9894909240767313,1.0,0.8780063346418215,0.7757143832495821
81,"Searches for survivors from several previous shipwrecks have often had to be abandoned for similar reasons , leaving the vessels and most of their passengers unaccounted for .","In several previous shipwrecks , the search for survivors had to be abandoned for similar reasons , leaving the vessels and most of their passengers unaccounted for .","[[""searches"", ""abandoned_for"", ""similar_reasons""], [""searches"", ""had_to_leave"", ""vessels""], [""searches"", ""had_to_leave"", ""passengers""], [""vessels"", ""left"", ""unaccounted_for""], [""passengers"", ""left"", ""unaccounted_for""]]","[[""search"", ""abandoned_for"", ""similar_reasons""], [""search"", ""had_to_leave"", ""vessels""], [""search"", ""had_to_leave"", ""passengers""], [""vessels"", ""left"", ""unaccounted_for""], [""passengers"", ""left"", ""unaccounted_for""]]",1.0,0.9790714383125305,0.9509945511817932,0.8,1.0,0.9886684339880235,0.9898015905892211,0.9909347471904189,0.9920679037916165,0.9932010603928141,0.9943342169940117,0.9954673735952094,0.996600530196407,0.9977336867976048,0.9988668433988024,1.0,0.9886702520370956,0.994197720169677
82,"During the same quarter last year , EDS declared a profit of $ 354 million , or 72 cents per share .","EDS reported a first-quarter loss of $ 126 million , or 26 cents per share .","[[""EDS"", ""declared_profit"", ""354_million""], [""EDS"", ""declared_profit_per_share"", ""72_cents""]]","[[""EDS"", ""reported_loss"", ""126_million""], [""EDS"", ""reported_loss_per_share"", ""26_cents""]]",0.06804138174397717,0.0,0.36870068311691284,0.05555555555555555,0.06804138174397717,0.767573383844324,0.6976201836342893,0.6276669834242548,0.55771378321422,0.4877605830041853,0.41780738279415064,0.34785418258411593,0.2779009823740813,0.2079477821640465,0.13799458195401185,0.06804138174397717,0.7234270287660438,0.7578239032955034
83,Shiite Muslims account for about a third of Quetta 's of 1.2 million people .,About 80 percent of Pakistan 's 140 million people are Sunnis .,"[[""Shiite_Muslims"", ""account_for"", ""a_third_of_Quetta_population""], [""Quetta"", ""population"", ""1.2_million_people""]]","[[""Sunnis"", ""account_for"", ""80_percent_of_Pakistan_population""], [""Pakistan"", ""population"", ""140_million_people""]]",0.2916666666666667,0.0,0.0,0.0,0.2916666666666667,0.655421647900875,0.6190461497774542,0.5826706516540333,0.5462951535306124,0.5099196554071916,0.47354415728377086,0.43716865916034997,0.4007931610369292,0.3644176629135083,0.3280421647900875,0.2916666666666667,0.6900754650749327,0.7271810854425659
84,ECUSA is the U.S. branch of the 70 million-member Anglican Communion .,The Episcopal Church is the American branch of the Anglican Communion .,"[[""ECUSA"", ""is_branch_of"", ""Anglican_Commutation""], [""Anglican_Commutation"", ""has_members"", ""70_million""], [""ECUSA"", ""location"", ""U.S.""]]","[[""Episcopal_Church"", ""is_branch_of"", ""Anglican_Commutation""], [""Episcopal_Church"", ""location"", ""America""]]",0.3367876570272817,0.06341105699539185,0.3509517312049866,0.048112522432468816,0.3367876570272817,0.6908707614226366,0.6554624509831012,0.6200541405435656,0.58464583010403,0.5492375196644946,0.5138292092249591,0.4784208987854236,0.4430125883458882,0.4076042779063527,0.37219596746681716,0.3367876570272817,0.6910482742826631,0.6636969349498117
85,""" Please , keep doing your homework , "" said Bavelier , the mother of three .",""" Please , keep doing your homework , "" said Bavelier , the mother of 6-year-old twins and a 2-year old .","[[""Bavelier"", ""is"", ""mother_of_three""], [""Bavelier"", ""said"", ""please_do_homework""]]","[[""Bavelier"", ""is"", ""mother_of_twins""], [""Bavelier"", ""is"", ""mother_of_2_year_old""], [""Bavelier"", ""said"", ""please_do_homework""]]",1.0,0.7659638524055481,0.6368074417114258,0.3367876570272817,1.0,0.9751557860732009,0.9776402074658808,0.9801246288585608,0.9826090502512406,0.9850934716439205,0.9875778930366004,0.9900623144292804,0.9925467358219602,0.9950311572146402,0.9975155786073201,1.0,0.9596255791299291,0.9372249268318875
86,"The loonie , meanwhile , continued to slip in early trading Friday .","The loonie , meanwhile , was on the rise again early Thursday .","[[""loonie"", ""slipped_in"", ""early_trading_Friday""]]","[[""loonie"", ""rose_in"", ""early_Thursday""]]",0.08333333333333333,0.14427566528320312,0.48803943395614624,0.08333333333333333,0.08333333333333333,0.7106620886718197,0.647929213137971,0.5851963376041225,0.5224634620702737,0.4597305865364251,0.3969977110025765,0.33426483546872787,0.2715319599348793,0.20879908440103057,0.14606620886718197,0.08333333333333333,0.6979656367823139,0.7052216116637527
87,Both were declared dead about 6 p.m. at Brookdale University Hospital and Medical Center .,"Both shooting victims were rushed to Brookdale University Hospital Medical Center , where they died a short time later .","[[""Brookdale_University_Hospital_and_Medical_Center"", ""declared_dead_at"", ""6_p.m.""], [""victims"", ""declared_dead_at"", ""Brookdale_University_Hospital_and_Medical_Center""]]","[[""shooting_victims"", ""rushed_to"", ""Brookdale_University_Hospital_Medical_Center""], [""shooting_victims"", ""died_at"", ""Brookdale_University_Hospital_Medical_Center""]]",0.13608276348795434,0.0,0.0,0.0,0.13608276348795434,0.7542919310808113,0.6924710143215256,0.6306500975622399,0.5688291808029542,0.5070082640436685,0.4451873472843828,0.3833664305250971,0.3215455137658115,0.25972459700652567,0.19790368024724003,0.13608276348795434,0.7297767629723754,0.6702475765839261
88,"The capsule landed on its side and drifted about 12 metres , probably dragged by the main parachute .",The capsule ended up on its side and appeared to have been dragged about 40ft by the main parachute after landing .,"[[""capsule"", ""landed_on"", ""side""], [""capsule"", ""drifted"", ""12_metres""], [""capsule"", ""dragged_by"", ""main_parachute""]]","[[""capsule"", ""ended_up_on"", ""side""], [""capsule"", ""dragged"", ""40ft""], [""capsule"", ""dragged_by"", ""main_parachute""]]",0.5416666666666666,0.6337572336196899,0.692359983921051,0.5416666666666666,0.5416666666666666,0.9337574396773292,0.894548362376263,0.8553392850751966,0.8161302077741304,0.7769211304730641,0.7377120531719978,0.6985029758709316,0.6592938985698653,0.6200848212687992,0.5808757439677329,0.5416666666666666,0.8508348984197789,0.8906506286740346
89,The United States accuses Saddam loyalists of attacks on oilfields and pipelines crucial to Iraq 's economic recovery .,Loyalists are also believed to be behind attacks on oil pipelines and fields that are crucial to Iraq 's economic recovery .,"[[""United_States"", ""accuses"", ""Saddam_loyalists""], [""Saddam_loyalists"", ""carried_out"", ""attacks_on_oilfields""], [""Saddam_loyalists"", ""carried_out"", ""attacks_on_pipelines""], [""oilfields"", ""crucial_to"", ""Iraq_economic_recovery""], [""pipelines"", ""crucial_to"", ""Iraq_economic_recovery""]]","[[""Loyalists"", ""behind"", ""attacks_on_oil_pipelines""], [""Loyalists"", ""behind"", ""attacks_on_oil_fields""], [""oil_pipelines"", ""crucial_to"", ""Iraq_economic_recovery""], [""oil_fields"", ""crucial_to"", ""Iraq_economic_recovery""]]",0.9128709291752769,0.0,0.3665684163570404,0.025717224993681984,0.9258200997725514,0.8925955042542106,0.8959179638060448,0.8992404233578788,0.9025628829097128,0.905885342461547,0.909207802013381,0.9125302615652151,0.9158527211170492,0.9191751806688833,0.9224976402207173,0.9258200997725514,0.7859990677956659,0.7791971336941179
90,"With the economy sluggish , producers have had a tough time trying to raise prices .",Economists said the report on wholesale prices showed producers were having a tough time trying to raise prices .,"[[""producers"", ""having_tough_time"", ""raising_prices""], [""economy"", ""is"", ""sluggish""]]","[[""Economists"", ""said"", ""report""], [""report"", ""shows"", ""producers_having_tough_time""], [""producers"", ""having_tough_time"", ""raising_prices""]]",0.5416666666666666,0.0,0.5791318416595459,0.4472135954999579,0.5416666666666666,0.744106852484202,0.7238628339024485,0.703618815320695,0.6833747967389414,0.6631307781571879,0.6428867595754344,0.6226427409936808,0.6023987224119273,0.5821547038301738,0.5619106852484201,0.5416666666666666,0.723552646689923,0.7666650374246228
91,"Samudra claims the meeting agreed with this and fine-tuning was handed to Dulmatin , a bombmaker still on the run and so-called smiling Bali bomber , Amrozi .","He claims they agreed on this plot and that fine-tuning was handed to Dulmatin , a bombmaker who is still on the run .","[[""Samudra"", ""claims_agreed_with"", ""meeting""], [""meeting"", ""handed_over_fine_tuning_to"", ""Dulmatin""], [""Dulmatin"", ""is"", ""bombmaker""], [""Dulmatin"", ""is"", ""smiling_Bali_bomber""], [""Dulmatin"", ""is_also_known_as"", ""Amrozi""], [""Dulmatin"", ""is"", ""on_the_run""]]","[[""Samudra"", ""claims_agreed_on"", ""plot""], [""plot"", ""handed_over_fine_tuning_to"", ""Dulmatin""], [""Dulmatin"", ""is"", ""bombmaker""], [""Dulmatin"", ""is"", ""on_the_run""]]",0.3944053188733077,0.6921277046203613,0.771790623664856,0.3944053188733077,0.3944053188733077,0.8784261505228139,0.8300240673578633,0.7816219841929127,0.733219901027962,0.6848178178630114,0.6364157346980608,0.5880136515331102,0.5396115683681596,0.49120948520320895,0.4428074020382583,0.3944053188733077,0.8227371772803459,0.8536135110569217
92,"He had also said an interest rate cut by the European Central Bank , which meets Thursday , would be welcome .","He had also said on the eve of Monday 's talks that an interest rate cut by the European Central Bank , which meets on Thursday , would be welcome .","[[""He"", ""said"", ""interest_rate_cut_welcome""], [""European_Central_Bank"", ""meets_on"", ""Thursday""], [""European_Central_Bank"", ""may_cut"", ""interest_rate""]]","[[""He"", ""said"", ""interest_rate_cut_welcome""], [""European_Central_Bank"", ""meets_on"", ""Thursday""], [""European_Central_Bank"", ""may_cut"", ""interest_rate""]]",1.0,1.0,1.0,1.0,1.0,0.9999999349340937,0.9999999414406843,0.999999947947275,0.9999999544538656,0.9999999609604562,0.9999999674670468,0.9999999739736375,0.9999999804802281,0.9999999869868188,0.9999999934934094,1.0,0.9999999972184499,0.9999999878278171
93,Altria shares fell 2.5 percent or $ 1.11 to $ 42.57 and were the Dow 's biggest percentage loser .,"Its shares fell $ 9.61 to $ 50.26 , ranking as the NYSE 's most-active issue and its biggest percentage loser .","[[""Altria"", ""fell_by"", ""2.5_percent""], [""Altria"", ""fell_by"", ""$1.11""], [""Altria"", ""traded_at"", ""$42.57""], [""Altria"", ""is"", ""Dow_biggest_percentage_loser""]]","[["" Shares"", ""fell_by"", ""$9.61""], [""Shares"", ""traded_at"", ""$50.26""], [""Shares"", ""is"", ""NYSE_most_active_issue""], [""Shares"", ""is"", ""NYSE_biggest_percentage_loser""]]",0.4472135954999579,0.0,0.0,0.0,0.4,0.5013016915042918,0.49117152235386263,0.4810413532034335,0.47091118405300425,0.4607810149025751,0.4506508457521459,0.44052067660171673,0.43039050745128754,0.4202603383008584,0.4101301691504292,0.4,0.6193959883863558,0.5999992300870428
94,"France , Russia , China and others had advocated a stronger U.N. role to give a U.S.-chosen Iraqi authority international legitimacy .","France , Russia , China and even staunch ally Britain had advocated a stronger U.N. role , which they said was needed to give a U.S.-backed Iraqi authority international legitimacy .","[[""France"", ""advocated_for"", ""stronger_U.N._role""], [""Russia"", ""advocated_for"", ""stronger_U.N._role""], [""China"", ""advocated_for"", ""stronger_U.N._role""], [""stronger_U.N._role"", ""gives"", ""international_legitimacy""], [""U.S.-chosen_Iraqi_authority"", ""receives"", ""international_legitimacy""]]","[[""France"", ""advocated_for"", ""stronger_U.N._role""], [""Russia"", ""advocated_for"", ""stronger_U.N._role""], [""China"", ""advocated_for"", ""stronger_U.N._role""], [""Britain"", ""advocated_for"", ""stronger_U.N._role""], [""stronger_U.N._role"", ""gives"", ""international_legitimacy""], [""U.S.-backed_Iraqi_authority"", ""receives"", ""international_legitimacy""]]",1.0,0.8906634449958801,0.9130622148513794,0.41147559989891175,1.0,0.9977963415937074,0.9980167074343367,0.9982370732749659,0.9984574391155951,0.9986778049562245,0.9988981707968537,0.999118536637483,0.9993389024781123,0.9995592683187415,0.9997796341593708,1.0,0.9914409668558345,0.9857770966324213
95,The transaction will grant Handspring stockholders 0.09 of a share of Palm--and no shares of PalmSource--for each share of Handspring common stock .,"Under the proposed terms of the transaction , and following the spinoff of PalmSource , Palm will exchange 0.09 shares for each share of Handspring .","[[""Handspring_stockholders"", ""will_receive"", ""0.09_shares_of_Palm""], [""Handspring_stockholders"", ""will_not_receive"", ""shares_of_PalmSource""], [""Handspring_common_stock"", ""exchange_rate"", ""0.09_shares_of_Palm""]]","[[""Palm"", ""will_exchange"", ""0.09_shares""], [""Palm"", ""exchange_for"", ""Handspring_share""], [""PalmSource"", ""will_be_spun_off"", ""from_Palm""]]",0.0,0.0,0.06052251532673836,0.0,0.05892556509887897,0.7652512948273995,0.6946187218545474,0.6239861488816955,0.5533535759088433,0.4827210029359913,0.4120884299631392,0.3414558569902872,0.27082328401743516,0.20019071104458303,0.129558138071731,0.05892556509887897,0.6678011471087757,0.7854011819649005
96,"But Mitsubishi Tokyo Financial ( JP : 8306 : news , chart , profile ) declined 3,000 yen , or 0.65 percent , to 456,000 yen .","Sumitomo Mitsui Financial ( JP : 8316 : news , chart , profile ) was down 2.5 percent at 198,000 yen .","[[""Mitsubishi_Tokyo_Financial"", ""declined"", ""3000_yen""], [""Mitsubishi_Tokyo_Financial"", ""closed_at"", ""456000_yen""], [""Mitsubishi_Tokyo_Financial"", ""percentage_decline"", ""0.65_percent""]]","[[""Sumitomo_Mitsui_Financial"", ""declined"", ""2.5_percent""], [""Sumitomo_Mitsui_Financial"", ""closed_at"", ""198000_yen""]]",1.0,0.0,0.0,0.0,0.7463904912524668,0.6268098604208171,0.638767923503982,0.6507259865871471,0.6626840496703119,0.674642112753477,0.686600175836642,0.6985582389198068,0.7105163020029719,0.7224743650861369,0.7344324281693019,0.7463904912524668,0.719055974142295,0.7932848562448287
97,"The federal and local governments remained largely shut down in the aftermath of Hurricane Isabel , as were schools , and much of the region 's transportation network was slowed .","In the aftermath of Hurricane Isabel , federal and local governments remained shut down , as did schools and many businesses .","[[""federal_government"", ""remained_shut_down_after"", ""Hurricane_Isabel""], [""local_government"", ""remained_shut_down_after"", ""Hurricane_Isabel""], [""schools"", ""remained_shut_down_after"", ""Hurricane_Isabel""], [""transportation_network"", ""was_slowed_down_after"", ""Hurricane_Isabel""]]","[[""federal_government"", ""remained_shut_down_after"", ""Hurricane_Isabel""], [""local_government"", ""remained_shut_down_after"", ""Hurricane_Isabel""], [""schools"", ""remained_shut_down_after"", ""Hurricane_Isabel""], [""businesses"", ""remained_shut_down_after"", ""Hurricane_Isabel""]]",0.5590169943749475,0.42000290751457214,0.8799263834953308,0.5,0.5590169943749475,0.9672632935915374,0.9264386636698785,0.8856140337482195,0.8447894038265604,0.8039647739049014,0.7631401439832424,0.7223155140615835,0.6814908841399245,0.6406662542182654,0.5998416242966065,0.5590169943749475,0.9283681737997883,0.94779528515883
98,The euro < EUR = > was up 0.67 percent against the dollar at $ 1.1784 after rising to a three-month high earlier in the session above $ 1.18 .,"In early U.S. trading , the euro < EUR = > was down 0.6 percent to $ 1.1741 , after rising to a four-month high of $ 1.1860 .","[[""euro"", ""increased_by"", ""0.67_percent""], [""euro"", ""traded_against"", ""dollar""], [""euro"", ""reached"", ""three-month_high""], [""euro"", ""exchanged_at"", ""1.1784_dollars""], [""euro"", ""rose_above"", ""1.18_dollars""]]","[[""euro"", ""decreased_by"", ""0.6_percent""], [""euro"", ""traded_against"", ""dollar""], [""euro"", ""reached"", ""four-month_high""], [""euro"", ""exchanged_at"", ""1.1741_dollars""], [""euro"", ""rose_to"", ""1.1860_dollars""]]",1.0,0.47335541248321533,0.5567672252655029,0.19444444444444445,0.7457440977032666,0.9605080393279487,0.9390316451654805,0.9175552510030123,0.896078856840544,0.8746024626780757,0.8531260685156077,0.8316496743531394,0.8101732801906711,0.788696886028203,0.7672204918657348,0.7457440977032666,0.8747385661100495,0.9154904923069331
99,"U.S. Capitol Police Chief Terrance Gainer said the incident resulted from "" two staff members bringing in Halloween costumes . """,U.S. Capitol Police Chief Terrance Gainer said ``two staff members bringing in Halloween costumes ' ' were responsible .,"[[""U.S._Capitol_Police"", ""chief"", ""Terrance_Gainer""], [""Terrance_Gainer"", ""said"", ""incident_result""], [""incident"", ""resulted_from"", ""staff_members_with_Halloween_costumes""], [""staff_members"", ""brought_in"", ""Halloween_costumes""]]","[[""U.S._Capitol_Police"", ""chief"", ""Terrance_Gainer""], [""Terrance_Gainer"", ""said"", ""staff_members_with_Halloween_costumes""], [""staff_members"", ""brought_in"", ""Halloween_costumes""], [""staff_members_with_Halloween_costumes"", ""were_responsible_for"", ""incident""]]",0.36666666666666664,0.8677858114242554,0.9358521699905396,0.43719282489259376,0.577896743774047,0.9324109536246543,0.8969595326395936,0.8615081116545329,0.826056690669472,0.7906052696844114,0.7551538486993506,0.7197024277142899,0.6842510067292291,0.6487995857441684,0.6133481647591077,0.577896743774047,0.9069708582908391,0.8955380431937745
100,The company 's shares fell 3.6 percent to close at $ 66.89 on the Nasdaq .,Shares of Express Scripts ESRX.O fell about 4 percent to $ 66.73 on the Nasdaq in late morning trade .,"[[""company"", ""shares_fell"", ""3.6_percent""], [""company"", ""shares_close_at"", ""66.89""], [""company"", ""traded_on"", ""Nasdaq""]]","[[""Express_Scripts"", ""shares_fell"", ""4_percent""], [""Express_Scripts"", ""shares_close_at"", ""66.73""], [""Express_Scripts"", ""traded_on"", ""Nasdaq""]]",0.5,0.0,0.2735615074634552,0.25,0.75,0.5227623992569281,0.5454861593312353,0.5682099194055426,0.5909336794798496,0.613657439554157,0.6363811996284641,0.6591049597027712,0.6818287197770784,0.7045524798513857,0.7272762399256929,0.75,0.711034778758935,0.7979953001024511
101,"Also , hospital efforts to start "" fever clinics "" in parking lot tents to keep infectious patients out of emergency rooms are "" moving along impressively , "" Dr. Roth said .","Dr. Roth also said that hospital efforts to start "" fever clinics "" in parking-lot tents to keep infectious patients out of emergency rooms were "" moving along impressively . ""","[[""Dr._Roth"", ""said"", ""hospital_efforts_are_moving_along_impressively""], [""hospital"", ""has"", ""fever_clinics""], [""fever_clinics"", ""location"", ""parking_lot_tents""], [""fever_clinics"", ""purpose"", ""keep_infectious_patients_out_of_emergency_rooms""]]","[[""Dr._Roth"", ""said"", ""hospital_efforts_are_moving_along_impressively""], [""hospital"", ""has"", ""fever_clinics""], [""fever_clinics"", ""location"", ""parking_lot_tents""], [""fever_clinics"", ""purpose"", ""keep_infectious_patients_out_of_emergency_rooms""]]",1.0,0.9999998807907104,0.9999997615814209,1.0,1.0,0.9999999246421662,0.9999999321779496,0.9999999397137331,0.9999999472495162,0.9999999547852998,0.9999999623210831,0.9999999698568665,0.9999999773926499,0.9999999849284332,0.9999999924642167,1.0,1.0,0.9999999857506865
102,"Today in the US , the book - kept under wraps by its publishers , G. P. Putnam 's Sons , since its inception - will appear in bookstores .","Tomorrow the book , kept under wraps by G. P. Putnam 's Sons since its inception , will appear in bookstores .","[[""book"", ""published_by"", ""G._P._Putnam\""s_Sons""], [""book"", ""location"", ""US""], [""book"", ""will_appear_in"", ""bookstores""]]","[[""book"", ""published_by"", ""G._P._Putnam\""s_Sons""], [""book"", ""will_appear_in"", ""bookstores""]]",0.6254627916220946,0.8277456760406494,0.8357516527175903,0.6254627916220946,0.6254627916220946,0.9044197094118794,0.876524017632901,0.8486283258539224,0.8207326340749439,0.7928369422959656,0.764941250516987,0.7370455587380085,0.7091498669590302,0.6812541751800516,0.653358483401073,0.6254627916220946,0.8738743809663065,0.9618543013855375
103,"They said they also seized several items which might be linked to ritual killing , including an animal 's skull with a nail driven through it .","Among the evidence seized by detectives was an animal skull with a nail driven through its head , which may have been used in a "" black magic "" ceremony .","[[""they"", ""seized"", ""items""], [""items"", ""might_be_linked_to"", ""ritual_killing""], [""items"", ""include"", ""animal_skull""], [""animal_skull"", ""has"", ""nail_driven_through_it""]]","[[""detectives"", ""seized"", ""evidence""], [""evidence"", ""includes"", ""animal_skull""], [""animal_skull"", ""has"", ""nail_driven_through_its_head""], [""animal_skull"", ""may_have_been_used_in"", ""black_magic_ceremony""]]",0.23333333333333334,0.0,0.21128305792808533,0.03333333333333333,0.23333333333333334,0.8326056811341866,0.7726784463541013,0.712751211574016,0.6528239767939306,0.5928967420138453,0.53296950723376,0.4730422724536747,0.41311503767358937,0.35318780289350393,0.29326056811341866,0.23333333333333334,0.7328311066092357,0.7021240680798141
104,"Professor Hermon-Taylor adds , An unexpected finding of the research showed that patients suffering with Irritable Bowel Syndrome ( IBS ) were also infected with the MAP bug .",Hermon-Taylor said an unexpected finding of the research showed that patients suffering from irritable bowel syndrome ( IBS ) may also be infected with MAP .,"[[""Hermon-Taylor"", ""adds"", ""finding""], [""finding"", ""shows"", ""IBS_patients_infected_with_MAP""], [""IBS_patients"", ""suffer_from"", ""Irritable_Bowel_Syndrome""], [""IBS_patients"", ""infected_with"", ""MAP""], [""MAP"", ""infects"", ""IBS_patients""]]","[[""Hermon-Taylor"", ""said"", ""finding""], [""finding"", ""shows"", ""IBS_patients_infected_with_MAP""], [""IBS_patients"", ""suffer_from"", ""Irritable_Bowel_Syndrome""], [""IBS_patients"", ""may_be_infected_with"", ""MAP""]]",1.0,1.0,1.0,1.0,1.0,0.9667567681472947,0.9700810913325653,0.9734054145178359,0.9767297377031063,0.9800540608883769,0.9833783840736474,0.9867027072589178,0.9900270304441885,0.9933513536294589,0.9966756768147295,1.0,0.926657625208156,0.9630505734251522
105,Parson has been charged on one count of intentionally causing or attempting to cause damage to a computer .,Parson faces one federal count of intentionally causing damage to a protected computer .,"[[""Parson"", ""charged_with"", ""intentionally_causing_damage_to_computer""], [""intentionally_causing_damage_to_computer"", ""is"", ""count""]]","[[""Parson"", ""faces"", ""federal_count""], [""federal_count"", ""is"", ""intentionally_causing_damage_to_protected_computer""], [""intentionally_causing_damage_to_protected_computer"", ""instance_of"", ""count""]]",0.6666666666666666,0.35354092717170715,0.49411889910697937,0.3367876570272817,0.6666666666666666,0.7958915527691318,0.7829690641588853,0.7700465755486388,0.7571240869383922,0.7442015983281458,0.7312791097178992,0.7183566211076526,0.7054341324974062,0.6925116438871597,0.6795891552769131,0.6666666666666666,0.7311534708432855,0.7785558344551644
106,"About 1,557 genes on chromosome 6 are thought to be functional .","The remaining 1,557 genes are believed to be all functional .","[[""chromosome_6"", ""has"", ""1557_genes""], [""1557_genes"", ""are"", ""functional""]]","[[""1557_genes"", ""are"", ""functional""]]",0.816496580927726,0.6938523650169373,0.8135194778442383,0.816496580927726,0.816496580927726,0.9406107024614488,0.9281992903080766,0.9157878781547044,0.9033764660013319,0.8909650538479598,0.8785536416945874,0.8661422295412151,0.8537308173878428,0.8413194052344706,0.8289079930810983,0.816496580927726,0.9173043254549786,0.872320063853665
107,""" Writing safe programs that demonstrate an infection vector is adequate [ to demonstrate a vulnerability ] without building in the reproductive sequences .","Writing safe programs that demonstrate an infection vector is adequate without building in the reproductive sequences . ""","[[""programs"", ""demonstrate"", ""infection_vector""], [""infection_vector"", ""is"", ""adequate""], [""programs"", ""lack"", ""reproductive_sequences""]]","[[""programs"", ""demonstrate"", ""infection_vector""], [""infection_vector"", ""is"", ""adequate""], [""programs"", ""lack"", ""reproductive_sequences""]]",1.0,0.9999999403953552,1.0,1.0,1.0,1.0,1.0,1.0,1.0,1.0,1.0,1.0,1.0,1.0,1.0,1.0,0.9999999970197677,0.9999999866691287
108,"More than 400 people have been killed since August , including Afghan and foreign aid workers , U.S. and Afghan soldiers , officials and police , and many guerrillas .","They have included local and foreign aid workers , U.S. troops , Afghan soldiers , officials and police , as well as many guerrillas .","[[""more_than_400_people"", ""killed"", ""since_August""], [""Afghan_and_foreign_aid_workers"", ""killed"", ""since_August""], [""U.S._and_Afghan_soldiers"", ""killed"", ""since_August""], [""officials_and_police"", ""killed"", ""since_August""], [""guerrillas"", ""killed"", ""since_August""]]","[[""local_and_foreign_aid_workers"", ""included"", ""victims""], [""U.S._troops"", ""included"", ""victims""], [""Afghan_soldiers"", ""included"", ""victims""], [""officials_and_police"", ""included"", ""victims""], [""guerrillas"", ""included"", ""victims""]]",0.5781515884776753,0.0,0.521106481552124,0.3333333333333333,0.5781515884776753,0.5317898653720613,0.5364260376826228,0.5410622099931841,0.5456983823037455,0.5503345546143069,0.5549707269248683,0.5596068992354297,0.5642430715459912,0.5688792438565525,0.5735154161671139,0.5781515884776753,0.5494800702170548,0.6761279395621589
109,"Asked if the delegates could leave on Friday , police intelligence chief in Aceh , Surya Dharma , told reporters they could not because they did not have proper permission .","Asked if the delegates could leave on Friday , police intelligence chief Surya Dharma told reporters : "" Of course they may not go .","[[""Surya_Dharma"", ""is"", ""police_intelligence_chief""], [""Surya_Dharma"", ""told"", ""reporters""], [""delegates"", ""could_not_leave_on"", ""Friday""], [""delegates"", ""did_not_have"", ""proper_permission""], [""Surya_Dharma"", ""location"", ""Aceh""]]","[[""Surya_Dharma"", ""is"", ""police_intelligence_chief""], [""Surya_Dharma"", ""told"", ""reporters""], [""delegates"", ""could_not_leave_on"", ""Friday""]]",0.563436169819011,0.8540465831756592,0.8360147476196289,0.563436169819011,0.563436169819011,0.9374997069369907,0.9000933532251927,0.8626869995133948,0.8252806458015967,0.7878742920897988,0.7504679383780009,0.713061584666203,0.6756552309544049,0.6382488772426069,0.600842523530809,0.563436169819011,0.8879119604450483,0.7747059536762299
110,"Last year , the board raised rents by 2 percent on one-year renewals , 4 percent on two-year leases .","For lofts , the board proposed increases of 4 percent for one-year leases and 7 percent for two-year renewals .","[[""board"", ""raised_rent_by"", ""2_percent""], [""2_percent"", ""applies_to"", ""one-year_renewals""], [""board"", ""raised_rent_by"", ""4_percent""], [""4_percent"", ""applies_to"", ""two-year_leases""]]","[[""board"", ""proposed_increase"", ""4_percent""], [""4_percent"", ""applies_to"", ""one-year_leases""], [""board"", ""proposed_increase"", ""7_percent""], [""7_percent"", ""applies_to"", ""two-year_renewals""], [""board"", ""proposed_for"", ""lofts""]]",1.0,0.0,0.4325426518917084,0.06085806194501846,0.6454972243679028,0.9131004479347455,0.8863401255780613,0.8595798032213771,0.8328194808646927,0.8060591585080084,0.7792988361513242,0.7525385137946399,0.7257781914379556,0.6990178690812714,0.672257546724587,0.6454972243679028,0.8541012479562619,0.8495197349880335
111,"But late Thursday night , the campaign issued a statement saying there would be no news conference and no big announcement .","But late yesterday , the campaign and the state Democratic Party said there would be no news conference .","[[""campaign"", ""issued"", ""statement""], [""statement"", ""said"", ""no_news_conference""], [""statement"", ""said"", ""no_big_announcement""]]","[[""campaign"", ""said"", ""no_news_conference""], [""state_Democratic_Party"", ""said"", ""no_news_conference""], [""campaign"", ""and"", ""state_Democratic_Party""]]",0.4762896722078402,0.3017984628677368,0.7703945636749268,0.09622504486493763,0.6254627916220946,0.8320525477260317,0.811393572115638,0.7907345965052442,0.7700756208948505,0.7494166452844568,0.7287576696740632,0.7080986940636694,0.6874397184532758,0.666780742842882,0.6461217672324883,0.6254627916220946,0.8012105911876275,0.6604700595597582
112,"American Masters : Arthur Miller , Elia Kazan and the Blacklist : None Without Sin ( Wed .","Note the subheading of this terrible parable in the "" American Masters "" series , "" Arthur Miller , Elia Kazan and the Blacklist : None Without Sin . ""","[[""American_Masters"", ""features"", ""Arthur_Miller""], [""American_Masters"", ""features"", ""Elia_Kazan""], [""Arthur_Miller"", ""associated_with"", ""Elia_Kazan""], [""Arthur_Miller"", ""associated_with"", ""Blacklist""], [""Elia_Kazan"", ""associated_with"", ""Blacklist""]]","[[""American_Masters"", ""series"", ""Arthur_Miller,_Elia_Kazan_and_the_Blacklist:_None_Without_Sin""], [""Arthur_Miller,_Elia_Kazan_and_the_Blacklist:_None_Without_Sin"", ""part_of"", ""American_Masters""], [""American_Masters"", ""features"", ""Arthur_Miller""], [""American_Masters"", ""features"", ""Elia_Kazan""], [""Arthur_Miller"", ""associated_with"", ""Elia_Kazan""], [""Arthur_Miller"", ""associated_with"", ""Blacklist""], [""Elia_Kazan"", ""associated_with"", ""Blacklist""]]",1.0,0.2784886658191681,0.8644275665283203,0.7080881928749334,1.0,0.9999999360680171,0.9999999424612154,0.9999999488544138,0.999999955247612,0.9999999616408103,0.9999999680340086,0.9999999744272068,0.9999999808204052,0.9999999872136034,0.9999999936068017,1.0,1.0,0.932115803569111
113,The constitutionality of outlawing partial birth abortion is not an open question .,Defenders of the partial birth abortion ban downplayed the legal challenges .,"[[""partial_birth_abortion"", ""outlawing_of"", ""constitutionality""]]","[[""Defenders"", ""defend"", ""partial_birth_abortion_ban""], [""partial_birth_abortion_ban"", ""faced"", ""legal_challenges""]]",0.08333333333333333,0.0,0.0,0.0,0.08333333333333333,0.8323826213505049,0.7574776925487877,0.6825727637470707,0.6076678349453534,0.5327629061436363,0.45785797734191913,0.38295304854020196,0.30804811973848484,0.2331431909367676,0.15823826213505046,0.08333333333333333,0.6474210421422373,0.6038261666702156
114,Gillespie sent a letter to CBS President Leslie Moonves asking for a historical review or a disclaimer .,Republican National Committee Chairman Ed Gillespie issued a letter Friday to CBS Television President Leslie Moonves .,"[[""Gillespie"", ""sent"", ""letter""], [""letter"", ""recipient"", ""Leslie_Moonves""], [""Leslie_Moonves"", ""is"", ""CBS_President""]]","[[""Ed_Gillespie"", ""is"", ""Republican_National_Committee_Chairman""], [""Ed_Gillespie"", ""issued"", ""letter""], [""letter"", ""recipient"", ""Leslie_Moonves""], [""Leslie_Moonves"", ""is"", ""CBS_Television_President""]]",1.0,0.04345344007015228,0.526375412940979,0.11180339887498948,1.0,0.963687951187851,0.9673191560690659,0.9709503609502808,0.9745815658314956,0.9782127707127106,0.9818439755939254,0.9854751804751404,0.9891063853563553,0.9927375902375701,0.9963687951187851,1.0,0.9147543510004231,0.7675439362902498
115,"Meanwhile , the global death toll approached 770 with more than 8,300 people sickened since the severe acute respiratory syndrome virus first appeared in southern China in November .","The global death toll from SARS was at least 767 , with more than 8,300 people sickened since the virus first appeared in southern China in November .","[[""global_death_toll"", ""approached"", ""770""], [""severe_acute_respiratory_syndrome_virus"", ""first_appeared_in"", ""southern_China""], [""severe_acute_respiratory_syndrome_virus"", ""first_appeared_in_month"", ""November""], [""more_than_8,300_people"", ""sickened_by"", ""severe_acute_respiratory_syndrome_virus""]]","[[""global_death_toll_from_SARS"", ""was_at_least"", ""767""], [""SARS"", ""first_appeared_in"", ""southern_China""], [""SARS"", ""first_appeared_in_month"", ""November""], [""more_than_8,300_people"", ""sickened_by"", ""SARS""]]",0.5277777777777778,0.43972542881965637,0.5643129944801331,0.5,0.8333333333333334,0.6487462614570845,0.6672049686447095,0.6856636758323342,0.7041223830199591,0.722581090207584,0.741039797395209,0.7594985045828337,0.7779572117704587,0.7964159189580836,0.8148746261457085,0.8333333333333334,0.7372033468199808,0.8330887722793909
116,""" I conclude that plaintiffs have shown , albeit barely ... that Iraq provided material support to Bin Laden and Al Qaeda , "" Baer said .","Judge Harold Baer concluded Wednesday that lawyers for the two victims "" have shown , albeit barely ... that Iraq provided material support to bin Laden and al-Qaida . ""","[[""Baer"", ""said"", ""plaintiffs_have_shown""], [""plaintiffs"", ""have_shown"", ""Iraq_supported_Bin_Laden""], [""Iraq"", ""provided_material_support_to"", ""Bin_Laden""], [""Iraq"", ""provided_material_support_to"", ""Al_Qaeda""]]","[[""Judge_Harold_Baer"", ""concluded"", ""lawyers_have_shown""], [""lawyers"", ""have_shown"", ""Iraq_supported_bin_Laden""], [""Iraq"", ""provided_material_support_to"", ""bin_Laden""], [""Iraq"", ""provided_material_support_to"", ""al_Qaida""]]",0.6666666666666666,0.0,0.6210277080535889,0.30952380952380953,0.7142857142857143,0.9632439131667059,0.9383480932786067,0.9134522733905076,0.8885564535024084,0.8636606336143093,0.83876481372621,0.813868993838111,0.7889731739500119,0.7640773540619126,0.7391815341738135,0.7142857142857143,0.9015891091020363,0.9244177728257207
117,The ministers also intend to initiate plans for a national centre for disease control .,The health ministers also announced plans for healthy living and tobacco control strategies .,"[[""ministers"", ""intend_to_initiate"", ""national_centre_for_disease_control""], [""national_centre_for_disease_control"", ""instance_of"", ""centre""]]","[[""health_ministers"", ""announced"", ""plans_for_healthy_living""], [""health_ministers"", ""announced"", ""tobacco_control_strategies""]]",0.06804138174397717,0.0,0.0,0.0,0.06804138174397717,0.4335513919120475,0.3970003908952405,0.36044938987843345,0.32389838886162636,0.2873473878448194,0.2507963868280123,0.2142453858112053,0.17769438479439828,0.14114338377759122,0.1045923827607842,0.06804138174397717,0.4258217699487158,0.5414712557396701
118,"About 24 percent of men who took placebo , or 1,147 men , developed prostate cancer .","The researchers found that 18 percent of the men who took finasteride , or 803 men , developed prostate cancer .","[[""men"", ""developed"", ""prostate_cancer""], [""men"", ""took"", ""placebo""], [""placebo"", ""percentage_developed"", ""24_percent""], [""placebo"", ""number_developed"", ""1147""]]","[[""men"", ""developed"", ""prostate_cancer""], [""men"", ""took"", ""finasteride""], [""finasteride"", ""percentage_developed"", ""18_percent""], [""finasteride"", ""number_developed"", ""803""]]",0.43333333333333335,0.0,0.529517650604248,0.23333333333333334,0.43333333333333335,0.5722606658419517,0.5583679325910899,0.544475199340228,0.5305824660893661,0.5166897328385043,0.5027969995876425,0.4889042663367807,0.47501153308591887,0.461118799835057,0.44722606658419517,0.43333333333333335,0.7238532476207963,0.7399844237162545
119,"The 1 5 / 8 percent note maturing in April 2005 gained 1 / 16 to 100 13 / 32 , lowering its yield 1 basis points to 1.41 percent .",The yield on the 3 percent note maturing in 2008 fell 22 basis points to 2.61 percent .,"[[""1_5/8_percent_note"", ""matured_in"", ""April_2005""], [""1_5/8_percent_note"", ""gained"", ""1/16""], [""1_5/8_percent_note"", ""price"", ""100_13/32""], [""1_5/8_percent_note"", ""yield"", ""1.41_percent""], [""1_5/8_percent_note"", ""lowered_yield"", ""1_basis_point""]]","[[""3_percent_note"", ""matured_in"", ""2008""], [""3_percent_note"", ""yield_fell"", ""22_basis_points""], [""3_percent_note"", ""yield"", ""2.61_percent""]]",0.30123203803835463,0.0,0.0,0.0,0.4422689813358516,0.8318552328197452,0.7928966076713558,0.7539379825229665,0.7149793573745771,0.6760207322261877,0.6370621070777984,0.5981034819294091,0.5591448567810197,0.5201862316326302,0.4812276064842409,0.4422689813358516,0.7481020102397238,0.8055365097164584
120,"Mr. Bloomberg later told reporters that the agreement "" will be a compromise , like the real world requires . """,""" It will be a compromise , like the real world requires , "" he said .","[[""Mr_Bloomberg"", ""told"", ""reporters""], [""agreement"", ""will_be"", ""compromise""]]","[[""Mr_Bloomberg"", ""said"", ""compromise""]]",0.41247895569215276,0.7722757458686829,0.720223069190979,0.41247895569215276,0.41247895569215276,0.7761391877857918,0.7397731645764279,0.7034071413670641,0.6670411181577001,0.6306750949483362,0.5943090717389723,0.5579430485296084,0.5215770253202445,0.48521100211088053,0.44884497890151664,0.41247895569215276,0.6597765450128725,0.5955336516940919
121,"Calvin Hollins Jr . ' s attorney , Thomas Royce , has repeatedly said his client had no link with the company that owned and operated E2 .","The lawyer for Hollins Jr . , Thomas Royce , has said his client had no link to the company that owned and operated E2 .","[[""Calvin_Hollins_Jr"", ""has_attorney"", ""Thomas_Royce""], [""Thomas_Royce"", ""said"", ""no_link_to_E2_company""], [""Calvin_Hollins_Jr"", ""has_no_link_to"", ""E2_company""], [""E2_company"", ""owned_and_operated"", ""E2""]]","[[""Hollins_Jr"", ""has_attorney"", ""Thomas_Royce""], [""Thomas_Royce"", ""said"", ""no_link_to_E2_company""], [""Hollins_Jr"", ""has_no_link_to"", ""E2_company""], [""E2_company"", ""owned_and_operated"", ""E2""]]",1.0,0.9755314588546753,0.9619593024253845,0.8,1.0,0.9833507681397369,0.9850156913257632,0.9866806145117895,0.9883455376978159,0.9900104608838421,0.9916753840698684,0.9933403072558947,0.995005230441921,0.9966701536279474,0.9983350768139737,1.0,0.9805822369834756,0.9875490922442853
122,"Some of the company 's software developers will join Microsoft , but details haven 't been finalized , said Mike Nash , corporate vice president of Microsoft 's security business unit .","Some of the companys software developers will join Microsoft , but details havent been finalized , said Mike Nash , corporate vice president of Microsofts security business unit .","[[""Microsoft"", ""will_join"", ""software_developers""], [""Mike_Nash"", ""is"", ""corporate_vice_president""], [""Mike_Nash"", ""of"", ""Microsoft""], [""Microsoft"", ""has"", ""security_business_unit""], [""Mike_Nash"", ""said"", ""details_havent_been_finalized""]]","[[""Microsoft"", ""will_join"", ""software_developers""], [""Mike_Nash"", ""is"", ""corporate_vice_president""], [""Mike_Nash"", ""of"", ""Microsoft""], [""Microsoft"", ""has"", ""security_business_unit""], [""Mike_Nash"", ""said"", ""details_havent_been_finalized""]]",1.0,1.0,1.0,1.0,1.0,0.9999999001732383,0.9999999101559144,0.9999999201385907,0.9999999301212668,0.999999940103943,0.9999999500866191,0.9999999600692953,0.9999999700519715,0.9999999800346476,0.9999999900173239,1.0,0.9999999511241842,1.0
123,"The broader Standard & Poor 's 500 Index .SPX dropped 9.90 points , or 0.99 percent , to 988.61 .","The technology-laced Nasdaq Composite Index was down 25.36 points , or 1.53 percent , at 1,628.26 .","[[""Standard_&_Poor\""s_500_Index"", ""dropped"", ""9.90_points""], [""Standard_&_Poor\""s_500_Index"", ""decreased_by_percentage"", ""0.99_percent""], [""Standard_&_Poor\""s_500_Index"", ""closed_at"", ""988.61""]]","[[""Nasdaq_Composite_Index"", ""decreased"", ""25.36_points""], [""Nasdaq_Composite_Index"", ""decreased_by_percentage"", ""1.53_percent""], [""Nasdaq_Composite_Index"", ""closed_at"", ""1628.26""]]",0.28867513459481287,0.0,0.0,0.0,0.28867513459481287,0.5611254630878728,0.5338804302385668,0.5066353973892609,0.47939036453995476,0.4521453316906488,0.42490029884134284,0.3976552659920368,0.37041023314273086,0.34316520029342484,0.3159201674441188,0.28867513459481287,0.6495024494577459,0.6425287636826654
124,She met Lady Mary at her Double Bay home yesterday to thank her for the donation .,She met Lady Mary for the first time at her Double Bay home in Sydney yesterday to thank her in person for the donation .,"[[""She"", ""met"", ""Lady_Mary""], [""She"", ""thanked"", ""Lady_Mary""], [""Lady_Mary"", ""made"", ""donation""], [""meeting"", ""location"", ""Double_Bay_home""]]","[[""She"", ""met"", ""Lady_Mary""], [""She"", ""thanked"", ""Lady_Mary""], [""Lady_Mary"", ""made"", ""donation""], [""meeting"", ""location"", ""Double_Bay_home""], [""Double_Bay_home"", ""location"", ""Sydney""]]",1.0,0.6700979471206665,0.8860183358192444,0.6390096504226939,1.0,0.9999999985250075,0.9999999986725068,0.9999999988200061,0.9999999989675052,0.9999999991150045,0.9999999992625037,0.9999999994100031,0.9999999995575022,0.9999999997050015,0.9999999998525008,1.0,1.0,0.9737589855702118
125,"The GPO previously closed bookstores in San Francisco , Boston , Philadelphia , Chicago , Birmingham , Cleveland , and Columbus .","Since 2001 , the agency has closed bookstores in San Francisco , Boston , Philadelphia , Chicago , Birmingham , Ala . , Cleveland , Columbus , Ohio , and Washington .","[[""GPO"", ""previously_closed"", ""bookstore_in_San_Francisco""], [""GPO"", ""previously_closed"", ""bookstore_in_Boston""], [""GPO"", ""previously_closed"", ""bookstore_in_Philadelphia""], [""GPO"", ""previously_closed"", ""bookstore_in_Chicago""], [""GPO"", ""previously_closed"", ""bookstore_in_Birmingham""], [""GPO"", ""previously_closed"", ""bookstore_in_Cleveland""], [""GPO"", ""previously_closed"", ""bookstore_in_Columbus""]]","[[""agency"", ""closed"", ""bookstore_in_San_Francisco""], [""agency"", ""closed"", ""bookstore_in_Boston""], [""agency"", ""closed"", ""bookstore_in_Philadelphia""], [""agency"", ""closed"", ""bookstore_in_Chicago""], [""agency"", ""closed"", ""bookstore_in_Birmingham""], [""agency"", ""closed"", ""bookstore_in_Cleveland""], [""agency"", ""closed"", ""bookstore_in_Columbus""], [""agency"", ""closed"", ""bookstore_in_Washington""], [""Birmingham"", ""location"", ""Ala""], [""Columbus"", ""location"", ""Ohio""], [""agency"", ""has_closed_since"", ""2001""]]",0.5,0.0,0.8863696455955505,0.6614378277661476,0.875,0.7239813865682929,0.7390832479114636,0.7541851092546344,0.7692869705978049,0.7843888319409758,0.7994906932841465,0.8145925546273172,0.8296944159704879,0.8447962773136586,0.8598981386568293,0.875,0.783889902904162,0.804999601061349
126,""" I 'm taking his office , and we 're gonna keep on building , ' ' he vowed . """,""" Yes , I 'm taking his office and we 're going to keep on building and keep on fighting , "" he added .","[[""he"", ""is_taking"", ""his_office""], [""he"", ""will_keep_on"", ""building""]]","[[""he"", ""is_taking"", ""his_office""], [""he"", ""will_keep_on"", ""building""], [""he"", ""will_keep_on"", ""fighting""]]",1.0,0.8052281737327576,0.8612797260284424,0.6254627916220946,1.0,1.0,1.0,1.0,1.0,1.0,1.0,1.0,1.0,1.0,1.0,1.0,0.9999999821186065,0.9571285242297702
127,Officials with the rebel group Liberians United for Reconciliation and Democracy could not be reached for comment Saturday .,"The main rebel force , the Liberians United for Reconciliation and Democracy , fears a peacekeeping force could bolster Taylor .","[[""Liberians_United_for_Reconciliation_and_Democracy"", ""could_not_be_reached_for_comment"", ""Saturday""]]","[[""Liberians_United_for_Reconciliation_and_Democracy"", ""is"", ""main_rebel_force""], [""Liberians_United_for_Reconciliation_and_Democracy"", ""fears"", ""peacekeeping_force""], [""peacekeeping_force"", ""could_bolster"", ""Taylor""]]",0.08333333333333333,0.28245851397514343,0.2337796688079834,0.05892556509887897,0.08333333333333333,0.7048117601247883,0.6426639174456428,0.5805160747664974,0.5183682320873517,0.4562203894082063,0.39407254672906084,0.3319247040499153,0.26977686137076984,0.2076290186916243,0.1454811760124788,0.08333333333333333,0.5579355464918672,0.6508508579315136
128,"In 2001 , the number of death row inmates nationally fell for the first time in a generation .","In 2001 , the number of people on death row dropped for the first time in a decade .","[[""death_row_inmates"", ""fell_in"", ""2001""], [""death_row_inmates"", ""fell_for_first_time_in"", ""a_generation""]]","[[""people_on_death_row"", ""dropped_in"", ""2001""], [""people_on_death_row"", ""dropped_for_first_time_in"", ""a_decade""]]",0.3888888888888889,0.04087470844388008,0.29027867317199707,0.3333333333333333,0.3888888888888889,0.8272920160520517,0.7834517033357354,0.7396113906194193,0.6957710779031029,0.6519307651867865,0.6080904524704703,0.5642501397541541,0.5204098270378378,0.4765695143215214,0.43272920160520517,0.3888888888888889,0.7815768106644556,0.8237237053090487
129,"Preliminary reports were that the men were not seen together at the airport , sources said .","The men had Pakistani passports and reportedly were seen together at the airport earlier in the evening , law enforcement sources said .","[[""men"", ""not_seen_together_at"", ""airport""], [""sources"", ""said"", ""preliminary_reports""]]","[[""men"", ""had"", ""Pakistani_passports""], [""men"", ""seen_together_at"", ""airport""], [""law_enforcement_sources"", ""said"", ""men_were_seen_together""]]",0.5,0.05205561965703964,0.32084548473358154,0.2608745973749754,0.5,0.6623626173590035,0.6461263556231032,0.6298900938872027,0.6136538321513024,0.5974175704154021,0.5811813086795017,0.5649450469436014,0.548708785207701,0.5324725234718006,0.5162362617359003,0.5,0.7022655278118421,0.7088058607680141
130,"The 2000 Democratic platform supported "" the full inclusion of gay and lesbian families in the life of the nation . ""","The Democrat 's 2000 platform didn 't explicitly support gay marriages but backed "" the full inclusion of gay and lesbian families into the life of the nation . ""","[[""2000_Democratic_platform"", ""supported"", ""full_inclusion_of_gay_and_lesbian_families""], [""full_inclusion_of_gay_and_lesbian_families"", ""location"", ""life_of_the_nation""]]","[[""2000_Democrat_platform"", ""did_not_explicitly_support"", ""gay_marriages""], [""2000_Democrat_platform"", ""backed"", ""full_inclusion_of_gay_and_lesbian_families""], [""full_inclusion_of_gay_and_lesbian_families"", ""location"", ""life_of_the_nation""]]",1.0,0.4666222631931305,0.5158451795578003,0.5773502691896257,1.0,0.9941237789727513,0.9947114010754762,0.9952990231782011,0.9958866452809259,0.9964742673836507,0.9970618894863756,0.9976495115891005,0.9982371336918254,0.9988247557945502,0.9994123778972751,1.0,0.9486399161614769,0.9444269693310562
131,"The NASD also alleges Young flew multiple times on Tyco corporate jets , often accompanied by Kozlowski .","The NASD alleges that the analyst flew multiples times on Tyco 's corporate jets for business trips , sometimes accompanied by Kozlowski .","[[""NASD"", ""alleges"", ""Young""], [""Young"", ""flew_on"", ""Tyco_corporate_jets""], [""Young"", ""accompanied_by"", ""Kozlowski""]]","[[""NASD"", ""alleges"", ""analyst""], [""analyst"", ""flew_on"", ""Tyco_corporate_jets""], [""analyst"", ""accompanied_by"", ""Kozlowski""], [""Tyco_corporate_jets"", ""used_for"", ""business_trips""]]",0.5416666666666666,0.7550827264785767,0.8469246625900269,0.29814239699997197,0.5416666666666666,0.5425429653409226,0.542455335473497,0.5423677056060714,0.5422800757386458,0.5421924458712202,0.5421048160037947,0.542017186136369,0.5419295562689435,0.5418419264015178,0.5417542965340922,0.5416666666666666,0.7859104756455997,0.8004191375898122
132,Iraq 's economy was ravaged during years of U.N. sanctions over ex-president Saddam Hussein 's 1990 occupation of Kuwait and by the U.S.-led war to oust him which ended in April .,Iraq 's economy was shattered under former president Saddam Hussein and by the U.S.-led war to oust him which ended in April .,"[[""Iraq"", ""economy_ravaged_by"", ""U.N._sanctions""], [""U.N._sanctions"", ""imposed_during"", ""Saddam_Husseinoccupation""], [""Saddam_Hussein"", ""occupation_of"", ""Kuwait""], [""Saddam_Hussein"", ""ex-president_of"", ""Iraq""], [""U.S.-led_war"", ""ended_in"", ""April""], [""U.S.-led_war"", ""aimed_to_oust"", ""Saddam_Hussein""]]","[[""Iraq"", ""economy_shattered_by"", ""Saddam_Hussein""], [""Iraq"", ""economy_shattered_by"", ""U.S.-led_war""], [""U.S.-led_war"", ""ended_in"", ""April""], [""U.S.-led_war"", ""aimed_to_oust"", ""Saddam_Hussein""], [""Saddam_Hussein"", ""former_president_of"", ""Iraq""]]",0.30618621784789724,0.6490281224250793,0.6562408804893494,0.44095855184409843,0.4615930911724977,0.9092421016241031,0.8644772005789426,0.819712299533782,0.7749473984886215,0.730182497443461,0.6854175963983005,0.6406526953531398,0.5958877943079793,0.5511228932628188,0.5063579922176582,0.4615930911724977,0.8806611398405735,0.7517292654363879
133,"A successful attack could be launched within any type of document that supports VBA , including Microsoft Word , Excel or PowerPoint .","But this could happen with any document format that supports VBA , including Word , Excel or PowerPoint .","[[""successful_attack"", ""could_be_launched_in"", ""document""], [""document"", ""supports"", ""VBA""], [""Microsoft_Word"", ""supports"", ""VBA""], [""Excel"", ""supports"", ""VBA""], [""PowerPoint"", ""supports"", ""VBA""]]","[[""attack"", ""could_happen_with"", ""document""], [""document"", ""supports"", ""VBA""], [""Word"", ""supports"", ""VBA""], [""Excel"", ""supports"", ""VBA""], [""PowerPoint"", ""supports"", ""VBA""]]",0.5,0.0734826996922493,0.8763198852539062,0.4166666666666667,0.5,0.9868310644822965,0.9381479580340669,0.8894648515858372,0.8407817451376075,0.7920986386893778,0.7434155322411482,0.6947324257929186,0.646049319344689,0.5973662128964593,0.5486831064482296,0.5,0.92711096598805,0.9628233447126106
134,"In Europe , France 's CAC-40 fell 0.8 percent , Britain 's FTSE 100 lost 0.9 percent and Germany 's DAX index gave back 1 percent .","In afternoon trading in Europe , France 's CAC-40 fell 1.6 percent , Britain 's FTSE 100 dropped 1.2 percent and Germany 's DAX index lost 1.9 percent .","[[""France"", ""location"", ""Europe""], [""CAC-40"", ""belongs_to"", ""France""], [""CAC-40"", ""fell_by"", ""0.8_percent""], [""Britain"", ""location"", ""Europe""], [""FTSE_100"", ""belongs_to"", ""Britain""], [""FTSE_100"", ""fell_by"", ""0.9_percent""], [""Germany"", ""location"", ""Europe""], [""DAX_index"", ""belongs_to"", ""Germany""], [""DAX_index"", ""fell_by"", ""1_percent""]]","[[""France"", ""location"", ""Europe""], [""CAC-40"", ""fell_by"", ""1.6_percent""], [""Britain"", ""location"", ""Europe""], [""FTSE_100"", ""fell_by"", ""1.2_percent""], [""Germany"", ""location"", ""Europe""], [""DAX_index"", ""fell_by"", ""1.9_percent""]]",0.6041666666666666,0.7395961880683899,0.9380122423171997,0.13333333333333333,0.39557740264262,0.9468892135566717,0.8917580324652664,0.8366268513738614,0.7814956702824561,0.726364489191051,0.6712333080996458,0.6161021270082406,0.5609709459168355,0.5058397648254302,0.4507085837340251,0.39557740264262,0.9175402757793104,0.8258054520587803
135,"According to the 2000 Census , Long Beach 's Hispanic or Latino population was listed at 35.8 percent .","According to the Census Bureau , the Hispanic population increased by 9.8 percent from the April 2000 census figures .","[[""Long_Beach"", ""has_population_percentage"", ""35.8_percent_Hispanic_or_Latino""], [""2000_Census"", ""reported"", ""Long_Beach_Hispanic_or_Latino_population""]]","[[""Census_Bureau"", ""reported"", ""Hispanic_population_increase""], [""Hispanic_population"", ""increased_by"", ""9.8_percent""], [""2000_census"", ""had"", ""Hispanic_population_figures""]]",0.06804138174397717,0.0,0.060652147978544235,0.034020690871988585,0.05892556509887897,0.6868112267539953,0.6240226605884837,0.5612340944229721,0.4984455282574604,0.43565696209194876,0.3728683959264371,0.3100798297609255,0.2472912635954139,0.1845026974299022,0.12171413126439058,0.05892556509887897,0.6521192366391885,0.8084763609795956
136,"China accounted for about 14 percent of Motorola 's sales last year , and the company has large manufacturing operations there .",China accounted for 14 % of Motorola 's $ 26.7 billion in sales last year .,"[[""China"", ""accounted_for_percent_of_sales"", ""14_percent""], [""Motorola"", ""has_sales_in"", ""China""], [""Motorola"", ""has_manufacturing_operations_in"", ""China""]]","[[""China"", ""accounted_for_percent_of_sales"", ""14_percent""], [""Motorola"", ""has_sales"", ""$26.7_billion""], [""China"", ""accounted_for_sales_of"", ""$26.7_billion""]]",0.3849001794597505,0.7662967443466187,0.8434336185455322,0.3849001794597505,0.3849001794597505,0.8190794785693593,0.7756615486583984,0.7322436187474376,0.6888256888364767,0.6454077589255157,0.6019898290145549,0.5585718991035941,0.5151539691926331,0.4717360392816723,0.42831810937071135,0.3849001794597505,0.8136320280643051,0.8621296651565553
137,It would be difficult to overestimate the potential dangers of the Remote Procedure Call ( RPC ) vulnerability .,"The flaw involves the Remote Procedure Call ( RPC ) protocol , which deals with inter-computer communications .","[[""Remote_Procedure_Call"", ""has"", ""vulnerability""], [""vulnerability"", ""has"", ""potential_dangers""]]","[[""Remote_Procedure_Call"", ""is"", ""protocol""], [""Remote_Procedure_Call"", ""deals_with"", ""inter-computer_communications""]]",0.05555555555555555,0.0,0.19485922157764435,0.05555555555555555,0.05555555555555555,0.5472494976795438,0.49808010346714493,0.4489107092547462,0.3997413150423473,0.3505719208299485,0.3014025266175497,0.2522331324051509,0.20306373819275206,0.15389434398035318,0.10472494976795436,0.05555555555555555,0.5708168863998238,0.501862369943683
138,Diana was at her lowest ebb when she wrote the letter to Paul Burrell claiming there was a plot to kill her .,Burrell said Diana wrote a letter in October 1996 claiming there was a plot to kill her in a smash and gave it to him to keep as insurance .,"[[""Diana"", ""wrote_letter_to"", ""Paul_Burrell""], [""Diana"", ""claimed"", ""plot_to_kill_her""]]","[[""Diana"", ""wrote_letter_in"", ""October_1996""], [""Diana"", ""claimed"", ""plot_to_kill_her""], [""Diana"", ""gave_letter_to"", ""Paul_Burrell""], [""plot_to_kill_her"", ""involved"", ""smash""]]",1.0,0.5822668671607971,0.7633328437805176,0.34426518632954817,1.0,0.985466353754623,0.9869197183791607,0.9883730830036985,0.9898264476282361,0.9912798122527738,0.9927331768773116,0.9941865415018492,0.995639906126387,0.9970932707509246,0.9985466353754623,1.0,0.9753429722324997,0.9169758274550023
139,"Cardenas and Estrada , who is on trial for economic plunder , have denied any involvement .","Mr Estrada , who is in prison , has denied any involvement in the mutiny .","[[""Cardenas"", ""denied_involvement_with"", ""Estrada""], [""Estrada"", ""on_trial_for"", ""economic_plunder""]]","[[""Estrada"", ""in"", ""prison""], [""Estrada"", ""denied_involvement_in"", ""mutiny""]]",0.05555555555555555,0.0,0.07774363458156586,0.05555555555555555,0.05555555555555555,0.7840002363602332,0.7111557682797655,0.6383113001992977,0.5654668321188299,0.49262236403836207,0.4197778959578944,0.34693342787742665,0.27408895979695885,0.20124449171649106,0.1284000236360233,0.05555555555555555,0.6180972440752133,0.49960975218002507
140,""" PeopleSoft has consistently maintained that the proposed combination of PeopleSoft and Oracle faces substantial regulatory delays and a significant likelihood that the transaction would be prohibited . """,PeopleSoft has argued that an Oracle takeover would face substantial regulatory delays and a significant likelihood that the transaction would be prohibited .,"[[""PeopleSoft"", ""maintains"", ""proposed_combination""], [""proposed_combination"", ""involves"", ""PeopleSoft""], [""proposed_combination"", ""involves"", ""Oracle""], [""proposed_combination"", ""faces"", ""regulatory_delays""], [""proposed_combination"", ""has_likelihood"", ""prohibition""]]","[[""PeopleSoft"", ""argues"", ""Oracle_takeover""], [""Oracle_takeover"", ""faces"", ""regulatory_delays""], [""Oracle_takeover"", ""has_likelihood"", ""prohibition""]]",0.5217491947499509,0.7296324968338013,0.790947437286377,0.4844813951249544,0.5217491947499509,0.533872307035314,0.5326599958067777,0.5314476845782414,0.5302353733497049,0.5290230621211687,0.5278107508926324,0.5265984396640961,0.5253861284355599,0.5241738172070235,0.5229615059784871,0.5217491947499509,0.6855651450399127,0.6528070101242995
141,"You have to dig deep and come up with the goods against guys who are out there competing with you . """,You have to dig deep and come up with the goods against guys that are out there competing with the best of us .,"[[""you"", ""compete_with"", ""guys""]]","[[""you"", ""compete_with"", ""guys""], [""guys"", ""compete_with"", ""best_of_us""]]",1.0,0.607383131980896,0.6235070824623108,0.2041241452319315,1.0,0.9999999991133112,0.99999999920198,0.999999999290649,0.9999999993793178,0.9999999994679867,0.9999999995566555,0.9999999996453245,0.9999999997339933,0.9999999998226623,0.9999999999113311,1.0,0.9999999940395337,0.9128199227091738
142,"Miodrag Zivkovic , of the Liberal Alliance of Montenegro , won 31 percent of the vote , while the independent Dragan Hajdukovic got 4 percent .","A pro-independence radical , Miodrag Zivkovic , of the Liberal Alliance , came in second with 31 percent of the vote .","[[""Miodrag_Zivkovic"", ""member_of"", ""Liberal_Alliance_of_Montenegro""], [""Miodrag_Zivkovic"", ""won"", ""31_percent_of_vote""], [""Dragan_Hajdukovic"", ""got"", ""4_percent_of_vote""], [""Dragan_Hajdukovic"", ""is"", ""independent""]]","[[""Miodrag_Zivkovic"", ""member_of"", ""Liberal_Alliance""], [""Miodrag_Zivkovic"", ""won"", ""31_percent_of_vote""], [""Miodrag_Zivkovic"", ""is"", ""pro_independence_radical""]]",0.29814239699997197,0.2524396777153015,0.45581600069999695,0.2381448361039201,0.5597928684393502,0.8703243437209901,0.8392711961928262,0.8082180486646622,0.777164901136498,0.7461117536083341,0.7150586060801701,0.6840054585520061,0.6529523110238422,0.6218991634956782,0.5908460159675141,0.5597928684393502,0.8324162046999805,0.8779368814406325
143,"Peterson , 30 , was arrested in La Jolla April 18 after the two bodies were identified through DNA tests .","Peterson was arrested near Torrey Pines Golf Course in La Jolla on April 18 , the same the day the bodies were identified through DNA testing .","[[""Peterson"", ""was_arrested_in"", ""La_Jolla""], [""Peterson"", ""was_arrested_on"", ""April_18""], [""bodies"", ""were_identified_through"", ""DNA_tests""], [""bodies"", ""were_identified_in"", ""La_Jolla""]]","[[""Peterson"", ""was_arrested_near"", ""Torrey_Pines_Golf_Course""], [""Peterson"", ""was_arrested_in"", ""La_Jolla""], [""Peterson"", ""was_arrested_on"", ""April_18""], [""bodies"", ""were_identified_through"", ""DNA_testing""], [""bodies"", ""were_identified_on"", ""April_18""]]",0.5333333333333333,0.8523716330528259,0.8467761278152466,0.12171612389003691,0.5333333333333333,0.9565423596022593,0.9142214569753667,0.8719005543484741,0.8295796517215815,0.787258749094689,0.7449378464677963,0.7026169438409038,0.6602960412140111,0.6179751385871185,0.5756542359602259,0.5333333333333333,0.9474530411681403,0.9448516468672663
144,Southwest said it had already inspected its fleet of 385 aircraft and found no additional suspicious items .,Southwest said it completed inspections of its entire fleet of 385 aircraft and found no additional items .,"[[""Southwest"", ""inspected"", ""fleet""], [""Southwest"", ""has"", ""385_aircraft""], [""fleet"", ""has"", ""385_aircraft""], [""Southwest"", ""found"", ""no_additional_suspicious_items""]]","[[""Southwest"", ""completed_inspections_of"", ""fleet""], [""Southwest"", ""has"", ""385_aircraft""], [""fleet"", ""has"", ""385_aircraft""], [""Southwest"", ""found"", ""no_additional_items""]]",1.0,0.8968766331672668,0.8921027183532715,0.5416666666666666,1.0,0.9649710453973757,0.968473940857638,0.9719768363179007,0.9754797317781629,0.9789826272384254,0.9824855226986878,0.9859884181589502,0.9894913136192127,0.9929942090794751,0.9964971045397376,1.0,0.9200422744514765,0.9474365713167785
145,"Lower state courts and federal courts are still hearing recall several recall cases , one of which a Los Angeles court dismissed on Friday .","Lower state courts and federal courts are still hearing cases on the recall , but the prospects are uncertain .","[[""Lower_state_courts"", ""are_hearing"", ""recall_cases""], [""Federal_courts"", ""are_hearing"", ""recall_cases""], [""Los_Angeles_court"", ""dismissed"", ""recall_case""]]","[[""Lower_state_courts"", ""are_hearing"", ""recall_cases""], [""Federal_courts"", ""are_hearing"", ""recall_cases""]]",0.2041241452319315,0.5165748596191406,0.793303370475769,0.7745966692414834,0.7916666666666666,0.9677430314992505,0.9501353950159921,0.9325277585327337,0.9149201220494754,0.8973124855662169,0.8797048490829585,0.8620972125997002,0.8444895761164417,0.8268819396331833,0.809274303149925,0.7916666666666666,0.9274678617726644,0.976677555966686
146,"Only one third of high-speed trains within France were running , national rail company Societe Nationale des Chemins de Fer said .","One third of high-speed trains within France will run , national railway company Societe Nationale des Chemins de Fer estimates .","[[""Societe_Nationale_des_Chemins_de_Fer"", ""said"", ""one_third_of_high-speed_trains_running""], [""one_third_of_high-speed_trains"", ""location"", ""France""], [""one_third_of_high-speed_trains"", ""are"", ""high-speed_trains""], [""high-speed_trains"", ""location"", ""France""]]","[[""Societe_Nationale_des_Chemins_de_Fer"", ""estimates"", ""one_third_of_high-speed_trains_running""], [""one_third_of_high-speed_trains"", ""location"", ""France""], [""one_third_of_high-speed_trains"", ""are"", ""high-speed_trains""], [""high-speed_trains"", ""location"", ""France""]]",1.0,1.0,1.0,1.0,1.0,0.9983562254174566,0.998520602875711,0.9986849803339652,0.9988493577922195,0.999013735250474,0.9991781127087282,0.9993424901669826,0.999506867625237,0.9996712450834913,0.9998356225417456,1.0,0.9643934408942962,0.9813011424819201
147,The numbers highlight a conundrum : the difficulty of classifying racial and ethnic categories in an increasingly fluid and multi-ethnic society .,"As stark as the numbers themselves , is the conundrum they highlight : the growing difficulty of classifying racial and ethnic categories in an increasingly fluid and multi-ethnic society .","[[""numbers"", ""highlight"", ""conundrum""], [""conundrum"", ""is"", ""difficulty_of_classifying""], [""difficulty_of_classifying"", ""involves"", ""racial_and_ethnic_categories""], [""society"", ""is"", ""fluid_and_multi-ethnic""]]","[[""numbers"", ""highlight"", ""conundrum""], [""conundrum"", ""is"", ""growing_difficulty_of_classifying""], [""growing_difficulty_of_classifying"", ""involves"", ""racial_and_ethnic_categories""], [""society"", ""is"", ""fluid_and_multi-ethnic""]]",1.0,0.9124396443367004,0.9322441816329956,0.5833333333333334,1.0,0.976655241809257,0.9789897176283313,0.9813241934474057,0.9836586692664799,0.9859931450855542,0.9883276209046286,0.9906620967237028,0.9929965725427772,0.9953310483618514,0.9976655241809257,1.0,0.9792913870031827,0.9787196238779641
148,"Telemarketers who call listed numbers could face FCC fines of up to $ 120,000 .","Telemarketers who call numbers on the list after Oct. 1 could face fines of up to $ 11,000 per call .","[[""Telemarketers"", ""could_face_fines"", ""FCC""], [""FCC_fines"", ""amount"", ""$120,000""]]","[[""Telemarketers"", ""could_face_fines"", ""fines""], [""fines"", ""amount"", ""$11,000""], [""Telemarketers"", ""call_after"", ""Oct._1""]]",0.09622504486493763,0.0,0.19789262115955353,0.041666666666666664,0.09622504486493763,0.7681689447579667,0.7009745547686638,0.6337801647793609,0.5665857747900579,0.49939138480075507,0.4321969948114522,0.3650026048221493,0.29780821483284636,0.23061382484354342,0.16341943485424051,0.09622504486493763,0.777890549208744,0.6614710102336907
149,"President Bush raised a record-breaking $ 49.5 million for his re-election campaign over the last three months , with contributions from 262,000 Americans , the president 's campaign chairman said Tuesday .","President Bush has raised $ 83.9 million since beginning his re-election campaign in May , and has $ 70 million of that left to spend , his campaign said Tuesday .","[[""President_Bush"", ""raised"", ""49.5_million""], [""President_Bush"", ""received_contributions_from"", ""262000_Americans""], [""President_Bush"", ""has"", ""re-election_campaign""], [""re-election_campaign"", ""received"", ""49.5_million""]]","[[""President_Bush"", ""raised"", ""83.9_million""], [""President_Bush"", ""has"", ""re-election_campaign""], [""re-election_campaign"", ""started_in"", ""May""], [""President_Bush"", ""has_left_to_spend"", ""70_million""]]",0.3849001794597505,0.36089321970939636,0.4125811457633972,0.07453559924999299,0.3849001794597505,0.8326336910072669,0.7878603398525154,0.7430869886977637,0.698313637543012,0.6535402863882603,0.6087669352335088,0.5639935840787571,0.5192202329240054,0.47444688176925376,0.42967353061450214,0.3849001794597505,0.7969645139040432,0.7601612213609995
150,Pressure also came last night from religious circles as three Anglican bishops said it was time for their former colleague to step down .,The pressure on Peter Hollingworth to resign as Governor-General intensified last night as three Anglican bishops said it was time for their former colleague to step down .,"[[""Anglican_bishops"", ""said"", ""step_down_time""], [""Anglican_bishops"", ""are_from"", ""religious_circles""]]","[[""Peter_Hollingworth"", ""position"", ""Governor-General""], [""Anglican_bishops"", ""said"", ""step_down_time""], [""Peter_Hollingworth"", ""former_colleague_of"", ""Anglican_bishops""]]",0.3888888888888889,0.42492181062698364,0.5687419176101685,0.3367876570272817,0.3888888888888889,0.8700152125641293,0.8219025801966052,0.7737899478290813,0.7256773154615571,0.6775646830940331,0.6294520507265091,0.5813394183589851,0.533226785991461,0.48511415362393695,0.43700152125641295,0.3888888888888889,0.7656258315666125,0.783229514822717
151,The Supreme Court agreed Monday in Illinois vs. Telemarketing Associates .,"The case decided Monday centered around an Illinois fund-raiser , Telemarketing Associates .","[[""Supreme_Court"", ""agreed"", ""Illinois_vs_Telemarketing_Associates""]]","[[""case"", ""centered_around"", ""Illinois_fund-raiser""], [""case"", ""involved"", ""Telemarketing_Associates""], [""Telemarketing_Associates"", ""is"", ""Illinois_fund-raiser""]]",0.5,0.0,0.14944808185100555,0.0,0.5,0.6895049722828199,0.670554475054538,0.6516039778262559,0.6326534805979739,0.613702983369692,0.59475248614141,0.575801988913128,0.5568514916848459,0.537900994456564,0.518950497228282,0.5,0.5738704389027413,0.6550115427181149
152,"Klitschko said : "" I 'm excited to box in Los Angeles first and then against Lennox Lewis .",""" I am excited to be fighting in Los Angeles and on HBO , "" Klitschko said .","[[""Klitschko"", ""will_box_in"", ""Los_Angeles""], [""Klitschko"", ""will_box_against"", ""Lennox_Lewis""]]","[[""Klitschko"", ""will_fight_in"", ""Los_Angeles""], [""Klitschko"", ""will_fight_on"", ""HBO""]]",0.4762896722078402,0.4812536835670471,0.4876455068588257,0.3888888888888889,0.4762896722078402,0.8087308689910652,0.7754867493127426,0.7422426296344202,0.7089985099560977,0.6757543902777752,0.6425102705994526,0.6092661509211301,0.5760220312428077,0.5427779115644852,0.5095337918861627,0.4762896722078402,0.75741221362835,0.6630706436290793
153,The Nets and the Spurs are crossing new frontiers of offensive ineptitude while causing their high-scoring American Basketball Association forefathers to cringe .,The Nets and the San Antonio Spurs are crossing new frontiers of offensive ineptitude while embarrassing their high-scoring ABA forefathers .,"[[""Nets"", ""crossing_new_frontiers_with"", ""Spurs""], [""Nets"", ""causing_to_cringe"", ""American_Basketball_Association_forefathers""], [""Spurs"", ""causing_to_cringe"", ""American_Basketball_Association_forefathers""], [""Nets"", ""instance_of"", ""team""], [""Spurs"", ""instance_of"", ""team""]]","[[""Nets"", ""crossing_new_frontiers_with"", ""San_Antonio_Spurs""], [""Nets"", ""embarrassing"", ""ABA_forefathers""], [""San_Antonio_Spurs"", ""embarrassing"", ""ABA_forefathers""], [""Nets"", ""instance_of"", ""team""], [""San_Antonio_Spurs"", ""instance_of"", ""team""]]",0.2916666666666667,0.0,0.5524252653121948,0.2916666666666667,0.2916666666666667,0.9289580470986509,0.8652289090554526,0.8014997710122541,0.7377706329690557,0.6740414949258572,0.6103123568826588,0.5465832188394604,0.48285408079626196,0.4191249427530635,0.3553958047098651,0.2916666666666667,0.834655095544891,0.8630441874085661
154,"Two brothers who were among seven Portland suspects accused of aiding terrorists have decided to plead guilty to conspiring to aid al-Qaida and the Taliban , officials said Wednesday .",Two brothers who were among seven people accused of aiding terrorists pleaded guilty yesterday to charges of conspiring to help Al Qaeda and the Taliban during the war in Afghanistan .,"[[""Two_brothers"", ""plead_guilty_to"", ""conspiring_to_aid_al-Qaida""], [""Two_brothers"", ""plead_guilty_to"", ""conspiring_to_aid_Taliban""], [""Two_brothers"", ""are"", ""Portland_suspects""], [""Portland_suspects"", ""number"", ""seven""], [""Portland_suspects"", ""accused_of"", ""aiding_terrorists""]]","[[""Two_brothers"", ""plead_guilty_to"", ""conspiring_to_help_Al_Qaeda""], [""Two_brothers"", ""plead_guilty_to"", ""conspiring_to_help_Taliban""], [""Two_brothers"", ""are"", ""suspects""], [""suspects"", ""number"", ""seven""], [""suspects"", ""accused_of"", ""aiding_terrorists""], [""conspiring_to_help_Al_Qaeda_and_Taliban"", ""occurred_during"", ""war_in_Afghanistan""]]",1.0,0.5454098582267761,0.6780273914337158,0.3127313958110473,1.0,0.8977897656335965,0.9080107890702368,0.9182318125068771,0.9284528359435176,0.9386738593801579,0.9488948828167982,0.9591159062534386,0.9693369296900789,0.9795579531267193,0.9897789765633597,1.0,0.9221089698328884,0.8012857867557335
155,I think there 's a little hope invested in McNabb and he got a lot of credit for the performance of his team that he really didn 't deserve .,"There is a little hope invested in McNabb , and he got a lot of credit for the performance of this team that he didn 't deserve . ""","[[""McNabb"", ""has"", ""hope_invested""], [""McNabb"", ""got_credit_for"", ""team_performance""], [""McNabb"", ""did_not_deserve"", ""credit""]]","[[""McNabb"", ""has"", ""hope_invested""], [""McNabb"", ""got_credit_for"", ""team_performance""], [""McNabb"", ""did_not_deserve"", ""credit""]]",1.0,1.0,1.0,1.0,1.0,0.9999999987202628,0.9999999988482365,0.9999999989762103,0.9999999991041839,0.9999999992321577,0.9999999993601314,0.9999999994881051,0.9999999996160789,0.9999999997440525,0.9999999998720263,1.0,1.0,0.9999999652801471
156,"The Centers for Medicare and Medicaid Services , the federal agency that runs Medicare , last year began a similar effort for nursing homes .",The Centers for Medicare and Medicaid launched a similar consumer tool for nursing homes last year .,"[[""Centers_for_Medicare_and_Medicaid_Services"", ""runs"", ""Medicare""], [""Centers_for_Medicare_and_Medicaid_Services"", ""began_effort_for"", ""nursing_homes""]]","[[""Centers_for_Medicare_and_Medicaid"", ""launched_tool_for"", ""nursing_homes""], [""Centers_for_Medicare_and_Medicaid"", ""launched_tool_in"", ""last_year""]]",0.5833333333333334,0.0,0.15616269409656525,0.3333333333333333,0.5163977794943222,0.777866791060611,0.7517198899039821,0.7255729887473532,0.6994260875907243,0.6732791864340955,0.6471322852774666,0.6209853841208377,0.5948384829642088,0.56869158180758,0.5425446806509511,0.5163977794943222,0.7255381643889429,0.7229130971569215
157,"Hill , 50 , would be the first person executed for killing an abortion doctor .","On Wednesday , Hill is scheduled to become the first person executed for murdering an abortion doctor .","[[""Hill"", ""age"", ""50""], [""Hill"", ""would_be"", ""first_person_executed""], [""Hill"", ""killed"", ""abortion_doctor""]]","[[""Hill"", ""scheduled_to_become"", ""first_person_executed""], [""Hill"", ""murdered"", ""abortion_doctor""], [""Hill"", ""execution_scheduled_on"", ""Wednesday""]]",0.6254627916220946,0.584845244884491,0.7078235149383545,0.5416666666666666,0.6254627916220946,0.8960837202055716,0.8690216273472239,0.8419595344888762,0.8148974416305285,0.7878353487721808,0.7607732559138332,0.7337111630554853,0.7066490701971377,0.67958697733879,0.6525248844804423,0.6254627916220946,0.7833879687887522,0.677421770541874
158,The Senate 's proposal will need the support of the Democrat-led Assembly and Pataki to become law .,"Even if the Senate approves the proposals , they would require the support of the Democrat-led Assembly and Gov. George Pataki to become law .","[[""Senate"", ""proposal_needs_support_of"", ""Democrat-led_Assembly""], [""Senate"", ""proposal_needs_support_of"", ""Pataki""], [""Senate"", ""proposal_will_become"", ""law""]]","[[""Senate"", ""approves"", ""proposals""], [""proposals"", ""require_support_of"", ""Democrat-led_Assembly""], [""proposals"", ""require_support_of"", ""Gov_George_Pataki""], [""proposals"", ""will_become"", ""law""]]",0.75,0.6002938747406006,0.7216871380805969,0.4844813951249544,0.75,0.8755694420941226,0.8630124978847102,0.8504555536752981,0.8378986094658858,0.8253416652564736,0.8127847210470613,0.800227776837649,0.7876708326282367,0.7751138884188246,0.7625569442094122,0.75,0.8011365964949921,0.9028182192528874
159,"But Adora Obi Nweze , the NAACP state president , said the state only tried to prove its conclusion of suicide , rather than consider the possibility of murder .","Adora Obi Nweze , the NAACP state president , said the state has refused to consider the possibility of murder .","[[""Adora_Obi_Nweze"", ""is"", ""NAACP_state_president""], [""Adora_Obi_Nweze"", ""said"", ""state_conclusion""], [""state"", ""tried_to_prove"", ""suicide""], [""state"", ""did_not_consider"", ""murder""]]","[[""Adora_Obi_Nweze"", ""is"", ""NAACP_state_president""], [""Adora_Obi_Nweze"", ""said"", ""state_refused_to_consider_murder""], [""state"", ""refused_to_consider"", ""murder""]]",0.42600643361512924,0.7753123044967651,0.8403627276420593,0.42600643361512924,0.42600643361512924,0.8775621195347667,0.832406550942803,0.7872509823508392,0.7420954137588754,0.6969398451669117,0.651784276574948,0.6066287079829842,0.5614731393910205,0.5163175707990567,0.471162002207093,0.42600643361512924,0.8247824125530174,0.7292765007195854
160,"The technology-laced Nasdaq Composite Index .IXIC climbed 19.11 points , or 1.2 percent , to 1,615.02 .","The Standard & Poor 's 500 Index .SPX gained 13.68 points , or 1.42 percent , at 977.27 .","[[""Nasdaq_Composite_Index"", ""climbed"", ""19.11_points""], [""Nasdaq_Composite_Index"", ""increased_by"", ""1.2_percent""], [""Nasdaq_Composite_Index"", ""reached"", ""1,615.02""]]","[[""Standard_&_Poor\""s_500_Index"", ""gained"", ""13.68_points""], [""Standard_&_Poor\""s_500_Index"", ""increased_by"", ""1.42_percent""], [""Standard_&_Poor\""s_500_Index"", ""reached"", ""977.27""]]",0.5,0.0,0.0,0.0,0.5,0.6280275308761892,0.6152247777885703,0.6024220247009514,0.5896192716133324,0.5768165185257135,0.5640137654380946,0.5512110123504756,0.5384082592628567,0.5256055061752378,0.5128027530876189,0.5,0.6738178277288489,0.6305669899348958
161,"Shelley 's office reported Friday that 575,926 signatures have been reported to him .","Shelley 's office released signature counts late Friday and said counties had reported counting 575,926 signatures so far .","[[""Shelley"", ""office_reported"", ""575,926_signatures""]]","[[""Shelley"", ""office_released"", ""signature_counts""], [""counties"", ""reported"", ""575,926_signatures""]]",1.0,0.7044621109962463,0.7536951303482056,0.41247895569215276,1.0,0.7946737236503614,0.8152063512853253,0.8357389789202891,0.8562716065552529,0.8768042341902168,0.8973368618251807,0.9178694894601446,0.9384021170951085,0.9589347447300722,0.9794673723650361,1.0,0.7701642601342856,0.6419145151783863
162,The dollar 's slide against the yen was curbed by wariness that Japanese authorities could intervene to stem the yen 's rise .,"Despite hefty losses against the euro , the dollar 's slide versus the yen was curbed by wariness that Japanese authorities could intervene to stem the yen 's rise .","[[""dollar"", ""slide_curbed_by"", ""wariness""], [""wariness"", ""caused_by"", ""Japanese_authorities""], [""Japanese_authorities"", ""could_intervene_in"", ""yen""], [""yen"", ""rise_stemmed_by"", ""Japanese_authorities""], [""dollar"", ""slide_against"", ""yen""]]","[[""dollar"", ""slide_curbed_by"", ""wariness""], [""wariness"", ""caused_by"", ""Japanese_authorities""], [""Japanese_authorities"", ""could_intervene_in"", ""yen""], [""yen"", ""rise_stemmed_by"", ""Japanese_authorities""], [""dollar"", ""slide_against"", ""yen""], [""dollar"", ""experienced_hefty_losses_against"", ""euro""]]",1.0,0.7974748611450195,0.8862209320068359,0.7080881928749334,1.0,0.999999914964527,0.9999999234680743,0.9999999319716217,0.9999999404751689,0.9999999489787162,0.9999999574822636,0.9999999659858108,0.9999999744893582,0.9999999829929054,0.9999999914964527,1.0,1.0,0.9771787183007108
163,"Trans fat makes up only 1 percent to 3 percent of the total fat Americans consume , compared with 14 percent for saturated fat .","Trans fat accounts for 2.5 percent of Americans ' daily calories , compared to 11 percent to 12 percent for saturated fat .","[[""Trans_fat"", ""makes_up"", ""1_to_3_percent_of_total_fat""], [""Trans_fat"", ""compared_to"", ""saturated_fat""], [""Saturated_fat"", ""makes_up"", ""14_percent_of_total_fat""], [""Trans_fat"", ""consumed_by"", ""Americans""]]","[[""Trans_fat"", ""accounts_for"", ""2.5_percent_of_daily_calories""], [""Trans_fat"", ""compared_to"", ""saturated_fat""], [""Saturated_fat"", ""accounts_for"", ""11_to_12_percent_of_daily_calories""], [""Trans_fat"", ""consumed_by"", ""Americans""]]",1.0,0.47808101773262024,0.6095547676086426,0.26666666666666666,0.7042952122737638,0.9704584179611812,0.9438420973924394,0.9172257768236978,0.8906094562549559,0.8639931356862143,0.8373768151174725,0.8107604945487308,0.784144173979989,0.7575278534112472,0.7309115328425055,0.7042952122737638,0.8578849829269087,0.851119754486726
164,The consensus among Wall Street analysts was for a loss of 28 cents a share .,Analysts surveyed by First Call were expecting sales of $ 723 million and a loss of 28 cents a share .,"[[""Wall_Street_analysts"", ""expected_loss"", ""28_cents_per_share""]]","[[""Analysts"", ""expected_sales"", ""723_million""], [""Analysts"", ""expected_loss"", ""28_cents_per_share""], [""Analysts"", ""surveyed_by"", ""First_Call""]]",1.0,0.28445956110954285,0.40638017654418945,0.3535533905932738,1.0,0.9616212332959158,0.9654591099663242,0.9692969866367327,0.973134863307141,0.9769727399775494,0.9808106166479579,0.9846484933183663,0.9884863699887747,0.9923242466591832,0.9961621233295915,1.0,0.9380595744409757,0.8156144204131113
165,"Rambus Inc . ( nasdaq : RMBS - news - people ) shot up 38 percent , making it the biggest percentage gainer on the Nasdaq .","Rambus Inc. shot up almost 33 percent , making it the biggest percentage gainer on the Nasdaq .","[[""Rambus_Inc"", ""listed_on"", ""Nasdaq""], [""Rambus_Inc"", ""percentage_gain"", ""38_percent""], [""Rambus_Inc"", ""is"", ""biggest_percentage_gainer""]]","[[""Rambus_Inc"", ""listed_on"", ""Nasdaq""], [""Rambus_Inc"", ""percentage_gain"", ""33_percent""], [""Rambus_Inc"", ""is"", ""biggest_percentage_gainer""]]",1.0,0.9133791327476501,0.8922525644302368,0.5416666666666666,1.0,0.9951155457512311,0.995603991176108,0.9960924366009849,0.9965808820258617,0.9970693274507386,0.9975577728756155,0.9980462183004924,0.9985346637253694,0.9990231091502462,0.9995115545751231,1.0,0.9786147588861649,0.991836313708534
166,"A federal appeals court ruled Tuesday that the government was free to withhold the names of more than 700 people detained in the aftermath of Sept . 11 , 2001 .","A federal appeals court ruled Tuesday that the U.S. government can withhold the names of people detained as part of the September 11 investigation , reversing a lower court decision .","[[""federal_appeals_court"", ""ruled"", ""government_can_withhold_names""], [""government"", ""can_withhold_names_of"", ""detained_people""], [""detained_people"", ""number"", ""more_than_700""], [""detained_people"", ""detained_after"", ""Sept_11_2001""]]","[[""federal_appeals_court"", ""ruled"", ""U_S_government_can_withhold_names""], [""U_S_government"", ""can_withhold_names_of"", ""detained_people""], [""detained_people"", ""detained_as_part_of"", ""September_11_investigation""], [""federal_appeals_court"", ""reversed"", ""lower_court_decision""]]",0.6390096504226939,0.48983240127563477,0.53514564037323,0.05555555555555555,0.6390096504226939,0.921806275697366,0.8935266131698988,0.8652469506424316,0.8369672881149642,0.8086876255874971,0.7804079630600299,0.7521283005325627,0.7238486380050955,0.6955689754776282,0.667289312950161,0.6390096504226939,0.8474133267438861,0.8577233307493046
167,Sendmail said the system can even be set up to permit business-only usage .,"The product can be instructed to permit business-only use , according to Sendmail .","[[""Sendmail"", ""said"", ""system""], [""system"", ""can_be_set_up_to"", ""business-only_usage""]]","[[""product"", ""can_be_instructed_to"", ""business-only_use""], [""Sendmail"", ""said"", ""product""]]",0.3888888888888889,0.44358840584754944,0.39704954624176025,0.05555555555555555,0.3888888888888889,0.6493645404005388,0.6233169752493738,0.5972694100982088,0.5712218449470438,0.5451742797958788,0.5191267146447138,0.49307914949354886,0.4670315843423839,0.4409840191912189,0.4149364540400539,0.3888888888888889,0.7337270984080322,0.7156248479755696
168,"The UAW earlier this week reached tentative agreements , also for four years , with Ford Motor Co . , DaimlerChrysler AG 's Chrysler Group and supplier Visteon Corp.","The union earlier this week announced tentative agreements with Ford Motor Co . , DaimlerChrysler AG 's Chrysler Group and supplier Visteon Corp.","[[""UAW"", ""reached_tentative_agreements_with"", ""Ford_Motor_Co""], [""UAW"", ""reached_tentative_agreements_with"", ""DaimlerChrysler_AG""], [""UAW"", ""reached_tentative_agreements_with"", ""Visteon_Corp""], [""DaimlerChrysler_AG"", ""has"", ""Chrysler_Group""]]","[[""union"", ""announced_tentative_agreements_with"", ""Ford_Motor_Co""], [""union"", ""announced_tentative_agreements_with"", ""DaimlerChrysler_AG""], [""union"", ""announced_tentative_agreements_with"", ""Visteon_Corp""], [""DaimlerChrysler_AG"", ""has"", ""Chrysler_Group""]]",0.8,0.5778586864471436,0.8808116912841797,0.8,0.8,0.9017714298350387,0.8915942868515347,0.881417143868031,0.871240000884527,0.8610628579010232,0.8508857149175193,0.8407085719340155,0.8305314289505116,0.8203542859670079,0.810177142983504,0.8,0.9104895335666854,0.9014206372971608
169,"The Hubble Space Telescope 's newest picture of Mars shows summer on the Red Planet just as it makes its closest pass by Earth in 60,000 years .","The pictures were taken late Tuesday and early Wednesday as the as the planet made its closest pass by Earth in 60,000 years .","[[""Hubble_Space_Telescope"", ""captured_picture_of"", ""Mars""], [""Mars"", ""location"", ""Red_Planet""], [""Mars"", ""makes_closest_pass_by"", ""Earth""], [""Mars"", ""time_since_last_closest_pass"", ""60,000_years""]]","[[""Mars"", ""makes_closest_pass_by"", ""Earth""], [""Mars"", ""time_since_last_closest_pass"", ""60,000_years""], [""pictures"", ""were_taken_on"", ""Tuesday""], [""pictures"", ""were_taken_on"", ""Wednesday""]]",0.5594309277855158,0.17849044501781464,0.3941902220249176,0.39557740264262,0.5594309277855158,0.9325239666167462,0.8952146627336232,0.8579053588505001,0.8205960549673771,0.783286751084254,0.745977447201131,0.708668143318008,0.6713588394348851,0.6340495355517619,0.5967402316686389,0.5594309277855158,0.8641869886495526,0.5851433828797257
170,"Kinsley , for example , wrote in the Post Monday : "" Sinners have long cherished the fantasy that William Bennett , the virtue magnate , might be among our number .",""" Sinners have long cherished the fantasy that William Bennett , the virtue magnate , might be among our number , "" Michael Kinsely wrote .","[[""Kinsley"", ""wrote_in"", ""Post""], [""William_Bennett"", ""is"", ""virtue_magnate""], [""Kinsley"", ""mentioned"", ""William_Bennett""]]","[[""Michael_Kinsley"", ""wrote"", ""quote""], [""William_Bennett"", ""is"", ""virtue_magnate""]]",0.5416666666666666,0.3061526417732239,0.45174509286880493,0.5,0.5416666666666666,0.8842798244044793,0.850018508630698,0.8157571928569167,0.7814958770831354,0.7472345613093542,0.712973245535573,0.6787119297617916,0.6444506139880104,0.6101892982142292,0.5759279824404478,0.5416666666666666,0.7780067494335645,0.7323137773453436
171,"BOSTON The Catholic archdiocese in Boston has offered $ 55 million to settle more than 500 clergy sex abuse lawsuits , according to a document obtained by The Associated Press .",The American Roman Catholic archdiocese of Boston has offered $ 55 million to settle more than 500 sex abuse lawsuits involving priests .,"[[""Catholic_archdiocese_of_Boston"", ""offered"", ""$55_million""], [""Catholic_archdiocese_of_Boston"", ""settling"", ""more_than_500_clergy_sex_abuse_lawsuits""], [""more_than_500_clergy_sex_abuse_lawsuits"", ""involving"", ""clergy""]]","[[""American_Roman_Catholic_archdiocese_of_Boston"", ""offered"", ""$55_million""], [""American_Roman_Catholic_archdiocese_of_Boston"", ""settling"", ""more_than_500_sex_abuse_lawsuits""], [""more_than_500_sex_abuse_lawsuits"", ""involving"", ""priests""]]",1.0,0.0,0.22446143627166748,0.25,1.0,0.981114012306346,0.9830026110757114,0.9848912098450768,0.9867798086144421,0.9886684073838076,0.990557006153173,0.9924456049225384,0.9943342036919038,0.9962228024612692,0.9981114012306346,1.0,0.957647786809743,0.9592885997637857
172,United already has paid the city $ 34 million in penalties for missing the first round of employment targets .,United has paid $ 34 million in penalties for failing to meet employment targets .,"[[""United"", ""paid"", ""$34_million""], [""United"", ""paid_penalties_to"", ""city""], [""United"", ""missed"", ""first_round_employment_targets""], [""$34_million"", ""is"", ""penalties""]]","[[""United"", ""paid"", ""$34_million""], [""United"", ""paid_penalties_for"", ""missing_employment_targets""]]",0.34426518632954817,0.1480512022972107,0.48953941464424133,0.08606629658238704,0.34426518632954817,0.9434654070943,0.883545385017825,0.8236253629413497,0.7637053408648744,0.7037853187883992,0.643865296711924,0.583945274635449,0.5240252525589737,0.4641052304824985,0.40418520840602334,0.34426518632954817,0.7852268063254872,0.8620976185125254
173,Mississippi placed among the bottom 10 states in 13 of the 17 measures .,Mississippi is among the bottom five states on nine other measures .,"[[""Mississippi"", ""placed"", ""bottom_10_states""], [""Mississippi"", ""ranked_in"", ""13_measures""], [""13_measures"", ""out_of"", ""17_measures""]]","[[""Mississippi"", ""ranked"", ""bottom_five_states""], [""Mississippi"", ""ranked_in"", ""nine_measures""]]",0.5,0.012057690881192684,0.20084285736083984,0.048112522432468816,0.4330127018922193,0.8995892283942923,0.8529315757440851,0.8062739230938778,0.7596162704436703,0.712958617793463,0.6663009651432559,0.6196433124930485,0.5729856598428412,0.526328007192634,0.47967035454242657,0.4330127018922193,0.8235440920195991,0.8168604425577128
174,""" Events on our system , in and of themselves , could not account for the widespread nature of the outage , "" FirstEnergy Chief Executive Peter Burg told the House panel .",""" Events on our system , in and of themselves , could not account for the widespread nature of the outage , "" Burg said .","[[""FirstEnergy_Chief_Executive"", ""is"", ""Peter_Burg""], [""Peter_Burg"", ""told"", ""House_panel""]]","[[""Burg"", ""said"", ""outage_cannot_be_accounted_for_by_system_events""]]",0.0,0.0,0.0,0.0,0.0,0.3434954721157059,0.30914592490413534,0.27479637769256476,0.24044683048099413,0.20609728326942353,0.17174773605785296,0.13739818884628238,0.1030486416347118,0.06869909442314116,0.03434954721157058,0.0,0.37258423443353955,0.4932943236256815
175,""" I started crying and yelling at him , ' What do you mean , what are you saying , why did you lie to me ? ' ""","Gulping for air , I started crying and yelling at him , ' What do you mean ?","[[""I"", ""started_crying_and_yelling_at"", ""him""], [""I"", ""said_to"", ""him""], [""him"", ""lied_to"", ""I""]]","[[""I"", ""started_crying_and_yelling_at"", ""him""], [""I"", ""said_to"", ""him""], [""I"", ""gulped_for"", ""air""]]",1.0,0.7445879578590393,0.7622948884963989,0.4762896722078402,1.0,0.9532055356355034,0.957884982071953,0.9625644285084027,0.9672438749448522,0.971923321381302,0.9766027678177517,0.9812822142542014,0.9859616606906509,0.9906411071271006,0.9953205535635503,1.0,0.8732206023274259,0.6256729751174914
176,"None of Deans opponents picked him as someone to party with , nor was Dean asked that question .",None of Dean 's opponents picked him as someone to party with and Dean was not asked the question .,"[[""Deans_opponents"", ""did_not_pick"", ""Dean""], [""Deans_opponents"", ""did_not_ask"", ""Dean""]]","[[""Deans_opponents"", ""did_not_pick"", ""Dean""], [""Deans_opponents"", ""did_not_ask"", ""Dean""]]",1.0,1.0,1.0,1.0,1.0,0.9999999077411211,0.999999916967009,0.9999999261928969,0.9999999354187847,0.9999999446446727,0.9999999538705606,0.9999999630964485,0.9999999723223363,0.9999999815482242,0.9999999907741122,1.0,1.0,0.999999991938227
177,"Eyewitnesses told how Sally , 62 , originally from Coatbridge , Lanarkshire , screamed as the escalator collapsed then sucked her in .","Mother-of-two Sally , originally from Coatbridge , Lanarkshire , had stepped on to the escalator when it collapsed .","[[""Sally"", ""age"", ""62""], [""Sally"", ""originally_from"", ""Coatbridge""], [""Sally"", ""originally_from"", ""Lanarkshire""], [""Sally"", ""screamed_on"", ""escalator""], [""escalator"", ""collapsed"", ""escalator""], [""Sally"", ""sucked_in_by"", ""escalator""]]","[[""Sally"", ""age"", ""not_specified""], [""Sally"", ""originally_from"", ""Coatbridge""], [""Sally"", ""originally_from"", ""Lanarkshire""], [""Sally"", ""stepped_on"", ""escalator""], [""escalator"", ""collapsed"", ""escalator""]]",0.6333333333333333,0.8309205174446106,0.9408088326454163,0.6333333333333333,0.6333333333333333,0.9455277846853827,0.9143083395501778,0.8830888944149728,0.8518694492797678,0.820650004144563,0.789430559009358,0.758211113874153,0.7269916687389482,0.6957722236037431,0.6645527784685382,0.6333333333333333,0.8687466693398727,0.9268228288125422
178,Class-action suits expand exponentially the number of plaintiffs and damages in a lawsuit by allowing initial plaintiffs to plea on behalf of a far larger group with common interest .,Class-action suits expand sharply the number of plaintiffs and damages in a suit by allowing initial plaintiffs to sue on behalf of a larger group with common interests .,"[[""Class-action_suits"", ""expand"", ""number_of_plaintiffs""], [""Class-action_suits"", ""expand"", ""damages""], [""Initial_plaintiffs"", ""plea_on_behalf_of"", ""larger_group""], [""Larger_group"", ""has"", ""common_interest""]]","[[""Class-action_suits"", ""expand"", ""number_of_plaintiffs""], [""Class-action_suits"", ""expand"", ""damages""], [""Initial_plaintiffs"", ""sue_on_behalf_of"", ""larger_group""], [""Larger_group"", ""has"", ""common_interests""]]",1.0,0.9460138082504272,0.9477719068527222,0.5833333333333334,1.0,0.9867968968558708,0.9881172071702837,0.9894375174846968,0.9907578277991096,0.9920781381135225,0.9933984484279355,0.9947187587423483,0.9960390690567613,0.9973593793711741,0.9986796896855871,1.0,0.9597049196356353,0.9577607294613566
179,He also noted Tom Siebel had turned in 26 million stock options valued at more than $ 50-million ( U.S. ) earlier this year .,He also said that Tom Siebel had turned in 26 million stock options with a value of $ 54 million to $ 56 million earlier this year .,"[[""Tom_Siebel"", ""turned_in"", ""26_million_stock_options""], [""26_million_stock_options"", ""valued_at"", ""more_than_$50-million""], [""Tom_Siebel"", ""performed_action"", ""earlier_this_year""]]","[[""Tom_Siebel"", ""turned_in"", ""26_million_stock_options""], [""26_million_stock_options"", ""valued_at"", ""$54_to_$56_million""], [""Tom_Siebel"", ""performed_action"", ""earlier_this_year""]]",1.0,0.9044360518455505,0.8997194766998291,0.375,1.0,0.9889987874204828,0.9900989086784344,0.9911990299363862,0.992299151194338,0.9933992724522897,0.9944993937102413,0.9955995149681931,0.9966996362261449,0.9977997574840966,0.9988998787420482,1.0,0.9656669770106503,0.8567772060811679
180,"Last year , Congress passed similar , though less expensive , buyout legislation for peanut farmers to end that program , which also dated from the Depression .","Last year , Congress passed similar , though less expensive , buyout legislation for peanut farmers , ending that Depression-era program .","[[""Congress"", ""passed"", ""buyout_legislation""], [""buyout_legislation"", ""for"", ""peanut_farmers""], [""buyout_legislation"", ""ended"", ""program""], [""program"", ""dated_from"", ""Depression""]]","[[""Congress"", ""passed"", ""buyout_legislation""], [""buyout_legislation"", ""for"", ""peanut_farmers""], [""buyout_legislation"", ""ended"", ""Depression-era_program""]]",0.33541019662496846,0.7515051364898682,0.658013105392456,0.33541019662496846,0.33541019662496846,0.9521378591606099,0.8904650929070458,0.8287923266534817,0.7671195603999175,0.7054467941463533,0.6437740278927891,0.582101261639225,0.5204284953856609,0.4587557291320967,0.3970829628785326,0.33541019662496846,0.8790934426054898,0.9595474598209999
181,""" It 's probably not the easiest time to take over the shuttle program , "" he added , "" but I look forward to the challenge .",""" It is probably not the easiest time to come in and take over the shuttle program , but then again , I look forward to the challenge , "" he said .","[[""he"", ""added"", ""statement""], [""he"", ""looks_forward_to"", ""challenge""], [""challenge"", ""is_part_of"", ""shuttle_program""], [""he"", ""will_take_over"", ""shuttle_program""]]","[[""he"", ""said"", ""statement""], [""he"", ""looks_forward_to"", ""challenge""], [""challenge"", ""is_part_of"", ""shuttle_program""], [""he"", ""will_take_over"", ""shuttle_program""]]",1.0,1.0,1.0,1.0,1.0,0.979375124978231,0.9814376124804078,0.9835000999825849,0.9855625874847616,0.9876250749869386,0.9896875624891155,0.9917500499912923,0.9938125374934693,0.9958750249956462,0.9979375124978231,1.0,0.9549252811836164,0.9521643579120594
182,"On Oct. 10 , an 18-year-old freshman member of the men 's swim team jumped from the same 10th-floor ledge .","On Oct. 10 , an 18-year-old freshman from Dayton , Ohio , climbed over the same 10th-floor ledge and plunged to his death .","[[""18-year-old_freshman"", ""is_member_of"", ""men_swim_team""], [""18-year-old_freshman"", ""jumped_from"", ""10th-floor_ledge""]]","[[""18-year-old_freshman"", ""from"", ""Dayton""], [""18-year-old_freshman"", ""from"", ""Ohio""], [""18-year-old_freshman"", ""climbed_over"", ""10th-floor_ledge""], [""10th-floor_ledge"", ""location_of"", ""death""]]",0.3888888888888889,0.10595604032278061,0.3858499228954315,0.08606629658238704,0.3888888888888889,0.8031039667865767,0.7616824589968079,0.7202609512070393,0.6788394434172703,0.6374179356275016,0.5959964278377328,0.554574920047964,0.5131534122581952,0.4717319044684264,0.43031039667865767,0.3888888888888889,0.6712956131250609,0.782726458901895
183,"A Commerce spokesman issued a brief statement late Friday , noting that the task force "" evaluated regions of the world that are vital to global energy supply . """,""" The energy task force evaluated regions of the world that are vital to global energy supply , "" the statement said .","[[""Commerce"", ""has"", ""spokesman""], [""spokesman"", ""issued"", ""statement""], [""statement"", ""mentions"", ""task_force""], [""task_force"", ""evaluated"", ""regions""], [""regions"", ""are_vital_to"", ""global_energy_supply""]]","[[""energy_task_force"", ""evaluated"", ""regions""], [""regions"", ""are_vital_to"", ""global_energy_supply""]]",0.27498597046143514,0.3698335886001587,0.3907063901424408,0.4714045207910317,0.27498597046143514,0.6208198006374709,0.5862364176198673,0.5516530346022638,0.5170696515846601,0.4824862685670566,0.447902885549453,0.41331950253184946,0.3787361195142459,0.34415273649664224,0.3095693534790387,0.27498597046143514,0.659963770802655,0.7068162990356819
184,"HP 's shipments increased 48 percent year-over-year , compared to an increase of 31 percent for Dell .","HPs shipments increased 48 per cent year-on-year , compared to an increase of 31 per cent for Dell .","[[""HP"", ""shipments_increased"", ""48_percent""], [""HP"", ""year_over_year_increase"", ""48_percent""], [""Dell"", ""year_over_year_increase"", ""31_percent""], [""HP"", ""comparison"", ""Dell""]]","[[""HP"", ""shipments_increased"", ""48_percent""], [""HP"", ""year_on_year_increase"", ""48_percent""], [""Dell"", ""year_on_year_increase"", ""31_percent""], [""HP"", ""comparison"", ""Dell""]]",1.0,0.9999999403953552,1.0,1.0,1.0,0.9972513290626642,0.9975261961563978,0.9978010632501315,0.9980759303438649,0.9983507974375986,0.9986256645313321,0.9989005316250656,0.9991753987187992,0.9994502658125328,0.9997251329062664,1.0,0.9949489466768333,0.9751593967555063
185,"In a letter sent to The Times and read to the Associated Press after his resignation , Blair blamed "" personal issues "" and apologized for his "" lapse of journalistic integrity . ""","In a letter sent to The New York Times after his resignation , Mr Blair blamed "" personal issues "" and apologised for his "" lapse of journalistic integrity "" .","[[""Blair"", ""sent_letter_to"", ""The_Times""], [""Blair"", ""blamed"", ""personal_issues""], [""Blair"", ""apologized_for"", ""lapse_of_journalistic_integrity""], [""The_Times"", ""received_letter_from"", ""Blair""], [""Blair"", ""read_letter_to"", ""Associated_Press""]]","[[""Blair"", ""sent_letter_to"", ""The_New_York_Times""], [""Blair"", ""blamed"", ""personal_issues""], [""Blair"", ""apologized_for"", ""lapse_of_journalistic_integrity""]]",0.7080881928749334,0.7854524254798889,0.8255795240402222,0.4844813951249544,0.7080881928749334,0.9567336077172216,0.9318690662329928,0.907004524748764,0.8821399832645351,0.8572754417803063,0.8324109002960776,0.8075463588118488,0.7826818173276199,0.757817275843391,0.7329527343591623,0.7080881928749334,0.9171464692471978,0.9336955851349591
186,"A senior law enforcement official , discussing the case on grounds of anonymity , identified the suspect as Ahmed Mehalba .","The official , describing the apprehension at Boston 's Logan International Airport , identified the suspect as Ahmed Mehalba .","[[""senior_law_enforcement_official"", ""identified"", ""Ahmed_Mehalba""], [""senior_law_enforcement_official"", ""discussing"", ""case""]]","[[""official"", ""identified"", ""Ahmed_Mehalba""], [""apprehension"", ""location"", ""Logan_International_Airport""], [""Logan_International_Airport"", ""location"", ""Boston""]]",0.408248290463863,0.0,0.3841201364994049,0.25819888974716115,0.408248290463863,0.7123315770491884,0.6819232483906559,0.6515149197321233,0.6211065910735907,0.5906982624150583,0.5602899337565257,0.5298816050979931,0.4994732764394606,0.4690649477809281,0.43865661912239556,0.408248290463863,0.737535606039871,0.5229657980544422
187,"Tampa Bay manager Lou Piniella , bench coach John McLaren and right fielder Aubrey Huff were ejected for arguing after Huff was called out on strikes to end the ninth .","Tampa Bay manager Lou Piniella , bench coach John McLaren and Huff all were ejected in the middle of the ninth .","[[""Lou_Piniella"", ""manager_of"", ""Tampa_Bay""], [""John_McLaren"", ""bench_coach_of"", ""Tampa_Bay""], [""Aubrey_Huff"", ""right_fielder_of"", ""Tampa_Bay""], [""Aubrey_Huff"", ""was_ejected_for"", ""arguing""], [""Lou_Piniella"", ""was_ejected_for"", ""arguing""], [""John_McLaren"", ""was_ejected_for"", ""arguing""], [""Aubrey_Huff"", ""was_called_out_on"", ""strikes""]]","[[""Lou_Piniella"", ""manager_of"", ""Tampa_Bay""], [""John_McLaren"", ""bench_coach_of"", ""Tampa_Bay""], [""Huff"", ""was_ejected_in"", ""ninth""], [""Lou_Piniella"", ""was_ejected_in"", ""ninth""], [""John_McLaren"", ""was_ejected_in"", ""ninth""]]",0.12171612389003691,0.0,0.6481351256370544,0.09128709291752769,0.12171612389003691,0.8752276768854891,0.7998765215859438,0.7245253662863987,0.6491742109868535,0.5738230556873082,0.498471900387763,0.4231207450882178,0.3477695897886726,0.2724184344891273,0.1970672791895821,0.12171612389003691,0.8191572537137635,0.8739108401506321
188,""" I 'm not aware of any changes in policy - we have contacts with them , they will continue . """,""" Our policies are well-known and I 'm not aware of any changes in policy .","[[""I"", ""am_not_aware_of"", ""changes_in_policy""], [""we"", ""have_contacts_with"", ""them""], [""they"", ""will_continue"", ""contacts""]]","[[""Our_policies"", ""are"", ""well-known""], [""I"", ""am_not_aware_of"", ""changes_in_policy""]]",0.12909944487358058,0.13349512219429016,0.26859164237976074,0.408248290463863,0.408248290463863,0.6423524873127481,0.6189420676278595,0.5955316479429711,0.5721212282580825,0.548710808573194,0.5253003888883055,0.5018899692034171,0.47847954951852856,0.45506912983364,0.4316587101487515,0.408248290463863,0.6343445256861928,0.5634813272050214
189,"This decision would "" throw a monkey wrench into the FCC 's efforts to develop a vitally important national broadband policy , "" he said .","He added that the decision will "" throw a monkey wrench into the FCC 's efforts to develop a vitally important national broadband policy . ""","[[""decision"", ""would_throw_a_monkey_wrench_into"", ""FCC_efforts""], [""FCC_efforts"", ""aim_to_develop"", ""national_broadband_policy""], [""national_broadband_policy"", ""is"", ""vitally_important""]]","[[""decision"", ""will_throw_a_monkey_wrench_into"", ""FCC_efforts""], [""FCC_efforts"", ""aim_to_develop"", ""national_broadband_policy""], [""national_broadband_policy"", ""is"", ""vitally_important""]]",1.0,0.9999999403953552,1.0,1.0,1.0,0.9974479901525826,0.9977031911373243,0.997958392122066,0.9982135931068077,0.9984687940915495,0.9987239950762913,0.998979196061033,0.9992343970457748,0.9994895980305165,0.9997447990152583,1.0,0.9858639346621533,0.9916012643531555
190,"Today , analysts say , UN members can no longer ignore the shifts since the September 11 2001 attacks .","On Wednesday , analysts say , UN members can no longer ignore the shifts since the attacks in the US of September 11 2001 .","[[""UN_members"", ""can_no_longer_ignore"", ""shifts""], [""shifts"", ""since"", ""September_11_2001_attacks""]]","[[""UN_members"", ""can_no_longer_ignore"", ""shifts""], [""shifts"", ""since"", ""September_11_2001_attacks_in_US""]]",1.0,0.8351349830627441,0.8101991415023804,0.16666666666666666,1.0,0.9753098676695173,0.9777788809025656,0.9802478941356139,0.9827169073686621,0.9851859206017104,0.9876549338347587,0.9901239470678069,0.9925929603008552,0.9950619735339035,0.9975309867669517,1.0,0.9641815063035499,0.9760062119135822
191,The stretch of Danube river passing through the Balkans dropped so low that wrecks of World War II boats became visible .,Rivers were also drying up - a stretch of Danube passing through the Balkans dropped so low that wrecks of World War II boats became visible .,"[[""Danube_river"", ""passes_through"", ""Balkans""], [""Danube_river"", ""contains"", ""World_War_II_boats""], [""World_War_II_boats"", ""became_visible"", ""due_to_low_water_level""]]","[[""Danube_river"", ""passes_through"", ""Balkans""], [""Danube_river"", ""contains"", ""World_War_II_boats""], [""World_War_II_boats"", ""became_visible"", ""due_to_low_water_level""]]",1.0,1.0,1.0,1.0,1.0,1.0,1.0,1.0,1.0,1.0,1.0,1.0,1.0,1.0,1.0,1.0,1.0,0.9999999876391819
192,"Humphries , and his father William , were on the IU campus Wednesday afternoon and Thursday morning .","Humphries , and his father , William , arrived at IU in the early afternoon and spent the day with IU coach Mike Davis .","[[""Humphries"", ""was_with"", ""William""], [""Humphries"", ""was_on"", ""IU_campus""], [""William"", ""was_on"", ""IU_campus""], [""IU_campus"", ""location"", ""Wednesday_afternoon""], [""IU_campus"", ""location"", ""Thursday_morning""]]","[[""Humphries"", ""was_with"", ""William""], [""Humphries"", ""arrived_at"", ""IU""], [""William"", ""arrived_at"", ""IU""], [""Humphries"", ""spent_day_with"", ""Mike_Davis""], [""William"", ""spent_day_with"", ""Mike_Davis""], [""Mike_Davis"", ""is"", ""IU_coach""]]",0.21516574145596762,0.0,0.45932820439338684,0.06666666666666667,0.21516574145596762,0.826305801622262,0.7651917956056326,0.7040777895890031,0.6429637835723736,0.5818497775557442,0.5207357715391148,0.45962176552248535,0.39850775950585593,0.33739375348922646,0.27627974747259704,0.21516574145596762,0.755139827870825,0.814608439190007
193,"Mitchell , Man of La Mancha , Malcolm Gets from Amour and John Selya , Movin ' Out , complete the field .","Brian Stokes Mitchell , who stars in a revival of Man of La Mancha , Malcolm Gets from Amour and John Selya of Movin Out fill out the category .","[[""Mitchell"", ""stars_in"", ""Man_of_La_Mancha""], [""Malcolm_Gets"", ""from"", ""Amour""], [""John_Selya"", ""from"", ""Movin_Out""]]","[[""Brian_Stokes_Mitchell"", ""stars_in"", ""Man_of_La_Mancha""], [""Malcolm_Gets"", ""from"", ""Amour""], [""John_Selya"", ""from"", ""Movin_Out""]]",0.8333333333333334,0.9336386322975159,0.9320614337921143,0.8333333333333334,0.8333333333333334,0.98089124714956,0.9661354557679374,0.9513796643863148,0.936623873004692,0.9218680816230693,0.9071122902414467,0.892356498859824,0.8776007074782014,0.8628449160965788,0.848089124714956,0.8333333333333334,0.9675223694888133,0.9714800938426564
194,""" It 's a major victory for Maine , and it 's a major victory for other states .",The Maine program could be a model for other states .,"[[""Maine"", ""had_major_victory"", ""Maine""], [""Maine"", ""had_major_victory"", ""other_states""]]","[[""Maine_program"", ""could_be_model"", ""other_states""]]",0.5833333333333334,0.1360337734222412,0.5303678512573242,0.5,0.5833333333333334,0.6100199572835489,0.6073512948885273,0.6046826324935057,0.6020139700984842,0.5993453077034626,0.5966766453084411,0.5940079829134196,0.591339320518398,0.5886706581233765,0.5860019957283549,0.5833333333333334,0.6125639291219085,0.4829911414136389
195,The judge 's decision ended an 18-month process that included a frenzy of last-minute negotiations between bidders and creditors during a standing-room only purchasing hearing in U.S. Bankruptcy Court .,Jones ' decision Friday ended an 18-month process that included a frenzy of last-minute negotiations between bidders and creditors .,"[[""judge"", ""ended"", ""18-month_process""], [""18-month_process"", ""included"", ""last-minute_negotiations""], [""last-minute_negotiations"", ""between"", ""bidders""], [""last-minute_negotiations"", ""between"", ""creditors""], [""last-minute_negotiations"", ""during"", ""purchasing_hearing""], [""purchasing_hearing"", ""in"", ""U.S._Bankruptcy_Court""]]","[[""Jones"", ""ended"", ""18-month_process""], [""18-month_process"", ""included"", ""last-minute_negotiations""], [""last-minute_negotiations"", ""between"", ""bidders""], [""last-minute_negotiations"", ""between"", ""creditors""]]",0.4225771273642583,0.6383668184280396,0.8427323698997498,0.4225771273642583,0.4225771273642583,0.9209034134407373,0.8710707848330895,0.8212381562254415,0.7714055276177936,0.7215728990101458,0.6717402704024978,0.6219076417948499,0.5720750131872021,0.5222423845795541,0.4724097559719062,0.4225771273642583,0.8551149377514656,0.7716363963748663
196,"Nine years ago , they were married by a justice of the peace .","His wife , married to Moore by a justice of the peace , started planning her dream wedding .","[[""they"", ""were_married_by"", ""justice_of_the_peace""]]","[[""His_wife"", ""married_to"", ""Moore""], [""His_wife"", ""were_married_by"", ""justice_of_the_peace""], [""His_wife"", ""started_planning"", ""her_dream_wedding""]]",0.5,0.17110809683799744,0.5197880268096924,0.3535533905932738,0.5,0.9100263294848253,0.8690236965363428,0.8280210635878603,0.7870184306393777,0.7460157976908952,0.7050131647424127,0.6640105317939302,0.6230078988454476,0.582005265896965,0.5410026329484825,0.5,0.8438452348127043,0.7842859597411715
197,"Regardless , its first quarter saw a profit of $ 721 million , or 29 cents , on revenue of $ 17.9 billion .","Analysts expected earnings of 27 cents a share on revenue of $ 17.7 billion , Thomson First Call says .","[[""first_quarter"", ""saw_profit"", ""721_million""], [""first_quarter"", ""saw_profit_per_share"", ""29_cents""], [""first_quarter"", ""had_revenue"", ""17.9_billion""]]","[[""analysts"", ""expected_earnings_per_share"", ""27_cents""], [""analysts"", ""expected_revenue"", ""17.7_billion""], [""Thomson_First_Call"", ""says"", ""analysts_expected_earnings""]]",0.4472135954999579,0.0,0.0,0.0,0.4472135954999579,0.6358926213027775,0.6170247187224955,0.5981568161422136,0.5792889135619316,0.5604210109816496,0.5415531084013677,0.5226852058210858,0.5038173032408038,0.48494940066052183,0.46608149808023985,0.4472135954999579,0.5972424697282555,0.4421705654752198
198,The Boston Archdiocese has faced waves of scandal that have not only angered victims ' advocates but parishioners and some priests .,"The waves of scandal angered not only victims ' advocates but parishioners and some priests , to the point that Law could no longer run the archdiocese .","[[""Boston_Archdiocese"", ""faced"", ""scandal""], [""scandal"", ""angered"", ""victims_advocates""], [""scandal"", ""angered"", ""parishioners""], [""scandal"", ""angered"", ""priests""]]","[[""scandal"", ""angered"", ""victims_advocates""], [""scandal"", ""angered"", ""parishioners""], [""scandal"", ""angered"", ""priests""], [""Law"", ""could_no_longer_run"", ""archdiocese""]]",0.8944271909999159,0.3522365093231201,0.7499123811721802,0.7302967433402215,0.8944271909999159,0.9779426724406913,0.9695911242966138,0.9612395761525363,0.9528880280084586,0.9445364798643812,0.9361849317203036,0.927833383576226,0.9194818354321485,0.9111302872880709,0.9027787391439934,0.8944271909999159,0.9524678404218461,0.6844956663149661
199,"Whoever is selected will report directly to Robert Liscouski , the assistant secretary of homeland security for infrastructure protection .","The NCSD has about 60 employees , Robert Liscouski , the assistant secretary of homeland security for infrastructure protection , said at a briefing today .","[[""Selected_Person"", ""reports_to"", ""Robert_Liscouski""], [""Robert_Liscouski"", ""is"", ""assistant_secretary_of_homeland_security_for_infrastructure_protection""]]","[[""NCSD"", ""has_employees"", ""60_employees""], [""Robert_Liscouski"", ""is"", ""assistant_secretary_of_homeland_security_for_infrastructure_protection""], [""Robert_Liscouski"", ""gave_briefing"", ""today""]]",0.3888888888888889,0.023907775059342384,0.41538292169570923,0.30123203803835463,0.3888888888888889,0.8852638895588626,0.8356263894918652,0.7859888894248679,0.7363513893578705,0.6867138892908731,0.6370763892238758,0.5874388891568785,0.537801389089881,0.4881638890228836,0.43852638895588625,0.3888888888888889,0.7753817685288635,0.8175816544495291
200,He 'll present his proposals to the state Legislature in January .,The governor will present his budget proposals to the General Assembly in January .,"[[""He"", ""will_present"", ""proposals""], [""He"", ""will_present_to"", ""state_Legislature""], [""proposals"", ""will_be_presented_in"", ""January""]]","[[""The_governor"", ""will_present"", ""budget_proposals""], [""The_governor"", ""will_present_to"", ""General_Assembly""], [""budget_proposals"", ""will_be_presented_in"", ""January""]]",0.5,0.0,0.29086390137672424,0.25,0.5,0.791284079395852,0.7621556714562668,0.7330272635166816,0.7038988555770964,0.6747704476375112,0.645642039697926,0.6165136317583408,0.5873852238187556,0.5582568158791704,0.5291284079395852,0.5,0.7597717419345242,0.6735170768112704
201,He also could be barred permanently from the securities industry .,"Young faces a fine , suspension or being permanently barred from the securities industry .","[[""He"", ""could_be_barred_from"", ""securities_industry""], [""barred"", ""duration"", ""permanently""]]","[[""Young"", ""faces"", ""fine""], [""Young"", ""faces"", ""suspension""], [""Young"", ""faces"", ""being_barred_from_securities_industry""], [""barred"", ""duration"", ""permanently""], [""Young"", ""could_be_barred_from"", ""securities_industry""]]",0.75,0.21159155666828156,0.4640445113182068,0.5669467095138409,0.75,0.9296718325009685,0.9117046492508718,0.8937374660007749,0.8757702827506779,0.8578030995005811,0.8398359162504843,0.8218687330003873,0.8039015497502905,0.7859343665001938,0.7679671832500968,0.75,0.9002645763039638,0.8920693463880892
202,The veteran Malyasian diplomat met Suu Kyi Wednesday at the lakeside home in Yangon where she is under house arrest .,"Razali Ismail met for 90 minutes with Suu Kyi , a 1991 winner of the Nobel Peace Prize , at her lakeside home , where she is under house arrest .","[[""Malyasian_diplomat"", ""met"", ""Suu_Kyi""], [""Suu_Kyi"", ""under_house_arrest_at"", ""lakeside_home""], [""lakeside_home"", ""location"", ""Yangon""]]","[[""Razali_Ismail"", ""met"", ""Suu_Kyi""], [""Suu_Kyi"", ""winner_of"", ""Nobel_Peace_Prize""], [""Suu_Kyi"", ""under_house_arrest_at"", ""lakeside_home""], [""lakeside_home"", ""location"", ""Yangon""], [""Razali_Ismail"", ""met_with_Suu_Kyi_for"", ""90_minutes""]]",0.75,0.21677331626415253,0.7643344402313232,0.4422689813358516,0.75,0.9539777293556866,0.9335799564201179,0.9131821834845494,0.8927844105489805,0.872386637613412,0.8519888646778433,0.8315910917422746,0.811193318806706,0.7907955458711373,0.7703977729355687,0.75,0.9154124217189695,0.7643571148980747
203,"I 've still got a fighting chance , though , "" Hewitt said after battling to overcome Davydenko 6-3 4-6 6-3 7-6 ( 7-5 ) on centre court .",""" I 'm still not red-hot favourite , "" Hewitt said after battling to down Davydenko 6-3 4-6 6-3 7-6 ( 7-5 ) on centre court .","[[""Hewitt"", ""said"", ""quote""], [""Hewitt"", ""battled"", ""Davydenko""], [""Hewitt"", ""won_against"", ""Davydenko""], [""Davydenko"", ""lost_to"", ""Hewitt""], [""match"", ""location"", ""centre_court""], [""match"", ""score"", ""6-3_4-6_6-3_7-6""]]","[[""Hewitt"", ""said"", ""quote""], [""Hewitt"", ""battled"", ""Davydenko""], [""Hewitt"", ""won_against"", ""Davydenko""], [""Davydenko"", ""lost_to"", ""Hewitt""], [""match"", ""location"", ""centre_court""], [""match"", ""score"", ""6-3_4-6_6-3_7-6""]]",1.0,0.9999998807907104,1.0,1.0,1.0,0.9999999151540775,0.9999999236386697,0.999999932123262,0.9999999406078541,0.9999999490924465,0.9999999575770387,0.999999966061631,0.9999999745462232,0.9999999830308155,0.9999999915154077,1.0,1.0,0.9999999878533186
204,"The crates are full of hardback copies of "" Harry Potter and the Order of the Phoenix . ""","On June 4 , Amazon said it had received orders for over 1 million copies of "" Harry Potter and the Order of the Phoenix . ""","[[""crates"", ""contain"", ""Harry_Potter_and_the_Order_of_the_Phoenix""], [""Harry_Potter_and_the_Order_of_the_Phoenix"", ""edition"", ""hardback""]]","[[""Amazon"", ""received_orders_for"", ""Harry_Potter_and_the_Order_of_the_Phoenix""], [""Harry_Potter_and_the_Order_of_the_Phoenix"", ""number_of_orders"", ""over_1_million""]]",0.06804138174397717,0.15414227545261383,0.30242472887039185,0.05555555555555555,0.06804138174397717,0.7015369148344748,0.6381873615254251,0.5748378082163753,0.5114882549073255,0.44813870159827573,0.38478914828922595,0.3214395949801762,0.2580900416711265,0.19474048836207666,0.13139093505302693,0.06804138174397717,0.5578544471926437,0.6051931755313548
205,""" Qualcomm has enjoyed many years of selling ... against little or no competition , "" Hubach said in the statement .",""" Qualcomm has enjoyed many years of selling CDMA chips against little or no competition , "" said TI General Counsel Joseph Hubach .","[[""Qualcomm"", ""enjoyed_selling_against"", ""little_or_no_competition""], [""Hubach"", ""said"", ""statement""]]","[[""Qualcomm"", ""enjoyed_selling"", ""CDMA_chips""], [""Qualcomm"", ""faced"", ""little_or_no_competition""], [""Joseph_Hubach"", ""is"", ""TI_General_Counsel""], [""Joseph_Hubach"", ""said"", ""statement""]]",1.0,0.5115708112716675,0.7445700168609619,0.4422689813358516,1.0,0.8714416623417741,0.8842974961075967,0.8971533298734193,0.9100091636392418,0.9228649974050644,0.9357208311708871,0.9485766649367097,0.9614324987025322,0.9742883324683549,0.9871441662341774,1.0,0.8545420576354874,0.7675672421608739
206,Law enforcement sources who spoke on condition of anonymity confirmed to The Associated Press that Limbaugh was being investigated by the Palm Beach County state attorney 's office .,"Law enforcement officials confirmed that Limbaugh was being investigated by the Palm Beach County , Fla . , state attorney 's office .","[[""Law_enforcement_sources"", ""confirmed_to"", ""The_Associated_Press""], [""Limbaugh"", ""being_investigated_by"", ""Palm_Beach_County_state_attorney_office""]]","[[""Law_enforcement_officials"", ""confirmed"", ""investigation_of_Limbaugh""], [""Limbaugh"", ""being_investigated_by"", ""Palm_Beach_County_state_attorney_office""]]",0.6254627916220946,0.3768157362937927,0.3543452024459839,0.5,0.5416666666666666,0.8546353700307938,0.8233384996943811,0.7920416293579684,0.7607447590215556,0.729447888685143,0.6981510183487303,0.6668541480123176,0.6355572776759048,0.604260407339492,0.5729635370030793,0.5416666666666666,0.8351511719940955,0.8427671033102138
207,A Stage One alert is declared when ozone readings exceed 0.20 parts per million during a one-hour period .,A Stage 1 episode is declared when ozone levels reach 0.20 parts per million .,"[[""Stage_One_alert"", ""is_declared_when"", ""ozone_readings_exceed_0.20_ppm""], [""ozone_readings"", ""exceed"", ""0.20_ppm""], [""ozone_readings"", ""measured_in"", ""one-hour_period""]]","[[""Stage_1_episode"", ""is_declared_when"", ""ozone_levels_reach_0.20_ppm""], [""ozone_levels"", ""reach"", ""0.20_ppm""]]",0.4330127018922193,0.0,0.28300201892852783,0.22360679774997896,0.7080881928749334,0.8983781873721408,0.8793491879224201,0.8603201884726993,0.8412911890229786,0.8222621895732578,0.8032331901235371,0.7842041906738164,0.7651751912240956,0.7461461917743749,0.7271171923246542,0.7080881928749334,0.8063284518901306,0.82165980715637
208,"First , it 's found in most versions of Windows , including the new Windows Server 2003 .","It is the first "" critical "" flaw discovered and fixed in the new Windows Server 2003 .","[[""Windows"", ""includes"", ""Windows_Server_2003""]]","[[""Windows_Server_2003"", ""has"", ""critical_flaw""]]",0.08333333333333333,0.19236162304878235,0.41348981857299805,0.08333333333333333,0.08333333333333333,0.6043399775417923,0.5522393131209463,0.5001386487001005,0.44803798427925456,0.3959373198584087,0.3438366554375628,0.29173599101671693,0.23963532659587103,0.18753466217502507,0.1354339977541792,0.08333333333333333,0.5736879542855678,0.532957383095798
209,""" We must not engage in borough warfare , "" Thompson testified at a budget hearing by the City Council 's Finance Committee .",""" We must not engage in borough warfare , "" the Comptroller William Thompson told the Council , according to his written testimony .","[[""Thompson"", ""testified_at"", ""City_Council_Finance_Committee""], [""City_Council_Finance_Committee"", ""held"", ""budget_hearing""]]","[[""Comptroller_William_Thompson"", ""told"", ""Council""], [""Comptroller_William_Thompson"", ""gave"", ""written_testimony""]]",0.0,0.0,0.06225237995386124,0.0,0.0,0.707582584007112,0.6368243256064009,0.5660660672056896,0.4953078088049784,0.42454955040426723,0.353791292003556,0.2830330336028448,0.21227477520213364,0.14151651680142238,0.07075825840071119,0.0,0.5837193733890872,0.5788388239954412
210,Metropolitan Ambulance spokesman James Howe said five people were taken to hospital and three were treated at the scene after yesterday 's incident .,"Spokesman James Howe said five children aged between 4 and 17 were taken to hospital with neck and chest injuries , while three others were treated at the scene .","[[""James_Howe"", ""is"", ""Metropolitan_Ambulance_spokesman""], [""Metropolitan_Ambulance"", ""incident_happened"", ""yesterday""], [""incident"", ""resulted_in"", ""five_people_taken_to_hospital""], [""incident"", ""resulted_in"", ""three_people_treated_at_scene""], [""five_people"", ""taken_to"", ""hospital""]]","[[""James_Howe"", ""is"", ""spokesman""], [""five_children"", ""taken_to"", ""hospital""], [""five_children"", ""aged_between"", ""4_and_17""], [""five_children"", ""suffered"", ""neck_and_chest_injuries""], [""three_others"", ""treated_at"", ""scene""]]",0.3127313958110473,0.0,0.3909109830856323,0.13749298523071757,0.2948459875572344,0.798108540267864,0.7477822849968011,0.6974560297257382,0.6471297744546751,0.5968035191836122,0.5464772639125492,0.49615100864148626,0.44582475337042327,0.39549849809936033,0.34517224282829734,0.2948459875572344,0.7203204847171851,0.7345810987163737
211,"Indeed , prior defense filings said Moussaoui contended he was part of a post-Sept . 11 operation outside the United States .",Previous defense filings said Moussaoui was to be part of an operation outside the United States .,"[[""Moussaoui"", ""contended_he_was_part_of"", ""post-Sept_11_operation""], [""post-Sept_11_operation"", ""location"", ""outside_United_States""]]","[[""Moussaoui"", ""was_to_be_part_of"", ""operation""], [""operation"", ""location"", ""outside_United_States""]]",0.3888888888888889,0.8028480410575867,0.7970119714736938,0.3888888888888889,0.3888888888888889,0.7140253922952035,0.681511741954572,0.6489980916139406,0.616484441273309,0.5839707909326777,0.5514571405920462,0.5189434902514147,0.48642983991078326,0.4539161895701518,0.42140253922952037,0.3888888888888889,0.7917336062593194,0.8161539403950628
212,""" His advice to the House Republicans is to pass it , to send it to him , so he can sign it . ""","The president 's "" advice to the House Republicans is to pass it , to send it to him , so he can sign it , "" said White House spokesman Ari Fleischer .","[[""House_Republicans"", ""receive_advice_from"", ""He""], [""He"", ""will_sign"", ""it""], [""House_Republicans"", ""should_pass"", ""it""], [""House_Republicans"", ""should_send_to"", ""He""]]","[[""President"", ""gives_advice_to"", ""House_Republicans""], [""House_Republicans"", ""should_pass"", ""it""], [""House_Republicans"", ""should_send_to"", ""President""], [""President"", ""will_sign"", ""it""], [""Ari_Fleischer"", ""is"", ""White_House_spokesman""], [""Ari_Fleischer"", ""said"", ""advice""]]",0.3888888888888889,0.3340591788291931,0.5555931329727173,0.27498597046143514,0.3888888888888889,0.887534293448159,0.837669752992232,0.7878052125363051,0.737940672080378,0.6880761316244509,0.638211591168524,0.588347050712597,0.5384825102566699,0.4886179698007429,0.4387534293448159,0.3888888888888889,0.8684962742178419,0.8335724359406682
213,Cubs outfielder Sammy Sosa was suspended for eight games by major league baseball Friday for using a corked bat .,"Sammy Sosa was suspended for eight games by major league baseball Friday for using a corked bat , and he immediately appealed the decision .","[[""Sammy_Sosa"", ""was_suspended_by"", ""Major_League_Baseball""], [""Sammy_Sosa"", ""suspended_for"", ""eight_games""], [""Sammy_Sosa"", ""used"", ""corked_bat""]]","[[""Sammy_Sosa"", ""was_suspended_by"", ""Major_League_Baseball""], [""Sammy_Sosa"", ""suspended_for"", ""eight_games""], [""Sammy_Sosa"", ""used"", ""corked_bat""], [""Sammy_Sosa"", ""appealed"", ""suspension_decision""]]",1.0,0.7850667834281921,0.8716754913330078,0.7080881928749334,1.0,0.9999999988507351,0.9999999989656616,0.9999999990805881,0.9999999991955144,0.999999999310441,0.9999999994253675,0.9999999995402941,0.9999999996552205,0.999999999770147,0.9999999998850735,1.0,0.9999999965230624,0.9823734617507288
214,"The technology-laced Nasdaq Composite Index .IXIC lost 2 points , or 0.18 percent , to 1,649 .","The technology-laced Nasdaq Composite Index .IXIC was up a mere 0.04 of a point at 1,653 .","[[""Nasdaq_Composite_Index"", ""lost"", ""2_points""], [""Nasdaq_Composite_Index"", ""percentage_loss"", ""0.18_percent""], [""Nasdaq_Composite_Index"", ""closed_at"", ""1,649""]]","[[""Nasdaq_Composite_Index"", ""gained"", ""0.04_of_a_point""], [""Nasdaq_Composite_Index"", ""closed_at"", ""1,653""]]",0.3367876570272817,0.2703007459640503,0.43737003207206726,0.048112522432468816,0.3367876570272817,0.8849140861716689,0.8301014432572302,0.7752888003427915,0.7204761574283527,0.665663514513914,0.6108508715994753,0.5560382286850366,0.5012255857705978,0.4464129428561591,0.3916002999417204,0.3367876570272817,0.768244345860562,0.8296766346368345
215,"After 26 hours of surgery and a year of anticipation , the boys were separated Sunday at Children 's Medical Center of Dallas .","Two-year-old Egyptian twin boys , born with their heads conjoined , have been separated after 26 hours of surgery at the Children 's Medical Centre in Dallas .","[[""boys"", ""separated_at"", ""Children_Medical_Center_of_Dallas""], [""boys"", ""underwent_surgery_for"", ""26_hours""], [""surgery"", ""occurred_after"", ""year_of_anticipation""]]","[[""Egyptian_twin_boys"", ""born_with"", ""conjoined_heads""], [""Egyptian_twin_boys"", ""separated_after"", ""26_hours_of_surgery""], [""Egyptian_twin_boys"", ""separated_at"", ""Children_Medical_Centre_in_Dallas""], [""Egyptian_twin_boys"", ""age"", ""Two_years_old""]]",0.5163977794943223,0.0,0.0,0.0,0.5163977794943223,0.6556115037098175,0.6416901312882679,0.6277687588667185,0.6138473864451689,0.5999260140236194,0.5860046416020699,0.5720832691805203,0.5581618967589709,0.5442405243374213,0.5303191519158719,0.5163977794943223,0.6506885891738945,0.6026217337256894
216,The final will be at the new Home Depot Center in Carson on Oct. 12 .,"Williams recently toured the new soccer-specific Home Depot Center in Carson , Calif .","[[""Home_Depot_Center"", ""location"", ""Carson""], [""final"", ""will_be_at"", ""Home_Depot_Center""], [""final"", ""date"", ""Oct_12""]]","[[""Williams"", ""toured"", ""Home_Depot_Center""], [""Home_Depot_Center"", ""location"", ""Carson""], [""Home_Depot_Center"", ""type"", ""soccer_specific""]]",0.2916666666666667,0.2330922782421112,0.5803446769714355,0.2916666666666667,0.2916666666666667,0.7207473469828332,0.6778392789512165,0.6349312109195999,0.5920231428879832,0.5491150748563666,0.50620700682475,0.46329893879313333,0.42039087076151666,0.3774828027299,0.3345747346982833,0.2916666666666667,0.6067795987162696,0.6366945557255497
217,The Dow Jones industrial average advanced for the fourth week in a row .,"The Dow Jones industrial average .DJI rose 41.61 points , or 0.44 percent , to 9,415.82 .","[[""Dow_Jones_industrial_average"", ""advanced_for"", ""fourth_week""]]","[[""Dow_Jones_industrial_average"", ""rose"", ""41.61_points""], [""Dow_Jones_industrial_average"", ""increased_by_percentage"", ""0.44_percent""], [""Dow_Jones_industrial_average"", ""reached"", ""9,415.82""]]",0.08333333333333333,0.09205746650695801,0.3636094629764557,0.05892556509887897,0.08333333333333333,0.5863523332288011,0.5360504332392543,0.48574853324970757,0.43544663326016075,0.385144733270614,0.33484283328106723,0.28454093329152047,0.23423903330197368,0.18393713331242686,0.1336352333228801,0.08333333333333333,0.544040535459815,0.5114718651859993
218,"Shares of AstraZeneca AZN.N , Europe 's second biggest drugmaker , rose 3.71 percent to close at $ 43.05 on the New York Stock Exchange .","Shares of AstraZeneca , Europe ’ s second biggest drug company , rose 3 per cent on the New York Stock Exchange after the news .","[[""AstraZeneca"", ""listed_on"", ""New_York_Stock_Exchange""], [""AstraZeneca"", ""is"", ""Europe_second_biggest_drugmaker""], [""AstraZeneca"", ""share_price_closed_at"", ""43.05""]]","[[""AstraZeneca"", ""listed_on"", ""New_York_Stock_Exchange""], [""AstraZeneca"", ""is"", ""Europe_second_biggest_drug_company""], [""AstraZeneca"", ""share_price_rose"", ""3_percent""]]",0.5416666666666666,0.4359521269798279,0.5536096096038818,0.2916666666666667,0.5416666666666666,0.9496501896759754,0.9088518373750445,0.8680534850741137,0.8272551327731827,0.7864567804722519,0.745658428171321,0.7048600758703901,0.6640617235694593,0.6232633712685284,0.5824650189675975,0.5416666666666666,0.8676708144945429,0.9142607142886411
219,"Indonesia 's army has often been accused of human rights abuses during GAM 's battle for independence , charges it has generally denied while accusing the separatists of committing rights violations .","Indonesia 's army has been accused of human rights abuses during its earlier battles with GAM , charges it has generally denied .","[[""Indonesia_army"", ""accused_of"", ""human_rights_abuses""], [""Indonesia_army"", ""denied"", ""human_rights_abuses""], [""GAM"", ""fought_for"", ""independence""], [""GAM"", ""accused_of"", ""rights_violations""], [""Indonesia_army"", ""accused"", ""GAM""]]","[[""Indonesia_army"", ""accused_of"", ""human_rights_abuses""], [""Indonesia_army"", ""denied"", ""human_rights_abuses""], [""Indonesia_army"", ""fought_against"", ""GAM""]]",0.19245008972987526,0.5949586629867554,0.6461625695228577,0.3872983346207417,0.5455447255899809,0.8990860363823524,0.8637319053031152,0.8283777742238781,0.7930236431446409,0.7576695120654038,0.7223153809861667,0.6869612499069295,0.6516071188276924,0.6162529877484552,0.580898856669218,0.5455447255899809,0.8350537554164104,0.9185904202493589
220,Justice Anthony M. Kennedy also dissented from the dismissal .,"Justices Anthony Kennedy , Sandra Day O 'Connor and Stephen Breyer dissented .","[[""Justice_Anthony_M_Kennedy"", ""dissented_from"", ""dismissal""]]","[[""Justice_Anthony_Kennedy"", ""dissented"", ""decision""], [""Justice_Sandra_Day_O_Connor"", ""dissented"", ""decision""], [""Justice_Stephen_Breyer"", ""dissented"", ""decision""]]",0.08333333333333333,0.0,0.0,0.0,0.08333333333333333,0.8745084010595074,0.79539089428689,0.7162733875142727,0.6371558807416552,0.5580383739690378,0.4789208671964204,0.399803360423803,0.3206858536511856,0.2415683468785681,0.16245084010595073,0.08333333333333333,0.8152999889031387,0.7945158541335302
221,"Coupling , an American version of a hit British comedy , will get the valuable Thursday 9 : 30 p.m. time slot .","Coupling , an American version of a hit British comedy , will couple with Friends on Thursdays .","[[""Coupling"", ""is"", ""American_version""], [""Coupling"", ""is_version_of"", ""hit_British_comedy""], [""Coupling"", ""will_air_at"", ""Thursday_9_30_p.m.""]]","[[""Coupling"", ""is"", ""American_version""], [""Coupling"", ""is_version_of"", ""hit_British_comedy""], [""Coupling"", ""will_air_with"", ""Friends""], [""Coupling"", ""will_air_on"", ""Thursdays""]]",1.0,0.28124311566352844,0.6836307048797607,0.4844813951249544,1.0,0.9880106865672967,0.989209617910567,0.9904085492538375,0.9916074805971076,0.992806411940378,0.9940053432836484,0.9952042746269187,0.996403205970189,0.9976021373134594,0.9988010686567297,1.0,0.9553207444400071,0.9546318405260321
222,"Turner , who held about 105 million shares before the sale , also transferred 10 million AOL shares to a charitable trust .",Mr. Turner transferred about 10 million shares to a charitable trust before they were sold .,"[[""Turner"", ""held"", ""105_million_shares""], [""Turner"", ""transferred"", ""10_million_AOL_shares""], [""10_million_AOL_shares"", ""transferred_to"", ""charitable_trust""]]","[[""Mr._Turner"", ""transferred"", ""10_million_shares""], [""10_million_shares"", ""transferred_to"", ""charitable_trust""]]",1.0,0.0,0.21243658661842346,0.28867513459481287,0.647150228929434,0.788628552074774,0.77448071976024,0.760332887445706,0.746185055131172,0.732037222816638,0.717889390502104,0.70374155818757,0.689593725873036,0.6754458935585019,0.661298061243968,0.647150228929434,0.8066266641822173,0.8589852340390303
223,"FBI agents arrested a former partner of Big Four accounting firm Ernst & Young ERNY.UL on criminal charges of obstructing federal investigations , U.S. officials said on Thursday .",A former partner of accountancy firm Ernst & Young was yesterday arrested by FBI agents in the US on charges of obstructing federal investigations .,"[[""FBI_agents"", ""arrested"", ""former_Ernst_&_Young_partner""], [""former_Ernst_&_Young_partner"", ""charged_with"", ""obstructing_federal_investigations""], [""FBI_agents"", ""part_of"", ""US""], [""Ernst_&_Young"", ""type"", ""Big_Four_accounting_firm""]]","[[""FBI_agents"", ""arrested"", ""former_Ernst_&_Young_partner""], [""former_Ernst_&_Young_partner"", ""charged_with"", ""obstructing_federal_investigations""], [""FBI_agents"", ""located_in"", ""US""], [""Ernst_&_Young"", ""type"", ""accountancy_firm""]]",1.0,0.9366773962974548,0.9118003845214844,0.6944444444444444,1.0,0.9602457153079105,0.9642211437771194,0.9681965722463284,0.9721720007155372,0.9761474291847463,0.9801228576539552,0.9840982861231642,0.9880737145923731,0.9920491430615821,0.996024571530791,1.0,0.909869351003926,0.9749923281194068
224,Republican officials said the advertising buy was proof that Democrats are panicking that they were losing their stature on Medicare .,Republican officials said the advertisements were proof that Democrats were panicking about losing their stature on Medicare .,"[[""Republican_officials"", ""said"", ""advertising_buy_is_proof""], [""advertising_buy"", ""is_proof_of"", ""Democrats_panicking""], [""Democrats"", ""are_panicking_about"", ""losing_stature_on_Medicare""], [""Democrats"", ""losing_stature_on"", ""Medicare""]]","[[""Republican_officials"", ""said"", ""advertisements_are_proof""], [""advertisements"", ""are_proof_of"", ""Democrats_panicking""], [""Democrats"", ""are_panicking_about"", ""losing_stature_on_Medicare""], [""Democrats"", ""losing_stature_on"", ""Medicare""]]",0.5590169943749475,0.6747196912765503,0.8007104396820068,0.5952380952380952,0.8571428571428571,0.9638920985186454,0.9532171743810667,0.9425422502434879,0.9318673261059088,0.9211924019683301,0.9105174778307512,0.8998425536931725,0.8891676295555937,0.8784927054180147,0.8678177812804359,0.8571428571428571,0.9478405054386136,0.9712758484808294
225,"As of Wednesday , there were 65 probable SARS cases in the Toronto region .","As of Monday , there were 66 probable cases in and around Toronto , a city of 4 million people .","[[""Toronto_region"", ""has"", ""65_probable_SARS_cases""]]","[[""Toronto"", ""has"", ""66_probable_cases""], [""Toronto"", ""population"", ""4_million_people""]]",0.08333333333333333,0.0,0.0,0.0,0.08333333333333333,0.6761926831017065,0.6169067481248692,0.557620813148032,0.4983348781711946,0.4390489431943572,0.37976300821751996,0.32047707324068264,0.2611911382638453,0.20190520328700795,0.14261926831017063,0.08333333333333333,0.7489985602423935,0.6323642515474279
226,"The cards are issued by Mexico 's consulates to its citizens living abroad and show the date of birth , a current photograph and the address of the card holder .","The card is issued by Mexico 's consulates to its citizens living abroad and shows the date of birth , a current photograph and the address of the cardholder .","[[""Mexico"", ""issues"", ""cards""], [""cards"", ""show"", ""date_of_birth""], [""cards"", ""show"", ""current_photograph""], [""cards"", ""show"", ""address""], [""cards"", ""issued_to"", ""Mexico_citizens""], [""Mexico_citizens"", ""live"", ""abroad""], [""cards"", ""issued_by"", ""Mexico_consulates""]]","[[""Mexico"", ""issues"", ""card""], [""card"", ""shows"", ""date_of_birth""], [""card"", ""shows"", ""current_photograph""], [""card"", ""shows"", ""address""], [""card"", ""issued_to"", ""Mexico_citizens""], [""Mexico_citizens"", ""live"", ""abroad""], [""card"", ""issued_by"", ""Mexico_consulates""]]",1.0,0.9324116706848145,0.9473534822463989,0.7708333333333334,1.0,0.9682817133170013,0.9714535419853012,0.974625370653601,0.9777971993219008,0.9809690279902008,0.9841408566585006,0.9873126853268005,0.9904845139951004,0.9936563426634002,0.9968281713317001,1.0,0.9765497942359203,0.9815833588566665
227,""" But the First Amendment does not shield fraud , "" Justice Ruth Bader Ginsburg wrote for the court .",""" The First Amendment does not shield fraud , "" Justice Ruth Bader Ginsburg wrote for the court in Madigan v. Telemarketing Associates , No. 01-1806 .","[[""First_Amendment"", ""does_not_shield"", ""fraud""], [""Justice_Ruth_Bader_Ginsburg"", ""wrote_for"", ""court""]]","[[""First_Amendment"", ""does_not_shield"", ""fraud""], [""Justice_Ruth_Bader_Ginsburg"", ""wrote_for"", ""court""], [""Justice_Ruth_Bader_Ginsburg"", ""wrote_in"", ""Madigan_v_Telemarketing_Associates""], [""Madigan_v_Telemarketing_Associates"", ""has_case_number"", ""01-1806""]]",1.0,0.7515146732330322,0.8565171957015991,0.6463931265677831,1.0,0.999999935500119,0.9999999419501071,0.9999999484000952,0.9999999548500833,0.9999999613000714,0.9999999677500595,0.9999999742000476,0.9999999806500357,0.9999999871000238,0.9999999935500119,1.0,0.9999999955296517,0.8475164360903782
228,Previously he had seen the grinning mechanic from east Java only on television .,"Mr Hughes had seen Amrozi 's face on television , the infamous images of the grinning mechanic from east Java .","[[""he"", ""had_seen"", ""grinning_mechanic""], [""grinning_mechanic"", ""from"", ""east_Java""], [""he"", ""seen_on"", ""television""]]","[[""Mr_Hughes"", ""had_seen"", ""Amrozi""], [""Amrozi"", ""is"", ""grinning_mechanic""], [""grinning_mechanic"", ""from"", ""east_Java""], [""Mr_Hughes"", ""seen_on"", ""television""]]",0.6708203932499369,0.4112764894962311,0.8400534391403198,0.6708203932499369,0.6708203932499369,0.850708200192003,0.8327194194977964,0.8147306388035898,0.7967418581093831,0.7787530774151765,0.76076429672097,0.7427755160267633,0.7247867353325568,0.7067979546383502,0.6888091739441435,0.6708203932499369,0.7874641526892103,0.7816455661685979
229,"Among Fox viewers , 41 percent describe themselves as Republicans , 24 percent as Democrats and 30 percent as Independents .","Among CNN viewers , 29 percent said they were Republicans and 36 percent called themselves conservatives .","[[""Fox_viewers"", ""describe_themselves_as"", ""Republicans""], [""Fox_viewers"", ""describe_themselves_as"", ""Democrats""], [""Fox_viewers"", ""describe_themselves_as"", ""Independents""]]","[[""CNN_viewers"", ""describe_themselves_as"", ""Republicans""], [""CNN_viewers"", ""describe_themselves_as"", ""conservatives""]]",0.41247895569215276,0.0,0.38501349091529846,0.28867513459481287,0.510688230856951,0.8610925421202124,0.8260521109938863,0.7910116798675602,0.755971248741234,0.7209308176149078,0.6858903864885817,0.6508499553622555,0.6158095242359294,0.5807690931096032,0.5457286619832772,0.510688230856951,0.8413024838661649,0.8387956529647985
230,"The two filed a lawsuit in 1998 , alleging IBM 's staff doctors never warned them that their symptoms could reflect chemical poisoning .",The two filed a suit in 1998 and allege they were never warned by IBM 's staff doctors that their symptoms could reflect chemical poisoning .,"[[""The_two"", ""filed_lawsuit_in"", ""1998""], [""IBM"", ""has"", ""staff_doctors""], [""staff_doctors"", ""never_warned"", ""The_two""], [""The_two"", ""experienced"", ""symptoms""], [""symptoms"", ""could_reflect"", ""chemical_poisoning""]]","[[""The_two"", ""filed_suit_in"", ""1998""], [""IBM"", ""has"", ""staff_doctors""], [""staff_doctors"", ""never_warned"", ""The_two""], [""The_two"", ""experienced"", ""symptoms""], [""symptoms"", ""could_reflect"", ""chemical_poisoning""]]",1.0,1.0,1.0,1.0,1.0,0.9970088727301146,0.9973079854571032,0.9976070981840917,0.9979062109110801,0.9982053236380688,0.9985044363650573,0.9988035490920458,0.9991026618190344,0.9994017745460229,0.9997008872730114,1.0,0.9948974831088384,0.9941276275870421
231,"Dr. William Winkenwerder , assistant secretary of Defense for health affairs , said the vaccine poses little danger .",""" We stand behind this program , "" said Dr. William Winkenwerder , assistant secretary of defense for health affairs .","[[""Dr._William_Winkenwerder"", ""said"", ""vaccine_poses_little_danger""], [""Dr._William_Winkenwerder"", ""is"", ""assistant_secretary_of_Defense_for_health_affairs""], [""vaccine"", ""poses"", ""little_danger""]]","[[""Dr._William_Winkenwerder"", ""said"", ""stand_behind_program""], [""Dr._William_Winkenwerder"", ""is"", ""assistant_secretary_of_defense_for_health_affairs""]]",0.41247895569215276,0.6367754340171814,0.5969379544258118,0.30123203803835463,0.3689323936863109,0.7011089782721454,0.667891319813562,0.6346736613549785,0.601456002896395,0.5682383444378116,0.5350206859792281,0.5018030275206447,0.4685853690620613,0.4353677106034778,0.40215005214489435,0.3689323936863109,0.7377015360855809,0.6753234368965316
232,"On Jan. 10 , 20-year-old Shawanda Denise McCalister , who also was pregnant , was found bound and strangled in her apartment in the same neighborhood .","On Jan. 1 , Nikia Shanell Kilpatrick , who was pregnant , was found bound and strangled in her apartment .","[[""Shawanda_Denise_McCalister"", ""found_in"", ""apartment""], [""Shawanda_Denise_McCalister"", ""was"", ""20-year-old""], [""Shawanda_Denise_McCalister"", ""was"", ""pregnant""], [""Shawanda_Denise_McCalister"", ""died_from"", ""strangulation""], [""Shawanda_Denise_McCalister"", ""found_on"", ""Jan_10""]]","[[""Nikia_Shanell_Kilpatrick"", ""found_in"", ""apartment""], [""Nikia_Shanell_Kilpatrick"", ""was"", ""pregnant""], [""Nikia_Shanell_Kilpatrick"", ""died_from"", ""strangulation""], [""Nikia_Shanell_Kilpatrick"", ""found_on"", ""Jan_1""]]",0.7302967433402215,0.2755759060382843,0.718555748462677,0.5477225575051662,0.7302967433402215,0.5543824299558141,0.5719738612942549,0.5895652926326956,0.6071567239711363,0.6247481553095771,0.6423395866480178,0.6599310179864586,0.6775224493248994,0.6951138806633401,0.7127053120017808,0.7302967433402215,0.7553224973916174,0.7315951364913771
233,"HCA Inc . , the largest U.S. hospital chain , dropped $ 2.21 , or 5.8 percent , to $ 36.14 .","HCA Inc . ( nyse : HCA - news - people ) , the largest U.S. hospital chain , dropped $ 1.21 , or 3.2 percent , to $ 37.14 .","[[""HCA_Inc"", ""is"", ""largest_U_S_hospital_chain""], [""HCA_Inc"", ""dropped"", ""2_21""], [""HCA_Inc"", ""percentage_dropped"", ""5_8_percent""], [""HCA_Inc"", ""final_price"", ""36_14""]]","[[""HCA_Inc"", ""is"", ""largest_U_S_hospital_chain""], [""HCA_Inc"", ""dropped"", ""1_21""], [""HCA_Inc"", ""percentage_dropped"", ""3_2_percent""], [""HCA_Inc"", ""final_price"", ""37_14""]]",0.43333333333333335,0.766049325466156,0.7285230755805969,0.23333333333333334,1.0,0.9924741391342976,0.9932267252208679,0.9939793113074382,0.9947318973940082,0.9954844834805786,0.9962370695671487,0.996989655653719,0.9977422417402892,0.9984948278268595,0.9992474139134297,1.0,0.954719235579967,0.9779481630436035
234,"The men were immediately flown to nearby Botswana on a chartered Air Malawi flight , Malawi intelligence officials said on condition of anonymity .","The men were flown to nearby Botswana on an Air Malawi flight , the officials said .","[[""men"", ""flown_to"", ""Botswana""], [""men"", ""flown_on"", ""Air_Malawi""], [""Air_Malawi"", ""chartered_by"", ""Malawi_intelligence_officials""]]","[[""men"", ""flown_to"", ""Botswana""], [""men"", ""flown_on"", ""Air_Malawi""]]",0.4330127018922193,0.7569929361343384,0.8601404428482056,0.4330127018922193,0.4330127018922193,0.9508481883280581,0.8990646396844741,0.8472810910408903,0.7954975423973064,0.7437139937537225,0.6919304451101387,0.6401468964665549,0.588363347822971,0.536579799179387,0.48479625053580316,0.4330127018922193,0.9188724895129463,0.9666179698696853
235,"The key vote Thursday came on the dividend tax provision offered by Sen. Don Nickles , R-Oklahoma .",The key vote Thursday was on a provision that temporarily eliminates the dividend tax .,"[[""Sen_Don_Nickles"", ""offered"", ""dividend_tax_provision""], [""dividend_tax_provision"", ""location"", ""Oklahoma""], [""Sen_Don_Nickles"", ""from"", ""Oklahoma""]]","[[""provision"", ""temporarily_eliminated"", ""dividend_tax""]]",0.06804138174397717,0.0,0.0,0.0,0.06804138174397717,0.5178101243417209,0.47283325008194654,0.4278563758221722,0.38287950156239775,0.33790262730262344,0.29292575304284907,0.24794887878307467,0.20297200452330033,0.1579951302635259,0.11301825600375154,0.06804138174397717,0.45876972516529557,0.5187850720921428
236,"The book , called "" Lies and the Lying Liars Who Tell Them : A Fair and Balanced Look at the Right , "" hits stores this weekend .","Fox was seeking an injunction to halt distribution of "" Lies and the Lying Liars Who Tell Them : A Fair and Balanced Look at the Right . ""","[[""Lies_and_the_Lying_Liars_Who_Tell_Them"", ""hits_stores_in"", ""this_weekend""]]","[[""Fox"", ""sought_injunction_against"", ""Lies_and_the_Lying_Liars_Who_Tell_Them""], [""Lies_and_the_Lying_Liars_Who_Tell_Them"", ""had_distribution_halted_by"", ""Fox""]]",0.08333333333333333,0.3123326301574707,0.47966161370277405,0.08333333333333333,0.08333333333333333,0.4974014050980726,0.45599459792159874,0.4145877907451248,0.3731809835686508,0.3317741763921769,0.290367369215703,0.24896056203922906,0.20755375486275512,0.1661469476862812,0.12474014050980725,0.08333333333333333,0.48780503909128825,0.49733265535780397
237,Analysts have estimated that Vivendi Uni could fetch $ 12 billion- $ 14 billion for VUE .,Analysts have estimated that the two networks could fetch as much as $ 7 billion .,"[[""Vivendi_Uni"", ""could_fetch"", ""$12_billion-$14_billion""], [""Vivendi_Uni"", ""seller_of"", ""VUE""]]","[[""Analysts"", ""estimated"", ""two_networks""], [""two_networks"", ""could_fetch"", ""$7_billion""]]",0.408248290463863,0.0,0.0,0.0,0.408248290463863,0.3167600028767109,0.3259088316354261,0.3350576603941413,0.3442064891528565,0.35335531791157176,0.36250414667028696,0.37165297542900216,0.38080180418771736,0.3899506329464326,0.3990994617051478,0.408248290463863,0.4362639658633185,0.3961885401986116
238,This Palm OS smart phone is the last product the company will release before it becomes a part of palmOne .,This was almost certainly its last full quarter before the company becomes a part of Palm .,"[[""Palm_OS_smart_phone"", ""is_product_of"", ""company""], [""company"", ""will_become_part_of"", ""palmOne""]]","[[""company"", ""will_become_part_of"", ""Palm""]]",0.816496580927726,0.4901014566421509,0.5862347483634949,0.06804138174397717,0.816496580927726,0.8733768971444535,0.8676888655227808,0.862000833901108,0.8563128022794353,0.8506247706577625,0.8449367390360898,0.839248707414417,0.8335606757927443,0.8278726441710715,0.8221846125493988,0.816496580927726,0.8300017197755529,0.8323200148512877
239,Goold said reporters ' calls to Peterson may have been monitored .,Prosecutors said interviews Peterson gave reporters may have been monitored in case the fertilizer salesman confessed .,"[[""Goold"", ""said"", ""reporters""], [""reporters"", ""made_calls_to"", ""Peterson""], [""calls_to_Peterson"", ""may_have_been"", ""monitored""]]","[[""Prosecutors"", ""said"", ""interviews""], [""interviews"", ""given_by"", ""Peterson""], [""interviews"", ""given_to"", ""reporters""], [""interviews"", ""may_have_been"", ""monitored""], [""Peterson"", ""is"", ""fertilizer_salesman""]]",0.3333333333333333,0.35593655705451965,0.549330472946167,0.24343224778007383,0.5051814855409226,0.7091484702207805,0.6887517717527947,0.6683550732848089,0.6479583748168232,0.6275616763488374,0.6071649778808516,0.5867682794128657,0.5663715809448799,0.5459748824768942,0.5255781840089083,0.5051814855409226,0.6876726890577691,0.5472688655917527
240,Officials at Mortazavi 's office and the judiciary declined to respond to Reuters ' requests for comment on the accusations .,Judiciary officials did not immediately respond to Reuters ' requests for comment on the criticism of Mortazavi 's appointment .,"[[""Mortazavi"", ""has_office"", ""Mortazavi_office""], [""Mortazavi_office"", ""declined_to_respond_to"", ""Reuters""], [""Judiciary"", ""declined_to_respond_to"", ""Reuters""], [""Reuters"", ""made_requests_to"", ""Mortazavi_office""], [""Reuters"", ""made_requests_to"", ""Judiciary""]]","[[""Judiciary_officials"", ""did_not_respond_to"", ""Reuters""], [""Reuters"", ""made_requests_for_comment_on"", ""Mortazavi_appointment""], [""Mortazavi"", ""has_appointment"", ""Mortazavi_appointment""], [""Judiciary_officials"", ""received_requests_from"", ""Reuters""]]",1.0,0.0,0.32658958435058594,0.08333333333333333,1.0,0.8867539473893647,0.8980785526504282,0.9094031579114918,0.9207277631725552,0.9320523684336188,0.9433769736946824,0.9547015789557459,0.9660261842168094,0.977350789477873,0.9886753947389365,1.0,0.8234337069600529,0.81032890187407
241,"In three years , Lend Lease has slipped from a top-five stock , when its share price was around $ 24 , to 37th .","In the space of three years , Lend Lease has slipped from a top-five 5 stock when its share price hovered around $ 24 to 37th on the list .","[[""Lend_Lease"", ""slipped_from"", ""top-five_stock""], [""Lend_Lease"", ""had_share_price"", ""$24""], [""Lend_Lease"", ""slipped_to"", ""37th""]]","[[""Lend_Lease"", ""slipped_from"", ""top-five_stock""], [""Lend_Lease"", ""had_share_price"", ""$24""], [""Lend_Lease"", ""slipped_to"", ""37th""]]",1.0,0.9999999403953552,1.0,1.0,1.0,0.9999999987548516,0.9999999988793664,0.9999999990038813,0.9999999991283961,0.9999999992529109,0.9999999993774258,0.9999999995019406,0.9999999996264555,0.9999999997509703,0.9999999998754852,1.0,0.999999978641669,1.0
242,Emmy and Golden Globe Award-winners James Brolin and Judy Davis star as Ronald and Nancy Reagan in The Reagans .,James Brolin and Judy Davis play Ronald and Nancy Reagan in the CBS film .,"[[""James_Brolin"", ""stars_as"", ""Ronald_Reagan""], [""Judy_Davis"", ""stars_as"", ""Nancy_Reagan""], [""James_Brolin"", ""is"", ""Emmy_and_Golden_Globe_Award_winner""], [""Judy_Davis"", ""is"", ""Emmy_and_Golden_Globe_Award_winner""], [""The_Reagans"", ""features"", ""James_Brolin""], [""The_Reagans"", ""features"", ""Judy_Davis""]]","[[""James_Brolin"", ""plays"", ""Ronald_Reagan""], [""Judy_Davis"", ""plays"", ""Nancy_Reagan""], [""James_Brolin"", ""is_in"", ""CBS_film""], [""Judy_Davis"", ""is_in"", ""CBS_film""], [""CBS_film"", ""features"", ""James_Brolin""], [""CBS_film"", ""features"", ""Judy_Davis""]]",0.16666666666666666,0.6810132265090942,0.8205538988113403,0.42600643361512924,0.5270462766947299,0.8887288098322546,0.8525605565185022,0.8163923032047496,0.7802240498909971,0.7440557965772447,0.7078875432634922,0.6717192899497397,0.6355510366359873,0.5993827833222348,0.5632145300084823,0.5270462766947299,0.7903199594813859,0.7605751004636534
243,And they think the protein probably is involved in the spread of other forms of cancer .,They researchers say the research could be relevant to other forms of cancer .,"[[""protein"", ""involved_in"", ""spread_of_cancer""], [""cancer"", ""has_form"", ""other_forms_of_cancer""]]","[[""research"", ""relevant_to"", ""other_forms_of_cancer""], [""cancer"", ""has_form"", ""other_forms_of_cancer""]]",0.408248290463863,0.35722702741622925,0.6300557255744934,0.09622504486493763,0.09622504486493763,0.8437184365026839,0.7689690973389092,0.6942197581751347,0.6194704190113599,0.5447210798475853,0.46997174068381076,0.3952224015200362,0.3204730623562615,0.24572372319248686,0.17097438402871223,0.09622504486493763,0.7621304090422807,0.8068053274138984
244,"The association said 28.2 million DVDs were rented in the week that ended June 15 , compared with 27.3 million VHS cassettes .","The Video Software Dealers Association said 28.2 million DVDs were rented out last week , compared to 27.3 million VHS cassettes .","[[""association"", ""said"", ""28.2_million_DVDs_rented""], [""28.2_million_DVDs"", ""rented_in"", ""week_ended_June_15""], [""28.2_million_DVDs"", ""compared_to"", ""27.3_million_VHS_cassettes""]]","[[""Video_Software_Dealers_Association"", ""said"", ""28.2_million_DVDs_rented""], [""28.2_million_DVDs"", ""rented_out_in"", ""last_week""], [""28.2_million_DVDs"", ""compared_to"", ""27.3_million_VHS_cassettes""]]",0.6666666666666666,0.6699613928794861,0.7375417947769165,0.43333333333333335,0.8,0.9862571727175863,0.9676314554458276,0.9490057381740691,0.9303800209023103,0.9117543036305518,0.8931285863587932,0.8745028690870345,0.8558771518152759,0.8372514345435174,0.8186257172717587,0.8,0.9184248530810657,0.9720570003303914
245,"They note that after several weeks of rallies on upbeat earnings , investors are looking for stronger evidence of a recovery before sending stocks higher .","After several weeks of market rallies on upbeat earnings , many investors are looking for more concrete signs of an economic recovery .","[[""investors"", ""looking_for"", ""stronger_evidence""], [""stronger_evidence"", ""of"", ""recovery""], [""recovery"", ""before"", ""sending_stocks_higher""], [""investors"", ""sending"", ""stocks_higher""], [""rallies"", ""on"", ""upbeat_earnings""]]","[[""investors"", ""looking_for"", ""concrete_signs""], [""concrete_signs"", ""of"", ""economic_recovery""], [""market_rallies"", ""on"", ""upbeat_earnings""]]",0.21300321680756462,0.09089597314596176,0.5214788913726807,0.19720265943665385,0.19720265943665385,0.7148465505752575,0.6630821614613971,0.6113177723475368,0.5595533832336763,0.507788994119816,0.45602460500595565,0.4042602158920953,0.352495826778235,0.30073143766437455,0.24896704855051421,0.19720265943665385,0.6947865615460735,0.6068210125465743
246,DeVries did make one stop in town Wednesday - registering as a sex offender at the Soledad Police Department .,Convicted child molester Brian DeVries spoke out in response to community outrage Wednesday afternoon after registering as a sex offender at the Soledad Police Department .,"[[""DeVries"", ""registered_at"", ""Soledad_Police_Department""], [""DeVries"", ""is"", ""sex_offender""]]","[[""Brian_DeVries"", ""registered_at"", ""Soledad_Police_Department""], [""Brian_DeVries"", ""is"", ""convicted_child_molester""], [""Brian_DeVries"", ""responded_to"", ""community_outrage""]]",0.3888888888888889,0.0,0.4321233630180359,0.28867513459481287,0.3888888888888889,0.8548521816160058,0.8082558523432941,0.7616595230705825,0.7150631937978708,0.668466864525159,0.6218705352524474,0.5752742059797358,0.5286778767070239,0.48208154743431225,0.4354852181616006,0.3888888888888889,0.8631576385469942,0.7662302398040421
247,He acted as an international executive producer on Who Wants to be a Millionaire and The Weakest Link .,A Melbourne TV producer who worked on shows including Who Wants To Be a Millionaire ?,"[[""TV_Producer"", ""acted_as"", ""international_executive_producer""], [""TV_Producer"", ""worked_on"", ""Who_Wants_to_be_a_Millionaire""], [""TV_Producer"", ""worked_on"", ""The_Weakest_Link""]]","[[""Melbourne_TV_producer"", ""worked_on"", ""Who_Wants_To_Be_a_Millionaire""]]",0.41247895569215276,0.0,0.5898541212081909,0.3535533905932738,0.41247895569215276,0.7093646013055849,0.6796760367442417,0.6499874721828984,0.6202989076215552,0.5906103430602121,0.5609217784988688,0.5312332139375255,0.5015446493761824,0.4718560848148392,0.442167520253496,0.41247895569215276,0.7488854002824914,0.8293922837631212
248,Time magazine named the American soldier its Person of the Year for 2003 .,The American Soldier was first selected as Times Person of the Year during the Korean War in 1950 .,"[[""Time_magazine"", ""named"", ""American_Soldier""], [""American_Soldier"", ""Person_of_the_Year"", ""2003""]]","[[""Time_magazine"", ""selected"", ""American_Soldier""], [""American_Soldier"", ""Person_of_the_Year"", ""1950""], [""American_Soldier"", ""selected_during"", ""Korean_War""]]",0.16666666666666666,0.6677270531654358,0.594972550868988,0.14433756729740643,0.16666666666666666,0.9032900369202994,0.8296276998949362,0.7559653628695729,0.6823030258442095,0.6086406888188463,0.5349783517934831,0.4613160147681198,0.3876536777427565,0.3139913407173932,0.24032900369202992,0.16666666666666666,0.8059161566868795,0.8403447113478621
249,"Earlier Friday , Taiwan reported 55 new cases but no new deaths .","Yesterday , Taiwan reported 65 new cases , its biggest one-day increase yet .","[[""Taiwan"", ""reported"", ""55_new_cases""], [""Taiwan"", ""reported"", ""no_new_deaths""]]","[[""Taiwan"", ""reported"", ""65_new_cases""], [""65_new_cases"", ""is"", ""biggest_one-day_increase""]]",0.4762896722078402,0.2767069637775421,0.4722629189491272,0.05555555555555555,0.4762896722078402,0.7922167383691854,0.7606240317530509,0.7290313251369164,0.6974386185207818,0.6658459119046474,0.6342532052885128,0.6026604986723783,0.5710677920562437,0.5394750854401092,0.5078823788239747,0.4762896722078402,0.8425182531451939,0.7485134390190024
250,""" Instead of pursuing the most imminent and real threats to our future -- terrorism -- this Bush administration chose to settle old scores , "" he said .",""" Instead of pursuing the most imminent and real threats - international terrorists , "" Graham said , "" this Bush administration chose to settle old scores . ""","[[""Bush_administration"", ""chose_to_settle"", ""old_scores""], [""Bush_administration"", ""did_not_pursue"", ""terrorism""]]","[[""Bush_administration"", ""chose_to_settle"", ""old_scores""], [""Bush_administration"", ""did_not_pursue"", ""international_terrorists""], [""Graham"", ""said"", ""statement""]]",1.0,0.43031471967697144,0.5425361394882202,0.30123203803835463,1.0,0.9761078082328852,0.9784970274095967,0.9808862465863082,0.9832754657630196,0.9856646849397311,0.9880539041164427,0.9904431232931541,0.9928323424698655,0.995221561646577,0.9976107808232886,1.0,0.9569064151496676,0.7751991427406688
251,"Proving that the Millville son 's sacrifice would not go unsung , Mayor James Quinn ordered all city flags flown at half-mast for the next 30 days .","In Millville yesterday , Mayor James Quinn ordered all city flags flown at half-staff for the next 30 days .","[[""Millville"", ""location_of"", ""Mayor_James_Quinn""], [""Mayor_James_Quinn"", ""ordered"", ""city_flags""], [""city_flags"", ""flown_at"", ""half-mast""], [""city_flags"", ""duration"", ""30_days""]]","[[""Millville"", ""location_of"", ""Mayor_James_Quinn""], [""Mayor_James_Quinn"", ""ordered"", ""city_flags""], [""city_flags"", ""flown_at"", ""half-staff""], [""city_flags"", ""duration"", ""30_days""]]",1.0,0.941964328289032,0.9317899942398071,0.4,1.0,0.99773294149849,0.997959647348641,0.998186353198792,0.9984130590489431,0.998639764899094,0.998866470749245,0.999093176599396,0.9993198824495471,0.999546588299698,0.999773294149849,1.0,0.979947605917227,0.9766756221011021
252,"Police searched Tanzi 's home near Parma on Wednesday , and prosecutors had sought to interrogate him that day only to find he had left Italy for an undisclosed foreign country .","Magistrates searched Tanzi 's home near Parma on Wednesday and tried to question him the same day , only to find he had left Italy for an undisclosed foreign country .","[[""Police"", ""searched"", ""Tanzi""], [""Tanzi"", ""lived_near"", ""Parma""], [""Prosecutors"", ""sought_to_interrogate"", ""Tanzi""], [""Tanzi"", ""left_for"", ""undisclosed_foreign_country""], [""Tanzi"", ""left"", ""Italy""]]","[[""Magistrates"", ""searched"", ""Tanzi""], [""Tanzi"", ""lived_near"", ""Parma""], [""Magistrates"", ""tried_to_question"", ""Tanzi""], [""Tanzi"", ""left_for"", ""undisclosed_foreign_country""], [""Tanzi"", ""left"", ""Italy""]]",0.5781515884776753,0.7428027987480164,0.8021550178527832,0.5781515884776753,0.5781515884776753,0.9792053972174278,0.9391000163434526,0.8989946354694774,0.858889254595502,0.8187838737215268,0.7786784928475516,0.7385731119735763,0.6984677310996011,0.6583623502256258,0.6182569693516505,0.5781515884776753,0.9077019425620693,0.9215723099923094
253,"When a mechanic found 33 pounds of marijuana in a secret compartment , Rodriguez agreed they should notify police , who then arrested him .","After a mechanic found 33 pounds of marijuana in a secret compartment , Rodriguez , who was at the auto shop , agreed they should notify police .","[[""mechanic"", ""found"", ""33_pounds_of_marijuana""], [""33_pounds_of_marijuana"", ""located_in"", ""secret_compartment""], [""Rodriguez"", ""agreed_to_notify"", ""police""], [""police"", ""arrested"", ""Rodriguez""]]","[[""mechanic"", ""found"", ""33_pounds_of_marijuana""], [""33_pounds_of_marijuana"", ""located_in"", ""secret_compartment""], [""Rodriguez"", ""agreed_to_notify"", ""police""], [""Rodriguez"", ""was_at"", ""auto_shop""]]",1.0,0.8438230752944946,0.871814489364624,0.7607257743127307,1.0,0.9429059917701681,0.9486153925931513,0.9543247934161345,0.9600341942391175,0.9657435950621008,0.971452995885084,0.9771623967080673,0.9828717975310504,0.9885811983540336,0.9942905991770168,1.0,0.92218944263123,0.7338668368484225
254,"Another million barrels , bought by Spanish refiner Cepsa SA , was to be loaded onto a Spanish tanker , the Sandra Tapias .","A Spanish tanker , Sandra Tapias , was to be loaded with another million barrels , bought by Spanish refiner Cepsa SA , in the afternoon .","[[""Cepsa_SA"", ""bought"", ""another_million_barrels""], [""another_million_barrels"", ""to_be_loaded_onto"", ""Sandra_Tapias""], [""Sandra_Tapias"", ""is"", ""Spanish_tanker""]]","[[""Cepsa_SA"", ""bought"", ""another_million_barrels""], [""another_million_barrels"", ""to_be_loaded_onto"", ""Sandra_Tapias""], [""Sandra_Tapias"", ""is"", ""Spanish_tanker""]]",1.0,0.9999998807907104,0.9999999403953552,1.0,1.0,1.0,1.0,1.0,1.0,1.0,1.0,1.0,1.0,1.0,1.0,1.0,1.0,0.9999999877698144
255,"The agreement between architect Daniel Libeskind and representatives of developer Larry Silverstein gives architect David Childs the lead role in developing the "" Freedom Tower . ""","The collaboration gives architect David Childs , who has done extensive work with Silverstein , the lead role in developing the tower , which is to be the world 's tallest .","[[""Daniel_Libeskind"", ""agreement_with"", ""Larry_Silverstein""], [""Daniel_Libeskind"", ""agreement_gives_lead_role_to"", ""David_Childs""], [""David_Childs"", ""lead_role_in"", ""Freedom_Tower""], [""Freedom_Tower"", ""developer"", ""Larry_Silverstein""]]","[[""David_Childs"", ""collaboration_with"", ""Silverstein""], [""David_Childs"", ""lead_role_in"", ""tower""], [""tower"", ""will_be"", ""world_tallest""], [""David_Childs"", ""done_extensive_work_with"", ""Silverstein""]]",0.3849001794597505,0.0,0.3186781406402588,0.041666666666666664,0.3849001794597505,0.7941087411142836,0.7531878849488304,0.7122670287833771,0.6713461726179237,0.6304253164524704,0.5895044602870171,0.5485836041215638,0.5076627479561104,0.46674189179065717,0.4258210356252038,0.3849001794597505,0.7405117801341137,0.7101820051087142
256,"The agreement resolves a lawsuit AOL filed against Microsoft in January 2002 on behalf of its subsidiary , Netscape Communications .",The legal settlement resolves the private anti-trust lawsuit filed against Microsoft in January 2002 by AOL Time Warner 's America Online unit on behalf of its Netscape subsidiary .,"[[""AOL"", ""filed_lawsuit_against"", ""Microsoft""], [""AOL"", ""has_subsidary"", ""Netscape_Communications""], [""lawsuit"", ""filed_in"", ""January_2002""], [""Netscape_Communications"", ""is_subsidary_of"", ""AOL""]]","[[""AOL_Time_Warner"", ""has_unit"", ""America_Online""], [""America_Online"", ""filed_lawsuit_against"", ""Microsoft""], [""America_Online"", ""has_subsidary"", ""Netscape""], [""lawsuit"", ""filed_in"", ""January_2002""], [""Netscape"", ""is_subsidary_of"", ""America_Online""]]",0.8,0.37480655312538147,0.6334470510482788,0.5477225575051662,0.8,0.8326528774581786,0.8293875897123608,0.826122301966543,0.822857014220725,0.8195917264749072,0.8163264387290894,0.8130611509832715,0.8097958632374536,0.8065305754916359,0.803265287745818,0.8,0.8820234464191785,0.8946574035613339
257,Avalon means the next Windows OS will support new styles of user interfaces and elements .,"Thanks to Avalon , Longhorn will support new styles of user interfaces and user interface elements .","[[""Avalon"", ""means"", ""next_Windows_OS""], [""next_Windows_OS"", ""will_support"", ""new_styles_of_user_interfaces""], [""next_Windows_OS"", ""will_support"", ""new_user_interface_elements""]]","[[""Avalon"", ""enables"", ""Longhorn""], [""Longhorn"", ""will_support"", ""new_styles_of_user_interfaces""], [""Longhorn"", ""will_support"", ""new_user_interface_elements""]]",0.3888888888888889,0.9264744520187378,0.9050594568252563,0.5416666666666666,0.5416666666666666,0.5468939668717722,0.5463712368512617,0.545848506830751,0.5453257768102404,0.54480304678973,0.5442803167692194,0.5437575867487088,0.5432348567281983,0.5427121267076878,0.5421893966871771,0.5416666666666666,0.7039747489016352,0.7580054002432233
258,"There are an estimated 25,000 to 28,000 tribal fighters in the region , with thousands deployed in and around the town .","Bunia has about 750 U.N. troops , compared with an estimated 25,000 to 28,000 tribal fighters in the region , with thousands deployed in and around Bunia .","[[""region"", ""has"", ""25000_to_28000_tribal_fighters""], [""tribal_fighters"", ""deployed_in"", ""town""]]","[[""Bunia"", ""has"", ""750_U_N_troops""], [""Bunia"", ""has"", ""25000_to_28000_tribal_fighters""], [""tribal_fighters"", ""deployed_in"", ""Bunia""]]",0.06804138174397717,0.280815064907074,0.6468837261199951,0.2916666666666667,0.3367876570272817,0.757790313209045,0.7156900475908687,0.6735897819726924,0.631489516354516,0.5893892507363396,0.5472889851181634,0.505188719499987,0.46308845388181075,0.4209881882636344,0.378887922645458,0.3367876570272817,0.7826987333396132,0.7032634827555394
259,"About 130,000 U.S. troops remain in Iraq , with others deployed in Afghanistan , South Korea and elsewhere .","About 130,000 US soldiers remain in Iraq , with others serving in Afghanistan , South Korea , Japan , Germany and elsewhere .","[[""US"", ""has_troops_in"", ""Iraq""], [""US"", ""has_troops_in"", ""Afghanistan""], [""US"", ""has_troops_in"", ""South_Korea""], [""US_troops"", ""located_elsewhere"", ""elsewhere""]]","[[""US"", ""has_soldiers_in"", ""Iraq""], [""US"", ""has_soldiers_in"", ""Afghanistan""], [""US"", ""has_soldiers_in"", ""South_Korea""], [""US"", ""has_soldiers_in"", ""Japan""], [""US"", ""has_soldiers_in"", ""Germany""], [""US_soldiers"", ""serving_elsewhere"", ""elsewhere""]]",1.0,0.41250261664390564,0.8359029293060303,0.6014065304058601,1.0,0.943012206893604,0.9487109862042435,0.9544097655148833,0.9601085448255227,0.9658073241361624,0.971506103446802,0.9772048827574416,0.9829036620680812,0.9886024413787208,0.9943012206893604,1.0,0.937973494014522,0.9139798221436164
260,""" We condemn and denounce the Governing Council , which is headed by the United States , "" Moqtada al-Sadr said .",""" We condemn the Governing Council headed by the United States , "" Sadr said in a fiery sermon at Koufa mosque near Najaf .","[[""Moqtada_al-Sadr"", ""condemns"", ""Governing_Council""], [""Governing_Council"", ""headed_by"", ""United_States""], [""Moqtada_al-Sadr"", ""said"", ""condemnation""]]",[],,,,,,,,,,,,,,,,,,
261,"In Falluja on Thursday , two grenades were thrown at soldiers from the Third Armored Cavalry Regiment , wounding seven .","In Al-Fallujah , two grenades were thrown Thursday at soldiers from the 3rd Armored Cavalry Regiment , wounding seven , none seriously .","[[""Falluja"", ""location_of"", ""grenade_attack""], [""Third_Armored_Cavalry_Regiment"", ""target_of"", ""grenade_attack""], [""grenade_attack"", ""wounded"", ""seven_soldiers""]]","[[""Al-Fallujah"", ""location_of"", ""grenade_attack""], [""3rd_Armored_Cavalry_Regiment"", ""target_of"", ""grenade_attack""], [""grenade_attack"", ""wounded"", ""seven_soldiers""]]",1.0,0.8334648013114929,0.6792186498641968,0.2916666666666667,1.0,0.9905229627098231,0.9914706664388407,0.9924183701678586,0.9933660738968761,0.9943137776258939,0.9952614813549115,0.9962091850839292,0.997156888812947,0.9981045925419646,0.9990522962709824,1.0,0.9732511744582926,0.9793643460532224
262,Prosecutors said the investment was a breach of duty and resulted in the pension fund immediately losing $ 1 million .,The indictment says the investment was a breach of fiduciary duties and resulted in the state pension fund immediately losing $ 1 million .,"[[""Prosecutors"", ""said"", ""investment_was_breach_of_duty""], [""investment"", ""resulted_in_loss"", ""pension_fund""], [""pension_fund"", ""lost"", ""$1_million""]]","[[""indictment"", ""says"", ""investment_was_breach_of_fiduciary_duties""], [""investment"", ""resulted_in_loss"", ""state_pension_fund""], [""state_pension_fund"", ""lost"", ""$1_million""]]",1.0,0.0666733831167221,0.4469620883464813,0.23333333333333334,1.0,0.9283164470462182,0.9354848023415964,0.9426531576369745,0.9498215129323526,0.9569898682277309,0.9641582235231091,0.9713265788184873,0.9784949341138655,0.9856632894092436,0.9928316447046218,1.0,0.9041610128588766,0.8892653823893473
263,""" I never grabbed anyone and then pulled up their shirt and grabbed their breasts , and stuff like that .",That I pulled up their shirt and grabbed their breasts and stuff like that : this is not me .,"[[""I"", ""never_grabbed"", ""anyone""], [""I"", ""did_not_pull_up"", ""shirt""], [""I"", ""did_not_grab"", ""breasts""]]","[[""That"", ""is_not"", ""me""], [""I"", ""did_not_pull_up"", ""shirt""], [""I"", ""did_not_grab"", ""breasts""]]",0.6254627916220946,0.4282624125480652,0.6954227089881897,0.4844813951249544,0.6254627916220946,0.9302028924335626,0.8997288823524158,0.869254872271269,0.8387808621901222,0.8083068521089753,0.7778328420278287,0.7473588319466817,0.716884821865535,0.6864108117843882,0.6559368017032414,0.6254627916220946,0.912263634455506,0.6707968794856403
264,"In the settlement , Tyrer agreed to pay $ US1.06 million in allegedly ill-gotten trading profits and $ US342,195 in interest , the SEC said .","To settle the charges , Mr. Tyrer agreed to surrender $ 1.06 million in trading profits and $ 342,195 in interest .","[[""Tyrer"", ""agreed_to_pay"", ""US1.06_million""], [""Tyrer"", ""agreed_to_pay"", ""US342,195""], [""Tyrer"", ""paid_to"", ""SEC""]]","[[""Tyrer"", ""agreed_to_surrender"", ""US1.06_million""], [""Tyrer"", ""agreed_to_surrender"", ""US342,195""]]",0.6254627916220946,0.6440501809120178,0.8493305444717407,0.6254627916220946,0.6254627916220946,0.8601443872737096,0.8366762277085481,0.8132080681433866,0.789739908578225,0.7662717490130635,0.7428035894479021,0.7193354298827406,0.6958672703175791,0.6723991107524177,0.6489309511872561,0.6254627916220946,0.8017274813815252,0.6624326130075026
265,Half of the women were given a daily dose of the drug and half took a placebo .,Half the women received a daily tablet of the combination oestrogen plus progestin while the rest were given a placebo .,"[[""women"", ""given"", ""drug""], [""women"", ""given"", ""placebo""]]","[[""women"", ""received"", ""oestrogen_plus_progestin""], [""women"", ""given"", ""placebo""]]",0.4762896722078402,0.5570769906044006,0.6391635537147522,0.3888888888888889,0.4762896722078402,0.922978130117553,0.8783092843265817,0.8336404385356105,0.7889715927446391,0.7443027469536679,0.6996339011626966,0.6549650553717253,0.610296209580754,0.5656273637897827,0.5209585179988114,0.4762896722078402,0.9294581778270863,0.7741751038530007
266,"Elsewhere in the diary , Truman showed a more familiar side , colorful and outspoken in his disdain for life in the White House .","History aside , the diary reveals a colorful , witty , introspective and irreverent president outspoken in his disdain for life in the White House .","[[""Truman"", ""showed"", ""familiar_side""], [""Truman"", ""was"", ""colorful""], [""Truman"", ""was"", ""outspoken""], [""Truman"", ""had_disdain_for"", ""White_House""]]","[[""diary"", ""reveals"", ""colorful_president""], [""president"", ""was"", ""witty""], [""president"", ""was"", ""introspective""], [""president"", ""was"", ""irreverent""], [""president"", ""was"", ""outspoken""], [""president"", ""had_disdain_for"", ""White_House""]]",0.4,0.0,0.4303201735019684,0.31622776601683794,0.36514837167011077,0.7053640810921875,0.6713425101499799,0.6373209392077722,0.6032993682655645,0.5692777973233568,0.5352562263811491,0.5012346554389415,0.4672130844967338,0.4331915135545261,0.3991699426123184,0.36514837167011077,0.7120877899899041,0.6151812458501419
267,"As a result , Murphy sought to substitute Strier 's sister , Ethel Celnik , as the trustee .","Murphy said Strier 's sister , Ethel Celnik , was in the courtroom at the time , but Strier was not .","[[""Murphy"", ""sought_to_substitute"", ""Ethel_Celnik""], [""Ethel_Celnik"", ""is_sister_of"", ""Strier""], [""Ethel_Celnik"", ""replaced"", ""Strier""]]","[[""Murphy"", ""said"", ""Ethel_Celnik_was_in_courtroom""], [""Ethel_Celnik"", ""is_sister_of"", ""Strier""], [""Strier"", ""was_not_in"", ""courtroom""], [""Ethel_Celnik"", ""was_in"", ""courtroom""]]",1.0,0.7480384111404419,0.7231792211532593,0.12909944487358058,0.6254627916220946,0.8502258304894111,0.8277495266026795,0.8052732227159478,0.7827969188292161,0.7603206149424846,0.7378443110557529,0.7153680071690212,0.6928917032822897,0.6704153993955579,0.6479390955088262,0.6254627916220946,0.7489980463549233,0.4879170576305298
268,U.S. Agriculture Secretary Ann Veneman said she will send a U.S. technical team to Canada to assist in the situation .,"U.S. Agriculture Secretary Ann Veneman , who announced yesterday 's ban , also said Washington would send a technical team to Canada to assist in the Canadian situation .","[[""Ann_Veneman"", ""is"", ""U.S._Agriculture_Secretary""], [""Ann_Veneman"", ""will_send"", ""U.S._technical_team""], [""U.S._technical_team"", ""will_be_sent_to"", ""Canada""]]","[[""Ann_Veneman"", ""is"", ""U.S._Agriculture_Secretary""], [""Ann_Veneman"", ""announced"", ""ban""], [""U.S."", ""will_send"", ""U.S._technical_team""], [""U.S._technical_team"", ""will_be_sent_to"", ""Canada""]]",0.7080881928749334,0.7460422515869141,0.7565231919288635,0.6463931265677831,0.7080881928749334,0.9572669233298235,0.9323490502843346,0.9074311772388456,0.8825133041933565,0.8575954311478675,0.8326775581023784,0.8077596850568896,0.7828418120114005,0.7579239389659114,0.7330060659204225,0.7080881928749334,0.9489101358139633,0.8268073946830395
269,A senior Malaysian member of JI testified in June that Bashir had approved the church bomb attacks and had called a meeting to plan Megawati 's assassination .,A senior Malaysian member of Jemaah Islamiah testified on June 26 that Bashir had approved the church bomb attacks and had also called a meeting to plan Megawati 's assassination .,"[[""Bashir"", ""approved"", ""church_bomb_attacks""], [""Bashir"", ""called_meeting_to_plan"", ""Megawati_assassination""], [""Senior_Malaysian_member_of_JI"", ""testified"", ""Bashir_approval""], [""Senior_Malaysian_member_of_JI"", ""testified_in"", ""June""]]","[[""Bashir"", ""approved"", ""church_bomb_attacks""], [""Bashir"", ""called_meeting_to_plan"", ""Megawati_assassination""], [""Senior_Malaysian_member_of_Jemaah_Islamiah"", ""testified"", ""Bashir_approval""], [""Senior_Malaysian_member_of_Jemaah_Islamiah"", ""testified_on"", ""June_26""]]",1.0,0.4610375463962555,0.7812082767486572,0.6666666666666666,1.0,0.9478930411809718,0.9531037370628747,0.9583144329447775,0.9635251288266802,0.9687358247085831,0.9739465205904859,0.9791572164723887,0.9843679123542916,0.9895786082361944,0.9947893041180972,1.0,0.9417243466585856,0.957139576816562
270,"The dividend , the company 's second this calendar year , is payable Nov. 7 to shareholders of record at the close of business Oct. 17 .","In a statement , Microsoft said the dividend is payable Nov. 7 to shareholders of record on Oct. 17 .","[[""company"", ""declared"", ""dividend""], [""dividend"", ""is_payable_on"", ""Nov_7""], [""dividend"", ""is_payable_to"", ""shareholders_of_record""], [""shareholders_of_record"", ""determined_on"", ""Oct_17""]]","[[""Microsoft"", ""declared"", ""dividend""], [""dividend"", ""is_payable_on"", ""Nov_7""], [""dividend"", ""is_payable_to"", ""shareholders_of_record""], [""shareholders_of_record"", ""determined_on"", ""Oct_17""]]",0.8,0.926010251045227,0.912781834602356,0.8,0.8,0.9781456394909912,0.9603310755418921,0.942516511592793,0.9247019476436938,0.9068873836945948,0.8890728197454956,0.8712582557963965,0.8534436918472974,0.8356291278981983,0.8178145639490992,0.8,0.9334081120276033,0.9697528043234214
271,"For proof , look no further than this week 's Consumer Electronics Show ( CES ) in Las Vegas .",The company is expected to unveil the console on Thursday at the Consumer Electronics Show ( CES ) in Las Vegas .,"[[""Consumer_Electronics_Show"", ""location"", ""Las_Vegas""]]","[[""company"", ""will_unveil_console_at"", ""Consumer_Electronics_Show""], [""Consumer_Electronics_Show"", ""location"", ""Las_Vegas""], [""console"", ""will_be_unveiled_on"", ""Thursday""]]",1.0,0.5616510510444641,0.641991138458252,0.6324555320336759,1.0,0.9999999154359013,0.9999999238923112,0.999999932348721,0.9999999408051308,0.9999999492615408,0.9999999577179506,0.9999999661743605,0.9999999746307704,0.9999999830871802,0.9999999915435901,1.0,1.0,0.683940408722751
272,"The tech-heavy Nasdaq Stock Markets composite index lost the most ground , falling 16.95 points to 1,506,76 .","The Nasdaq Composite Index lost 16.95 , or 1.1 percent , to 1507.76 , its first slide in five days .","[[""Nasdaq_Stock_Markets"", ""lost"", ""16.95_points""], [""Nasdaq_Stock_Markets"", ""fell_to"", ""1506.76""]]","[[""Nasdaq_Composite_Index"", ""lost"", ""16.95""], [""Nasdaq_Composite_Index"", ""lost_percentage"", ""1.1_percent""], [""Nasdaq_Composite_Index"", ""fell_to"", ""1507.76""], [""Nasdaq_Composite_Index"", ""first_slide_in"", ""5_days""]]",0.05555555555555555,0.0,0.0,0.0,0.3888888888888889,0.8653810380493919,0.8177318231333416,0.7700826082172914,0.722433393301241,0.6747841783851907,0.6271349634691404,0.5794857485530902,0.5318365336370399,0.48418731872098947,0.4365381038049392,0.3888888888888889,0.8480644670372322,0.8089553606743962
273,The movie opens this weekend and the companion game has been on sale since late last month .,The movie opened over the weekend in the number one spot and the companion game has been on sale since late last month .,"[[""movie"", ""opens"", ""this_weekend""], [""companion_game"", ""on_sale_since"", ""late_last_month""]]","[[""movie"", ""opened"", ""over_weekend""], [""movie"", ""opened_at"", ""number_one_spot""], [""companion_game"", ""on_sale_since"", ""late_last_month""]]",1.0,0.6732487678527832,0.6458882689476013,0.4844813951249544,1.0,0.9505748721029517,0.9555173848926565,0.9604598976823613,0.9654024104720662,0.970344923261771,0.9752874360514758,0.9802299488411806,0.9851724616308855,0.9901149744205904,0.9950574872102952,1.0,0.9417510406926143,0.8522525441851293
274,"The contract also includes a $ 200,000 buyout .","Perkins also had a $ 200,000 buyout clause in his contract .","[[""contract"", ""includes"", ""200,000_buyout""]]","[[""Perkins"", ""had"", ""200,000_buyout_clause""], [""200,000_buyout_clause"", ""part_of"", ""contract""]]",0.16666666666666666,0.1571989208459854,0.32587647438049316,0.06804138174397717,0.16666666666666666,0.920254086464779,0.8448953444849678,0.7695366025051565,0.6941778605253454,0.6188191185455341,0.5434603765657229,0.4681016345859116,0.3927428926061004,0.3173841506262891,0.24202540864647787,0.16666666666666666,0.8348466350686077,0.6954221902358991
275,Atlanta 's Hartsfield International Airport will test a nationwide security system that will collect fingerprints and take photographs of millions of foreign visitors each year .,Atlanta 's Hartsfield International Airport will be the testing site next month for a nationwide security system that will collect fingerprints and take photographs of millions of foreign visitors each year .,"[[""Hartsfield_International_Airport"", ""location"", ""Atlanta""], [""Hartsfield_International_Airport"", ""will_test"", ""nationwide_security_system""], [""nationwide_security_system"", ""will_collect"", ""fingerprints""], [""nationwide_security_system"", ""will_take"", ""photographs""], [""nationwide_security_system"", ""targets"", ""foreign_visitors""]]","[[""Hartsfield_International_Airport"", ""location"", ""Atlanta""], [""Hartsfield_International_Airport"", ""will_be_testing_site"", ""nationwide_security_system""], [""nationwide_security_system"", ""will_collect"", ""fingerprints""], [""nationwide_security_system"", ""will_take"", ""photographs""], [""nationwide_security_system"", ""targets"", ""foreign_visitors""]]",1.0,0.9999999403953552,1.0,1.0,1.0,0.9968856758097362,0.9971971082287626,0.997508540647789,0.9978199730668154,0.9981314054858417,0.9984428379048681,0.9987542703238945,0.9990657027429208,0.9993771351619473,0.9996885675809736,1.0,0.9825608340981455,0.9919221628324335
276,"Despite generic competition for acne drug Accutane , flagship drug sales rose 21 percent excluding exchange rate swings and nine percent in francs to 10.31 billion .","Flagship drug sales rose 21 percent excluding exchange rate swings and nine percent in francs to 10.31 billion , while diagnostics sales fell one percent in francs to 3.57 billion .","[[""Accutane"", ""is"", ""acne_drug""], [""Accutane"", ""sales_rose"", ""21_percent""], [""Accutane"", ""sales_in_francs"", ""9_percent""], [""Accutane"", ""sales_amount"", ""10.31_billion""]]","[[""Flagship_drug"", ""sales_rose"", ""21_percent""], [""Flagship_drug"", ""sales_in_francs"", ""9_percent""], [""Flagship_drug"", ""sales_amount"", ""10.31_billion""], [""Diagnostics"", ""sales_fell"", ""1_percent""], [""Diagnostics"", ""sales_amount"", ""3.57_billion""]]",0.6708203932499369,0.23453588783740997,0.6121734380722046,0.50709255283711,0.6708203932499369,0.5457297389414307,0.5582388043722813,0.570747869803132,0.5832569352339826,0.5957660006648332,0.6082750660956838,0.6207841315265344,0.6332931969573851,0.6458022623882357,0.6583113278190863,0.6708203932499369,0.7154514951304525,0.7329753902516732
277,""" Tony 's not feeling well , "" Spurs coach Gregg Popovich said .","We 're thrilled to be up 3-2 , ' ' Coach Gregg Popovich said Wednesday .","[[""Gregg_Popovich"", ""said"", ""Tony_not_feeling_well""], [""Gregg_Popovich"", ""is"", ""Spurs_coach""], [""Tony"", ""is_feeling"", ""not_well""]]","[[""Gregg_Popovich"", ""said"", ""thrilled_to_be_up_3-2""], [""Gregg_Popovich"", ""is"", ""Coach""]]",0.3689323936863109,0.3583946228027344,0.4125344157218933,0.04303314829119352,0.3689323936863109,0.7197308954685643,0.6846510452903389,0.6495711951121136,0.6144913449338882,0.579411494755663,0.5443316445774375,0.5092517943992123,0.47417194422098696,0.43909209404276156,0.40401224386453627,0.3689323936863109,0.710787352969368,0.6619202601291895
278,"French special police raided a farm in Corsica on Friday , capturing the top suspect in the 1998 murder of France 's highest official on the Mediterranean island , officials said .","Police arrested on Friday the chief suspect in the murder of the top state official on the unruly French island of Corsica , Interior Minister Nicolas Sarkozy said .","[[""French_special_police"", ""raided"", ""farm_in_Corsica""], [""French_special_police"", ""captured"", ""top_suspect""], [""top_suspect"", ""suspect_in"", ""1998_murder""], [""1998_murder"", ""victim"", ""France_highest_official""], [""France_highest_official"", ""location"", ""Mediterranean_island""], [""Mediterranean_island"", ""part_of"", ""Corsica""]]","[[""Police"", ""arrested"", ""chief_suspect""], [""chief_suspect"", ""suspect_in"", ""murder""], [""murder"", ""victim"", ""top_state_official""], [""top_state_official"", ""location"", ""Corsica""], [""Nicolas_Sarkozy"", ""is"", ""Interior_Minister""], [""Nicolas_Sarkozy"", ""said"", ""chief_suspect_arrested""], [""Corsica"", ""is"", ""French_island""]]",0.2222222222222222,0.0,0.15199656784534454,0.0209980262782904,0.12598815766974242,0.8278670523951291,0.7576791629225904,0.6874912734500519,0.617303383977513,0.5471154945049744,0.4769276050324358,0.40673971555989713,0.33655182608735845,0.2663639366148197,0.1961760471422811,0.12598815766974242,0.6894099194251093,0.7212212677782549
279,Mailblocks was founded five years after WebTV was acquired by Microsoft for $ 425 million .,WebTV was sold to Microsoft in 1997 for $ 425 million and today is called MSN TV .,"[[""Mailblocks"", ""founded_after"", ""WebTV_acquisition""], [""WebTV"", ""acquired_by"", ""Microsoft""], [""WebTV"", ""acquisition_price"", ""425_million""]]","[[""WebTV"", ""sold_to"", ""Microsoft""], [""WebTV"", ""sale_year"", ""1997""], [""WebTV"", ""sale_price"", ""425_million""], [""WebTV"", ""now_called"", ""MSN_TV""]]",0.5416666666666666,0.342225044965744,0.38812607526779175,0.43333333333333335,0.5051814855409226,0.8516516507798407,0.8170046342559489,0.7823576177320571,0.7477106012081653,0.7130635846842734,0.6784165681603817,0.6437695516364899,0.6091225351125981,0.5744755185887062,0.5398285020648144,0.5051814855409226,0.7399044811089599,0.6288787512960076
280,"Data showed Italian business confidence slipped to its lowest level in 16 months in May , aiding rate cut expectations .","On Tuesday , figures also showed Italian business confidence slipped again in May to its lowest level in 16 months , doing nothing to discourage rate cut expectations .","[[""Italian_business_confidence"", ""slipped_to"", ""lowest_level_in_16_months""], [""Italian_business_confidence"", ""occurred_in"", ""May""], [""lowest_level_in_16_months"", ""aided"", ""rate_cut_expectations""]]","[[""Italian_business_confidence"", ""slipped_to"", ""lowest_level_in_16_months""], [""Italian_business_confidence"", ""occurred_in"", ""May""], [""lowest_level_in_16_months"", ""did_not_discourage"", ""rate_cut_expectations""]]",1.0,0.9999998807907104,1.0,1.0,1.0,0.9810933975487655,0.9829840577938889,0.9848747180390125,0.9867653782841357,0.9886560385292593,0.9905466987743827,0.9924373590195061,0.9943280192646297,0.9962186795097531,0.9981093397548766,1.0,0.9443145143753312,0.9756692208602664
281,Freddie also said Leland C. Brendsel will retire as chairman and chief executive and resign from the board .,"He replaces Leland Brendsel , 61 , who retired as chairman and chief executive .","[[""Freddie"", ""announced_retirement_of"", ""Leland_C._Brendsel""], [""Leland_C._Brendsel"", ""will_retire_as"", ""chairman""], [""Leland_C._Brendsel"", ""will_retire_as"", ""chief_executive""], [""Leland_C._Brendsel"", ""will_resign_from"", ""board""]]","[[""Leland_Brendsel"", ""was_replaced_by"", ""He""], [""Leland_Brendsel"", ""retired_as"", ""chairman""], [""Leland_Brendsel"", ""retired_as"", ""chief_executive""], [""Leland_Brendsel"", ""is"", ""61_years_old""]]",0.5594309277855158,0.0,0.42679131031036377,0.4,0.5594309277855158,0.9232116249692949,0.886833555250917,0.8504554855325391,0.8140774158141612,0.7776993460957833,0.7413212763774053,0.7049432066590275,0.6685651369406496,0.6321870672222716,0.5958089975038937,0.5594309277855158,0.834499442499558,0.8099530524845786
282,"Bremer will focus on the politics , Garner said , adding that he expects Bremer to arrive in Iraq by next week .","Bremer will focus on the politics and Garner on the rest of the reconstruction efforts , Garner said , adding that Bremer will arrive in Iraq by next week .","[[""Bremer"", ""will_focus_on"", ""politics""], [""Bremer"", ""will_arrive_in"", ""Iraq""], [""Garner"", ""said"", ""Bremer_will_arrive_by_next_week""], [""Bremer"", ""expected_to_arrive_by"", ""next_week""]]","[[""Bremer"", ""will_focus_on"", ""politics""], [""Garner"", ""will_focus_on"", ""reconstruction_efforts""], [""Bremer"", ""will_arrive_in"", ""Iraq""], [""Bremer"", ""expected_to_arrive_by"", ""next_week""], [""Garner"", ""said"", ""Bremer_will_arrive_by_next_week""]]",1.0,0.7546489834785461,0.8948000073432922,0.7972339748041415,1.0,1.0,1.0,1.0,1.0,1.0,1.0,1.0,1.0,1.0,1.0,1.0,1.0,0.780569155211927
283,"Palm expects to move Handspring 's employees to Palm Solutions headquarters in Milpitas , Calif .","Handspring employees are expected to move to Palm Solutions Group headquarters in Milpitas , Calif .","[[""Palm"", ""expects_to_move"", ""Handspring_employees""], [""Handspring_employees"", ""will_move_to"", ""Palm_Solutions_headquarters""], [""Palm_Solutions_headquarters"", ""location"", ""Milpitas""], [""Milpitas"", ""location"", ""Calif""]]","[[""Handspring_employees"", ""expected_to_move_to"", ""Palm_Solutions_Group_headquarters""], [""Palm_Solutions_Group_headquarters"", ""location"", ""Milpitas""], [""Milpitas"", ""location"", ""Calif""]]",0.5833333333333334,0.7384523153305054,0.736425518989563,0.4844813951249544,0.9021097956087903,0.9651362046329113,0.9588335637304992,0.9525309228280872,0.9462282819256749,0.9399256410232629,0.9336230001208508,0.9273203592184387,0.9210177183160266,0.9147150774136145,0.9084124365112025,0.9021097956087903,0.9549716611279147,0.9646343403465536
284,""" It 's a huge black eye , "" said New York Times Company chairman Arthur Sulzberger .",""" It 's a huge black eye , "" said publisher Arthur Ochs Sulzberger Jr . , whose family has controlled the paper since 1896 .","[[""Arthur_Sulzberger"", ""is"", ""New_York_Times_Company_chairman""]]","[[""Arthur_Ochs_Sulzberger_Jr"", ""is"", ""publisher""], [""Arthur_Ochs_Sulzberger_Jr"", ""family_controls"", ""New_York_Times""], [""New_York_Times"", ""founded_in"", ""1896""]]",1.0,0.0,0.0,0.0,1.0,0.7597731645493953,0.7837958480944557,0.8078185316395163,0.8318412151845767,0.8558638987296372,0.8798865822746976,0.9039092658197581,0.9279319493648186,0.951954632909879,0.9759773164549396,1.0,0.613883682367035,0.707134437279214
285,"The victim , who was also not identified , was taken to Kings County Hospital in "" extremely critical "" condition , Czartoryski said .","The shooting victim was taken to Kings County Hospital Center , where he later died , the police said .","[[""victim"", ""taken_to"", ""Kings_County_Hospital""], [""victim"", ""in_condition"", ""extremely_critical""], [""Czartoryski"", ""said"", ""victim_condition""]]","[[""shooting_victim"", ""taken_to"", ""Kings_County_Hospital_Center""], [""shooting_victim"", ""died_at"", ""Kings_County_Hospital_Center""], [""police"", ""said"", ""shooting_victim_died""]]",0.3535533905932738,0.0,0.07261336594820023,0.0,0.31622776601683794,0.599578638967199,0.5712435516721629,0.5429084643771268,0.5145733770820906,0.4862382897870545,0.45790320249201844,0.42956811519698235,0.40123302790194626,0.37289794060691017,0.34456285331187403,0.31622776601683794,0.6443650811533179,0.6525598339394444
286,"We can make life very difficult for terrorist elements , we can scatter them , we can cut off one head here and one tentacle there .","We can scatter them , we can cut off one head here and one tentacle there , but often the beast survives .","[[""we"", ""can_make_difficult"", ""terrorist_elements""], [""we"", ""can_scatter"", ""terrorist_elements""], [""we"", ""can_cut_off"", ""head""], [""we"", ""can_cut_off"", ""tentacle""]]","[[""we"", ""can_scatter"", ""them""], [""we"", ""can_cut_off"", ""head""], [""we"", ""can_cut_off"", ""tentacle""]]",0.5416666666666666,0.8397679924964905,0.9094315767288208,0.5416666666666666,0.5416666666666666,0.8595748280583405,0.8277840119191732,0.7959931957800057,0.7642023796408383,0.7324115635016709,0.7006207473625036,0.6688299312233361,0.6370391150841688,0.6052482989450014,0.573457482805834,0.5416666666666666,0.854702384122664,0.9129618665922499
287,"Phone calls to Spitzer 's office , Citigroup and Goldman Sachs were not immediately returned .",A message left with Spitzer 's office as well as Citigroup and Goldman Sachs were not immediately returned .,"[[""Spitzer"", ""has_office"", ""office""], [""office"", ""received_call"", ""caller""], [""Citigroup"", ""received_call"", ""caller""], [""Goldman_Sachs"", ""received_call"", ""caller""], [""caller"", ""made_call_to"", ""Spitzer""], [""caller"", ""made_call_to"", ""Citigroup""], [""caller"", ""made_call_to"", ""Goldman_Sachs""]]","[[""Spitzer"", ""has_office"", ""office""], [""office"", ""received_message"", ""sender""], [""Citigroup"", ""received_message"", ""sender""], [""Goldman_Sachs"", ""received_message"", ""sender""], [""sender"", ""left_message_with"", ""Spitzer""], [""sender"", ""left_message_with"", ""Citigroup""], [""sender"", ""left_message_with"", ""Goldman_Sachs""]]",0.4666666666666667,0.3972523510456085,0.8789132833480835,0.4666666666666667,0.4666666666666667,0.777006489364645,0.7459725070948472,0.7149385248250494,0.6839045425552515,0.6528705602854536,0.6218365780156558,0.590802595745858,0.5597686134760602,0.5287346312062623,0.49770064893646454,0.4666666666666667,0.8155293123410183,0.7601575558618154
288,""" We had nothing to do with @ Stake 's internal personnel decision , "" Microsoft spokesman Sean Sundwell said .",""" Microsoft had absolutely nothing to do with AtStake 's internal personnel decision , "" Sundwall said .","[[""Microsoft"", ""had_no_involvement_in"", ""Stake_internal_personnel_decision""], [""Sean_Sundwell"", ""is"", ""Microsoft_spokesman""], [""Sean_Sundwell"", ""said"", ""Microsoft_had_no_involvement""]]","[[""Microsoft"", ""had_no_involvement_in"", ""AtStake_internal_personnel_decision""], [""Sundwall"", ""said"", ""Microsoft_had_no_involvement""], [""Sundwall"", ""is"", ""Microsoft_spokesman""]]",0.5416666666666666,0.8742796182632446,0.9099026322364807,0.43333333333333335,0.8,0.8791028782185032,0.8711925903966529,0.8632823025748027,0.8553720147529522,0.847461726931102,0.8395514391092516,0.8316411512874013,0.8237308634655509,0.8158205756437007,0.8079102878218504,0.8,0.8731055935551607,0.9378685137936531
289,The series will be known as the NASCAR Nextel Cup .,Before that the division was known as the NASCAR Grand National Series .,"[[""NASCAR_Nextel_Cup"", ""is_known_as"", ""series""]]","[[""NASCAR_Grand_National_Series"", ""is_known_as"", ""division""]]",0.08333333333333333,0.0,0.0,0.0,0.08333333333333333,0.6519755880552968,0.5951113625831004,0.5382471371109041,0.4813829116387077,0.4245186861665114,0.36765446069431507,0.3107902352221187,0.2539260097499224,0.19706178427772597,0.14019755880552964,0.08333333333333333,0.6766872963276551,0.8671096523704659
290,United already has paid the city $ 34 million in penalties for not meeting the first round of employment targets .,United has paid $ 34 million in penalties for failing to meet employment targets .,"[[""United"", ""paid"", ""$34_million""], [""United"", ""paid_penalties_to"", ""city""], [""United"", ""failed_to_meet"", ""employment_targets""]]","[[""United"", ""paid"", ""$34_million""], [""United"", ""failed_to_meet"", ""employment_targets""], [""United"", ""paid_penalties_for"", ""employment_targets""]]",0.6254627916220946,0.8035650253295898,0.884721577167511,0.6254627916220946,0.6254627916220946,0.9471167441979134,0.9149513489403315,0.8827859536827496,0.8506205584251677,0.8184551631675858,0.786289767910004,0.754124372652422,0.7219589773948403,0.6897935821372583,0.6576281868796765,0.6254627916220946,0.9015383345266226,0.9155353596735618
291,They say inspectors must certify that Iraq is free of weapons of mass destruction before sanctions can be lifted .,It calls for the return of U.N. weapons inspectors to verify that Iraq is free of weapons of mass destruction .,"[[""inspectors"", ""must_certify"", ""Iraq_is_free_of_WMD""], [""Iraq"", ""must_be"", ""free_of_WMD""], [""sanctions"", ""can_be_lifted_from"", ""Iraq""], [""inspectors"", ""certify"", ""Iraq""]]","[[""U.N."", ""calls_for_return_of"", ""weapons_inspectors""], [""weapons_inspectors"", ""verify"", ""Iraq_is_free_of_WMD""], [""Iraq"", ""must_be"", ""free_of_WMD""]]",0.14433756729740643,0.6035609841346741,0.3846081495285034,0.43333333333333335,0.4844813951249544,0.8932432089648261,0.852367027580839,0.8114908461968519,0.7706146648128644,0.7297384834288774,0.6888623020448903,0.6479861206609031,0.6071099392769159,0.5662337578929287,0.5253575765089415,0.4844813951249544,0.8340477042556769,0.7562810040696095
292,"Sovereign 's shares lost 74 cents , or 4.5 % , to $ 15.68 .","Sovereign shares closed on the New York Stock Exchange at $ 15.68 , down 74 cents , or 4.5 percent .","[[""Sovereign"", ""lost"", ""74_cents""], [""Sovereign"", ""lost_percentage"", ""4.5_percent""], [""Sovereign"", ""price"", ""15.68""]]","[[""Sovereign"", ""closed_at"", ""New_York_Stock_Exchange""], [""Sovereign"", ""closed_at_price"", ""15.68""], [""Sovereign"", ""lost"", ""74_cents""], [""Sovereign"", ""lost_percentage"", ""4.5_percent""]]",1.0,0.8479349613189697,0.892953097820282,0.7080881928749334,1.0,0.976880055705265,0.9791920501347385,0.981504044564212,0.9838160389936854,0.986128033423159,0.9884400278526325,0.990752022282106,0.9930640167115795,0.995376011141053,0.9976880055705265,1.0,0.9433593914496676,0.9153444986743837
293,Heatley was sixth in the league in goals last season with 41 and ninth in points with 89 .,Heatley led Atlanta in scoring last season with a team-record 41 goals and 48 assists .,"[[""Heatley"", ""ranked_sixth_in_league_for"", ""goals""], [""Heatley"", ""scored"", ""41""], [""Heatley"", ""ranked_ninth_in_league_for"", ""points""], [""Heatley"", ""scored"", ""89""]]","[[""Heatley"", ""led"", ""Atlanta""], [""Heatley"", ""set_team_record_for"", ""goals""], [""Heatley"", ""scored"", ""41""], [""Heatley"", ""made"", ""48_assists""]]",0.4844813951249544,0.21504440903663635,0.6630234718322754,0.43333333333333335,0.4844813951249544,0.9213849723498986,0.8776946146274043,0.8340042569049098,0.7903138991824152,0.7466235414599208,0.7029331837374265,0.6592428260149321,0.6155524682924376,0.5718621105699432,0.5281717528474488,0.4844813951249544,0.7915392103203304,0.8040012566290928
294,"Making jokes about a mistake like that , that 's not something good people do .",""" They feel so happy making jokes about a mistake like that , "" Sosa said .","[[""good_people"", ""do_not_make"", ""jokes_about_mistake""]]","[[""They"", ""feel"", ""happy""], [""They"", ""make"", ""jokes_about_mistake""], [""Sosa"", ""said"", ""They_feel_happy""]]",0.5,0.0,0.21916180849075317,0.31622776601683794,0.5,0.7020321857691474,0.6818289671922327,0.6616257486153179,0.6414225300384031,0.6212193114614885,0.6010160928845737,0.5808128743076589,0.5606096557307443,0.5404064371538295,0.5202032185769148,0.5,0.671830218043448,0.7104311106035537
295,""" The government elements who have been causing trouble are still in place .","The government elements who have been causing trouble are still in place , they are attacking us . ""","[[""government_elements"", ""causing"", ""trouble""]]","[[""government_elements"", ""causing"", ""trouble""], [""government_elements"", ""attacking"", ""us""]]",1.0,0.8082687854766846,0.7864549160003662,0.4762896722078402,1.0,0.9999999991485936,0.9999999992337343,0.9999999993188748,0.9999999994040154,0.9999999994891562,0.9999999995742967,0.9999999996594374,0.9999999997445781,0.9999999998297187,0.9999999999148593,1.0,0.9999999821186065,0.8428140255060899
296,""" The board did so and accepted that resignation , "" said McCall , who chaired the meeting .",""" The board did so , and accepted that resignation , "" said the chairman of the exchange 's compensation committee , H. Carl McCall .","[[""McCall"", ""chaired"", ""meeting""], [""board"", ""accepted"", ""resignation""]]","[[""H_Carl_McCall"", ""is"", ""chairman_of_exchange_compensation_committee""], [""board"", ""accepted"", ""resignation""], [""H_Carl_McCall"", ""chaired"", ""meeting""]]",1.0,0.738327145576477,0.8174079656600952,0.6708203932499369,1.0,0.9601125941643521,0.9641013347479169,0.9680900753314818,0.9720788159150464,0.9760675564986113,0.980056297082176,0.9840450376657408,0.9880337782493056,0.9920225188328704,0.9960112594164352,1.0,0.951755736652576,0.8456979695098013
297,"Today , the Columbia Accident Investigation Board will issue its findings on what caused the accident .",The Columbia Accident Investigation Board has placed the blame for the accident squarely on Nasa .,"[[""Columbia_Accident_Investigation_Board"", ""will_issue_findings_on"", ""accident""]]","[[""Columbia_Accident_Investigation_Board"", ""placed_blame_on"", ""Nasa""], [""Nasa"", ""is_responsible_for"", ""accident""]]",0.08333333333333333,0.7749606966972351,0.732151985168457,0.4762896722078402,0.08333333333333333,0.5986751220503153,0.5471409431786171,0.4956067643069189,0.44407258543522066,0.39253840656352246,0.3410042276918243,0.2894700488201261,0.2379358699484279,0.1864016910767297,0.13486751220503151,0.08333333333333333,0.5614085486124939,0.7194100768295083
298,He was arrested Tuesday night at a northwest Atlanta tire shop after a national manhunt .,"He was arrested in Atlanta , Georgia , on Monday night by police acting on a tip-off .","[[""He"", ""arrested_at"", ""northwest_Atlanta_tire_shop""], [""He"", ""arrested_after"", ""national_manhunt""], [""He"", ""arrested_on"", ""Tuesday_night""]]","[[""He"", ""arrested_in"", ""Atlanta""], [""Atlanta"", ""location_in"", ""Georgia""], [""He"", ""arrested_on"", ""Monday_night""], [""He"", ""arrested_by"", ""police""]]",0.2916666666666667,0.0,0.38261500000953674,0.037267799624996496,0.2916666666666667,0.8945399963069316,0.8342526633429052,0.7739653303788787,0.713677997414852,0.6533906644508256,0.5931033314867992,0.5328159985227727,0.4725286655587462,0.4122413325947196,0.3519539996306932,0.2916666666666667,0.7543118092018519,0.8412426519868679
299,"Although obesity can increase the risk of health problems , skeptics argue , so do smoking and high cholesterol .","Although obesity can increase the risk of a host of health problems , skeptics argue , so do smoking and high cholesterol , which are not considered diseases .","[[""obesity"", ""can_increase_risk_of"", ""health_problems""], [""smoking"", ""can_increase_risk_of"", ""health_problems""], [""high_cholesterol"", ""can_increase_risk_of"", ""health_problems""]]","[[""obesity"", ""can_increase_risk_of"", ""health_problems""], [""smoking"", ""can_increase_risk_of"", ""health_problems""], [""high_cholesterol"", ""can_increase_risk_of"", ""health_problems""], [""smoking"", ""is_not_considered"", ""disease""], [""high_cholesterol"", ""is_not_considered"", ""disease""]]",1.0,0.6600086092948914,0.9216929078102112,0.2608745973749754,1.0,0.9999999989350321,0.9999999990415289,0.9999999991480257,0.9999999992545223,0.9999999993610192,0.999999999467516,0.9999999995740129,0.9999999996805096,0.9999999997870064,0.9999999998935032,1.0,0.9999999746680241,0.9446964251764547
300,"Gillette shares rose $ 1.45 , or 4.5 percent , to $ 33.95 in afternoon New York Stock Exchange trading .",Shares of Gillette closed down 45 cents at $ 33.70 in trading Wednesday on the New York Stock Exchange .,"[[""Gillette"", ""shares_rose"", ""1.45""], [""Gillette"", ""shares_rose_percentage"", ""4.5_percent""], [""Gillette"", ""trading_at"", ""33.95""], [""Gillette"", ""location"", ""New_York_Stock_Exchange""]]","[[""Gillette"", ""shares_closed"", ""33.70""], [""Gillette"", ""shares_fell"", ""45_cents""], [""Gillette"", ""trading_on"", ""New_York_Stock_Exchange""], [""Gillette"", ""trading_day"", ""Wednesday""]]",0.2608745973749754,0.0,0.36221742630004883,0.23333333333333334,0.7080881928749334,0.9108242184293529,0.890550615873911,0.8702770133184691,0.850003410763027,0.829729808207585,0.8094562056521432,0.7891826030967013,0.7689090005412593,0.7486353979858174,0.7283617954303754,0.7080881928749334,0.7573266154706958,0.8120757588545786
301,"We need to challenge old habits and seriously rethink business-as-usual , "" he wrote .",""" We need to change old habits and seriously rethink business-as-usual . """,[],[],,,,,,,,,,,,,,,,,,
302,"Her lawyer , William Zabel , could not be reached .","Ms. Kennedy Cuomo 's lawyer , William D. Zabel , said she would not comment .","[[""William_Zabel"", ""is"", ""lawyer""], [""William_Zabel"", ""could_not_be_reached_by"", ""her""]]","[[""William_D_Zabel"", ""is"", ""lawyer_of""], [""Ms_Kennedy_Cuomo"", ""will_not_comment"", ""according_to""], [""William_D_Zabel"", ""said"", ""Ms_Kennedy_Cuomo_will_not_comment""]]",0.4762896722078402,0.0,0.01665632426738739,0.0,0.4762896722078402,0.8386072437279445,0.802375486575934,0.7661437294239237,0.7299119722719132,0.6936802151199027,0.6574484579678923,0.621216700815882,0.5849849436638714,0.5487531865118611,0.5125214293598506,0.4762896722078402,0.7829261763393844,0.6077735227527223
303,"Axcan 's shares closed down 63 Canadian cents , or 4 percent , at C $ 16.93 in Toronto on Tuesday .","Axcan 's shares were down 3.8 percent , or 66 Canadian cents , at C $ 16.90 in Toronto on Tuesday .","[[""Axcan"", ""shares_closed_at"", ""C$16.93""], [""Axcan"", ""shares_closed_in"", ""Toronto""], [""Axcan"", ""shares_closed_on"", ""Tuesday""], [""C$16.93"", ""down_by"", ""63_Canadian_cents""], [""C$16.93"", ""down_by_percentage"", ""4_percent""]]","[[""Axcan"", ""shares_were_at"", ""C$16.90""], [""Axcan"", ""shares_were_in"", ""Toronto""], [""Axcan"", ""shares_were_on"", ""Tuesday""], [""C$16.90"", ""down_by"", ""66_Canadian_cents""], [""C$16.90"", ""down_by_percentage"", ""3.8_percent""]]",1.0,0.0,0.5303143858909607,0.3611111111111111,1.0,0.9178027238464821,0.9260224514618339,0.9342421790771858,0.9424619066925375,0.9506816343078892,0.958901361923241,0.9671210895385929,0.9753408171539446,0.9835605447692964,0.9917802723846482,1.0,0.8943257424945505,0.9359391833276078
304,"The male eagle was found by a zookeeper early Thursday , suffering from severe puncture wounds in his abdomen .","The 21-year-old eagle , found by a zookeeper early Thursday , had severe puncture wounds to his abdomen and back , spokeswoman Julie Mason said .","[[""male_eagle"", ""found_by"", ""zookeeper""], [""male_eagle"", ""suffering_from"", ""severe_puncture_wounds""], [""severe_puncture_wounds"", ""location"", ""abdomen""]]","[[""21-year-old_eagle"", ""found_by"", ""zookeeper""], [""21-year-old_eagle"", ""suffering_from"", ""severe_puncture_wounds""], [""severe_puncture_wounds"", ""location"", ""abdomen""], [""severe_puncture_wounds"", ""location"", ""back""], [""Julie_Mason"", ""said"", ""zookeeper_found_21-year-old_eagle""]]",1.0,0.6048454642295837,0.7339214086532593,0.4094615124266628,1.0,0.958287843357756,0.9624590590219804,0.9666302746862048,0.9708014903504292,0.9749727060146536,0.979143921678878,0.9833151373431024,0.9874863530073268,0.9916575686715512,0.9958287843357756,1.0,0.9596464863067877,0.7445178697199168
305,"They calculate that one-third of those taking the drug would gain an average of 11 years of life , free of cardiovascular disease .","Still , the scientists said , a third of those taking it would benefit , gaining an average of 11 years free of cardiovascular disease .","[[""drug"", ""would_gain"", ""11_years_of_life""], [""11_years_of_life"", ""free_of"", ""cardiovascular_disease""], [""one-third_of_those_taking_drug"", ""would_gain"", ""11_years_of_life""]]","[[""scientists"", ""said"", ""a_third_would_benefit""], [""a_third"", ""would_gain"", ""11_years""], [""11_years"", ""free_of"", ""cardiovascular_disease""]]",0.3367876570272817,0.0,0.21261143684387207,0.22360679774997896,0.3367876570272817,0.8135183792630293,0.7658453070394545,0.7181722348158798,0.670499162592305,0.6228260903687303,0.5751530181451555,0.5274799459215808,0.479806873698006,0.4321338014744312,0.38446072925085645,0.3367876570272817,0.7910913743427972,0.779087689314103
306,"Initial reports said the attackers fired from a mosque within in the city , 30 miles west of Baghdad .","The Centcom statement said the gunmen appeared to have fired from a mosque in the city , 50 km ( 32 miles ) west of Baghdad .","[[""attackers"", ""fired_from"", ""mosque""], [""mosque"", ""location"", ""city""], [""city"", ""distance_from"", ""Baghdad""], [""city"", ""distance"", ""30_miles_west""]]","[[""gunmen"", ""fired_from"", ""mosque""], [""mosque"", ""location"", ""city""], [""city"", ""distance_from"", ""Baghdad""], [""city"", ""distance"", ""32_miles_west""]]",0.8,0.8491848111152649,0.8361717462539673,0.3,0.8,0.9803681139316136,0.9623313025384523,0.944294491145291,0.9262576797521295,0.9082208683589682,0.8901840569658068,0.8721472455726454,0.8541104341794841,0.8360736227863228,0.8180368113931614,0.8,0.9499937994968461,0.967140885861181
307,""" The Matrix Reloaded , "" which opened in limited previews Wednesday night , took in an estimated $ 135.8 million for all five days .","Matrix Reloaded opened in limited previews Wednesday night , and its total for all five days was estimated at $ 135.8 million .","[[""The_Matrix_Reloaded"", ""opened_in"", ""limited_previews""], [""The_Matrix_Reloaded"", ""took_in"", ""$135.8_million""], [""The_Matrix_Reloaded"", ""preview_night"", ""Wednesday""], [""The_Matrix_Reloaded"", ""total_for"", ""five_days""]]","[[""Matrix_Reloaded"", ""opened_in"", ""limited_previews""], [""Matrix_Reloaded"", ""total_for"", ""five_days""], [""Matrix_Reloaded"", ""estimated_at"", ""$135.8_million""], [""Matrix_Reloaded"", ""preview_night"", ""Wednesday""]]",1.0,0.9622434377670288,0.9295246005058289,0.8,1.0,0.9584600298975036,0.9626140269077532,0.966768023918003,0.9709220209282525,0.9750760179385022,0.9792300149487518,0.9833840119590014,0.9875380089692511,0.9916920059795007,0.9958460029897503,1.0,0.9430430227256755,0.9703597905213912
308,"The captain , Michael J. Gansas , was notified yesterday by the city 's Department of Transportation that an agency hearing officer recommended that he be fired .",Gansas got more bad news yesterday from the city Department of Transportation - a hearing officer recommended that he be fired .,"[[""Michael_J._Gansas"", ""notified_by"", ""Department_of_Transportation""], [""Department_of_Transportation"", ""recommended_firing_of"", ""Michael_J._Gansas""], [""Michael_J._Gansas"", ""position"", ""captain""]]","[[""Gansas"", ""received_bad_news_from"", ""Department_of_Transportation""], [""Department_of_Transportation"", ""recommended_firing_of"", ""Gansas""]]",0.4762896722078402,0.19645370543003082,0.44937118887901306,0.408248290463863,0.4762896722078402,0.8182811209718814,0.7840819760954774,0.7498828312190733,0.715683686342669,0.6814845414662649,0.6472853965898608,0.6130862517134568,0.5788871068370526,0.5446879619606484,0.5104888170842443,0.4762896722078402,0.7514655426864904,0.8705080219857426
309,"But he is the only candidate who has won national labor endorsements so far , picking up his 11th union on Tuesday when the United Steelworkers of America endorsed him .","But he is the only candidate who has won national labor endorsements so far , picking up his 11th on Tuesday .","[[""he"", ""won"", ""national_labor_endorsements""], [""he"", ""picked_up"", ""11th_union""], [""United_Steelworkers_of_America"", ""endorsed"", ""he""]]","[[""he"", ""won"", ""national_labor_endorsements""], [""he"", ""picked_up"", ""11th""]]",0.3367876570272817,0.6952624917030334,0.6150020360946655,0.3367876570272817,0.3367876570272817,0.8875393075913098,0.8324641425349071,0.7773889774785042,0.7223138124221014,0.6672386473656986,0.6121634823092957,0.557088317252893,0.5020131521964901,0.4469379871400873,0.3918628220836845,0.3367876570272817,0.8690750006836903,0.8369021591138545
310,Chi-Chi 's has agreed to keep the restaurant closed until Jan. 2 - two months after it voluntarily closed following initial reports of the disease .,Chi-Chi 's has agreed to keep the restaurant closed until Jan. 2 -- two months after it voluntarily closed when the disease was first reported .,"[[""Chi-Chi"", ""has_agreed_to_keep_closed_until"", ""Jan_2""], [""Chi-Chi"", ""voluntarily_closed_after"", ""initial_reports_of_disease""], [""Chi-Chi"", ""closed_for"", ""two_months""]]","[[""Chi-Chi"", ""has_agreed_to_keep_closed_until"", ""Jan_2""], [""Chi-Chi"", ""voluntarily_closed_after"", ""first_report_of_disease""], [""Chi-Chi"", ""closed_for"", ""two_months""]]",1.0,0.9343328475952148,0.8545213937759399,0.5416666666666666,1.0,0.9988996114736799,0.999009650326312,0.999119689178944,0.9992297280315758,0.9993397668842079,0.99944980573684,0.999559844589472,0.999669883442104,0.999779922294736,0.999889961147368,1.0,0.9920046429419535,0.9948629832739084
311,"The skull is then punctured , the brain suctioned out , and that causes the skull to collapse so it can be removed from the birth canal .","The skull is then punctured and the brain suctioned out , causing the skull to collapse and easing passage through the birth canal .","[[""skull"", ""is_punctured"", ""skull""], [""skull"", ""has_brain_suctioned_out"", ""brain""], [""brain"", ""is_suctioned_out"", ""skull""], [""skull"", ""collapses"", ""skull""], [""skull"", ""is_removed_from"", ""birth_canal""]]","[[""skull"", ""is_punctured"", ""skull""], [""skull"", ""has_brain_suctioned_out"", ""brain""], [""brain"", ""is_suctioned_out"", ""skull""], [""skull"", ""collapses"", ""skull""], [""skull"", ""eases_passage_through"", ""birth_canal""]]",1.0,1.0,1.0,1.0,1.0,0.9893902372602766,0.9904512135342489,0.9915121898082213,0.9925731660821937,0.993634142356166,0.9946951186301383,0.9957560949041107,0.996817071178083,0.9978780474520553,0.9989390237260276,1.0,0.9369678665394471,0.857825032535209
312,"They varied greatly , ranging from one per cent or two per cent to 36 per cent for a speciality US brand called American Spirit .",The results ranged from 1 per cent or 2 per cent to 36 per cent for a speciality brand called American Spirit .,"[[""American_Spirit"", ""has_percentage"", ""36_per_cent""], [""American_Spirit"", ""is"", ""speciality_US_brand""]]","[[""American_Spirit"", ""has_percentage"", ""36_per_cent""], [""American_Spirit"", ""is"", ""speciality_brand""]]",1.0,0.9443710446357727,0.8672998547554016,0.3888888888888889,1.0,0.9910215008731712,0.991919350785854,0.992817200698537,0.9937150506112198,0.9946129005239027,0.9955107504365857,0.9964086003492685,0.9973064502619513,0.9982043001746342,0.9991021500873172,1.0,0.9800730970374857,0.9956043033450828
313,"The best the investigators can do is nitpick about the process and substance of isolated business decisions ... and question his competence as a manager . ""","Ebbers ' lawyer , Reid Weingarten , said despite the thorough investigation , "" the best the investigators can do is nitpick about the process and substance of isolated business decisions . ""","[[""investigators"", ""can_nitpick"", ""process""], [""investigators"", ""can_nitpick"", ""substance""], [""investigators"", ""can_question"", ""competence""], [""competence"", ""of"", ""manager""]]","[[""Ebbers"", ""has_lawyer"", ""Reid_Weingarten""], [""Reid_Weingarten"", ""said"", ""statement""], [""investigators"", ""can_nitpick"", ""process""], [""investigators"", ""can_nitpick"", ""substance""], [""investigators"", ""conducted"", ""thorough_investigation""]]",0.4844813951249544,0.0,0.5656600594520569,0.3662335103823572,0.4844813951249544,0.8606128464040348,0.8229997012761269,0.7853865561482187,0.7477734110203107,0.7101602658924026,0.6725471207644946,0.6349339756365866,0.5973208305086786,0.5597076853807704,0.5220945402528624,0.4844813951249544,0.7852682565132731,0.6300417580423916
314,"Cox said state police would still help his office in the investigation , but Sturdivant would not be involved .","On Friday , authorities had said the state police would head the investigation .","[[""Cox"", ""said"", ""state_police_would_help""], [""state_police"", ""would_help"", ""Cox_office""], [""Sturdivant"", ""would_not_be_involved"", ""investigation""]]","[[""authorities"", ""said"", ""state_police_would_head_investigation""], [""state_police"", ""would_head"", ""investigation""]]",0.41247895569215276,0.10651826858520508,0.19647318124771118,0.2381448361039201,0.3746343246326776,0.7430136303634999,0.7061756997904177,0.6693377692173355,0.6324998386442531,0.5956619080711709,0.5588239774980888,0.5219860469250065,0.48514811635192434,0.4483101857788421,0.4114722552057598,0.3746343246326776,0.666164510580348,0.6532248601113411
315,AMD will own a 60 percent interest in the new company and Fujitsu owns 40 percent .,"Fujitsu will own 40 percent of the company , which will be headquartered in Sunnyvale , Calif .","[[""AMD"", ""owns"", ""60_percent_interest""], [""Fujitsu"", ""owns"", ""40_percent_interest""], [""AMD"", ""has_interest_in"", ""new_company""], [""Fujitsu"", ""has_interest_in"", ""new_company""]]","[[""Fujitsu"", ""owns"", ""40_percent_of_company""], [""company"", ""headquartered_in"", ""Sunnyvale""], [""company"", ""located_in"", ""Calif""]]",0.125,0.0,0.24946345388889313,0.03333333333333333,0.29814239699997197,0.6614472362922862,0.6251167523630548,0.5887862684338233,0.5524557845045919,0.5161253005753605,0.4797948166461291,0.44346433271689767,0.40713384878766623,0.3708033648584348,0.33447288092920335,0.29814239699997197,0.6295360291845116,0.6906105648108509
316,FBI spokesman Steve Lazarus did not immediately return a phone call for comment on Friday .,Adaptable and Carter 's Trading Co. did not immediately return calls seeking comment on Wednesday .,"[[""FBI"", ""spokesman"", ""Steve_Lazarus""], [""Steve_Lazarus"", ""did_not_return_call_on"", ""Friday""]]","[[""Adaptable"", ""did_not_return_calls_on"", ""Wednesday""], [""Carter_Trading_Co"", ""did_not_return_calls_on"", ""Wednesday""]]",0.0,0.0,0.0,0.0,0.0,0.32198743708751904,0.2897886933787671,0.25758994967001525,0.2253912059612633,0.1931924622525114,0.16099371854375952,0.12879497483500763,0.09659623112625572,0.0643974874175038,0.0321987437087519,0.0,0.42133803770858935,0.5517873013420453
317,The European Union banned the import of genetically modified food in 1998 ; the United States is now demanding that the EU end its ban .,The union banned the import of genetically modified food in 1998 after many consumers feared health risks .,"[[""European_Union"", ""banned"", ""genetically_modified_food""], [""European_Union"", ""imposed_ban_in"", ""1998""], [""United_States"", ""demands"", ""European_UnionToEnd_ban""]]","[[""union"", ""banned"", ""genetically_modified_food""], [""union"", ""imposed_ban_in"", ""1998""], [""consumers"", ""feared"", ""health_risks""], [""genetically_modified_food"", ""poses"", ""health_risks""]]",0.5773502691896257,0.4273739159107208,0.5245615839958191,0.23333333333333334,0.5163977794943223,0.8422226618224173,0.8096401735896078,0.7770576853567984,0.7444751971239888,0.7118927088911793,0.6793102206583699,0.6467277324255603,0.6141452441927508,0.5815627559599412,0.5489802677271318,0.5163977794943223,0.8081907281884634,0.5156558897610511
318,""" They are trying to turn him into a martyr , "" said Vicki Saporta , president of the National Abortion Federation , which tracks abortion-related violence .",""" We need to take these threats seriously , "" said Vicki Saporta , president of the National Abortion Federation .","[[""Vicki_Saporta"", ""said"", ""They_are_trying_to_turn_him_into_a_martyr""], [""Vicki_Saporta"", ""is"", ""president_of_National_Abortion_Federation""], [""National_Abortion_Federation"", ""tracks"", ""abortion-related_violence""]]","[[""Vicki_Saporta"", ""said"", ""We_need_to_take_these_threats_seriously""], [""Vicki_Saporta"", ""is"", ""president_of_National_Abortion_Federation""]]",0.09622504486493763,0.43629321455955505,0.5597031116485596,0.30123203803835463,0.3333333333333333,0.7791509498324197,0.734569188182511,0.6899874265326025,0.6454056648826938,0.6008239032327851,0.5562421415828765,0.5116603799329679,0.4670786182830593,0.42249685663315056,0.37791509498324194,0.3333333333333333,0.7222366886783175,0.7443684236926982
319,"Daniel C. Clark and James Hargadon ; a former priest , Bruce Ewing ; and two teachers are awaiting trial .","Two other priests , the Revs Daniel C Clark and James Hargadon , and a former priest , Bruce Ewing , are awaiting trial .","[[""Daniel_C_Clark"", ""isAwaitingTrialWith"", ""James_Hargadon""], [""Daniel_C_Clark"", ""isAwaitingTrialWith"", ""Bruce_Ewing""], [""James_Hargadon"", ""isAwaitingTrialWith"", ""Bruce_Ewing""], [""Daniel_C_Clark"", ""isAwaitingTrialWith"", ""two_teachers""], [""James_Hargadon"", ""isAwaitingTrialWith"", ""two_teachers""], [""Bruce_Ewing"", ""isAwaitingTrialWith"", ""two_teachers""]]","[[""Daniel_C_Clark"", ""isAwaitingTrialWith"", ""James_Hargadon""], [""Daniel_C_Clark"", ""isAwaitingTrialWith"", ""Bruce_Ewing""], [""James_Hargadon"", ""isAwaitingTrialWith"", ""Bruce_Ewing""], [""Daniel_C_Clark"", ""occupation"", ""priest""], [""James_Hargadon"", ""occupation"", ""priest""], [""Bruce_Ewing"", ""formerOccupation"", ""priest""]]",0.14433756729740643,0.1964987963438034,0.838100790977478,0.125,0.14433756729740643,0.8983501445133831,0.8229488867917855,0.7475476290701878,0.6721463713485901,0.5967451136269925,0.5213438559053948,0.4459425981837971,0.3705413404621995,0.2951400827406017,0.21973882501900407,0.14433756729740643,0.9177072325209944,0.919132054224605
320,"Dunlap won both the swimsuit competition and the talent portion of the competition , singing "" If I Could . ""","She won the talent portion singing "" If I Could "" and also won in evening wear .","[[""Dunlap"", ""won"", ""swimsuit_competition""], [""Dunlap"", ""won"", ""talent_portion""], [""Dunlap"", ""sang"", ""If_I_Could""]]","[[""Dunlap"", ""won"", ""talent_portion""], [""Dunlap"", ""sang"", ""If_I_Could""], [""Dunlap"", ""won"", ""evening_wear""]]",0.6254627916220946,0.7830891609191895,0.9080349802970886,0.5416666666666666,0.6254627916220946,0.9530992676981792,0.9203356200905708,0.8875719724829623,0.8548083248753537,0.8220446772677454,0.7892810296601369,0.7565173820525284,0.7237537344449201,0.6909900868373116,0.658226439229703,0.6254627916220946,0.9460306765098782,0.8087064523917437
321,"Marissa Jaret Winokur , as Tracy , won for best actress in a musical .","Newcomer Marissa Jaret Winokur in "" Hairspray "" bested Broadway veteran Bernadette Peters in "" Gypsy "" for best actress in a musical .","[[""Marissa_Jaret_Winokur"", ""played"", ""Tracy""], [""Marissa_Jaret_Winokur"", ""won"", ""best_actress_in_a_musical""]]","[[""Marissa_Jaret_Winokur"", ""played_in"", ""Hairspray""], [""Marissa_Jaret_Winokur"", ""won"", ""best_actress_in_a_musical""], [""Marissa_Jaret_Winokur"", ""bested"", ""Bernadette_Peters""], [""Bernadette_Peters"", ""played_in"", ""Gypsy""]]",0.3888888888888889,0.0,0.5289970636367798,0.30123203803835463,0.3888888888888889,0.9215751357112515,0.8683065110290152,0.8150378863467791,0.7617692616645427,0.7085006369823065,0.6552320123000702,0.601963387617834,0.5486947629355977,0.49542613825336135,0.44215751357112515,0.3888888888888889,0.8406702528485543,0.8695710539986016
322,The arrests revealed new details about the four-month investigation at Selenski 's Mount Olivet Road home .,Kerkowski and Fassett 's bodies were unearthed at Selenski 's Mount Olivet Road home on June 5 .,"[[""arrests"", ""revealed_details_about"", ""investigation""], [""investigation"", ""location"", ""Selenski""], [""investigation"", ""location"", ""Mount_Olivet_Road_home""], [""Selenski"", ""owner_of"", ""Mount_Olivet_Road_home""]]","[[""Kerkowski"", ""body_unearthed_at"", ""Mount_Olivet_Road_home""], [""Fassett"", ""body_unearthed_at"", ""Mount_Olivet_Road_home""], [""Mount_Olivet_Road_home"", ""owner"", ""Selenski""], [""bodies"", ""unearthed_on"", ""June_5""]]",0.07453559924999299,0.0,0.25109371542930603,0.06804138174397717,0.07453559924999299,0.732340482818508,0.6665599944616566,0.600779506104805,0.5349990177479536,0.46921852939110203,0.4034380410342505,0.337657552677399,0.27187706432054753,0.20609657596369596,0.1403160876068445,0.07453559924999299,0.5877555331067872,0.5460533594934989
323,"Diane Lade of the South Florida Sun-Sentinel , a Tribune Publishing newspaper , contributed to this report .",Staff Writer Diane Lade and The Associated Press contributed to this report .,"[[""Diane_Lade"", ""contributed_to"", ""report""], [""Diane_Lade"", ""works_for"", ""South_Florida_Sun-Sentinel""], [""South_Florida_Sun-Sentinel"", ""is"", ""Tribune_Publishing_newspaper""]]","[[""Diane_Lade"", ""contributed_to"", ""report""], [""Diane_Lade"", ""is"", ""Staff_Writer""], [""The_Associated_Press"", ""contributed_to"", ""report""]]",0.08333333333333333,0.0,0.5317256450653076,0.08333333333333333,0.08333333333333333,0.7919846753413959,0.7211195411405896,0.6502544069397835,0.5793892727389771,0.5085241385381709,0.43765900433736465,0.3667938701365584,0.29592873593575214,0.22506360173494583,0.15419846753413957,0.08333333333333333,0.7608429915473374,0.7376891417798911
324,"Pen Hadow , who became the first person to reach the geographic North Pole unsupported from Canada , has just over two days of rations left .","Pen Hadow became the first man last week to reach the geographic North Pole on an unsupported trek through Canada , a journey of about 770 km .","[[""Pen_Hadow"", ""reached"", ""geographic_North_Pole""], [""Pen_Hadow"", ""started_from"", ""Canada""], [""Pen_Hadow"", ""has"", ""two_days_of_rations_left""]]","[[""Pen_Hadow"", ""became_first_man_to_reach"", ""geographic_North_Pole""], [""Pen_Hadow"", ""traveled_through"", ""Canada""], [""geographic_North_Pole"", ""distance_from_Canada"", ""770_km""]]",0.6254627916220946,0.5771909356117249,0.6512240171432495,0.3333333333333333,0.6254627916220946,0.8501383433418506,0.8276707881698749,0.8052032329978994,0.7827356778259237,0.7602681226539483,0.7378005674819725,0.715333012309997,0.6928654571380214,0.6703979019660458,0.6479303467940702,0.6254627916220946,0.7118654184796294,0.7536660736410702
325,"On Jan. 10 , Shawanda Denise McCalister , who was also pregnant , was found bound and strangled in her apartment in the same neighbourhood .","On Jan. 1 , Nikia Shanell Kilpatrick , who was pregnant , was found bound and strangled in her apartment .","[[""Shawanda_Denise_McCalister"", ""found_in"", ""apartment""], [""Shawanda_Denise_McCalister"", ""was_found"", ""bound_and_strangled""], [""Shawanda_Denise_McCalister"", ""was"", ""pregnant""]]","[[""Nikia_Shanell_Kilpatrick"", ""found_in"", ""apartment""], [""Nikia_Shanell_Kilpatrick"", ""was_found"", ""bound_and_strangled""], [""Nikia_Shanell_Kilpatrick"", ""was"", ""pregnant""]]",0.75,0.9197281002998352,0.934441089630127,0.75,0.75,0.6132460770982331,0.6269214693884098,0.6405968616785865,0.6542722539687631,0.6679476462589399,0.6816230385491165,0.6952984308392932,0.7089738231294699,0.7226492154196467,0.7363246077098233,0.75,0.811733993311045,0.787124202375653
326,"Two weeks later on New Year 's night , Nikia Shanell Kilpatrick was discovered bound and strangled in her apartment .","On Jan. 1 , Nikia Shanell Kilpatrick , who was pregnant , was found bound and strangled in her apartment .","[[""Nikia_Shanell_Kilpatrick"", ""was_discovered"", ""New_Year\""s_night""], [""Nikia_Shanell_Kilpatrick"", ""was_found_in"", ""apartment""], [""Nikia_Shanell_Kilpatrick"", ""was_bound_and_strangled"", ""apartment""]]","[[""Nikia_Shanell_Kilpatrick"", ""was_found"", ""Jan._1""], [""Nikia_Shanell_Kilpatrick"", ""was_pregnant"", ""True""], [""Nikia_Shanell_Kilpatrick"", ""was_found_in"", ""apartment""], [""Nikia_Shanell_Kilpatrick"", ""was_bound_and_strangled"", ""apartment""]]",0.3888888888888889,0.5444220304489136,0.6243309378623962,0.3367876570272817,0.3888888888888889,0.9776312695991176,0.9187570315280947,0.8598827934570719,0.801008555386049,0.7421343173150261,0.6832600792440032,0.6243858411729803,0.5655116031019576,0.5066373650309346,0.4477631269599118,0.3888888888888889,0.8919722493832785,0.8785533413650273
327,"The Nasdaq Composite Index lost 16.95 , or 1.1 percent , to 1507.76 , its first slide in five days .","The Nasdaq Composite Index rose 19.67 , or 1.3 percent , to 1523.71 , its highest since June 18 .","[[""Nasdaq_Composite_Index"", ""lost"", ""16.95""], [""Nasdaq_Composite_Index"", ""lost_percentage"", ""1.1_percent""], [""Nasdaq_Composite_Index"", ""closed_at"", ""1507.76""], [""Nasdaq_Composite_Index"", ""first_slide_in"", ""five_days""]]","[[""Nasdaq_Composite_Index"", ""rose"", ""19.67""], [""Nasdaq_Composite_Index"", ""rose_percentage"", ""1.3_percent""], [""Nasdaq_Composite_Index"", ""closed_at"", ""1523.71""], [""Nasdaq_Composite_Index"", ""highest_since"", ""June_18""]]",0.2608745973749754,0.0,0.255892813205719,0.03333333333333333,0.4844813951249544,0.8474587604487615,0.8111610239163808,0.7748632873840001,0.7385655508516193,0.7022678143192386,0.6659700777868579,0.6296723412544772,0.5933746047220965,0.5570768681897158,0.5207791316573351,0.4844813951249544,0.7119569352615627,0.7982778442660448
328,"The Institute for Supply Management said its manufacturing index was 49.4 percent last month , up from 45.4 in April .","The Institute for Supply Management 's manufacturing index rose to 49.4 in May from 45.4 in April , the biggest monthly gain since December .","[[""Institute_for_Supply_Management"", ""said"", ""manufacturing_index""], [""manufacturing_index"", ""was"", ""49.4_percent""], [""49.4_percent"", ""up_from"", ""45.4""], [""45.4"", ""in"", ""April""]]","[[""Institute_for_Supply_Management"", ""manufacturing_index"", ""49.4""], [""49.4"", ""in"", ""May""], [""49.4"", ""up_from"", ""45.4""], [""45.4"", ""in"", ""April""], [""Institute_for_Supply_Management"", ""manufacturing_index"", ""biggest_monthly_gain_since_December""], [""biggest_monthly_gain"", ""since"", ""December""]]",0.4844813951249544,0.0,0.4446490406990051,0.3425800798515744,0.7080881928749334,0.958172367390684,0.933163949939109,0.9081555324875339,0.8831471150359588,0.8581386975843837,0.8331302801328087,0.8081218626812336,0.7831134452296586,0.7581050277780835,0.7330966103265085,0.7080881928749334,0.885618139764102,0.6738602023391642
329,Dixon put his style on display Sunday afternoon in winning the Honda Indy 225 at Pikes Peak International Raceway .,Scott Dixon eventually made winning the Honda Indy 225 look easy Sunday at Pikes Peak International Raceway .,"[[""Scott_Dixon"", ""put_style_on_display_at"", ""Pikes_Peak_International_Raceway""], [""Scott_Dixon"", ""won"", ""Honda_Indy_225""]]","[[""Scott_Dixon"", ""won"", ""Honda_Indy_225""], [""Scott_Dixon"", ""raced_at"", ""Pikes_Peak_International_Raceway""]]",1.0,1.0,0.9999999403953552,1.0,1.0,0.9311655425816351,0.9380489883234716,0.944932434065308,0.9518158798071445,0.9586993255489811,0.9655827712908176,0.972466217032654,0.9793496627744905,0.9862331085163271,0.9931165542581635,1.0,0.8763489322471865,0.9420996660258443
330,A council resolution is considered essential in giving Iraqi or U.S.-controlled entities in Baghdad the legal authority to export oil .,"Without an adopted resolution , no Iraqi , U.S. or U.N. entity in Baghdad has the legal authority to export oil .","[[""council_resolution"", ""gives_legal_authority_to"", ""Iraqi_entities""], [""council_resolution"", ""gives_legal_authority_to"", ""U.S.-controlled_entities""], [""Iraqi_entities"", ""location"", ""Baghdad""], [""U.S.-controlled_entities"", ""location"", ""Baghdad""], [""council_resolution"", ""essential_for"", ""exporting_oil""]]","[[""adopted_resolution"", ""gives_legal_authority_to"", ""Iraqi_entities""], [""adopted_resolution"", ""gives_legal_authority_to"", ""U.S._entities""], [""adopted_resolution"", ""gives_legal_authority_to"", ""U.N._entities""], [""Iraqi_entities"", ""location"", ""Baghdad""], [""U.S._entities"", ""location"", ""Baghdad""], [""U.N._entities"", ""location"", ""Baghdad""], [""adopted_resolution"", ""necessary_for"", ""exporting_oil""]]",1.0,0.3658665716648102,0.8058781623840332,0.5477225575051662,1.0,0.968352507291503,0.9715172565623527,0.9746820058332024,0.9778467551040522,0.9810115043749018,0.9841762536457515,0.9873410029166012,0.990505752187451,0.9936705014583006,0.9968352507291502,1.0,0.947254564303157,0.9375396436535087
331,""" I don 't know if the person I 'm talking to now may end up being someone else at another time that may not follow the rules , "" Parrish said .",""" I don 't know whether the person I 'm talking to now may end up being someone else , "" Parrish said .","[[""Parrish"", ""said"", ""unknown_person""], [""unknown_person"", ""may_end_up_being"", ""someone_else""], [""someone_else"", ""may_not_follow"", ""rules""]]","[[""Parrish"", ""said"", ""unknown_person""], [""unknown_person"", ""may_end_up_being"", ""someone_else""]]",0.28867513459481287,0.8181772828102112,0.8183382153511047,0.28867513459481287,0.28867513459481287,0.9357676370073577,0.8710583867661031,0.8063491365248487,0.7416398862835941,0.6769306360423397,0.6122213858010852,0.5475121355598308,0.4828028853185763,0.4180936350773218,0.3533843848360673,0.28867513459481287,0.9035979560940324,0.9379692951654223
332,Shares of Microsoft rose 50 cents Friday to close at $ 28.34 a share on the Nasdaq Stock Market .,"Microsoft 's stock was up 50 cents , to $ 28.34 a share in New York yesterday .","[[""Microsoft"", ""shares_rose"", ""50_cents""], [""Microsoft"", ""closed_at"", ""$28.34""], [""Microsoft"", ""listed_on"", ""Nasdaq_Stock_Market""]]","[[""Microsoft"", ""stock_rose"", ""50_cents""], [""Microsoft"", ""stock_price"", ""$28.34""], [""Microsoft"", ""traded_in"", ""New_York""]]",0.5416666666666666,0.6300709247589111,0.6551266312599182,0.5416666666666666,0.5416666666666666,0.9119685167572945,0.8749383317482318,0.8379081467391689,0.8008779617301061,0.7638477767210433,0.7268175917119806,0.6897874067029177,0.652757221693855,0.6157270366847922,0.5786968516757294,0.5416666666666666,0.7500489160533608,0.8403644859528315
333,"Southwest 's net income amounted to $ 246 million , or 30 cents per share .","With the government grant added in , the airline earned $ 246 million , or 30 cents a share .","[[""Southwest"", ""net_income"", ""246_million""], [""Southwest"", ""net_income_per_share"", ""30_cents""]]","[[""airline"", ""earned"", ""246_million""], [""airline"", ""earned_per_share"", ""30_cents""]]",0.6666666666666666,0.5431299209594727,0.6017037630081177,0.6666666666666666,0.6666666666666666,0.5856801667856306,0.5937788167737342,0.6018774667618378,0.6099761167499413,0.6180747667380451,0.6261734167261486,0.6342720667142523,0.6423707167023558,0.6504693666904594,0.658568016678563,0.6666666666666666,0.6486379642539171,0.6818246050887401
334,"Mr Eddington described Monday 's talks with union leaders as "" sensible "" .",Mr Eddington is to meet union leaders today and tomorrow .,"[[""Mr_Eddington"", ""described"", ""talks_with_union_leaders""], [""talks_with_union_leaders"", ""held_on"", ""Monday""], [""talks_with_union_leaders"", ""characterized_as"", ""sensible""], [""Mr_Eddington"", ""had_talks_with"", ""union_leaders""]]","[[""Mr_Eddington"", ""will_meet"", ""union_leaders""], [""Mr_Eddington"", ""will_meet_on"", ""today""], [""Mr_Eddington"", ""will_meet_on"", ""tomorrow""]]",0.1767766952966369,0.0,0.2648014426231384,0.2608745973749754,0.4082482904638631,0.7972466648305557,0.7583468273938865,0.7194469899572172,0.6805471525205479,0.6416473150838786,0.6027474776472094,0.5638476402105401,0.5249478027738709,0.4860479653372016,0.4471481279005323,0.4082482904638631,0.6970502197488985,0.7773873776629142
335,""" We will work with the board to ensure a smooth transition . ""","He said federal regulators would work with the corporation to ensure a "" smooth transition . ""","[[""We"", ""will_work_with"", ""board""], [""board"", ""ensure"", ""smooth_transition""]]","[[""Peter"", ""said"", ""federal_regulators""], [""federal_regulators"", ""will_work_with"", ""corporation""], [""corporation"", ""ensure"", ""smooth_transition""]]",0.3333333333333333,0.12768785655498505,0.4200325906276703,0.28867513459481287,0.3333333333333333,0.6204586366015858,0.5917461062747607,0.5630335759479353,0.53432104562111,0.5056085152942849,0.47689598496745955,0.44818345464063436,0.41947092431380906,0.3907583939869838,0.36204586366015856,0.3333333333333333,0.6801893721879959,0.4202072121553128
336,The discovery was published yesterday in the New England Journal of Medicine .,They appear in the Oct. 23 issue of The New England Journal of Medicine .,"[[""discovery"", ""published_in"", ""New_England_Journal_of_Medicine""]]","[[""they"", ""appear_in"", ""New_England_Journal_of_Medicine""], [""New_England_Journal_of_Medicine"", ""issue_on"", ""Oct_23""]]",0.5,0.338066041469574,0.271325021982193,0.06804138174397717,0.5,0.7648971458704723,0.7384074312834251,0.7119177166963778,0.6854280021093306,0.6589382875222833,0.6324485729352362,0.605958858348189,0.5794691437611417,0.5529794291740945,0.5264897145870472,0.5,0.6796927027979589,0.7890443458424696
337,"Respondents who rated current business conditions as "" bad "" increased to 30.4 % from 28.1 % in June .",""" Those rating present business conditions as ' bad ' increased to 30.4 per cent from 28.1 per cent , "" the report said .","[[""Respondents"", ""rated"", ""current_business_conditions""], [""current_business_conditions"", ""rated_as"", ""bad""], [""Respondents"", ""increased_to"", ""30.4%""], [""30.4%"", ""from"", ""28.1%""], [""28.1%"", ""in"", ""June""]]","[[""Those"", ""rating"", ""present_business_conditions""], [""present_business_conditions"", ""rated_as"", ""bad""], [""Those"", ""increased_to"", ""30.4%""], [""30.4%"", ""from"", ""28.1%""], [""report"", ""said"", ""increase""]]",0.4844813951249544,0.32708999514579773,0.6460685729980469,0.23145502494313785,0.45643546458763845,0.9014581807586715,0.8569559091415683,0.8124536375244649,0.7679513659073616,0.7234490942902582,0.678946822673155,0.6344445510560517,0.5899422794389484,0.545440007821845,0.5009377362047417,0.45643546458763845,0.8617328667904237,0.6714683215321962
338,""" Three Weeks in October "" goes on sale Monday , nearly a year after the Washington , D.C.-area sniper shootings started .","Moose 's book goes on sale Monday , nearly a year after the sniper shootings started in the Washington area .","[[""Three_Weeks_in_October"", ""goes_on_sale"", ""Monday""], [""Washington_D.C.-area_sniper_shootings"", ""started"", ""nearly_a_year_ago""], [""Three_Weeks_in_October"", ""related_to"", ""Washington_D.C.-area_sniper_shootings""]]","[[""Moose"", ""creator_of"", ""book""], [""book"", ""goes_on_sale"", ""Monday""], [""sniper_shootings"", ""started_in"", ""Washington_area""], [""book"", ""related_to"", ""sniper_shootings""]]",0.2916666666666667,0.0,0.3114857077598572,0.22360679774997896,0.2916666666666667,0.6885957252862899,0.6489028194243276,0.6092099135623653,0.5695170077004029,0.5298241018384405,0.49013119597647825,0.45043829011451597,0.4107453842525537,0.3710524783905913,0.33135957252862897,0.2916666666666667,0.6820141326777556,0.6510114378472709
339,"A base configuration with a 2.0GHz Intel Celeron processor , 128M bytes of memory , a 40G-byte hard drive , and a CD-ROM drive costs US $ 729 .","A base configuration with a 2.4GHz Pentium 4 , 128MB of RAM , a 40GB hard drive , and a CD-ROM drive costs $ 699 .","[[""Base_configuration"", ""has_processor"", ""Intel_Celeron""], [""Base_configuration"", ""has_memory"", ""128M_bytes""], [""Base_configuration"", ""has_hard_drive"", ""40G-byte_hard_drive""], [""Base_configuration"", ""has_drive"", ""CD-ROM_drive""], [""Base_configuration"", ""costs"", ""US_$729""]]","[[""Base_configuration"", ""has_processor"", ""Pentium_4""], [""Base_configuration"", ""has_memory"", ""128MB""], [""Base_configuration"", ""has_hard_drive"", ""40GB_hard_drive""], [""Base_configuration"", ""has_drive"", ""CD-ROM_drive""], [""Base_configuration"", ""costs"", ""US_$699""]]",0.6944444444444444,0.6882708668708801,0.6414220929145813,0.19444444444444445,0.6944444444444444,0.9716922418763232,0.9439674621331353,0.9162426823899474,0.8885179026467596,0.8607931229035717,0.8330683431603838,0.8053435634171959,0.777618783674008,0.7498940039308202,0.7221692241876323,0.6944444444444444,0.9176656715779858,0.9358501451522099
340,"Previously , it had reported a profit of $ 12 million , or 0 cents a share , for that period .","Previously , it had reported a small profit of $ 12 million , or break-even on a per-share basis , for the period .","[[""it"", ""reported_profit"", ""$12_million""], [""it"", ""reported_earnings_per_share"", ""0_cents""]]","[[""it"", ""reported_profit"", ""$12_million""], [""it"", ""reported_earnings_per_share"", ""break-even""]]",0.3888888888888889,0.920921266078949,0.8807746767997742,0.3888888888888889,0.3888888888888889,0.9240731364649849,0.8705547117073753,0.8170362869497658,0.7635178621921561,0.7099994374345465,0.6564810126769369,0.6029625879193273,0.5494441631617177,0.49592573840410803,0.4424073136464985,0.3888888888888889,0.8755247041382623,0.9117830476449361
341,They used discarded skin from consenting patients who had undergone surgery and exposed it to UVA light at intensities similar to that of sunlight .,Sanders and colleagues at RAFT exposed skin samples removed from consenting patients during surgery to UVA light at intensities similar to that of sunlight .,"[[""consenting_patients"", ""underwent"", ""surgery""], [""discarded_skin"", ""from"", ""consenting_patients""], [""discarded_skin"", ""exposed_to"", ""UVA_light""], [""UVA_light"", ""has_intensity"", ""sunlight""]]","[[""Sanders"", ""has_colleagues"", ""colleagues_at_RAFT""], [""skin_samples"", ""removed_from"", ""consenting_patients""], [""consenting_patients"", ""underwent"", ""surgery""], [""skin_samples"", ""exposed_to"", ""UVA_light""], [""UVA_light"", ""has_intensity"", ""sunlight""], [""RAFT"", ""employed"", ""Sanders_and_colleagues""]]",0.6333333333333333,0.3847813904285431,0.6185195446014404,0.4720587952499556,0.6333333333333333,0.9462960984525624,0.9149998219406394,0.8837035454287167,0.8524072689167935,0.8211109924048707,0.7898147158929478,0.7585184393810249,0.727222162869102,0.6959258863571791,0.6646296098452562,0.6333333333333333,0.9094032646102344,0.7317170586922583
342,"His lack of co-operation was allowing other Jemaah Islamiah fugitives to remain at large , Mr Dila told the court .","His lack of co-operation was allowing other JI operatives to remain at large , where they threatened further terrorist acts , Mr Dila said .","[[""Mr_Dila"", ""told"", ""court""], [""Jemaah_Islamiah_fugitives"", ""allowed_to_remain_at_large_by"", ""his_lack_of_co-operation""], [""his_lack_of_co-operation"", ""caused_by"", ""him""]]","[[""Mr_Dila"", ""said"", ""statement""], [""JI_operatives"", ""allowed_to_remain_at_large_by"", ""his_lack_of_co-operation""], [""JI_operatives"", ""threatened"", ""further_terrorist_acts""], [""his_lack_of_co-operation"", ""caused_by"", ""him""]]",0.43333333333333335,0.6094957590103149,0.6699023246765137,0.39557740264262,0.43333333333333335,0.8438902281513626,0.8028345386695597,0.7617788491877568,0.7207231597059538,0.6796674702241509,0.6386117807423479,0.5975560912605451,0.5565004017787422,0.5154447122969392,0.4743890228151363,0.43333333333333335,0.771901838463765,0.81252999673762
343,Palm Beach County is considering adding up to $ 200 million more in incentives .,Palm Beach County is prepared to kick in another $ 200 million to build the institute 's campus .,"[[""Palm_Beach_County"", ""considering_adding"", ""$200_million""], [""Palm_Beach_County"", ""adding_incentives"", ""incentives""]]","[[""Palm_Beach_County"", ""prepared_to_kick_in"", ""$200_million""], [""Palm_Beach_County"", ""building"", ""institute_campus""], [""institute_campus"", ""funded_by"", ""$200_million""]]",0.4762896722078402,0.49707695841789246,0.7123677730560303,0.1111111111111111,0.4762896722078402,0.7569027841602656,0.7288414729650231,0.7007801617697805,0.672718850574538,0.6446575393792955,0.6165962281840529,0.5885349169888103,0.5604736057935678,0.5324122945983253,0.5043509834030827,0.4762896722078402,0.6795298626884843,0.5853651209319853
344,"We don 't know if any will be SARS , "" said Dr. James Young , Ontario 's commissioner of public safety .",""" We 're being hyper-vigilant , "" said Dr. James Young , Ontario 's commissioner of public safety .","[[""Dr._James_Young"", ""said"", ""unknown_if_any_will_be_SARS""], [""Dr._James_Young"", ""is"", ""Ontarios_commissioner_of_public_safety""]]","[[""Dr._James_Young"", ""said"", ""being_hyper-vigilant""], [""Dr._James_Young"", ""is"", ""Ontarios_commissioner_of_public_safety""]]",0.3888888888888889,0.934005618095398,0.83026522397995,0.3888888888888889,0.3888888888888889,0.7607356344422106,0.7235509598868785,0.6863662853315462,0.6491816107762141,0.6119969362208819,0.5748122616655498,0.5376275871102176,0.5004429125548854,0.46325823799955324,0.4260735634442211,0.3888888888888889,0.7651804195044782,0.7919675323980169
345,""" The SIA forecast reflects the new realities of the semiconductor industry of an 8-10 percent "" growth rate , George Scalise , the trade association 's president , said in a statement .",""" The SIA forecast reflects the new realities of the semiconductor industry of an 8-10 per cent ' ' growth rate "" , said George Scalise , the association 's president .","[[""SIA"", ""has_president"", ""George_Scalise""], [""George_Scalise"", ""made_statement"", ""SIA_forecast""], [""SIA_forecast"", ""reflects"", ""semiconductor_industry""], [""semiconductor_industry"", ""has_growth_rate"", ""8-10_percent""]]","[[""SIA"", ""has_president"", ""George_Scalise""], [""George_Scalise"", ""made_statement"", ""SIA_forecast""], [""SIA_forecast"", ""reflects"", ""semiconductor_industry""], [""semiconductor_industry"", ""has_growth_rate"", ""8-10_percent""]]",1.0,1.0,1.0,1.0,1.0,0.999999998366035,0.9999999985294316,0.9999999986928281,0.9999999988562245,0.999999999019621,0.9999999991830175,0.999999999346414,0.9999999995098106,0.999999999673207,0.9999999998366035,1.0,1.0,0.9999999872497938
346,"The civilian unemployment rate improved marginally last month -- slipping to 6.1 percent -- even as companies slashed payrolls by 93,000 .","The civilian unemployment rate improved marginally last month _ sliding down to 6.1 percent _ as companies slashed payrolls by 93,000 amid continuing mixed signals about the nation 's economic health .","[[""civilian_unemployment_rate"", ""improved_to"", ""6.1_percent""], [""companies"", ""slashed_payrolls_by"", ""93,000""]]","[[""civilian_unemployment_rate"", ""improved_to"", ""6.1_percent""], [""companies"", ""slashed_payrolls_by"", ""93,000""], [""nation"", ""has"", ""mixed_economic_health""]]",1.0,0.7459452152252197,0.8063187599182129,0.816496580927726,1.0,0.9999999983749833,0.999999998537485,0.9999999986999868,0.9999999988624884,0.99999999902499,0.9999999991874917,0.9999999993499933,0.9999999995124951,0.9999999996749966,0.9999999998374983,1.0,0.9999999791383726,0.9465778033001095
347,""" I do not wish to be present during this witness , "" he told Stanislaus County Superior Court Judge Al Girolami .",""" Yes , I do not wish to be present during this witness , "" Peterson , 31 , calmly told the judge as he was returned to his cell .","[[""Stanislaus_County_Superior_Court_Judge_Al_Girolami"", ""told"", ""he""], [""he"", ""does_not_wish_to_be_present_during"", ""witness""]]","[[""Peterson"", ""told"", ""judge""], [""Peterson"", ""does_not_wish_to_be_present_during"", ""witness""], [""Peterson"", ""age"", ""31""], [""Peterson"", ""returned_to"", ""cell""]]",0.3333333333333333,0.0,0.23392081260681152,0.25819888974716115,0.3333333333333333,0.6555368865969561,0.6233165312705938,0.5910961759442316,0.5588758206178692,0.526655465291507,0.4944351099651447,0.4622147546387825,0.4299943993124202,0.39777404398605787,0.36555368865969556,0.3333333333333333,0.7013426641127489,0.6772707293183704
348,Magnarelli said Racicot hated the Iraqi regime and looked forward to using his long years of training in the war .,"His wife said he was "" 100 percent behind George Bush "" and looked forward to using his years of training in the war .","[[""Racicot"", ""hated"", ""Iraqi_regime""], [""Racicot"", ""looked_forward_to_using_training_in"", ""war""], [""Racicot"", ""had_years_of"", ""training""], [""Magnarelli"", ""said"", ""Racicot_hated_Iraqi_regime""]]",[],,,,,,,,,,,,,,,,,,
349,"Gregory Parseghian , a former investment banker , was appointed chief executive .",Greg Parseghian was appointed the new chief executive .,"[[""Gregory_Parseghian"", ""was_appointed"", ""chief_executive""], [""Gregory_Parseghian"", ""is"", ""former_investment_banker""]]","[[""Greg_Parseghian"", ""was_appointed"", ""chief_executive""], [""Greg_Parseghian"", ""is"", ""new_chief_executive""]]",0.4762896722078402,0.20704804360866547,0.36799585819244385,0.3333333333333333,0.3888888888888889,0.839373761902882,0.7943252746014827,0.7492767873000834,0.7042282999986841,0.6591798126972848,0.6141313253958854,0.5690828380944861,0.5240343507930869,0.4789858634916875,0.4339373761902882,0.3888888888888889,0.8583053597877113,0.7172171948937057
350,"This means Berlusconi will be safe from prosecution until he leaves elected office , scheduled for 2006 .","This means Berlusconi will be safe from prosecution until his term ends in 2006 , unless his government falls before then .","[[""Berlusconi"", ""will_be_safe_from"", ""prosecution""], [""Berlusconi"", ""leaves_elected_office_in"", ""2006""]]","[[""Berlusconi"", ""will_be_safe_from"", ""prosecution""], [""Berlusconi"", ""term_ends_in"", ""2006""], [""Berlusconi"", ""government_may_fall_before"", ""2006""]]",1.0,1.0,1.0,1.0,1.0,0.9484961169817282,0.9536465052835553,0.9587968935853826,0.9639472818872097,0.9690976701890369,0.9742480584908642,0.9793984467926913,0.9845488350945184,0.9896992233963456,0.9948496116981729,1.0,0.8915848846908242,0.9105260441524144
351,"Baer said he had concluded that lawyers for the two victims "" have shown , albeit barely ... that Iraq provided material support to bin Laden and al-Qaeda "" .","Judge Harold Baer concluded Wednesday that lawyers for the two victims "" have shown , albeit barely ... that Iraq provided material support to bin Laden and al-Qaida . ""","[[""Baer"", ""said"", ""lawyers_for_victims""], [""lawyers_for_victims"", ""shown"", ""Iraq_supported_bin_Laden_and_al-Qaeda""], [""Iraq"", ""provided_material_support_to"", ""bin_Laden""], [""Iraq"", ""provided_material_support_to"", ""al-Qaeda""]]","[[""Judge_Harold_Baer"", ""concluded"", ""lawyers_for_victims_shown_evidence""], [""lawyers_for_victims"", ""shown"", ""Iraq_supported_bin_Laden_and_al-Qaida""], [""Iraq"", ""provided_material_support_to"", ""bin_Laden""], [""Iraq"", ""provided_material_support_to"", ""al-Qaida""]]",0.8333333333333334,0.5045583248138428,0.6517542004585266,0.20573779994945587,0.7715167498104595,0.9657904881255159,0.9463631142940103,0.9269357404625047,0.907508366630999,0.8880809927994933,0.8686536189679877,0.849226245136482,0.8297988713049764,0.8103714974734708,0.7909441236419651,0.7715167498104595,0.9048303667364913,0.7564984959544376
352,""" This child was literally neglected to death , "" Armstrong County District Attorney Scott Andreassi said .",Armstrong County District Attorney Scott Andreassi said the many family photos in the home did not include Kristen .,"[[""Scott_Andreassi"", ""is"", ""Armstrong_County_District_Attorney""], [""Scott_Andreassi"", ""said"", ""child_was_neglected_to_death""]]","[[""Scott_Andreassi"", ""is"", ""Armstrong_County_District_Attorney""], [""Scott_Andreassi"", ""said"", ""family_photos_did_not_include_Kristen""], [""family_photos"", ""did_not_include"", ""Kristen""]]",0.3888888888888889,0.39890334010124207,0.5812256336212158,0.30123203803835463,0.3888888888888889,0.8170361962616293,0.7742214655243552,0.7314067347870812,0.6885920040498071,0.6457772733125331,0.602962542575259,0.560147811837985,0.5173330811007111,0.4745183503634369,0.43170361962616294,0.3888888888888889,0.7971086155225726,0.6001748733438642
353,"Even her request , decades later , to attend her father 's funeral on the island was denied .","Years later , Cuba refused permission for her to attend her father 's funeral .","[[""she"", ""requested_to_attend"", ""her_father\""s_funeral""], [""her_father\""s_funeral"", ""location"", ""the_island""], [""request"", ""was_denied"", ""she""]]","[[""Cuba"", ""refused_permission_to"", ""she""], [""she"", ""wanted_to_attend"", ""her_father\""s_funeral""], [""her_father\""s_funeral"", ""location"", ""Cuba""]]",0.09622504486493763,0.6065846681594849,0.6519991159439087,0.09622504486493763,0.09622504486493763,0.8237860026834108,0.7510299069015635,0.6782738111197163,0.6055177153378688,0.5327616195560215,0.46000552377417425,0.387249427992327,0.3144933322104796,0.24173723642863226,0.16898114064678493,0.09622504486493763,0.7520916026117834,0.761614952649224
354,""" I reliably receive reminders when my dog needs a vaccination , "" writes Steinberg , of Johns Hopkins University .",""" I reliably receive reminders when my dog needs a vaccination and when my car is due for maintenance , "" he said .","[[""Steinberg"", ""of"", ""Johns_Hopkins_University""], [""Steinberg"", ""receives_reminders_for"", ""dog_vaccination""]]",[],,,,,,,,,,,,,,,,,,
355,"Police arrested a "" potential suspect "" Monday in the abduction of a 9-year-old who was found safe after two days , the police chief said .","Police have arrested a "" potential suspect "" in the abduction of 9-year-old Jennette Tamayo , San Jose Police Chief William Lansdowne said Monday .","[[""Police"", ""arrested"", ""potential_suspect""], [""potential_suspect"", ""involved_in"", ""abduction_of_9_year_old""], [""9_year_old"", ""found"", ""safe""], [""Police_chief"", ""said"", ""arrest_was_made""]]","[[""Police"", ""arrested"", ""potential_suspect""], [""potential_suspect"", ""involved_in"", ""abduction_of_Jennette_Tamayo""], [""Jennette_Tamayo"", ""age"", ""9_year_old""], [""San_Jose_Police_Chief_William_Lansdowne"", ""said"", ""arrest_was_made""], [""arrest"", ""occurred_on"", ""Monday""]]",0.5143444998736397,0.34291958808898926,0.5489210486412048,0.20998026278290402,0.6048147367590061,0.7695383571201966,0.7530659950840776,0.7365936330479586,0.7201212710118394,0.7036489089757204,0.6871765469396014,0.6707041849034823,0.6542318228673633,0.6377594608312442,0.6212870987951251,0.6048147367590061,0.7598758235901764,0.865661397289605
356,The disagreement over online music sales was disclosed in documents filed last week with the judge and made available by the court yesterday .,The fight over online music sales was disclosed in documents made available Monday by the court .,"[[""disagreement"", ""regards"", ""online_music_sales""], [""documents"", ""contain"", ""disagreement""], [""documents"", ""filed_with"", ""judge""], [""documents"", ""made_available_by"", ""court""]]","[[""fight"", ""regards"", ""online_music_sales""], [""documents"", ""contain"", ""fight""], [""documents"", ""made_available_by"", ""court""], [""documents"", ""made_available_on"", ""Monday""]]",0.75,0.7952613234519958,0.6428709030151367,0.43333333333333335,0.5984437489312764,0.8805800947431238,0.8523664601619391,0.8241528255807544,0.7959391909995696,0.7677255564183848,0.7395119218372002,0.7112982872560154,0.6830846526748307,0.6548710180936459,0.6266573835124611,0.5984437489312764,0.8660011476900541,0.7814726627748716
357,"It reports a mailing list of 50,000 and support from about 500 congregations and 50 bishops .",The group has the support of about 215 churches and an estimated 25 bishops .,"[[""Mailing_List"", ""has_size"", ""50,000""], [""Mailing_List"", ""supported_by"", ""500_congregations""], [""Mailing_List"", ""supported_by"", ""50_bishops""]]","[[""Group"", ""supported_by"", ""215_churches""], [""Group"", ""supported_by"", ""25_bishops""]]",0.28867513459481287,0.0,0.0,0.0,0.28867513459481287,0.6353855476510318,0.6007145063454099,0.5660434650397881,0.5313724237341662,0.4967013824285442,0.46203034112292235,0.4273592998173005,0.39268825851167855,0.3580172172060566,0.32334617590043474,0.28867513459481287,0.6574589610542823,0.7157559025888748
301,"We need to challenge old habits and seriously rethink business-as-usual , "" he wrote .",""" We need to change old habits and seriously rethink business-as-usual . ""","[[""he"", ""wrote"", ""text""]]",[],,,,,,,,,,,,,,,,,,
358,The American Express Corp. has pledged at least $ 3 million of more than $ 5 million needed .,"The city had requested federal funds , but withdrew that request when American Express pledged at least $ 3 million .","[[""American_Express_Corp"", ""pledged"", ""at_least_$3_million""], [""at_least_$3_million"", ""part_of"", ""more_than_$5_million""]]","[[""American_Express"", ""pledged"", ""at_least_$3_million""], [""city"", ""requested"", ""federal_funds""], [""city"", ""withdrew_request_for"", ""federal_funds""], [""American_Express"", ""caused_withdrawal_of"", ""federal_funds_request""]]",0.25,0.013280153274536133,0.317535400390625,0.04303314829119352,0.5809475019311126,0.8571898177873305,0.8295655862017087,0.801941354616087,0.7743171230304651,0.7466928914448433,0.7190686598592215,0.6914444282735996,0.663820196687978,0.6361959651023561,0.6085717335167343,0.5809475019311126,0.8461515036935298,0.6647378310564511
359,The unions also staged a five-day strike in March that forced all but one of Yale 's dining halls to close .,The unions also staged a five-day strike in March ; strikes have preceded eight of the last 10 contracts .,"[[""unions"", ""staged"", ""five-day_strike""], [""five-day_strike"", ""occurred_in"", ""March""], [""five-day_strike"", ""forced_to_close"", ""Yale_dining_halls""]]","[[""unions"", ""staged"", ""five-day_strike""], [""five-day_strike"", ""occurred_in"", ""March""], [""strikes"", ""preceded"", ""contracts""]]",0.4330127018922193,0.36857345700263977,0.6092765927314758,0.33541019662496846,0.4330127018922193,0.9505975078115774,0.8988390272196416,0.8470805466277058,0.7953220660357698,0.743563585443834,0.6918051048518983,0.6400466242599625,0.5882881436680267,0.536529663076091,0.48477118248415507,0.4330127018922193,0.9000816230279615,0.7020319968475892
360,"A sign outside the Peachtree Restaurant reads : "" Pray for Eric Rudolph . """,""" Rudolph ate here "" , joked a sign outside one restaurant .","[[""Peachtree_Restaurant"", ""has_sign"", ""Pray_for_Eric_Rudolph""], [""Eric_Rudolph"", ""mentioned_on"", ""Peachtree_Restaurant_sign""]]","[[""Rudolph"", ""ate_at"", ""restaurant""], [""restaurant"", ""has_sign"", ""Rudolph_ate_here""]]",0.3333333333333333,0.0,0.0,0.0,0.09622504486493763,0.6609823087234024,0.6045065823375558,0.5480308559517094,0.4915551295658629,0.4350794031800165,0.37860367679417,0.32212795040832354,0.26565222402247707,0.20917649763663054,0.15270077125078407,0.09622504486493763,0.6299012291225661,0.7192774347165367
361,"Mohcine Douali , who lives in the centre of Algiers , said : "" It was a great shock .",""" It was a great shock , "" said Mohcine Douali , who lives in central Algiers .","[[""Mohcine_Douali"", ""lives_in"", ""Algiers""], [""Mohcine_Douali"", ""said"", ""great_shock""]]","[[""Mohcine_Douali"", ""lives_in"", ""Algiers""], [""Mohcine_Douali"", ""said"", ""great_shock""]]",1.0,1.0,0.9999999403953552,1.0,1.0,1.0,1.0,1.0,1.0,1.0,1.0,1.0,1.0,1.0,1.0,1.0,1.0,0.999999989074574
362,There will be no vote on the issue but those opposed to Robinson 's appointment are thought to outnumber those who accept it by around 20 to 17 .,There will be no vote on the issue but those opposed to Robinson 's appointment are thought to be in the majority .,"[[""opponents_of_Robinson"", ""outnumber"", ""supporters_of_Robinson""], [""opponents_of_Robinson"", ""number"", ""20""], [""supporters_of_Robinson"", ""number"", ""17""]]","[[""opponents_of_Robinson"", ""are_in"", ""majority""]]",0.06804138174397717,0.0,0.26269853115081787,0.05892556509887897,0.11322770341445956,0.7752417960872228,0.7090403868199464,0.6428389775526702,0.5766375682853937,0.5104361590181175,0.44423474975084115,0.37803334048356485,0.31183193121628855,0.2456305219490122,0.1794291126817359,0.11322770341445956,0.6073654197058543,0.72307665593127
363,"They have been identified by the Tarrant County Medical Examiner 's Office as Melena 's brother , Angel Melena , 25 , and Narcisco Del Angel Lozano , 34 .","The Tarrant County Medical Examiner 's Office has identified the deceased passengers at the scene as Angel Melena , 25 , and Narcisco Del-Angel Lozano , 34 .","[[""Tarrant_County_Medical_Examiner_Office"", ""identified"", ""Angel_Melena""], [""Tarrant_County_Medical_Examiner_Office"", ""identified"", ""Narcisco_Del_Angel_Lozano""], [""Angel_Melena"", ""age"", ""25""], [""Narcisco_Del_Angel_Lozano"", ""age"", ""34""], [""Angel_Melena"", ""brother_of"", ""Melena""]]","[[""Tarrant_County_Medical_Examiner_Office"", ""identified"", ""Angel_Melena""], [""Tarrant_County_Medical_Examiner_Office"", ""identified"", ""Narcisco_Del_Angel_Lozano""], [""Angel_Melena"", ""age"", ""25""], [""Narcisco_Del_Angel_Lozano"", ""age"", ""34""]]",0.7,0.7310831546783447,0.8881516456604004,0.6390096504226939,0.6515837655350015,0.9772097630893678,0.9446471633339313,0.9120845635784945,0.8795219638230578,0.8469593640676213,0.8143967643121847,0.781834164556748,0.7492715648013114,0.7167089650458747,0.6841463652904382,0.6515837655350015,0.962195225513972,0.983028999785601
364,""" The fire calmed down considerably overnight , then it rained , "" said Andy Lyon , spokesman for the fire south of the city .",""" The fire calmed down considerably overnight , then it rained , "" said Andy Lyon , spokesman for the Douglas County fire command center .","[[""Andy_Lyon"", ""is"", ""spokesman""], [""Andy_Lyon"", ""spokesman_for"", ""fire_south_of_city""], [""fire_south_of_city"", ""calmed_down"", ""overnight""], [""fire_south_of_city"", ""affected_by"", ""rain""]]","[[""Andy_Lyon"", ""is"", ""spokesman""], [""Andy_Lyon"", ""spokesman_for"", ""Douglas_County_fire_command_center""], [""Douglas_County_fire"", ""calmed_down"", ""overnight""], [""Douglas_County_fire"", ""affected_by"", ""rain""]]",0.6333333333333333,0.8615511059761047,0.9056279063224792,0.5781515884776753,0.5781515884776753,0.7991940965190265,0.7770898457148915,0.7549855949107563,0.7328813441066211,0.7107770933024861,0.6886728424983509,0.6665685916942158,0.6444643408900808,0.6223600900859456,0.6002558392818105,0.5781515884776753,0.8821962910353747,0.6831099119156849
365,"Sir Paul already has three children fashion designer Stella , 31 , Mary , 33 , and James , 25 by his wife Linda , who died from breast cancer in 1998 .","McCartney has three children - fashion designer Stella , 31 , Mary , 33 , and James , 25 - by first wife Linda .","[[""Sir_Paul"", ""has_children"", ""Stella""], [""Sir_Paul"", ""has_children"", ""Mary""], [""Sir_Paul"", ""has_children"", ""James""], [""Sir_Paul"", ""married_to"", ""Linda""], [""Linda"", ""died_from"", ""breast_cancer""], [""Linda"", ""died_in"", ""1998""]]","[[""McCartney"", ""has_children"", ""Stella""], [""McCartney"", ""has_children"", ""Mary""], [""McCartney"", ""has_children"", ""James""], [""McCartney"", ""married_to"", ""Linda""]]",0.5352643613280604,0.5935642719268799,0.8504505157470703,0.5352643613280604,0.5352643613280604,0.7640634434593551,0.7411835352462256,0.7183036270330962,0.6954237188199667,0.6725438106068372,0.6496639023937077,0.6267839941805784,0.6039040859674488,0.5810241777543194,0.5581442695411899,0.5352643613280604,0.7877272658873562,0.8310885686279121
366,"Community college students will see their tuition rise by $ 300 to $ 2,800 or 12 percent .","Tuition at the six two-year community colleges will leap by $ 300 , to $ 2,800 .","[[""Community_college_students"", ""will_see_tuition_rise_by"", ""$300""], [""Community_college_students"", ""will_see_tuition_rise_to"", ""$2,800""], [""Tuition"", ""will_rise_by_percentage"", ""12_percent""]]","[[""Tuition"", ""at"", ""two-year_community_colleges""], [""Tuition"", ""will_leap_by"", ""$300""], [""Tuition"", ""will_leap_to"", ""$2,800""]]",0.5217491947499509,0.4636869430541992,0.6721714735031128,0.4844813951249544,0.5217491947499509,0.8205254033209608,0.7906477824638598,0.7607701616067588,0.7308925407496578,0.7010149198925568,0.6711372990354558,0.6412596781783548,0.6113820573212538,0.5815044364641528,0.5516268156070518,0.5217491947499509,0.7187941714289812,0.6104430544992253
367,"Kenneth "" Supreme "" McGriff was sentenced to 37 months in prison for illegally possessing a handgun as a convicted felon at a firing range in Maryland .","Kenneth "" Supreme "" McGriff was sentenced to 37 months by U.S. District Judge J. Frederick Motz for illegally possessing a handgun as a convicted felon at a Maryland firing range .","[[""Kenneth_Supreme_McGriff"", ""sentenced_to"", ""37_months""], [""Kenneth_Supreme_McGriff"", ""illegally_possessed"", ""handgun""], [""Kenneth_Supreme_McGriff"", ""is"", ""convicted_felon""], [""handgun"", ""located_at"", ""firing_range""], [""firing_range"", ""location"", ""Maryland""]]","[[""Kenneth_Supreme_McGriff"", ""sentenced_to"", ""37_months""], [""Kenneth_Supreme_McGriff"", ""sentenced_by"", ""J_Frederick_Motz""], [""J_Frederick_Motz"", ""is"", ""U_S_District_Judge""], [""Kenneth_Supreme_McGriff"", ""illegally_possessed"", ""handgun""], [""Kenneth_Supreme_McGriff"", ""is"", ""convicted_felon""], [""handgun"", ""located_at"", ""Maryland_firing_range""], [""Maryland_firing_range"", ""location"", ""Maryland""]]",1.0,0.6225719451904297,0.7860097289085388,0.4811252243246881,1.0,0.9857118255801983,0.9871406430221785,0.9885694604641586,0.9899982779061387,0.991427095348119,0.9928559127900991,0.9942847302320793,0.9957135476740595,0.9971423651160396,0.9985711825580198,1.0,0.9753325916759656,0.966772627324945
368,"Under the plan being announced Wednesday in Washington , GM will provide Dow manufacturing plants with trucks containing fuel cell conversion equipment .","Under the plan , which GM and Dow were to announce Wednesday in Washington , GM will provide Dow manufacturing plants with trucks containing fuel cell conversion equipment .","[[""GM"", ""will_provide"", ""Dow_manufacturing_plants""], [""Dow_manufacturing_plants"", ""will_receive"", ""trucks""], [""trucks"", ""contain"", ""fuel_cell_conversion_equipment""], [""GM"", ""announcement_location"", ""Washington""]]","[[""GM"", ""will_provide"", ""Dow_manufacturing_plants""], [""Dow_manufacturing_plants"", ""will_receive"", ""trucks""], [""trucks"", ""contain"", ""fuel_cell_conversion_equipment""], [""GM_and_Dow"", ""announcement_location"", ""Washington""]]",0.7607257743127307,0.8817906975746155,0.9560621380805969,0.7607257743127307,0.7607257743127307,0.9855360603339254,0.963055031731806,0.9405740031296865,0.918092974527567,0.8956119459254475,0.873130917323328,0.8506498887212086,0.8281688601190891,0.8056878315169697,0.7832068029148501,0.7607257743127307,0.9739978082053009,0.801670313369798
369,"Sarah Weddington , the abortion advocate and attorney who originally represented McCorvey , could not be reached for comment .","Sarah Weddington , the abortion advocate and lawyer who originally represented McCorvey , did not immediately return a call seeking comment .","[[""Sarah_Weddington"", ""is"", ""abortion_advocate""], [""Sarah_Weddington"", ""is"", ""attorney""], [""Sarah_Weddington"", ""represented"", ""McCorvey""]]","[[""Sarah_Weddington"", ""is"", ""abortion_advocate""], [""Sarah_Weddington"", ""is"", ""lawyer""], [""Sarah_Weddington"", ""represented"", ""McCorvey""]]",1.0,0.9440059661865234,0.8867030739784241,0.5416666666666666,1.0,0.9921408391302836,0.9929267552172553,0.993712671304227,0.9944985873911985,0.9952845034781702,0.9960704195651418,0.9968563356521134,0.997642251739085,0.9984281678260567,0.9992140839130284,1.0,0.9848867150421193,0.9860522101546962
370,"U.S. Attorney Patrick Fitzgerald said the wholesalers were not to blame and were "" victims in this . ""","U.S. Attorney Patrick Fitzgerald declined to name the wholesalers , whom he called "" victims in this . ""","[[""Patrick_Fitzgerald"", ""said"", ""wholesalers_were_victims""], [""wholesalers"", ""are"", ""victims""]]","[[""Patrick_Fitzgerald"", ""declined_to_name"", ""wholesalers""], [""wholesalers"", ""are"", ""victims""], [""Patrick_Fitzgerald"", ""called"", ""wholesalers_victims""]]",1.0,0.6922526359558105,0.6647264957427979,0.5416666666666666,1.0,0.982968534287041,0.9846716808583369,0.9863748274296329,0.9880779740009287,0.9897811205722246,0.9914842671435204,0.9931874137148164,0.9948905602861122,0.9965937068574082,0.9982968534287041,1.0,0.9418947959493005,0.7488241432528047
371,The Foreign Office says that Heaton is in detention but has not yet been charged with any offence .,"The Foreign Office said Heaton was in Saudi detention but had not been charged , and that consul officials had visited him on Thursday .","[[""Heaton"", ""is_in"", ""detention""], [""Heaton"", ""has_not_been_charged_with"", ""offence""], [""Foreign_Office"", ""says"", ""Heaton_is_in_detention""]]","[[""Heaton"", ""is_in"", ""Saudi_detention""], [""Heaton"", ""has_not_been_charged"", ""offence""], [""consul_officials"", ""visited"", ""Heaton""], [""Foreign_Office"", ""said"", ""Heaton_is_in_Saudi_detention""], [""consul_officials"", ""visited"", ""Heaton_on_Thursday""]]",0.6333333333333333,0.6093056797981262,0.6993321180343628,0.2253744679276044,0.6333333333333333,0.9213654421010953,0.8925622312243191,0.8637590203475429,0.8349558094707666,0.8061525985939906,0.7773493877172143,0.748546176840438,0.7197429659636619,0.6909397550868858,0.6621365442101095,0.6333333333333333,0.8973418219149369,0.8568156512146494
372,Vivace was founded in 1999 and has raised over $ 118 million in three rounds of venture financing .,"During difficult times for technology venture capital , Vivace raised over $ 118 million in three rounds of venture financing .","[[""Vivace"", ""founded_in"", ""1999""], [""Vivace"", ""raised"", ""$118_million""], [""Vivace"", ""completed"", ""three_rounds_of_venture_financing""]]","[[""Vivace"", ""raised"", ""$118_million""], [""Vivace"", ""completed"", ""three_rounds_of_venture_financing""], [""Vivace"", ""facing"", ""difficult_times_for_technology_venture_capital""]]",0.6254627916220946,0.6648420095443726,0.7739487290382385,0.5416666666666666,0.6254627916220946,0.9578048502525421,0.9245706443894974,0.8913364385264526,0.8581022326634078,0.8248680268003632,0.7916338209373184,0.7583996150742736,0.725165409211229,0.6919312033481841,0.6586969974851393,0.6254627916220946,0.9097817548994558,0.8018686198891517
373,"In Vienna , the IAEA said ElBaradei would accept the invitation , although no date had yet been set .","In Vienna , the International Atomic Energy Agency said on Monday ElBaradei had accepted Iran 's invitation , but said no date had yet been set .","[[""IAEA"", ""said"", ""ElBaradei_would_accept_invitation""], [""ElBaradei"", ""would_accept"", ""invitation""], [""invitation"", ""location"", ""Vienna""]]","[[""International_Atomic_Energy_Agency"", ""said"", ""ElBaradei_had_accepted_invitation""], [""ElBaradei"", ""had_accepted"", ""Iran_invitation""], [""Iran_invitation"", ""location"", ""Vienna""], [""International_Atomic_Energy_Agency"", ""location"", ""Vienna""]]",0.75,0.0,0.48394617438316345,0.23333333333333334,0.8,0.8948652423910485,0.8853787181519437,0.8758921939128389,0.8664056696737339,0.8569191454346291,0.8474326211955243,0.8379460969564194,0.8284595727173145,0.8189730484782098,0.8094865242391049,0.8,0.8650123989128892,0.8199856538606436
374,"He gave a surprisingly impassioned speech to the United Steelworkers of America , who announced their endorsement yesterday .","On Tuesday , he picked up the endorsement of the United Steelworkers of America .","[[""He"", ""gave_speech_to"", ""United_Steelworkers_of_America""], [""United_Steelworkers_of_America"", ""announced_endorsement"", ""He""]]","[[""He"", ""picked_up_endorsement_of"", ""United_Steelworkers_of_America""]]",1.0,1.0,1.0,1.0,1.0,0.8986400400178287,0.9087760360160458,0.918912032014263,0.92904802801248,0.9391840240106972,0.9493200200089144,0.9594560160071315,0.9695920120053486,0.9797280080035657,0.9898640040017829,1.0,0.8716420308344628,0.7698674731327524
375,"The Iranian refugee who sewed up his eyes , lips and ears in protest at the handling of his asylum claim has won his fight to remain in Britain .","An Iranian Kurd who stitched up his eyes , lips and ears in protest at being refused asylum has been granted refugee status .","[[""Iranian_refugee"", ""sewed_up"", ""his_eyes""], [""Iranian_refugee"", ""sewed_up"", ""his_lips""], [""Iranian_refugee"", ""sewed_up"", ""his_ears""], [""Iranian_refugee"", ""protested"", ""asylum_claim_handling""], [""Iranian_refugee"", ""won_fight_to_remain_in"", ""Britain""]]","[[""Iranian_Kurd"", ""stitched_up"", ""his_eyes""], [""Iranian_Kurd"", ""stitched_up"", ""his_lips""], [""Iranian_Kurd"", ""stitched_up"", ""his_ears""], [""Iranian_Kurd"", ""protested"", ""asylum_refusal""], [""Iranian_Kurd"", ""was_granted"", ""refugee_status""]]",0.6254627916220946,0.0,0.6675269603729248,0.5,0.7607257743127307,0.8616152645146351,0.8515263154944447,0.8414373664742543,0.8313484174540637,0.8212594684338733,0.8111705194136829,0.8010815703934925,0.7909926213733021,0.7809036723531115,0.7708147233329211,0.7607257743127307,0.8227300070824646,0.8254176542116483
376,"The poll , conducted by KRC Communications Research of Newton , was taken Wednesday and Thursday .",The poll of 405 registered Massachusetts voters was conducted Wednesday through Friday by RKM Research and Communications .,"[[""KRC_Communications_Research"", ""conducted"", ""poll""], [""KRC_Communications_Research"", ""location"", ""Newton""], [""poll"", ""taken_on"", ""Wednesday""], [""poll"", ""taken_on"", ""Thursday""]]","[[""RKM_Research_and_Communications"", ""conducted"", ""poll""], [""poll"", ""of"", ""405_registered_Massachusetts_voters""], [""poll"", ""taken_on"", ""Wednesday""], [""poll"", ""taken_on"", ""Friday""]]",0.7080881928749334,0.24014419317245483,0.6023236513137817,0.23333333333333334,0.7080881928749334,0.8803390236546189,0.8631139405766505,0.8458888574986818,0.8286637744207133,0.8114386913427447,0.7942136082647762,0.7769885251868076,0.7597634421088391,0.7425383590308705,0.725313275952902,0.7080881928749334,0.8324720611102614,0.6783118433370738
377,Dealers said the yen was also undermined by falling Japanese interest rates .,Dealers said the dollar also drew some support due to falling Japanese interest rates .,"[[""Dealers"", ""said"", ""yen_was_undermined""], [""yen"", ""was_undermined_by"", ""falling_Japanese_interest_rates""]]","[[""Dealers"", ""said"", ""dollar_drew_support""], [""dollar"", ""drew_support_due_to"", ""falling_Japanese_interest_rates""]]",0.3535533905932738,0.4895482361316681,0.6819275617599487,0.2916666666666667,0.3535533905932738,0.670571990785326,0.6388701307661209,0.6071682707469156,0.5754664107277103,0.5437645507085052,0.5120626906892999,0.4803608306700947,0.44865897065088944,0.4169571106316843,0.385255250612479,0.3535533905932738,0.6173358822338697,0.5873525996487017
378,"The euro was at 1.5276 versus the Swiss franc , up 0.2 percent on the session , after hitting its highest since mid-2001 around 1.5292 earlier in the session .",The euro was steady versus the Swiss franc after hitting its highest since mid-2001 of 1.5261 earlier in the session .,"[[""euro"", ""exchange_rate"", ""1.5276""], [""euro"", ""versus"", ""Swiss_franc""], [""euro"", ""increased_by"", ""0.2_percent""], [""euro"", ""reached_high"", ""1.5292""], [""1.5292"", ""occurred_in"", ""mid-2001""]]","[[""euro"", ""exchange_rate"", ""1.5261""], [""euro"", ""versus"", ""Swiss_franc""], [""euro"", ""reached_high"", ""1.5261""], [""1.5261"", ""occurred_in"", ""mid-2001""]]",0.4422689813358516,0.7589998841285706,0.7767902612686157,0.4422689813358516,0.6622661785325219,0.9717989433305831,0.9408456668507771,0.9098923903709709,0.8789391138911647,0.8479858374113587,0.8170325609315525,0.7860792844517464,0.7551260079719403,0.7241727314921341,0.6932194550123281,0.6622661785325219,0.9293863496652442,0.9402629444254466
379,Maria de Jesus Quiej Alvarez and Maria de Teresa Quiej Alvarez did not leave the private jet during a stop for customs inspection at Brown Field .,Maria de Jesus Quiej Alvarez and Maria de Teresa Quiej Alvarez arrived at the airport in separate ambulances .,"[[""Maria_de_Jesus_Quiej_Alvarez"", ""did_not_leave"", ""private_jet""], [""Maria_de_Teresa_Quiej_Alvarez"", ""did_not_leave"", ""private_jet""], [""private_jet"", ""stopped_at"", ""Brown_Field""], [""Brown_Field"", ""location_of"", ""customs_inspection""]]","[[""Maria_de_Jesus_Quiej_Alvarez"", ""arrived_in"", ""ambulance""], [""Maria_de_Teresa_Quiej_Alvarez"", ""arrived_in"", ""ambulance""], [""ambulance"", ""arrived_at"", ""airport""]]",0.048112522432468816,0.39594054222106934,0.45306599140167236,0.2608745973749754,0.2608745973749754,0.4436941719102975,0.4254122144567653,0.4071302570032331,0.38884829954970085,0.3705663420961686,0.35228438464263645,0.3340024271891042,0.31572046973557205,0.2974385122820398,0.2791565548285076,0.2608745973749754,0.5085270586653513,0.6833201834950244
380,"Hundreds of reporters and photographers swamped the courthouse grounds before the hearing , which was carried live on national cable networks .",Hundreds of reporters and photographers swamped the town and the short hearing involving the five-time All-Star was carried live on national cable networks .,"[[""reporters_and_photographers"", ""swamped"", ""courthouse_grounds""], [""hearing"", ""carried_live_on"", ""national_cable_networks""]]","[[""reporters_and_photographers"", ""swamped"", ""town""], [""hearing"", ""involving"", ""five-time_All-Star""], [""hearing"", ""carried_live_on"", ""national_cable_networks""]]",0.5416666666666666,0.7267946600914001,0.8074791431427002,0.29814239699997197,0.5416666666666666,0.9276679906092302,0.8890678582149739,0.8504677258207176,0.8118675934264611,0.7732674610322048,0.7346673286379484,0.6960671962436921,0.6574670638494358,0.6188669314551793,0.5802667990609229,0.5416666666666666,0.90626311479551,0.8497114616729654
381,"Martin , 58 , will be freed today after serving two thirds of his five-year sentence for the manslaughter of 16-year-old Fred Barras .",Martin served two thirds of a five-year sentence for the manslaughter of Barras and for wounding Fearon .,"[[""Martin"", ""will_be_freed"", ""today""], [""Martin"", ""served_sentence"", ""two_thirds_of_five_years""], [""Martin"", ""served_for"", ""manslaughter_of_Fred_Barras""], [""Fred_Barras"", ""age"", ""16""], [""Martin"", ""sentence_length"", ""five_years""]]","[[""Martin"", ""served_sentence"", ""two_thirds_of_five_years""], [""Martin"", ""served_for"", ""manslaughter_of_Barras""], [""Martin"", ""served_for"", ""wounding_Fearon""], [""Martin"", ""sentence_length"", ""five_years""]]",0.510688230856951,0.08029201626777649,0.5764735341072083,0.3662335103823572,0.5984437489312764,0.9185521902025615,0.886541346075433,0.8545305019483046,0.8225196578211759,0.7905088136940475,0.758497969566919,0.7264871254397904,0.6944762813126619,0.6624654371855334,0.6304545930584049,0.5984437489312764,0.8426269382955791,0.7671382887452112
382,"For the full 12-month period ending June 30 , advanced services lines of all technology types increased by 56 percent .","For the full year period ending June 30 , 2003 , high-speed lines increased by 45 percent .","[[""advanced_services_lines"", ""increased_by"", ""56_percent""], [""advanced_services_lines"", ""time_period"", ""12_months""], [""12_months"", ""ended_on"", ""June_30""]]","[[""high-speed_lines"", ""increased_by"", ""45_percent""], [""high-speed_lines"", ""time_period"", ""full_year""], [""full_year"", ""ended_on"", ""June_30_2003""]]",0.5,0.0,0.0,0.0,0.5,0.6291935289951572,0.6162741760956416,0.6033548231961258,0.59043547029661,0.5775161173970944,0.5645967644975787,0.5516774115980629,0.5387580586985472,0.5258387057990315,0.5129193528995157,0.5,0.6999195706155077,0.7483253321271772
383,""" We believe we are fully prepared to roll out the [ touch-screen ] machines for the 2004 presidential primary , "" said Gilles W. Burger , State Board of Elections chairman .",""" We believe we are fully prepared to roll out the revised Diebold machines , "" said Gilles W. Burger , chairman of the Maryland State Board of Elections .","[[""Gilles_W._Burger"", ""is"", ""State_Board_of_Elections_chairman""], [""Gilles_W._Burger"", ""said"", ""prepared_to_roll_out""], [""touch-screen_machines"", ""will_be_used_in"", ""2004_presidential_primary""]]","[[""Gilles_W._Burger"", ""is"", ""Maryland_State_Board_of_Elections_chairman""], [""Gilles_W._Burger"", ""said"", ""prepared_to_roll_out""]]",0.7745966692414834,0.3712030053138733,0.5921764373779297,0.30123203803835463,0.7745966692414834,0.8473727426196679,0.8400951352818495,0.8328175279440311,0.8255399206062125,0.8182623132683942,0.8109847059305757,0.8037070985927572,0.7964294912549387,0.7891518839171203,0.7818742765793019,0.7745966692414834,0.8095515759208822,0.7797412253780813
384,"A grassy field and asphalt island , topped with an ATM , sit where Orville Wright once developed a split airplane wing , tinkered with cars and even built toys .","Orville Wright 's laboratory was once there - where he developed a split airplane wing , tinkered with cars and even built toys .","[[""Orville_Wright"", ""developed"", ""split_airplane_wing""], [""Orville_Wright"", ""tinkered_with"", ""cars""], [""Orville_Wright"", ""built"", ""toys""], [""grassy_field_and_asphalt_island"", ""location"", ""Orville_Wright""]]","[[""Orville_Wright"", ""developed"", ""split_airplane_wing""], [""Orville_Wright"", ""tinkered_with"", ""cars""], [""Orville_Wright"", ""built"", ""toys""], [""Orville_Wright_laboratory"", ""location"", ""Orville_Wright""]]",0.7080881928749334,0.9493802189826965,0.932563304901123,0.6333333333333333,0.6333333333333333,0.9733465773501274,0.9393452529484481,0.9053439285467687,0.8713426041450891,0.8373412797434099,0.8033399553417304,0.769338630940051,0.7353373065383716,0.7013359821366921,0.6673346577350127,0.6333333333333333,0.9362138744722905,0.9564486870028539
385,"A final decision on his fate , including the power of the death penalty , lay with President Bush .",A final decision on his fate would lie with US President George Bush .,"[[""President_Bush"", ""has_power_of"", ""death_penalty""], [""President_Bush"", ""makes"", ""final_decision""]]","[[""US_President_George_Bush"", ""makes"", ""final_decision""], [""final_decision"", ""lies_with"", ""US_President_George_Bush""]]",0.4762896722078402,0.14373312890529633,0.4692533314228058,0.408248290463863,0.4762896722078402,0.8727828362874849,0.8331335198795204,0.793484203471556,0.7538348870635915,0.714185570655627,0.6745362542476625,0.6348869378396981,0.5952376214317336,0.5555883050237691,0.5159389886158047,0.4762896722078402,0.8205260626315316,0.6700734213561075
386,Minister Saud al-Faisal visit was disclosed Monday by two administration officials who discussed it on condition of not being identified by name .,"Minister Saud al-Faisal 's visit was disclosed by two administration officials , who spoke on condition of anonymity .","[[""Saud_al-Faisal"", ""visit_disclosed_by"", ""administration_officials""], [""administration_officials"", ""spoke_on_condition"", ""anonymity""]]","[[""Saud_al-Faisal"", ""visit_disclosed_by"", ""administration_officials""], [""administration_officials"", ""spoke_on_condition"", ""anonymity""]]",1.0,1.0,0.9999999403953552,1.0,1.0,0.9999999370390911,0.9999999433351819,0.9999999496312728,0.9999999559273638,0.9999999622234547,0.9999999685195455,0.9999999748156364,0.9999999811117273,0.9999999874078183,0.9999999937039091,1.0,1.0,0.9999999903538691
387,The effort is the Bush administration 's latest effort to expand the role of religious organizations in government services .,July 10 - The Bush administration 's latest effort to expand the role of religious organizations in government services enlists church-based youth groups in anti-drug programs .,"[[""Bush_administration"", ""has_effort"", ""expand_role_of_religious_organizations""], [""religious_organizations"", ""role_in"", ""government_services""]]","[[""Bush_administration"", ""has_effort"", ""expand_role_of_religious_organizations""], [""religious_organizations"", ""role_in"", ""government_services""], [""church-based_youth_groups"", ""part_of"", ""religious_organizations""], [""church-based_youth_groups"", ""enlisted_in"", ""anti-drug_programs""]]",1.0,0.7283391356468201,0.8497251272201538,0.6463931265677831,1.0,0.9999998927072431,0.9999999034365188,0.9999999141657945,0.9999999248950702,0.9999999356243459,0.9999999463536215,0.9999999570828972,0.9999999678121729,0.9999999785414486,0.9999999892707243,1.0,0.9999999806284905,0.83945616560623
388,"Less than a month after departing her anchor 's chair at "" Dateline NBC , "" Jane Pauley has signed a new deal with NBC to host a syndicated daytime talk show .","Less than a month after leaving as host of "" Dateline NBC , "" Pauley agreed Thursday to launch a daytime talk show for NBC Enterprises .","[[""Jane_Pauley"", ""departed_from"", ""Dateline_NBC""], [""Jane_Pauley"", ""signed_deal_with"", ""NBC""], [""Jane_Pauley"", ""will_host"", ""syndicated_daytime_talk_show""]]","[[""Pauley"", ""left_as_host_of"", ""Dateline_NBC""], [""Pauley"", ""agreed_to_launch"", ""daytime_talk_show""], [""Pauley"", ""launch_show_for"", ""NBC_Enterprises""]]",1.0,0.0,0.08757401257753372,0.25,1.0,0.8437425604799405,0.8593683044319465,0.8749940483839524,0.8906197923359582,0.9062455362879642,0.9218712802399702,0.9374970241919762,0.9531227681439821,0.9687485120959881,0.984374256047994,1.0,0.7486901410360898,0.8056125370775822
389,"Shares of Mandalay closed down eight cents to $ 29.42 , before the earnings were announced .",Shares of Mandalay closed down 8 cents at $ 29.42 Thursday .,"[[""Mandalay"", ""closed_at"", ""29.42""], [""Mandalay"", ""decreased_by"", ""8_cents""]]","[[""Mandalay"", ""closed_at"", ""29.42""], [""Mandalay"", ""decreased_by"", ""8_cents""], [""Mandalay"", ""closed_on"", ""Thursday""]]",1.0,0.8010841012001038,0.8573882579803467,0.6254627916220946,1.0,0.9999999988871924,0.9999999989984731,0.9999999991097539,0.9999999992210347,0.9999999993323154,0.9999999994435962,0.999999999554877,0.9999999996661577,0.9999999997774385,0.9999999998887192,1.0,1.0,0.967412938979179
390,A spokesman for the U.S. Attorney 's Office in Atlanta also refused to comment .,Coca-Cola announced Friday morning that the U.S. Attorney 's office in Atlanta has started an inquiry .,"[[""U.S._Attorney_Office"", ""location"", ""Atlanta""], [""spokesman"", ""represent"", ""U.S._Attorney_Office""]]","[[""U.S._Attorney_Office"", ""location"", ""Atlanta""], [""Coca-Cola"", ""announced_inquiry_by"", ""U.S._Attorney_Office""], [""U.S._Attorney_Office"", ""started_inquiry"", ""Coca-Cola""]]",0.4762896722078402,0.5244817137718201,0.6785092353820801,0.3888888888888889,0.4762896722078402,0.8855930733424539,0.8446627332289925,0.8037323931155311,0.7628020530020697,0.7218717128886084,0.680941372775147,0.6400110326616857,0.5990806925482244,0.558150352434763,0.5172200123213015,0.4762896722078402,0.8540379261142239,0.5287873163203944
391,"Cindy Cohn , legal director for the Electronic Frontier Foundation , said that portion of the DMCA gives too much leeway to copyright holders .","Cindy Cohn , legal director for the Electronic Frontier Foundation , said Monday that section 512 hands too much power to copyright holders .","[[""Cindy_Cohn"", ""is"", ""legal_director""], [""Cindy_Cohn"", ""works_for"", ""Electronic_Frontier_Foundation""], [""DMCA"", ""gives_leeway_to"", ""copyright_holders""], [""Cindy_Cohn"", ""said_about"", ""DMCA""]]","[[""Cindy_Cohn"", ""is"", ""legal_director""], [""Cindy_Cohn"", ""works_for"", ""Electronic_Frontier_Foundation""], [""Section_512"", ""hands_power_to"", ""copyright_holders""], [""Cindy_Cohn"", ""said_about"", ""Section_512""]]",0.6333333333333333,0.8655191659927368,0.9047039747238159,0.6333333333333333,0.6333333333333333,0.8776569312594125,0.8532245714668046,0.8287922116741967,0.8043598518815887,0.7799274920889807,0.7554951322963729,0.731062772503765,0.7066304127111571,0.6821980529185492,0.6577656931259411,0.6333333333333333,0.8436451421301173,0.8779045547156363
392,"The 30-year bond < US30YT = RR > was down 10 / 32 for a yield of 4.91 percent , up from 4.89 percent late Thursday .","The 30-year bond was down 14 / 32 to yield 4.92 percent , up from 4.89 percent on Thursday but off an earlier yield high of 4.95 percent .","[[""US30YT"", ""yield"", ""4.91_percent""], [""US30YT"", ""down"", ""10/32""], [""US30YT"", ""previous_yield"", ""4.89_percent""], [""US30YT"", ""time"", ""late_Thursday""]]","[[""30-year_bond"", ""yield"", ""4.92_percent""], [""30-year_bond"", ""down"", ""14/32""], [""30-year_bond"", ""previous_yield"", ""4.89_percent""], [""30-year_bond"", ""time"", ""Thursday""], [""30-year_bond"", ""earlier_yield_high"", ""4.95_percent""]]",0.75,0.0,0.1719241589307785,0.18257418583505539,0.6761234037828132,0.6318736440556012,0.6362986200283225,0.6407235960010437,0.6451485719737647,0.649573547946486,0.6539985239192072,0.6584234998919284,0.6628484758646496,0.6672734518373709,0.6716984278100919,0.6761234037828132,0.7435997753118138,0.7371975741151464
393,"Dell has about 32 percent of the U.S. market , but much lower share in the rest of the world .","Dell has 32 percent of the PC market in the United States , but it has only a 10 percent share in the rest of the world .","[[""Dell"", ""has_market_share"", ""32_percent""], [""Dell"", ""has_market_in"", ""U.S.""], [""Dell"", ""has_lower_market_share_in"", ""rest_of_world""]]","[[""Dell"", ""has_market_share"", ""32_percent""], [""Dell"", ""has_market_in"", ""United_States""], [""Dell"", ""has_market_share"", ""10_percent""], [""Dell"", ""has_market_in"", ""rest_of_world""]]",1.0,0.6449382305145264,0.8644081950187683,0.4844813951249544,1.0,0.9670687481452063,0.9703618733306857,0.9736549985161651,0.9769481237016444,0.9802412488871237,0.9835343740726031,0.9868274992580826,0.9901206244435619,0.9934137496290413,0.9967068748145206,1.0,0.9497300133210297,0.9708193466544782
394,""" The idea of a federal betting parlor on atrocities and terrorism is ridiculous and it 's grotesque , "" said Wyden .","Sen. Ron Wyden , D-Ore . , said the "" idea of a federal betting parlor on atrocities and terrorism is ridiculous and grotesque , "" WBAL reported .","[[""Wyden"", ""said"", ""idea_of_federal_betting_parlor_is_ridiculous""], [""idea_of_federal_betting_parlor"", ""is_on"", ""atrocities""], [""idea_of_federal_betting_parlor"", ""is_on"", ""terrorism""], [""idea_of_federal_betting_parlor"", ""is"", ""ridiculous""], [""idea_of_federal_betting_parlor"", ""is"", ""grotesque""]]","[[""Ron_Wyden"", ""said"", ""idea_of_federal_betting_parlor_is_ridiculous""], [""Ron_Wyden"", ""is_from"", ""Oregon""], [""idea_of_federal_betting_parlor"", ""is_on"", ""atrocities""], [""idea_of_federal_betting_parlor"", ""is_on"", ""terrorism""], [""idea_of_federal_betting_parlor"", ""is"", ""ridiculous""], [""idea_of_federal_betting_parlor"", ""is"", ""grotesque""], [""WBAL"", ""reported"", ""statement_by_Ron_Wyden""]]",1.0,0.23623736202716827,0.7982929944992065,0.7171371656006362,1.0,0.9995684879552578,0.999611639159732,0.9996547903642063,0.9996979415686804,0.9997410927731547,0.9997842439776289,0.9998273951821031,0.9998705463865774,0.9999136975910515,0.9999568487955258,1.0,0.9942609869489512,0.960756565316628
395,It recommended that consideration be given to making the job of CIA director a career post instead of a political appointment .,"It suggests that Congress consider making the CIA director a professional position , rather than a political appointment .","[[""CIA_director"", ""is"", ""career_post""], [""CIA_director"", ""is_not"", ""political_appointment""]]","[[""CIA_director"", ""is"", ""professional_position""], [""CIA_director"", ""is_not"", ""political_appointment""]]",0.3888888888888889,0.9609813690185547,0.8319727182388306,0.3888888888888889,0.3888888888888889,0.9689084080750067,0.9109064561563949,0.8529045042377832,0.7949025523191713,0.7369006004005595,0.6788986484819478,0.620896696563336,0.5628947446447242,0.5048927927261124,0.4468908408075007,0.3888888888888889,0.9372806475503539,0.939462867743913
396,"Predictions ranged from 16 cents a share to 27 cents a share , according to Thomson First Call .","Wall Street analysts had expected 22 cents a share , according to Thomson First Call .","[[""Thomson_First_Call"", ""provided_prediction_range"", ""16_to_27_cents_a_share""]]","[[""Wall_Street_analysts"", ""expected"", ""22_cents_a_share""], [""Thomson_First_Call"", ""reported_expectation"", ""22_cents_a_share""]]",1.0,0.02939266711473465,0.2738773226737976,0.06804138174397717,1.0,0.7953236882604926,0.8157913194344434,0.8362589506083942,0.8567265817823448,0.8771942129562955,0.8976618441302463,0.9181294753041971,0.9385971064781478,0.9590647376520985,0.9795323688260493,1.0,0.7931846140210271,0.68161492766845
397,"The broader Standard & Poor 's 500 Index .SPX declined 10.65 points , or 1.07 percent , to 987.86 .","The technology-laced Nasdaq Composite Index < .IXIC > declined 25.78 points , or 1.56 percent , to 1,627.84 .","[[""Standard_&_Poor_s_500_Index"", ""declined"", ""10.65_points""], [""Standard_&_Poor_s_500_Index"", ""declined_percentage"", ""1.07_percent""], [""Standard_&_Poor_s_500_Index"", ""closed_at"", ""987.86""]]","[[""Nasdaq_Composite_Index"", ""declined"", ""25.78_points""], [""Nasdaq_Composite_Index"", ""declined_percentage"", ""1.56_percent""], [""Nasdaq_Composite_Index"", ""closed_at"", ""1627.84""]]",0.28867513459481287,0.0,0.0,0.0,0.5773502691896257,0.5737623565719374,0.5741211478337063,0.5744799390954751,0.5748387303572439,0.5751975216190127,0.5755563128807816,0.5759151041425503,0.5762738954043193,0.576632686666088,0.5769914779278569,0.5773502691896257,0.6996077822833741,0.7151355517532784
398,"With the power back on , state workers headed back to their jobs Friday morning .","Pataki said if power was restored , state workers would be back on the job Friday morning .","[[""state_workers"", ""headed_back_to"", ""jobs""], [""state_workers"", ""returned_on"", ""Friday_morning""], [""power"", ""restored"", ""state_workers""]]","[[""Pataki"", ""said"", ""state_workers_would_return""], [""state_workers"", ""would_return_on"", ""Friday_morning""], [""power"", ""restored"", ""state_workers""]]",0.6254627916220946,0.401919424533844,0.5521631240844727,0.4844813951249544,0.6254627916220946,0.9538038073870835,0.9209697058105846,0.8881356042340858,0.8553015026575868,0.822467401081088,0.789633299504589,0.7567991979280901,0.7239650963515913,0.6911309947750923,0.6582968931985935,0.6254627916220946,0.8972958114081147,0.7543897572543472
399,The tuxedo shop was used as a front for laundering proceeds from a stolen credit cards .,Ragin and Hayes were accused of using a phony tuxedo rental business as a front for laundering proceeds from stolen credit cards .,"[[""tuxedo_shop"", ""used_as"", ""front""], [""front"", ""for"", ""laundering""], [""laundering"", ""of"", ""proceeds""], [""proceeds"", ""from"", ""stolen_credit_cards""]]","[[""Ragin_and_Hayes"", ""accused_of"", ""using""], [""phony_tuxedo_rental_business"", ""used_as"", ""front""], [""front"", ""for"", ""laundering""], [""laundering"", ""of"", ""proceeds""], [""proceeds"", ""from"", ""stolen_credit_cards""]]",1.0,0.5751956105232239,0.7822010517120361,0.6761234037828132,1.0,0.9723760579905268,0.9751384521914741,0.9779008463924215,0.9806632405933688,0.9834256347943161,0.9861880289952634,0.9889504231962107,0.9917128173971581,0.9944752115981054,0.9972376057990526,1.0,0.9514390923792007,0.7758476814488326
