id,paragraph_1,paragraph_2,kg_1,kg_2,kea_similarity,transe_similarity,rotate_similarity,wl_kernel_similarity,aa_kea_similarity,snea_bert_alpha_0.0,snea_bert_alpha_0.1,snea_bert_alpha_0.2,snea_bert_alpha_0.3,snea_bert_alpha_0.4,snea_bert_alpha_0.5,snea_bert_alpha_0.6,snea_bert_alpha_0.7,snea_bert_alpha_0.8,snea_bert_alpha_0.9,snea_bert_alpha_1.0_SNEA_alone,kea_bert_similarity,semantic_wl_similarity
0,"He preached in Bridgeville , Callicoon , Fallsburgh , Grahamsville , Lackawack , Neversink , North Branch , Otisville , Stephen 's , and Factories .","He preached in Bridgeville , Callicoon , Fallsburgh , Grahamsville , Lackawack , Neversink , North Branch , Otisville , Stephen and Fabriken .","[[""He"", ""preached_in"", ""Bridgeville""], [""He"", ""preached_in"", ""Callicoon""], [""He"", ""preached_in"", ""Fallsburgh""], [""He"", ""preached_in"", ""Grahamsville""], [""He"", ""preached_in"", ""Lackawack""], [""He"", ""preached_in"", ""Neversink""], [""He"", ""preached_in"", ""North_Branch""], [""He"", ""preached_in"", ""Otisville""], [""He"", ""preached_in"", ""Stephen""], [""He"", ""preached_in"", ""Factories""]]","[[""He"", ""preached_in"", ""Bridgeville""], [""He"", ""preached_in"", ""Callicoon""], [""He"", ""preached_in"", ""Fallsburgh""], [""He"", ""preached_in"", ""Grahamsville""], [""He"", ""preached_in"", ""Lackawack""], [""He"", ""preached_in"", ""Neversink""], [""He"", ""preached_in"", ""North_Branch""], [""He"", ""preached_in"", ""Otisville""], [""He"", ""preached_in"", ""Stephen""], [""He"", ""preached_in"", ""Fabriken""]]",0.8740073734751262,0.8208015561103821,0.9882315993309021,0.8333333333333334,0.8740073734751262,0.9960137288051515,0.9838130932721489,0.9716124577391465,0.9594118222061438,0.9472111866731414,0.9350105511401389,0.9228099156071363,0.9106092800741339,0.8984086445411313,0.8862080090081288,0.8740073734751262,0.9801676498169158,0.9768362162179594
1,"Cassandra Peterson also appeared in Peaches Christ 's `` All About Evil '' with Patrick Bristow , Mink Stole and Brown .","Cassandra Peterson also appeared in Peaches Christi `` All About Evil '' with Patrick Bristow , Mink Stole and Brown .","[[""Cassandra_Peterson"", ""appeared_in"", ""All_About_Evil""], [""All_About_Evil"", ""created_by"", ""Peaches_Christ""], [""Cassandra_Peterson"", ""co_starred_with"", ""Patrick_Bristow""], [""Cassandra_Peterson"", ""co_starred_with"", ""Mink_Stole""], [""Cassandra_Peterson"", ""co_starred_with"", ""Brown""]]","[[""Cassandra_Peterson"", ""appeared_in"", ""All_About_Evil""], [""All_About_Evil"", ""created_by"", ""Peaches_Christi""], [""Cassandra_Peterson"", ""co_starred_with"", ""Patrick_Bristow""], [""Cassandra_Peterson"", ""co_starred_with"", ""Mink_Stole""], [""Cassandra_Peterson"", ""co_starred_with"", ""Brown""]]",1.0,0.8384374380111694,0.9525939226150513,0.5833333333333334,1.0,0.9961620753138227,0.9965458677824405,0.9969296602510582,0.9973134527196759,0.9976972451882936,0.9980810376569114,0.9984648301255291,0.9988486225941469,0.9992324150627645,0.9996162075313823,1.0,0.985734827295569,0.9894693582862857
2,The railway station of Betul is located between Bhopal and Nagpur station .,Nagpur railway station is located between Bhopal and Betul station .,"[[""Betul"", ""location"", ""between_Bhopal_and_Nagpur""], [""Betul"", ""near"", ""Bhopal""], [""Betul"", ""near"", ""Nagpur""]]","[[""Nagpur"", ""location"", ""between_Bhopal_and_Betul""], [""Nagpur"", ""near"", ""Bhopal""], [""Nagpur"", ""near"", ""Betul""]]",0.1111111111111111,0.5902766585350037,0.7265104055404663,0.3333333333333333,0.11785113019775792,0.8793635494347478,0.8032123075110489,0.72706106558735,0.6509098236636508,0.5747585817399519,0.4986073398162529,0.4224560978925539,0.3463048559688549,0.27015361404515587,0.19400237212145688,0.11785113019775792,0.8949490975666727,0.9916151486334268
3,"Griese was temporarily injured in the season , however , and later relieved of Grossman .","However , Griese was temporarily injured in the season , and later relieved by Grossman .","[[""Griese"", ""was_injured_in"", ""season""], [""Griese"", ""was_relieved_by"", ""Grossman""]]","[[""Griese"", ""was_injured_in"", ""season""], [""Griese"", ""was_relieved_by"", ""Grossman""]]",1.0,0.9999999403953552,1.0,1.0,1.0,0.9999999988087644,0.999999998927888,0.9999999990470116,0.999999999166135,0.9999999992852586,0.9999999994043822,0.9999999995235058,0.9999999996426293,0.9999999997617529,0.9999999998808764,1.0,1.0,0.9999999908322988
4,"April 16 , 1984 -- became adult contemporary WCGY , music of the 1960s and 1970s with 25 % of current music .","April 16 , 1984 - became adult current WCGY , 1960s ' and 1970s ' music with 25 % contemporary music .","[[""WCGY"", ""became"", ""adult_contemporary""], [""WCGY"", ""plays"", ""music_of_1960s""], [""WCGY"", ""plays"", ""music_of_1970s""], [""WCGY"", ""percentage_of_current_music"", ""25%""]]","[[""WCGY"", ""became"", ""adult_current""], [""WCGY"", ""plays"", ""music_of_1960s""], [""WCGY"", ""plays"", ""music_of_1970s""], [""WCGY"", ""percentage_of_contemporary_music"", ""25%""]]",1.0,0.9495460987091064,0.8986997604370117,0.6333333333333333,1.0,0.9926220881681403,0.9933598793513263,0.9940976705345124,0.9948354617176982,0.9955732529008842,0.9963110440840701,0.9970488352672562,0.997786626450442,0.9985244176336281,0.999262208816814,1.0,0.9531370395795107,0.9676996519784972
5,`` Whatever Will Be '' ( 2005 ) is the second song released by Tammin from her first album `` Whatever Will Be '' .,`` Whatever Will Be '' ( 2005 ) is the first song of Tammin from her second album `` Whatever Will Be '' .,"[[""Whatever_Will_Be"", ""is_second_song_of"", ""Tammin""], [""Whatever_Will_Be"", ""is_from"", ""Whatever_Will_Be_album""], [""Tammin"", ""released"", ""Whatever_Will_Be""], [""Whatever_Will_Be_album"", ""is_first_album_of"", ""Tammin""]]","[[""Whatever_Will_Be"", ""is_first_song_of"", ""Tammin""], [""Whatever_Will_Be"", ""is_from"", ""Whatever_Will_Be_album""], [""Tammin"", ""released"", ""Whatever_Will_Be""], [""Whatever_Will_Be_album"", ""is_second_album_of"", ""Tammin""]]",1.0,0.9999998807907104,0.9999999403953552,1.0,1.0,0.9993030522276627,0.9993727470048964,0.9994424417821302,0.9995121365593638,0.9995818313365976,0.9996515261138313,0.9997212208910651,0.9997909156682988,0.9998606104455325,0.9999303052227663,1.0,0.9779803639082835,0.9917826656056434
6,"In February 2016 , Daniel Pollack announced that Argentina had reached agreement with Paul Singer .",Daniel Pollack announced in February 2016 that Argentina had reached an agreement with Paul Singer .,"[[""Daniel_Pollack"", ""announced_in"", ""February_2016""], [""Argentina"", ""reached_agreement_with"", ""Paul_Singer""]]","[[""Daniel_Pollack"", ""announced_in"", ""February_2016""], [""Argentina"", ""reached_agreement_with"", ""Paul_Singer""]]",1.0,0.9999998807907104,0.9999999403953552,1.0,1.0,0.9999999283912984,0.9999999355521685,0.9999999427130388,0.9999999498739087,0.9999999570347791,0.9999999641956492,0.9999999713565193,0.9999999785173895,0.9999999856782597,0.9999999928391299,1.0,0.9999999970197677,1.0
7,The county seat for DeWitt Township was also in Clinton County from the founding of the county .,The county seat for Clinton County was also located in DeWitt Township from the inception of the County .,"[[""DeWitt_Township"", ""is_county_seat_of"", ""DeWitt_Township""], [""DeWitt_Township"", ""location"", ""Clinton_County""]]","[[""Clinton_County"", ""has_county_seat_in"", ""DeWitt_Township""], [""DeWitt_Township"", ""location"", ""Clinton_County""]]",0.16666666666666666,1.0,0.9999999403953552,0.16666666666666666,0.16666666666666666,0.9692109276141975,0.8889565015194445,0.8087020754246913,0.7284476493299382,0.6481932232351851,0.567938797140432,0.48768437104567897,0.40742994495092594,0.3271755188561728,0.2469210927614197,0.16666666666666666,0.940248979896587,0.7876512369041042
8,"They were accompanied by several other families , or were soon followed , including Masters , Kisner , Battin , Parker , Lundy , Lemon , Oliver , and Rich .","They were accompanied or were soon followed by some other families , including Masters , Parker , Lundy , Battin , Kisner , Lemon , Oliver , and Rich .","[[""They"", ""accompanied_by"", ""Masters""], [""They"", ""accompanied_by"", ""Kisner""], [""They"", ""accompanied_by"", ""Battin""], [""They"", ""accompanied_by"", ""Parker""], [""They"", ""accompanied_by"", ""Lundy""], [""They"", ""accompanied_by"", ""Lemon""], [""They"", ""accompanied_by"", ""Oliver""], [""They"", ""accompanied_by"", ""Rich""]]","[[""They"", ""accompanied_by"", ""Masters""], [""They"", ""accompanied_by"", ""Parker""], [""They"", ""accompanied_by"", ""Lundy""], [""They"", ""accompanied_by"", ""Battin""], [""They"", ""accompanied_by"", ""Kisner""], [""They"", ""accompanied_by"", ""Lemon""], [""They"", ""accompanied_by"", ""Oliver""], [""They"", ""accompanied_by"", ""Rich""]]",1.0,1.0,0.9999998211860657,1.0,1.0,0.9999999987504113,0.9999999988753702,0.9999999990003292,0.9999999991252879,0.9999999992502469,0.9999999993752057,0.9999999995001645,0.9999999996251234,0.9999999997500822,0.9999999998750412,1.0,1.0,0.9999999905114386
9,"The Indore district consists of 4 divisions : Depalpur , Sanwer , Indore and Mhow .","Mhow district consists of 4 divisions ; Depalpur , Sanwer , Indore and Indore .","[[""Indore_district"", ""consists_of"", ""Depalpur""], [""Indore_district"", ""consists_of"", ""Sanwer""], [""Indore_district"", ""consists_of"", ""Indore""], [""Indore_district"", ""consists_of"", ""Mhow""]]","[[""Mhow_district"", ""consists_of"", ""Depalpur""], [""Mhow_district"", ""consists_of"", ""Sanwer""], [""Mhow_district"", ""consists_of"", ""Indore""]]",0.3849001794597505,0.6130737066268921,0.8616135120391846,0.6708203932499369,0.5833333333333334,0.8822387141113741,0.85234817603357,0.822457637955766,0.7925670998779619,0.7626765618001579,0.7327860237223538,0.7028954856445497,0.6730049475667457,0.6431144094889415,0.6132238714111374,0.5833333333333334,0.8775030274017521,0.9382470674880687
10,He has a son ( born 2000 ) from a previous relationship with TV presenter Angela Gessmann . In July 2011 Lanz married Birgit Schrowange .,"He has a son ( vintage 2000 ) from a previous relationship with TV presenter Birgit Schrowange , who married Angela Gessmann in July 2011 .","[[""Lanz"", ""has_son"", ""son""], [""son"", ""born_in"", ""2000""], [""Lanz"", ""had_relationship_with"", ""Angela_Gessmann""], [""Lanz"", ""married"", ""Birgit_Schrowange""], [""Lanz"", ""married_in"", ""July_2011""]]","[[""He"", ""has_son"", ""son""], [""son"", ""born_in"", ""2000""], [""He"", ""had_relationship_with"", ""Birgit_Schrowange""], [""Birgit_Schrowange"", ""married"", ""Angela_Gessmann""], [""Birgit_Schrowange"", ""married_in"", ""July_2011""]]",0.6944444444444444,0.9198909997940063,0.8694652318954468,0.6944444444444444,0.6944444444444444,0.7906478942735943,0.7810275492906793,0.7714072043077644,0.7617868593248494,0.7521665143419343,0.7425461693590194,0.7329258243761043,0.7233054793931893,0.7136851344102744,0.7040647894273594,0.6944444444444444,0.8434632217013499,0.8376750453521193
11,"The difference between neutralizing antibodies and binding antibodies is that binding antibodies neutralize the biological effects of antigen , while the antibodies neutralize antigens .","The difference between neutralizing antibodies and binding antibodies is that binding antibodies neutralize the biological effects of the antigen , while neutralizing antibodies flag antigens .","[[""Neutralizing_Antibodies"", ""neutralize"", ""Antigens""], [""Binding_Antibodies"", ""neutralize"", ""Biological_Effects""], [""Binding_Antibodies"", ""difference_from"", ""Neutralizing_Antibodies""]]","[[""Neutralizing_Antibodies"", ""flag"", ""Antigens""], [""Binding_Antibodies"", ""neutralize"", ""Biological_Effects""], [""Binding_Antibodies"", ""difference_from"", ""Neutralizing_Antibodies""]]",1.0,1.0,1.0,1.0,1.0,0.9839947653522126,0.9855952888169913,0.9871958122817701,0.9887963357465488,0.9903968592113276,0.9919973826761064,0.9935979061408851,0.9951984296056637,0.9967989530704425,0.9983994765352213,1.0,0.9494781445980705,0.8367194326432761
12,"Renzo Furlan won 6 -- 3 , 6 -- 4 against Thomas Johansson in the finals .","Thomas Johansson won 6 -- 3 , 6 -- 4 against Renzo Furlan in the finals .","[[""Renzo_Furlan"", ""won_against"", ""Thomas_Johansson""], [""Renzo_Furlan"", ""won_in"", ""finals""]]","[[""Thomas_Johansson"", ""won_against"", ""Renzo_Furlan""], [""Thomas_Johansson"", ""won_in"", ""finals""]]",0.13608276348795434,1.0,0.9999999403953552,0.4444444444444444,0.13608276348795434,0.8309687159552622,0.7614801207085314,0.6919915254618006,0.6225029302150699,0.5530143349683391,0.4835257397216083,0.4140371444748775,0.34454854922814676,0.27505995398141586,0.20557135873468513,0.13608276348795434,0.8525671654265548,0.8778938878306041
13,"Rasmus Seebach has written songs for Nik 'Jay , Burhan G and Lars Ankerstjerne as songwriters .","Lars Ankerstjerne has written songs for Nik 'Jay , Burhan G and Rasmus Seebach as songwriters .","[[""Rasmus_Seebach"", ""has_written_songs_for"", ""Nik_Jay""], [""Rasmus_Seebach"", ""has_written_songs_for"", ""Burhan_G""], [""Rasmus_Seebach"", ""has_written_songs_for"", ""Lars_Ankerstjerne""]]","[[""Lars_Ankerstjerne"", ""has_written_songs_for"", ""Nik_Jay""], [""Lars_Ankerstjerne"", ""has_written_songs_for"", ""Burhan_G""], [""Lars_Ankerstjerne"", ""has_written_songs_for"", ""Rasmus_Seebach""]]",0.3849001794597505,1.0,0.9999998807907104,0.5833333333333334,0.3849001794597505,0.8961688077371783,0.8450419449094356,0.7939150820816928,0.74278821925395,0.6916613564262072,0.6405344935984645,0.5894076307707217,0.5382807679429789,0.48715390511523604,0.4360270422874933,0.3849001794597505,0.9094357831244826,0.9365278357028124
14,"A quantum fluid refers to each system that shows quantum mechanical effects at the macroscopic level , such as superfluids , superconductors , ultracold atoms , etc .","A quantum mechanical fluid refers to any system that shows macroscopic effects at the quantum level , such as superfluids , superconductors , ultracold atoms , etc .","[[""Quantum_fluid"", ""refers_to"", ""system""], [""System"", ""shows"", ""quantum_mechanical_effects""], [""Quantum_mechanical_effects"", ""occur_at"", ""macroscopic_level""], [""Quantum_fluid"", ""includes"", ""superfluids""], [""Quantum_fluid"", ""includes"", ""superconductors""], [""Quantum_fluid"", ""includes"", ""ultracold_atoms""]]","[[""Quantum_mechanical_fluid"", ""refers_to"", ""system""], [""System"", ""shows"", ""macroscopic_effects""], [""Macroscopic_effects"", ""occur_at"", ""quantum_level""], [""Quantum_mechanical_fluid"", ""includes"", ""superfluids""], [""Quantum_mechanical_fluid"", ""includes"", ""superconductors""], [""Quantum_mechanical_fluid"", ""includes"", ""ultracold_atoms""]]",0.5238095238095238,0.4604963958263397,0.7380282878875732,0.4523809523809524,0.5350284209791207,0.978527711207225,0.9341777821844147,0.8898278531616042,0.8454779241387937,0.8011279951159833,0.7567780660931729,0.7124281370703625,0.668078208047552,0.6237282790247416,0.5793783500019312,0.5350284209791207,0.9308289873528157,0.9703223295191294
15,The expressway continues for another mile and crosses several buildings in short tunnels before crossing the Harlem River into the Bronx via the Alexander Hamilton Bridge .,The expressway continues for another mile and crosses several buildings in short tunnels before crossing the Alexander Hamilton Bridge into the Bronx via the Harlem River .,"[[""expressway"", ""continues_for"", ""another_mile""], [""expressway"", ""crosses"", ""several_buildings""], [""expressway"", ""crosses"", ""Harlem_River""], [""expressway"", ""enters_via"", ""Alexander_Hamilton_Bridge""], [""expressway"", ""enters"", ""Bronx""]]","[[""expressway"", ""continues_for"", ""another_mile""], [""expressway"", ""crosses"", ""several_buildings""], [""expressway"", ""crosses"", ""Alexander_Hamilton_Bridge""], [""expressway"", ""enters"", ""Bronx""], [""expressway"", ""crosses"", ""Harlem_River""]]",1.0,0.9999998807907104,0.9999999403953552,1.0,1.0,0.9962690632462712,0.996642156921644,0.9970152505970169,0.9973883442723899,0.9977614379477627,0.9981345316231356,0.9985076252985084,0.9988807189738813,0.9992538126492543,0.9996269063246271,1.0,0.9817048744334187,0.982135303480366
16,He moved to Ottawa and settled down in Illinois in 1891 .,He moved to Ottawa and settled in Illinois in 1891 .,"[[""Person"", ""moved_to"", ""Ottawa""], [""Person"", ""settled_in"", ""Illinois""], [""Person"", ""arrived_in"", ""1891""]]","[[""Person"", ""moved_to"", ""Ottawa""], [""Person"", ""settled_in"", ""Illinois""], [""Person"", ""arrived_in"", ""1891""]]",1.0,1.0,1.0,1.0,1.0,0.9999999987606202,0.9999999988845582,0.9999999990084962,0.999999999132434,0.9999999992563721,0.9999999993803101,0.9999999995042481,0.9999999996281861,0.9999999997521241,0.999999999876062,1.0,1.0,0.999999989361998
17,He left Shrewsbury in January 2006. and next joined Nuneaton Borough,He left Shrewsbury in January 2006 and joined Nuneaton Borough next .,"[[""He"", ""left"", ""Shrewsbury""], [""He"", ""left_in"", ""January_2006""], [""He"", ""joined"", ""Nuneaton_Borough""]]",[],,,,,,,,,,,,,,,,,,
18,The system required the user to first encode the quasi-phonetic spelling into a standard rendering .,The system required the user to encode the quasi-phonetic spelling first into a default rendering .,"[[""system"", ""required"", ""user""], [""user"", ""encode"", ""quasi-phonetic_spelling""], [""quasi-phonetic_spelling"", ""encoded_into"", ""standard_rendering""]]","[[""system"", ""required"", ""user""], [""user"", ""encode"", ""quasi-phonetic_spelling""], [""quasi-phonetic_spelling"", ""encoded_into"", ""default_rendering""]]",1.0,0.9560160040855408,0.915679395198822,0.25,1.0,0.986753513774555,0.9880781623970994,0.989402811019644,0.9907274596421884,0.992052108264733,0.9933767568872776,0.994701405509822,0.9960260541323664,0.997350702754911,0.9986753513774556,1.0,0.9684778826029817,0.9871364527950947
19,Reading is a road bridge over the River Thames at Reading Bridge in the English county of Berkshire .,Reading is a road bridge over the River Thames on the Reading Bridge in the English county of Berkshire .,"[[""Reading"", ""location"", ""River_Thames""], [""Reading"", ""location"", ""Reading_Bridge""], [""Reading"", ""location"", ""Berkshire""]]","[[""Reading"", ""location"", ""River_Thames""], [""Reading"", ""location"", ""Reading_Bridge""], [""Reading"", ""location"", ""Berkshire""]]",1.0,1.0,1.0,1.0,1.0,1.0,1.0,1.0,1.0,1.0,1.0,1.0,1.0,1.0,1.0,1.0,1.0,1.0
20,"On August 31 , 1819 , Wollstonecraft met in Sydney on board the ship `` Grenada '' .",Wollstonecraft arrived in Grenada on board the ship `` Sydney '' on 31 August 1819 .,"[[""Wollstonecraft"", ""met_in"", ""Sydney""], [""Wollstonecraft"", ""on_board"", ""Grenada""], [""Wollstonecraft"", ""met_on"", ""August_31_1819""]]","[[""Wollstonecraft"", ""arrived_in"", ""Grenada""], [""Wollstonecraft"", ""on_board"", ""Sydney""], [""Wollstonecraft"", ""arrived_on"", ""August_31_1819""]]",0.6254627916220946,1.0,1.0,1.0,0.6254627916220946,0.9144762796014051,0.885574930803474,0.856673582005543,0.8277722332076118,0.7988708844096808,0.7699695356117499,0.7410681868138188,0.7121668380158878,0.6832654892179567,0.6543641404200257,0.6254627916220946,0.8274003408084338,0.9343263393640846
21,"After the death of her first husband , Tom Dalton married Katharina Dalton , who passed away in 1992 .","After the death of her first husband , Katharina Dalton remarried Tom Dalton , who passed away in 1992 .","[[""Katharina_Dalton"", ""married"", ""Tom_Dalton""], [""Tom_Dalton"", ""died_in"", ""1992""], [""Katharina_Dalton"", ""had_husband"", ""first_husband""], [""first_husband"", ""died"", ""before_1992""]]","[[""Katharina_Dalton"", ""remarried"", ""Tom_Dalton""], [""Tom_Dalton"", ""died_in"", ""1992""], [""Katharina_Dalton"", ""had_husband"", ""first_husband""], [""first_husband"", ""died"", ""before_1992""]]",1.0,0.9999998211860657,0.9999999403953552,1.0,1.0,0.9974084908707923,0.997667641783713,0.997926792696634,0.9981859436095546,0.9984450945224754,0.9987042454353962,0.9989633963483169,0.9992225472612377,0.9994816981741584,0.9997408490870793,1.0,0.980735865066606,0.987461091122686
22,The tubular heart or primitive heart tube is the earliest stage of heart development .,The primitive heart or the tubular heart tube is the earliest stage of the heart development .,"[[""tubular_heart"", ""is"", ""primitive_heart_tube""], [""tubular_heart"", ""is"", ""earliest_stage_of_heart_development""]]","[[""primitive_heart"", ""is"", ""tubular_heart_tube""], [""primitive_heart"", ""is"", ""earliest_stage_of_heart_development""]]",1.0,0.0,0.40917444229125977,0.3333333333333333,0.6851601597031488,0.9099698591780846,0.887488889230591,0.8650079192830975,0.8425269493356038,0.8200459793881103,0.7975650094406167,0.7750840394931231,0.7526030695456296,0.7301220995981359,0.7076411296506424,0.6851601597031488,0.9107831330500474,0.9535952869710806
23,Cold Mountain is located about southeast of Asheville and south of Waynesville .,Cold Mountain is about southeast of Asheville and south of Waynesville .,"[[""Cold_Mountain"", ""location"", ""southeast_of_Asheville""], [""Cold_Mountain"", ""location"", ""south_of_Waynesville""]]","[[""Cold_Mountain"", ""location"", ""southeast_of_Asheville""], [""Cold_Mountain"", ""location"", ""south_of_Waynesville""]]",1.0,0.9999998807907104,1.0,1.0,1.0,0.9999999989634725,0.9999999990671252,0.999999999170778,0.9999999992744306,0.9999999993780835,0.9999999994817362,0.999999999585389,0.9999999996890417,0.9999999997926945,0.9999999998963472,1.0,0.9999999940395354,1.0
24,"St Francis Inter College , Aligarh Road , is one of the best and most renowned schools in Hathras .","St Francis Inter College , Hathras Road , is one of the best and most renowned schools in Aligarh .","[[""St_Francis_Inter_College"", ""location"", ""Aligarh_Road""], [""St_Francis_Inter_College"", ""location"", ""Hathras""]]","[[""St_Francis_Inter_College"", ""location"", ""Hathras_Road""], [""St_Francis_Inter_College"", ""location"", ""Aligarh""]]",1.0,0.07724064588546753,0.667754054069519,0.05555555555555555,1.0,0.9905086364626038,0.9914577728163434,0.9924069091700831,0.9933560455238226,0.9943051818775622,0.9952543182313018,0.9962034545850416,0.9971525909387811,0.9981017272925208,0.9990508636462604,1.0,0.9102853915274521,0.9675901222420323
25,Jackson Township is located in the 12th Congressional District and is part of New Jersey 's 4th state legislative district .,Jackson Township is located in the 12th Congressional District and is part of the 4th State Legislative District in New Jersey .,"[[""Jackson_Township"", ""location"", ""12th_Congressional_District""], [""Jackson_Township"", ""part_of"", ""New_Jersey_4th_state_legislative_district""], [""New_Jersey_4th_state_legislative_district"", ""location"", ""New_Jersey""]]","[[""Jackson_Township"", ""location"", ""12th_Congressional_District""], [""Jackson_Township"", ""part_of"", ""4th_State_Legislative_District""], [""4th_State_Legislative_District"", ""location"", ""New_Jersey""]]",1.0,0.9772573113441467,0.9131430387496948,0.5416666666666666,1.0,0.9783311262788711,0.980498013650984,0.982664901023097,0.9848317883952098,0.9869986757673227,0.9891655631394356,0.9913324505115484,0.9934993378836614,0.9956662252557742,0.9978331126278871,1.0,0.9664318983700956,0.8355839708925492
26,"From 1993 to 2001 , Huntsman served as an executive for the Huntsman Corporation , chairman of the Huntsman Cancer Foundation , and CEO of Huntsman Family Holdings Company .","From 1993 to 2001 , Huntsman worked as an executive for Huntsman Corporation , Chairman of the Huntsman Family Holdings Company and CEO of the Huntsman Cancer Foundation .","[[""Huntsman"", ""served_as"", ""executive_of_Huntsman_Corporation""], [""Huntsman"", ""was"", ""chairman_of_Huntsman_Cancer_Foundation""], [""Huntsman"", ""was"", ""CEO_of_Huntsman_Family_Holdings_Company""], [""Huntsman_Corporation"", ""has"", ""executive""], [""Huntsman_Cancer_Foundation"", ""has"", ""chairman""], [""Huntsman_Family_Holdings_Company"", ""has"", ""CEO""]]","[[""Huntsman"", ""worked_as"", ""executive_of_Huntsman_Corporation""], [""Huntsman"", ""was"", ""Chairman_of_Huntsman_Family_Holdings_Company""], [""Huntsman"", ""was"", ""CEO_of_Huntsman_Cancer_Foundation""], [""Huntsman_Corporation"", ""has"", ""executive""], [""Huntsman_Family_Holdings_Company"", ""has"", ""Chairman""], [""Huntsman_Cancer_Foundation"", ""has"", ""CEO""]]",0.5833333333333334,0.870088517665863,0.9402443766593933,0.55,0.8333333333333334,0.9968604448369558,0.9805077336865936,0.9641550225362314,0.947802311385869,0.9314496002355068,0.9150968890851445,0.8987441779347823,0.8823914667844202,0.8660387556340579,0.8496860444836956,0.8333333333333334,0.9626807077628714,0.9766485576229387
27,The museum building retains its classical style of oriental modern architecture through the standing bricks on the southeast corner of the building and the European image of the foyer .,The museum building retains its classic style of oriental modern architecture through the standing bricks on the southeast corner of the building and the European image of the foyer .,"[[""museum_building"", ""retains_style"", ""oriental_modern_architecture""], [""museum_building"", ""has_bricks_at"", ""southeast_corner""], [""museum_building"", ""has_foyer_with"", ""European_image""], [""oriental_modern_architecture"", ""includes"", ""classical_style""], [""museum_building"", ""has_architecture_style"", ""classical_style""]]","[[""museum_building"", ""retains_style"", ""oriental_modern_architecture""], [""museum_building"", ""has_bricks_at"", ""southeast_corner""], [""museum_building"", ""has_foyer_with"", ""European_image""], [""oriental_modern_architecture"", ""includes"", ""classic_style""], [""museum_building"", ""has_architecture_style"", ""classic_style""]]",1.0,0.9519902467727661,0.9241796731948853,0.4666666666666667,1.0,0.9892423037977247,0.9903180734179522,0.9913938430381799,0.9924696126584072,0.9935453822786349,0.9946211518988624,0.9956969215190898,0.9967726911393174,0.9978484607595449,0.9989242303797725,1.0,0.9785550461655848,0.9906023040089117
28,"Paralepetopsis tunnicliffae is a species of sea snail , a true limpet , a true gastropod mollusk in the family Neolepetopsidae , one of the families of the marine limpets .","Paralepetopsis tunnicliffae is a species of sea snail , a true limpet , a true gastropod mollusk in the family Neolepetopsidae , one of the families of marine limpets .","[[""Paralepetopsis_tunnicliffae"", ""is"", ""sea_snail""], [""Paralepetopsis_tunnicliffae"", ""is"", ""true_limpet""], [""Paralepetopsis_tunnicliffae"", ""is"", ""true_gastropod_mollusk""], [""Paralepetopsis_tunnicliffae"", ""family"", ""Neolepetopsidae""], [""Neolepetopsidae"", ""is"", ""family_of_marine_limpets""]]","[[""Paralepetopsis_tunnicliffae"", ""is"", ""sea_snail""], [""Paralepetopsis_tunnicliffae"", ""is"", ""true_limpet""], [""Paralepetopsis_tunnicliffae"", ""is"", ""true_gastropod_mollusk""], [""Paralepetopsis_tunnicliffae"", ""family"", ""Neolepetopsidae""], [""Neolepetopsidae"", ""is"", ""family_of_marine_limpets""]]",1.0,0.9999998807907104,0.9999999403953552,1.0,1.0,0.9999999986262618,0.9999999987636355,0.9999999989010095,0.9999999990383832,0.9999999991757571,0.9999999993131309,0.9999999994505047,0.9999999995878786,0.9999999997252523,0.9999999998626262,1.0,1.0,1.0
29,"Archana is an Indian film actress and accomplished Kuchipudi and Kathak dancer , known for her works in the South Indian film industry .","Archana is an accomplished film actress and southern Indian Kuchipudi and Kathak dancer , renowned for her works in the Indian film industry .","[[""Archana"", ""is"", ""Indian_film_actress""], [""Archana"", ""is"", ""Kuchipudi_dancer""], [""Archana"", ""is"", ""Kathak_dancer""], [""Archana"", ""works_in"", ""South_Indian_film_industry""]]","[[""Archana"", ""is"", ""film_actress""], [""Archana"", ""is"", ""Kuchipudi_dancer""], [""Archana"", ""is"", ""Kathak_dancer""], [""Archana"", ""works_in"", ""Indian_film_industry""]]",1.0,0.7031320929527283,0.8835327625274658,0.43333333333333335,1.0,0.9938329504987987,0.9944496554489188,0.9950663603990391,0.9956830653491591,0.9962997702992792,0.9969164752493993,0.9975331801995195,0.9981498851496395,0.9987665900997598,0.9993832950498799,1.0,0.9763466969386729,0.9823729274924378
30,In 2005 Coach Jesús Ramírez selected Jorge Torres Nilo to participate in the 2005 CONCACAF U17 Tournament held in Culiacán .,"In 2005 , coach Jesús Ramírez elected Jorge Torres Nilo to participate in the CONCACAF U17 Tournament 2005 in Culiacán .","[[""Jesús_Ramírez"", ""selected"", ""Jorge_Torres_Nilo""], [""Jorge_Torres_Nilo"", ""participate_in"", ""CONCACAF_U17_Tournament_2005""], [""CONCACAF_U17_Tournament_2005"", ""held_in"", ""Culiacán""]]","[[""Jesús_Ramírez"", ""elected"", ""Jorge_Torres_Nilo""], [""Jorge_Torres_Nilo"", ""participate_in"", ""CONCACAF_U17_Tournament_2005""], [""CONCACAF_U17_Tournament_2005"", ""held_in"", ""Culiacán""]]",1.0,1.0,1.0,1.0,1.0,0.9804139521784174,0.9823725569605757,0.9843311617427339,0.9862897665248922,0.9882483713070505,0.9902069760892087,0.992165580871367,0.9941241856535252,0.9960827904356835,0.9980413952178417,1.0,0.9427145965290815,0.9715782977343125
31,The third group mostly contains soft ions of post-transition metals .,The third group contains mostly post-transition ions ion of soft metals .,"[[""third_group"", ""contains"", ""soft_ions""], [""soft_ions"", ""are"", ""post-transition_metals""]]","[[""third_group"", ""contains"", ""post-transition_ions""], [""post-transition_ions"", ""are"", ""soft_metals""]]",0.16666666666666666,0.23692651093006134,0.3327001631259918,0.05555555555555555,0.16666666666666666,0.9100577737008781,0.8357186629974571,0.7613795522940359,0.6870404415906147,0.6127013308871935,0.5383622201837724,0.46402310948035125,0.3896839987769301,0.3153448880735089,0.24100577737008777,0.16666666666666666,0.8820619618848573,0.9432448564965281
32,His father returned as a finished violinist of the Russian School to Bombay .,His father returned to Bombay as a finished violinist of the Russian school .,"[[""His_father"", ""returned_to"", ""Bombay""], [""His_father"", ""is"", ""finished_violinist""], [""His_father"", ""trained_in"", ""Russian_School""]]","[[""His_father"", ""returned_to"", ""Bombay""], [""His_father"", ""is"", ""finished_violinist""], [""His_father"", ""trained_in"", ""Russian_School""]]",1.0,1.0,1.0,1.0,1.0,1.0,1.0,1.0,1.0,1.0,1.0,1.0,1.0,1.0,1.0,1.0,1.0,0.9999999872547403
33,"The building of the museum was built in 1948 according to designs by Wadsworth , Boston 's Tuttle of Portland .","The museum 's building was built in 1948 , with designs by Wadsworth , Portland & Tuttle of Boston .","[[""museum"", ""built_in"", ""1948""], [""museum"", ""designed_by"", ""Wadsworth""], [""museum"", ""designed_by"", ""Tuttle_of_Portland""], [""Tuttle_of_Portland"", ""location"", ""Boston""], [""Wadsworth"", ""collaborated_with"", ""Tuttle_of_Portland""]]","[[""museum"", ""built_in"", ""1948""], [""museum"", ""designed_by"", ""Wadsworth""], [""museum"", ""designed_by"", ""Tuttle_of_Boston""], [""museum"", ""designed_by"", ""Portland""], [""Wadsworth"", ""collaborated_with"", ""Tuttle_of_Boston""], [""Wadsworth"", ""collaborated_with"", ""Portland""]]",0.40994579587496144,0.5056656002998352,0.7781893610954285,0.26666666666666666,0.40994579587496144,0.9526611003462252,0.8983895698990989,0.8441180394519725,0.7898465090048461,0.7355749785577197,0.6813034481105933,0.627031917663467,0.5727603872163406,0.5184888567692142,0.4642173263220878,0.40994579587496144,0.9184704166406217,0.9288182600544701
34,"The flag from Kenya of 1963 is white , but has inserted similar lines between the colors .","The flag of Kenya of 1963 is white , but has similar lines inserted in between the colors .","[[""Kenya"", ""has_flag"", ""flag_of_Kenya_1963""], [""flag_of_Kenya_1963"", ""color"", ""white""], [""flag_of_Kenya_1963"", ""has_lines"", ""similar_lines""]]","[[""Kenya"", ""has_flag"", ""flag_of_Kenya_1963""], [""flag_of_Kenya_1963"", ""color"", ""white""], [""flag_of_Kenya_1963"", ""has_lines"", ""similar_lines""]]",1.0,1.0,0.9999999403953552,1.0,1.0,0.9999999024577462,0.9999999122119716,0.999999921966197,0.9999999317204222,0.9999999414746477,0.9999999512288731,0.9999999609830985,0.9999999707373238,0.9999999804915493,0.9999999902457746,1.0,0.9999999831120173,1.0
35,"Andreas Schelfhout was born in Schellingwoude in Amsterdam and studied painting with Nicolaas Johannes Roosenboom , a leading romantic landscape painter .","Nicolaas Johannes Roosenboom was born in Schellingwoude in Amsterdam and studied painting with Andreas Schelfhout , a leading romantic landscape painter .","[[""Andreas_Schelfhout"", ""born_in"", ""Schellingwoude""], [""Schellingwoude"", ""location"", ""Amsterdam""], [""Andreas_Schelfhout"", ""studied_with"", ""Nicolaas_Johannes_Roosenboom""], [""Nicolaas_Johannes_Roosenboom"", ""is"", ""romantic_landscape_painter""]]","[[""Nicolaas_Johannes_Roosenboom"", ""born_in"", ""Schellingwoude""], [""Schellingwoude"", ""location"", ""Amsterdam""], [""Nicolaas_Johannes_Roosenboom"", ""studied_with"", ""Andreas_Schelfhout""], [""Andreas_Schelfhout"", ""is"", ""romantic_landscape_painter""]]",0.6666666666666666,1.0,1.0,0.6666666666666666,0.6666666666666666,0.9945273215315289,0.9617412560450427,0.9289551905585565,0.8961691250720701,0.863383059585584,0.8305969940990978,0.7978109286126116,0.7650248631261254,0.7322387976396391,0.6994527321531528,0.6666666666666666,0.9578447785042327,0.9644018899693458
36,"The current Chief Executive is Mathew Walker , and the chairman from 2002 to 2009 was Martin Dean , who was replaced by Eric Bowen .","The current Chief Executive is Martin Dean , and the Chairman from 2002 to 2009 , was Mathew Walker , who was succeeded by Eric Bowen .","[[""Mathew_Walker"", ""is"", ""Chief_Executive""], [""Martin_Dean"", ""was"", ""chairman""], [""Martin_Dean"", ""served_from"", ""2002""], [""Martin_Dean"", ""served_to"", ""2009""], [""Martin_Dean"", ""was_replaced_by"", ""Eric_Bowen""]]","[[""Martin_Dean"", ""is"", ""Chief_Executive""], [""Mathew_Walker"", ""was"", ""Chairman""], [""Mathew_Walker"", ""served_from"", ""2002""], [""Mathew_Walker"", ""served_to"", ""2009""], [""Mathew_Walker"", ""was_succeeded_by"", ""Eric_Bowen""]]",0.7619047619047619,1.0,0.9999999403953552,0.7619047619047619,0.7619047619047619,0.841239421150972,0.8333059552263511,0.8253724893017301,0.8174390233771089,0.809505557452488,0.801572091527867,0.7936386256032459,0.7857051596786249,0.777771693754004,0.7698382278293829,0.7619047619047619,0.8461859776530997,0.8615876177123121
37,"He studied in Regensburg , then in Munich , where Joseph Haas was among his teachers , and in Berlin where in 1925 he gained a Ph.D..","He studied in Regensburg , then in Munich , where Joseph Haas was among his teachers , and in Berlin , where he received a doctorate in 1925 .","[[""He"", ""studied_in"", ""Regensburg""], [""He"", ""studied_in"", ""Munich""], [""Joseph_Haas"", ""was_teacher_of"", ""He""], [""He"", ""studied_in"", ""Berlin""], [""He"", ""gained_PhD_in"", ""1925""]]","[[""He"", ""studied_in"", ""Regensburg""], [""He"", ""studied_in"", ""Munich""], [""Joseph_Haas"", ""was_teacher_of"", ""He""], [""He"", ""studied_in"", ""Berlin""], [""He"", ""received_doctorate_in"", ""1925""]]",1.0,1.0,0.9999999403953552,1.0,1.0,0.9975749353001022,0.997817441770092,0.9980599482400818,0.9983024547100714,0.9985449611800613,0.9987874676500511,0.9990299741200409,0.9992724805900306,0.9995149870600204,0.9997574935300102,1.0,0.9880902049705166,0.9871034069979858
38,"The Roman - Catholic diocese of Cyangugu is a diocese in the town of Kigali in the ecclesiastical province of Cyangugu , Rwanda .","The Roman - Catholic diocese of Cyangugu is a diocese in the city of Cyangugu in the church province of Kigali , Rwanda .","[[""Roman_Catholic_diocese_of_Cyangugu"", ""location"", ""Kigali""], [""Roman_Catholic_diocese_of_Cyangugu"", ""part_of"", ""ecclesiastical_province_of_Cyangugu""], [""ecclesiastical_province_of_Cyangugu"", ""location"", ""Rwanda""]]","[[""Roman_Catholic_diocese_of_Cyangugu"", ""location"", ""Cyangugu""], [""Roman_Catholic_diocese_of_Cyangugu"", ""part_of"", ""church_province_of_Kigali""], [""church_province_of_Kigali"", ""location"", ""Rwanda""]]",0.4444444444444444,0.8841422200202942,0.771210789680481,0.2916666666666667,0.36028834606144605,0.9740023240049192,0.9126309262105718,0.8512595284162245,0.7898881306218771,0.7285167328275299,0.6671453350331826,0.6057739372388353,0.544402539444488,0.48303114165014066,0.42165974385579336,0.36028834606144605,0.9263207053583056,0.8239291208772206
39,Pemberton Township is located in the 8th Congressional District and is part of the 3rd State Legislative District in New Jersey .,Pemberton Township is located in the 3rd Congressional District and is part of New Jersey 's 8th state legislative district .,"[[""Pemberton_Township"", ""location"", ""8th_Congressional_District""], [""Pemberton_Township"", ""part_of"", ""3rd_State_Legislative_District""], [""3rd_State_Legislative_District"", ""location"", ""New_Jersey""]]","[[""Pemberton_Township"", ""location"", ""3rd_Congressional_District""], [""Pemberton_Township"", ""part_of"", ""8th_State_Legislative_District""], [""8th_State_Legislative_District"", ""location"", ""New_Jersey""]]",1.0,0.7488346695899963,0.5809374451637268,0.2916666666666667,0.4166666666666667,0.9861649851025657,0.9292151532589757,0.8722653214153859,0.8153154895717959,0.7583656577282061,0.7014158258846162,0.6444659940410262,0.5875161621974364,0.5305663303538465,0.47361649851025656,0.4166666666666667,0.9554810541153349,0.9953017242658236
40,"The school is located in Seminole County , near Winter Springs and Oviedo , despite its postal address of Winter Park , Florida , which is in Orange County .","The school is in Seminole County , near Winter Springs and Oviedo , despite its mailing address of Winter Park , Florida , which is in Orange County .","[[""school"", ""location"", ""Seminole_County""], [""school"", ""near"", ""Winter_Springs""], [""school"", ""near"", ""Oviedo""], [""school"", ""postal_address"", ""Winter_Park""], [""Winter_Park"", ""location"", ""Orange_County""], [""Orange_County"", ""location"", ""Florida""]]","[[""school"", ""location"", ""Seminole_County""], [""school"", ""near"", ""Winter_Springs""], [""school"", ""near"", ""Oviedo""], [""school"", ""mailing_address"", ""Winter_Park""], [""Winter_Park"", ""location"", ""Orange_County""], [""Orange_County"", ""location"", ""Florida""]]",1.0,1.0,1.0,1.0,1.0,0.9976622776978983,0.9978960499281084,0.9981298221583186,0.9983635943885287,0.998597366618739,0.9988311388489491,0.9990649110791593,0.9992986833093696,0.9995324555395797,0.9997662277697899,1.0,0.9878497377892745,0.9959888519051296
41,"The singers of Sonic Syndicate , Richard Sjunnesson and Peter Wichers , sang also for a compilation - album , called `` with Soilwork guitarist Roland Johansson .","The singers of Sonic Syndicate , Richard Sjunnesson and Roland Johansson , also sang for a compilation album , called `` with Soilwork guitarist Peter Wichers .","[[""Sonic_Syndicate"", ""has_singers"", ""Richard_Sjunnesson""], [""Sonic_Syndicate"", ""has_singers"", ""Peter_Wichers""], [""Richard_Sjunnesson"", ""sang_for"", ""compilation_album""], [""Peter_Wichers"", ""sang_for"", ""compilation_album""], [""compilation_album"", ""featured"", ""Roland_Johansson""], [""Roland_Johansson"", ""is_guitarist_of"", ""Soilwork""]]","[[""Sonic_Syndicate"", ""has_singers"", ""Richard_Sjunnesson""], [""Sonic_Syndicate"", ""has_singers"", ""Roland_Johansson""], [""Richard_Sjunnesson"", ""sang_for"", ""compilation_album""], [""Roland_Johansson"", ""sang_for"", ""compilation_album""], [""compilation_album"", ""featured"", ""Peter_Wichers""], [""Peter_Wichers"", ""is_guitarist_of"", ""Soilwork""]]",0.3333333333333333,0.9999999403953552,1.0,0.3333333333333333,0.3333333333333333,0.9971736595433977,0.9307896269223912,0.8644055943013849,0.7980215616803783,0.7316375290593718,0.6652534964383655,0.5988694638173591,0.5324854311963526,0.46610139857534616,0.3997173659543397,0.3333333333333333,0.9428226122957055,0.9615928887112052
42,"Fontaine Charles-Péguy , Square Alain Gilot , rue Montempoivre 1989 , Charles Péguy , architect , and Liliane Grunig Tribel , landscape architect .","Fontaine Charles - Péguy , Square Charles Péguy , rue Montempoivre 1989 , architect Alain Gilot , and Liliane Grunig Tribel , landscape architect .","[[""Fontaine_Charles-Péguy"", ""located_on"", ""rue_Montempoivre""], [""Fontaine_Charles-Péguy"", ""near"", ""Square_Alain_Gilot""], [""Charles_Péguy"", ""is"", ""architect""], [""Liliane_Grunig_Tribel"", ""is"", ""landscape_architect""], [""Fontaine_Charles-Péguy"", ""designed_by"", ""Charles_Péguy""]]","[[""Fontaine_Charles-Péguy"", ""located_on"", ""rue_Montempoivre""], [""Fontaine_Charles-Péguy"", ""near"", ""Square_Charles_Péguy""], [""Alain_Gilot"", ""is"", ""architect""], [""Liliane_Grunig_Tribel"", ""is"", ""landscape_architect""]]",0.5,0.8030195832252502,0.8835058212280273,0.5952380952380952,0.6428571428571429,0.9674525534039297,0.934993012349251,0.9025334712945723,0.8700739302398935,0.837614389185215,0.8051548481305363,0.7726953070758575,0.7402357660211789,0.7077762249665003,0.6753166839118215,0.6428571428571429,0.9099414951787204,0.899086748492476
43,He started his career in Paris for a year until he returned to Switzerland from 1971 to 1979 to work in gravure .,"Burki started his career in Switzerland for a year , until he returned to Paris to work in rotogravure from 1971 to 1979 .","[[""Burki"", ""started_career_in"", ""Paris""], [""Burki"", ""returned_to"", ""Switzerland""], [""Burki"", ""worked_in"", ""rotogravure""], [""Burki"", ""was_in_Switzerland_from"", ""1971""], [""Burki"", ""was_in_Switzerland_until"", ""1979""]]","[[""Burki"", ""started_career_in"", ""Switzerland""], [""Burki"", ""returned_to"", ""Paris""], [""Burki"", ""worked_in"", ""rotogravure""], [""Burki"", ""was_in_Paris_from"", ""1971""], [""Burki"", ""was_in_Paris_until"", ""1979""]]",1.0,1.0,1.0,1.0,1.0,0.9740896235663645,0.9766806612097281,0.9792716988530916,0.9818627364964552,0.9844537741398187,0.9870448117831823,0.9896358494265458,0.9922268870699094,0.9948179247132729,0.9974089623566365,1.0,0.9248668739389851,0.9388625659649181
44,"Historically it became a Christian town , but it was partly inhabited by Shia .","Historically , it was a Christian town , but it became partly inhabited by Shias .","[[""town"", ""became"", ""Christian_town""], [""town"", ""inhabited_by"", ""Shia""]]","[[""town"", ""was"", ""Christian_town""], [""town"", ""became_inhabited_by"", ""Shias""]]",1.0,0.3748050332069397,0.6177314519882202,0.3888888888888889,1.0,0.9598227460249465,0.9638404714224519,0.9678581968199573,0.9718759222174624,0.9758936476149679,0.9799113730124733,0.9839290984099787,0.987946823807484,0.9919645492049893,0.9959822746024947,1.0,0.8939596280229336,0.9129202113786699
45,"The project was developed in 2003 by Murphy and DeSanto , and DeSanto wrote a treatment .","Murphy and DeSanto developed the project in 2003 , and DeSanto wrote a treatment .","[[""Murphy"", ""developed"", ""project""], [""DeSanto"", ""developed"", ""project""], [""project"", ""developed_in"", ""2003""], [""DeSanto"", ""wrote"", ""treatment""]]","[[""Murphy"", ""developed"", ""project""], [""DeSanto"", ""developed"", ""project""], [""project"", ""developed_in"", ""2003""], [""DeSanto"", ""wrote"", ""treatment""]]",1.0,1.0,0.9999999403953552,1.0,1.0,1.0,1.0,1.0,1.0,1.0,1.0,1.0,1.0,1.0,1.0,1.0,0.9999999821186065,0.9999999883052694
46,The 13th World Cup season began in Japan in December 1978 and ended in March 1979 in Austria .,The 13th World Cup season began in Austria in December 1978 and ended in Japan in March 1979 .,"[[""13th_World_Cup_season"", ""began_in"", ""Japan""], [""13th_World_Cup_season"", ""ended_in"", ""Austria""], [""13th_World_Cup_season"", ""started_in"", ""December_1978""], [""13th_World_Cup_season"", ""ended_in"", ""March_1979""]]","[[""13th_World_Cup_season"", ""began_in"", ""Austria""], [""13th_World_Cup_season"", ""ended_in"", ""Japan""], [""13th_World_Cup_season"", ""started_in"", ""December_1978""], [""13th_World_Cup_season"", ""ended_in"", ""March_1979""]]",1.0,0.9999998211860657,1.0,1.0,1.0,0.998611532150104,0.9987503789350936,0.9988892257200832,0.9990280725050729,0.9991669192900624,0.999305766075052,0.9994446128600416,0.9995834596450313,0.9997223064300208,0.9998611532150103,1.0,0.9578475230558169,0.9928100951319946
47,"Geographically , the NDP campaign focused on targeting seats in Toronto in Ottawa , Hamilton , Scarborough , and Etobicoke and North Ontario .","Geographically , the NDP campaign focused on targeting seats in Scarborough and Etobicoke in Toronto , Hamilton , Ottawa and Northern Ontario .","[[""NDP"", ""focused_on"", ""Toronto""], [""NDP"", ""focused_on"", ""Ottawa""], [""NDP"", ""focused_on"", ""Hamilton""], [""NDP"", ""focused_on"", ""Scarborough""], [""NDP"", ""focused_on"", ""Etobicoke""], [""NDP"", ""focused_on"", ""North_Ontario""]]","[[""NDP"", ""focused_on"", ""Scarborough""], [""NDP"", ""focused_on"", ""Etobicoke""], [""NDP"", ""focused_on"", ""Toronto""], [""NDP"", ""focused_on"", ""Hamilton""], [""NDP"", ""focused_on"", ""Ottawa""], [""NDP"", ""focused_on"", ""Northern_Ontario""]]",1.0,0.6219280958175659,0.968760073184967,0.7380952380952381,1.0,0.9982041414955085,0.9983837273459577,0.9985633131964069,0.9987428990468559,0.9989224848973051,0.9991020707477543,0.9992816565982034,0.9994612424486525,0.9996408282991017,0.9998204141495508,1.0,0.9910756859059937,0.9974583393573156
48,The Straja River is a tributary of the Frasin in Romania .,The Frasin River is a tributary of the Straja River in Romania .,"[[""Straja_River"", ""is_tributary_of"", ""Frasin_River""], [""Straja_River"", ""location"", ""Romania""]]","[[""Frasin_River"", ""is_tributary_of"", ""Straja_River""], [""Frasin_River"", ""location"", ""Romania""]]",0.13608276348795434,1.0,1.0,0.4444444444444444,0.13608276348795434,0.890270205583538,0.8148514613739797,0.7394327171644213,0.6640139729548629,0.5885952287453046,0.5131764845357462,0.4377577403261878,0.3623389961166295,0.28692025190707104,0.2115015076975127,0.13608276348795434,0.8558558977021584,0.9386517778295507
49,Negative growth is often accompanied by a negative output gap in an economy ( where potential output exceeds actual demand ) .,"Often , negative growth is also accompanied by a negative output gap in an economy ( where actual production exceeds potential demand ) .","[[""Negative_growth"", ""accompanied_by"", ""negative_output_gap""], [""Negative_output_gap"", ""occurs_in"", ""economy""], [""Potential_output"", ""exceeds"", ""actual_demand""]]","[[""Negative_growth"", ""accompanied_by"", ""negative_output_gap""], [""Negative_output_gap"", ""occurs_in"", ""economy""], [""Actual_production"", ""exceeds"", ""potential_demand""]]",0.8,0.6102665066719055,0.6700290441513062,0.6,0.8068715304598785,0.9843479513165507,0.9666003092308835,0.9488526671452163,0.931105025059549,0.9133573829738819,0.8956097408882147,0.8778620988025474,0.8601144567168801,0.8423668146312129,0.8246191725455457,0.8068715304598785,0.9467199862103697,0.9795496081746535
50,"A Broadway - Revival 2001 was staged by Joe Mantello and performed Jennifer Ehle as Otto , Alan Cumming as Gilda and Dominic West as Leo .","A 2001 Broadway revival was directed by Joe Mantello and starred Alan Cumming as Otto , Jennifer Ehle as Gilda and Dominic West as Leo .","[[""Broadway_Revival_2001"", ""staged_by"", ""Joe_Mantello""], [""Jennifer_Ehle"", ""played"", ""Otto""], [""Alan_Cumming"", ""played"", ""Gilda""], [""Dominic_West"", ""played"", ""Leo""], [""Broadway_Revival_2001"", ""performed_by"", ""Jennifer_Ehle""], [""Broadway_Revival_2001"", ""performed_by"", ""Alan_Cumming""], [""Broadway_Revival_2001"", ""performed_by"", ""Dominic_West""]]","[[""2001_Broadway_Revival"", ""directed_by"", ""Joe_Mantello""], [""Alan_Cumming"", ""played"", ""Otto""], [""Jennifer_Ehle"", ""played"", ""Gilda""], [""Dominic_West"", ""played"", ""Leo""], [""2001_Broadway_Revival"", ""starred"", ""Alan_Cumming""], [""2001_Broadway_Revival"", ""starred"", ""Jennifer_Ehle""], [""2001_Broadway_Revival"", ""starred"", ""Dominic_West""]]",0.7083333333333334,0.6375307440757751,0.9050569534301758,0.6666666666666666,0.7083333333333334,0.9687938497557028,0.9427477981134659,0.916701746471229,0.890655694828992,0.8646096431867552,0.8385635915445181,0.8125175399022811,0.7864714882600443,0.7604254366178073,0.7343793849755703,0.7083333333333334,0.8818581170586213,0.8801451879005538
51,"The breaker was operated by the Blue Coal Corporation , a subsidiary of the Glen Alden Coal Company .","The breaker was operated by the Blue Coal Corporation , a subsidiary of the Glen Alden Coal Coal Company .","[[""breaker"", ""operated_by"", ""Blue_Coal_Corporation""], [""Blue_Coal_Corporation"", ""is_subsidiary_of"", ""Glen_Alden_Coal_Company""]]","[[""breaker"", ""operated_by"", ""Blue_Coal_Corporation""], [""Blue_Coal_Corporation"", ""is_subsidiary_of"", ""Glen_Alden_Coal_Company""]]",1.0,0.9999999403953552,1.0,1.0,1.0,1.0,1.0,1.0,1.0,1.0,1.0,1.0,1.0,1.0,1.0,1.0,0.9999999880790639,0.9999999674806171
52,Other frequenters of the colony were the writer Adolf Wolff and the sculptor Alfred Kreymborg .,Other visitors of the colony were the writer Adolf Wolff and the sculptor Alfred Kreymborg .,"[[""Adolf_Wolff"", ""frequenter_of"", ""colony""], [""Alfred_Kreymborg"", ""frequenter_of"", ""colony""], [""Adolf_Wolff"", ""occupation"", ""writer""], [""Alfred_Kreymborg"", ""occupation"", ""sculptor""]]","[[""Adolf_Wolff"", ""visitor_of"", ""colony""], [""Alfred_Kreymborg"", ""visitor_of"", ""colony""], [""Adolf_Wolff"", ""occupation"", ""writer""], [""Alfred_Kreymborg"", ""occupation"", ""sculptor""]]",1.0,1.0,1.0,1.0,1.0,0.9629550144959079,0.9666595130463171,0.9703640115967265,0.9740685101471356,0.9777730086975448,0.981477507247954,0.9851820057983631,0.9888865043487725,0.9925910028991816,0.9962955014495908,1.0,0.9418684285867674,0.9379145353542394
53,"96 % of people spoke only English at home . The next most common languages were 1.5 % Vietnamese , 1 % Samoan .","96 % of people only spoke English at home , the second most common languages were 1.5 % Samoan , 1 % Vietnamese .","[[""English"", ""spoken_by"", ""96_percent_of_people""], [""Vietnamese"", ""spoken_by"", ""1.5_percent_of_people""], [""Samoan"", ""spoken_by"", ""1_percent_of_people""]]","[[""English"", ""spoken_by"", ""96_percent_of_people""], [""Samoan"", ""spoken_by"", ""1.5_percent_of_people""], [""Vietnamese"", ""spoken_by"", ""1_percent_of_people""]]",1.0,1.0,1.0,0.7222222222222222,0.7222222222222222,0.999397256541895,0.9716797531099277,0.9439622496779606,0.9162447462459932,0.8885272428140258,0.8608097393820586,0.8330922359500914,0.8053747325181241,0.7776572290861568,0.7499397256541895,0.7222222222222222,0.9893639946496897,0.9955952242446129
54,"And big , round eyes , so dark brown they almost look black `` .","And large , round eyes , so dark brown they look almost black .","[[""eyes"", ""are"", ""round""], [""eyes"", ""are"", ""dark_brown""], [""eyes"", ""color"", ""almost_black""]]","[[""eyes"", ""are"", ""round""], [""eyes"", ""are"", ""dark_brown""], [""eyes"", ""color"", ""almost_black""]]",1.0,1.0,0.9999999403953552,1.0,1.0,1.0,1.0,1.0,1.0,1.0,1.0,1.0,1.0,1.0,1.0,1.0,0.9999999652306238,0.999999989633002
55,"Salene falls in love with the chosen , Ellie , very unhappy and confused , but he rejects them for Luke .","Very unhappy and confused , Salene falls in love with the Chosen , Luke , but he rejects her for Ellie .","[[""Salene"", ""falls_in_love_with"", ""Ellie""], [""Salene"", ""is"", ""unhappy_and_confused""], [""Salene"", ""rejects"", ""Ellie""], [""Salene"", ""chooses"", ""Luke""]]","[[""Salene"", ""falls_in_love_with"", ""Luke""], [""Salene"", ""is"", ""unhappy_and_confused""], [""Salene"", ""rejects"", ""Luke""], [""Salene"", ""chooses"", ""Ellie""]]",1.0,0.9999999403953552,1.0,1.0,1.0,0.9737440120549526,0.9763696108494574,0.9789952096439622,0.9816208084384668,0.9842464072329716,0.9868720060274763,0.989497604821981,0.9921232036164858,0.9947488024109905,0.9973744012054953,1.0,0.8771163263293384,0.9738721553779097
56,"The pottery is currently run by Thomas Arthur Jenkins , son of Alun Jenkins .","The pottery is currently being run by Thomas Arthur Jenkins , son of Alun Jenkins .","[[""Thomas_Arthur_Jenkins"", ""runs"", ""pottery""], [""Thomas_Arthur_Jenkins"", ""son_of"", ""Alun_Jenkins""]]","[[""Thomas_Arthur_Jenkins"", ""runs"", ""pottery""], [""Thomas_Arthur_Jenkins"", ""son_of"", ""Alun_Jenkins""]]",1.0,1.0,1.0,1.0,1.0,0.9999999988873455,0.9999999989986109,0.9999999991098765,0.9999999992211417,0.9999999993324072,0.9999999994436728,0.9999999995549382,0.9999999996662037,0.9999999997774691,0.9999999998887346,1.0,1.0,0.9999999654506004
57,The 1966 Cleveland Browns season was the 17th season of the team with the National Football League .,The season 1966 National Football League was the 17th season of the Cleveland Browns team .,"[[""Cleveland_Browns"", ""played_in"", ""National_Football_League""], [""Cleveland_Browns"", ""season_number"", ""17""], [""1966_Cleveland_Browns_season"", ""instance_of"", ""season""], [""1966_Cleveland_Browns_season"", ""year"", ""1966""], [""Cleveland_Browns"", ""had_season"", ""1966_Cleveland_Browns_season""]]","[[""National_Football_League"", ""had_season"", ""1966""], [""1966_National_Football_League_season"", ""instance_of"", ""season""], [""Cleveland_Browns"", ""played_in"", ""National_Football_League""], [""Cleveland_Browns"", ""season_number"", ""17""], [""1966_National_Football_League_season"", ""year"", ""1966""]]",0.8611111111111112,0.9126827120780945,0.9607892632484436,0.4166666666666667,0.8611111111111112,0.9455435183539179,0.9371002776296373,0.9286570369053566,0.9202137961810759,0.9117705554567952,0.9033273147325145,0.8948840740082339,0.8864408332839532,0.8779975925596726,0.8695543518353918,0.8611111111111112,0.9349632479432848,0.7827991949736051
58,"Tide is the sixth album by Antônio Carlos Jobim , released in 1970 on A & M Records and arranged by Deodato .",Tide is the sixth album by Deodato that was released on A 'M Records in 1970 and arranged by Antônio Carlos Jobim .,"[[""Antônio_Carlos_Jobim"", ""creator"", ""Tide""], [""Tide"", ""released_on"", ""A_&_M_Records""], [""Tide"", ""arranged_by"", ""Deodato""], [""Tide"", ""released_in"", ""1970""]]","[[""Deodato"", ""creator"", ""Tide""], [""Tide"", ""released_on"", ""A_M_Records""], [""Tide"", ""arranged_by"", ""Antônio_Carlos_Jobim""], [""Tide"", ""released_in"", ""1970""]]",0.5217491947499509,0.8887062072753906,0.8828152418136597,0.3,0.5217491947499509,0.9710057245588579,0.9260800715779672,0.8811544185970765,0.8362287656161858,0.7913031126352951,0.7463774596544044,0.7014518066735137,0.656526153692623,0.6116005007117322,0.5666748477308415,0.5217491947499509,0.9015289543430797,0.9780495895789176
59,"After testifying in the Till case , Reed moved to Chicago and changed his name to Willie Louis from Willie Reed .","After testifying in the Till case , Reed moved to Chicago and changed his name from Willie Louis to Willie Reed .","[[""Willie_Reed"", ""testified_in"", ""Till_case""], [""Willie_Reed"", ""moved_to"", ""Chicago""], [""Willie_Reed"", ""changed_name_from"", ""Willie_Louis""], [""Willie_Reed"", ""changed_name_to"", ""Willie_Reed""]]","[[""Willie_Louis"", ""testified_in"", ""Till_case""], [""Willie_Louis"", ""moved_to"", ""Chicago""], [""Willie_Louis"", ""changed_name_to"", ""Willie_Reed""], [""Willie_Reed"", ""changed_name_from"", ""Willie_Louis""]]",1.0,1.0,1.0,0.5833333333333334,0.5833333333333334,0.9024738226687222,0.8705597737351833,0.8386457248016446,0.8067316758681056,0.7748176269345667,0.7429035780010278,0.710989529067489,0.67907548013395,0.6471614312004111,0.6152473822668723,0.5833333333333334,0.9615065888889869,0.95628971898849
60,After trepales in Italy and Juf in Switzerland it is the third highest village in Europe .,"It is the third highest village in Europe , after Trepalle in Switzerland and Juf in Italy .","[[""Europe"", ""has_village"", ""Trepalle""], [""Trepalle"", ""location"", ""Switzerland""], [""Europe"", ""has_village"", ""Juf""], [""Juf"", ""location"", ""Italy""]]","[[""Europe"", ""has_village"", ""Trepalle""], [""Trepalle"", ""location"", ""Switzerland""], [""Europe"", ""has_village"", ""Juf""], [""Juf"", ""location"", ""Italy""]]",1.0,1.0,1.0,1.0,1.0,0.9999999356712811,0.999999942104153,0.999999948537025,0.9999999549698968,0.9999999614027687,0.9999999678356406,0.9999999742685124,0.9999999807013844,0.9999999871342562,0.9999999935671281,1.0,0.9999999809265137,0.9999999886776312
61,Riverside is located on the 3rd Congressional District and is part of the 7th State Legislative District in New Jersey .,Riverside is located in the 3rd Congressional District and is part of New Jersey 's 7th state legislative district .,"[[""Riverside"", ""location"", ""3rd_Congressional_District""], [""Riverside"", ""part_of"", ""7th_State_Legislative_District""], [""7th_State_Legislative_District"", ""location"", ""New_Jersey""]]","[[""Riverside"", ""location"", ""3rd_Congressional_District""], [""Riverside"", ""part_of"", ""7th_state_legislative_district""], [""7th_state_legislative_district"", ""location"", ""New_Jersey""]]",1.0,0.9999998807907104,1.0,1.0,1.0,0.9999998847288157,0.9999998962559341,0.9999999077830526,0.999999919310171,0.9999999308372894,0.9999999423644079,0.9999999538915263,0.9999999654186447,0.9999999769457631,0.9999999884728816,1.0,0.9999999950329446,0.9999999895201062
62,"The active members of former MDU and ABL were arrested by the police , such as John Eber and Dr Joseph K.M .","The active members of the former MDU and ABL were arrested by the police , as John Eber and Dr. Joseph K.M .","[[""MDU"", ""has_active_members"", ""John_Eber""], [""MDU"", ""has_active_members"", ""Dr_Joseph_KM""], [""ABL"", ""has_active_members"", ""John_Eber""], [""ABL"", ""has_active_members"", ""Dr_Joseph_KM""], [""John_Eber"", ""arrested_by"", ""police""], [""Dr_Joseph_KM"", ""arrested_by"", ""police""]]","[[""MDU"", ""has_active_members"", ""John_Eber""], [""MDU"", ""has_active_members"", ""Dr_Joseph_KM""], [""ABL"", ""has_active_members"", ""John_Eber""], [""ABL"", ""has_active_members"", ""Dr_Joseph_KM""], [""John_Eber"", ""arrested_by"", ""police""], [""Dr_Joseph_KM"", ""arrested_by"", ""police""]]",1.0,1.0,1.0,1.0,1.0,0.9999999983324301,0.9999999984991871,0.9999999986659442,0.9999999988327011,0.9999999989994581,0.9999999991662151,0.999999999332972,0.9999999994997291,0.999999999666486,0.9999999998332431,1.0,1.0,0.9999999902700053
63,"OPAL is a high-level interface for low - level - physics engines used in games , robotics simulations and other 3D applications .","OPAL is a low-level interface for high-level physics engines used in games , robotics simulations , and other 3D applications .","[[""OPAL"", ""is"", ""high-level_interface""], [""OPAL"", ""used_in"", ""games""], [""OPAL"", ""used_in"", ""robotics_simulations""], [""OPAL"", ""used_in"", ""3D_applications""], [""OPAL"", ""interface_for"", ""low-level_physics_engines""]]","[[""OPAL"", ""is"", ""low-level_interface""], [""OPAL"", ""used_in"", ""games""], [""OPAL"", ""used_in"", ""robotics_simulations""], [""OPAL"", ""used_in"", ""3D_applications""], [""OPAL"", ""interface_for"", ""high-level_physics_engines""]]",1.0,0.918945848941803,0.8470221757888794,0.5277777777777778,1.0,0.9983542187215153,0.9985187968493637,0.9986833749772124,0.9988479531050607,0.9990125312329092,0.9991771093607577,0.9993416874886061,0.9995062656164546,0.999670843744303,0.9998354218721516,1.0,0.9837910253233119,0.9953671321149855
64,"When Justice Tyler died in 1813 , John Tyler inherited Greenway at the age of 23 .","When Justice John Tyler died in 1813 , Tyler inherited Greenway at the age of 23 .","[[""Justice_Tyler"", ""died_in"", ""1813""], [""John_Tyler"", ""inherited"", ""Greenway""], [""John_Tyler"", ""age_at_inheritance"", ""23""]]","[[""Justice_John_Tyler"", ""died_in"", ""1813""], [""Tyler"", ""inherited"", ""Greenway""], [""Tyler"", ""age_at_inheritance"", ""23""]]",1.0,0.9079715013504028,0.8704869151115417,0.6,1.0,0.974182671721877,0.9767644045496893,0.9793461373775016,0.9819278702053138,0.9845096030331262,0.9870913358609386,0.9896730686887508,0.9922548015165631,0.9948365343443755,0.9974182671721877,1.0,0.9554247611418137,0.9879680063812588
65,In this situation the person is passive and God plays a more active role in which they share power .,"In this situation , the person is active and God plays a more passive role in which they share the power .","[[""person"", ""is"", ""passive""], [""God"", ""plays_role"", ""active""], [""person"", ""shares_power_with"", ""God""]]","[[""person"", ""is"", ""active""], [""God"", ""plays_role"", ""passive""], [""person"", ""shares_power_with"", ""God""]]",0.3849001794597505,0.9999999403953552,1.0,0.5833333333333334,0.3849001794597505,0.9447983111965361,0.8888084980228576,0.8328186848491791,0.7768288716755004,0.720839058501822,0.6648492453281434,0.6088594321544648,0.5528696189807862,0.49687980580710767,0.44088999263342904,0.3849001794597505,0.88793708773714,0.9329681585430538
66,"Agnieszka Radwańska defeated Nadia Petrova , 6 -- 4 , 6 -- 7 , 6 -- 4","Agnieszka Radwańska defeated Nadia Petrova , 6 -- 4 , 6 -- 7 , 6 - 4 -","[[""Agnieszka_Radwańska"", ""defeated"", ""Nadia_Petrova""]]","[[""Agnieszka_Radwańska"", ""defeated"", ""Nadia_Petrova""]]",1.0,1.0,1.0,1.0,1.0,0.999999998977588,0.9999999990798292,0.9999999991820705,0.9999999992843116,0.9999999993865528,0.999999999488794,0.9999999995910351,0.9999999996932765,0.9999999997955176,0.9999999998977588,1.0,1.0,0.9999999918955975
67,"Productions of the show require a small set and a minimal cast of 6 actors , as well as a solo violinist , who is present on stage throughout the performance .","Productions of the show require minimal set and a small cast of 6 actors , as well as a solo violinist who is present on stage throughout the performance .","[[""show"", ""requires"", ""small_set""], [""show"", ""requires"", ""minimal_cast""], [""minimal_cast"", ""consists_of"", ""6_actors""], [""show"", ""requires"", ""solo_violinist""], [""solo_violinist"", ""is_present_on"", ""stage""]]","[[""show"", ""requires"", ""minimal_set""], [""show"", ""requires"", ""small_cast""], [""small_cast"", ""consists_of"", ""6_actors""], [""show"", ""requires"", ""solo_violinist""], [""solo_violinist"", ""is_present_on"", ""stage""]]",1.0,0.8666181564331055,0.930035412311554,0.5277777777777778,0.7029594915666377,0.9875588545609647,0.959098918261532,0.9306389819620994,0.9021790456626666,0.8737191093632339,0.8452591730638013,0.8167992367643686,0.7883393004649358,0.7598793641655031,0.7314194278660705,0.7029594915666377,0.93305863645075,0.9925843565119072
68,Ferguson stayed in Monrovia until his death in 1916 in Liberia .,"Ferguson remained in Monrovia until his death , in Liberia in 1916 .","[[""Ferguson"", ""stayed_in"", ""Monrovia""], [""Ferguson"", ""died_in"", ""1916""], [""Ferguson"", ""died_in"", ""Liberia""]]","[[""Ferguson"", ""stayed_in"", ""Monrovia""], [""Ferguson"", ""died_in"", ""1916""], [""Ferguson"", ""died_in"", ""Liberia""]]",1.0,0.9999998807907104,1.0,1.0,1.0,0.999999998849407,0.9999999989644663,0.9999999990795256,0.9999999991945849,0.9999999993096442,0.9999999994247035,0.9999999995397628,0.9999999996548221,0.9999999997698814,0.9999999998849407,1.0,0.999999986588955,0.9999999899210289
69,The series is written by Chris Roberson and drawn by Robert Adler .,The series was written by Robert Adler and drawn by Chris Roberson .,"[[""Chris_Roberson"", ""writer"", ""series""], [""Robert_Adler"", ""artist"", ""series""]]","[[""Robert_Adler"", ""writer"", ""series""], [""Chris_Roberson"", ""artist"", ""series""]]",1.0,1.0,1.0,0.16666666666666666,1.0,0.9905554499483169,0.9914999049534852,0.9924443599586537,0.9933888149638217,0.9943332699689902,0.9952777249741585,0.9962221799793267,0.9971666349844951,0.9981110899896634,0.9990555449948317,1.0,0.8954029304854803,0.9831065910672468
70,"Germar Rudolf , also known as Germar Scheerer , was born on 29 October 1964 , is a German chemist and convicted Holocaust denier .","Germar Scheerer , also known as Germar Rudolf , born on 29 October 1964 , is a German chemist and convicted Holocaust denier .","[[""Germar_Rudolf"", ""also_known_as"", ""Germar_Scheerer""], [""Germar_Rudolf"", ""born_on"", ""29_October_1964""], [""Germar_Rudolf"", ""is"", ""German_chemist""], [""Germar_Rudolf"", ""is"", ""convicted_Holocaust_denier""]]","[[""Germar_Scheerer"", ""also_known_as"", ""Germar_Rudolf""], [""Germar_Scheerer"", ""born_on"", ""29_October_1964""], [""Germar_Scheerer"", ""is"", ""German_chemist""], [""Germar_Scheerer"", ""is"", ""convicted_Holocaust_denier""]]",1.0,0.9999999403953552,1.0,0.6666666666666666,0.6666666666666666,0.9178741275229735,0.8927533814373428,0.8676326353517121,0.8425118892660813,0.8173911431804508,0.7922703970948201,0.7671496510091893,0.7420289049235587,0.716908158837928,0.6917874127522973,0.6666666666666666,0.9554683828821722,0.9573536461946535
71,"Some say that when Chan Heung returned from studying with Ching Cho , he went back to Jeong Yim and combined his knowledge into the Choy Li Fut system .","Some say that when Jeong Yim returned from studying with Ching Cho , he went back to Chan Heung and combined his knowledge into the Choy Li Fut System .","[[""Chan_Heung"", ""returned_from_studying_with"", ""Ching_Cho""], [""Chan_Heung"", ""combined_knowledge_into"", ""Choy_Li_Fut_system""], [""Chan_Heung"", ""went_back_to"", ""Jeong_Yim""]]","[[""Jeong_Yim"", ""returned_from_studying_with"", ""Ching_Cho""], [""Jeong_Yim"", ""combined_knowledge_into"", ""Choy_Li_Fut_System""], [""Jeong_Yim"", ""went_back_to"", ""Chan_Heung""]]",0.5833333333333334,1.0,1.0,0.5833333333333334,0.5833333333333334,0.8979780940850286,0.8665136180098592,0.8350491419346896,0.80358466585952,0.7721201897843505,0.7406557137091809,0.7091912376340115,0.6777267615588419,0.6462622854836724,0.6147978094085028,0.5833333333333334,0.9493248843534101,0.9488223793445213
72,"In addition , Spain entered into negotiations with the Portuguese court and agreed on the peace of Lisbon on 13 February 1668 .","Furthermore , Spain agreed to negotiate with the Portuguese court and entered into the peace of Lisbon on 13 February 1668 .","[[""Spain"", ""entered_into_negotiations_with"", ""Portuguese_court""], [""Spain"", ""agreed_on"", ""peace_of_Lisbon""], [""peace_of_Lisbon"", ""signed_on"", ""13_February_1668""]]","[[""Spain"", ""agreed_to_negotiate_with"", ""Portuguese_court""], [""Spain"", ""entered_into"", ""peace_of_Lisbon""], [""peace_of_Lisbon"", ""signed_on"", ""13_February_1668""]]",1.0,1.0,1.0,1.0,1.0,0.9904916967194243,0.9914425270474818,0.9923933573755395,0.9933441877035969,0.9942950180316545,0.9952458483597122,0.9961966786877697,0.9971475090158273,0.9980983393438849,0.9990491696719425,1.0,0.9302729565383847,0.8140509297216841
73,The Latoriţa River is a tributary of the Galbenu River in Romania .,The River Galbenu is a tributary of the Latoriţa river in Romania .,"[[""Latoriţa_River"", ""is_tributary_of"", ""Galbenu_River""], [""Latoriţa_River"", ""location"", ""Romania""]]","[[""River_Galbenu"", ""is_tributary_of"", ""Latoriţa_River""], [""River_Galbenu"", ""location"", ""Romania""]]",0.4444444444444444,0.1616307497024536,0.6434053182601929,0.3888888888888889,0.4444444444444444,0.9136114920264707,0.8666947872682681,0.8197780825100656,0.7728613777518628,0.7259446729936603,0.6790279682354576,0.632111263477255,0.5851945587190523,0.5382778539608497,0.491361149202647,0.4444444444444444,0.933953763307136,0.9578515166116297
74,"Finally , we say that a distribution is regular if formula _ 11 is concave .","Finally , we say that distribution is regular if the Formula 11 is concave .","[[""distribution"", ""is"", ""regular""], [""distribution"", ""satisfies"", ""formula_11""], [""formula_11"", ""is"", ""concave""]]","[[""distribution"", ""is"", ""regular""], [""distribution"", ""satisfies"", ""Formula_11""], [""Formula_11"", ""is"", ""concave""]]",1.0,1.0,1.0,1.0,1.0,0.9999999984948118,0.9999999986453306,0.9999999987958494,0.9999999989463682,0.9999999990968871,0.9999999992474059,0.9999999993979247,0.9999999995484435,0.9999999996989624,0.9999999998494812,1.0,0.9999999796350797,0.9976330370827499
75,"It is the biggest private club in Houston and one of the largest in the world , with more than 3,300 members .","It is the largest private club in Houston and one of the biggest in the world , with over 3,300 members .","[[""Houston"", ""location_of"", ""private_club""], [""private_club"", ""has_members"", ""more_than_3,300_members""], [""private_club"", ""is_in"", ""Houston""], [""private_club"", ""size"", ""largest_in_Houston""]]","[[""Houston"", ""location_of"", ""private_club""], [""private_club"", ""has_members"", ""over_3,300_members""], [""private_club"", ""is_in"", ""Houston""], [""private_club"", ""size"", ""largest_in_Houston""]]",1.0,0.8916809558868408,0.9163346886634827,0.375,1.0,0.9982464444721375,0.9984218000249238,0.99859715557771,0.9987725111304961,0.9989478666832825,0.9991232222360688,0.999298577788855,0.9994739333416413,0.9996492888944275,0.9998246444472138,1.0,0.9885977948753895,0.9910847437891063
76,"For many years , it was managed by the British actor Jack Watling and his son Giles and his son-in-law Seymour Matthews .","For many years it was run by the British actor Jack Watling , and his son Giles and son-in-law Seymour Matthews .","[[""Jack_Watling"", ""managed"", ""it""], [""Jack_Watling"", ""is"", ""British_actor""], [""Giles"", ""is"", ""son_of_Jack_Watling""], [""Seymour_Matthews"", ""is"", ""son-in-law_of_Jack_Watling""]]","[[""Jack_Watling"", ""ran"", ""it""], [""Jack_Watling"", ""is"", ""British_actor""], [""Giles"", ""is"", ""son_of_Jack_Watling""], [""Seymour_Matthews"", ""is"", ""son-in-law_of_Jack_Watling""]]",1.0,0.9999998211860657,1.0,1.0,1.0,0.9826727315315179,0.9844054583783661,0.9861381852252145,0.9878709120720626,0.9896036389189108,0.991336365765759,0.9930690926126071,0.9948018194594554,0.9965345463063036,0.9982672731531518,1.0,0.9415821708279728,0.9547832130670015
77,"Toimi is located 29 miles west of Silver Bay , and 27 miles southeast of Hoyt Lakes .",Toimi is 29 miles west of Silver Bay and 27 miles southeast of Hoyt Lakes .,"[[""Toimi"", ""location"", ""29_miles_west_of_Silver_Bay""], [""Toimi"", ""location"", ""27_miles_southeast_of_Hoyt_Lakes""]]","[[""Toimi"", ""location"", ""29_miles_west_of_Silver_Bay""], [""Toimi"", ""location"", ""27_miles_southeast_of_Hoyt_Lakes""]]",1.0,1.0,0.9999998807907104,1.0,1.0,0.9999999989161011,0.999999999024491,0.999999999132881,0.9999999992412707,0.9999999993496607,0.9999999994580506,0.9999999995664405,0.9999999996748303,0.9999999997832203,0.9999999998916101,1.0,0.9999999880790711,1.0
78,"Hidalgo was born in Seville , who played for Badajoz and Celta de Vigo .","Hidalgo , born in Badajoz , played for Sevilla and Celta de Vigo .","[[""Hidalgo"", ""born_in"", ""Seville""], [""Hidalgo"", ""played_for"", ""Badajoz""], [""Hidalgo"", ""played_for"", ""Celta_de_Vigo""]]","[[""Hidalgo"", ""born_in"", ""Badajoz""], [""Hidalgo"", ""played_for"", ""Sevilla""], [""Hidalgo"", ""played_for"", ""Celta_de_Vigo""]]",0.6254627916220946,0.42289596796035767,0.7995136380195618,0.5416666666666666,0.6254627916220946,0.9740508017936298,0.9391920007764762,0.9043331997593228,0.8694743987421691,0.8346155977250158,0.7997567967078623,0.7648979956907087,0.7300391946735552,0.6951803936564016,0.6603215926392482,0.6254627916220946,0.9213960083014767,0.952286504261098
79,"Leyser has a magic background , while Marie has a dance background .","Leyser has a background in magic , while Marie has a background in dance .","[[""Leyser"", ""has_background_in"", ""magic""], [""Marie"", ""has_background_in"", ""dance""]]","[[""Leyser"", ""has_background_in"", ""magic""], [""Marie"", ""has_background_in"", ""dance""]]",1.0,1.0,0.9999998807907104,1.0,1.0,0.9999999987904118,0.9999999989113706,0.9999999990323294,0.9999999991532882,0.9999999992742471,0.9999999993952059,0.9999999995161647,0.9999999996371236,0.9999999997580824,0.9999999998790412,1.0,1.0,0.9999999914480915
80,"September 2 : CF Michael Bourn and CF Drew Stubbs activated ; C Caleb Joseph , LHP Jayson Aquino , and RHP Tyler Wilson recalled from AAA Norfolk .","September 2 : CF Caleb Joseph and CF Michael Bourn activated , C Tyler Wilson , LHP Drew Stubbs and RHP Jayson Aquino of AAA Norfolk recalled .","[[""CF_Michael_Bourn"", ""activated_on"", ""September_2""], [""CF_Drew_Stubbs"", ""activated_on"", ""September_2""], [""C_Caleb_Joseph"", ""recalled_from"", ""AAA_Norfolk""], [""LHP_Jayson_Aquino"", ""recalled_from"", ""AAA_Norfolk""], [""RHP_Tyler_Wilson"", ""recalled_from"", ""AAA_Norfolk""]]","[[""CF_Caleb_Joseph"", ""activated_on"", ""September_2""], [""CF_Michael_Bourn"", ""activated_on"", ""September_2""], [""C_Tyler_Wilson"", ""recalled_from"", ""AAA_Norfolk""], [""LHP_Drew_Stubbs"", ""recalled_from"", ""AAA_Norfolk""], [""RHP_Jayson_Aquino"", ""recalled_from"", ""AAA_Norfolk""]]",0.3086066999241838,0.6080109477043152,0.8290320038795471,0.07142857142857142,0.3086066999241838,0.9699896932418233,0.9038513939100594,0.8377130945782955,0.7715747952465314,0.7054364959147674,0.6392981965830036,0.5731598972512396,0.5070215979194757,0.4408832985877117,0.37474499925594773,0.3086066999241838,0.9114302382929728,0.9398006624267555
81,"The awards have often bypassed the top try scorer , winning captain or great International player .","The awards have often bypassed the great Try scorer , winner - captain or international top player .","[[""awards"", ""bypassed"", ""top_try_scorer""], [""awards"", ""bypassed"", ""winning_captain""], [""awards"", ""bypassed"", ""great_International_player""]]","[[""awards"", ""bypassed"", ""great_Try_scorer""], [""awards"", ""bypassed"", ""winner_captain""], [""awards"", ""bypassed"", ""international_top_player""]]",1.0,0.2505640685558319,0.7930179834365845,0.041666666666666664,1.0,0.984425131417288,0.9859826182755592,0.9875401051338304,0.9890975919921017,0.9906550788503728,0.992212565708644,0.9937700525669152,0.9953275394251864,0.9968850262834577,0.9984425131417288,1.0,0.9080606366094436,0.976325724866571
82,Drummer Wayne Bennett left the band in June 2007 and was replaced by Ben Timony .,"In June 2007 , drummer Wayne Bennett left the band and was replaced by Ben Timony .","[[""Wayne_Bennett"", ""left"", ""the_band""], [""Wayne_Bennett"", ""replaced_by"", ""Ben_Timony""], [""the_band"", ""member_left_in"", ""June_2007""]]","[[""Wayne_Bennett"", ""left"", ""the_band""], [""Wayne_Bennett"", ""replaced_by"", ""Ben_Timony""], [""the_band"", ""member_left_in"", ""June_2007""]]",1.0,1.0,1.0,1.0,1.0,0.9999999344385517,0.9999999409946966,0.9999999475508414,0.9999999541069862,0.999999960663131,0.9999999672192759,0.9999999737754207,0.9999999803315656,0.9999999868877103,0.9999999934438552,1.0,1.0,0.999999989243609
83,"`` Florida '' was awarded on 4 May 1898 , and ordered to the Crescent Shipyard , Elizabethport , New Jersey on 11 October 1898 .","On 4 May 1898 , `` Florida '' was awarded and ordered to Crescent Shipyard , Elizabethport , New Jersey , on October 11 , 1898 .","[[""Florida"", ""was_awarded_on"", ""4_May_1898""], [""Florida"", ""was_ordered_to"", ""Crescent_Shipyard""], [""Crescent_Shipyard"", ""location"", ""Elizabethport_New_Jersey""], [""Florida"", ""was_ordered_on"", ""11_October_1898""]]","[[""Florida"", ""was_awarded_on"", ""4_May_1898""], [""Florida"", ""was_ordered_to"", ""Crescent_Shipyard""], [""Crescent_Shipyard"", ""location"", ""Elizabethport_New_Jersey""], [""Florida"", ""was_ordered_on"", ""11_October_1898""]]",1.0,0.9999999403953552,1.0,1.0,1.0,0.9999999985626352,0.9999999987063717,0.9999999988501083,0.9999999989938446,0.9999999991375811,0.9999999992813176,0.9999999994250541,0.9999999995687905,0.9999999997125271,0.9999999998562635,1.0,1.0,0.9999999403599023
84,"Louise Bédard ( born 1955 ) is a Canadian dancer , choreographer and teacher , who has been active in the contemporary dance scene since 1983 .","Louise Bédard ( born 1955 ) is a Canadian dancer , choreographer and teacher who has been active on the contemporary dance scene since 1983 .","[[""Louise_Bédard"", ""born_in"", ""1955""], [""Louise_Bédard"", ""is"", ""Canadian_dancer""], [""Louise_Bédard"", ""is"", ""choreographer""], [""Louise_Bédard"", ""is"", ""teacher""], [""Louise_Bédard"", ""active_in"", ""contemporary_dance_scene""], [""Louise_Bédard"", ""started_active_in"", ""1983""]]","[[""Louise_Bédard"", ""born_in"", ""1955""], [""Louise_Bédard"", ""is"", ""Canadian_dancer""], [""Louise_Bédard"", ""is"", ""choreographer""], [""Louise_Bédard"", ""is"", ""teacher""], [""Louise_Bédard"", ""active_in"", ""contemporary_dance_scene""], [""Louise_Bédard"", ""started_active_in"", ""1983""]]",1.0,0.9999999403953552,0.9999999403953552,1.0,1.0,0.9999999987566482,0.9999999988809835,0.9999999990053186,0.9999999991296538,0.999999999253989,0.9999999993783242,0.9999999995026593,0.9999999996269945,0.9999999997513296,0.9999999998756648,1.0,0.9999999863760812,0.999999987332277
85,"Wagenknecht , born in Chicago , grew up and went to school at Oak Park , Illinois .","Wagenknecht was born in Oak Park , Illinois , where he grew up and went to school in Chicago .","[[""Wagenknecht"", ""born_in"", ""Chicago""], [""Wagenknecht"", ""grew_up_in"", ""Oak_Park""], [""Wagenknecht"", ""went_to_school_in"", ""Oak_Park""], [""Oak_Park"", ""location_in"", ""Illinois""]]","[[""Wagenknecht"", ""born_in"", ""Oak_Park""], [""Wagenknecht"", ""grew_up_in"", ""Oak_Park""], [""Wagenknecht"", ""went_to_school_in"", ""Chicago""], [""Oak_Park"", ""location_in"", ""Illinois""]]",1.0,1.0,0.9999998807907104,1.0,1.0,0.9887279847695527,0.9898551862925974,0.9909823878156423,0.9921095893386869,0.9932367908617317,0.9943639923847764,0.995491193907821,0.9966183954308658,0.9977455969539105,0.9988727984769553,1.0,0.9580246611114962,0.9599005996909027
86,Aaron played youth football in the same league his brother Jason did Humble Area Football League HAF,Aaron played youth football in the same league his brother Jason did Humble Area Football League HAFL,"[[""Aaron"", ""played_youth_football_in"", ""Humble_Area_Football_League""], [""Jason"", ""played_youth_football_in"", ""Humble_Area_Football_League""], [""Aaron"", ""brother_of"", ""Jason""]]","[[""Aaron"", ""played_youth_football_in"", ""Humble_Area_Football_League""], [""Jason"", ""played_youth_football_in"", ""Humble_Area_Football_League""], [""Aaron"", ""brother_of"", ""Jason""]]",1.0,1.0,0.9999999403953552,1.0,1.0,0.999999880072838,0.9999998920655542,0.9999999040582706,0.9999999160509865,0.9999999280437029,0.999999940036419,0.9999999520291352,0.9999999640218514,0.9999999760145676,0.9999999880072838,1.0,1.0,0.9999999919028248
87,"She reached Sydney on 4 January 1891 , was later this month sold to the government of New South Wales and then towed to Melbourne .","She reached Sydney on 4 January 1891 , was sold later that month to the New South Wales Government , then towed to Melbourne .","[[""She"", ""reached"", ""Sydney""], [""She"", ""reached_on"", ""4_January_1891""], [""She"", ""was_sold_to"", ""New_South_Wales_government""], [""She"", ""was_towed_to"", ""Melbourne""]]","[[""She"", ""reached"", ""Sydney""], [""She"", ""reached_on"", ""4_January_1891""], [""She"", ""was_sold_to"", ""New_South_Wales_Government""], [""She"", ""was_towed_to"", ""Melbourne""]]",1.0,1.0,0.9999999403953552,1.0,1.0,1.0,1.0,1.0,1.0,1.0,1.0,1.0,1.0,1.0,1.0,1.0,1.0,1.0
88,The village of Iron River and the city of Stambaugh were consolidated with the city of Mineral Hills with effect from 1 July 2000 .,The village of Mineral Hills and the city of Stambaugh were consolidated with the city of Iron River with effect from 1 July 2000 .,"[[""Iron_River"", ""consolidated_with"", ""Mineral_Hills""], [""Stambaugh"", ""consolidated_with"", ""Mineral_Hills""], [""Iron_River"", ""consolidated_on"", ""1_July_2000""], [""Stambaugh"", ""consolidated_on"", ""1_July_2000""], [""Mineral_Hills"", ""consolidated_on"", ""1_July_2000""]]","[[""Mineral_Hills"", ""consolidated_with"", ""Iron_River""], [""Stambaugh"", ""consolidated_with"", ""Iron_River""], [""Mineral_Hills"", ""consolidated_on"", ""1_July_2000""], [""Stambaugh"", ""consolidated_on"", ""1_July_2000""], [""Iron_River"", ""consolidated_on"", ""1_July_2000""]]",0.16666666666666666,0.9999999403953552,1.0,0.5833333333333334,0.16666666666666666,0.9824195344461207,0.9008442476681754,0.8192689608902299,0.7376936741122845,0.656118387334339,0.5745431005563937,0.4929678137784483,0.4113925270005029,0.32981724022255743,0.24824195344461203,0.16666666666666666,0.9836485834220932,0.9949077325573952
89,"Daniel escapes with the help of Jack Shaftoe 's brother Bob , whose infantry unit is stationed there .","With the help of Daniel 's brother Jack Shaftoe , whose infantry unit stationed there , Bob flees .","[[""Daniel"", ""escapes_with_help_of"", ""Bob""], [""Bob"", ""is_brother_of"", ""Jack_Shaftoe""], [""Bob"", ""has_infantry_unit"", ""infantry_unit""], [""infantry_unit"", ""is_stationed_at"", ""location""]]","[[""Bob"", ""flees_with_help_of"", ""Jack_Shaftoe""], [""Jack_Shaftoe"", ""is_brother_of"", ""Daniel""], [""Jack_Shaftoe"", ""has_infantry_unit"", ""infantry_unit""], [""infantry_unit"", ""is_stationed_at"", ""location""]]",0.5,0.9999999403953552,0.9999999403953552,0.5,0.5,0.8784027587602732,0.840562482884246,0.8027222070082186,0.7648819311321912,0.7270416552561638,0.6892013793801366,0.6513611035041094,0.6135208276280819,0.5756805517520547,0.5378402758760273,0.5,0.902468189136781,0.9077301897317642
90,"Via the Appomattox River and the Bush River , it is part of the James River watershed .",Over the Bush River and Appomattox River it is part of the watershed of the James River .,"[[""Appomattox_River"", ""part_of"", ""James_River_watershed""], [""Bush_River"", ""part_of"", ""James_River_watershed""]]",[],,,,,,,,,,,,,,,,,,
91,"Jones lives with his wife Cheryl , his son Nathan , and his three daughters , Ella , Coral , and Holly in London .","Jones lives with his wife Cheryl , his son Nathan , and the three daughters Holly , Coral and Ella in London .","[[""Jones"", ""lives_with"", ""Cheryl""], [""Jones"", ""lives_with"", ""Nathan""], [""Jones"", ""lives_with"", ""Ella""], [""Jones"", ""lives_with"", ""Coral""], [""Jones"", ""lives_with"", ""Holly""], [""Jones"", ""lives_in"", ""London""], [""Nathan"", ""is_son_of"", ""Jones""], [""Ella"", ""is_daughter_of"", ""Jones""], [""Coral"", ""is_daughter_of"", ""Jones""], [""Holly"", ""is_daughter_of"", ""Jones""], [""Cheryl"", ""is_wife_of"", ""Jones""]]","[[""Jones"", ""lives_with"", ""Cheryl""], [""Jones"", ""lives_with"", ""Nathan""], [""Jones"", ""lives_with"", ""Ella""], [""Jones"", ""lives_with"", ""Coral""], [""Jones"", ""lives_with"", ""Holly""], [""Jones"", ""lives_in"", ""London""], [""Nathan"", ""is_son_of"", ""Jones""], [""Ella"", ""is_daughter_of"", ""Jones""], [""Coral"", ""is_daughter_of"", ""Jones""], [""Holly"", ""is_daughter_of"", ""Jones""], [""Cheryl"", ""is_wife_of"", ""Jones""]]",1.0,1.0,1.0,1.0,1.0,0.9999999986553901,0.9999999987898511,0.9999999989243122,0.9999999990587731,0.9999999991932341,0.9999999993276951,0.999999999462156,0.9999999995966171,0.999999999731078,0.999999999865539,1.0,1.0,0.9999999897518468
92,"The established Republican George Allen ran for a third term , but lost to Democrat Chuck Robb .","Chuck Robb was ran as incumbent for a third term , but lost to Republican George Allen .","[[""George_Allen"", ""ran_for"", ""third_term""], [""George_Allen"", ""lost_to"", ""Chuck_Robb""], [""Chuck_Robb"", ""is"", ""Democrat""]]","[[""Chuck_Robb"", ""ran_for"", ""third_term""], [""Chuck_Robb"", ""lost_to"", ""George_Allen""], [""George_Allen"", ""is"", ""Republican""]]",0.3849001794597505,0.6714997291564941,0.5342239141464233,0.3333333333333333,0.3849001794597505,0.8909739534169474,0.8403665760212278,0.7897591986255081,0.7391518212297883,0.6885444438340687,0.637937066438349,0.5873296890426293,0.5367223116469095,0.4861149342511899,0.43550755685547016,0.3849001794597505,0.8304435280345415,0.9053344092530055
93,"The band then added bassist Duane Cowan , who recently moved from Los Angeles to Japan .","The band then added bassist Duane Cowan , who had recently relocated from Los Angeles to Japan .","[[""band"", ""added"", ""Duane_Cowan""], [""Duane_Cowan"", ""moved_from"", ""Los_Angeles""], [""Duane_Cowan"", ""moved_to"", ""Japan""]]","[[""band"", ""added"", ""Duane_Cowan""], [""Duane_Cowan"", ""relocated_from"", ""Los_Angeles""], [""Duane_Cowan"", ""relocated_to"", ""Japan""]]",1.0,0.9999998807907104,0.9999998807907104,1.0,1.0,0.9810607082155413,0.9829546373939871,0.9848485665724331,0.9867424957508788,0.9886364249293248,0.9905303541077706,0.9924242832862165,0.9943182124646623,0.9962121416431082,0.9981060708215541,1.0,0.9725718086001657,0.9777691021205104
94,This theory did not explain the observed instability of colloidal dispersions against irreversible aggregation in solutions of high ionic strength .,This theory did not explain the observed instability of irreversible dispersions against colloidal aggregation in solutions with high ionic strength .,"[[""theory"", ""did_not_explain"", ""observed_instability""], [""observed_instability"", ""of"", ""colloidal_dispersions""], [""colloidal_dispersions"", ""against"", ""irreversible_aggregation""], [""irreversible_aggregation"", ""in"", ""solutions""], [""solutions"", ""have"", ""high_ionic_strength""]]","[[""theory"", ""did_not_explain"", ""observed_instability""], [""observed_instability"", ""of"", ""irreversible_dispersions""], [""irreversible_dispersions"", ""against"", ""colloidal_aggregation""], [""colloidal_aggregation"", ""in"", ""solutions""], [""solutions"", ""have"", ""high_ionic_strength""]]",0.4722222222222222,0.5962693691253662,0.7639596462249756,0.4166666666666667,0.4722222222222222,0.9685313363821967,0.9189004249661992,0.8692695135502019,0.8196386021342044,0.7700076907182068,0.7203767793022094,0.670745867886212,0.6211149564702145,0.5714840450542171,0.5218531336382196,0.4722222222222222,0.9210030487054208,0.9738595765383787
95,"During the election crisis of 2004 , Kushnaryov agitated for the creation of an independent southeastern Ukrainian state in the case of Viktor Yushchenko 's victory .","During the 2004 election crisis , Kushnaryov returned for the creation of an independent southeastern Ukrainian state in the case of the victory of Viktor Yushchenko .",[],"[[""Kushnaryov"", ""returned_for"", ""independent_southeastern_Ukrainian_state""], [""independent_southeastern_Ukrainian_state"", ""location"", ""southeastern_Ukraine""], [""Kushnaryov"", ""supported_in_case_of"", ""Viktor_Yushchenko""], [""Viktor_Yushchenko"", ""potential_victory"", ""2004_election""]]",,,,,,,,,,,,,,,,,,
96,"Philip Norman , the biographer of the Beatles , wrote that Charles Sutcliffe was a heavy drinker and physically cruel to his wife , which the young Sutcliffe had watched .","The Beatles ' biographer , Philip Norman , wrote that Charles Sutcliffe was a heavy drinker and physically cruel to his wife , which the young Sutcliffe had witnessed .","[[""Philip_Norman"", ""is"", ""biographer_of_the_Beatles""], [""Charles_Sutcliffe"", ""was"", ""heavy_drinker""], [""Charles_Sutcliffe"", ""was"", ""physically_cruel""], [""Charles_Sutcliffe"", ""cruel_to"", ""his_wife""], [""young_Sutcliffe"", ""watched"", ""Charles_Sutcliffe""]]","[[""Philip_Norman"", ""is"", ""biographer_of_the_Beatles""], [""Charles_Sutcliffe"", ""was"", ""heavy_drinker""], [""Charles_Sutcliffe"", ""was"", ""physically_cruel""], [""Charles_Sutcliffe"", ""cruel_to"", ""his_wife""], [""young_Sutcliffe"", ""witnessed"", ""Charles_Sutcliffe""]]",1.0,0.9999999403953552,1.0,1.0,1.0,0.9958252882494193,0.9962427594244774,0.9966602305995356,0.9970777017745935,0.9974951729496516,0.9979126441247097,0.9983301152997677,0.9987475864748259,0.9991650576498838,0.9995825288249419,1.0,0.9826306926731941,0.9915020794606852
97,"The qualification rounds for the four previous World Cups were very confusing , with controversial rules and many withdrawals .","The qualification rounds for the four previous World Cups were very confusing , with controversial rules and many shortfalls .","[[""qualification_rounds"", ""part_of"", ""World_Cups""], [""qualification_rounds"", ""had"", ""controversial_rules""], [""qualification_rounds"", ""had"", ""many_withdrawals""]]","[[""qualification_rounds"", ""part_of"", ""World_Cups""], [""qualification_rounds"", ""had"", ""controversial_rules""], [""qualification_rounds"", ""had"", ""many_shortfalls""]]",0.5416666666666666,0.82232266664505,0.8655418157577515,0.5416666666666666,0.5416666666666666,0.9739338709153441,0.9307071504904764,0.8874804300656087,0.8442537096407409,0.8010269892158731,0.7578002687910054,0.7145735483661376,0.6713468279412699,0.6281201075164021,0.5848933870915344,0.5416666666666666,0.9376314361471606,0.9388979777077944
98,It allowed users to create mobile-ready projects that adapt to any screen size and orientation .,It allowed users to create ready-to-run projects that adapt to any screen size and orientation .,"[[""users"", ""can_create"", ""mobile-ready_projects""], [""mobile-ready_projects"", ""adapt_to"", ""any_screen_size""], [""mobile-ready_projects"", ""adapt_to"", ""any_orientation""]]","[[""users"", ""can_create"", ""ready-to-run_projects""], [""ready-to-run_projects"", ""adapt_to"", ""any_screen_size""], [""ready-to-run_projects"", ""adapt_to"", ""any_orientation""]]",1.0,0.9930077791213989,0.9783872365951538,0.5416666666666666,1.0,0.8631965140379908,0.8768768626341917,0.8905572112303928,0.9042375598265935,0.9179179084227945,0.9315982570189953,0.9452786056151963,0.9589589542113972,0.9726393028075981,0.9863196514037991,1.0,0.9184633529056174,0.8743383781084606
99,"Neptunea alexeyevi is a species of sea snail , a marine gastropod mollusk in the Buccinidae family , the true pustules .","Neptunea alexeyevi is a sea snail species , a true gastropod mollusk in the Buccinidae family , the whelks marine .","[[""Neptunea_alexeyevi"", ""is"", ""sea_snail""], [""Neptunea_alexeyevi"", ""is"", ""marine_gastropod_mollusk""], [""Neptunea_alexeyevi"", ""family"", ""Buccinidae""], [""Buccinidae"", ""is"", ""true_pustules""], [""Neptunea_alexeyevi"", ""type"", ""true_pustules""]]","[[""Neptunea_alexeyevi"", ""is"", ""sea_snail_species""], [""Neptunea_alexeyevi"", ""is"", ""true_gastropod_mollusk""], [""Neptunea_alexeyevi"", ""family"", ""Buccinidae""], [""Buccinidae"", ""is"", ""whelks""], [""Neptunea_alexeyevi"", ""type"", ""whelks""]]",0.3333333333333333,0.7248560786247253,0.43786734342575073,0.06666666666666667,0.4666666666666667,0.9483247617762524,0.9001589522652937,0.8519931427543354,0.8038273332433766,0.755661523732418,0.7074957142214595,0.659329904710501,0.6111640951995424,0.5629982856885838,0.5148324761776253,0.4666666666666667,0.8762725076425308,0.858235381430894
100,"Balıklı is a village in the district of Gümüşhacıköy , Turkey , province Amasya .","Balıklı is a village in the District of Gümüşhacıköy , Turkey , Amasya Province .","[[""Balıklı"", ""location"", ""Gümüşhacıköy""], [""Balıklı"", ""country"", ""Turkey""], [""Gümüşhacıköy"", ""location"", ""Amasya""]]","[[""Balıklı"", ""location"", ""Gümüşhacıköy""], [""Balıklı"", ""country"", ""Turkey""], [""Gümüşhacıköy"", ""location"", ""Amasya""]]",1.0,1.0,0.9999999403953552,1.0,1.0,0.999999998803448,0.9999999989231032,0.9999999990427584,0.9999999991624136,0.9999999992820688,0.999999999401724,0.9999999995213792,0.9999999996410345,0.9999999997606897,0.9999999998803448,1.0,0.999999986588955,0.999999989974527
101,In 1281 Simon de Beaulieu was appointed Archbishop of Bourges by Pope Martin IV ( Simon de Brion ) .,In 1281 Simon de Brion was appointed by Pope Martin IV ( Simon de Beaulieu ) as Archbishop of Bourges .,"[[""Simon_de_Beaulieu"", ""appointed_by"", ""Pope_Martin_IV""], [""Simon_de_Beaulieu"", ""appointed_as"", ""Archbishop_of_Bourges""]]","[[""Simon_de_Brion"", ""appointed_by"", ""Pope_Martin_IV""], [""Simon_de_Brion"", ""appointed_as"", ""Archbishop_of_Bourges""]]",1.0,0.9540002942085266,0.8971471786499023,0.6666666666666666,1.0,0.8399739646397163,0.8559765681757446,0.8719791717117731,0.8879817752478014,0.9039843787838298,0.9199869823198581,0.9359895858558865,0.9519921893919149,0.9679947929279433,0.9839973964639717,1.0,0.8949427403235022,0.8134539294697151
102,The ditch was cut from rock and about 5 m wide and 4 to 5 m deep .,The ditch was cut out of rock and about 5 m deep and 4 to 5 m wide .,"[[""ditch"", ""cut_from"", ""rock""], [""ditch"", ""width"", ""5_m""], [""ditch"", ""depth"", ""4_to_5_m""]]","[[""ditch"", ""cut_from"", ""rock""], [""ditch"", ""depth"", ""5_m""], [""ditch"", ""width"", ""4_to_5_m""]]",1.0,1.0,0.9999999403953552,1.0,1.0,0.9981067510691229,0.9982960759622106,0.9984854008552984,0.9986747257483861,0.9988640506414738,0.9990533755345614,0.9992427004276492,0.9994320253207369,0.9996213502138246,0.9998106751069122,1.0,0.9844912544614597,0.9859890553022526
103,"The Gradis family was Jewish , and had probably moved to Portugal from Bordeaux around 1495 .",The Gradis family was Jewish and was probably moved from Portugal to Bordeaux around 1495 .,"[[""Gradis_family"", ""was"", ""Jewish""], [""Gradis_family"", ""moved_from"", ""Bordeaux""], [""Gradis_family"", ""moved_to"", ""Portugal""], [""Gradis_family"", ""moved_around"", ""1495""]]","[[""Gradis_family"", ""was"", ""Jewish""], [""Gradis_family"", ""moved_from"", ""Portugal""], [""Gradis_family"", ""moved_to"", ""Bordeaux""], [""Gradis_family"", ""moved_around"", ""1495""]]",1.0,1.0,1.0,1.0,1.0,0.9985695721516287,0.9987126149364658,0.998855657721303,0.99899870050614,0.9991417432909772,0.9992847860758143,0.9994278288606515,0.9995708716454885,0.9997139144303258,0.9998569572151629,1.0,0.9940471215421913,0.9991305373071362
104,"Born in Gambia to Gambian parents , Adams debuted for the England national team in November 2017 , against Morocco B .","Adams was born in England to Gambian parents , and in November 2017 Adams debuted for the Gambia national team against Morocco .","[[""Adams"", ""born_in"", ""Gambia""], [""Adams"", ""parents_from"", ""Gambia""], [""Adams"", ""debuted_for"", ""England""], [""Adams"", ""debuted_against"", ""Morocco_B""], [""Adams"", ""debuted_in"", ""November_2017""]]","[[""Adams"", ""born_in"", ""England""], [""Adams"", ""parents_from"", ""Gambia""], [""Adams"", ""debuted_for"", ""Gambia""], [""Adams"", ""debuted_against"", ""Morocco""], [""Adams"", ""debuted_in"", ""November_2017""]]",0.7080881928749334,0.918390691280365,0.8783796429634094,0.6333333333333333,0.7080881928749334,0.9744285551771573,0.947794518946935,0.9211604827167126,0.8945264464864902,0.8678924102562677,0.8412583740260453,0.814624337795823,0.7879903015656007,0.7613562653353781,0.7347222291051558,0.7080881928749334,0.9393525475819652,0.954504336204733
105,"Staf Scheirlinckx ( born March 12 , 1979 in Herzele ) is a professional racing cyclist , brother of another former Belgian bicycle professional , Bert Scheirlinckx .","Staf Scheirlinckx ( born March 12 , 1979 in Herzele ) is a former Belgian road cyclist , the brother of another cyclist professional , Bert Scheirlinckx .","[[""Staf_Scheirlinckx"", ""born_in"", ""Herzele""], [""Staf_Scheirlinckx"", ""born_on"", ""March_12_1979""], [""Staf_Scheirlinckx"", ""is"", ""professional_racing_cyclist""], [""Staf_Scheirlinckx"", ""brother_of"", ""Bert_Scheirlinckx""], [""Bert_Scheirlinckx"", ""is"", ""Belgian_bicycle_professional""]]","[[""Staf_Scheirlinckx"", ""born_in"", ""Herzele""], [""Staf_Scheirlinckx"", ""born_on"", ""March_12_1979""], [""Staf_Scheirlinckx"", ""is"", ""former_Belgian_road_cyclist""], [""Staf_Scheirlinckx"", ""brother_of"", ""Bert_Scheirlinckx""], [""Bert_Scheirlinckx"", ""is"", ""cyclist_professional""]]",1.0,0.9609504342079163,0.8519701361656189,0.3888888888888889,0.7457440977032666,0.9914470039280494,0.9668767133055712,0.9423064226830928,0.9177361320606146,0.8931658414381363,0.868595550815658,0.8440252601931797,0.8194549695707014,0.7948846789482231,0.7703143883257448,0.7457440977032666,0.9633635656010301,0.9582594345738118
106,"Both the stems and leaves have soft hairs , often somewhat sticky .","Both stems and leaves have sticky hairs , often somewhat soft .","[[""stems"", ""have"", ""soft_hairs""], [""leaves"", ""have"", ""soft_hairs""], [""soft_hairs"", ""are"", ""sticky""]]","[[""stems"", ""have"", ""sticky_hairs""], [""leaves"", ""have"", ""sticky_hairs""], [""sticky_hairs"", ""are"", ""soft""]]",0.375,0.2612980306148529,0.5918208360671997,0.2916666666666667,0.40032038451271784,0.9142497295294258,0.862856795027755,0.8114638605260843,0.7600709260244134,0.7086779915227427,0.6572850570210719,0.605892122519401,0.5544991880177303,0.5031062535160594,0.4517133190143886,0.40032038451271784,0.8944422187212836,0.9476865478156072
107,"Nagano Prefecture , Japan is a dam in the Tokiwa Dam , completed in 1941 .","Tokiwa Dam is a dam completed in the prefecture of Nagano , Japan , in 1941 .","[[""Nagano_Prefecture"", ""location"", ""Japan""], [""Tokiwa_Dam"", ""location"", ""Nagano_Prefecture""], [""Tokiwa_Dam"", ""completed_in"", ""1941""]]","[[""Tokiwa_Dam"", ""location"", ""Nagano_Prefecture""], [""Nagano_Prefecture"", ""location"", ""Japan""], [""Tokiwa_Dam"", ""completed_in"", ""1941""]]",1.0,0.9999998807907104,1.0,0.5833333333333334,1.0,0.9999999987591489,0.999999998883234,0.9999999990073192,0.9999999991314041,0.9999999992554893,0.9999999993795745,0.9999999995036596,0.9999999996277447,0.9999999997518298,0.9999999998759149,1.0,1.0,0.999999988637793
108,"In 1828 , Yeoman married Laetitia Snyder of Albany , with whom he had two daughters and three sons .","Yeomans married Laetitia Snyder of Albany in 1828 , with whom he had two daughters and three sons .","[[""Yeoman"", ""married"", ""Laetitia_Snyder""], [""Yeoman"", ""birthplace_not_mentioned"", ""not_applicable""], [""Laetitia_Snyder"", ""from"", ""Albany""], [""Yeoman"", ""had_children"", ""two_daughters""], [""Yeoman"", ""had_children"", ""three_sons""]]","[[""Yeomans"", ""married"", ""Laetitia_Snyder""], [""Laetitia_Snyder"", ""from"", ""Albany""], [""Yeomans"", ""had_children"", ""two_daughters""], [""Yeomans"", ""had_children"", ""three_sons""]]",0.7607257743127307,0.8313833475112915,0.902612566947937,0.7302967433402215,0.7607257743127307,0.9492435762235775,0.9303917960324928,0.9115400158414082,0.8926882356503234,0.8738364554592387,0.854984675268154,0.8361328950770694,0.8172811148859846,0.7984293346949001,0.7795775545038154,0.7607257743127307,0.9173349367484726,0.9622716950154463
109,"Wanjiru 's cousin Joseph Riri is a world-class marathon runner , and Wanjiru 's younger brother Simon Njoroge is also a long-distance runner .","Wanjiru 's cousin Joseph Riri is a world class marathon runner , and Wanjiru 's younger brother , Simon Njoroge , is also a long-distance runner .","[[""Wanjiru"", ""cousin"", ""Joseph_Riri""], [""Joseph_Riri"", ""is"", ""world_class_marathon_runner""], [""Wanjiru"", ""younger_brother"", ""Simon_Njoroge""], [""Simon_Njoroge"", ""is"", ""long_distance_runner""]]","[[""Wanjiru"", ""cousin"", ""Joseph_Riri""], [""Joseph_Riri"", ""is"", ""world_class_marathon_runner""], [""Wanjiru"", ""younger_brother"", ""Simon_Njoroge""], [""Simon_Njoroge"", ""is"", ""long_distance_runner""]]",1.0,1.0,1.0,1.0,1.0,0.9999999266398152,0.9999999339758336,0.9999999413118521,0.9999999486478706,0.9999999559838891,0.9999999633199076,0.999999970655926,0.9999999779919446,0.9999999853279631,0.9999999926639815,1.0,1.0,1.0
110,Mazinho is the father of current players Thiago of Bayern Munich and Rafinha of Inter Milan .,Thiago is the father of the current players Mazinho of Inter Milan and Rafinha of the FC Bayern Munich .,"[[""Mazinho"", ""father_of"", ""Thiago""], [""Thiago"", ""plays_for"", ""Bayern_Munich""], [""Mazinho"", ""father_of"", ""Rafinha""], [""Rafinha"", ""plays_for"", ""Inter_Milan""]]","[[""Thiago"", ""father_of"", ""Mazinho""], [""Mazinho"", ""plays_for"", ""Inter_Milan""], [""Thiago"", ""father_of"", ""Rafinha""], [""Rafinha"", ""plays_for"", ""FC_Bayern_Munich""]]",0.33541019662496846,0.4125734269618988,0.6582589745521545,0.3,0.33541019662496846,0.9543924320628008,0.8924942085190176,0.8305959849752343,0.7686977614314511,0.7067995378876678,0.6449013143438846,0.5830030908001014,0.5211048672563182,0.4592066437125349,0.3973084201687517,0.33541019662496846,0.8967329649895308,0.926487143346402
111,A back injury forced Dan Lauzon out of his bout with Rafaello Oliveira and he was replaced by Nik Lentz .,A back injury forced Dan Lauzon out of his fight with Rafaello Oliveira and was replaced by Nik Lentz .,"[[""Dan_Lauzon"", ""forced_out_by"", ""back_injury""], [""Dan_Lauzon"", ""replaced_by"", ""Nik_Lentz""], [""Dan_Lauzon"", ""had_bout_with"", ""Rafaello_Oliveira""]]","[[""Dan_Lauzon"", ""forced_out_by"", ""back_injury""], [""Dan_Lauzon"", ""replaced_by"", ""Nik_Lentz""], [""Dan_Lauzon"", ""had_fight_with"", ""Rafaello_Oliveira""]]",1.0,1.0,1.0,1.0,1.0,0.9959969681811327,0.9963972713630195,0.9967975745449063,0.9971978777267929,0.9975981809086796,0.9979984840905664,0.9983987872724531,0.9987990904543398,0.9991993936362266,0.9995996968181132,1.0,0.9804413661708968,0.9868693126269932
112,"The polychrome mosaics of the villa are geometric designs , stylistically close to North African mosaics , and damaged areas indicate that figures were also included .","The polychrome mosaics of the villa are geometric designs , stylistically close to North African mosaics , and damaged areas suggest figures were also included .","[[""villa"", ""has"", ""polychrome_mosaics""], [""polychrome_mosaics"", ""are"", ""geometric_designs""], [""polychrome_mosaics"", ""stylistically_close_to"", ""North_African_mosaics""], [""damaged_areas"", ""indicate"", ""included_figures""]]","[[""villa"", ""has"", ""polychrome_mosaics""], [""polychrome_mosaics"", ""are"", ""geometric_designs""], [""polychrome_mosaics"", ""stylistically_close_to"", ""North_African_mosaics""], [""damaged_areas"", ""suggest"", ""included_figures""]]",1.0,1.0,1.0,1.0,1.0,0.9958235477600818,0.9962411929840735,0.9966588382080654,0.9970764834320571,0.997494128656049,0.9979117738800409,0.9983294191040327,0.9987470643280245,0.9991647095520164,0.9995823547760082,1.0,0.973321676431392,0.9772738784565443
113,"In many provinces , mosques were bombed and Hui was slaughtered or destroyed by Japanese troops .",Mosques were bombed and in many provinces Hui were slaughtered by Japanese troops or destroyed .,"[[""mosques"", ""bombed_by"", ""Japanese_troops""], [""Hui"", ""slaughtered_by"", ""Japanese_troops""], [""Hui"", ""destroyed_by"", ""Japanese_troops""], [""mosques"", ""location"", ""many_provinces""]]","[[""mosques"", ""bombed_by"", ""Japanese_troops""], [""Hui"", ""slaughtered_by"", ""Japanese_troops""], [""Hui"", ""destroyed_by"", ""Japanese_troops""], [""mosques"", ""location"", ""many_provinces""]]",1.0,0.9999999403953552,1.0,1.0,1.0,1.0,1.0,1.0,1.0,1.0,1.0,1.0,1.0,1.0,1.0,1.0,0.999999982615312,0.9999999877677113
114,"Founded in 1959 by Gianni Ratto , it has introduced actors such as Fernanda Montenegro , Sérgio Britto , Italo Rossi , Tommy Wiseau and Fernando Torres .","Founded in 1959 by Gianni Ratto , it has featured actors such as Fernanda Montenegro , Sérgio Britto , Ítalo Rossi , Tommy Wiseau , and Fernando Torres .","[[""Gianni_Ratto"", ""founded_in"", ""1959""], [""Gianni_Ratto"", ""creator"", ""the_school""], [""the_school"", ""introduced"", ""Fernanda_Montenegro""], [""the_school"", ""introduced"", ""Sérgio_Britto""], [""the_school"", ""introduced"", ""Ítalo_Rossi""], [""the_school"", ""introduced"", ""Tommy_Wiseau""], [""the_school"", ""introduced"", ""Fernando_Torres""]]","[[""Gianni_Ratto"", ""founded_in"", ""1959""], [""Gianni_Ratto"", ""creator"", ""the_school""], [""the_school"", ""featured"", ""Fernanda_Montenegro""], [""the_school"", ""featured"", ""Sérgio_Britto""], [""the_school"", ""featured"", ""Ítalo_Rossi""], [""the_school"", ""featured"", ""Tommy_Wiseau""], [""the_school"", ""featured"", ""Fernando_Torres""]]",1.0,1.0,1.0,1.0,1.0,0.9447575434909635,0.9502817891418671,0.9558060347927708,0.9613302804436745,0.9668545260945781,0.9723787717454817,0.9779030173963854,0.9834272630472891,0.9889515086981927,0.9944757543490963,1.0,0.9051843200491325,0.8679085744055993
115,These predictive functions are referred to as pedo-transfer functions in a non-spatial context .,These pedo-transfer functions are referred to as predictive functions in a non-spatial context .,"[[""pedo-transfer_functions"", ""referred_to_as"", ""predictive_functions""], [""pedo-transfer_functions"", ""used_in"", ""non-spatial_context""]]","[[""pedo-transfer_functions"", ""referred_to_as"", ""predictive_functions""], [""pedo-transfer_functions"", ""used_in"", ""non-spatial_context""]]",1.0,0.9999998807907104,0.9999999403953552,1.0,1.0,0.9999999989379372,0.9999999990441435,0.9999999991503499,0.999999999256556,0.9999999993627623,0.9999999994689686,0.9999999995751749,0.9999999996813811,0.9999999997875875,0.9999999998937937,1.0,0.9999999761581421,0.9999999898532277
116,He intervened in the war of Awan and Waroux and participated in the siege of Maastricht in 1334 .,He participated in the War of Awans and Waroux and intervened in the 1334 siege of Maastricht .,"[[""He"", ""intervened_in"", ""war_of_Awan_and_Waroux""], [""He"", ""participated_in"", ""siege_of_Maastricht""], [""siege_of_Maastricht"", ""occurred_in"", ""1334""]]","[[""He"", ""participated_in"", ""War_of_Awans_and_Waroux""], [""He"", ""intervened_in"", ""siege_of_Maastricht""], [""siege_of_Maastricht"", ""occurred_in"", ""1334""]]",1.0,0.5439870953559875,0.7634854316711426,0.5416666666666666,1.0,0.994776557125487,0.9952989014129383,0.9958212457003897,0.9963435899878408,0.9968659342752921,0.9973882785627435,0.9979106228501948,0.9984329671376461,0.9989553114250974,0.9994776557125487,1.0,0.9680749288055662,0.9860569845791292
117,The Jimmy - Perez novels have been dramatized as the TV - Detective - Series '' Vera `` and the Vera - Stanhope - Romane as the series '' Shetland '' .,The Jimmy Perez novels have been dramatized as the TV detective series `` Vera '' and the Vera Stanhope novels as the series `` Shetland '' .,"[[""Jimmy_Perez_novels"", ""dramatized_as"", ""Vera""], [""Jimmy_Perez_novels"", ""dramatized_as"", ""TV_Detective_Series""], [""Vera_Stanhope_Romane"", ""dramatized_as"", ""Shetland""]]","[[""Jimmy_Perez_novels"", ""dramatized_as"", ""Vera""], [""Vera_Stanhope_novels"", ""dramatized_as"", ""Shetland""], [""Vera"", ""is"", ""TV_detective_series""], [""Shetland"", ""is"", ""series""]]",0.7080881928749334,0.6702837944030762,0.8308219909667969,0.2738612787525831,0.7080881928749334,0.9507340662970021,0.9264694789547953,0.9022048916125883,0.8779403042703815,0.8536757169281746,0.8294111295859677,0.8051465422437609,0.780881954901554,0.756617367559347,0.7323527802171403,0.7080881928749334,0.9281068839845006,0.9063658779793595
118,"It was assigned to Felidae by Carroll ( 1988 ) , but later it was later placed within Nimravidae .","It was assigned to Felidae by Carroll ( 1988 ) , but then later , it was placed within Nimravidae .","[[""Felidae"", ""assigned_by"", ""Carroll""], [""Carroll"", ""published_in"", ""1988""], [""Nimravidae"", ""assigned_later"", ""Felidae""]]","[[""Felidae"", ""assigned_by"", ""Carroll""], [""Carroll"", ""published_in"", ""1988""], [""Nimravidae"", ""assigned_later"", ""Felidae""]]",1.0,1.0,1.0,1.0,1.0,0.9999999983551888,0.9999999985196699,0.999999998684151,0.9999999988486321,0.9999999990131133,0.9999999991775944,0.9999999993420755,0.9999999995065567,0.9999999996710378,0.9999999998355189,1.0,1.0,0.9999999871610806
119,By unanimous decision Dan Barrera defeated Saunders .,Dan Barrera defeated Saunders at by unanimous decision .,"[[""Dan_Barrera"", ""defeated"", ""Saunders""], [""Dan_Barrera"", ""won_by"", ""unanimous_decision""]]","[[""Dan_Barrera"", ""defeated"", ""Saunders""], [""Dan_Barrera"", ""won_by"", ""unanimous_decision""]]",1.0,1.0,1.0,1.0,1.0,1.0,1.0,1.0,1.0,1.0,1.0,1.0,1.0,1.0,1.0,1.0,0.9999999523162824,1.0
120,The London Reefs are located between and in the South China Sea of Spratly Islands .,The London Reefs are located between and ( and ) in the Spratly Islands of the South China Sea .,"[[""London_Reefs"", ""location"", ""South_China_Sea""], [""London_Reefs"", ""location"", ""Spratly_Islands""]]","[[""London_Reefs"", ""location"", ""Spratly_Islands""], [""London_Reefs"", ""location"", ""South_China_Sea""]]",1.0,1.0,1.0,1.0,1.0,0.9999999990122691,0.9999999991110422,0.9999999992098154,0.9999999993085884,0.9999999994073615,0.9999999995061346,0.9999999996049076,0.9999999997036808,0.9999999998024538,0.9999999999012269,1.0,0.9999999761581403,1.0
121,"However , the original flag had a green colour instead of brownish .","The original flag , however , had a brownish color instead of green .","[[""original_flag"", ""had_colour"", ""green""], [""original_flag"", ""did_not_have_colour"", ""brownish""]]","[[""original_flag"", ""had_colour"", ""brownish""], [""original_flag"", ""did_not_have_colour"", ""green""]]",1.0,0.9999999403953552,0.9999999403953552,1.0,1.0,0.9870326278597219,0.9883293650737497,0.9896261022877775,0.9909228395018053,0.9922195767158332,0.993516313929861,0.9948130511438887,0.9961097883579166,0.9974065255719444,0.9987032627859722,1.0,0.9524930142936121,0.9941075572668523
122,The park is situated about an hour and a half south of San Francisco or five hours north of Los Angeles .,"The park lies about an hour and a half north of Los Angeles , or five hours south of San Francisco .","[[""park"", ""situated_south_of"", ""San_Francisco""], [""park"", ""situated_north_of"", ""Los_Angeles""]]","[[""park"", ""lies_north_of"", ""Los_Angeles""], [""park"", ""lies_south_of"", ""San_Francisco""]]",1.0,1.0,1.0,1.0,1.0,0.9624694631970818,0.9662225168773736,0.9699755705576656,0.9737286242379573,0.9774816779182491,0.9812347315985409,0.9849877852788327,0.9887408389591246,0.9924938926394163,0.9962469463197082,1.0,0.9583486880186057,0.7856784367622212
123,"In his retirement , MacDonald wrote the `` Macdonald dictionary of Canterbury - Biographies '' , a collection of 12,000 biographies run by the Canterbury museum .","In his retirement , Macdonald wrote the `` MacDonald dictionary of Canterbury - Biographies '' , a collection of 12,000 biographies run by the Canterbury Museum .","[[""MacDonald"", ""wrote"", ""Macdonald_dictionary_of_Canterbury_Biographies""], [""Macdonald_dictionary_of_Canterbury_Biographies"", ""instance_of"", ""collection_of_biographies""], [""Macdonald_dictionary_of_Canterbury_Biographies"", ""contains"", ""12,000_biographies""], [""Macdonald_dictionary_of_Canterbury_Biographies"", ""run_by"", ""Canterbury_museum""], [""MacDonald"", ""retired_to_write"", ""Macdonald_dictionary_of_Canterbury_Biographies""]]","[[""Macdonald"", ""wrote"", ""MacDonald_dictionary_of_Canterbury_Biographies""], [""MacDonald_dictionary_of_Canterbury_Biographies"", ""instance_of"", ""collection_of_biographies""], [""MacDonald_dictionary_of_Canterbury_Biographies"", ""contains"", ""12,000_biographies""], [""MacDonald_dictionary_of_Canterbury_Biographies"", ""run_by"", ""Canterbury_Museum""], [""Macdonald"", ""retired_to_write"", ""MacDonald_dictionary_of_Canterbury_Biographies""]]",1.0,1.0,1.0,1.0,1.0,0.9999999988767759,0.9999999989890983,0.9999999991014208,0.9999999992137432,0.9999999993260655,0.9999999994383879,0.9999999995507104,0.9999999996630328,0.9999999997753553,0.9999999998876776,1.0,1.0,0.994649462134022
124,The La République En Marche group is a parliamentary group in the National Assembly including representatives of La République En Marche ! after the 2017 legislative elections .,"The République En Marche Group is a group in the National Assembly , including representatives of La République En Marche following the 2017 parliamentary elections .","[[""La_République_En_Marche"", ""is"", ""parliamentary_group""], [""La_République_En_Marche"", ""has_representatives_in"", ""National_Assembly""], [""La_République_En_Marche"", ""formed_after"", ""2017_legislative_elections""]]","[[""République_En_Marche_Group"", ""is"", ""group""], [""République_En_Marche_Group"", ""has_representatives_of"", ""La_République_En_Marche""], [""La_République_En_Marche"", ""has_representatives_in"", ""National_Assembly""], [""La_République_En_Marche"", ""formed_after"", ""2017_parliamentary_elections""]]",0.6254627916220946,0.089666448533535,0.48919805884361267,0.2608745973749754,0.5416666666666666,0.9799112771889709,0.9360868161367405,0.8922623550845101,0.8484378940322795,0.8046134329800492,0.7607889719278187,0.7169645108755883,0.673140049823358,0.6293155887711275,0.585491127718897,0.5416666666666666,0.9179840662086278,0.9490475609635932
125,"The text of the Kanuni , often contested and with many different interpretations which only evolved since 15th century , was significantly named after Dukagjini .","The Kanuni text , often controversial and with many different interpretations , which have evolved significantly since the 15th century , was named after Dukagjini only .","[[""Kanuni"", ""named_after"", ""Dukagjini""], [""Kanuni"", ""has_interpretations_since"", ""15th_century""]]","[[""Kanuni"", ""named_after"", ""Dukagjini""], [""Kanuni"", ""has_interpretations_since"", ""15th_century""]]",1.0,1.0,1.0,1.0,1.0,0.999999998855506,0.9999999989699554,0.9999999990844048,0.9999999991988542,0.9999999993133035,0.999999999427753,0.9999999995422024,0.9999999996566518,0.9999999997711012,0.9999999998855506,1.0,0.9999999880790711,0.9999999891660247
126,"George Henry Compton Cavendish , first son of the second Earl of Burlington , was Member of Parliament for Aylesbury .","George Henry Compton Cavendish , the first son of the second Earl of Burlington , was a Member of Parliament for Aylesbury .","[[""George_Henry_Compton_Cavendish"", ""is"", ""first_son_of""], [""George_Henry_Compton_Cavendish"", ""was"", ""Member_of_Parliament""], [""George_Henry_Compton_Cavendish"", ""represented"", ""Aylesbury""]]","[[""George_Henry_Compton_Cavendish"", ""is"", ""first_son_of""], [""George_Henry_Compton_Cavendish"", ""was"", ""Member_of_Parliament""], [""George_Henry_Compton_Cavendish"", ""represented"", ""Aylesbury""]]",1.0,0.9999999403953552,1.0,1.0,1.0,0.9999998966616634,0.9999999069954971,0.9999999173293308,0.9999999276631644,0.999999937996998,0.9999999483308317,0.9999999586646654,0.9999999689984991,0.9999999793323326,0.9999999896661663,1.0,0.9999999870856586,0.9999999899588876
127,They were under the mentorship of Coach Glenn Capacio and Coach Norman Black .,You were under the mentorship of Coach Norman Black and Coach Glenn Capacio .,"[[""They"", ""were_under_mentorship_of"", ""Coach_Glenn_Capacio""], [""They"", ""were_under_mentorship_of"", ""Coach_Norman_Black""]]","[[""You"", ""were_under_mentorship_of"", ""Coach_Norman_Black""], [""You"", ""were_under_mentorship_of"", ""Coach_Glenn_Capacio""]]",0.6666666666666666,0.9163062572479248,0.9519692659378052,0.6666666666666666,0.6666666666666666,0.8439751531719534,0.8262443045214247,0.8085134558708961,0.7907826072203673,0.7730517585698387,0.75532090991931,0.7375900612687813,0.7198592126182526,0.7021283639677239,0.6843975153171953,0.6666666666666666,0.8669723670046776,0.9607821843504339
128,"The North Indian Ocean cyclone season in 2005 was destructive and deadly for southern India , despite the weak storms .","The North Indian Ocean cyclone season in 2005 , despite the destructive and lethal storms , was weak to southern India .","[[""North_Indian_Ocean_cyclone_season"", ""occurred_in"", ""2005""], [""North_Indian_Ocean_cyclone_season"", ""was_destructive_for"", ""southern_India""], [""North_Indian_Ocean_cyclone_season"", ""was_deadly_for"", ""southern_India""]]","[[""North_Indian_Ocean_cyclone_season"", ""occurred_in"", ""2005""], [""North_Indian_Ocean_cyclone_season"", ""was_destructive_for"", ""southern_India""], [""North_Indian_Ocean_cyclone_season"", ""was_lethal_for"", ""southern_India""], [""North_Indian_Ocean_cyclone_season"", ""was_weak_to"", ""southern_India""]]",1.0,0.9999999403953552,1.0,1.0,1.0,0.9954899731967503,0.9959409758770752,0.9963919785574002,0.9968429812377251,0.9972939839180501,0.9977449865983752,0.9981959892787001,0.9986469919590251,0.9990979946393501,0.9995489973196751,1.0,0.9816162768496604,0.924707012960134
129,"Original members of the NYL include : Fresno , Roosevelt , Merced , Visalia , Madera , Hanford and Edison .","Original members of the NYL are : Fresno , Roosevelt , Merced , Visalia , Madera , Hanford and Edison .","[[""NYL"", ""has_original_member"", ""Fresno""], [""NYL"", ""has_original_member"", ""Roosevelt""], [""NYL"", ""has_original_member"", ""Merced""], [""NYL"", ""has_original_member"", ""Visalia""], [""NYL"", ""has_original_member"", ""Madera""], [""NYL"", ""has_original_member"", ""Hanford""], [""NYL"", ""has_original_member"", ""Edison""]]","[[""NYL"", ""has_original_member"", ""Fresno""], [""NYL"", ""has_original_member"", ""Roosevelt""], [""NYL"", ""has_original_member"", ""Merced""], [""NYL"", ""has_original_member"", ""Visalia""], [""NYL"", ""has_original_member"", ""Madera""], [""NYL"", ""has_original_member"", ""Hanford""], [""NYL"", ""has_original_member"", ""Edison""]]",1.0,0.9999999403953552,0.9999998807907104,1.0,1.0,0.9999999987095293,0.9999999988385764,0.9999999989676234,0.9999999990966704,0.9999999992257176,0.9999999993547646,0.9999999994838117,0.9999999996128588,0.9999999997419058,0.9999999998709529,1.0,1.0,0.9999999901904533
130,"Monmouth Junction was created as the crossroads of three branches of the railway , the New York division of Pennsylvania Railroad , the Rocky Hill and the Jamesburg and Freehold .","Monmouth Junction was created as the junction of three rail branches , the New York division of the Pennsylvania Railroad , the Rocky Hill and the Jamesburg and Freehold .","[[""Monmouth_Junction"", ""created_at"", ""crossroads""], [""Monmouth_Junction"", ""location_of"", ""New_York_division_of_Pennsylvania_Railroad""], [""Monmouth_Junction"", ""location_of"", ""Rocky_Hill""], [""Monmouth_Junction"", ""location_of"", ""Jamesburg_and_Freehold""]]","[[""Monmouth_Junction"", ""created_at"", ""junction""], [""Monmouth_Junction"", ""location_of"", ""New_York_division_of_Pennsylvania_Railroad""], [""Monmouth_Junction"", ""location_of"", ""Rocky_Hill""], [""Monmouth_Junction"", ""location_of"", ""Jamesburg_and_Freehold""]]",0.6333333333333333,0.9379856586456299,0.9320818185806274,0.6333333333333333,0.6333333333333333,0.9940931555883177,0.9580171733628193,0.9219411911373209,0.8858652089118223,0.8497892266863238,0.8137132444608255,0.777637262235327,0.7415612800098286,0.7054852977843302,0.6694093155588317,0.6333333333333333,0.9700054479878422,0.9775496629454006
131,"The show 's title song was '' Life Goes On `` , written by Billy Vera and performed by John Bettis and George Tipton .","The show 's theme song was `` Life Goes On '' , written by John Bettis and George Tipton and performed by Billy Vera .","[[""Life_Goes_On"", ""written_by"", ""Billy_Vera""], [""Life_Goes_On"", ""performed_by"", ""John_Bettis""], [""Life_Goes_On"", ""performed_by"", ""George_Tipton""]]","[[""Life_Goes_On"", ""written_by"", ""John_Bettis""], [""Life_Goes_On"", ""written_by"", ""George_Tipton""], [""Life_Goes_On"", ""performed_by"", ""Billy_Vera""]]",1.0,1.0,1.0,1.0,1.0,0.9774985675226305,0.9797487107703675,0.9819988540181044,0.9842489972658413,0.9864991405135783,0.9887492837613152,0.9909994270090522,0.9932495702567892,0.995499713504526,0.997749856752263,1.0,0.9283222018079136,0.96704601855445
132,"During the 1850s , missionaries were sent to Germany , Hawaii , France , Italy , Scandinavia , Switzerland , India , Chile and a number of other countries .","In the 1850s , missionaries were sent to Germany , Hawaii , France , Italy , Scandinavia , Switzerland , India , Chile , and a number of other countries .","[[""missionaries"", ""sent_to"", ""Germany""], [""missionaries"", ""sent_to"", ""Hawaii""], [""missionaries"", ""sent_to"", ""France""], [""missionaries"", ""sent_to"", ""Italy""], [""missionaries"", ""sent_to"", ""Scandinavia""], [""missionaries"", ""sent_to"", ""Switzerland""], [""missionaries"", ""sent_to"", ""India""], [""missionaries"", ""sent_to"", ""Chile""], [""missionaries"", ""sent_to"", ""other_countries""]]","[[""missionaries"", ""sent_to"", ""Germany""], [""missionaries"", ""sent_to"", ""Hawaii""], [""missionaries"", ""sent_to"", ""France""], [""missionaries"", ""sent_to"", ""Italy""], [""missionaries"", ""sent_to"", ""Scandinavia""], [""missionaries"", ""sent_to"", ""Switzerland""], [""missionaries"", ""sent_to"", ""India""], [""missionaries"", ""sent_to"", ""Chile""], [""missionaries"", ""sent_to"", ""other_countries""]]",1.0,1.0,1.0,1.0,1.0,0.9999999988469122,0.9999999989622209,0.9999999990775297,0.9999999991928386,0.9999999993081473,0.9999999994234561,0.9999999995387648,0.9999999996540736,0.9999999997693825,0.9999999998846912,1.0,1.0,0.9999999888020641
133,"The film was produced , staged and edited by Bruce David Janu , the soundtrack was composed by Tom Flannery and Lorne Clarke .","The film was produced , conducted and edited by Tom Flannery and Lorne Clarke , the soundtrack was composed by Bruce David Janu .","[[""Bruce_David_Janu"", ""produced"", ""film""], [""Bruce_David_Janu"", ""staged"", ""film""], [""Bruce_David_Janu"", ""edited"", ""film""], [""Tom_Flannery"", ""composed_soundtrack"", ""film""], [""Lorne_Clarke"", ""composed_soundtrack"", ""film""]]","[[""Tom_Flannery"", ""produced"", ""film""], [""Tom_Flannery"", ""conducted"", ""film""], [""Tom_Flannery"", ""edited"", ""film""], [""Lorne_Clarke"", ""produced"", ""film""], [""Lorne_Clarke"", ""conducted"", ""film""], [""Lorne_Clarke"", ""edited"", ""film""], [""Bruce_David_Janu"", ""composed_soundtrack"", ""film""]]",1.0,0.9999999403953552,1.0,0.375,1.0,0.9359431264297283,0.9423488137867555,0.9487545011437828,0.9551601885008099,0.961565875857837,0.9679715632148642,0.9743772505718913,0.9807829379289186,0.9871886252859456,0.9935943126429728,1.0,0.8006020647725862,0.9435548869518426
134,"In recognition of its history , its administrative importance and its economic success , Cambridge was granted city rights in 1951 .","In recognition of its history , its economic importance and its administrative success , Cambridge was granted city rights in 1951 .","[[""Cambridge"", ""was_granted"", ""city_rights""], [""Cambridge"", ""granted_in"", ""1951""], [""Cambridge"", ""has"", ""history""], [""Cambridge"", ""has"", ""administrative_importance""], [""Cambridge"", ""has"", ""economic_success""]]","[[""Cambridge"", ""was_granted"", ""city_rights""], [""Cambridge"", ""granted_in"", ""1951""], [""Cambridge"", ""has"", ""history""], [""Cambridge"", ""has"", ""economic_importance""], [""Cambridge"", ""has"", ""administrative_success""]]",0.6944444444444444,0.7705554366111755,0.9069986343383789,0.5277777777777778,0.6944444444444444,0.9980837853596128,0.967719851268096,0.9373559171765793,0.9069919830850623,0.8766280489935455,0.8462641149020287,0.8159001808105117,0.785536246718995,0.7551723126274781,0.7248083785359613,0.6944444444444444,0.9284067821369255,0.9546157998312101
135,"The radical party of the people ( Narodna radikalna stranka ) was founded as a radical party in 1881 , but from 1919 it developed into a conservative direction .","The radical party of the people ( Narodna radikalna stranka ) was founded as a conservative party in 1881 , but it developed into a radical direction from 1919 .","[[""Narodna_radikalna_stranka"", ""founded_as"", ""radical_party""], [""Narodna_radikalna_stranka"", ""founded_in"", ""1881""], [""Narodna_radikalna_stranka"", ""developed_into"", ""conservative_direction""], [""Narodna_radikalna_stranka"", ""developed_in"", ""1919""]]","[[""Narodna_radikalna_stranka"", ""founded_as"", ""conservative_party""], [""Narodna_radikalna_stranka"", ""founded_in"", ""1881""], [""Narodna_radikalna_stranka"", ""developed_into"", ""radical_direction""], [""Narodna_radikalna_stranka"", ""developed_in"", ""1919""]]",0.6333333333333333,0.9108878374099731,0.8209266662597656,0.43333333333333335,0.6333333333333333,0.9936336113084231,0.9576035835109141,0.9215735557134053,0.8855435279158961,0.8495135001183871,0.8134834723208781,0.7774534445233692,0.7414234167258602,0.7053933889283512,0.6693633611308423,0.6333333333333333,0.9330285421375967,0.971155019236063
136,Jerry won Best Actor at the Los Angeles Method Fest Film Festival for his role as DeWees in `` Mud Season '' .,For his role as DeWees in `` Mud Season '' won Jerry Jerry Best Actor at the Los Angeles Method Festival Film Festival .,"[[""Jerry"", ""won"", ""Best_Actor""], [""Best_Actor"", ""awarded_at"", ""Los_Angeles_Method_Fest_Film_Festival""], [""Jerry"", ""played_role"", ""DeWees""], [""DeWees"", ""in"", ""Mud_Season""]]","[[""Jerry"", ""won"", ""Best_Actor""], [""Best_Actor"", ""awarded_at"", ""Los_Angeles_Method_Festival_Film_Festival""], [""Jerry"", ""played_role"", ""DeWees""], [""DeWees"", ""in"", ""Mud_Season""]]",1.0,0.9164903163909912,0.9514502882957458,0.5,1.0,0.9983780416967912,0.9985402375271121,0.998702433357433,0.9988646291877539,0.9990268250180747,0.9991890208483956,0.9993512166787165,0.9995134125090374,0.9996756083393583,0.9998378041696792,1.0,0.9968136159866594,0.9985961267981667
137,Daughter Mary W. ( `` May '' ) Baldwin ( 1871 -- 1961 ) married Duncan Bell Murdoch ( 1860 -- 1964 ) .,Daughter Mary W. ( `` May '' ) Baldwin ( 1871 - 1961 ) married Duncan Bell Murdoch ( 1860 -- 1964 ) .,"[[""Mary_W_Baldwin"", ""married"", ""Duncan_Bell_Murdoch""], [""Mary_W_Baldwin"", ""birth_year"", ""1871""], [""Mary_W_Baldwin"", ""death_year"", ""1961""], [""Duncan_Bell_Murdoch"", ""birth_year"", ""1860""], [""Duncan_Bell_Murdoch"", ""death_year"", ""1964""]]","[[""Mary_W_Baldwin"", ""married"", ""Duncan_Bell_Murdoch""], [""Mary_W_Baldwin"", ""birth_year"", ""1871""], [""Mary_W_Baldwin"", ""death_year"", ""1961""], [""Duncan_Bell_Murdoch"", ""birth_year"", ""1860""], [""Duncan_Bell_Murdoch"", ""death_year"", ""1964""]]",1.0,1.0,0.9999998807907104,1.0,1.0,0.9999999987583273,0.9999999988824946,0.9999999990066619,0.999999999130829,0.9999999992549964,0.9999999993791637,0.999999999503331,0.9999999996274982,0.9999999997516655,0.9999999998758328,1.0,1.0,0.9999999881335763
138,"Damerham was once in Hampshire , but was brought to Wiltshire in 1895 .","Damerham was once in Hampshire , but was transferred in 1895 to Wiltshire .","[[""Damerham"", ""was_once_in"", ""Hampshire""], [""Damerham"", ""was_brought_to"", ""Wiltshire""], [""Damerham"", ""was_brought_to_in"", ""1895""]]","[[""Damerham"", ""was_once_in"", ""Hampshire""], [""Damerham"", ""was_transferred_to"", ""Wiltshire""], [""Damerham"", ""was_transferred_in"", ""1895""]]",1.0,1.0,0.9999999403953552,1.0,1.0,0.9381627785150738,0.9443465006635664,0.9505302228120591,0.9567139449605515,0.9628976671090442,0.969081389257537,0.9752651114060296,0.9814488335545222,0.9876325557030148,0.9938162778515074,1.0,0.897702225986512,0.9401564471169508
139,"At least one improved and one supersonic ramp is used , but subsonic ramps can be used for multiple supersonic seals .","At least one improved and one supersonic ramp is used , but for multiple supersonic seal subsonic ramps can be used .","[[""improved_ramp"", ""is_used"", ""supersonic_seals""], [""supersonic_ramp"", ""is_used"", ""supersonic_seals""], [""subsonic_ramps"", ""can_be_used_for"", ""multiple_supersonic_seals""]]","[[""improved_ramp"", ""is_used"", ""supersonic_seals""], [""supersonic_ramp"", ""is_used"", ""supersonic_seals""], [""subsonic_ramps"", ""can_be_used_for"", ""multiple_supersonic_seals""]]",1.0,1.0,0.9999999403953552,1.0,1.0,1.0,1.0,1.0,1.0,1.0,1.0,1.0,1.0,1.0,1.0,1.0,0.9999999936421713,0.9999999905565021
140,"The radical party of the people ( Narodna radikalna stranka ) was founded in 1881 as a conservative party , but it developed into a radical direction from 1919 .",The People 's Radical Party `` ( Narodna radikalna stranka '' ) was founded in 1881 as a radical party but from 1919 it evolved into a conservative direction,"[[""Narodna_radikalna_stranka"", ""founded_in"", ""1881""], [""Narodna_radikalna_stranka"", ""initially_was"", ""conservative_party""], [""Narodna_radikalna_stranka"", ""developed_into"", ""radical_direction""], [""Narodna_radikalna_stranka"", ""changed_direction_in"", ""1919""]]","[[""Narodna_radikalna_stranka"", ""founded_in"", ""1881""], [""Narodna_radikalna_stranka"", ""initially_was"", ""radical_party""], [""Narodna_radikalna_stranka"", ""evolved_into"", ""conservative_direction""], [""Narodna_radikalna_stranka"", ""changed_direction_in"", ""1919""]]",0.6333333333333333,0.4209645390510559,0.7595691680908203,0.43333333333333335,0.6333333333333333,0.9925120724604705,0.9565941985477567,0.9206763246350431,0.8847584507223293,0.8488405768096157,0.8129227028969019,0.7770048289841882,0.7410869550714745,0.7051690811587608,0.669251207246047,0.6333333333333333,0.9230217998638135,0.9549484414110376
141,"During the First World War , Cary fought with a Nigerian regiment fighting in the German colony of Cameroon .","During the First World War , Cary served with a German regiment fighting in the Nigerian colony of Cameroon .","[[""Cary"", ""fought_with"", ""Nigerian_regiment""], [""Nigerian_regiment"", ""fought_in"", ""Cameroon""], [""Cameroon"", ""was"", ""German_colony""]]","[[""Cary"", ""served_with"", ""German_regiment""], [""German_regiment"", ""fought_in"", ""Cameroon""], [""Cameroon"", ""was"", ""Nigerian_colony""]]",0.125,0.6153421401977539,0.6763368844985962,0.08333333333333333,0.125,0.9324320224107056,0.851688820169635,0.7709456179285645,0.6902024156874939,0.6094592134464234,0.5287160112053528,0.44797280896428227,0.3672296067232117,0.2864864044821411,0.20574320224107054,0.125,0.821095719505884,0.8672864788647052
142,"Most of the curriculum consisted of classical languages , the young and ambitious Cauchy , a brilliant student , won many prizes in Latin and Humanities .","Most of the curriculum consisted of classical languages ; the young and ambitious Cauchy , being a brilliant student , won many prizes in Latin and Humanities .","[[""Cauchy"", ""won"", ""many_prizes""], [""Cauchy"", ""studied"", ""classical_languages""], [""Cauchy"", ""studied"", ""Latin""], [""Cauchy"", ""studied"", ""Humanities""], [""Cauchy"", ""is"", ""brilliant_student""]]","[[""Cauchy"", ""won"", ""many_prizes""], [""Cauchy"", ""studied"", ""classical_languages""], [""Cauchy"", ""studied"", ""Latin""], [""Cauchy"", ""studied"", ""Humanities""], [""Cauchy"", ""is"", ""brilliant_student""]]",1.0,1.0,1.0,1.0,1.0,0.9999999382519692,0.9999999444267723,0.9999999506015753,0.9999999567763784,0.9999999629511815,0.9999999691259847,0.9999999753007877,0.9999999814755908,0.9999999876503938,0.9999999938251969,1.0,0.9999999821186065,0.9999999878715975
143,Isabel Kabra never left his side until Irina sent her to a mission in Helsinki .,"Irina never left his side , until Isabel Kabra assigned her to a mission in Helsinki .","[[""Isabel_Kabra"", ""never_left_side_of"", ""he""], [""Irina"", ""sent"", ""Isabel_Kabra""], [""Isabel_Kabra"", ""went_to"", ""Helsinki""], [""he"", ""had_side"", ""Isabel_Kabra""]]","[[""Irina"", ""never_left_side_of"", ""he""], [""Isabel_Kabra"", ""assigned"", ""Irina""], [""Irina"", ""went_to"", ""Helsinki""], [""he"", ""had_side"", ""Irina""]]",0.5833333333333334,0.9999999403953552,1.0,0.5833333333333334,0.5833333333333334,0.7426008519150085,0.726674100056841,0.7107473481986735,0.694820596340506,0.6788938444823385,0.6629670926241709,0.6470403407660035,0.6311135889078359,0.6151868370496684,0.5992600851915009,0.5833333333333334,0.8228479585504886,0.7735567480810084
144,He composed other songs and wrote orchestrations for larger choral works that are preserved in Australian libraries .,He wrote other songs and composed orchestrations for larger choral works preserved in Australian libraries .,"[[""Composer"", ""composed"", ""songs""], [""Composer"", ""wrote"", ""orchestrations""], [""orchestrations"", ""preserved_in"", ""Australian_libraries""], [""choral_works"", ""preserved_in"", ""Australian_libraries""]]","[[""Composer"", ""wrote"", ""songs""], [""Composer"", ""composed"", ""orchestrations""], [""orchestrations"", ""preserved_in"", ""Australian_libraries""], [""choral_works"", ""preserved_in"", ""Australian_libraries""]]",1.0,1.0,1.0,1.0,1.0,0.9980638075540881,0.9982574267986792,0.9984510460432705,0.9986446652878616,0.9988382845324528,0.9990319037770441,0.9992255230216353,0.9994191422662264,0.9996127615108177,0.9998063807554088,1.0,0.9935001345337583,0.9979987445391959
145,"A radar-modified Vickers Wellington was equipped for use by the Fighter Interception Unit , as one of the first Airborne Early Warning and Control ( AEW & C ) aircraft .",A radar-modified Vickers Wellington has been one of the first Airborne Early Warning and Control ( AEW / C ) aircraft for use by the Fighter Interception Unit .,"[[""Vickers_Wellington"", ""equipped_for"", ""Fighter_Interception_Unit""], [""Vickers_Wellington"", ""instance_of"", ""Airborne_Early_Warning_and_Control_aircraft""]]","[[""Vickers_Wellington"", ""equipped_for"", ""Fighter_Interception_Unit""], [""Vickers_Wellington"", ""instance_of"", ""Airborne_Early_Warning_and_Control_aircraft""]]",1.0,0.9999999403953552,1.0,1.0,1.0,0.9999998896690977,0.9999999007021879,0.9999999117352782,0.9999999227683682,0.9999999338014586,0.9999999448345489,0.9999999558676391,0.9999999669007293,0.9999999779338196,0.9999999889669098,1.0,0.9999999761581421,0.9999999903349696
146,The texts were rearranged by the Lebanese singer Majida El Roumi and music was written by Kadim Al Sahir .,The lyrics were written by the Lebanese singer Majida El Roumi and the music was rearranged by Kadim Al Sahir .,"[[""Majida_El_Roumi"", ""rearranged"", ""texts""], [""Kadim_Al_Sahir"", ""wrote"", ""music""]]","[[""Majida_El_Roumi"", ""wrote"", ""lyrics""], [""Kadim_Al_Sahir"", ""rearranged"", ""music""]]",0.5416666666666666,0.5639687776565552,0.6263601779937744,0.5416666666666666,0.5416666666666666,0.9086301859759391,0.8719338340450119,0.8352374821140847,0.7985411301831573,0.7618447782522302,0.7251484263213028,0.6884520743903757,0.6517557224594484,0.6150593705285211,0.5783630185975939,0.5416666666666666,0.8035209062928641,0.8332565909695784
147,"Drew Springer , Jr. , a businessman from Münster in Young County , has represented Cooke County in the House of Representatives of Texas since January 2013 .","Drew Springer , Jr. , a businessman from Münster in Cooke County , has represented Young County in the Texas House of Representatives since January 2013 .","[[""Drew_Springer"", ""from"", ""Münster""], [""Drew_Springer"", ""from"", ""Young_County""], [""Drew_Springer"", ""is"", ""businessman""], [""Drew_Springer"", ""represented"", ""Cooke_County""], [""Drew_Springer"", ""represented_in"", ""Texas_House_of_Representatives""], [""Drew_Springer"", ""started_representation_in"", ""January_2013""]]","[[""Drew_Springer"", ""from"", ""Münster""], [""Drew_Springer"", ""from"", ""Cooke_County""], [""Drew_Springer"", ""is"", ""businessman""], [""Drew_Springer"", ""represented"", ""Young_County""], [""Drew_Springer"", ""represented_in"", ""Texas_House_of_Representatives""], [""Drew_Springer"", ""started_representation_in"", ""January_2013""]]",1.0,1.0,1.0,1.0,1.0,0.9994874371625108,0.9995386934462597,0.9995899497300087,0.9996412060137574,0.9996924622975064,0.9997437185812554,0.9997949748650043,0.9998462311487533,0.9998974874325022,0.9999487437162511,1.0,0.9854635944030359,0.9946663198509466
148,"The Ibirapuera Park is located in this subprefecture , as is the Brazilian campus of the Federal University of São Paulo and headquarters of IBM .","The Ibirapuera Park is located in this subprefecture , as well as the main campus of Federal University of São Paulo and the brazilian headquarters of IBM .","[[""Ibirapuera_Park"", ""location"", ""subprefecture""], [""Federal_University_of_São_Paulo"", ""location"", ""subprefecture""], [""IBM"", ""headquarters_location"", ""subprefecture""]]","[[""Ibirapuera_Park"", ""location"", ""subprefecture""], [""Federal_University_of_São_Paulo"", ""location"", ""subprefecture""], [""IBM"", ""headquarters_location"", ""subprefecture""]]",1.0,1.0,0.9999998807907104,1.0,1.0,1.0,1.0,1.0,1.0,1.0,1.0,1.0,1.0,1.0,1.0,1.0,0.9999999682108544,0.9999999894848857
149,"In 1993 it opened in its former site , which was the present site of the National Museum of Korea .","In 1993 it opened in its former site , which was the current site of the National Museum of Korea .","[[""it"", ""opened_in"", ""former_site""], [""former_site"", ""is"", ""National_Museum_of_Korea""]]","[[""it"", ""opened_in"", ""former_site""], [""former_site"", ""is"", ""National_Museum_of_Korea""]]",1.0,0.9999998807907104,1.0,1.0,1.0,0.9999999986941144,0.9999999988247029,0.9999999989552915,0.9999999990858801,0.9999999992164686,0.9999999993470572,0.9999999994776457,0.9999999996082343,0.9999999997388229,0.9999999998694115,1.0,0.9999999642372132,0.99999998806804
150,"It was assigned to the Pensacola Navy Yard in 1866 , and then to the Portsmouth Navy Yard in 1868 .","It was assigned to the Portsmouth Navy Yard in 1866 , and then to the Pensacola Navy Yard in 1868 .","[[""It"", ""assigned_to"", ""Pensacola_Navy_Yard""], [""It"", ""assigned_to_in"", ""1866""], [""It"", ""assigned_to"", ""Portsmouth_Navy_Yard""], [""It"", ""assigned_to_in"", ""1868""]]","[[""It"", ""assigned_to"", ""Portsmouth_Navy_Yard""], [""It"", ""assigned_to_in"", ""1866""], [""It"", ""assigned_to"", ""Pensacola_Navy_Yard""], [""It"", ""assigned_to_in"", ""1868""]]",1.0,1.0,1.0,1.0,1.0,0.9999999987231528,0.9999999988508376,0.9999999989785222,0.999999999106207,0.9999999992338917,0.9999999993615765,0.9999999994892611,0.9999999996169459,0.9999999997446305,0.9999999998723152,1.0,1.0,0.9999999905118767
151,"It has served as a forum for speakers ranging from Tennessee Williams , from Pete Seeger and Phil Donahue to Henry James , William Butler Yeats and William Jennings Bryan .","It has served as a forum for speakers ranging from Tennessee Williams , Pete Seeger and Phil Donahue to Henry James , William Butler Yeats and William Jennings Bryan .","[[""Tennessee_Williams"", ""speaker_at"", ""forum""], [""Pete_Seeger"", ""speaker_at"", ""forum""], [""Phil_Donahue"", ""speaker_at"", ""forum""], [""Henry_James"", ""speaker_at"", ""forum""], [""William_Butler_Yeats"", ""speaker_at"", ""forum""], [""William_Jennings_Bryan"", ""speaker_at"", ""forum""]]","[[""Tennessee_Williams"", ""speaker_at"", ""forum""], [""Pete_Seeger"", ""speaker_at"", ""forum""], [""Phil_Donahue"", ""speaker_at"", ""forum""], [""Henry_James"", ""speaker_at"", ""forum""], [""William_Butler_Yeats"", ""speaker_at"", ""forum""], [""William_Jennings_Bryan"", ""speaker_at"", ""forum""]]",1.0,1.0,1.0,1.0,1.0,0.99999999886272,0.999999998976448,0.999999999090176,0.9999999992039039,0.999999999317632,0.99999999943136,0.999999999545088,0.999999999658816,0.999999999772544,0.999999999886272,1.0,1.0,0.9999999908490761
152,The adrenal arteries are arteries in the human abdomen that supply blood to the adrenal glands .,The adrenal arteries are the arteries in the human abdomen that supply blood to the adrenal arteries .,"[[""adrenal_arteries"", ""location"", ""human_abdomen""], [""adrenal_arteries"", ""supply_blood_to"", ""adrenal_glands""]]",[],,,,,,,,,,,,,,,,,,
153,"As an activity , techne is dependent , variable , and context-concrete .","Techne is concrete , variable and context-dependent as an activity .","[[""techne"", ""is"", ""activity""], [""techne"", ""dependent"", ""context""], [""techne"", ""is"", ""variable""], [""techne"", ""is"", ""context-concrete""]]","[[""techne"", ""is"", ""activity""], [""techne"", ""is"", ""concrete""], [""techne"", ""is"", ""variable""], [""techne"", ""is"", ""context-dependent""]]",1.0,0.23788930475711823,0.845407247543335,0.43333333333333335,0.78742598543589,0.9859628084399324,0.9661091261395283,0.946255443839124,0.9264017615387197,0.9065480792383155,0.8866943969379113,0.866840714637507,0.8469870323371028,0.8271333500366984,0.8072796677362942,0.78742598543589,0.9493485139646287,0.960774001902152
154,"The white spur is curved upwards and cylindrical , longer than the ovary .","The cylindrical spur is curved white and upward , longer than the ovar .","[[""white_spur"", ""is_curved"", ""upwards""], [""white_spur"", ""shape"", ""cylindrical""], [""white_spur"", ""is_longer_than"", ""ovary""]]","[[""cylindrical_spur"", ""is_curved"", ""upwards""], [""cylindrical_spur"", ""color"", ""white""], [""cylindrical_spur"", ""direction"", ""upward""], [""cylindrical_spur"", ""is_longer_than"", ""ovar""]]",0.5833333333333334,0.0,0.05675897374749184,0.22360679774997896,0.5833333333333334,0.8345901802133557,0.8094644955253535,0.7843388108373514,0.759213126149349,0.7340874414613469,0.7089617567733446,0.6838360720853424,0.6587103873973401,0.6335847027093379,0.6084590180213356,0.5833333333333334,0.8121747263508319,0.7369249725072731
155,"In February 2011 , Cenveo Corporation sold its Envelope Products Business including the Columbian Brand Envelope to MeadWestvaco 's Quality Park Envelope Products Group .","In February 2011 , MeadWestvaco sold its envelope products business , including the Colombian brand handling , to Cenveo Corporation 's Quality Park Envelope Products Group .","[[""Cenveo_Corporation"", ""sold"", ""Envelope_Products_Business""], [""Envelope_Products_Business"", ""includes"", ""Columbian_Brand_Envelope""], [""Cenveo_Corporation"", ""sold_to"", ""MeadWestvaco""], [""MeadWestvaco"", ""has"", ""Quality_Park_Envelope_Products_Group""]]","[[""MeadWestvaco"", ""sold"", ""envelope_products_business""], [""envelope_products_business"", ""includes"", ""Colombian_brand""], [""MeadWestvaco"", ""sold_to"", ""Cenveo_Corporation""], [""Cenveo_Corporation"", ""has"", ""Quality_Park_Envelope_Products_Group""]]",0.6666666666666666,0.8588055372238159,0.8857786655426025,0.3,0.6666666666666666,0.9558942902346729,0.9269715278778723,0.8980487655210716,0.8691260031642709,0.8402032408074704,0.8112804784506698,0.7823577160938691,0.7534349537370686,0.7245121913802679,0.6955894290234672,0.6666666666666666,0.8993293977489397,0.8555885909018227
156,"Jarvis Bay is a summer village in Alberta , Canada , located on the eastern shore of Jarvis Bay Provincial Park , south of Sylvan Lake .","Jarvis Bay is a summer village in Alberta , Canada . It is located on the eastern shore of Sylvan Lake south of Jarvis Bay Provincial Park .","[[""Jarvis_Bay"", ""location"", ""Alberta""], [""Jarvis_Bay"", ""location"", ""Canada""], [""Jarvis_Bay"", ""located_on"", ""eastern_shore_of_Jarvis_Bay_Provincial_Park""], [""Jarvis_Bay_Provincial_Park"", ""location"", ""south_of_Sylvan_Lake""], [""Jarvis_Bay"", ""type"", ""summer_village""]]","[[""Jarvis_Bay"", ""location"", ""Alberta""], [""Jarvis_Bay"", ""location"", ""Canada""], [""Jarvis_Bay"", ""located_on"", ""eastern_shore_of_Sylvan_Lake""], [""Jarvis_Bay"", ""location"", ""south_of_Jarvis_Bay_Provincial_Park""], [""Jarvis_Bay"", ""type"", ""summer_village""]]",1.0,0.2445611208677292,0.5756157636642456,0.4886272748799577,0.8040302522073697,0.9972066002140791,0.9778889654134082,0.9585713306127372,0.9392536958120663,0.9199360610113954,0.9006184262107244,0.8813007914100535,0.8619831566093825,0.8426655218087116,0.8233478870080406,0.8040302522073697,0.973269788966473,0.7882408536358996
157,Paul Whitty ( born 1970 ) is an England-based sound composer and experimental artist born in Northern Ireland .,Paul Whitty ( born in 1970 ) is an English-born experimental composer and sound artist born in Northern Ireland .,"[[""Paul_Whitty"", ""born_in"", ""1970""], [""Paul_Whitty"", ""born_in"", ""Northern_Ireland""], [""Paul_Whitty"", ""based_in"", ""England""], [""Paul_Whitty"", ""is"", ""sound_composer""], [""Paul_Whitty"", ""is"", ""experimental_artist""]]","[[""Paul_Whitty"", ""born_in"", ""1970""], [""Paul_Whitty"", ""born_in"", ""Northern_Ireland""], [""Paul_Whitty"", ""is"", ""experimental_composer""], [""Paul_Whitty"", ""is"", ""sound_artist""], [""Paul_Whitty"", ""born_in"", ""England""]]",1.0,0.737188994884491,0.8980631828308105,0.5277777777777778,1.0,0.9917170813792786,0.9925453732413507,0.9933736651034228,0.994201956965495,0.9950302488275672,0.9958585406896393,0.9966868325517114,0.9975151244137836,0.9983434162758558,0.9991717081379279,1.0,0.933772021104677,0.9636531715426644
158,Thomas Fothergill was an academic English administrator at the University of Oxford .,Thomas Fothergill D.D . was an academic English administrator at the University of Oxford .,"[[""Thomas_Fothergill"", ""was"", ""academic_english_administrator""], [""Thomas_Fothergill"", ""at"", ""University_of_Oxford""]]","[[""Thomas_Fothergill"", ""was"", ""academic_english_administrator""], [""Thomas_Fothergill"", ""at"", ""University_of_Oxford""]]",1.0,1.0,1.0,1.0,1.0,1.0,1.0,1.0,1.0,1.0,1.0,1.0,1.0,1.0,1.0,1.0,0.9999999880790693,0.9999999900663084
159,"In 1932 , the company moved cigar production from Cuba to Trenton following a strike in the Cuban factory and to avoid high tariffs .","The company moved cigar production from Cuba to Trenton in 1932 after a strike at the Cuban factory , and in order to avoid high tariffs .","[[""company"", ""moved_cigar_production_from"", ""Cuba""], [""company"", ""moved_cigar_production_to"", ""Trenton""], [""company"", ""avoided"", ""high_tariffs""], [""Cuban_factory"", ""had"", ""strike""], [""strike"", ""occurred_in"", ""Cuban_factory""], [""company"", ""moved_in"", ""1932""]]","[[""company"", ""moved_cigar_production_from"", ""Cuba""], [""company"", ""moved_cigar_production_to"", ""Trenton""], [""company"", ""avoided"", ""high_tariffs""], [""Cuban_factory"", ""had"", ""strike""], [""strike"", ""occurred_in"", ""Cuban_factory""], [""company"", ""moved_in"", ""1932""]]",1.0,1.0,0.9999999403953552,1.0,1.0,1.0,1.0,1.0,1.0,1.0,1.0,1.0,1.0,1.0,1.0,1.0,1.0,1.0
160,"Ranchi Road Railway Station is a small station in Ramgarh district , Jharkhand .","Ranchi Road railway station is a small railway station in Ramgarh district , Jharkhand .","[[""Ranchi_Road_Railway_Station"", ""location"", ""Ramgarh_district""], [""Ranchi_Road_Railway_Station"", ""location"", ""Jharkhand""], [""Ranchi_Road_Railway_Station"", ""is"", ""small_station""]]","[[""Ranchi_Road_railway_station"", ""location"", ""Ramgarh_district""], [""Ranchi_Road_railway_station"", ""location"", ""Jharkhand""], [""Ranchi_Road_railway_station"", ""is"", ""small_railway_station""]]",1.0,0.8683381676673889,0.8898621797561646,0.5416666666666666,1.0,0.9979475051724901,0.9981527546552411,0.998358004137992,0.9985632536207429,0.9987685031034941,0.998973752586245,0.999179002068996,0.999384251551747,0.999589501034498,0.999794750517249,1.0,0.9798987609677907,0.9961034779244086
161,"With the restoration of the monarchy and the final departure of Napoleon in 1815 , the military scene in Vietnam quieted and French interest in Europe was revived .","With the restoration of the monarchy and the final departure of Napoleon in 1815 , the military scene in Vietnam calmed down , and French interest in Europe was revived .","[[""monarchy"", ""restored_in"", ""1815""], [""Napoleon"", ""departed_in"", ""1815""], [""military_scene"", ""location"", ""Vietnam""], [""military_scene"", ""quieted_in"", ""1815""], [""French_interest"", ""location"", ""Europe""], [""French_interest"", ""revived_in"", ""1815""]]","[[""monarchy"", ""restored_in"", ""1815""], [""Napoleon"", ""departed_in"", ""1815""], [""military_scene"", ""location"", ""Vietnam""], [""military_scene"", ""calmed_down_in"", ""1815""], [""French_interest"", ""location"", ""Europe""], [""French_interest"", ""revived_in"", ""1815""]]",1.0,0.9999998211860657,1.0,1.0,1.0,0.9960296344501308,0.9964266710051177,0.9968237075601047,0.9972207441150915,0.9976177806700784,0.9980148172250654,0.9984118537800524,0.9988088903350392,0.9992059268900262,0.9996029634450131,1.0,0.9854422007634702,0.9903512322146589
162,"Sasol operates commercial gasification plants in Secunda , Mpumalanga and Sasolburg in South Africa .","Sasol , in South Africa , operates commercial gasification plants in Secunda , Mpumalanga and in Sasolburg .","[[""Sasol"", ""operates"", ""commercial_gasification_plants""], [""commercial_gasification_plants"", ""location"", ""Secunda""], [""commercial_gasification_plants"", ""location"", ""Sasolburg""], [""commercial_gasification_plants"", ""location"", ""Mpumalanga""], [""Secunda"", ""location"", ""South_Africa""], [""Sasolburg"", ""location"", ""South_Africa""], [""Mpumalanga"", ""location"", ""South_Africa""]]","[[""Sasol"", ""operates"", ""commercial_gasification_plants""], [""commercial_gasification_plants"", ""location"", ""Secunda""], [""commercial_gasification_plants"", ""location"", ""Sasolburg""], [""commercial_gasification_plants"", ""location"", ""Mpumalanga""], [""Sasol"", ""location"", ""South_Africa""], [""Secunda"", ""location"", ""South_Africa""], [""Sasolburg"", ""location"", ""South_Africa""], [""Mpumalanga"", ""location"", ""South_Africa""]]",1.0,1.0,0.9999998807907104,0.8611111111111112,1.0,1.0,1.0,1.0,1.0,1.0,1.0,1.0,1.0,1.0,1.0,1.0,0.9999999940395354,0.991631622680926
163,Surprise Lake is a lake located on Brewster Lake north of Vancouver Island and south of Amor Lake .,Surprise Lake is a lake on Vancouver Island north of Brewster Lake and to the south of Amor Lake .,"[[""Surprise_Lake"", ""location"", ""Brewster_Lake""], [""Surprise_Lake"", ""location"", ""Vancouver_Island""], [""Surprise_Lake"", ""location"", ""Amor_Lake""], [""Surprise_Lake"", ""north_of"", ""Vancouver_Island""], [""Surprise_Lake"", ""south_of"", ""Amor_Lake""]]","[[""Surprise_Lake"", ""location"", ""Vancouver_Island""], [""Surprise_Lake"", ""north_of"", ""Brewster_Lake""], [""Surprise_Lake"", ""south_of"", ""Amor_Lake""]]",1.0,1.0,0.9999999403953552,1.0,1.0,0.9849802285861832,0.9864822057275648,0.9879841828689466,0.9894861600103282,0.9909881371517099,0.9924901142930915,0.9939920914344733,0.9954940685758549,0.9969960457172367,0.9984980228586183,1.0,0.9744427665055737,0.9927440649897039
164,"In 2001 , Sir Frank Williams brought Michael to Williams as Senior Operations Engineer .","In 2001 , Sir Frank Williams brought Michael Senior Operations Engineer to Williams .","[[""Sir_Frank_Williams"", ""brought"", ""Michael""], [""Michael"", ""position"", ""Senior_Operations_Engineer""], [""Michael"", ""works_at"", ""Williams""]]","[[""Sir_Frank_Williams"", ""brought"", ""Michael""], [""Michael"", ""position"", ""Senior_Operations_Engineer""], [""Michael"", ""works_at"", ""Williams""]]",1.0,1.0,1.0,1.0,1.0,0.9999999987066552,0.9999999988359897,0.9999999989653243,0.9999999990946586,0.9999999992239932,0.9999999993533276,0.999999999482662,0.9999999996119966,0.999999999741331,0.9999999998706656,1.0,1.0,1.0
165,The Comina River is a tributary of the River Slănic in Romania .,The Slănic River is a tributary of the River Comina in Romania .,"[[""Comina_River"", ""is_tributary_of"", ""River_Slănic""], [""Comina_River"", ""location"", ""Romania""]]","[[""Slănic_River"", ""is_tributary_of"", ""River_Comina""], [""Slănic_River"", ""location"", ""Romania""]]",0.13608276348795434,0.12483729422092438,0.41206061840057373,0.3333333333333333,0.13608276348795434,0.904093278357689,0.8272922268707156,0.7504911753837421,0.6736901238967686,0.5968890724097952,0.5200880209228217,0.4432869694358482,0.3664859179488748,0.2896848664619012,0.2128838149749278,0.13608276348795434,0.8620853454621993,0.9571829324419939
166,Clara Louise Bell ( 1886 -- 1978 ) ( known as Clara Louise Janowsky ) was an American miniature painter .,Clara Louise Janowsky ( 1886 -- 1978 ) ( also known as Clara Louise Bell ) was an American miniature painter .,"[[""Clara_Louise_Bell"", ""also_known_as"", ""Clara_Louise_Janowsky""], [""Clara_Louise_Bell"", ""birth_year"", ""1886""], [""Clara_Louise_Bell"", ""death_year"", ""1978""], [""Clara_Louise_Bell"", ""occupation"", ""American_miniature_painter""]]","[[""Clara_Louise_Janowsky"", ""also_known_as"", ""Clara_Louise_Bell""], [""Clara_Louise_Janowsky"", ""birth_year"", ""1886""], [""Clara_Louise_Janowsky"", ""death_year"", ""1978""], [""Clara_Louise_Janowsky"", ""occupation"", ""American_miniature_painter""]]",1.0,0.9999999403953552,0.9999998807907104,0.6666666666666666,0.6666666666666666,0.8977986039593987,0.8746854102301255,0.8515722165008524,0.828459022771579,0.8053458290423059,0.7822326353130327,0.7591194415837594,0.7360062478544862,0.712893054125213,0.6897798603959399,0.6666666666666666,0.9495743806369117,0.9509002811595746
167,"The song was also used as a topic for the British remake of the American sitcom , The Inbetweeners .","The song was also used as a subject for the American remake of the British sitcom , The Inbetweeners .","[[""song"", ""used_as_topic_for"", ""British_remake_of_The_Inbetweeners""], [""British_remake_of_The_Inbetweeners"", ""remake_of"", ""The_Inbetweeners""], [""The_Inbetweeners"", ""instance_of"", ""American_sitcom""]]","[[""song"", ""used_as_subject_for"", ""American_remake_of_The_Inbetweeners""], [""American_remake_of_The_Inbetweeners"", ""remake_of"", ""The_Inbetweeners""], [""The_Inbetweeners"", ""instance_of"", ""British_sitcom""]]",1.0,0.5483054518699646,0.6692965030670166,0.08333333333333333,1.0,0.9802663874182287,0.9822397486764058,0.984213109934583,0.9861864711927599,0.9881598324509372,0.9901331937091143,0.9921065549672915,0.9940799162254685,0.9960532774836457,0.9980266387418228,1.0,0.9097558996889966,0.9650794331455506
168,"Diloma radula is a species of sea snail , a top gastropod mollusk in the family Trochidae , the marine snails .","Diloma radula is a species of sea snail , a marine gastropod mollusk in the Trochidae family , the top snails .","[[""Diloma_radula"", ""is"", ""species_of_sea_snail""], [""Diloma_radula"", ""is"", ""top_gastropod_mollusk""], [""Diloma_radula"", ""belongs_to"", ""Trochidae""], [""Trochidae"", ""is"", ""family_of_marine_snails""]]","[[""Diloma_radula"", ""is"", ""species_of_sea_snail""], [""Diloma_radula"", ""is"", ""marine_gastropod_mollusk""], [""Diloma_radula"", ""belongs_to"", ""Trochidae""], [""Trochidae"", ""is"", ""family_of_top_snails""]]",1.0,0.7138343453407288,0.7994717955589294,0.26666666666666666,0.5916079783099616,0.9973867853508527,0.9568089046467636,0.9162310239426745,0.8756531432385852,0.8350752625344962,0.7944973818304071,0.753919501126318,0.7133416204222289,0.6727637397181399,0.6321858590140507,0.5916079783099616,0.9539600544866478,0.8629604814016736
169,"Peoria County is part of the Peoria , IL Metropolitan Statistical Area .","Peoria County is a part of the Peoria , IL Metropolitan Statistical Area .","[[""Peoria_County"", ""part_of"", ""Peoria_IL_Metropolitan_Statistical_Area""]]","[[""Peoria_County"", ""part_of"", ""Peoria_IL_Metropolitan_Statistical_Area""]]",1.0,1.0,0.9999999403953552,1.0,1.0,0.9999999069893231,0.9999999162903908,0.9999999255914584,0.9999999348925261,0.9999999441935938,0.9999999534946615,0.9999999627957292,0.9999999720967969,0.9999999813978646,0.9999999906989323,1.0,0.9999999821186065,1.0
170,"Rastafarian writer , dub poet and British Jamaican Benjamin Zephaniah described the group of women as","The British Jamaican writer , Dub - poet and Rastafari Benjamin Zephaniah described the group of women as","[[""Benjamin_Zephaniah"", ""is"", ""Rastafarian_writer""], [""Benjamin_Zephaniah"", ""is"", ""dub_poet""], [""Benjamin_Zephaniah"", ""is"", ""British_Jamaican""], [""Benjamin_Zephaniah"", ""described"", ""group_of_women""]]","[[""Benjamin_Zephaniah"", ""is"", ""British_Jamaican_writer""], [""Benjamin_Zephaniah"", ""is"", ""Dub_poet""], [""Benjamin_Zephaniah"", ""is"", ""Rastafari""], [""Benjamin_Zephaniah"", ""described"", ""group_of_women""]]",1.0,0.5255706906318665,0.807645320892334,0.43333333333333335,1.0,0.995369080673727,0.9958321726063543,0.9962952645389815,0.9967583564716089,0.9972214484042362,0.9976845403368635,0.9981476322694908,0.998610724202118,0.9990738161347454,0.9995369080673727,1.0,0.9553027866417318,0.9647773750130177
171,"When Aaron asked him to play the new band guitar , Russ agreed .","When Russ asked him to play guitar in the new band , Aaron agreed to .","[[""Aaron"", ""asked"", ""Russ""], [""Russ"", ""agreed_to_play"", ""new_band_guitar""]]","[[""Russ"", ""asked"", ""Aaron""], [""Aaron"", ""agreed_to_play"", ""guitar_in_new_band""]]",0.4444444444444444,0.25093787908554077,0.39040666818618774,0.1111111111111111,0.4444444444444444,0.8975544374577311,0.8522434381564025,0.8069324388550738,0.7616214395537451,0.7163104402524164,0.6709994409510878,0.6256884416497591,0.5803774423484305,0.5350664430471017,0.48975544374577307,0.4444444444444444,0.9352006078782651,0.9484830097731644
172,"At least 3 inserts were printed , but none of them were anticipated .","At least 3 supplements were anticipated , but none of them were printed .","[[""inserts"", ""were_printed"", ""at_least_3""], [""inserts"", ""were_not_anticipated"", ""none""]]","[[""supplements"", ""were_anticipated"", ""at_least_3""], [""supplements"", ""were_not_printed"", ""none""]]",0.6666666666666666,0.6171287298202515,0.7142754793167114,0.6666666666666666,0.6666666666666666,0.621561957486436,0.626072428404459,0.6305828993224821,0.6350933702405052,0.6396038411585282,0.6441143120765513,0.6486247829945744,0.6531352539125974,0.6576457248306204,0.6621561957486436,0.6666666666666666,0.678069952903477,0.6109971213226413
173,The music was composed by MS Baburaj and the lyrics were written by P. Bhaskaran and Yusufali Kechery .,The music was written by MS Baburaj and the lyrics by P. Bhaskaran and Yusufali Kechery composed .,"[[""MS_Baburaj"", ""composed"", ""music""], [""P_Bhaskaran"", ""wrote"", ""lyrics""], [""Yusufali_Kechery"", ""wrote"", ""lyrics""]]","[[""MS_Baburaj"", ""wrote"", ""music""], [""P_Bhaskaran"", ""composed"", ""lyrics""], [""Yusufali_Kechery"", ""composed"", ""lyrics""]]",1.0,1.0,1.0,1.0,1.0,0.991664412838381,0.9924979715545429,0.9933315302707049,0.9941650889868667,0.9949986477030286,0.9958322064191905,0.9966657651353524,0.9974993238515143,0.9983328825676763,0.9991664412838381,1.0,0.9866418145915203,0.9573186112612107
174,The Nelson River flows from Playgreen Lake into Cross Lake and then flows from two channels to Winnipeg Lake .,The Nelson River flows into Playgreen Lake from Lake Winnipeg then flows from two channels into Cross Lake .,"[[""Nelson_River"", ""flows_from"", ""Playgreen_Lake""], [""Nelson_River"", ""flows_into"", ""Cross_Lake""], [""Nelson_River"", ""flows_into"", ""Winnipeg_Lake""]]","[[""Nelson_River"", ""flows_into"", ""Playgreen_Lake""], [""Nelson_River"", ""flows_from"", ""Lake_Winnipeg""], [""Nelson_River"", ""flows_into"", ""Cross_Lake""]]",1.0,0.5574454069137573,0.8377281427383423,0.5416666666666666,1.0,0.9977795485261475,0.9980015936735327,0.998223638820918,0.9984456839683031,0.9986677291156885,0.9988897742630738,0.999111819410459,0.9993338645578442,0.9995559097052296,0.9997779548526148,1.0,0.9845091922944376,0.8760421450874145
175,"His parents were Daniel ( originally from Gainesville , FL ) and Mattie Lee Moss , originally of the Bahamas .","His parents were Daniel ( originally from Gainesville , FL ) and Mattie Lee Moss , originally from Bahamas .","[[""Daniel"", ""originally_from"", ""Gainesville""], [""Mattie_Lee_Moss"", ""originally_from"", ""Bahamas""], [""Daniel"", ""parent_of"", ""He""], [""Mattie_Lee_Moss"", ""parent_of"", ""He""]]","[[""Daniel"", ""originally_from"", ""Gainesville""], [""Mattie_Lee_Moss"", ""originally_from"", ""Bahamas""], [""Daniel"", ""parent_of"", ""He""], [""Mattie_Lee_Moss"", ""parent_of"", ""He""]]",1.0,1.0,1.0,1.0,1.0,0.9999999985269308,0.9999999986742377,0.9999999988215447,0.9999999989688515,0.9999999991161584,0.9999999992634654,0.9999999994107723,0.9999999995580793,0.9999999997053861,0.9999999998526931,1.0,1.0,0.9999999880187378
176,The People 's Armed Forces for the Liberation of Angola ( FAPLA ) and Cuban troops took the town on 1 February 1976 during the Angolan Civil War .,"The People 's Army for the Liberation of Angola ( FAPLA ) and Angolan troops took the city on February 1 , 1976 during the Cuban civil war .","[[""FAPLA"", ""took"", ""town""], [""FAPLA"", ""allied_with"", ""Cuban_troops""], [""town"", ""location_of_battle"", ""Angolan_Civil_War""], [""Angolan_Civil_War"", ""started_on"", ""1_February_1976""], [""FAPLA"", ""fought_in"", ""Angolan_Civil_War""], [""Cuban_troops"", ""fought_in"", ""Angolan_Civil_War""]]","[[""FAPLA"", ""took"", ""city""], [""FAPLA"", ""allied_with"", ""Angolan_troops""], [""city"", ""location_of_battle"", ""Cuban_civil_war""], [""Cuban_civil_war"", ""started_on"", ""1_February_1976""], [""FAPLA"", ""fought_in"", ""Cuban_civil_war""], [""Angolan_troops"", ""fought_in"", ""Cuban_civil_war""]]",0.3,0.0,0.6514506936073303,0.23333333333333334,0.3,0.8760761953971298,0.8184685758574168,0.7608609563177038,0.7032533367779907,0.6456457172382778,0.5880380976985649,0.5304304781588519,0.472822858619139,0.4152152390794259,0.357607619539713,0.3,0.8335251737666663,0.9117249749633365
177,Göttsche received international acclaim with his formula for the generating function for the Hilbert numbers of the Betti scheme of points on an algebraic surface :,"With his formula for the creating function for the Hilbert - numbers of the betti scheme of points on an algebraic surface , Göttsche received international recognition :","[[""Göttsche"", ""received_acclaim_with"", ""formula""], [""formula"", ""is_for"", ""generating_function""], [""generating_function"", ""is_for"", ""Hilbert_numbers""], [""Hilbert_numbers"", ""are_of"", ""Betti_scheme""], [""Betti_scheme"", ""is_of"", ""points""], [""points"", ""are_on"", ""algebraic_surface""]]","[[""Göttsche"", ""received_recognition_with"", ""formula""], [""formula"", ""is_for"", ""creating_function""], [""creating_function"", ""is_for"", ""Hilbert_numbers""], [""Hilbert_numbers"", ""are_of"", ""Betti_scheme""], [""Betti_scheme"", ""is_of"", ""points""], [""points"", ""are_on"", ""algebraic_surface""]]",1.0,0.9629712104797363,0.9655687808990479,0.6428571428571429,1.0,0.9878738934909683,0.9890865041418715,0.9902991147927747,0.9915117254436778,0.992724336094581,0.9939369467454842,0.9951495573963873,0.9963621680472905,0.9975747786981937,0.9987873893490968,1.0,0.9746158538729737,0.9123259097863325
178,"After a brief conversation , Peter Bavasi made it clear to Hardy that Mattick would not be fired this way .","After a brief conversation , Hardy made it clear to Peter Bavasi that Mattick would not be fired in this way .","[[""Peter_Bavasi"", ""made_it_clear_to"", ""Hardy""], [""Mattick"", ""would_not_be_fired"", ""in_this_way""]]","[[""Hardy"", ""made_it_clear_to"", ""Peter_Bavasi""], [""Mattick"", ""would_not_be_fired"", ""in_this_way""]]",0.5833333333333334,1.0,0.9999998807907104,0.5833333333333334,0.5833333333333334,0.9944560759849282,0.9533438017197687,0.9122315274546093,0.8711192531894498,0.8300069789242903,0.7888947046591308,0.7477824303939713,0.7066701561288118,0.6655578818636523,0.6244456075984928,0.5833333333333334,0.9965205610408444,0.99690818790194
179,"Because DFAs can be reduced to `` canonical form '' ( efficient DFAs ) , there are also minimal algorithms to determine :","Because DFAs can be reduced to `` canonical form '' ( minimal DFAs ) , there are also efficient algorithms to determine :","[[""DFAs"", ""can_be_reduced_to"", ""canonical_form""], [""canonical_form"", ""are"", ""efficient_DFAs""], [""efficient_DFAs"", ""have"", ""minimal_algorithms""]]","[[""DFAs"", ""can_be_reduced_to"", ""canonical_form""], [""canonical_form"", ""are"", ""minimal_DFAs""], [""minimal_DFAs"", ""have"", ""efficient_algorithms""]]",1.0,0.45259779691696167,0.6266834735870361,0.125,0.40032038451271784,0.973461754052517,0.9161476170985371,0.8588334801445572,0.8015193431905773,0.7442052062365974,0.6868910692826175,0.6295769323286375,0.5722627953746576,0.5149486584206777,0.4576345214666977,0.40032038451271784,0.9404634826325446,0.98378074327306
180,"Among their children were Thomas Weaver , a member of the Assembly , and Richard Weaver , a member of the Assembly and the Wisconsin State Senate .","Among their children were Richard Weaver , a member of the Assembly , and Thomas Weaver , a member of the Assembly and of the Wisconsin State Senate .","[[""Thomas_Weaver"", ""child_of"", ""Weaver_Parents""], [""Thomas_Weaver"", ""member_of"", ""Assembly""], [""Richard_Weaver"", ""child_of"", ""Weaver_Parents""], [""Richard_Weaver"", ""member_of"", ""Assembly""], [""Richard_Weaver"", ""member_of"", ""Wisconsin_State_Senate""]]","[[""Richard_Weaver"", ""child_of"", ""Weaver_Parents""], [""Richard_Weaver"", ""member_of"", ""Assembly""], [""Thomas_Weaver"", ""child_of"", ""Weaver_Parents""], [""Thomas_Weaver"", ""member_of"", ""Assembly""], [""Thomas_Weaver"", ""member_of"", ""Wisconsin_State_Senate""]]",1.0,1.0,1.0,0.3333333333333333,0.4,0.9981824471446048,0.9383642024301444,0.878545957715684,0.8187277130012233,0.7589094682867629,0.6990912235723024,0.639272978857842,0.5794547341433814,0.5196364894289209,0.45981824471446053,0.4,0.9967247117143856,0.8727460975775337
181,"Chetrit lives in New York City . He teaches Hebrew language , literature and culture , and Middle Eastern studies at Queens College in Flushing , New York .","He lives in New York City , he teaches language , literature , culture and Hebrew and studies at Queens College in Flushing , New York .","[[""Chetrit"", ""lives_in"", ""New_York_City""], [""Chetrit"", ""teaches_at"", ""Queens_College""], [""Queens_College"", ""location"", ""Flushing""], [""Chetrit"", ""teaches"", ""Hebrew_language""], [""Chetrit"", ""teaches"", ""literature""], [""Chetrit"", ""teaches"", ""culture""], [""Chetrit"", ""teaches"", ""Middle_Eastern_studies""]]",[],,,,,,,,,,,,,,,,,,
182,"Another Marston company product line started in 1931 , with marine outboard engines first marketed as Marston Seagull , later known as British Seagull .","Another Marston Company product line started in 1931 , with Marine - outboard engines first as Marston Seagull , later marketed as British Seagull .","[[""Marston"", ""started_product_line_in"", ""1931""], [""Marston"", ""created"", ""Marston_Seagull""], [""Marston_Seagull"", ""later_known_as"", ""British_Seagull""], [""Marston_Seagull"", ""instance_of"", ""marine_outboard_engines""]]","[[""Marston_Company"", ""started_product_line_in"", ""1931""], [""Marston_Company"", ""created"", ""Marston_Seagull""], [""Marston_Seagull"", ""later_marketed_as"", ""British_Seagull""], [""Marston_Seagull"", ""instance_of"", ""Marine_outboard_engines""]]",1.0,0.9789437651634216,0.9270663261413574,0.8,1.0,0.9682992416791042,0.9714693175111938,0.9746393933432833,0.9778094691753729,0.9809795450074625,0.9841496208395522,0.9873196966716417,0.9904897725037313,0.9936598483358208,0.9968299241679104,1.0,0.9492442702253425,0.9469563599231103
183,Grégoire was born in Lunéville near Vého as the son of a tailor .,"Grégoire was born in Vého near Lunéville , the son of a tailor .","[[""Grégoire"", ""born_in"", ""Lunéville""], [""Lunéville"", ""near"", ""Vého""], [""Grégoire"", ""son_of"", ""tailor""]]","[[""Grégoire"", ""born_in"", ""Vého""], [""Vého"", ""near"", ""Lunéville""], [""Grégoire"", ""son_of"", ""tailor""]]",0.375,0.9999998807907104,1.0,0.375,0.375,0.9193834107396766,0.8649450696657089,0.8105067285917413,0.7560683875177736,0.7016300464438059,0.6471917053698383,0.5927533642958707,0.5383150232219029,0.48387668214793533,0.42943834107396767,0.375,0.9480541895637737,0.9509893574283632
184,"On 28 February 2011 , Mikko Lehtonen of the Bruins was traded with Anton Khudobin to the Minnesota Wild in exchange for Penner .","On February 28 , 2011 , Penner was traded by the Bruins along with Mikko Lehtonen to the Minnesota Wild in exchange for Anton Khudobin .","[[""Mikko_Lehtonen"", ""traded_with"", ""Anton_Khudobin""], [""Mikko_Lehtonen"", ""traded_from"", ""Bruins""], [""Mikko_Lehtonen"", ""traded_to"", ""Minnesota_Wild""], [""Anton_Khudobin"", ""traded_to"", ""Bruins""], [""Penner"", ""traded_to"", ""Bruins""], [""Penner"", ""traded_from"", ""Minnesota_Wild""]]","[[""Penner"", ""traded_from"", ""Minnesota_Wild""], [""Penner"", ""traded_to"", ""Bruins""], [""Mikko_Lehtonen"", ""traded_from"", ""Bruins""], [""Mikko_Lehtonen"", ""traded_to"", ""Minnesota_Wild""], [""Anton_Khudobin"", ""traded_from"", ""Minnesota_Wild""], [""Anton_Khudobin"", ""traded_to"", ""Bruins""]]",0.5,1.0,1.0,0.16666666666666666,0.5,0.9917360575658549,0.9425624518092695,0.893388846052684,0.8442152402960984,0.795041634539513,0.7458680287829275,0.696694423026342,0.6475208172697565,0.5983472115131709,0.5491736057565855,0.5,0.9887711225391701,0.9659035252661995
185,"It borders the Bundeskämme of Edmonton Centre , Edmonton Griesbach , Sherwood Park -- Fort Saskatchewan , Edmonton Mill Woods and Edmonton Riverbend .","It borders on the federal ridings of Edmonton Centre , Edmonton Griesbach , Sherwood Park -- Fort Saskatchewan , Edmonton Mill Woods , and Edmonton Riverbend .","[[""It"", ""borders"", ""Edmonton_Centre""], [""It"", ""borders"", ""Edmonton_Griesbach""], [""It"", ""borders"", ""Sherwood_Park_Fort_Saskatchewan""], [""It"", ""borders"", ""Edmonton_Mill_Woods""], [""It"", ""borders"", ""Edmonton_Riverbend""]]","[[""It"", ""borders"", ""Edmonton_Centre""], [""It"", ""borders"", ""Edmonton_Griesbach""], [""It"", ""borders"", ""Sherwood_Park_Fort_Saskatchewan""], [""It"", ""borders"", ""Edmonton_Mill_Woods""], [""It"", ""borders"", ""Edmonton_Riverbend""]]",1.0,0.9999998807907104,0.9999998807907104,1.0,1.0,0.9999999988352266,0.999999998951704,0.9999999990681814,0.9999999991846587,0.9999999993011359,0.9999999994176133,0.9999999995340907,0.999999999650568,0.9999999997670453,0.9999999998835226,1.0,0.9999999880790711,1.0
186,He finished 11th in the Sandown 500 with Tony Longhurst and 13th in the Bathurst 1000 with Nathan Pretty .,He won the 11th place in the Sandown 500 with Tony Longhurst and 13th with Nathan Pretty in the Bathurst 1000 .,"[[""He"", ""finished_in"", ""11th""], [""He"", ""finished_with"", ""Tony_Longhurst""], [""He"", ""raced_in"", ""Sandown_500""], [""He"", ""finished_in"", ""13th""], [""He"", ""finished_with"", ""Nathan_Pretty""], [""He"", ""raced_in"", ""Bathurst_1000""]]","[[""He"", ""won"", ""11th_place""], [""He"", ""won_with"", ""Tony_Longhurst""], [""He"", ""raced_in"", ""Sandown_500""], [""He"", ""won"", ""13th_place""], [""He"", ""won_with"", ""Nathan_Pretty""], [""He"", ""raced_in"", ""Bathurst_1000""]]",1.0,0.1343776434659958,0.6881131529808044,0.5952380952380952,1.0,0.9286389281629862,0.9357750353466876,0.9429111425303891,0.9500472497140904,0.9571833568977918,0.9643194640814932,0.9714555712651944,0.9785916784488959,0.9857277856325972,0.9928638928162986,1.0,0.8694685965055713,0.8768912156339811
187,"It is located at 142 South Rexford Drive in Beverly Hills . It stands opposite the First Church of Christ , Scientist , Beverly Hills , California .","It is located at 142 South Rexford Drive in Beverly Hills , opposite the First Church of Christ , Scientists , Beverly Hills , California .","[[""It"", ""location"", ""142_South_Rexford_Drive""], [""It"", ""location"", ""Beverly_Hills""], [""It"", ""opposite"", ""First_Church_of_Christ_Scientist""], [""First_Church_of_Christ_Scientist"", ""location"", ""Beverly_Hills""], [""First_Church_of_Christ_Scientist"", ""location"", ""California""]]","[[""It"", ""location"", ""142_South_Rexford_Drive""], [""It"", ""location"", ""Beverly_Hills""], [""It"", ""opposite"", ""First_Church_of_Christ_Scientists""], [""First_Church_of_Christ_Scientists"", ""location"", ""Beverly_Hills""], [""First_Church_of_Christ_Scientists"", ""location"", ""California""]]",1.0,0.976701557636261,0.9541723728179932,0.4666666666666667,1.0,0.9911322204341975,0.9920189983907777,0.9929057763473581,0.9937925543039381,0.9946793322605185,0.9955661102170987,0.9964528881736789,0.9973396661302593,0.9982264440868395,0.9991132220434198,1.0,0.9921450067075808,0.9933455971398267
188,"On September 15 , 2015 , Johnson signed with Romanian team SCM CSU Craiova . On July 17 , 2016 , Johnson signed with Polish team Stal Ostrów Wielkopolski .","On September 15 , 2015 , Johnson signed with the Romanian team SCM CSU Craiova , Johnson signed with the Polish team Stal Ostrów Wielkopolski on July 17 , 2016 .","[[""Johnson"", ""signed_with"", ""SCM_CSU_Craiova""], [""Johnson"", ""signed_with"", ""Stal_Ostrów_Wielkopolski""], [""SCM_CSU_Craiova"", ""country"", ""Romania""], [""Stal_Ostrów_Wielkopolski"", ""country"", ""Poland""]]","[[""Johnson"", ""signed_with"", ""SCM_CSU_Craiova""], [""Johnson"", ""signed_with"", ""Stal_Ostrów_Wielkopolski""], [""SCM_CSU_Craiova"", ""country"", ""Romania""], [""Stal_Ostrów_Wielkopolski"", ""country"", ""Poland""]]",1.0,1.0,1.0,1.0,1.0,0.9999999983347242,0.9999999985012518,0.9999999986677794,0.9999999988343069,0.9999999990008345,0.999999999167362,0.9999999993338897,0.9999999995004172,0.9999999996669449,0.9999999998334724,1.0,0.999999977350235,0.9999999884357799
189,"In the early years , KETS was associated with PBS , the forerunner of current national educational television .","In the early years , KETS was connected with National Educational Television , the forerunner of the current PBS .","[[""KETS"", ""associated_with"", ""PBS""], [""PBS"", ""is_forerunner_of"", ""national_educational_television""]]","[[""KETS"", ""connected_with"", ""National_Educational_Television""], [""National_Educational_Television"", ""is_forerunner_of"", ""PBS""]]",0.16666666666666666,1.0,1.0,0.16666666666666666,0.16666666666666666,0.8841637132256461,0.8124140085697482,0.7406643039138503,0.6689145992579523,0.5971648946020544,0.5254151899461564,0.45366548529025846,0.38191578063436055,0.3101660759784625,0.2384163713225646,0.16666666666666666,0.880612139904682,0.8427433274957066
190,"In the original version of the game , magic-user was one of the base character classes .",Magic-user was one of the original character classes in the basic version of the game .,"[[""magic-user"", ""is"", ""base_character_class""], [""magic-user"", ""is_one_of"", ""base_character_classes""], [""base_character_classes"", ""are_in"", ""original_version_of_the_game""]]","[[""magic-user"", ""is"", ""original_character_class""], [""magic-user"", ""is_one_of"", ""original_character_classes""], [""original_character_classes"", ""are_in"", ""basic_version_of_the_game""]]",1.0,0.09265200048685074,0.39566898345947266,0.041666666666666664,0.560448538317805,0.8833082450537891,0.8510222743801907,0.8187363037065923,0.7864503330329938,0.7541643623593954,0.721878391685797,0.6895924210121986,0.6573064503386002,0.6250204796650017,0.5927345089914033,0.560448538317805,0.8873089634455268,0.9675989017924538
191,The multi-scale geometric analysis or geometric multiscale analysis is an emerging area of high-dimensional signal processing and data analysis .,Dimensional geometric analysis or geometric multiscale analysis is an emerging area of multiscale-high signal processing and data analysis .,"[[""multi-scale_geometric_analysis"", ""is"", ""emerging_area""], [""multi-scale_geometric_analysis"", ""instance_of"", ""high-dimensional_signal_processing""], [""multi-scale_geometric_analysis"", ""instance_of"", ""data_analysis""], [""geometric_multiscale_analysis"", ""is"", ""multi-scale_geometric_analysis""]]","[[""dimensional_geometric_analysis"", ""is"", ""emerging_area""], [""dimensional_geometric_analysis"", ""instance_of"", ""multiscale-high_signal_processing""], [""dimensional_geometric_analysis"", ""instance_of"", ""data_analysis""], [""geometric_multiscale_analysis"", ""is"", ""dimensional_geometric_analysis""]]",1.0,0.057422440499067307,0.6882573366165161,0.6,0.8068715304598785,0.9225035216380667,0.9109403225202479,0.899377123402429,0.8878139242846101,0.8762507251667915,0.8646875260489726,0.8531243269311537,0.8415611278133349,0.8299979286955161,0.8184347295776973,0.8068715304598785,0.9300085332310337,0.9282627643963137
192,"The US 9 leads to Cape May -- Lewes Ferry , which crosses the Delaware Bay to Lewes , Delaware .","US 9 leads to the Cape May -- Lewes Ferry , which heads across the Delaware Bay to Lewes , Delaware .","[[""US_9"", ""leads_to"", ""Cape_May_Lewes_Ferry""], [""Cape_May_Lewes_Ferry"", ""crosses"", ""Delaware_Bay""], [""Cape_May_Lewes_Ferry"", ""goes_to"", ""Lewes""], [""Lewes"", ""location"", ""Delaware""]]","[[""US_9"", ""leads_to"", ""Cape_May_Lewes_Ferry""], [""Cape_May_Lewes_Ferry"", ""crosses"", ""Delaware_Bay""], [""Cape_May_Lewes_Ferry"", ""goes_to"", ""Lewes""], [""Lewes"", ""location"", ""Delaware""]]",1.0,1.0,0.9999998807907104,1.0,1.0,0.9999999987989004,0.9999999989190104,0.9999999990391204,0.9999999991592303,0.9999999992793402,0.9999999993994502,0.9999999995195602,0.9999999996396701,0.9999999997597802,0.9999999998798901,1.0,1.0,0.9999999891330386
193,"She is a member of the Nehru -- Gandhi family , the second of the three daughters born by Jawaharlal Nehru 's sister , Vijaya Lakshmi Pandit .","She is a member of the Nehru-Gandhi family , the second of the three daughters born to Vijaya Lakshmi Pandit 's sister , Jawaharlal Nehru .","[[""She"", ""is_member_of"", ""Nehru_Gandhi_family""], [""She"", ""is_daughter_of"", ""Vijaya_Lakshmi_Pandit""], [""Vijaya_Lakshmi_Pandit"", ""is_sister_of"", ""Jawaharlal_Nehru""]]","[[""She"", ""is_member_of"", ""Nehru_Gandhi_family""], [""She"", ""is_daughter_of"", ""Jawaharlal_Nehru""], [""Jawaharlal_Nehru"", ""is_sister_of"", ""Vijaya_Lakshmi_Pandit""]]",0.375,0.9999998211860657,1.0,0.375,0.375,0.9674296686021232,0.9081867017419109,0.8489437348816986,0.7897007680214863,0.7304578011612739,0.6712148343010615,0.6119718674408493,0.552728900580637,0.49348593372042465,0.43424296686021235,0.375,0.9663053112390255,0.9776817685252405
194,"A total of 16 teams participated , but only 13 teams qualified in the finals of the Olympic tournament .","In total , 16 teams participated , but only 13 teams qualified for the finals of the Olympic tournament .","[[""16_teams"", ""participated_in"", ""Olympic_tournament""], [""13_teams"", ""qualified_for"", ""Olympic_tournament_finals""]]","[[""16_teams"", ""participated_in"", ""Olympic_tournament""], [""13_teams"", ""qualified_for"", ""Olympic_tournament_finals""]]",1.0,1.0,1.0,1.0,1.0,1.0,1.0,1.0,1.0,1.0,1.0,1.0,1.0,1.0,1.0,1.0,0.9999999895691871,0.9999999910860828
195,"Alfred Barton Brady was a government architect and Thomas Pye , deputy government architect .","Alfred Barton Brady was Government Architect and Thomas Pye , Deputy Government Architect .","[[""Alfred_Barton_Brady"", ""was"", ""government_architect""], [""Thomas_Pye"", ""was"", ""deputy_government_architect""]]","[[""Alfred_Barton_Brady"", ""was"", ""Government_Architect""], [""Thomas_Pye"", ""was"", ""Deputy_Government_Architect""]]",1.0,1.0,0.9999999403953552,1.0,1.0,0.9999999990018368,0.999999999101653,0.9999999992014694,0.9999999993012858,0.9999999994011021,0.9999999995009183,0.9999999996007347,0.9999999997005511,0.9999999998003674,0.9999999999001836,1.0,0.9999999687075615,1.0
196,"Pennypacker , born in Pennsylvania , moved shortly after the turn of the twentieth century to New York City before moving to Southampton , New York , on Long Island .","Born in Pennsylvania , Pennypacker moved to New York City a little after the turn of the 20th century before moving to Southampton , New York on Long Island .","[[""Pennypacker"", ""born_in"", ""Pennsylvania""], [""Pennypacker"", ""moved_to"", ""New_York_City""], [""Pennypacker"", ""moved_to"", ""Southampton_New_York""], [""Southampton_New_York"", ""location"", ""Long_Island""]]","[[""Pennypacker"", ""born_in"", ""Pennsylvania""], [""Pennypacker"", ""moved_to"", ""New_York_City""], [""Pennypacker"", ""moved_to"", ""Southampton_New_York""], [""Southampton_New_York"", ""location"", ""Long_Island""]]",1.0,0.9999999403953552,1.0,1.0,1.0,0.999999931295386,0.9999999381658474,0.9999999450363088,0.9999999519067702,0.9999999587772316,0.999999965647693,0.9999999725181544,0.9999999793886158,0.9999999862590772,0.9999999931295386,1.0,1.0,0.9999999888302085
197,"The dividends have increased the real `` total '' return on average equity to the double , about 3.2 % .","The dividends increased the real `` total return '' of the average equity to double , about 3.2 % .","[[""dividends"", ""increased"", ""real_total_return""], [""real_total_return"", ""of"", ""average_equity""], [""average_equity"", ""has"", ""double""], [""double"", ""is"", ""3.2%""]]","[[""dividends"", ""increased"", ""real_total_return""], [""real_total_return"", ""of"", ""average_equity""], [""average_equity"", ""has"", ""double""], [""double"", ""is"", ""3.2%""]]",1.0,0.9999998211860657,0.9999998807907104,1.0,1.0,1.0,1.0,1.0,1.0,1.0,1.0,1.0,1.0,1.0,1.0,1.0,0.9999999994039536,0.9999999856339893
198,I 'm Swiss ( and other Treasonous Statements ) is the seventh HBO special by comedian Bill Maher .,I am a Swiss ( and other treasonous statements ) is the seventh HBO - Special by Comedian Bill Maher .,"[[""I_m_Swiss"", ""is"", ""HBO_special""], [""I_m_Swiss"", ""created_by"", ""Bill_Maher""], [""Bill_Maher"", ""is"", ""comedian""]]","[[""I_am_a_Swiss"", ""is"", ""HBO_Special""], [""I_am_a_Swiss"", ""created_by"", ""Bill_Maher""], [""Bill_Maher"", ""is"", ""Comedian""]]",1.0,0.95217365026474,0.8906740546226501,0.75,1.0,0.9897855136839705,0.9908069623155734,0.9918284109471764,0.9928498595787794,0.9938713082103823,0.9948927568419852,0.9959142054735882,0.9969356541051911,0.9979571027367942,0.9989785513683971,1.0,0.9907819982800026,0.9886673685015026
199,"They later moved to Whitefish Bay , Wisconsin , and then to New York City .","Later they moved to Whitefish Bay , Wisconsin , and then to New York City .","[[""They"", ""moved_to"", ""Whitefish_Bay""], [""They"", ""moved_to"", ""Wisconsin""], [""They"", ""moved_to"", ""New_York_City""]]","[[""They"", ""moved_to"", ""Whitefish_Bay""], [""They"", ""moved_to"", ""Wisconsin""], [""They"", ""moved_to"", ""New_York_City""]]",1.0,1.0,0.9999999403953552,1.0,1.0,1.0,1.0,1.0,1.0,1.0,1.0,1.0,1.0,1.0,1.0,1.0,1.0,0.9999999910254866
200,"The modern scientific or polite words `` vulva '' and `` vagina '' both stem from Latin , but originally they had different meanings .","The different words '' Vulva `` and '' Vagina `` are both from Latin , but originally they had modern scientific or polite meanings .","[[""Vulva"", ""stem_from"", ""Latin""], [""Vagina"", ""stem_from"", ""Latin""], [""Vulva"", ""had_different_meaning"", ""Vagina""]]","[[""Vulva"", ""are_from"", ""Latin""], [""Vagina"", ""are_from"", ""Latin""], [""Vulva"", ""had_different_meaning"", ""Vagina""]]",1.0,0.9999998807907104,0.9999999403953552,1.0,1.0,0.9065318168107845,0.9158786351297061,0.9252254534486277,0.9345722717675491,0.9439190900864707,0.9532659084053923,0.9626127267243139,0.9719595450432353,0.9813063633621569,0.9906531816810784,1.0,0.8836033879348,0.9070283530204474
201,Their skin also secretes chemicals that are poisonous and sometimes harmful to predators .,"Also , their skin secretes chemicals that are poisonous , and sometimes distasteful , to predators .","[[""Their_skin"", ""secretes"", ""chemicals""], [""chemicals"", ""are"", ""poisonous""], [""chemicals"", ""are_harmful_to"", ""predators""]]","[[""Their_skin"", ""secretes"", ""chemicals""], [""chemicals"", ""are"", ""poisonous""], [""chemicals"", ""are_distasteful_to"", ""predators""]]",1.0,1.0,1.0,1.0,1.0,0.9811836772377731,0.9830653095139958,0.9849469417902186,0.9868285740664411,0.9887102063426638,0.9905918386188866,0.9924734708951093,0.9943551031713319,0.9962367354475546,0.9981183677237773,1.0,0.950379842490064,0.9600504523079062
202,Herman Johannes married Annie Marie Gilbertine Amalo in 1955 .,"In 1955 , Johannes Herman Johannes married Annie Marie Gilbertine Amalo .","[[""Herman_Johannes"", ""married"", ""Annie_Marie_Gilbertine_Amalo""], [""Herman_Johannes"", ""married_in"", ""1955""]]","[[""Johannes_Herman_Johannes"", ""married"", ""Annie_Marie_Gilbertine_Amalo""], [""Johannes_Herman_Johannes"", ""married_in"", ""1955""]]",1.0,0.9713664650917053,0.9039527773857117,0.6666666666666666,1.0,0.9516192478832534,0.956457323094928,0.9612953983066028,0.9661334735182774,0.9709715487299521,0.9758096239416267,0.9806476991533013,0.9854857743649761,0.9903238495766506,0.9951619247883253,1.0,0.9615179433111616,0.9842801197360846
203,"The Athelas Sinfonietta Copenhagen is a Copenhagen-based , Danish chamber ensemble specializing in performing modern compositions .","Athelas Sinfonietta Copenhagen is a Copenhagen-based , Danish chamber ensemble specializing in the performance of modern compositions .","[[""Athelas_Sinfonietta_Copenhagen"", ""is"", ""chamber_ensemble""], [""Athelas_Sinfonietta_Copenhagen"", ""based_in"", ""Copenhagen""], [""Athelas_Sinfonietta_Copenhagen"", ""specializes_in"", ""modern_compositions""], [""Athelas_Sinfonietta_Copenhagen"", ""is"", ""Danish""]]","[[""Athelas_Sinfonietta_Copenhagen"", ""is"", ""chamber_ensemble""], [""Athelas_Sinfonietta_Copenhagen"", ""based_in"", ""Copenhagen""], [""Athelas_Sinfonietta_Copenhagen"", ""specializes_in"", ""modern_compositions""], [""Athelas_Sinfonietta_Copenhagen"", ""is"", ""Danish""]]",1.0,1.0,1.0,1.0,1.0,0.9999999987797249,0.9999999989017524,0.99999999902378,0.9999999991458073,0.9999999992678349,0.9999999993898625,0.99999999951189,0.9999999996339175,0.999999999755945,0.9999999998779725,1.0,0.999999930858605,1.0
204,"A native of what would be the province of Manitoba , May moved to Ontario soon after completing the education in his hometown .","A native of what would become the province of Manitoba , May moved to Ontario soon after completing education in his hometown .","[[""May"", ""native_of"", ""Manitoba""], [""May"", ""moved_to"", ""Ontario""], [""May"", ""completed_education_in"", ""hometown""]]","[[""May"", ""native_of"", ""Manitoba""], [""May"", ""moved_to"", ""Ontario""], [""May"", ""completed_education_in"", ""hometown""]]",1.0,1.0,0.9999999403953552,1.0,1.0,0.9999999326481337,0.9999999393833203,0.999999946118507,0.9999999528536936,0.9999999595888802,0.9999999663240668,0.9999999730592535,0.9999999797944401,0.9999999865296267,0.9999999932648134,1.0,1.0,0.999999965213828
205,"In October 1989 , Freud performed at the same theatre in `` Nuts ( Homage to Langland ) '' .","In October 1989 , Langland performed at the same theatre in `` Nuts ( Homage to Freud ) '' .","[[""Freud"", ""performed_at"", ""theatre""], [""Freud"", ""performed_in"", ""Nuts_(Homage_to_Langland)""], [""Nuts_(Homage_to_Langland)"", ""homage_to"", ""Langland""]]","[[""Langland"", ""performed_at"", ""theatre""], [""Langland"", ""performed_in"", ""Nuts_(Homage_to_Freud)""], [""Nuts_(Homage_to_Freud)"", ""homage_to"", ""Freud""]]",0.375,0.9622943997383118,0.7972302436828613,0.3333333333333333,0.375,0.9559292549316651,0.8978363294384987,0.8397434039453322,0.7816504784521656,0.723557552958999,0.6654646274658326,0.6073717019726661,0.5492787764794995,0.49118585098633305,0.4330929254931665,0.375,0.8681014796803084,0.8848766603281821
206,"The South / Kazai government was supported by another new mining company , which received concessions from the Belgian state in exchange for financial support .","The South Kasai government was supported by , another Belgian mining company , which received concessions from the new state in return for financial support .","[[""South_Kazai_government"", ""was_supported_by"", ""new_mining_company""], [""new_mining_company"", ""received_concessions_from"", ""Belgian_state""], [""new_mining_company"", ""exchanged_for"", ""financial_support""], [""Belgian_state"", ""provided"", ""financial_support""]]","[[""South_Kasai_government"", ""was_supported_by"", ""Belgian_mining_company""], [""Belgian_mining_company"", ""received_concessions_from"", ""new_state""], [""Belgian_mining_company"", ""exchanged_for"", ""financial_support""], [""new_state"", ""provided"", ""financial_support""]]",0.375,0.0,0.32896673679351807,0.25,0.375,0.9504854986973856,0.8929369488276471,0.8353883989579085,0.7778398490881699,0.7202912992184314,0.6627427493486928,0.6051941994789543,0.5476456496092157,0.4900970997394771,0.43254854986973856,0.375,0.8189704656042203,0.8544645778720793
207,"From 1888 to 1913 , he was chairman of the Highfields Divisional Board and , from 1915 to 1917 , Chairman of the Highfields Shire Council .","From 1888 to 1913 , he was chairman of the Highfields Shire Council and , from 1915 to 1917 , Chairman of the Highfields Divisional Board .","[[""Chairman"", ""was_chairman_of"", ""Highfields_Divisional_Board""], [""Highfields_Divisional_Board"", ""term_started"", ""1888""], [""Highfields_Divisional_Board"", ""term_ended"", ""1913""], [""Chairman"", ""was_Chairman_of"", ""Highfields_Shire_Council""], [""Highfields_Shire_Council"", ""term_started"", ""1915""], [""Highfields_Shire_Council"", ""term_ended"", ""1917""]]","[[""Chairman"", ""was_chairman_of"", ""Highfields_Shire_Council""], [""Highfields_Shire_Council"", ""term_started"", ""1888""], [""Highfields_Shire_Council"", ""term_ended"", ""1913""], [""Chairman"", ""was_Chairman_of"", ""Highfields_Divisional_Board""], [""Highfields_Divisional_Board"", ""term_started"", ""1915""], [""Highfields_Divisional_Board"", ""term_ended"", ""1917""]]",1.0,1.0,0.9999999403953552,0.6666666666666666,0.6666666666666666,0.9992302249701749,0.9659738691398241,0.9327175133094733,0.8994611574791224,0.8662048016487716,0.8329484458184208,0.79969208998807,0.7664357341577192,0.7331793783273682,0.6999230224970174,0.6666666666666666,0.9736018785976722,0.9455463513793427
208,The Edmonton Oilers became the first National Hockey League team in Alberta when they were absorbed by the NHL than the WHA Fold .,The Edmonton Oilers became the first National Hockey League team in Alberta as they were absorbed by the NHL when the WHA folded .,"[[""Edmonton_Oilers"", ""became"", ""first_NHL_team_in_Alberta""], [""Edmonton_Oilers"", ""absorbed_by"", ""NHL""]]","[[""Edmonton_Oilers"", ""became"", ""first_NHL_team_in_Alberta""], [""Edmonton_Oilers"", ""absorbed_by"", ""NHL""]]",1.0,1.0,0.9999999403953552,1.0,1.0,0.9999998979312571,0.9999999081381313,0.9999999183450057,0.9999999285518799,0.9999999387587543,0.9999999489656286,0.9999999591725028,0.9999999693793771,0.9999999795862514,0.9999999897931258,1.0,0.9999999821186065,1.0
209,"A large carnival offers '' chirigotas '' , costumed groups that sing in a humorous way of current events .","A costumed carnival showing `` chirigotas '' , large groups that sing in a humorous way of current events .","[[""carnival"", ""offers"", ""chirigotas""], [""chirigotas"", ""are"", ""costumed_groups""], [""chirigotas"", ""sing_about"", ""current_events""]]","[[""carnival"", ""shows"", ""chirigotas""], [""chirigotas"", ""are"", ""costumed_groups""], [""chirigotas"", ""sing_about"", ""current_events""]]",1.0,0.9999999403953552,1.0,1.0,1.0,0.9866116487512947,0.9879504838761652,0.9892893190010359,0.9906281541259063,0.9919669892507769,0.9933058243756474,0.9946446595005178,0.9959834946253885,0.9973223297502589,0.9986611648751295,1.0,0.9466719212489433,0.9689513557100311
210,"Traditionally , Drumgoon has always worn a yellow jersey , shorts and socks with a blue trim .","Traditionally Drumgoon have always worn a yellow jersey , shorts and socks with a blue trim .","[[""Drumgoon"", ""worn"", ""yellow_jersey""], [""Drumgoon"", ""worn"", ""yellow_shorts""], [""Drumgoon"", ""worn"", ""yellow_socks""], [""yellow_jersey"", ""has_trim"", ""blue""], [""yellow_shorts"", ""has_trim"", ""blue""], [""yellow_socks"", ""has_trim"", ""blue""]]","[[""Drumgoon"", ""worn"", ""yellow_jersey""], [""Drumgoon"", ""worn"", ""yellow_shorts""], [""Drumgoon"", ""worn"", ""yellow_socks""], [""yellow_jersey"", ""has_trim"", ""blue""], [""yellow_shorts"", ""has_trim"", ""blue""], [""yellow_socks"", ""has_trim"", ""blue""]]",1.0,1.0,1.0,1.0,1.0,0.9999999987133005,0.9999999988419704,0.9999999989706405,0.9999999990993103,0.9999999992279803,0.9999999993566502,0.9999999994853201,0.9999999996139901,0.9999999997426601,0.99999999987133,1.0,0.9999999725818635,0.9999999425854278
211,"In 1776 , the Salem Militia used Charlotte County and White Creek as its bases .",The Charlotte County and White Creek militia used Salem as its base in 1776 .,"[[""Salem_Militia"", ""used_as_base"", ""Charlotte_County""], [""Salem_Militia"", ""used_as_base"", ""White_Creek""]]","[[""Charlotte_County_and_White_Creek_militia"", ""used_as_base"", ""Salem""], [""Charlotte_County_and_White_Creek_militia"", ""active_in"", ""1776""]]",0.13608276348795434,0.0,0.0,0.0,0.13608276348795434,0.9656824706426347,0.8827224999271667,0.7997625292116987,0.7168025584962305,0.6338425877807625,0.5508826170652945,0.4679226463498265,0.3849626756343585,0.30200270491889036,0.21904273420342235,0.13608276348795434,0.8605235148723649,0.8526791361567838
212,It was also recorded by the Royal Canadians and their Guy Lombardo Orchestra and the vocal group The Three Suns in the United States .,It was also recorded by Guy Lombardo and His Royal Canadians Orchestra and the vocal group The Three Suns in the United States .,"[[""Royal_Canadians"", ""recorded_with"", ""Guy_Lombardo_Orchestra""], [""Royal_Canadians"", ""recorded_with"", ""The_Three_Suns""], [""Guy_Lombardo_Orchestra"", ""location"", ""United_States""], [""The_Three_Suns"", ""location"", ""United_States""]]","[[""Guy_Lombardo"", ""leads"", ""Royal_Canadians_Orchestra""], [""Royal_Canadians_Orchestra"", ""recorded_with"", ""The_Three_Suns""], [""Royal_Canadians_Orchestra"", ""location"", ""United_States""], [""The_Three_Suns"", ""location"", ""United_States""]]",0.6254627916220946,0.09044798463582993,0.586103618144989,0.5,0.6254627916220946,0.9150480878788766,0.8860895582531984,0.8571310286275202,0.828172499001842,0.7992139693761637,0.7702554397504856,0.7412969101248075,0.7123383804991292,0.683379850873451,0.6544213212477727,0.6254627916220946,0.874814501394973,0.8568127153048187
213,"The states that took part in this study were Aguascalientes , Chiapas , Chihuahua , Durango , Guerrero , Jalisco , Oaxaca , Sinaloa , Veracruz and Yucatan .","The states that participated in this study were Aguascalientes , Chiapas , Chihuahua , Durango , Guerrero , Jalisco , Oaxaca , Sinaloa , Veracruz and Yucatan .","[[""Aguascalientes"", ""part_of"", ""study""], [""Chiapas"", ""part_of"", ""study""], [""Chihuahua"", ""part_of"", ""study""], [""Durango"", ""part_of"", ""study""], [""Guerrero"", ""part_of"", ""study""], [""Jalisco"", ""part_of"", ""study""], [""Oaxaca"", ""part_of"", ""study""], [""Sinaloa"", ""part_of"", ""study""], [""Veracruz"", ""part_of"", ""study""], [""Yucatan"", ""part_of"", ""study""]]","[[""Aguascalientes"", ""part_of"", ""study""], [""Chiapas"", ""part_of"", ""study""], [""Chihuahua"", ""part_of"", ""study""], [""Durango"", ""part_of"", ""study""], [""Guerrero"", ""part_of"", ""study""], [""Jalisco"", ""part_of"", ""study""], [""Oaxaca"", ""part_of"", ""study""], [""Sinaloa"", ""part_of"", ""study""], [""Veracruz"", ""part_of"", ""study""], [""Yucatan"", ""part_of"", ""study""]]",1.0,1.0,1.0,1.0,1.0,0.9999999356898313,0.9999999421208481,0.9999999485518651,0.9999999549828817,0.9999999614138988,0.9999999678449156,0.9999999742759325,0.9999999807069494,0.9999999871379662,0.9999999935689832,1.0,1.0,0.9999999888257441
214,Banknotes printed by the three commercial banks are issued in Hong Kong by Hong Kong Note Printing Limited .,The banknotes printed by the three commercial banks are issued in Hong Kong by the Hong Kong Note Printing Limited .,"[[""Hong_Kong_Note_Printing_Limited"", ""issues"", ""banknotes""], [""banknotes"", ""printed_by"", ""commercial_banks""], [""banknotes"", ""issued_in"", ""Hong_Kong""]]","[[""Hong_Kong_Note_Printing_Limited"", ""issues"", ""banknotes""], [""banknotes"", ""printed_by"", ""commercial_banks""], [""banknotes"", ""issued_in"", ""Hong_Kong""]]",1.0,0.9999999403953552,1.0,1.0,1.0,0.9999998967085219,0.9999999070376696,0.9999999173668175,0.9999999276959652,0.9999999380251131,0.999999948354261,0.9999999586834087,0.9999999690125565,0.9999999793417044,0.9999999896708522,1.0,1.0,0.999999965335021
215,"In the above example , the topological statement is that the 3rd homotopy group is of three spheres .","In the 3rd example , the above statement is that the topological homotopy group of the three sphere is","[[""3rd_homotopy_group"", ""is_of"", ""three_spheres""]]","[[""topological_homotopy_group"", ""is_of"", ""three_sphere""]]",1.0,0.0,0.0,0.0,1.0,0.8930498649759975,0.9037448784783977,0.9144398919807981,0.9251349054831981,0.9358299189855985,0.9465249324879987,0.957219945990399,0.9679149594927993,0.9786099729951995,0.9893049864975998,1.0,0.9018164242882826,0.9435147697712577
216,Albion may refer to the following places in the U.S. state of New York :,Albion may refer to the following places in the US state of New York :,"[[""Albion"", ""located_in"", ""New_York""]]","[[""Albion"", ""located_in"", ""New_York""]]",1.0,0.9999998807907104,0.9999999403953552,1.0,1.0,0.9999999991460641,0.9999999992314577,0.9999999993168514,0.9999999994022448,0.9999999994876384,0.999999999573032,0.9999999996584257,0.9999999997438191,0.9999999998292128,0.9999999999146064,1.0,0.9999999880790711,0.9999999915702041
217,"During 1942 , `` Whitehall '' was `` adopted '' by the civil community of Cheltenham , Gloucestershire , in a Warship Week national savings campaign .","In 1942 , `` Whitehall '' was adopted by the civil community of Cheltenham , Gloucestershire , in a national savings campaign of the warship - week `` .","[[""Whitehall"", ""adopted_by"", ""Cheltenham""], [""Cheltenham"", ""location"", ""Gloucestershire""], [""Whitehall"", ""part_of"", ""Warship_Week""], [""Warship_Week"", ""purpose"", ""national_savings_campaign""]]","[[""Whitehall"", ""adopted_by"", ""Cheltenham""], [""Cheltenham"", ""location"", ""Gloucestershire""], [""Whitehall"", ""part_of"", ""Warship_Week""], [""Warship_Week"", ""purpose"", ""national_savings_campaign""]]",1.0,0.9999998807907104,1.0,1.0,1.0,0.9999999985580755,0.999999998702268,0.9999999988464605,0.9999999989906527,0.9999999991348453,0.9999999992790378,0.9999999994232303,0.9999999995674227,0.9999999997116151,0.9999999998558076,1.0,1.0,0.9999999846837758
218,"Suman Chatterjee , recorded a number of albums between 1992 and 1999 under the name Suman Chattopaddhyay or Kabir Suman .",Suman Chatterjee recorded several albums under the name of Suman Chattopaddhyay or Kabir Suman between 1992 and 1999 .,"[[""Suman_Chatterjee"", ""recorded"", ""albums""], [""albums"", ""recorded_between"", ""1992""], [""albums"", ""recorded_between"", ""1999""], [""Suman_Chatterjee"", ""also_known_as"", ""Suman_Chattopaddhyay""], [""Suman_Chatterjee"", ""also_known_as"", ""Kabir_Suman""]]","[[""Suman_Chatterjee"", ""recorded"", ""albums""], [""albums"", ""recorded_between"", ""1992""], [""albums"", ""recorded_between"", ""1999""], [""Suman_Chatterjee"", ""also_known_as"", ""Suman_Chattopaddhyay""], [""Suman_Chatterjee"", ""also_known_as"", ""Kabir_Suman""]]",1.0,1.0,1.0,1.0,1.0,1.0,1.0,1.0,1.0,1.0,1.0,1.0,1.0,1.0,1.0,1.0,0.9999999672174383,1.0
219,"It is found in Australia , where it has been recorded from New South Wales , Queensland and South Australia .","It is found in Australia , where it was recorded from New South Wales , Queensland and South Australia .","[[""It"", ""found_in"", ""Australia""], [""It"", ""recorded_in"", ""New_South_Wales""], [""It"", ""recorded_in"", ""Queensland""], [""It"", ""recorded_in"", ""South_Australia""]]","[[""It"", ""found_in"", ""Australia""], [""It"", ""recorded_in"", ""New_South_Wales""], [""It"", ""recorded_in"", ""Queensland""], [""It"", ""recorded_in"", ""South_Australia""]]",1.0,0.9999999403953552,1.0,1.0,1.0,0.9999999054178451,0.9999999148760605,0.9999999243342761,0.9999999337924916,0.9999999432507071,0.9999999527089225,0.999999962167138,0.9999999716253536,0.999999981083569,0.9999999905417845,1.0,0.9999999940395355,0.9999999908231045
220,"Cicimli ( also Cimcimli , Dzhidzhimli , Dzhidzhimli Pervyye and Dzhidzhimli Vtorye ) is a village in Azerbaijan , Lachin Rayon .","Cicimli ( also , Cimcimli , Dzhidzhimli , Dzhidzhimli Pervyye , and Dzhidzhimli Vtorye ) is a village in the Azerbaijan of Lachin Rayon .","[[""Cicimli"", ""is"", ""village""], [""Cicimli"", ""location"", ""Azerbaijan""], [""Cicimli"", ""location"", ""Lachin_Rayon""], [""Cicimli"", ""also_known_as"", ""Cimcimli""], [""Cicimli"", ""also_known_as"", ""Dzhidzhimli""], [""Cicimli"", ""also_known_as"", ""Dzhidzhimli_Pervyye""], [""Cicimli"", ""also_known_as"", ""Dzhidzhimli_Vtorye""]]","[[""Cicimli"", ""is"", ""village""], [""Cicimli"", ""location"", ""Azerbaijan""], [""Cicimli"", ""location"", ""Lachin_Rayon""], [""Cicimli"", ""also_known_as"", ""Cimcimli""], [""Cicimli"", ""also_known_as"", ""Dzhidzhimli""], [""Cicimli"", ""also_known_as"", ""Dzhidzhimli_Pervyye""], [""Cicimli"", ""also_known_as"", ""Dzhidzhimli_Vtorye""]]",1.0,1.0,0.9999998211860657,1.0,1.0,0.9999999987707732,0.9999999988936958,0.9999999990166186,0.9999999991395412,0.9999999992624639,0.9999999993853865,0.9999999995083093,0.9999999996312319,0.9999999997541547,0.9999999998770773,1.0,1.0,0.9999999904084607
221,"In the most luxurious buildings in Rome and in the most important villas of Herculaneum and Pompeii , cast glass windows appeared , albeit with poor optical qualities .","Cast glass windows , albeit with poor optical qualities , began to appear in the most important buildings in Rome and the most luxurious villas of Herculaneum and Pompeii .","[[""Rome"", ""has"", ""luxurious_buildings""], [""Herculaneum"", ""has"", ""important_villas""], [""Pompeii"", ""has"", ""important_villas""], [""cast_glass_windows"", ""appeared_in"", ""luxurious_buildings""], [""cast_glass_windows"", ""appeared_in"", ""important_villas""], [""cast_glass_windows"", ""have"", ""poor_optical_qualities""]]","[[""Rome"", ""has"", ""important_buildings""], [""Herculaneum"", ""has"", ""luxurious_villas""], [""Pompeii"", ""has"", ""luxurious_villas""], [""cast_glass_windows"", ""appeared_in"", ""important_buildings""], [""cast_glass_windows"", ""appeared_in"", ""luxurious_villas""], [""cast_glass_windows"", ""have"", ""poor_optical_qualities""]]",0.5400617248673216,0.9507853984832764,0.9559580087661743,0.47619047619047616,0.7443873683187767,0.9681395032230905,0.9457642897326591,0.9233890762422278,0.9010138627517963,0.8786386492613649,0.8562634357709336,0.8338882222805022,0.8115130087900709,0.7891377952996395,0.7667625818092081,0.7443873683187767,0.9238150188206637,0.9673000668901971
222,"General De Gaulle on the other hand was less impressed , dismissing her recommendations and only half reading most of her reports .","On the other hand , General De Gaulle was less impressed , rejected her recommendations and read only half most of her reports .","[[""General_De_Gaulle"", ""was_less_impressed_by"", ""her_recommendations""], [""General_De_Gaulle"", ""dismissed"", ""her_recommendations""], [""General_De_Gaulle"", ""read"", ""half_of_her_reports""]]","[[""General_De_Gaulle"", ""was_less_impressed_by"", ""her_recommendations""], [""General_De_Gaulle"", ""rejected"", ""her_recommendations""], [""General_De_Gaulle"", ""read"", ""half_of_her_reports""]]",1.0,1.0,1.0,1.0,1.0,0.9939116026924392,0.9945204424231953,0.9951292821539515,0.9957381218847074,0.9963469616154635,0.9969558013462196,0.9975646410769756,0.9981734808077318,0.9987823205384878,0.9993911602692439,1.0,0.9588953566273669,0.9534128387766083
223,"He has played at the festivals in Vienna , Holland , Oregon , Tanglewood , Edinburgh , Marlboro Bach and Carmel Bach .","He performed at the festivals of Edinburgh , Marlboro , Tanglewood , Vienna , Holland , Oregon Bach and Carmel Bach .","[[""He"", ""played_at"", ""Vienna""], [""He"", ""played_at"", ""Holland""], [""He"", ""played_at"", ""Oregon""], [""He"", ""played_at"", ""Tanglewood""], [""He"", ""played_at"", ""Edinburgh""], [""He"", ""played_at"", ""Marlboro_Bach""], [""He"", ""played_at"", ""Carmel_Bach""]]","[[""He"", ""performed_at"", ""Edinburgh""], [""He"", ""performed_at"", ""Marlboro""], [""He"", ""performed_at"", ""Tanglewood""], [""He"", ""performed_at"", ""Vienna""], [""He"", ""performed_at"", ""Holland""], [""He"", ""performed_at"", ""Oregon_Bach""], [""He"", ""performed_at"", ""Carmel_Bach""]]",0.7708333333333334,0.1279038041830063,0.8892666697502136,0.6458333333333334,0.7708333333333334,0.8299282046028236,0.8240187174758746,0.8181092303489256,0.8121997432219765,0.8062902560950275,0.8003807689680784,0.7944712818411295,0.7885617947141804,0.7826523075872314,0.7767428204602824,0.7708333333333334,0.8349127301928627,0.815431737115165
224,"The national organisation was organized under Draft Bylaws in March 1979 and was officially founded in March 1980 in Kansas City , Missouri .","The national organization was founded in March 1979 under Draft Bylaws . PAS was officially organized in March 1980 in Kansas City , Missouri .","[[""national_organisation"", ""organized_under"", ""Draft_Bylaws""], [""national_organisation"", ""founded_in"", ""March_1980""], [""national_organisation"", ""location"", ""Kansas_City""], [""Kansas_City"", ""location"", ""Missouri""]]","[[""national_organization"", ""founded_in"", ""March_1979""], [""national_organization"", ""founded_under"", ""Draft_Bylaws""], [""PAS"", ""organized_in"", ""March_1980""], [""PAS"", ""location"", ""Kansas_City""], [""Kansas_City"", ""location"", ""Missouri""]]",0.8333333333333334,0.5066301226615906,0.6896270513534546,0.6761234037828132,0.8333333333333334,0.9267310066219766,0.9173912392931123,0.9080514719642481,0.8987117046353836,0.8893719373065193,0.880032169977655,0.8706924026487907,0.8613526353199263,0.852012867991062,0.8426731006621977,0.8333333333333334,0.9194857202896571,0.7158502163557356
225,The screenplay by Frederick Knott and Jane-Howard Carrington is based on the 1966 play by Robert Carrington .,The screenplay by Robert Carrington and Jane-Howard Carrington was based on the 1966 play by Frederick Knott .,"[[""Frederick_Knott"", ""co_wrote_screenplay_with"", ""Jane_Howard_Carrington""], [""screenplay"", ""based_on"", ""1966_play""], [""1966_play"", ""written_by"", ""Robert_Carrington""]]","[[""Robert_Carrington"", ""co_wrote_screenplay_with"", ""Jane_Howard_Carrington""], [""screenplay"", ""based_on"", ""1966_play""], [""1966_play"", ""written_by"", ""Frederick_Knott""]]",0.36666666666666664,1.0,0.9999998807907104,0.36666666666666664,0.36666666666666664,0.9923122286579132,0.9297476724587885,0.867183116259664,0.8046185600605392,0.7420540038614145,0.6794894476622899,0.6169248914631653,0.5543603352640407,0.49179577906491595,0.4292312228657913,0.36666666666666664,0.9343092398351134,0.926727548371393
226,"The family is very religious and , at the age of 12 , Géneviève joined the Protestant choir of her junior church .",The family is very religious and at the age of 12 Géneviève joined her protestant church 's junior choir .,"[[""Géneviève"", ""joined_at_age"", ""12""], [""Géneviève"", ""joined"", ""Protestant_choir""], [""Protestant_choir"", ""part_of"", ""junior_church""], [""Géneviève"", ""part_of"", ""family""], [""family"", ""is"", ""religious""]]","[[""Géneviève"", ""joined_at_age"", ""12""], [""Géneviève"", ""joined"", ""junior_choir""], [""junior_choir"", ""part_of"", ""protestant_church""], [""Géneviève"", ""part_of"", ""family""], [""family"", ""is"", ""religious""]]",0.5833333333333334,0.4468629062175751,0.7058219909667969,0.5277777777777778,0.5833333333333334,0.9865847614448922,0.9462596186337363,0.9059344758225805,0.8656093330114245,0.8252841902002687,0.7849590473891128,0.7446339045779569,0.704308761766801,0.6639836189556452,0.6236584761444892,0.5833333333333334,0.9608436906730906,0.9927938208398669
227,"The event draws tourists and participants from all areas of the California coast , Washington and Oregon .","The event attracts tourists and participants from all areas of the California coast , Washington and Oregon .","[[""event"", ""draws"", ""tourists""], [""event"", ""draws"", ""participants""], [""tourists"", ""from"", ""California_coast""], [""participants"", ""from"", ""California_coast""], [""tourists"", ""from"", ""Washington""], [""participants"", ""from"", ""Washington""], [""tourists"", ""from"", ""Oregon""], [""participants"", ""from"", ""Oregon""]]","[[""event"", ""attracts"", ""tourists""], [""event"", ""attracts"", ""participants""], [""tourists"", ""from"", ""California_coast""], [""participants"", ""from"", ""California_coast""], [""tourists"", ""from"", ""Washington""], [""participants"", ""from"", ""Washington""], [""tourists"", ""from"", ""Oregon""], [""participants"", ""from"", ""Oregon""]]",1.0,0.9999998807907104,1.0,1.0,1.0,0.997705498467216,0.9979349486204944,0.9981643987737729,0.9983938489270512,0.9986232990803297,0.998852749233608,0.9990821993868864,0.9993116495401648,0.9995410996934432,0.9997705498467216,1.0,0.9696785340829905,0.9610266064145274
228,"The show was initiated by Peter Weil , produced by Barraclough Carey Productions .",The show was produced by Peter Weil and initiated by Barraclough Carey Productions .,"[[""Peter_Weil"", ""initiated"", ""The_show""], [""Barraclough_Carey_Productions"", ""produced"", ""The_show""]]","[[""Peter_Weil"", ""produced"", ""The_show""], [""Barraclough_Carey_Productions"", ""initiated"", ""The_show""]]",1.0,1.0,1.0,1.0,1.0,0.9848261295001367,0.986343516550123,0.9878609036001094,0.9893782906500956,0.990895677700082,0.9924130647500684,0.9939304518000547,0.995447838850041,0.9969652259000273,0.9984826129500137,1.0,0.9432952691873271,0.9918418686591162
229,"When the Florentine Republic fell in 1530 , Volterra came under the control of the Medici family and later followed the history of the Grand Duchy of Tuscany .","When the Florentine Republic fell in 1530 , Volterra came under the control of the Medici family and later the history of the Grand Duchy of Tuscany .","[[""Volterra"", ""came_under_control_of"", ""Medici_family""], [""Volterra"", ""followed"", ""Grand_Duchy_of_Tuscany""], [""Florentine_Republic"", ""fell_in"", ""1530""]]","[[""Volterra"", ""came_under_control_of"", ""Medici_family""], [""Volterra"", ""followed"", ""Grand_Duchy_of_Tuscany""], [""Florentine_Republic"", ""fell_in"", ""1530""]]",1.0,1.0,1.0,1.0,1.0,0.9999999987210744,0.999999998848967,0.9999999989768595,0.9999999991047519,0.9999999992326446,0.9999999993605372,0.9999999994884298,0.9999999996163222,0.9999999997442148,0.9999999998721074,1.0,0.9999998891353448,0.9999999887086366
230,Iaquinta confronted Mitch Clarke at UFC 173 on 24 May 2014 .,"Mitch Clarke faced Iaquinta at UFC 173 on May 24 , 2014 .","[[""Iaquinta"", ""confronted"", ""Mitch_Clarke""], [""Iaquinta"", ""fought_at"", ""UFC_173""], [""UFC_173"", ""occurred_on"", ""May_24_2014""]]","[[""Mitch_Clarke"", ""faced"", ""Iaquinta""], [""Mitch_Clarke"", ""fought_at"", ""UFC_173""], [""UFC_173"", ""occurred_on"", ""May_24_2014""]]",0.5833333333333334,1.0,1.0,0.5833333333333334,0.5833333333333334,0.9336792301072181,0.8986446404298296,0.8636100507524412,0.8285754610750526,0.7935408713976643,0.7585062817202757,0.7234716920428873,0.6884371023654988,0.6534025126881103,0.6183679230107219,0.5833333333333334,0.9038951259324866,0.9209390021330486
231,The Stejaru or Zlatcu River is a left tributary of the river Vedea in Romania and flows near Vedea into the Tecuci River .,The Stejaru or Zlatcu River is a left tributary of the river Vedea in Romania . It discharges into the Tecuci River near Vedea .,"[[""Stejaru_River"", ""is_also_known_as"", ""Zlatcu_River""], [""Stejaru_River"", ""location"", ""Romania""], [""Stejaru_River"", ""is_tributary_of"", ""Vedea_River""], [""Stejaru_River"", ""flows_near"", ""Vedea""], [""Stejaru_River"", ""flows_into"", ""Tecuci_River""]]","[[""Stejaru_River"", ""is_also_known_as"", ""Zlatcu_River""], [""Stejaru_River"", ""location"", ""Romania""], [""Stejaru_River"", ""is_tributary_of"", ""Vedea_River""], [""Stejaru_River"", ""discharges_into"", ""Tecuci_River""], [""Tecuci_River"", ""location"", ""near_Vedea""]]",1.0,0.6101394891738892,0.826119601726532,0.5555555555555556,0.8169217288768313,0.9877657947028409,0.97068138812024,0.953596981537639,0.9365125749550379,0.919428168372437,0.9023437617898361,0.8852593552072352,0.8681749486246342,0.8510905420420333,0.8340061354594323,0.8169217288768313,0.9540878283893318,0.9428639172281503
232,This introduction to travel began a lifelong passion that led her to study in the remote areas of Alaska and British Columbia .,This introduction to the journey began with a lifelong passion that led her to study in the remote areas of Alaska and British Columbia .,"[[""her"", ""began"", ""introduction_to_travel""], [""introduction_to_travel"", ""led_to"", ""lifelong_passion""], [""lifelong_passion"", ""led_to"", ""study""], [""study"", ""location"", ""Alaska""], [""study"", ""location"", ""British_Columbia""]]","[[""her"", ""began"", ""introduction_to_journey""], [""introduction_to_journey"", ""led_to"", ""lifelong_passion""], [""lifelong_passion"", ""led_to"", ""study""], [""study"", ""location"", ""Alaska""], [""study"", ""location"", ""British_Columbia""]]",1.0,0.9646950364112854,0.9772772789001465,0.6944444444444444,1.0,0.9659535118887238,0.9693581606998514,0.972762809510979,0.9761674583221067,0.9795721071332343,0.9829767559443618,0.9863814047554895,0.9897860535666172,0.9931907023777448,0.9965953511888723,1.0,0.9664939758655973,0.9768254067877972
233,Jackson Township is located in the 4th Congressional District and is part of the 12th State Legislative District of New Jersey .,Jackson Township is located in the 12th Congressional District and is part of New Jersey 's 4th state legislative district .,"[[""Jackson_Township"", ""location"", ""4th_Congressional_District""], [""Jackson_Township"", ""part_of"", ""12th_State_Legislative_District""], [""12th_State_Legislative_District"", ""location"", ""New_Jersey""]]","[[""Jackson_Township"", ""location"", ""12th_Congressional_District""], [""Jackson_Township"", ""part_of"", ""4th_state_legislative_district""], [""4th_state_legislative_district"", ""location"", ""New_Jersey""]]",1.0,0.9178264141082764,0.8219979405403137,0.2916666666666667,0.4166666666666667,0.9873274848669689,0.9302614030469386,0.8731953212269085,0.8161292394068782,0.7590631575868481,0.7019970757668178,0.6449309939467875,0.5878649121267574,0.530798830306727,0.4737327484866969,0.4166666666666667,0.9542947135768716,0.9692487074539411
234,"When Ortona was connected to Lanciano in 1818 , Campli was assigned to the Diocese of Teramo .","When , in 1818 , Ortona was assigned to Lanciano , Campli was joined to the diocese of Teramo .","[[""Ortona"", ""connected_to"", ""Lanciano""], [""Campli"", ""assigned_to"", ""Diocese_of_Teramo""]]","[[""Ortona"", ""assigned_to"", ""Lanciano""], [""Campli"", ""joined_to"", ""Diocese_of_Teramo""]]",1.0,1.0,1.0,1.0,1.0,0.9406045529280229,0.9465440976352206,0.9524836423424183,0.958423187049616,0.9643627317568138,0.9703022764640115,0.9762418211712092,0.9821813658784069,0.9881209105856046,0.9940604552928023,1.0,0.9171412782802972,0.904619266635698
235,Atilia Caucidia Tertulla ( flourished 2nd century ) was an aristocratic woman from Ancient Roman society .,Atilia Caucidia Tertulla ( flourishing 2nd century ) was an aristocratic woman from ancient Roman society .,"[[""Atilia_Caucidia_Tertulla"", ""flourished_in"", ""2nd_century""], [""Atilia_Caucidia_Tertulla"", ""was"", ""aristocratic_woman""], [""Atilia_Caucidia_Tertulla"", ""from"", ""Ancient_Roman_society""]]","[[""Atilia_Caucidia_Tertulla"", ""flourishing_in"", ""2nd_century""], [""Atilia_Caucidia_Tertulla"", ""was"", ""aristocratic_woman""], [""Atilia_Caucidia_Tertulla"", ""from"", ""ancient_Roman_society""]]",1.0,1.0,0.9999999403953552,1.0,1.0,0.9977233788282026,0.9979510409453823,0.9981787030625622,0.9984063651797417,0.9986340272969215,0.9988616894141014,0.9990893515312811,0.9993170136484608,0.9995446757656405,0.9997723378828203,1.0,0.9872981824195082,0.9750802385995946
236,He has also played for the Green Bay Packers and was part of the Super Bowl XLV winning team over the Pittsburgh Steelers .,He also played for the Green Bay Packers and was part of the Super Bowl XLV - winning team over the Pittsburgh Steelers .,"[[""Player"", ""played_for"", ""Green_Bay_Packers""], [""Player"", ""was_part_of"", ""Super_Bowl_XLV_winning_team""], [""Super_Bowl_XLV_winning_team"", ""won_over"", ""Pittsburgh_Steelers""]]","[[""Player"", ""played_for"", ""Green_Bay_Packers""], [""Player"", ""was_part_of"", ""Super_Bowl_XLV_winning_team""], [""Super_Bowl_XLV_winning_team"", ""won_over"", ""Pittsburgh_Steelers""]]",1.0,1.0,1.0,1.0,1.0,0.9999999358745806,0.9999999422871225,0.9999999486996645,0.9999999551122063,0.9999999615247483,0.9999999679372903,0.9999999743498322,0.9999999807623742,0.9999999871749161,0.9999999935874581,1.0,0.9999999781449636,1.0
237,Panther competes against the 7A classification of the Huntsville High School and uses the AHSAA nickname for all team sports .,Panther competes at the 7A classification of the Huntsville High School and uses the AHSAA nickname for all team sports .,"[[""Panther"", ""competes_against"", ""Huntsville_High_School""], [""Panther"", ""uses_nickname"", ""AHSAA""], [""Huntsville_High_School"", ""classification"", ""7A""], [""Panther"", ""classification"", ""7A""]]","[[""Panther"", ""competes_at"", ""Huntsville_High_School""], [""Panther"", ""uses_nickname"", ""AHSAA""], [""Huntsville_High_School"", ""classification"", ""7A""], [""Panther"", ""classification"", ""7A""]]",1.0,1.0,0.9999998807907104,1.0,1.0,0.9947629461958439,0.9952866515762595,0.9958103569566752,0.9963340623370907,0.9968577677175063,0.997381473097922,0.9979051784783376,0.9984288838587532,0.9989525892391689,0.9994762946195844,1.0,0.9814404632362346,0.9940872311192603
238,The Nelson River flows from Playgreen Lake into Cross Lake and then flows from two channels to Lake Winnipeg .,The Nelson River flows into Cross Lake from Playgreen Lake then flows from two channels into Lake Winnipeg .,"[[""Nelson_River"", ""flows_from"", ""Playgreen_Lake""], [""Nelson_River"", ""flows_into"", ""Cross_Lake""], [""Nelson_River"", ""flows_from"", ""Cross_Lake""], [""Nelson_River"", ""flows_into"", ""Lake_Winnipeg""]]","[[""Nelson_River"", ""flows_from"", ""Playgreen_Lake""], [""Nelson_River"", ""flows_into"", ""Cross_Lake""], [""Nelson_River"", ""flows_into"", ""Lake_Winnipeg""]]",1.0,1.0,0.9999999403953552,1.0,1.0,0.9958864582509074,0.9962978124258166,0.996709166600726,0.9971205207756351,0.9975318749505444,0.9979432291254537,0.998354583300363,0.9987659374752722,0.9991772916501815,0.9995886458250908,1.0,0.9976157115592927,0.9924668998871662
239,Mammootty won the Special Mention Kerala State Film Awards in 1985 and secured the film fare award for his role as Ravi Varma .,Mammootty won the Special Mention in 1985 Kerala State Film Awards and secured Filmfare Award for his role as Ravi Varma .,"[[""Mammootty"", ""won"", ""Special_Mention_Kerala_State_Film_Awards""], [""Mammootty"", ""won_in"", ""1985""], [""Mammootty"", ""secured"", ""Film_Fare_Award""], [""Mammootty"", ""played_role_of"", ""Ravi_Varma""]]","[[""Mammootty"", ""won"", ""Special_Mention""], [""Special_Mention"", ""part_of"", ""1985_Kerala_State_Film_Awards""], [""Mammootty"", ""secured"", ""Filmfare_Award""], [""Mammootty"", ""played_role_of"", ""Ravi_Varma""]]",0.2608745973749754,0.45276784896850586,0.5943989753723145,0.23333333333333334,0.2608745973749754,0.9429213120664132,0.8747166405972695,0.8065119691281256,0.7383072976589817,0.6701026261898381,0.6018979547206943,0.5336932832515505,0.4654886117824068,0.3972839403132629,0.3290792688441192,0.2608745973749754,0.8263282941088785,0.7963990971050244
240,Their light engines caused wing fatigue due to the heavy aluminium alloy used .,Their light engines caused wing spar fatigue due to the heavy aluminium alloy used .,"[[""light_engines"", ""caused"", ""wing_fatigue""], [""wing_fatigue"", ""due_to"", ""heavy_aluminium_alloy""]]","[[""light_engines"", ""caused"", ""wing_spar_fatigue""], [""wing_spar_fatigue"", ""due_to"", ""heavy_aluminium_alloy""]]",1.0,0.9239286184310913,0.9008374214172363,0.3888888888888889,1.0,0.9489650446384598,0.9540685401746137,0.9591720357107678,0.9642755312469218,0.9693790267830759,0.9744825223192299,0.9795860178553839,0.9846895133915379,0.989793008927692,0.994896504463846,1.0,0.9651930185600055,0.9695493557750025
241,"Lake Vernon is located in Tiltill Valley , in the northern part of the Hetch Hetchy Valley north of Yosemite National Park .",Lake Vernon is located in Tiltill Valley in the northern sector of Yosemite National Park north of the Hetch Hetchy Valley .,"[[""Lake_Vernon"", ""location"", ""Tiltill_Valley""], [""Tiltill_Valley"", ""location"", ""Hetch_Hetchy_Valley""], [""Hetch_Hetchy_Valley"", ""location"", ""Yosemite_National_Park""], [""Lake_Vernon"", ""north_of"", ""Yosemite_National_Park""]]","[[""Lake_Vernon"", ""location"", ""Tiltill_Valley""], [""Tiltill_Valley"", ""location"", ""Yosemite_National_Park""], [""Yosemite_National_Park"", ""north_of"", ""Hetch_Hetchy_Valley""], [""Lake_Vernon"", ""location"", ""Yosemite_National_Park""]]",0.20833333333333334,1.0,1.0,0.20833333333333334,0.20833333333333334,0.9695192289460165,0.8934006393847482,0.8172820498234799,0.7411634602622115,0.6650448707009432,0.5889262811396749,0.5128076915784066,0.4366891020171383,0.3605705124558699,0.28445192289460164,0.20833333333333334,0.9587788102019217,0.8399547186070695
242,It has also experimental support for real-time signals .,It also has real support for experimental-time signals .,"[[""It"", ""has_experimental_support_for"", ""real-time_signals""]]","[[""It"", ""has_real_support_for"", ""experimental-time_signals""]]",1.0,0.36941051483154297,0.5012720823287964,0.08333333333333333,1.0,0.9285620951540349,0.9357058856386313,0.9428496761232279,0.9499934666078245,0.9571372570924209,0.9642810475770174,0.971424838061614,0.9785686285462105,0.985712419030807,0.9928562095154034,1.0,0.8463784677519028,0.9335344180165482
243,"Constantine Giannaris ( born 1959 in Athens , Constantines Giannaris ) is a Greek film director , screenwriter and actor .","Constantinos Giannaris ( born 1959 in Athens , Constantine Giannaris ) is a Greek director , screenwriter , and actor .","[[""Constantine_Giannaris"", ""born_in"", ""Athens""], [""Constantine_Giannaris"", ""born_in"", ""1959""], [""Constantine_Giannaris"", ""is"", ""Greek_film_director""], [""Constantine_Giannaris"", ""is"", ""screenwriter""], [""Constantine_Giannaris"", ""is"", ""actor""]]","[[""Constantinos_Giannaris"", ""born_in"", ""Athens""], [""Constantinos_Giannaris"", ""born_in"", ""1959""], [""Constantinos_Giannaris"", ""is"", ""Greek_director""], [""Constantinos_Giannaris"", ""is"", ""screenwriter""], [""Constantinos_Giannaris"", ""is"", ""actor""]]",1.0,0.638424277305603,0.8513969779014587,0.6666666666666666,1.0,0.8917162324883022,0.902544609239472,0.9133729859906419,0.9242013627418115,0.9350297394929813,0.9458581162441511,0.9566864929953209,0.9675148697464906,0.9783432464976605,0.9891716232488302,1.0,0.9335430214899418,0.9049554943999364
244,"It is Aarne -- Type 707 Thompson , named after him : the dancing water , the singing apple and the speaking bird .","It is Aarne -- Thompson type 707 , which is named after it : the dancing water , the speaking apple , and the singing bird .","[[""Aarne"", ""names"", ""Type_707""], [""Type_707"", ""has_element"", ""dancing_water""], [""Type_707"", ""has_element"", ""singing_apple""], [""Type_707"", ""has_element"", ""speaking_bird""]]","[[""Aarne_--_Thompson_type_707"", ""named_after"", ""Aarne""], [""Aarne_--_Thompson_type_707"", ""has_element"", ""dancing_water""], [""Aarne_--_Thompson_type_707"", ""has_element"", ""speaking_apple""], [""Aarne_--_Thompson_type_707"", ""has_element"", ""singing_bird""]]",0.6333333333333333,0.0,0.4310362935066223,0.23333333333333334,0.6333333333333333,0.7549328021001603,0.7427728552234777,0.730612908346795,0.7184529614701122,0.7062930145934295,0.6941330677167468,0.6819731208400641,0.6698131739633815,0.6576532270866987,0.645493280210016,0.6333333333333333,0.7919903278768236,0.8814246691502523
245,The diocese covers the County of Cumbria except for Sedbergh Rural District and the former Alston Moor .,The diocese includes the county of Cumbria except for Alston Moor and the former Sedbergh Rural District .,"[[""diocese"", ""covers"", ""County_of_Cumbria""], [""diocese"", ""excludes"", ""Sedbergh_Rural_District""], [""diocese"", ""excludes"", ""Alston_Moor""]]","[[""diocese"", ""includes"", ""Cumbria""], [""diocese"", ""excludes"", ""Alston_Moor""], [""diocese"", ""excludes"", ""Sedbergh_Rural_District""]]",1.0,0.40765950083732605,0.7885860800743103,0.5416666666666666,1.0,0.990416130197397,0.9913745171776573,0.9923329041579176,0.9932912911381779,0.9942496781184382,0.9952080650986985,0.9961664520789588,0.9971248390592191,0.9980832260394794,0.9990416130197397,1.0,0.9457043218171278,0.9664488666384716
246,The sheep are being sacrificed and the meat is distributed to relatives and neighbours and given to the poor .,Sheep are sacrificed and the meat is given to relatives and neighbours and distributed to the poor .,"[[""sheep"", ""are_sacrificed"", ""sheep""], [""sheep"", ""are_distributed_to"", ""relatives""], [""sheep"", ""are_distributed_to"", ""neighbours""], [""sheep"", ""are_given_to"", ""poor""]]","[[""sheep"", ""are_sacrificed"", ""sheep""], [""sheep"", ""are_given_to"", ""relatives""], [""sheep"", ""are_given_to"", ""neighbours""], [""sheep"", ""are_distributed_to"", ""poor""]]",1.0,1.0,1.0,1.0,1.0,0.9723593643594827,0.9751234279235343,0.9778874914875861,0.9806515550516379,0.9834156186156896,0.9861796821797413,0.9889437457437931,0.9917078093078449,0.9944718728718965,0.9972359364359482,1.0,0.9435571783368683,0.9527065654682587
247,"For example , in JavaScript the factorial function can be defined via such recursion as anonymous :","In JavaScript , for example , the factorial function can be defined through anonymous recursion as such :","[[""JavaScript"", ""defines"", ""factorial_function""], [""factorial_function"", ""defined_via"", ""recursion""], [""recursion"", ""is"", ""anonymous""]]","[[""JavaScript"", ""defines"", ""factorial_function""], [""factorial_function"", ""defined_through"", ""recursion""], [""recursion"", ""is"", ""anonymous""]]",1.0,1.0,1.0,1.0,1.0,0.9987579041053174,0.9988821136947856,0.9990063232842539,0.9991305328737221,0.9992547424631905,0.9993789520526587,0.9995031616421269,0.9996273712315953,0.9997515808210635,0.9998757904105318,1.0,0.9761742306245761,0.9750536735978949
248,"TS can theoretically be derived for simple targets such as spheres and cylinders , but in practice it is mostly empirically measured or calculated with numerical models .","TS can be derived theoretically for simple targets such as spheres and cylinders , but in practice , it is usually measured empirically or calculated with numerical models .","[[""TS"", ""can_be_derived_theoretically_for"", ""spheres""], [""TS"", ""can_be_derived_theoretically_for"", ""cylinders""], [""TS"", ""is_measured"", ""empirically""], [""TS"", ""is_calculated_with"", ""numerical_models""]]","[[""TS"", ""can_be_derived_theoretically_for"", ""spheres""], [""TS"", ""can_be_derived_theoretically_for"", ""cylinders""], [""TS"", ""is_measured"", ""empirically""], [""TS"", ""is_calculated_with"", ""numerical_models""]]",1.0,1.0,1.0,1.0,1.0,0.999999998788415,0.9999999989095735,0.999999999030732,0.9999999991518904,0.999999999273049,0.9999999993942075,0.999999999515366,0.9999999996365245,0.999999999757683,0.9999999998788415,1.0,0.9999999868869781,0.9999999888808498
249,Both versions of `` Knat Scatt Private Eye '' were written and led by Eric Forsberg with music and texts by Charlie Silliman .,Both versions of `` Knat Scatt Private Eye '' were written and directed by Eric Forsberg with music and lyrics by Charlie Silliman .,"[[""Knat_Scatt_Private_Eye"", ""written_by"", ""Eric_Forsberg""], [""Knat_Scatt_Private_Eye"", ""led_by"", ""Eric_Forsberg""], [""Knat_Scatt_Private_Eye"", ""music_by"", ""Charlie_Silliman""], [""Knat_Scatt_Private_Eye"", ""texts_by"", ""Charlie_Silliman""]]","[[""Knat_Scatt_Private_Eye"", ""written_by"", ""Eric_Forsberg""], [""Knat_Scatt_Private_Eye"", ""directed_by"", ""Eric_Forsberg""], [""Knat_Scatt_Private_Eye"", ""music_by"", ""Charlie_Silliman""], [""Knat_Scatt_Private_Eye"", ""lyrics_by"", ""Charlie_Silliman""]]",1.0,1.0,0.9999998807907104,1.0,1.0,0.984955656827672,0.9864600911449048,0.9879645254621376,0.9894689597793704,0.9909733940966032,0.992477828413836,0.9939822627310688,0.9954866970483016,0.9969911313655344,0.9984955656827672,1.0,0.8926765954806366,0.842402323669737
250,"On 30 June , St. Augustine Governor Farris Bryant announced the creation of a biracial committee to restore interracial communications in Florida .","On 30 June , Florida Governor Farris Bryant announced the creation of a biracial committee to restore interracial communication in St. Augustine .","[[""Farris_Bryant"", ""is"", ""St_Augustine_Governor""], [""Farris_Bryant"", ""announced"", ""biracial_committee""], [""biracial_committee"", ""purpose"", ""restore_interracial_communications""], [""biracial_committee"", ""location"", ""Florida""]]","[[""Farris_Bryant"", ""is"", ""Florida_Governor""], [""Farris_Bryant"", ""announced"", ""biracial_committee""], [""biracial_committee"", ""purpose"", ""restore_interracial_communication""], [""biracial_committee"", ""location"", ""St_Augustine""]]",0.5,0.8055256009101868,0.6171931028366089,0.06666666666666667,0.5916079783099616,0.9909945870575463,0.9510559261827878,0.9111172653080294,0.8711786044332708,0.8312399435585125,0.791301282683754,0.7513626218089955,0.711423960934237,0.6714853000594785,0.6315466391847201,0.5916079783099616,0.9308030837668515,0.9331239601384169
251,"The Chief Justice was the Chief Justice of the High Commission Territories ( Basutoland , Bechuanaland Protectorate & Swaziland ) . From 1951 the Chief Justices were :","The Chief Justice was the Chief Justice of the High Commission territories ( Swaziland , Bechuanaland Protectorate , Basutoland ) , and from 1951 onwards were Chief Justices :","[[""Chief_Justice"", ""of"", ""High_Commission_Territories""], [""High_Commission_Territories"", ""includes"", ""Basutoland""], [""High_Commission_Territories"", ""includes"", ""Bechuanaland_Protectorate""], [""High_Commission_Territories"", ""includes"", ""Swaziland""], [""Chief_Justice"", ""started_in"", ""1951""]]","[[""Chief_Justice"", ""of"", ""High_Commission_territories""], [""High_Commission_territories"", ""includes"", ""Swaziland""], [""High_Commission_territories"", ""includes"", ""Bechuanaland_Protectorate""], [""High_Commission_territories"", ""includes"", ""Basutoland""], [""Chief_Justice"", ""started_in"", ""1951""]]",1.0,0.9999999403953552,1.0,1.0,1.0,0.999999998398492,0.9999999985586427,0.9999999987187935,0.9999999988789443,0.9999999990390952,0.999999999199246,0.9999999993593968,0.9999999995195477,0.9999999996796984,0.9999999998398492,1.0,1.0,0.9999999863169411
252,"Dresses for special occasions were made of striped silk with winged sleeves with a short `` Taqsireh '' jacket , known as Bethlehem jacket .",Clothes for special occasions were made of striped silk with short sleeves with a winged `` Taqsireh '' jacket as bethlehem jacket .,"[[""Dresses"", ""made_of"", ""striped_silk""], [""Dresses"", ""have"", ""winged_sleeves""], [""Dresses"", ""have"", ""Taqsireh_jacket""], [""Taqsireh_jacket"", ""also_known_as"", ""Bethlehem_jacket""]]","[[""Clothes"", ""made_of"", ""striped_silk""], [""Clothes"", ""have"", ""short_sleeves""], [""Clothes"", ""have"", ""Taqsireh_jacket""], [""Taqsireh_jacket"", ""also_known_as"", ""Bethlehem_jacket""]]",0.6,0.15734806656837463,0.7785216569900513,0.6,0.6,0.8950337856978994,0.8655304071281094,0.8360270285583196,0.8065236499885295,0.7770202714187396,0.7475168928489497,0.7180135142791597,0.6885101357093699,0.6590067571395798,0.62950337856979,0.6,0.8834510984666258,0.9198361367690844
253,"Spain , Germany and the Netherlands agreed to develop a trilateral basic design , which should be built and finally developed by each nation by itself .","Spain , Germany and the Netherlands have agreed to develop a trilateral basic draft , which should be built by each nation itself and finally developed .","[[""Spain"", ""agreed_with"", ""Germany""], [""Spain"", ""agreed_with"", ""Netherlands""], [""Germany"", ""agreed_with"", ""Netherlands""], [""Spain"", ""will_develop"", ""trilateral_basic_design""], [""Germany"", ""will_develop"", ""trilateral_basic_design""], [""Netherlands"", ""will_develop"", ""trilateral_basic_design""], [""trilateral_basic_design"", ""will_be_built_by"", ""Spain""], [""trilateral_basic_design"", ""will_be_built_by"", ""Germany""], [""trilateral_basic_design"", ""will_be_built_by"", ""Netherlands""]]","[[""Spain"", ""agreed_with"", ""Germany""], [""Spain"", ""agreed_with"", ""Netherlands""], [""Germany"", ""agreed_with"", ""Netherlands""], [""Spain"", ""will_develop"", ""trilateral_basic_draft""], [""Germany"", ""will_develop"", ""trilateral_basic_draft""], [""Netherlands"", ""will_develop"", ""trilateral_basic_draft""], [""trilateral_basic_draft"", ""will_be_built_by"", ""Spain""], [""trilateral_basic_draft"", ""will_be_built_by"", ""Germany""], [""trilateral_basic_draft"", ""will_be_built_by"", ""Netherlands""]]",1.0,0.9130213260650635,0.9682203531265259,0.125,1.0,0.9234679037509729,0.9311211133758756,0.9387743230007783,0.946427532625681,0.9540807422505837,0.9617339518754864,0.9693871615003892,0.9770403711252919,0.9846935807501946,0.9923467903750973,1.0,0.9405294672600653,0.9391414344417336
254,She is initially pink or white before becoming pale brown to reddish brown with whitish spots .,It is initially whitish before becoming pale brown to reddish brown with pink or white spots .,"[[""She"", ""is_initially"", ""pink""], [""She"", ""is_initially"", ""white""], [""She"", ""becomes"", ""pale_brown""], [""She"", ""becomes"", ""reddish_brown""], [""She"", ""has"", ""whitish_spots""]]","[[""It"", ""is_initially"", ""whitish""], [""It"", ""becomes"", ""pale_brown""], [""It"", ""becomes"", ""reddish_brown""], [""It"", ""has"", ""pink_spots""], [""It"", ""has"", ""white_spots""]]",0.6708203932499369,0.0,0.32527264952659607,0.3333333333333333,0.7216878364870322,0.694837608014842,0.697522630862061,0.7002076537092801,0.702892676556499,0.705577699403718,0.708262722250937,0.7109477450981561,0.7136327679453751,0.7163177907925941,0.7190028136398132,0.7216878364870322,0.7794937433913599,0.8382312050923983
255,Anna Maria Lena is a Greek Cypriot singer and songwriter . He represented Cyprus with the song `` Andy Paul '' in the Eurovision Song Contest 1984 in Luxembourg .,Anna Maria Lena is a Greek - Cypriot singer and songwriter who represented Cyprus with the song `` Andy Paul '' at the Eurovision Song Contest in Luxembourg in 1984 .,"[[""Anna_Maria_Lena"", ""is"", ""Greek_Cypriot_singer""], [""Anna_Maria_Lena"", ""is"", ""songwriter""], [""Anna_Maria_Lena"", ""represented"", ""Cyprus""], [""Anna_Maria_Lena"", ""performed"", ""Andy_Paul""], [""Eurovision_Song_Contest_1984"", ""location"", ""Luxembourg""], [""Anna_Maria_Lena"", ""participated_in"", ""Eurovision_Song_Contest_1984""]]","[[""Anna_Maria_Lena"", ""is"", ""Greek_Cypriot_singer""], [""Anna_Maria_Lena"", ""is"", ""songwriter""], [""Anna_Maria_Lena"", ""represented"", ""Cyprus""], [""Anna_Maria_Lena"", ""performed"", ""Andy_Paul""], [""Eurovision_Song_Contest"", ""location"", ""Luxembourg""], [""Eurovision_Song_Contest"", ""year"", ""1984""], [""Anna_Maria_Lena"", ""participated_in"", ""Eurovision_Song_Contest""]]",1.0,0.8354003429412842,0.9160261154174805,0.6904248749404296,1.0,0.9905503400400022,0.991495306036002,0.9924402720320018,0.9933852380280015,0.9943302040240013,0.9952751700200011,0.9962201360160009,0.9971651020120007,0.9981100680080004,0.9990550340040002,1.0,0.9830507329077235,0.9892694562133452
256,"The analytic functions are , in some sense , the antitheses of the flat functions .","In a sense , the flat functions are the antitheses of the analytic functions .","[[""analytic_functions"", ""are_antitheses_of"", ""flat_functions""]]","[[""flat_functions"", ""are_antitheses_of"", ""analytic_functions""]]",0.16666666666666666,1.0,1.0,0.16666666666666666,0.16666666666666666,0.9772086367516659,0.8961544397431661,0.8151002427346661,0.7340460457261662,0.6529918487176661,0.5719376517091663,0.49088345470066636,0.40982925769216644,0.32877506068366646,0.24772086367516655,0.16666666666666666,0.9886043257697028,0.9932034499088339
257,He quickly enlisted in the U.S. Navy and served from 1942 -- 1943 .,He served quickly in the U.S. Navy and joined from 1942-1943 .,"[[""He"", ""enlisted_in"", ""U.S._Navy""], [""He"", ""served_in"", ""U.S._Navy""], [""He"", ""served_from"", ""1942""], [""He"", ""served_to"", ""1943""]]","[[""He"", ""served_in"", ""U.S._Navy""], [""He"", ""joined_from"", ""1942""], [""He"", ""joined_to"", ""1943""]]",1.0,1.0,1.0,1.0,1.0,0.9344690256403643,0.9410221230763278,0.9475752205122914,0.9541283179482549,0.9606814153842186,0.9672345128201821,0.9737876102561457,0.9803407076921093,0.9868938051280729,0.9934469025640364,1.0,0.9028433564768713,0.9003757958086298
258,"The 40 Watt Uptown was large and professional , and it was a major stop for underground independent music acts in the 1980s .","The 40 Watt Uptown was large and professional , and it was a major stop for independent underground music players in the 80s .","[[""40_Watt_Uptown"", ""was"", ""large""], [""40_Watt_Uptown"", ""was"", ""professional""], [""40_Watt_Uptown"", ""was_major_stop_for"", ""underground_independent_music_acts""], [""underground_independent_music_acts"", ""performed_in"", ""1980s""]]","[[""40_Watt_Uptown"", ""was"", ""large""], [""40_Watt_Uptown"", ""was"", ""professional""], [""40_Watt_Uptown"", ""was_major_stop_for"", ""independent_underground_music_players""], [""independent_underground_music_players"", ""performed_in"", ""80s""]]",1.0,0.11536585539579391,0.7693610191345215,0.43333333333333335,1.0,0.982821123497695,0.9845390111479255,0.9862568987981561,0.9879747864483865,0.989692674098617,0.9914105617488476,0.993128449399078,0.9948463370493086,0.996564224699539,0.9982821123497695,1.0,0.9646509006282691,0.9691753100065428
259,Ackman sold credit default swaps against MBIA corporate debt and bought the swaps for a large profit during the financial crisis of 2008 .,Ackman bought credit default swaps against MBIA Corporate Debt and sold the swaps for a large profit during the financial crisis in 2008 .,"[[""Ackman"", ""sold"", ""credit_default_swaps""], [""Ackman"", ""bought"", ""credit_default_swaps""], [""credit_default_swaps"", ""against"", ""MBIA_corporate_debt""], [""Ackman"", ""made_profit_in"", ""financial_crisis_2008""]]","[[""Ackman"", ""bought"", ""credit_default_swaps""], [""Ackman"", ""sold"", ""credit_default_swaps""], [""credit_default_swaps"", ""against"", ""MBIA_Corporate_Debt""], [""Ackman"", ""made_profit_in"", ""financial_crisis_2008""]]",1.0,1.0,1.0,1.0,1.0,0.9999999342125608,0.9999999407913047,0.9999999473700487,0.9999999539487925,0.9999999605275365,0.9999999671062805,0.9999999736850244,0.9999999802637682,0.9999999868425122,0.9999999934212561,1.0,1.0,0.9912776283102677
260,"On 14 December 2011 , he was traded with Kyle Weiland to the Houston Astros for Reliever Mark Melancon .","On December 14 , 2011 , he was traded along with Mark Melancon to the Houston Astros for reliever Kyle Weiland .","[[""He"", ""was_traded_with"", ""Kyle_Weiland""], [""He"", ""was_traded_to"", ""Houston_Astros""], [""He"", ""was_traded_for"", ""Mark_Melancon""]]","[[""He"", ""was_traded_along_with"", ""Mark_Melancon""], [""He"", ""was_traded_to"", ""Houston_Astros""], [""He"", ""was_traded_for"", ""Kyle_Weiland""]]",1.0,1.0,0.9999999403953552,1.0,1.0,0.998053039496481,0.998247735546833,0.9984424315971849,0.9986371276475368,0.9988318236978886,0.9990265197482405,0.9992212157985925,0.9994159118489443,0.9996106078992962,0.9998053039496481,1.0,0.9905424272032977,0.9951630459678855
261,"Rufinus ( `` floruit '' 431 -- 432 ) was a praetorian prefect of the East , one of the most important officials of the Eastern Roman Empire .","Rufinus ( `` floruit '' 431 -- 432 ) was an important prefect of the East , one of the most pretorian officials of the Eastern Roman Empire .","[[""Rufinus"", ""was"", ""praetorian_prefect_of_the_East""], [""Rufinus"", ""floruit"", ""431_432""], [""praetorian_prefect_of_the_East"", ""is"", ""official_of_the_Eastern_Roman_Empire""]]","[[""Rufinus"", ""was"", ""prefect_of_the_East""], [""Rufinus"", ""floruit"", ""431_432""], [""prefect_of_the_East"", ""is"", ""official_of_the_Eastern_Roman_Empire""]]",1.0,0.9690645933151245,0.88288414478302,0.5416666666666666,1.0,0.9583514794611563,0.9625163315150407,0.9666811835689251,0.9708460356228092,0.9750108876766937,0.9791757397305781,0.9833405917844625,0.9875054438383468,0.9916702958922312,0.9958351479461156,1.0,0.9693697597774747,0.9765987405360226
262,"Finland , East Prussia and occupied Poland ) .","occupied Finland , Prussia and Poland .","[[""Finland"", ""location"", ""East_Prussia""], [""Finland"", ""location"", ""occupied_Poland""], [""East_Prussia"", ""location"", ""occupied_Poland""]]","[[""occupied_Finland"", ""location"", ""Prussia""], [""occupied_Finland"", ""location"", ""Poland""], [""Prussia"", ""location"", ""Poland""]]",1.0,0.0,0.0,0.0,1.0,0.954702385663254,0.9592321470969286,0.9637619085306033,0.9682916699642778,0.9728214313979524,0.977351192831627,0.9818809542653016,0.9864107156989762,0.9909404771326509,0.9954702385663254,1.0,0.8737193092039737,0.976461251311658
263,Different reactions take place on the surface of a catalyst of a heterogeneous phase .,Reactions that take place on the surface of a catalyst of a different phase are also heterogeneous .,"[[""catalyst"", ""has"", ""heterogeneous_phase""], [""reactions"", ""take_place_on"", ""catalyst""], [""reactions"", ""occur_at"", ""surface""], [""surface"", ""is_part_of"", ""catalyst""]]","[[""catalyst"", ""has"", ""different_phase""], [""reactions"", ""take_place_on"", ""catalyst""], [""reactions"", ""are"", ""heterogeneous""], [""catalyst"", ""has"", ""surface""]]",0.625,0.6042069792747498,0.7768838405609131,0.29814239699997197,0.625,0.9495600380791455,0.9171040342712309,0.8846480304633164,0.8521920266554018,0.8197360228474873,0.7872800190395728,0.7548240152316582,0.7223680114237436,0.689912007615829,0.6574560038079145,0.625,0.8961980599191195,0.8909728321925583
264,"He died on 23 April 1881 in Newtown ( today Elmhurst Station ) , Flushing , Long Island , New York .","He died on April 23 , 1881 in Long Island , New York ( today Elmhurst Station ) , Flushing , Newtown .","[[""Peter"", ""died_on"", ""23_April_1881""], [""Peter"", ""died_in"", ""Newtown""], [""Newtown"", ""also_known_as"", ""Elmhurst_Station""], [""Newtown"", ""location"", ""Flushing""], [""Flushing"", ""location"", ""Long_Island""], [""Long_Island"", ""location"", ""New_York""]]","[[""Peter"", ""died_on"", ""23_April_1881""], [""Peter"", ""died_in"", ""Long_Island""], [""Long_Island"", ""location"", ""New_York""], [""Long_Island"", ""contains"", ""Elmhurst_Station""], [""Elmhurst_Station"", ""also_known_as"", ""Newtown""], [""Newtown"", ""location"", ""Flushing""]]",0.5238095238095238,0.9999998807907104,1.0,0.40476190476190477,0.5238095238095238,0.9787012854937227,0.9332121093253029,0.887722933156883,0.842233756988463,0.7967445808200432,0.7512554046516233,0.7057662284832034,0.6602770523147835,0.6147878761463637,0.5692986999779437,0.5238095238095238,0.9590922525911789,0.9247331447689214
265,The Roman - Catholic diocese of Masaka is a diocese in the city of Masaka in the church province of Kampala in Uganda .,The Roman Catholic Diocese of Masaka is a diocese located in the city of Masaka in the Ecclesiastical province of Uganda in Kampala .,"[[""Roman_Catholic_diocese_of_Masaka"", ""location"", ""Masaka""], [""Roman_Catholic_diocese_of_Masaka"", ""part_of"", ""Kampala""], [""Masaka"", ""location"", ""Uganda""]]","[[""Roman_Catholic_Diocese_of_Masaka"", ""location"", ""Masaka""], [""Roman_Catholic_Diocese_of_Masaka"", ""part_of"", ""Uganda""], [""Masaka"", ""location"", ""Kampala""]]",1.0,0.9999999403953552,0.9999997615814209,0.5833333333333334,0.5833333333333334,0.9956321426925481,0.9544022617566267,0.9131723808207052,0.8719424998847837,0.8307126189488622,0.7894827380129408,0.7482528570770193,0.7070229761410978,0.6657930952051763,0.6245632142692548,0.5833333333333334,0.9787951965544684,0.9459084600236665
266,"He was commissioned on 14 October 1917 in West Medford First Lieutenant , and weeks later a married Fort Des Moines , Madeline Mabray Kountze .","He was commissioned first lieutenant on October 14 , 1917 at West Medford , and weeks later married a Fort Des Moines native , Madeline Mabray Kountze .","[[""He"", ""commissioned_on"", ""14_October_1917""], [""He"", ""commissioned_at"", ""West_Medford""], [""He"", ""rank"", ""First_Lieutenant""], [""He"", ""married"", ""Madeline_Mabray_Kountze""], [""Madeline_Mabray_Kountze"", ""from"", ""Fort_Des_Moines""]]","[[""He"", ""commissioned_on"", ""14_October_1917""], [""He"", ""commissioned_at"", ""West_Medford""], [""He"", ""rank"", ""First_Lieutenant""], [""He"", ""married"", ""Madeline_Mabray_Kountze""], [""Madeline_Mabray_Kountze"", ""from"", ""Fort_Des_Moines""]]",1.0,1.0,1.0,1.0,1.0,0.9999999092447739,0.9999999183202964,0.9999999273958191,0.9999999364713417,0.9999999455468643,0.999999954622387,0.9999999636979096,0.9999999727734321,0.9999999818489548,0.9999999909244774,1.0,1.0,1.0
267,The effect has mainly been observed on nuclear atoms which have alkaline properties particularly suitable for working with traps .,The effect has been observed mainly on nuclear atoms with alkaline properties which are particularly suitable for working with traps .,"[[""effect"", ""observed_on"", ""nuclear_atoms""], [""nuclear_atoms"", ""have"", ""alkaline_properties""], [""nuclear_atoms"", ""suitable_for"", ""traps""]]","[[""effect"", ""observed_on"", ""nuclear_atoms""], [""nuclear_atoms"", ""have"", ""alkaline_properties""], [""nuclear_atoms"", ""suitable_for"", ""traps""]]",1.0,0.9999998807907104,0.9999999403953552,1.0,1.0,0.9999999987724757,0.9999999988952282,0.9999999990179806,0.9999999991407329,0.9999999992634854,0.9999999993862378,0.9999999995089903,0.9999999996317427,0.9999999997544952,0.9999999998772475,1.0,0.9999999791383742,0.9999999876094381
268,"The most other common countries of birth were China 14.7 % , Philippines 7.0 % , India 5.1 % , Nepal 2.6 % and England 1.9 % .","The most common other birth countries were China 14.7 % , Philippines 7.0 % , India 5.1 % , Nepal 2.6 % and England 1.9 % .","[[""China"", ""percentage_of_birth"", ""14.7%""], [""Philippines"", ""percentage_of_birth"", ""7.0%""], [""India"", ""percentage_of_birth"", ""5.1%""], [""Nepal"", ""percentage_of_birth"", ""2.6%""], [""England"", ""percentage_of_birth"", ""1.9%""]]","[[""China"", ""percentage_of_birth"", ""14.7%""], [""Philippines"", ""percentage_of_birth"", ""7.0%""], [""India"", ""percentage_of_birth"", ""5.1%""], [""Nepal"", ""percentage_of_birth"", ""2.6%""], [""England"", ""percentage_of_birth"", ""1.9%""]]",1.0,0.9999999403953552,1.0,1.0,1.0,0.9999999988156181,0.9999999989340562,0.9999999990524946,0.9999999991709325,0.9999999992893709,0.999999999407809,0.9999999995262472,0.9999999996446854,0.9999999997631236,0.9999999998815619,1.0,1.0,0.9999999919839979
269,Janaki ( Viswanathan ) has two daughters : Mythili ( Amrutha ) and Venniradai Moorthy ( Mantra ) .,has two daughters : Mythili ( Amrutha ) and Venniradai Moorthy ( Mantra ) .,"[[""Janaki_Viswanathan"", ""has_daughters"", ""Mythili_Amrutha""], [""Janaki_Viswanathan"", ""has_daughters"", ""Venniradai_Moorthy_Mantra""]]","[[""Janaki"", ""has_daughters"", ""Mythili_Amrutha""], [""Janaki"", ""has_daughters"", ""Venniradai_Moorthy_Mantra""]]",1.0,0.9697572588920593,0.8967980146408081,0.6666666666666666,1.0,0.9131342979226076,0.9218208681303468,0.930507438338086,0.9391940085458252,0.9478805787535646,0.9565671489613038,0.965253719169043,0.9739402893767823,0.9826268595845216,0.9913134297922608,1.0,0.9340111545825156,0.9588241678833018
270,"Raúl Varela Luthier is endorsed by Wenstone Amps , DS Pickups , MST Pedals , Kikemol Straps and Xavier Moyano .","Xavier Moyano is supported by Wenstone Amps , DS Pickups , MST Pedals , Kikemol Straps and Raúl Varela Luthier .","[[""Raúl_Varela_Luthier"", ""endorsed_by"", ""Wenstone_Amps""], [""Raúl_Varela_Luthier"", ""endorsed_by"", ""DS_Pickups""], [""Raúl_Varela_Luthier"", ""endorsed_by"", ""MST_Pedals""], [""Raúl_Varela_Luthier"", ""endorsed_by"", ""Kikemol_Straps""], [""Raúl_Varela_Luthier"", ""endorsed_by"", ""Xavier_Moyano""]]","[[""Xavier_Moyano"", ""supported_by"", ""Wenstone_Amps""], [""Xavier_Moyano"", ""supported_by"", ""DS_Pickups""], [""Xavier_Moyano"", ""supported_by"", ""MST_Pedals""], [""Xavier_Moyano"", ""supported_by"", ""Kikemol_Straps""], [""Xavier_Moyano"", ""supported_by"", ""Raúl_Varela_Luthier""]]",0.31426968052735443,0.9999998807907104,1.0,0.7222222222222222,0.31426968052735443,0.6504375562078377,0.6168207686397894,0.5832039810717411,0.5495871935036927,0.5159704059356444,0.48235361836759605,0.44873683079954774,0.4151200432314994,0.3815032556634511,0.34788646809540275,0.31426968052735443,0.6928420324485705,0.7940604401069715
271,"On August 30 , 2017 , the Chicago Red Stars acquired Kristie Mewis from Dash für Brian .","On August 30 , 2017 , the Chicago Red Stars acquired Kristie Mewis from the Dash for Brian .","[[""Chicago_Red_Stars"", ""acquired"", ""Kristie_Mewis""], [""Chicago_Red_Stars"", ""acquired_Kristie_Mewis_from"", ""Dash""], [""Dash"", ""traded_Kristie_Mewis_for"", ""Brian""]]","[[""Chicago_Red_Stars"", ""acquired"", ""Kristie_Mewis""], [""Chicago_Red_Stars"", ""acquired_Kristie_Mewis_from"", ""Dash""], [""Dash"", ""traded_Kristie_Mewis_for"", ""Brian""]]",1.0,1.0,0.9999998807907104,1.0,1.0,0.9999999988283531,0.9999999989455178,0.9999999990626824,0.9999999991798472,0.9999999992970119,0.9999999994141766,0.9999999995313412,0.9999999996485059,0.9999999997656706,0.9999999998828353,1.0,1.0,0.9999999916890142
272,"Vitetta 's former student , Linda Buck , won the Nobel Prize in Physiology or Medicine in 2004 .","Linda Buck , former student of Vitetta , won the 2004 Nobel Prize in Physiology or Medicine in 2004 .","[[""Vitetta"", ""former_student"", ""Linda_Buck""], [""Linda_Buck"", ""won"", ""Nobel_Prize_in_Physiology_or_Medicine""], [""Nobel_Prize_in_Physiology_or_Medicine"", ""year"", ""2004""]]","[[""Vitetta"", ""former_student"", ""Linda_Buck""], [""Linda_Buck"", ""won"", ""Nobel_Prize_in_Physiology_or_Medicine""], [""Nobel_Prize_in_Physiology_or_Medicine"", ""year"", ""2004""]]",1.0,1.0,1.0,1.0,1.0,1.0,1.0,1.0,1.0,1.0,1.0,1.0,1.0,1.0,1.0,1.0,1.0,0.9999999873244695
273,"The Legacy of the Aldenata , also known as the Posleen War Series , is the military universe of one of John Ringo 's fictional science fiction series .","The heritage of the Aldenata , also known as the Posleen War Series , is the military universe of one of the fictional science - fiction - series by John Ringo .","[[""Legacy_of_the_Aldenata"", ""also_known_as"", ""Posleen_War_Series""], [""Posleen_War_Series"", ""is"", ""military_universe""], [""Legacy_of_the_Aldenata"", ""is"", ""military_universe""], [""John_Ringo"", ""creator"", ""Legacy_of_the_Aldenata""], [""Legacy_of_the_Aldenata"", ""instance_of"", ""science_fiction_series""]]","[[""Heritage_of_the_Aldenata"", ""also_known_as"", ""Posleen_War_Series""], [""Posleen_War_Series"", ""is"", ""military_universe""], [""Heritage_of_the_Aldenata"", ""is"", ""military_universe""], [""John_Ringo"", ""author_of"", ""Heritage_of_the_Aldenata""], [""Heritage_of_the_Aldenata"", ""instance_of"", ""science_fiction_series""]]",1.0,0.8787529468536377,0.9378139972686768,0.8,1.0,0.9676349021699611,0.970871411952965,0.9741079217359689,0.9773444315189728,0.9805809413019766,0.9838174510849805,0.9870539608679845,0.9902904706509883,0.9935269804339922,0.9967634902169961,1.0,0.949610266335837,0.8484373157027377
274,In February 2016 it was announced that John Kasich has joined Governor Kasich of Ohio as National Co Chairman and California State Chairman for Steve Poizner for President .,"In February 2016 , it was announced that Steve Poizner has joined Governor John Kasich of Ohio as National Co Chairman and California State Chairman for Kasich as President .","[[""John_Kasich"", ""joined"", ""Steve_Poizner_for_President""], [""John_Kasich"", ""is"", ""National_Co_Chairman""], [""John_Kasich"", ""is"", ""California_State_Chairman""], [""Steve_Poizner_for_President"", ""has"", ""National_Co_Chairman""], [""Steve_Poizner_for_President"", ""has"", ""California_State_Chairman""], [""John_Kasich"", ""is"", ""Governor_of_Ohio""]]","[[""Steve_Poizner"", ""joined"", ""John_Kasich_for_President""], [""Steve_Poizner"", ""is"", ""National_Co_Chairman""], [""Steve_Poizner"", ""is"", ""California_State_Chairman""], [""John_Kasich_for_President"", ""has"", ""National_Co_Chairman""], [""John_Kasich_for_President"", ""has"", ""California_State_Chairman""], [""John_Kasich"", ""is"", ""Governor_of_Ohio""]]",0.6666666666666666,0.7452120184898376,0.8860305547714233,0.5781515884776753,0.6085806194501846,0.9958457746235528,0.957119259106216,0.9183927435888792,0.8796662280715423,0.8409397125542055,0.8022131970368687,0.7634866815195319,0.7247601660021951,0.6860336504848582,0.6473071349675215,0.6085806194501846,0.9554269568950837,0.9760150825687535
275,"Diseases associated with this species include : DCV : increased reproductive potential , extremely high when associated with pathogenic injected mortality , CrPV : paralysis and death .",Diseases associated with this genus include : DCV : increased reproductive potential ; extremely pathogenic when injected with high associated mortality ; CrPV : paralysis and death .,"[[""this_species"", ""associated_with"", ""DCV""], [""DCV"", ""causes"", ""increased_reproductive_potential""], [""DCV"", ""causes"", ""high_mortality""], [""this_species"", ""associated_with"", ""CrPV""], [""CrPV"", ""causes"", ""paralysis""], [""CrPV"", ""causes"", ""death""]]","[[""this_genus"", ""associated_with"", ""DCV""], [""DCV"", ""causes"", ""increased_reproductive_potential""], [""DCV"", ""causes"", ""high_mortality""], [""this_genus"", ""associated_with"", ""CrPV""], [""CrPV"", ""causes"", ""paralysis""], [""CrPV"", ""causes"", ""death""]]",1.0,0.9100423455238342,0.9728050231933594,0.8571428571428571,1.0,0.9874901307010296,0.9887411176309266,0.9899921045608238,0.9912430914907207,0.9924940784206178,0.9937450653505149,0.9949960522804119,0.9962470392103089,0.997498026140206,0.998749013070103,1.0,0.980947095851564,0.9670530514000302
276,"In 1971 , a primary campus in 33 MacDonnell Road was completed for the new school .","In 1971 , a main campus was completed for the new school in 33 MacDonnell Road .","[[""new_school"", ""has_campus_at"", ""33_MacDonnell_Road""], [""33_MacDonnell_Road"", ""completed_in"", ""1971""], [""new_school"", ""has_primary_campus"", ""33_MacDonnell_Road""]]","[[""new_school"", ""has_campus_at"", ""33_MacDonnell_Road""], [""33_MacDonnell_Road"", ""completed_in"", ""1971""], [""new_school"", ""has_main_campus"", ""33_MacDonnell_Road""]]",1.0,1.0,1.0,1.0,1.0,0.996550553272756,0.9968954979454804,0.9972404426182049,0.997585387290929,0.9979303319636535,0.998275276636378,0.9986202213091024,0.9989651659818268,0.9993101106545512,0.9996550553272756,1.0,0.985717634677942,0.9833613906807899
277,The mountain railway of Taiping was commissioned in 1920 and connected to the Luodong forest railway in 1924 .,Taiping Mountain Forest Railway was commissioned in 1920 and connected to the Luodong Forest Railway in 1924 .,"[[""Taiping"", ""commissioned_in"", ""1920""], [""Taiping"", ""connected_to"", ""Luodong_forest_railway""], [""Taiping"", ""connected_in"", ""1924""]]","[[""Taiping_Mountain_Forest_Railway"", ""commissioned_in"", ""1920""], [""Taiping_Mountain_Forest_Railway"", ""connected_to"", ""Luodong_Forest_Railway""], [""Taiping_Mountain_Forest_Railway"", ""connected_in"", ""1924""]]",0.6254627916220946,0.9736839532852173,0.941264271736145,0.75,0.75,0.8130739378597146,0.8067665440737433,0.8004591502877717,0.7941517565018001,0.7878443627158288,0.7815369689298572,0.7752295751438858,0.7689221813579143,0.762614787571943,0.7563073937859714,0.75,0.8775162825771674,0.7620254243039657
278,"In July 2013 , Lone Star Comics sold off three of their five remaining stores in Plano , Hurst and Mesquite .","In July 2013 , Lone Star sold comics three of their five remaining stores in Mesquite , Hurst and Plano .","[[""Lone_Star_Comics"", ""sold"", ""three_stores""], [""three_stores"", ""location"", ""Plano""], [""three_stores"", ""location"", ""Hurst""], [""three_stores"", ""location"", ""Mesquite""], [""Lone_Star_Comics"", ""had"", ""five_remaining_stores""]]","[[""Lone_Star"", ""sold"", ""three_stores""], [""three_stores"", ""location"", ""Mesquite""], [""three_stores"", ""location"", ""Hurst""], [""three_stores"", ""location"", ""Plano""], [""Lone_Star"", ""had"", ""five_remaining_stores""]]",1.0,0.8800690174102783,0.9628387689590454,0.8333333333333334,1.0,0.9732336483762041,0.9759102835385837,0.9785869187009633,0.9812635538633427,0.9839401890257224,0.986616824188102,0.9892934593504816,0.9919700945128612,0.9946467296752408,0.9973233648376204,1.0,0.9663835329097492,0.9360663347613938
279,The 2010 season -- 11 Rain or Shine Elasto painter was the fifth season of the franchise at the Philippine Basketball Association ( PBA ) .,The 2010 - 11 Rain or Shine Elasto Painters season was the fifth season of the franchise in the PBA ( Philippine Basketball Association ) .,"[[""2010_season"", ""is"", ""fifth_season""], [""2010_season"", ""of"", ""Rain_or_Shine_Elasto_Painter""], [""Rain_or_Shine_Elasto_Painter"", ""part_of"", ""PBA""], [""PBA"", ""stands_for"", ""Philippine_Basketball_Association""]]","[[""2010-11_Rain_or_Shine_Elasto_Painters_season"", ""is"", ""fifth_season""], [""2010-11_Rain_or_Shine_Elasto_Painters_season"", ""of"", ""Rain_or_Shine_Elasto_Painters""], [""Rain_or_Shine_Elasto_Painters"", ""part_of"", ""PBA""], [""PBA"", ""stands_for"", ""Philippine_Basketball_Association""]]",0.5833333333333334,0.4185768663883209,0.7566254138946533,0.6,0.8068715304598785,0.9394075279263097,0.9261539281796666,0.9129003284330235,0.8996467286863802,0.8863931289397371,0.8731395291930941,0.8598859294464509,0.8466323296998077,0.8333787299531648,0.8201251302065216,0.8068715304598785,0.9259386188357651,0.9499968233129483
280,William and Elizabeth died the following year in 1859 .,"In 1859 , Elizabeth died and in the following year William died .","[[""William"", ""died_in"", ""1859""], [""Elizabeth"", ""died_in"", ""1859""]]","[[""Elizabeth"", ""died_in"", ""1859""], [""William"", ""died_in"", ""following_year""]]",0.13608276348795434,0.8096182942390442,0.8970745205879211,0.14433756729740643,0.13608276348795434,0.9362540692138452,0.8562369386412562,0.7762198080686671,0.6962026774960779,0.6161855469234889,0.5361684163508997,0.4561512857783107,0.3761341552057217,0.2961170246331325,0.21609989406054342,0.13608276348795434,0.9322237419619922,0.9331928141301432
281,"Since 2002 , Scotland A has participated in the Amateur Four Nations competition and visited Italy , the Netherlands and Serbia .","Since 2002 , Scotland A has participated in the Amateur Four Nations competition and toured Serbia , the Netherlands , and Italy .","[[""Scotland_A"", ""participated_in"", ""Amateur_Four_Nations""], [""Scotland_A"", ""visited"", ""Italy""], [""Scotland_A"", ""visited"", ""Netherlands""], [""Scotland_A"", ""visited"", ""Serbia""]]","[[""Scotland_A"", ""participated_in"", ""Amateur_Four_Nations""], [""Scotland_A"", ""toured"", ""Serbia""], [""Scotland_A"", ""toured"", ""Netherlands""], [""Scotland_A"", ""toured"", ""Italy""]]",1.0,1.0,1.0,1.0,1.0,0.9533208529742568,0.9579887676768312,0.9626566823794056,0.9673245970819797,0.9719925117845541,0.9766604264871284,0.9813283411897027,0.985996255892277,0.9906641705948513,0.9953320852974257,1.0,0.9333502556797671,0.8694396784747213
282,Ahmet Kaya was accused of plagiarizing the melody of `` Million Years Ago '' from singer Adele 's 1985 song `` Acilara Tutunmak '' .,Ahmet Kaya was accused of plagiarizing the melody of `` Million Years Ago '' from the song `` Acilara Tutunmak '' by singer Adele in 1985 .,"[[""Ahmet_Kaya"", ""accused_of_plagiarizing"", ""Million_Years_Ago""], [""Million_Years_Ago"", ""plagiarized_from"", ""Acilara_Tutunmak""], [""Acilara_Tutunmak"", ""by"", ""Adele""], [""Acilara_Tutunmak"", ""released_in"", ""1985""]]","[[""Ahmet_Kaya"", ""accused_of_plagiarizing"", ""Million_Years_Ago""], [""Million_Years_Ago"", ""plagiarized_from"", ""Acilara_Tutunmak""], [""Acilara_Tutunmak"", ""by"", ""Adele""], [""Acilara_Tutunmak"", ""released_in"", ""1985""]]",1.0,0.9999999403953552,1.0,1.0,1.0,0.9999999984009206,0.9999999985608286,0.9999999987207364,0.9999999988806443,0.9999999990405524,0.9999999992004602,0.9999999993603682,0.9999999995202762,0.999999999680184,0.999999999840092,1.0,1.0,0.9999999876823539
283,His father had been a blacksmith and inventor and had worked in California with iron rope .,His father had been a blacksmith and an inventor and had worked in Scotland with the iron rope .,"[[""His_father"", ""was"", ""blacksmith""], [""His_father"", ""was"", ""inventor""], [""His_father"", ""worked_in"", ""California""], [""His_father"", ""worked_with"", ""iron_rope""]]","[[""His_father"", ""was"", ""blacksmith""], [""His_father"", ""was"", ""inventor""], [""His_father"", ""worked_in"", ""Scotland""], [""His_father"", ""worked_with"", ""iron_rope""]]",0.6333333333333333,0.9244404435157776,0.9414167404174805,0.6333333333333333,0.6333333333333333,0.9734573322604679,0.9394449323677545,0.9054325324750411,0.8714201325823274,0.8374077326896141,0.8033953327969006,0.7693829329041871,0.7353705330114737,0.7013581331187603,0.6673457332260467,0.6333333333333333,0.9178291243177755,0.9416768661563987
284,In 1989 he won posthumously the `` Personal Outstanding Contribution to the Radio '' of Broadcasting Press Guild .,In 1989 he posthumously won the Personal Outstanding Contribution to Radio award from the Broadcasting Press Guild .,"[[""he"", ""won_in"", ""1989""], [""he"", ""won"", ""Personal_Outstanding_Contribution_to_the_Radio""], [""Personal_Outstanding_Contribution_to_the_Radio"", ""awarded_by"", ""Broadcasting_Press_Guild""]]","[[""he"", ""won_in"", ""1989""], [""he"", ""won"", ""Personal_Outstanding_Contribution_to_Radio""], [""Personal_Outstanding_Contribution_to_Radio"", ""awarded_by"", ""Broadcasting_Press_Guild""]]",1.0,0.9643809795379639,0.9312098026275635,0.5416666666666666,1.0,0.9971445849873047,0.9974301264885742,0.9977156679898438,0.9980012094911133,0.9982867509923828,0.9985722924936524,0.9988578339949219,0.9991433754961914,0.999428916997461,0.9997144584987305,1.0,0.9973776555206789,0.9978532163701195
285,"It is thick laterally , but thinner medially under the coracoacromial ligament .","It is laterally thick , but medially under the ligament coracoacromialis thinner .","[[""coracoacromial_ligament"", ""location"", ""laterally""], [""coracoacromial_ligament"", ""location"", ""medially""]]","[[""ligament_coracoacromialis"", ""location"", ""laterally""], [""ligament_coracoacromialis"", ""location"", ""medially""]]",1.0,0.9065505266189575,0.9505592584609985,0.6666666666666666,1.0,0.9780309764754277,0.9802278788278849,0.9824247811803422,0.9846216835327994,0.9868185858852566,0.9890154882377138,0.9912123905901711,0.9934092929426284,0.9956061952950855,0.9978030976475427,1.0,0.9835448709692984,0.9837802803416331
286,"Major greyhound racing venues include Wentworth Park in Sydney , Cannington Raceway in Perth , Greyhound Park in Adelaide , Albion Park in Brisbane and Sandown Greyhounds in Melbourne .","Greyhound hosting venues include Wentworth Park in Sydney , Cannington Raceway in Perth , Greyhound Park in Adelaide , Albion Park in Brisbane , and Sandown Greyhound in Melbourne .","[[""Wentworth_Park"", ""location"", ""Sydney""], [""Cannington_Raceway"", ""location"", ""Perth""], [""Greyhound_Park"", ""location"", ""Adelaide""], [""Albion_Park"", ""location"", ""Brisbane""], [""Sandown_Greyhounds"", ""location"", ""Melbourne""], [""Wentworth_Park"", ""instance_of"", ""greyhound_racing_venue""], [""Cannington_Raceway"", ""instance_of"", ""greyhound_racing_venue""], [""Greyhound_Park"", ""instance_of"", ""greyhound_racing_venue""], [""Albion_Park"", ""instance_of"", ""greyhound_racing_venue""], [""Sandown_Greyhounds"", ""instance_of"", ""greyhound_racing_venue""]]","[[""Wentworth_Park"", ""location"", ""Sydney""], [""Cannington_Raceway"", ""location"", ""Perth""], [""Greyhound_Park"", ""location"", ""Adelaide""], [""Albion_Park"", ""location"", ""Brisbane""], [""Sandown_Greyhound"", ""location"", ""Melbourne""], [""Wentworth_Park"", ""instance_of"", ""greyhound_hosting_venue""], [""Cannington_Raceway"", ""instance_of"", ""greyhound_hosting_venue""], [""Greyhound_Park"", ""instance_of"", ""greyhound_hosting_venue""], [""Albion_Park"", ""instance_of"", ""greyhound_hosting_venue""], [""Sandown_Greyhound"", ""instance_of"", ""greyhound_hosting_venue""]]",1.0,0.8645740747451782,0.9648644924163818,0.5151515151515151,1.0,0.9551889461427486,0.9596700515284737,0.964151156914199,0.9686322622999239,0.9731133676856492,0.9775944730713744,0.9820755784570995,0.9865566838428246,0.9910377892285498,0.9955188946142749,1.0,0.9625133186581305,0.9814837562002023
287,"Caspar David Friedrich was born on 5 September 1774 , in Germany , on the Baltic coast of Greifswald , Swedish Pomerania .","Caspar David Friedrich was born on September 5 , 1774 in Greifswald , Sweden , Pomerania , on the Baltic coast of Germany .","[[""Caspar_David_Friedrich"", ""born_on"", ""5_September_1774""], [""Caspar_David_Friedrich"", ""born_in"", ""Greifswald""], [""Caspar_David_Friedrich"", ""born_in"", ""Germany""], [""Greifswald"", ""location"", ""Baltic_coast""], [""Greifswald"", ""location"", ""Swedish_Pomerania""]]","[[""Caspar_David_Friedrich"", ""born_on"", ""September_5_1774""], [""Caspar_David_Friedrich"", ""born_in"", ""Greifswald""], [""Greifswald"", ""location"", ""Sweden""], [""Greifswald"", ""location"", ""Pomerania""], [""Greifswald"", ""location"", ""Baltic_coast""], [""Greifswald"", ""location"", ""Germany""]]",0.7607257743127307,0.482789546251297,0.8927048444747925,0.3600411499115478,0.7607257743127307,0.9804441932324415,0.9584723513404704,0.9365005094484993,0.9145286675565283,0.8925568256645572,0.8705849837725861,0.848613141880615,0.8266412999886439,0.8046694580966729,0.7826976162047018,0.7607257743127307,0.963168306682674,0.9353172255232205
288,The River Piatra Caprei is a tributary of the river Sâmbăta in Romania .,The Sâmbăta River is a tributary of the Piatra Caprei River in Romania .,"[[""River_Piatra_Caprei"", ""is_tributary_of"", ""Sâmbăta""], [""River_Piatra_Caprei"", ""location"", ""Romania""]]","[[""Sâmbăta_River"", ""is_tributary_of"", ""Piatra_Caprei_River""], [""Sâmbăta_River"", ""location"", ""Romania""]]",0.4444444444444444,0.0,0.12605710327625275,0.3333333333333333,0.4444444444444444,0.8936114407656846,0.8486947411335605,0.8037780415014366,0.7588613418693124,0.7139446422371886,0.6690279426050645,0.6241112429729405,0.5791945433408165,0.5342778437086925,0.4893611440765684,0.4444444444444444,0.8925828716155221,0.9365023535874568
289,"The novel was adapted as a BBC Radio 4 Book at Bedtime by Lu Kemp in 2008 , read by Toby Stephens and produced by Kirsty Williams .","The novel was adapted by Lu Kemp as BBC Radio 4 book near Bedtime in 2008 , read by Toby Stephens and produced by Kirsty Williams .","[[""novel"", ""adapted_by"", ""Lu_Kemp""], [""novel"", ""read_by"", ""Toby_Stephens""], [""novel"", ""produced_by"", ""Kirsty_Williams""], [""novel"", ""adapted_as"", ""BBC_Radio_4_Book_at_Bedtime""], [""BBC_Radio_4_Book_at_Bedtime"", ""broadcast_in"", ""2008""]]","[[""novel"", ""adapted_by"", ""Lu_Kemp""], [""novel"", ""read_by"", ""Toby_Stephens""], [""novel"", ""produced_by"", ""Kirsty_Williams""], [""novel"", ""adapted_as"", ""BBC_Radio_4_book_near_Bedtime""], [""BBC_Radio_4_book_near_Bedtime"", ""broadcast_in"", ""2008""]]",1.0,0.9904249310493469,0.9234857559204102,0.6944444444444444,1.0,0.9914794172042005,0.9923314754837804,0.9931835337633605,0.9940355920429402,0.9948876503225204,0.9957397086021003,0.9965917668816802,0.9974438251612602,0.9982958834408401,0.9991479417204201,1.0,0.990710686977375,0.9887531827755124
290,"`` Sex with Me '' was assisted by Chris Galland at Larrabee Studios in Universal City , California and was mixed by Manny Marroquin and Ike Schultz .","`` Sex with Me '' was mixed by Manny Marroquin at Larrabee Studios in Universal City , California and supported by Chris Galland and Ike Schultz .","[[""Sex_with_Me"", ""assisted_by"", ""Chris_Galland""], [""Sex_with_Me"", ""mixed_by"", ""Manny_Marroquin""], [""Sex_with_Me"", ""mixed_by"", ""Ike_Schultz""], [""Larrabee_Studios"", ""location"", ""Universal_City""], [""Larrabee_Studios"", ""location"", ""California""]]","[[""Sex_with_Me"", ""mixed_by"", ""Manny_Marroquin""], [""Sex_with_Me"", ""supported_by"", ""Chris_Galland""], [""Sex_with_Me"", ""supported_by"", ""Ike_Schultz""], [""Larrabee_Studios"", ""location"", ""Universal_City""], [""Larrabee_Studios"", ""location"", ""California""]]",0.7972339748041415,1.0,0.9999999403953552,1.0,0.7972339748041415,0.9577083618427138,0.9416609231388565,0.9256134844349995,0.9095660457311421,0.8935186070272849,0.8774711683234276,0.8614237296195704,0.8453762909157132,0.8293288522118559,0.8132814135079988,0.7972339748041415,0.947346073739189,0.9539573773056881
291,"In the past , when Yue Yi attacked the Qi state , he conquered over 70 cities in Qi , except for Ju and Jimo because of Tian Dan .","When Yue Yi conquered the Qi state in the past , he attacked more than 70 cities in Qi , except Ju and Jimo for Tian Dan .","[[""Yue_Yi"", ""attacked"", ""Qi_state""], [""Yue_Yi"", ""conquered"", ""over_70_cities_in_Qi""], [""Yue_Yi"", ""spared"", ""Ju""], [""Yue_Yi"", ""spared"", ""Jimo""], [""Yue_Yi"", ""acted_for"", ""Tian_Dan""]]","[[""Yue_Yi"", ""conquered"", ""Qi_state""], [""Yue_Yi"", ""attacked"", ""more_than_70_cities_in_Qi""], [""Yue_Yi"", ""spared"", ""Ju""], [""Yue_Yi"", ""spared"", ""Jimo""], [""Yue_Yi"", ""acted_for"", ""Tian_Dan""]]",0.7607257743127307,0.7539646625518799,0.8764559030532837,0.6944444444444444,0.7607257743127307,0.9820333349999271,0.9599025789312075,0.9377718228624878,0.915641066793768,0.8935103107250485,0.8713795546563289,0.8492487985876093,0.8271180425188895,0.8049872864501699,0.7828565303814503,0.7607257743127307,0.9532988094534849,0.9840287972126629
292,The river Cârlibaba is a tributary of the River Tătarca in Romania .,The Tătarca River is a tributary of the Cârlibaba River in Romania .,"[[""Cârlibaba"", ""is_tributary_of"", ""Tătarca""], [""Cârlibaba"", ""location"", ""Romania""]]","[[""Tătarca"", ""is_tributary_of"", ""Cârlibaba""], [""Tătarca"", ""location"", ""Romania""]]",0.13608276348795434,0.9999998807907104,1.0,0.4444444444444444,0.13608276348795434,0.8368868656226641,0.7668064554091932,0.6967260451957221,0.6266456349822511,0.5565652247687802,0.48648481455530923,0.41640440434183823,0.34632399412836734,0.2762435839148963,0.2061631737014253,0.13608276348795434,0.8470044926207134,0.9160056374168692
293,The 356th byte of this version of the document would be 1.2368.792.6.0.6974.383.1988.352.0.75.2 . `` 0.1.9287 '' and the 9287th link would be 0.2.356 at the end .,The 356th byte of this version of the document would be 1.2368.792.6.0.6974.383.1988.352.0.75.2 . `` 0.1.9287 '' and the 9287th link would be 0.2.356 on the end instead .,"[[""document"", ""has_byte"", ""1.2368.792.6.0.6974.383.1988.352.0.75.2""], [""document"", ""has_byte_at_position"", ""356""], [""document"", ""has_link"", ""0.2.356""], [""document"", ""has_link_at_position"", ""9287""]]","[[""document"", ""has_byte"", ""1.2368.792.6.0.6974.383.1988.352.0.75.2""], [""document"", ""has_byte_at_position"", ""356""], [""document"", ""has_link"", ""0.2.356""], [""document"", ""has_link_at_position"", ""9287""], [""link"", ""located_at"", ""end""]]",1.0,0.5709627270698547,0.8479273319244385,0.8451542547285166,1.0,0.9999999985768425,0.9999999987191582,0.9999999988614741,0.9999999990037898,0.9999999991461055,0.9999999992884212,0.999999999430737,0.9999999995730527,0.9999999997153686,0.9999999998576843,1.0,0.9999999994039536,0.7560446106901676
294,William died in 1859 and Elizabeth died the following year .,"In 1859 , William and Elizabeth died the following year .","[[""William"", ""died_in"", ""1859""], [""Elizabeth"", ""died_in"", ""1860""]]","[[""William"", ""died_in"", ""1859""], [""Elizabeth"", ""died_in"", ""1860""]]",1.0,1.0,1.0,1.0,1.0,1.0,1.0,1.0,1.0,1.0,1.0,1.0,1.0,1.0,1.0,1.0,1.0,0.9999999905890358
295,Notable is Robert 's letter to Sarah .,Robert 's letter to Sarah is notable .,[],[],,,,,,,,,,,,,,,,,,
296,"It is the third highest village in Europe , after Trepalle in Italy and Juf in Switzerland .",After trepales in Switzerland and Juf in Italy it is the third highest village in Europe .,"[[""Europe"", ""has_village"", ""Trepalle""], [""Trepalle"", ""location"", ""Italy""], [""Europe"", ""has_village"", ""Juf""], [""Juf"", ""location"", ""Switzerland""]]","[[""Europe"", ""has_village"", ""Trepalle""], [""Trepalle"", ""location"", ""Italy""], [""Europe"", ""has_village"", ""Juf""], [""Juf"", ""location"", ""Switzerland""]]",1.0,1.0,0.9999998807907104,1.0,1.0,0.9999999986651423,0.9999999987986281,0.999999998932114,0.9999999990655997,0.9999999991990854,0.9999999993325712,0.9999999994660569,0.9999999995995428,0.9999999997330284,0.9999999998665142,1.0,0.9999999916553497,1.0
297,Cellier was born into a family of actors including his father Frank and half-sister Antoinette . His grandfather was the Gilbert and Sullivan conductor François Cellier .,"He was born into a family of actors , including his father Frank and half-sister Antoinette , his grandfather was the Gilbert and Sullivan conductor François Cellier .","[[""Cellier"", ""born_into"", ""family_of_actors""], [""Cellier"", ""father"", ""Frank""], [""Cellier"", ""half_sister"", ""Antoinette""], [""Cellier"", ""grandfather"", ""François_Cellier""], [""François_Cellier"", ""conductor_of"", ""Gilbert_and_Sullivan""]]",[],,,,,,,,,,,,,,,,,,
298,The commissioned prose history ( `` Bataviae Hollandiaeque Annales '' ) was finally published in 1601 .,"Finally , the commissioned prose history ( `` Bataviae Hollandiaeque Annales '' ) was published in 1601 .","[[""Bataviae_Hollandiaeque_Annales"", ""published_in"", ""1601""]]","[[""Bataviae_Hollandiaeque_Annales"", ""published_in"", ""1601""]]",1.0,1.0,0.9999999403953552,1.0,1.0,0.9999999145877795,0.9999999231290015,0.9999999316702237,0.9999999402114457,0.9999999487526677,0.9999999572938898,0.9999999658351117,0.9999999743763339,0.9999999829175559,0.9999999914587779,1.0,1.0,0.9999999671825945
299,The elastodynamic wave equation for anisotropic media can be expressed as follows :,The elastodynamic wave equation for anisotropic media can be expressed as,"[[""elastodynamic_wave_equation"", ""applies_to"", ""anisotropic_media""]]","[[""elastodynamic_wave_equation"", ""applies_to"", ""anisotropic_media""]]",1.0,1.0,1.0,1.0,1.0,0.999999998934405,0.9999999990409646,0.9999999991475241,0.9999999992540836,0.999999999360643,0.9999999994672025,0.9999999995737621,0.9999999996803215,0.999999999786881,0.9999999998934405,1.0,0.9999999523162824,0.9999999912764782
300,"Teewurst was invented in Poland , probably in the small Baltic town of Rügenwalde ( now Darłowo , Pomerania ) , in the middle of the 19th century .","Teewurst was invented in the middle of the 19th century in Poland , probably in the small Baltic town of Rügenwald ( today Darłowo , Pomerania ) .","[[""Teewurst"", ""invented_in"", ""Poland""], [""Teewurst"", ""invented_in"", ""Rügenwalde""], [""Rügenwalde"", ""now_known_as"", ""Darłowo""], [""Rügenwalde"", ""location"", ""Pomerania""], [""Teewurst"", ""invented_in"", ""19th_century""]]","[[""Teewurst"", ""invented_in"", ""Poland""], [""Teewurst"", ""invented_in"", ""Rügenwald""], [""Rügenwald"", ""today_known_as"", ""Darłowo""], [""Rügenwald"", ""location"", ""Pomerania""], [""Teewurst"", ""invented_in"", ""19th_century""]]",1.0,0.9440094232559204,0.9615129232406616,0.6944444444444444,1.0,0.9964683906836782,0.9968215516153104,0.9971747125469426,0.9975278734785746,0.9978810344102069,0.9982341953418391,0.9985873562734713,0.9989405172051035,0.9992936781367356,0.9996468390683678,1.0,0.9855310211409454,0.9888598984550742
301,"Greeley County , Nebraska is an unincorporated community in Belfast , United States .","Belfast is an unlawful community in Greeley County , Nebraska , in the United States .","[[""Greeley_County"", ""location"", ""Nebraska""], [""Greeley_County"", ""location"", ""Belfast""], [""Greeley_County"", ""location"", ""United_States""], [""Belfast"", ""location"", ""United_States""]]","[[""Belfast"", ""location"", ""Greeley_County""], [""Belfast"", ""location"", ""Nebraska""], [""Belfast"", ""location"", ""United_States""], [""Greeley_County"", ""location"", ""Nebraska""], [""Greeley_County"", ""location"", ""United_States""]]",1.0,1.0,1.0,0.5833333333333334,1.0,0.9985047791837202,0.9986543012653482,0.9988038233469763,0.9989533454286041,0.9991028675102321,0.9992523895918601,0.999401911673488,0.9995514337551161,0.999700955836744,0.999850477918372,1.0,0.9978698638910937,0.9858670035518502
302,"In `` The Kingdom of Auschwitz '' , Otto Friedrich wrote about Rudolf Höss , regarding his decision to display the motto so prominently at the Auschwitz entrance :",Otto Friedrich wrote in `` The Kingdom of Auschwitz '' about Rudolf Höss about his decision to present the motto so prominently at the entrance Auschwitz :,"[[""Otto_Friedrich"", ""wrote"", ""The_Kingdom_of_Auschwitz""], [""The_Kingdom_of_Auschwitz"", ""written_by"", ""Otto_Friedrich""], [""Otto_Friedrich"", ""wrote_about"", ""Rudolf_Höss""], [""Rudolf_Höss"", ""decision_made_at"", ""Auschwitz_entrance""], [""Auschwitz"", ""has_entrance"", ""Auschwitz_entrance""]]","[[""Otto_Friedrich"", ""wrote"", ""The_Kingdom_of_Auschwitz""], [""The_Kingdom_of_Auschwitz"", ""written_by"", ""Otto_Friedrich""], [""Otto_Friedrich"", ""wrote_about"", ""Rudolf_Höss""], [""Rudolf_Höss"", ""presented_motto_at"", ""Auschwitz_entrance""], [""Auschwitz"", ""has_entrance"", ""Auschwitz_entrance""]]",1.0,1.0,0.9999998807907104,1.0,1.0,0.9847704804730093,0.9862934324257083,0.9878163843784076,0.9893393363311065,0.9908622882838056,0.9923852402365047,0.9939081921892037,0.9954311441419028,0.9969540960946018,0.998477048047301,1.0,0.9479930396510723,0.9469432330351577
303,"In 2006 , Rahm Emanuel pushed for an expansion of O 'Hare and worked with Kirk on a package to clean up the Michigan Lake .","In 2006 , Kirk pushed for an expansion of O'Hare and worked with Rahm Emanuel on a package to clean up Lake Michigan .","[[""Rahm_Emanuel"", ""pushed_for_expansion_of"", ""O_Hare""], [""Rahm_Emanuel"", ""worked_with"", ""Kirk""], [""Rahm_Emanuel"", ""worked_on_package_to_clean_up"", ""Michigan_Lake""], [""Kirk"", ""worked_on_package_to_clean_up"", ""Michigan_Lake""]]","[[""Kirk"", ""pushed_for_expansion_of"", ""O_Hare""], [""Kirk"", ""worked_with"", ""Rahm_Emanuel""], [""Kirk"", ""worked_on_package_to_clean_up"", ""Lake_Michigan""], [""Rahm_Emanuel"", ""worked_on_package_to_clean_up"", ""Lake_Michigan""]]",0.5833333333333334,0.7342899441719055,0.9178958535194397,0.3333333333333333,0.5833333333333334,0.9668494398442606,0.9284978291931679,0.8901462185420752,0.8517946078909825,0.8134429972398898,0.775091386588797,0.7367397759377043,0.6983881652866115,0.6600365546355188,0.6216849439844261,0.5833333333333334,0.9597601147720829,0.974150089921739
304,"The player character is a freelance pilot from the different colony of Anatolia , who takes jobs from civilian companies .",The player character is a freelancer pilot from the civilian colony of Anatolia who takes jobs from different companies .,"[[""player_character"", ""is"", ""freelance_pilot""], [""player_character"", ""from"", ""Anatolia""], [""player_character"", ""takes_jobs_from"", ""civilian_companies""], [""Anatolia"", ""is"", ""colony""]]","[[""player_character"", ""is"", ""freelancer_pilot""], [""player_character"", ""from"", ""Anatolia""], [""player_character"", ""takes_jobs_from"", ""different_companies""], [""Anatolia"", ""is"", ""civilian_colony""]]",0.6333333333333333,0.6946368217468262,0.7467676401138306,0.06666666666666667,0.6333333333333333,0.9780021905571323,0.9435353048347525,0.9090684191123726,0.8746015333899926,0.8401346476676128,0.8056677619452328,0.7712008762228528,0.7367339905004731,0.7022671047780931,0.6678002190557132,0.6333333333333333,0.9212202527271727,0.9642379519106257
305,It was printed in 1985 by Kids Can Press and published in Hong Kong by Everbest .,It was published by Kids Can Press in 1985 and was printed by Everbest in Hong Kong .,"[[""Kids_Can_Press"", ""published_in"", ""1985""], [""Everbest"", ""printed_in"", ""Hong_Kong""]]","[[""Kids_Can_Press"", ""published_in"", ""1985""], [""Everbest"", ""printed_in"", ""Hong_Kong""]]",1.0,1.0,1.0,1.0,1.0,0.9999999316573647,0.9999999384916282,0.9999999453258919,0.9999999521601552,0.9999999589944188,0.9999999658286823,0.9999999726629458,0.9999999794972094,0.9999999863314729,0.9999999931657365,1.0,0.9999999791383744,0.9999999892636287
306,"Barney was born in Hartford , Wisconsin , and attended the public schools and Lombard College , Galesburg , Illinois .","Born in Galesburg , Illinois , Barney attended public schools and Lombard College , Hartford , Wisconsin .","[[""Barney"", ""born_in"", ""Hartford""], [""Barney"", ""attended"", ""public_schools""], [""Barney"", ""attended"", ""Lombard_College""], [""Lombard_College"", ""location"", ""Galesburg""], [""Barney"", ""attended_school_in"", ""Illinois""], [""Hartford"", ""location"", ""Wisconsin""]]","[[""Barney"", ""born_in"", ""Galesburg""], [""Barney"", ""attended"", ""public_schools""], [""Barney"", ""attended"", ""Lombard_College""], [""Lombard_College"", ""location"", ""Hartford""], [""Barney"", ""attended_school_in"", ""Wisconsin""], [""Galesburg"", ""location"", ""Illinois""]]",0.4444444444444444,0.9999999403953552,0.9999998807907104,0.5238095238095238,0.5238095238095238,0.9705085321578827,0.9258386313230469,0.881168730488211,0.836498829653375,0.7918289288185392,0.7471590279837033,0.7024891271488674,0.6578192263140314,0.6131493254791955,0.5684794246443597,0.5238095238095238,0.9318405482181261,0.8986732744823
307,"He also illustrated numerous children 's books and won five times the Levstik - Prize for his illustrations , 1958 , 1962 , 1967 , 1974 and 1975 .","He also won numerous children 's books and illustrated five times the Levstik Award for his illustrations , in 1958 , 1962 , 1967 , 1974 and 1975 .","[[""He"", ""illustrated"", ""childrens_books""], [""He"", ""won"", ""Levstik_Prize""], [""Levstik_Prize"", ""won_in"", ""1958""], [""Levstik_Prize"", ""won_in"", ""1962""], [""Levstik_Prize"", ""won_in"", ""1967""], [""Levstik_Prize"", ""won_in"", ""1974""], [""Levstik_Prize"", ""won_in"", ""1975""]]","[[""He"", ""won"", ""childrens_books""], [""He"", ""illustrated"", ""Levstik_Award""], [""Levstik_Award"", ""won_in"", ""1958""], [""Levstik_Award"", ""won_in"", ""1962""], [""Levstik_Award"", ""won_in"", ""1967""], [""Levstik_Award"", ""won_in"", ""1974""], [""Levstik_Award"", ""won_in"", ""1975""]]",1.0,0.9658178687095642,0.9886994957923889,0.7708333333333334,1.0,0.9636951718296811,0.967325654646713,0.970956137463745,0.9745866202807767,0.9782171030978086,0.9818475859148406,0.9854780687318725,0.9891085515489043,0.9927390343659362,0.9963695171829681,1.0,0.9470845188614706,0.9530393192336819
308,"On September 15 , 2015 , Johnson signed with the Romanian team SCM CSU Craiova , Johnson signed with the Polish team Stal Ostrów Wielkopolski on July 17 , 2016 .","On September 15 , 2015 , Johnson signed with the Polish team SCM CSU Craiova , Johnson signed with the Romanian team Stal Ostrów Wielkopolski on July 17 , 2016 .","[[""Johnson"", ""signed_with"", ""SCM_CSU_Craiova""], [""SCM_CSU_Craiova"", ""country"", ""Romania""], [""Johnson"", ""signed_with"", ""Stal_Ostrów_Wielkopolski""], [""Stal_Ostrów_Wielkopolski"", ""country"", ""Poland""]]","[[""Johnson"", ""signed_with"", ""SCM_CSU_Craiova""], [""SCM_CSU_Craiova"", ""country"", ""Poland""], [""Johnson"", ""signed_with"", ""Stal_Ostrów_Wielkopolski""], [""Stal_Ostrów_Wielkopolski"", ""country"", ""Romania""]]",0.5333333333333333,1.0,1.0,0.5333333333333333,0.5333333333333333,0.9969822939844019,0.950617397919295,0.9042525018541883,0.8578876057890813,0.8115227097239744,0.7651578136588676,0.7187929175937608,0.6724280215286539,0.626063125463547,0.5796982293984402,0.5333333333333333,0.9761598413094041,0.9467019782130228
309,"He reached his milestone 1500th NHL game on January 23 , 2016 , when the Tampa Bay Lightning visited the Florida Panthers .",He reached his milestone 1500th NHL game on January 23rd 2016 when the Tampa Bay Lightning visited the Florida Panthers .,"[[""He"", ""reached_milestone"", ""1500th_NHL_game""], [""1500th_NHL_game"", ""occurred_on"", ""January_23_2016""], [""Tampa_Bay_Lightning"", ""visited"", ""Florida_Panthers""], [""January_23_2016"", ""date_of"", ""1500th_NHL_game""]]","[[""He"", ""reached_milestone"", ""1500th_NHL_game""], [""1500th_NHL_game"", ""occurred_on"", ""January_23_2016""], [""Tampa_Bay_Lightning"", ""visited"", ""Florida_Panthers""], [""January_23_2016"", ""date_of"", ""1500th_NHL_game""]]",1.0,0.9999999403953552,1.0,1.0,1.0,0.9999999985758036,0.9999999987182232,0.999999998860643,0.9999999990030624,0.9999999991454821,0.9999999992879018,0.9999999994303215,0.9999999995727411,0.9999999997151607,0.9999999998575804,1.0,0.999999989271164,0.9999999887168983
310,"She was born January 30 , 1912 , the Jewish daughter of the banker Maurice Wertheim and his first wife Alma Morgenthau .","She was born on January 30 , 1912 as the first daughter of banker Maurice Wertheim and his Jewish wife Alma Morgenthau .","[[""She"", ""born_on"", ""January_30_1912""], [""She"", ""daughter_of"", ""Maurice_Wertheim""], [""She"", ""daughter_of"", ""Alma_Morgenthau""], [""Maurice_Wertheim"", ""occupation"", ""banker""], [""Alma_Morgenthau"", ""religion"", ""Jewish""]]","[[""She"", ""born_on"", ""January_30_1912""], [""She"", ""daughter_of"", ""Maurice_Wertheim""], [""She"", ""daughter_of"", ""Alma_Morgenthau""], [""Maurice_Wertheim"", ""occupation"", ""banker""], [""Alma_Morgenthau"", ""religion"", ""Jewish""]]",1.0,1.0,0.9999998807907104,1.0,1.0,1.0,1.0,1.0,1.0,1.0,1.0,1.0,1.0,1.0,1.0,1.0,1.0,0.9999999621707462
311,The company has published over 60 works in its series '' numerous other papers '' as well as occasional works published .,The society has published over 60 works in its `` occasional papers '' series as well as numerous other works .,"[[""company"", ""has_published"", ""over_60_works""], [""company"", ""published_in"", ""numerous_other_papers""], [""company"", ""published"", ""occasional_works""]]","[[""society"", ""has_published"", ""over_60_works""], [""society"", ""published_in"", ""occasional_papers""], [""society"", ""published"", ""numerous_other_works""]]",0.75,0.0,0.15769463777542114,0.25,0.75,0.7183872253152176,0.7215485027836959,0.7247097802521741,0.7278710577206523,0.7310323351891306,0.7341936126576087,0.737354890126087,0.7405161675945653,0.7436774450630436,0.7468387225315218,0.75,0.7658975087389248,0.7961681224904587
312,In this room are presented a barometer and a built-in scale .,This room is built with a barometer and a presented scale .,"[[""room"", ""has"", ""barometer""], [""room"", ""has"", ""built-in_scale""]]","[[""room"", ""has"", ""barometer""], [""room"", ""has"", ""presented_scale""]]",1.0,0.7840341329574585,0.7780407071113586,0.3888888888888889,1.0,0.9452504215889902,0.9507253794300912,0.9562003372711922,0.9616752951122931,0.9671502529533941,0.972625210794495,0.9781001686355961,0.983575126476697,0.9890500843177981,0.994525042158899,1.0,0.9240245477783199,0.9290315938240161
313,Donnelly was one of several players born in Ireland who benefited from the FAI 's attempts to establish their entire Nordic influence in Ireland .,Donnelly was one of several players born in Ireland who benefited from the FAI 's attempts to establish their all-Northern Ireland influence .,"[[""Donnelly"", ""was_born_in"", ""Ireland""], [""Donnelly"", ""benefited_from"", ""FAI""], [""FAI"", ""attempted_to-establish_influence_in"", ""Ireland""], [""FAI"", ""has_influence_type"", ""Nordic""]]","[[""Donnelly"", ""was_born_in"", ""Ireland""], [""Donnelly"", ""benefited_from"", ""FAI""], [""FAI"", ""attempted_to-establish_influence_in"", ""Ireland""], [""FAI"", ""has_influence_type"", ""all-Northern_Ireland""]]",0.20833333333333334,0.9528162479400635,0.8668289184570312,0.20833333333333334,0.20833333333333334,0.9697029783686639,0.8935660138651309,0.8174290493615978,0.7412920848580647,0.6651551203545317,0.5890181558509986,0.5128811913474656,0.43674422684393255,0.3606072623403994,0.2844702978368664,0.20833333333333334,0.9305740740065017,0.9551689594078094
314,"Speakers included many pioneers of the interactive immersive media space , including David A. Smith , Graham Smith , Sara Diamond , optical holography artist Michael Page .","Speakers included many pioneers of the interactive immersive media space , including David A. Smith , Graham Smith , and Sara Diamond , the optical holographic artist Michael Page .","[[""David_A._Smith"", ""is"", ""pioneer""], [""Graham_Smith"", ""is"", ""pioneer""], [""Sara_Diamond"", ""is"", ""pioneer""], [""Michael_Page"", ""is"", ""pioneer""], [""Michael_Page"", ""is"", ""optical_holography_artist""]]","[[""David_A._Smith"", ""is"", ""pioneer""], [""Graham_Smith"", ""is"", ""pioneer""], [""Sara_Diamond"", ""is"", ""pioneer""], [""Michael_Page"", ""is"", ""pioneer""], [""Michael_Page"", ""is"", ""optical_holographic_artist""]]",1.0,0.7002174258232117,0.956175684928894,0.5,1.0,0.9985541146536785,0.9986987031883107,0.9988432917229428,0.9989878802575749,0.9991324687922071,0.9992770573268392,0.9994216458614714,0.9995662343961036,0.9997108229307357,0.9998554114653678,1.0,0.9954933074412008,0.9960913909358291
315,Qaasuitsup ( old spelling : `` Nûluk '' ) is an uninhabited island in the Nuuluk Island municipality in northwestern Greenland .,Qaasuitsup ( old spelling : `` Nûluk '' ) is an uninhabited island in the municipality of Nuuluk Island in northwestern Greenland .,"[[""Qaasuitsup"", ""also_known_as"", ""Nûluk""], [""Qaasuitsup"", ""location"", ""Nuuluk_Island_municipality""], [""Qaasuitsup"", ""location"", ""northwestern_Greenland""], [""Qaasuitsup"", ""is"", ""uninhabited_island""]]","[[""Qaasuitsup"", ""also_known_as"", ""Nûluk""], [""Qaasuitsup"", ""location"", ""Nuuluk_Island_municipality""], [""Qaasuitsup"", ""location"", ""northwestern_Greenland""], [""Qaasuitsup"", ""is"", ""uninhabited_island""]]",1.0,1.0,1.0,1.0,1.0,0.9999999348364731,0.9999999413528258,0.9999999478691786,0.9999999543855311,0.9999999609018838,0.9999999674182365,0.9999999739345893,0.9999999804509418,0.9999999869672946,0.9999999934836473,1.0,1.0,1.0
316,"An individual of the new species was collected in 2005 , and a second one was found in 2006 .","One individual of the new species was collected in 2005 , and a second was found in 2006 .","[[""new_species"", ""had_individual_collected"", ""2005""], [""new_species"", ""had_individual_found"", ""2006""]]","[[""new_species"", ""had_individual_collected"", ""2005""], [""new_species"", ""had_individual_found"", ""2006""]]",1.0,1.0,0.9999998807907104,1.0,1.0,0.9999999990488004,0.9999999991439203,0.9999999992390405,0.9999999993341602,0.9999999994292803,0.9999999995244002,0.9999999996195201,0.9999999997146402,0.9999999998097601,0.9999999999048801,1.0,1.0,1.0
317,Kürbitz is a former municipality in the district of Vogtlandkreis in Saxony in Germany located near Plauen .,"Kürbitz is a former municipality located in the district of Vogtlandkreis in Saxony , Germany , near Plauen .","[[""Kürbitz"", ""location"", ""Vogtlandkreis""], [""Kürbitz"", ""location"", ""Saxony""], [""Kürbitz"", ""location"", ""Germany""], [""Kürbitz"", ""near"", ""Plauen""]]","[[""Kürbitz"", ""location"", ""Vogtlandkreis""], [""Kürbitz"", ""location"", ""Saxony""], [""Kürbitz"", ""location"", ""Germany""], [""Kürbitz"", ""near"", ""Plauen""]]",1.0,1.0,1.0,1.0,1.0,0.999999998955379,0.9999999990598412,0.9999999991643034,0.9999999992687654,0.9999999993732275,0.9999999994776896,0.9999999995821516,0.9999999996866138,0.9999999997910758,0.9999999998955379,1.0,0.9999999463558126,0.9999999892829349
318,"In the United States , Scion was allocated 10,000 units of the 2013 model year ( MY13 ) production , while Subaru were limited to only 6,000 units .","In the United States , Scion was allocated 10,000 units of the 2013 model year ( MY13 ) production , while Subaru was limited to only 6,000 units .","[[""Scion"", ""allocated"", ""10,000_units""], [""10,000_units"", ""production_of"", ""MY13""], [""MY13"", ""model_year"", ""2013""], [""Subaru"", ""limited_to"", ""6,000_units""], [""Scion"", ""location"", ""United_States""], [""Subaru"", ""location"", ""United_States""]]","[[""Scion"", ""allocated"", ""10,000_units""], [""10,000_units"", ""production_of"", ""MY13""], [""MY13"", ""model_year"", ""2013""], [""Subaru"", ""limited_to"", ""6,000_units""], [""Scion"", ""location"", ""United_States""], [""Subaru"", ""location"", ""United_States""]]",1.0,1.0,1.0,1.0,1.0,0.9999999086863754,0.9999999178177379,0.9999999269491004,0.9999999360804628,0.9999999452118252,0.9999999543431877,0.9999999634745502,0.9999999726059126,0.9999999817372751,0.9999999908686376,1.0,0.9999999579929153,0.9999999858545209
319,"Justice Felix Reginald Dias Bandaranaike II ( January 17 , 1891 -- October 26 , 1951 ) was a Ceylonese ( Sri Lankan ) judge and lawyer .",Justice Felix Reginald Dias Bandaranaike II ( 17 January 1891 - 26 October 1951 ) was a Sri Lankan ( Ceylonic ) judge and lawyer .,"[[""Felix_Reginald_Dias_Bandaranaike_II"", ""birth_date"", ""January_17_1891""], [""Felix_Reginald_Dias_Bandaranaike_II"", ""death_date"", ""October_26_1951""], [""Felix_Reginald_Dias_Bandaranaike_II"", ""was"", ""judge""], [""Felix_Reginald_Dias_Bandaranaike_II"", ""was"", ""lawyer""], [""Felix_Reginald_Dias_Bandaranaike_II"", ""nationality"", ""Ceylonese""], [""Felix_Reginald_Dias_Bandaranaike_II"", ""nationality"", ""Sri_Lankan""]]","[[""Felix_Reginald_Dias_Bandaranaike_II"", ""birth_date"", ""17_January_1891""], [""Felix_Reginald_Dias_Bandaranaike_II"", ""death_date"", ""26_October_1951""], [""Felix_Reginald_Dias_Bandaranaike_II"", ""was"", ""judge""], [""Felix_Reginald_Dias_Bandaranaike_II"", ""was"", ""lawyer""], [""Felix_Reginald_Dias_Bandaranaike_II"", ""nationality"", ""Sri_Lankan""], [""Felix_Reginald_Dias_Bandaranaike_II"", ""nationality"", ""Ceylonic""]]",1.0,0.5678905248641968,0.8486942052841187,0.4523809523809524,1.0,0.9995931273991718,0.9996338146592546,0.9996745019193376,0.9997151891794203,0.9997558764395031,0.9997965636995859,0.9998372509596687,0.9998779382197516,0.9999186254798343,0.9999593127399172,1.0,0.9945164074412787,0.9970309566675426
320,"1 was written by Ryan Sohmer , drawn by Lar deSouza and colored by Marc Brunet .","1 was written by Ryan Sohmer , drawn by Lar deSouza , and coloured by Marc Brunet .","[[""Ryan_Sohmer"", ""wrote"", ""1""], [""Lar_deSouza"", ""drew"", ""1""], [""Marc_Brunet"", ""colored"", ""1""]]","[[""Ryan_Sohmer"", ""wrote"", ""1""], [""Lar_deSouza"", ""drew"", ""1""], [""Marc_Brunet"", ""coloured"", ""1""]]",1.0,1.0,1.0,1.0,1.0,0.9951296104234383,0.9956166493810944,0.9961036883387506,0.9965907272964067,0.997077766254063,0.9975648052117192,0.9980518441693753,0.9985388831270314,0.9990259220846877,0.9995129610423439,1.0,0.9923622741424583,0.9965059660321215
321,"The office was moved to Delhi Mills and reconstructed in February 1871 , although the Scio office was renamed in September 1871 .","The office was moved to Delhi Mills and re-established in February 1871 , though the Scio office was renamed in September 1871 .","[[""office"", ""moved_to"", ""Delhi_Mills""], [""office"", ""reconstructed_in"", ""February_1871""], [""Scio_office"", ""renamed_in"", ""September_1871""]]","[[""office"", ""moved_to"", ""Delhi_Mills""], [""office"", ""re-established_in"", ""February_1871""], [""Scio_office"", ""renamed_in"", ""September_1871""]]",1.0,1.0,1.0,1.0,1.0,0.9797887741688044,0.981809896751924,0.9838310193350435,0.985852141918163,0.9878732645012827,0.9898943870844021,0.9919155096675217,0.9939366322506413,0.9959577548337608,0.9979788774168804,1.0,0.9605713442396946,0.9670856053735187
322,Schools that were closed when Harlem Consolidated was formed include Lovejoy School ( District No . 49 ) in Harlem Township .,Schools which were closed when Harlem Consolidated was formed include Lovejoy School ( District 49 ) in Harlem Township .,"[[""Harlem_Consolidated"", ""formed_from"", ""Lovejoy_School""], [""Lovejoy_School"", ""location"", ""Harlem_Township""], [""Lovejoy_School"", ""district"", ""District_49""]]","[[""Harlem_Consolidated"", ""formed_from"", ""Lovejoy_School""], [""Lovejoy_School"", ""location"", ""Harlem_Township""], [""Lovejoy_School"", ""district"", ""District_49""]]",1.0,1.0,1.0,1.0,1.0,0.9999999988640946,0.9999999989776852,0.9999999990912758,0.9999999992048663,0.9999999993184567,0.9999999994320473,0.9999999995456379,0.9999999996592284,0.999999999772819,0.9999999998864094,1.0,0.9999999612569791,1.0
323,"The District Cabinet is led by Anne Marit Mevassvik and has four members , from the Conservative Party , the Labour Party and the Christian Democratic Party .","The county cabinet is led by Anne Marit Mevassvik and has four members , from the Conservative Party , the Labour Party and the Christian Democratic Party .","[[""District_Cabinet"", ""led_by"", ""Anne_Marit_Mevassvik""], [""District_Cabinet"", ""has_members_from"", ""Conservative_Party""], [""District_Cabinet"", ""has_members_from"", ""Labour_Party""], [""District_Cabinet"", ""has_members_from"", ""Christian_Democratic_Party""], [""District_Cabinet"", ""has"", ""four_members""]]","[[""County_Cabinet"", ""led_by"", ""Anne_Marit_Mevassvik""], [""County_Cabinet"", ""has_members_from"", ""Conservative_Party""], [""County_Cabinet"", ""has_members_from"", ""Labour_Party""], [""County_Cabinet"", ""has_members_from"", ""Christian_Democratic_Party""], [""County_Cabinet"", ""has"", ""four_members""]]",1.0,0.9654458165168762,0.9850637912750244,0.8333333333333334,1.0,0.8604834863505644,0.874435137715508,0.8883867890804515,0.9023384404453949,0.9162900918103386,0.9302417431752822,0.9441933945402258,0.9581450459051692,0.9720966972701128,0.9860483486350564,1.0,0.9228294940845057,0.9469953470955443
324,Quintus Caecilius Metellus Macedonicus was the second son of Roman politician and general Lucius Caecilius Metellus Diadematus .,Quintessus Caecilius Metellus Macedonicus was the second son of Roman politician and General Lucius Caecilius Metellus Diadematus .,"[[""Quintus_Caecilius_Metellus_Macedonicus"", ""was_second_son_of"", ""Lucius_Caecilius_Metellus_Diadematus""], [""Lucius_Caecilius_Metellus_Diadematus"", ""is"", ""Roman_politician""], [""Lucius_Caecilius_Metellus_Diadematus"", ""is"", ""Roman_general""]]","[[""Quintessus_Caecilius_Metellus_Macedonicus"", ""was_second_son_of"", ""Lucius_Caecilius_Metellus_Diadematus""], [""Lucius_Caecilius_Metellus_Diadematus"", ""is"", ""Roman_politician""], [""Lucius_Caecilius_Metellus_Diadematus"", ""is"", ""General""]]",1.0,0.7713823914527893,0.8498637676239014,0.2916666666666667,0.5892556509887896,0.9837043825661931,0.9442595094084527,0.9048146362507125,0.865369763092972,0.8259248899352317,0.7864800167774914,0.7470351436197511,0.7075902704620107,0.6681453973042704,0.62870052414653,0.5892556509887896,0.9704796227567123,0.9862608468360332
325,"In 2015 , Trenyce hosted the Franco Dragone-produced cabaret show `` Taboo '' at the casino City of Dreams in Macau , China .","In 2015 , Trenyce hosted the cabaret show `` Taboo at the Casino City of Dreams in Macau , China , produced by Franco Dragone .","[[""Trenyce"", ""hosted"", ""Taboo""], [""Taboo"", ""location"", ""City_of_Dreams""], [""City_of_Dreams"", ""location"", ""Macau""], [""Macau"", ""country"", ""China""], [""Taboo"", ""producer"", ""Franco_Dragone""]]","[[""Trenyce"", ""hosted"", ""Taboo""], [""Taboo"", ""location"", ""City_of_Dreams""], [""City_of_Dreams"", ""location"", ""Macau""], [""Macau"", ""country"", ""China""], [""Taboo"", ""producer"", ""Franco_Dragone""]]",1.0,1.0,1.0,1.0,1.0,0.9999999982851271,0.9999999984566144,0.9999999986281016,0.9999999987995889,0.9999999989710763,0.9999999991425635,0.9999999993140508,0.9999999994855382,0.9999999996570255,0.9999999998285127,1.0,1.0,0.9999999859600303
326,"Giles ' gothic novel , `` Playing in Traffic '' , is an epic story about a boy trying to help a third girl .",Giles ' ; Gothic - Roman `` Playing in Traffic '' is an epic story about a boy who is trying to help a third girl .,"[[""Giles"", ""creator"", ""Playing_in_Traffic""], [""Playing_in_Traffic"", ""instance_of"", ""gothic_novel""], [""Playing_in_Traffic"", ""has_plot"", ""boy_helping_third_girl""]]","[[""Giles"", ""creator"", ""Playing_in_Traffic""], [""Playing_in_Traffic"", ""instance_of"", ""Gothic_Roman""], [""Playing_in_Traffic"", ""has_plot"", ""boy_helping_third_girl""]]",1.0,0.9496384263038635,0.8942310214042664,0.375,1.0,0.9810543188896466,0.982948887000682,0.9848434551117173,0.9867380232227525,0.9886325913337879,0.9905271594448233,0.9924217275558587,0.994316295666894,0.9962108637779293,0.9981054318889646,1.0,0.9568934519114991,0.9572610856012803
327,There is a juice shop which provides fresh juice for all .,There is a juice shop which provides fresh juice for all .,"[[""juice_shop"", ""provides"", ""fresh_juice""]]","[[""juice_shop"", ""provides"", ""fresh_juice""]]",1.0,1.0,1.0,1.0,1.0,0.9999999991442113,0.9999999992297902,0.9999999993153692,0.9999999994009479,0.9999999994865268,0.9999999995721056,0.9999999996576845,0.9999999997432634,0.9999999998288422,0.9999999999144211,1.0,1.0,1.0
328,The leaves are generally 1.5-4 mm wide and 0.2-0.7 mm long .,The leaves are typically 1.5-4 mm wide and 0.2-0.7 mm long .,"[[""leaves"", ""width"", ""1.5-4_mm""], [""leaves"", ""length"", ""0.2-0.7_mm""]]","[[""leaves"", ""width"", ""1.5-4_mm""], [""leaves"", ""length"", ""0.2-0.7_mm""]]",1.0,1.0,1.0,1.0,1.0,0.9999999990720222,0.99999999916482,0.9999999992576178,0.9999999993504154,0.9999999994432133,0.9999999995360112,0.9999999996288089,0.9999999997216067,0.9999999998144045,0.9999999999072022,1.0,0.9999999940395355,0.9999999914261011
329,"Nashville , TN is part of the Hopkinsville television market .","Hopkinsville is part of the television market of Nashville , TN .","[[""Nashville"", ""part_of"", ""Hopkinsville_television_market""], [""Hopkinsville_television_market"", ""location"", ""Nashville_TN""]]","[[""Hopkinsville"", ""part_of"", ""Nashville_television_market""], [""Nashville_television_market"", ""location"", ""Nashville_TN""]]",0.5,0.18025581538677216,0.5283913612365723,0.3333333333333333,0.45291081365783825,0.9739392512475146,0.921836407488547,0.8697335637295793,0.8176307199706117,0.7655278762116441,0.7134250324526764,0.6613221886937088,0.6092193449347412,0.5571165011757735,0.5050136574168059,0.45291081365783825,0.835399455965866,0.884803073064865
330,"Manchester is a city in northern Bennington County , Vermont , with its village center on the east side of the Equinox Mountain .","Equinox Mountain is a city in northern Bennington County , Vermont , with its village center on the east side of Manchester .","[[""Manchester"", ""location"", ""northern_Bennington_County""], [""Manchester"", ""location"", ""Vermont""], [""Manchester"", ""near"", ""Equinox_Mountain""]]","[[""Equinox_Mountain"", ""location"", ""northern_Bennington_County""], [""Equinox_Mountain"", ""location"", ""Vermont""], [""Equinox_Mountain"", ""near"", ""Manchester""]]",0.3849001794597505,1.0,1.0,0.5833333333333334,0.3849001794597505,0.7503070306379079,0.7137663455200922,0.6772256604022765,0.6406849752844607,0.604144290166645,0.5676036050488292,0.5310629199310135,0.49452223481319774,0.457981549695382,0.42144086457756624,0.3849001794597505,0.8669116590310852,0.8997674991686873
331,From 1800 -- 04 Wright was British Consul - General for the Republic of the Seven Islands ( Ionian Islands ) .,From 1800 -- 04 Wright was British Consul - General for the Republic of the Ionian Islands ( Seven Islands ) .,"[[""Wright"", ""was"", ""British_Consul-General""], [""Wright"", ""representing"", ""Britain""], [""Britain"", ""has"", ""consulate""], [""Wright"", ""served_in"", ""Republic_of_the_Seven_Islands""], [""Republic_of_the_Seven_Islands"", ""also_known_as"", ""Ionian_Islands""]]","[[""Wright"", ""was"", ""British_Consul-General""], [""Wright"", ""representing"", ""Britain""], [""Britain"", ""has"", ""consulate""], [""Wright"", ""served_in"", ""Republic_of_the_Ionian_Islands""], [""Republic_of_the_Ionian_Islands"", ""also_known_as"", ""Seven_Islands""]]",0.5833333333333334,0.6272439360618591,0.7070127725601196,0.5277777777777778,0.5833333333333334,0.9943623707462689,0.9532594670049753,0.9121565632636819,0.8710536595223882,0.8299507557810947,0.7888478520398011,0.7477449482985077,0.706642044557214,0.6655391408159205,0.6244362370746269,0.5833333333333334,0.9638830044353665,0.9888761853616306
332,"The Doig formation , a geological unit of the triassic period of the western Canadian sedimentary basin , was named for the river .","The Doig Formation , a geological age Triassic unit of the Western Canadian Sedimentary Basin was named for the river .","[[""Doig_formation"", ""is_part_of"", ""Western_Canadian_Sedimentary_Basin""], [""Doig_formation"", ""named_after"", ""river""], [""Doig_formation"", ""of_geological_period"", ""Triassic""]]","[[""Doig_Formation"", ""is_part_of"", ""Western_Canadian_Sedimentary_Basin""], [""Doig_Formation"", ""named_after"", ""river""], [""Doig_Formation"", ""of_geological_age"", ""Triassic""]]",1.0,1.0,1.0,1.0,1.0,0.9971702741345984,0.9974532467211386,0.9977362193076786,0.9980191918942187,0.998302164480759,0.9985851370672991,0.9988681096538393,0.9991510822403795,0.9994340548269196,0.9997170274134598,1.0,0.991199265914348,0.9852851764964126
333,"While prostitution is illegal in Canada , most activities related to prostitution are legal .","While prostitution in Canada is illegal , most of the activities related to prostitution are legal .","[[""Prostitution"", ""is_illegal_in"", ""Canada""], [""Activities_related_to_prostitution"", ""are_legal_in"", ""Canada""]]","[[""Prostitution_in_Canada"", ""is"", ""illegal""], [""Activities_related_to_prostitution"", ""are"", ""legal""]]",0.08333333333333333,0.0,0.210263192653656,0.048112522432468816,0.09128709291752768,0.9548132287983128,0.8684606152102343,0.7821080016221558,0.6957553880340772,0.6094027744459988,0.5230501608579202,0.4366975472698417,0.3503449336817633,0.2639923200936847,0.17763970650560618,0.09128709291752768,0.7630572592958458,0.8566219096389425
334,"In 1824 , Whitehead brought out his new life Wesley -- 5 : It used Moore 's work , sometimes without recognition .","Whitehead brought out his new life of Wesley in 1824 -- 5 : it used Moore 's work , sometimes without acknowledgment .","[[""Whitehead"", ""brought_out"", ""new_life_of_Wesley""], [""new_life_of_Wesley"", ""used"", ""Moore\""s_work""], [""new_life_of_Wesley"", ""published_in"", ""1824""], [""Moore\""s_work"", ""used_without_recognition"", ""new_life_of_Wesley""]]","[[""Whitehead"", ""brought_out"", ""new_life_of_Wesley""], [""new_life_of_Wesley"", ""used"", ""Moore\""s_work""], [""new_life_of_Wesley"", ""published_in"", ""1824""], [""Moore\""s_work"", ""used_without_acknowledgment"", ""new_life_of_Wesley""]]",1.0,1.0,1.0,1.0,1.0,0.9980469294558326,0.9982422365102493,0.9984375435646662,0.9986328506190827,0.9988281576734995,0.9990234647279164,0.9992187717823331,0.9994140788367498,0.9996093858911665,0.9998046929455833,1.0,0.9821103781137214,0.9856910682661345
335,"Ranjit Singh marched to Rawalpindi , from there after ( Rohtas ) and via ( Sarai Kala ) to Sirikot .","Ranjit Singh marched to ( Rohtas ) , from there to ( Rawalpindi ) and via ( Sarai Kala ) reached Sirikot .","[[""Ranjit_Singh"", ""marched_to"", ""Rawalpindi""], [""Ranjit_Singh"", ""marched_from"", ""Rawalpindi""], [""Ranjit_Singh"", ""marched_via"", ""Rohtas""], [""Ranjit_Singh"", ""marched_via"", ""Sarai_Kala""], [""Ranjit_Singh"", ""marched_to"", ""Sirikot""]]","[[""Ranjit_Singh"", ""marched_to"", ""Rohtas""], [""Ranjit_Singh"", ""marched_to"", ""Rawalpindi""], [""Ranjit_Singh"", ""marched_via"", ""Sarai_Kala""], [""Ranjit_Singh"", ""reached"", ""Sirikot""]]",1.0,1.0,1.0,1.0,1.0,0.9839576776454864,0.9855619098809377,0.9871661421163891,0.9887703743518403,0.9903746065872918,0.9919788388227432,0.9935830710581945,0.9951873032936459,0.9967915355290973,0.9983957677645486,1.0,0.9550754198332043,0.9771194611618733
336,"Parsora is a village in the Berasia district of Madhya Pradesh , India . It is located in the Bhopal tehsil .","Parsora is a village in the Bhopal district of Madhya Pradesh , India . It is situated in Berasia tehsil .","[[""Parsora"", ""location"", ""Berasia_district""], [""Parsora"", ""location"", ""Madhya_Pradesh""], [""Parsora"", ""location"", ""India""], [""Parsora"", ""location"", ""Bhopal_tehsil""]]","[[""Parsora"", ""location"", ""Bhopal_district""], [""Parsora"", ""location"", ""Madhya_Pradesh""], [""Parsora"", ""location"", ""India""], [""Parsora"", ""location"", ""Berasia_tehsil""]]",1.0,0.4423518776893616,0.908965528011322,0.43333333333333335,1.0,0.9972216417347428,0.9974994775612686,0.9977773133877943,0.9980551492143199,0.9983329850408457,0.9986108208673714,0.9988886566938971,0.9991664925204229,0.9994443283469485,0.9997221641734743,1.0,0.9686407356416968,0.9745882285035841
337,Swarthmore is represented at the General Assembly of Pennsylvania as the PA 161st Legislative District and the PA 26th Senate District .,Swarthmore is represented in the Pennsylvania General Assembly as the PA 26th Legislative District and the PA 161st Senate District .,"[[""Swarthmore"", ""represented_at"", ""General_Assembly_of_Pennsylvania""], [""Swarthmore"", ""represented_as"", ""PA_161st_Legislative_District""], [""Swarthmore"", ""represented_as"", ""PA_26th_Senate_District""], [""PA_161st_Legislative_District"", ""location"", ""Pennsylvania""], [""PA_26th_Senate_District"", ""location"", ""Pennsylvania""]]","[[""Swarthmore"", ""represented_in"", ""Pennsylvania_General_Assembly""], [""Swarthmore"", ""represented_as"", ""PA_26th_Legislative_District""], [""Swarthmore"", ""represented_as"", ""PA_161st_Senate_District""], [""PA_26th_Legislative_District"", ""location"", ""Pennsylvania""], [""PA_161st_Senate_District"", ""location"", ""Pennsylvania""]]",1.0,0.43483859300613403,0.5676275491714478,0.23333333333333334,0.7042952122737638,0.990315222456129,0.9617132214378925,0.933111220419656,0.9045092194014194,0.8759072183831829,0.8473052173649465,0.8187032163467098,0.7901012153284734,0.7614992143102368,0.7328972132920003,0.7042952122737638,0.9593586378279527,0.9927558744754374
338,"( Published by Marysia Lewandowska and Laurel Ptak ) are recent publications , edited by Tensta konsthall together with Sternberg Press , Berlin .","( edited by Marysia Lewandowska and Laurel Ptak ) are current publications which are published by Tensta konsthall together with Sternberg Press , Berlin .","[[""Marysia_Lewandowska"", ""edited_with"", ""Laurel_Ptak""], [""Marysia_Lewandowska"", ""published_by"", ""Tensta_konsthall""], [""Laurel_Ptak"", ""published_by"", ""Tensta_konsthall""], [""Tensta_konsthall"", ""published_with"", ""Sternberg_Press""], [""Sternberg_Press"", ""location"", ""Berlin""]]","[[""Marysia_Lewandowska"", ""edited_with"", ""Laurel_Ptak""], [""Marysia_Lewandowska"", ""published_by"", ""Tensta_konsthall""], [""Laurel_Ptak"", ""published_by"", ""Tensta_konsthall""], [""Tensta_konsthall"", ""published_with"", ""Sternberg_Press""], [""Sternberg_Press"", ""location"", ""Berlin""]]",1.0,1.0,1.0,1.0,1.0,0.9999999247039056,0.999999932233515,0.9999999397631245,0.9999999472927339,0.9999999548223434,0.9999999623519529,0.9999999698815623,0.9999999774111716,0.9999999849407811,0.9999999924703906,1.0,1.0,0.9999999881607049
339,"The position of the opposition leader was essentially informal throughout the nineteenth century , with formal recognition only being granted in the early twentieth century .","The position of the opposition leader was essentially informal in the whole of the twentieth century , with formal recognition only being granted in the nineteenth century .","[[""opposition_leader"", ""had_informal_position_in"", ""nineteenth_century""], [""opposition_leader"", ""granted_formal_recognition_in"", ""early_twentieth_century""]]","[[""opposition_leader"", ""had_informal_position_in"", ""twentieth_century""], [""opposition_leader"", ""granted_formal_recognition_in"", ""nineteenth_century""]]",1.0,0.468458354473114,0.5851556062698364,0.3888888888888889,1.0,0.9953065240072728,0.9957758716065456,0.9962452192058182,0.996714566805091,0.9971839144043637,0.9976532620036365,0.9981226096029091,0.9985919572021819,0.9990613048014545,0.9995306524007272,1.0,0.957334236070473,0.9576192183795851
340,"It is limited by North Dakota . The nearest American community is Gretna , Neche , Pembina County , North Dakota .","It is bordered by North Dakota . The nearest American community to Gretna is Neche , Pembina County , North Dakota .","[[""It"", ""limited_by"", ""North_Dakota""], [""It"", ""nearest_community"", ""Gretna""], [""Gretna"", ""located_in"", ""Pembina_County""], [""Pembina_County"", ""location"", ""North_Dakota""], [""It"", ""nearest_community"", ""Neche""], [""Neche"", ""located_in"", ""Pembina_County""]]","[[""It"", ""bordered_by"", ""North_Dakota""], [""Gretna"", ""nearest_community"", ""Neche""], [""Neche"", ""located_in"", ""Pembina_County""], [""Pembina_County"", ""location"", ""North_Dakota""]]",0.2,1.0,1.0,0.2,0.2,0.9477909536419105,0.8730118582777194,0.7982327629135284,0.7234536675493373,0.6486745721851463,0.5738954768209552,0.4991163814567642,0.42433728609257315,0.34955819072838207,0.27477909536419104,0.2,0.9155254798295268,0.8962665318056942
341,"Sicha described it as '' night-active and ... seemingly seriously huge , organic `` -- in fact around the clock .","Sicha described it as `` huge , organic and ... seemingly seriously nocturnal '' -- in fact , active around the clock .","[[""Sicha"", ""described"", ""it""], [""it"", ""is"", ""night-active""], [""it"", ""is"", ""huge""], [""it"", ""is"", ""organic""], [""it"", ""is_active"", ""around_the_clock""]]","[[""Sicha"", ""described"", ""it""], [""it"", ""is"", ""huge""], [""it"", ""is"", ""organic""], [""it"", ""is"", ""nocturnal""], [""it"", ""is_active"", ""around_the_clock""]]",1.0,0.8553121089935303,0.9513939619064331,0.5833333333333334,1.0,0.9715014320246197,0.9743512888221577,0.9772011456196958,0.9800510024172338,0.9829008592147718,0.9857507160123098,0.9886005728098479,0.9914504296073858,0.994300286404924,0.997150143202462,1.0,0.9582591020344705,0.9644471482403796
342,"It was the first album by Carol Emanuel , Bill Frisell and Kenny Wollesen , who became known as The Gnostic Trio .","It was the first album by Carol Emanuel , Bill Frisell , and Kenny Wollesen who would become known as The Gnostic Trio .","[[""Carol_Emanuel"", ""member_of"", ""The_Gnostic_Trio""], [""Bill_Frisell"", ""member_of"", ""The_Gnostic_Trio""], [""Kenny_Wollesen"", ""member_of"", ""The_Gnostic_Trio""]]","[[""Carol_Emanuel"", ""member_of"", ""The_Gnostic_Trio""], [""Bill_Frisell"", ""member_of"", ""The_Gnostic_Trio""], [""Kenny_Wollesen"", ""member_of"", ""The_Gnostic_Trio""]]",1.0,0.9999998807907104,0.9999998807907104,1.0,1.0,0.9999999989014928,0.9999999990113435,0.9999999991211943,0.9999999992310449,0.9999999993408957,0.9999999994507465,0.9999999995605972,0.9999999996704478,0.9999999997802986,0.9999999998901493,1.0,0.9999999751647295,0.9999999911439366
343,RK is the cathode resistor and Rtot is the external combination of RP ( parallel plate resistor ) and Rload .,"RK is the cathode resistor , and rtot is the parallel combination of RP ( external resistor ) and rload .","[[""RK"", ""is"", ""cathode_resistor""], [""Rtot"", ""is"", ""external_combination""], [""Rtot"", ""combination_of"", ""RP""], [""Rtot"", ""combination_of"", ""Rload""], [""RP"", ""is"", ""parallel_plate_resistor""]]","[[""RK"", ""is"", ""cathode_resistor""], [""rtot"", ""is"", ""parallel_combination""], [""rtot"", ""combination_of"", ""RP""], [""rtot"", ""combination_of"", ""rload""], [""RP"", ""is"", ""external_resistor""]]",0.5,0.835894763469696,0.8610578775405884,0.47619047619047616,0.7380952380952381,0.9936047684007147,0.968053815370167,0.9425028623396194,0.9169519093090717,0.8914009562785241,0.8658500032479763,0.8402990502174288,0.8147480971868812,0.7891971441563334,0.7636461911257858,0.7380952380952381,0.9419251943921266,0.9539999538042592
344,The characters of Geronimo Stilton also used their other names from the second novel to the sixth .,The characters of Geronimo Stilton also used their other names from the second to the sixth novel .,"[[""Geronimo_Stilton"", ""has_characters"", ""characters""], [""characters"", ""used_names_from"", ""second_novel""], [""characters"", ""used_names_to"", ""sixth_novel""]]","[[""Geronimo_Stilton"", ""has_characters"", ""characters""], [""characters"", ""used_names_from"", ""second_novel""], [""characters"", ""used_names_to"", ""sixth_novel""]]",1.0,1.0,1.0,1.0,1.0,0.9999999986636171,0.9999999987972554,0.9999999989308936,0.9999999990645319,0.9999999991981703,0.9999999993318085,0.9999999994654468,0.9999999995990851,0.9999999997327234,0.9999999998663617,1.0,1.0,0.9999999902386814
345,This form of parallelism allows sprite data to be passed while other types of data are quickly decompressed to the main CPU .,This form of parallelism allows sprite data to be decompressed while other data types are quickly forwarded to the main CPU .,"[[""parallelism"", ""allows"", ""sprite_data""], [""sprite_data"", ""to_be_passed"", ""main_CPU""], [""parallelism"", ""enables_decompression_of"", ""other_types_of_data""], [""other_types_of_data"", ""decompressed_to"", ""main_CPU""]]","[[""parallelism"", ""allows"", ""sprite_data""], [""sprite_data"", ""to_be_decompressed"", ""main_CPU""], [""parallelism"", ""enables_forwarding_of"", ""other_data_types""], [""other_data_types"", ""forwarded_to"", ""main_CPU""]]",1.0,0.6308392286300659,0.5787977576255798,0.16666666666666666,1.0,0.9512376493356776,0.9561138844021098,0.9609901194685422,0.9658663545349742,0.9707425896014066,0.9756188246678388,0.980495059734271,0.9853712948007033,0.9902475298671355,0.9951237649335678,1.0,0.8611542988495544,0.9269286986445402
346,Rabbi Levi taught that on the night described in God showed Jacob all the signs .,Rabbi Levi taught that in the night Jacob described in God showed all the signs .,"[[""Rabbi_Levi"", ""taught"", ""Jacob""], [""God"", ""showed"", ""signs""], [""Jacob"", ""described_in"", ""night""], [""God"", ""showed_to"", ""Jacob""]]","[[""Rabbi_Levi"", ""taught"", ""Jacob""], [""God"", ""showed"", ""signs""], [""Jacob"", ""described"", ""night""], [""God"", ""showed_to"", ""Jacob""]]",1.0,1.0,1.0,1.0,1.0,0.993157826946579,0.993842044251921,0.9945262615572632,0.9952104788626053,0.9958946961679473,0.9965789134732894,0.9972631307786316,0.9979473480839737,0.9986315653893159,0.9993157826946579,1.0,0.9744028234041321,0.9945011597502236
347,"In 2016 , he was called against the Singapore U19 selection for the Bahrain U19 team .","In 2016 , he was called up for the Bahrain U19 team facing the Singapore U19 selection .","[[""He"", ""was_called_against"", ""Singapore_U19""], [""He"", ""was_called_for"", ""Bahrain_U19""], [""Bahrain_U19"", ""facing"", ""Singapore_U19""]]","[[""He"", ""was_called_up_for"", ""Bahrain_U19""], [""Bahrain_U19"", ""facing"", ""Singapore_U19""]]",0.16666666666666666,0.9999999403953552,1.0,0.16666666666666666,0.16666666666666666,0.943397248894303,0.8657241906715394,0.7880511324487758,0.7103780742260121,0.6327050160032485,0.5550319577804849,0.4773588995577212,0.3996858413349576,0.3220127831121939,0.2443397248894303,0.16666666666666666,0.9302608872037594,0.7747441448105926
348,"He played only 18 games , and came to bat just 29 times .",He played only 18 games and just came to beat 29 times .,"[[""He"", ""played"", ""18_games""], [""He"", ""came_to_bat"", ""29_times""]]","[[""He"", ""played"", ""18_games""], [""He"", ""came_to_beat"", ""29_times""]]",1.0,1.0,1.0,1.0,1.0,0.9230472777579225,0.9307425499821302,0.9384378222063381,0.9461330944305457,0.9538283666547535,0.9615236388789612,0.969218911103169,0.9769141833273767,0.9846094555515845,0.9923047277757923,1.0,0.8990296103884134,0.8378265056464229
349,"Formal education in Sheffield , a city in England , takes place at two universities in the city , at 141 primary and 28 secondary schools .","Formal education in England , a city in Sheffield , takes place at the city 's two universities , at 141 primary schools and 28 secondary schools .","[[""Sheffield"", ""location"", ""England""], [""Formal_education"", ""takes_place_at"", ""universities""], [""Formal_education"", ""takes_place_at"", ""primary_schools""], [""Formal_education"", ""takes_place_at"", ""secondary_schools""], [""Sheffield"", ""has"", ""universities""], [""Sheffield"", ""has"", ""primary_schools""], [""Sheffield"", ""has"", ""secondary_schools""]]","[[""England"", ""has"", ""Sheffield""], [""Sheffield"", ""has"", ""universities""], [""Formal_education"", ""takes_place_at"", ""universities""], [""Formal_education"", ""takes_place_at"", ""primary_schools""], [""Formal_education"", ""takes_place_at"", ""secondary_schools""], [""Sheffield"", ""has"", ""primary_schools""], [""Sheffield"", ""has"", ""secondary_schools""]]",0.6666666666666666,1.0,1.0,0.4444444444444444,0.7222222222222222,0.9944663498381681,0.9672419370765735,0.940017524314979,0.9127931115533843,0.8855686987917897,0.8583442860301951,0.8311198732686005,0.803895460507006,0.7766710477454114,0.7494466349838168,0.7222222222222222,0.9800896801628668,0.9873669734743709
350,"When Francis II died , France withdrew from Scotland , Brazil , Corsica , Tuscany , Savoy and most of Piedmont .","When Francis II died , France withdrew from Scotland , Brazil , Corsica , Tuscany , Savoy , and most of the Piedmont .","[[""Francis_II"", ""died"", ""None""], [""France"", ""withdrew_from"", ""Scotland""], [""France"", ""withdrew_from"", ""Brazil""], [""France"", ""withdrew_from"", ""Corsica""], [""France"", ""withdrew_from"", ""Tuscany""], [""France"", ""withdrew_from"", ""Savoy""], [""France"", ""withdrew_from"", ""Piedmont""]]","[[""Francis_II"", ""died"", ""None""], [""France"", ""withdrew_from"", ""Scotland""], [""France"", ""withdrew_from"", ""Brazil""], [""France"", ""withdrew_from"", ""Corsica""], [""France"", ""withdrew_from"", ""Tuscany""], [""France"", ""withdrew_from"", ""Savoy""], [""France"", ""withdrew_from"", ""Piedmont""]]",1.0,1.0,1.0,1.0,1.0,1.0,1.0,1.0,1.0,1.0,1.0,1.0,1.0,1.0,1.0,1.0,0.9999999889305659,0.9999999906564003
351,"He was born in San Francisco , California , and died at the age of 81 in Brooklyn , NY .","Born in Brooklyn , New York , he died at the age of 81 in San Francisco , California .","[[""He"", ""born_in"", ""San_Francisco""], [""He"", ""born_in"", ""California""], [""He"", ""died_in"", ""Brooklyn""], [""He"", ""died_in"", ""NY""], [""He"", ""age_at_death"", ""81""]]","[[""He"", ""born_in"", ""Brooklyn""], [""He"", ""born_in"", ""New_York""], [""He"", ""died_in"", ""San_Francisco""], [""He"", ""died_in"", ""California""], [""He"", ""age_at_death"", ""81""]]",0.7607257743127307,0.7160041928291321,0.8803009390830994,0.6944444444444444,0.7607257743127307,0.9778997751085506,0.9561823750289686,0.9344649749493867,0.9127475748698046,0.8910301747902226,0.8693127747106406,0.8475953746310587,0.8258779745514766,0.8041605744718947,0.7824431743923127,0.7607257743127307,0.8772845059569028,0.9450836252386526
352,At the corners of the fort are cylindrical bartizanes with staggered bases and spherical openings .,"Cylindrical bartizans , with staggered bases and spherical openings are located at the corners of the fort .","[[""fort"", ""has_at_corners"", ""cylindrical_bartizanes""], [""cylindrical_bartizanes"", ""have"", ""staggered_bases""], [""cylindrical_bartizanes"", ""have"", ""spherical_openings""]]","[[""cylindrical_bartizans"", ""have"", ""staggered_bases""], [""cylindrical_bartizans"", ""have"", ""spherical_openings""], [""cylindrical_bartizans"", ""are_located_at"", ""corners_of_fort""], [""corners_of_fort"", ""are_part_of"", ""fort""]]",0.5416666666666666,0.7572047114372253,0.8123399615287781,0.4844813951249544,0.5416666666666666,0.982533340519359,0.9384466731340898,0.8943600057488206,0.8502733383635512,0.8061866709782821,0.7621000035930128,0.7180133362077437,0.6739266688224743,0.6298400014372051,0.5857533340519359,0.5416666666666666,0.9251508443007076,0.942877968611082
353,"Mellis Napier is named after Sir Napier , who was Chief Justice of South Australia for 25 years and a total of 43 years in the Supreme Court .","Napier was named after Sir Mellis Napier , who was Chief Justice of South Australia for 25 years and a total of 43 years in the Supreme Court .","[[""Mellis_Napier"", ""named_after"", ""Sir_Napier""], [""Sir_Napier"", ""was"", ""Chief_Justice_of_South_Australia""], [""Sir_Napier"", ""served_in_Supreme_Court_for"", ""43_years""], [""Sir_Napier"", ""served_as_Chief_Justice_for"", ""25_years""]]","[[""Napier"", ""named_after"", ""Sir_Mellis_Napier""], [""Sir_Mellis_Napier"", ""was"", ""Chief_Justice_of_South_Australia""], [""Sir_Mellis_Napier"", ""served_in_Supreme_Court_for"", ""43_years""], [""Sir_Mellis_Napier"", ""served_as_Chief_Justice_for"", ""25_years""]]",1.0,0.5905975699424744,0.6842924356460571,0.6,0.6666666666666666,0.9707126758303137,0.9403080749139491,0.9099034739975843,0.8794988730812195,0.8490942721648549,0.8186896712484901,0.7882850703321255,0.7578804694157608,0.727475868499396,0.6970712675830313,0.6666666666666666,0.9584929108993535,0.8517231386349013
354,"It is the largest private club in Houston and one of the biggest in the world , with more than 3,300 members .","It is the biggest private club in Houston and one of the largest in the world , with more than 3,300 members .","[[""Houston"", ""location_of"", ""largest_private_club""], [""largest_private_club"", ""has_members"", ""more_than_3300_members""]]","[[""Houston"", ""location_of"", ""biggest_private_club""], [""biggest_private_club"", ""has_members"", ""more_than_3300_members""]]",1.0,0.8467047810554504,0.896251916885376,0.3888888888888889,1.0,0.9873729051073856,0.9886356145966471,0.9898983240859085,0.9911610335751699,0.9924237430644314,0.9936864525536928,0.9949491620429542,0.9962118715322157,0.9974745810214771,0.9987372905107386,1.0,0.9914897943198844,0.9927787461213976
355,He grew up surrounded by traditional and eastern Jewish music that influenced his later compositions .,He grew up surrounded by traditional and East-Mediterranean Jewish music that influenced his later compositions .,"[[""He"", ""grew_up_surrounded_by"", ""traditional_music""], [""He"", ""grew_up_surrounded_by"", ""eastern_Jewish_music""], [""traditional_music"", ""influenced"", ""his_later_compositions""], [""eastern_Jewish_music"", ""influenced"", ""his_later_compositions""]]","[[""He"", ""grew_up_surrounded_by"", ""traditional_music""], [""He"", ""grew_up_surrounded_by"", ""East_Mediterranean_Jewish_music""], [""traditional_music"", ""influenced"", ""his_later_compositions""], [""East_Mediterranean_Jewish_music"", ""influenced"", ""his_later_compositions""]]",1.0,0.9110840559005737,0.9366251230239868,0.5416666666666666,1.0,0.9910112663620732,0.9919101397258658,0.9928090130896585,0.9937078864534512,0.9946067598172439,0.9955056331810366,0.9964045065448293,0.997303379908622,0.9982022532724146,0.9991011266362073,1.0,0.9863101276024439,0.9128188708291369
356,The freighter that brought Jaime in the first episode from Ponta Delgada to Canada was CGI : the design was completed in 3D and made in the post-production .,"The freighter , who in the first episode brought Jaime to Canada from Ponta Delgada , was CGI : the design was made in 3D and finalized in the post-production .","[[""freighter"", ""brought"", ""Jaime""], [""freighter"", ""traveled_from"", ""Ponta_Delgada""], [""freighter"", ""traveled_to"", ""Canada""], [""freighter"", ""was_created_with"", ""CGI""], [""freighter_design"", ""was_completed_in"", ""3D""], [""freighter_design"", ""was_finalized_in"", ""post-production""]]","[[""freighter"", ""brought"", ""Jaime""], [""freighter"", ""traveled_from"", ""Ponta_Delgada""], [""freighter"", ""traveled_to"", ""Canada""], [""freighter"", ""was_created_with"", ""CGI""], [""freighter_design"", ""was_made_in"", ""3D""], [""freighter_design"", ""was_finalized_in"", ""post-production""]]",1.0,1.0,0.9999999403953552,1.0,1.0,0.9962296062384889,0.99660664561464,0.9969836849907912,0.9973607243669422,0.9977377637430933,0.9981148031192444,0.9984918424953956,0.9988688818715467,0.9992459212476978,0.9996229606238489,1.0,0.9842031397466653,0.9927551897229212
357,"Civolution has offices in Eindhoven ( The Netherlands ) , London ( UK ) , Rennes ( France ) , New York City , Burbank ( Los Angeles ) .","Civolution maintains offices in Eindhoven ( The Netherlands ) , London ( UK ) , Rennes ( France ) , New York City and Burbank ( Los Angeles ) .","[[""Civolution"", ""has_offices_in"", ""Eindhoven""], [""Civolution"", ""has_offices_in"", ""London""], [""Civolution"", ""has_offices_in"", ""Rennes""], [""Civolution"", ""has_offices_in"", ""New_York_City""], [""Civolution"", ""has_offices_in"", ""Burbank""], [""Eindhoven"", ""location_in"", ""The_Netherlands""], [""London"", ""location_in"", ""UK""], [""Rennes"", ""location_in"", ""France""], [""Burbank"", ""location_in"", ""Los_Angeles""]]","[[""Civolution"", ""maintains_offices_in"", ""Eindhoven""], [""Civolution"", ""maintains_offices_in"", ""London""], [""Civolution"", ""maintains_offices_in"", ""Rennes""], [""Civolution"", ""maintains_offices_in"", ""New_York_City""], [""Civolution"", ""maintains_offices_in"", ""Burbank""], [""Eindhoven"", ""location_in"", ""The_Netherlands""], [""London"", ""location_in"", ""UK""], [""Rennes"", ""location_in"", ""France""], [""Burbank"", ""location_in"", ""Los_Angeles""]]",1.0,1.0,1.0,1.0,1.0,0.9761938829191077,0.9785744946271969,0.9809551063352862,0.9833357180433753,0.9857163297514646,0.9880969414595538,0.9904775531676431,0.9928581648757323,0.9952387765838215,0.9976193882919108,1.0,0.9668823310613754,0.9521664620567216
358,"The second board revision is true JAMMA and also has a switch to select between JAMMA output as well as MVS output , which has stereo sound .","The second board revision is real JAMMA and also has a switch to select between JAMMA output as well as MVS output , which has stereo sound .","[[""second_board_revision"", ""is"", ""JAMMA""], [""second_board_revision"", ""has"", ""switch""], [""switch"", ""selects_between"", ""JAMMA_output""], [""switch"", ""selects_between"", ""MVS_output""], [""MVS_output"", ""has"", ""stereo_sound""]]","[[""second_board_revision"", ""is"", ""JAMMA""], [""second_board_revision"", ""has"", ""switch""], [""switch"", ""selects_between"", ""JAMMA_output""], [""switch"", ""selects_between"", ""MVS_output""], [""MVS_output"", ""has"", ""stereo_sound""]]",1.0,1.0,1.0,1.0,1.0,0.9999999113066872,0.9999999201760185,0.9999999290453498,0.9999999379146809,0.9999999467840123,0.9999999556533437,0.9999999645226749,0.9999999733920062,0.9999999822613375,0.9999999911306687,1.0,1.0,0.9999999866774467
359,"Thakurgaon Stadium is located by the `` Thakurgaon Inter District Bus Terminal '' , Thakurgaon , Bangladesh .","The Thakurgaon Stadium is located at `` Thakurgaon Inter District Bus Terminal '' , Thakurgaon , Bangladesh .","[[""Thakurgaon_Stadium"", ""location"", ""Thakurgaon_Inter_District_Bus_Terminal""], [""Thakurgaon_Stadium"", ""location"", ""Thakurgaon""], [""Thakurgaon_Stadium"", ""location"", ""Bangladesh""], [""Thakurgaon"", ""location"", ""Bangladesh""], [""Thakurgaon_Inter_District_Bus_Terminal"", ""location"", ""Thakurgaon""], [""Thakurgaon_Inter_District_Bus_Terminal"", ""location"", ""Bangladesh""]]","[[""Thakurgaon_Stadium"", ""location"", ""Thakurgaon_Inter_District_Bus_Terminal""], [""Thakurgaon_Stadium"", ""location"", ""Thakurgaon""], [""Thakurgaon_Stadium"", ""location"", ""Bangladesh""], [""Thakurgaon"", ""location"", ""Bangladesh""], [""Thakurgaon_Inter_District_Bus_Terminal"", ""location"", ""Thakurgaon""], [""Thakurgaon_Inter_District_Bus_Terminal"", ""location"", ""Bangladesh""]]",1.0,1.0,1.0,1.0,1.0,0.9999998945204056,0.999999905068365,0.9999999156163246,0.9999999261642838,0.9999999367122434,0.9999999472602028,0.9999999578081622,0.9999999683561217,0.9999999789040811,0.9999999894520406,1.0,0.9999999955296517,1.0
360,In January 1967 Daltoni won the first place at Belgrade 's second Guitar festival .,"In January 1967 , Daltoni won first place at the second guitar festival in Belgrade .","[[""Daltoni"", ""won"", ""first_place""], [""first_place"", ""at"", ""Belgrade_Guitar_Festival""], [""Belgrade_Guitar_Festival"", ""location"", ""Belgrade""], [""Belgrade_Guitar_Festival"", ""instance_of"", ""guitar_festival""], [""Belgrade_Guitar_Festival"", ""ordinal"", ""second""]]","[[""Daltoni"", ""won"", ""first_place""], [""first_place"", ""at"", ""Belgrade_Guitar_Festival""], [""Belgrade_Guitar_Festival"", ""location"", ""Belgrade""], [""Belgrade_Guitar_Festival"", ""instance_of"", ""guitar_festival""], [""Belgrade_Guitar_Festival"", ""ordinal"", ""second""]]",1.0,1.0,0.9999998807907104,1.0,1.0,0.9999999985918405,0.9999999987326564,0.9999999988734725,0.9999999990142883,0.9999999991551043,0.9999999992959203,0.9999999994367362,0.9999999995775521,0.9999999997183682,0.9999999998591841,1.0,0.9999999433755804,1.0
361,"Weslandia is a Newbery Medal winner of the children 's book , Kevin Hawkes , with illustrations by Paul Fleischman .","Weslandia is a Newbery Medal winner of the children 's book Paul Fleischman , with illustrations by Kevin Hawkes .","[[""Weslandia"", ""is_Newbery_Medal_winner_of"", ""childrens_book""], [""Weslandia"", ""written_by"", ""Kevin_Hawkes""], [""Weslandia"", ""illustrated_by"", ""Paul_Fleischman""]]","[[""Weslandia"", ""is_Newbery_Medal_winner_of"", ""childrens_book""], [""Weslandia"", ""written_by"", ""Paul_Fleischman""], [""Weslandia"", ""illustrated_by"", ""Kevin_Hawkes""]]",1.0,0.9999998807907104,1.0,1.0,1.0,0.9971244088984522,0.997411968008607,0.9976995271187619,0.9979870862289164,0.9982746453390713,0.9985622044492262,0.9988497635593809,0.9991373226695357,0.9994248817796905,0.9997124408898452,1.0,0.9640788019186313,0.9759494963183727
362,"Born in Montreal , he received a Bachelor 's degree from Harvard University in 1945 and a Master 's degree from McGill University in 1947 .",Joy was born in Montreal . He received a bachelor 's degree from McGill University in 1945 and a master 's degree from Harvard University in 1947 .,"[[""he"", ""born_in"", ""Montreal""], [""he"", ""received_from"", ""Harvard_University""], [""he"", ""received_degree"", ""Bachelor""], [""Harvard_University"", ""year"", ""1945""], [""he"", ""received_from"", ""McGill_University""], [""he"", ""received_degree"", ""Master""], [""McGill_University"", ""year"", ""1947""]]",[],,,,,,,,,,,,,,,,,,
363,Although Andrew Anthony was '' critical in `` The Observer and A.A. Gill of '' The Sunday Times '' was unimpressed .,Although A.A. Gill was '' critical in `` The Observer and Andrew Anthony of '' The Sunday Times '' was unimpressed .,"[[""Andrew_Anthony"", ""was_critical_in"", ""The_Observer""], [""A_A_Gill"", ""was_unimpressed_in"", ""The_Sunday_Times""]]","[[""A_A_Gill"", ""was_critical_in"", ""The_Observer""], [""Andrew_Anthony"", ""was_unimpressed_in"", ""The_Sunday_Times""]]",0.5833333333333334,0.9999999403953552,0.9999999403953552,0.5833333333333334,0.5833333333333334,0.9799288223458351,0.940269273444585,0.9006097245433349,0.8609501756420845,0.8212906267408344,0.7816310778395843,0.7419715289383342,0.7023119800370838,0.6626524311358337,0.6229928822345835,0.5833333333333334,0.8561082436443835,0.9028686671589796
364,"In April 2014 , 2-5 Cavalry from 1 ABCT , 1CD deployed to Europe to support Operation Combined Resolve II , a NATO exercise in southeastern Germany .","In April 2014 , 2-5 cavalry used from 1 ABCT , 1CD to Germany to support Operation Combined Resolve II , a NATO exercise in Southeast Europe .","[[""2-5_Cavalry"", ""part_of"", ""1_ABCT""], [""2-5_Cavalry"", ""part_of"", ""1CD""], [""2-5_Cavalry"", ""deployed_to"", ""Europe""], [""2-5_Cavalry"", ""supported"", ""Operation_Combined_Resolve_II""], [""Operation_Combined_Resolve_II"", ""is"", ""NATO_exercise""], [""Operation_Combined_Resolve_II"", ""location"", ""southeastern_Germany""]]","[[""2-5_Cavalry"", ""part_of"", ""1_ABCT""], [""2-5_Cavalry"", ""part_of"", ""1CD""], [""2-5_Cavalry"", ""deployed_to"", ""Germany""], [""2-5_Cavalry"", ""supported"", ""Operation_Combined_Resolve_II""], [""Operation_Combined_Resolve_II"", ""is"", ""NATO_exercise""], [""Operation_Combined_Resolve_II"", ""location"", ""Southeast_Europe""]]",0.7619047619047619,0.8969388604164124,0.88559889793396,0.47619047619047616,0.7769269722967449,0.9977475139924419,0.9756654598228722,0.9535834056533025,0.9315013514837328,0.909419297314163,0.8873372431445934,0.8652551889750237,0.8431731348054541,0.8210910806358842,0.7990090264663147,0.7769269722967449,0.9636098422258068,0.9764211677862569
365,Paraguay finished in second place of the fourth round group stage with eight points and subsequently qualified for the 1999 FIFA World Youth Championship .,Paraguay finished the fourth round of the group stage with eight points in second place and then qualified for the FIFA World Championship of Youth 1999 .,"[[""Paraguay"", ""finished_in"", ""second_place""], [""Paraguay"", ""earned"", ""eight_points""], [""Paraguay"", ""qualified_for"", ""1999_FIFA_World_Youth_Championship""]]","[[""Paraguay"", ""finished_in"", ""second_place""], [""Paraguay"", ""earned"", ""eight_points""], [""Paraguay"", ""qualified_for"", ""1999_FIFA_World_Youth_Championship""]]",1.0,0.9999999403953552,1.0,1.0,1.0,0.9999999988408106,0.9999999989567295,0.9999999990726485,0.9999999991885673,0.9999999993044864,0.9999999994204053,0.9999999995363242,0.9999999996522432,0.9999999997681621,0.9999999998840811,1.0,0.9999999915560086,1.0
366,"In 1406 he had the Juliana Anicia Codex of Dioscurides restored , added a rebound and a table of contents and extensive scholies in Byzantine - Greek minuscles .","In 1406 he had the Juliana Anicia Codex of Dioscurides added , rebound , and a table of contents and minuscule scholia restored in Byzantine Greek extensive .","[[""he"", ""had_restored"", ""Juliana_Anicia_Codex""], [""Juliana_Anicia_Codex"", ""is_work_of"", ""Dioscurides""], [""he"", ""added"", ""rebound""], [""he"", ""added"", ""table_of_contents""], [""he"", ""added"", ""scholies""], [""scholies"", ""are_in"", ""Byzantine_Greek""], [""scholies"", ""are_in"", ""minuscles""]]","[[""he"", ""had_added"", ""Juliana_Anicia_Codex""], [""Juliana_Anicia_Codex"", ""is_work_of"", ""Dioscurides""], [""he"", ""had_rebound"", ""Juliana_Anicia_Codex""], [""he"", ""added"", ""table_of_contents""], [""he"", ""added"", ""minuscule_scholia""], [""minuscule_scholia"", ""are_in"", ""Byzantine_Greek""]]",0.6014065304058601,0.6322253942489624,0.9196421504020691,0.6014065304058601,0.6014065304058601,0.8933360113816103,0.8641430632840353,0.8349501151864603,0.8057571670888852,0.7765642189913102,0.7473712708937352,0.7181783227961602,0.6889853746985852,0.6597924266010101,0.6305994785034351,0.6014065304058601,0.8613942376226119,0.8172012482060111
367,The full octahedral group is the cross product of the symmetric group Sand the cyclic group Z .,The symmetric octaedrian group is the full product of the cross group Sand of the cyclic group Z .,"[[""full_octahedral_group"", ""is_cross_product_of"", ""symmetric_group_S""], [""full_octahedral_group"", ""is_cross_product_of"", ""cyclic_group_Z""]]","[[""symmetric_octaedrian_group"", ""is_full_product_of"", ""cross_group_S""], [""symmetric_octaedrian_group"", ""is_full_product_of"", ""cyclic_group_Z""]]",0.3888888888888889,0.04129049554467201,0.4332776367664337,0.3333333333333333,0.4216370213557839,0.9165982062906077,0.8671020877971254,0.817605969303643,0.7681098508101605,0.7186137323166781,0.6691176138231958,0.6196214953297134,0.5701253768362311,0.5206292583427486,0.47113313984926625,0.4216370213557839,0.7996942868923493,0.8957868558774599
368,"Irvine Park in Orange , Orange County is a park that became the first regional park in California in 1897 .","Irvine Park in Orange , California , is a park that became the first regional park in Orange County in 1897 .","[[""Irvine_Park"", ""location"", ""Orange""], [""Irvine_Park"", ""location"", ""Orange_County""], [""Irvine_Park"", ""location"", ""California""], [""Irvine_Park"", ""became"", ""first_regional_park""], [""Irvine_Park"", ""established_in"", ""1897""], [""California"", ""has"", ""first_regional_park""]]","[[""Irvine_Park"", ""location"", ""Orange""], [""Irvine_Park"", ""location"", ""California""], [""Irvine_Park"", ""location"", ""Orange_County""], [""Irvine_Park"", ""became"", ""first_regional_park""], [""Irvine_Park"", ""established_in"", ""1897""], [""Orange_County"", ""has"", ""first_regional_park""]]",0.7,1.0,1.0,0.6111111111111112,0.75,0.9882619358550553,0.9644357422695498,0.9406095486840443,0.9167833550985386,0.8929571615130332,0.8691309679275276,0.8453047743420221,0.8214785807565166,0.7976523871710111,0.7738261935855055,0.75,0.981188026076884,0.9909527486417543
369,Horner changed his mind when Cameron introduced him to the song .,Cameron changed his mind when Horner presented him with the song .,"[[""Horner"", ""changed_mind_after_meeting"", ""Cameron""], [""Cameron"", ""introduced"", ""song""], [""Horner"", ""met"", ""Cameron""], [""song"", ""presented_by"", ""Cameron""]]","[[""Cameron"", ""changed_mind_after_meeting"", ""Horner""], [""Horner"", ""presented"", ""song""], [""Horner"", ""presented_song_to"", ""Cameron""]]",0.13608276348795434,1.0,1.0,0.4444444444444444,0.13608276348795434,0.9211346287167681,0.8426294421938868,0.7641242556710054,0.6856190691481239,0.6071138826252426,0.5286086961023613,0.45010350957947987,0.3715983230565985,0.29309313653371705,0.2145879500108357,0.13608276348795434,0.780648366047461,0.6100592992455908
370,"The other entrances on the west side have new iron lamp standards and old lanterns , and one has an iron balustrade .","The other entrances on the west side have new iron lamps - standards and old lanterns , and one has an iron balustrade .","[[""west_side"", ""has"", ""entrances""], [""entrances"", ""have"", ""new_iron_lamp_standards""], [""entrances"", ""have"", ""old_lanterns""], [""entrances"", ""have"", ""iron_balustrade""]]","[[""west_side"", ""has"", ""entrances""], [""entrances"", ""have"", ""new_iron_lamps""], [""entrances"", ""have"", ""old_lanterns""], [""entrances"", ""have"", ""iron_balustrade""]]",1.0,0.8975545167922974,0.9413256645202637,0.5,1.0,0.9911088875049823,0.991997998754484,0.9928871100039858,0.9937762212534875,0.9946653325029894,0.9955544437524911,0.9964435550019929,0.9973326662514947,0.9982217775009965,0.9991108887504982,1.0,0.9790893910976921,0.9781708232205533
371,"Most important energy parts are located in the thermal and kinetic losses , the two others are negligible .","The most important energy parts are in thermal and kinetic losses , the other two are negligible .","[[""energy_parts"", ""located_in"", ""thermal_losses""], [""energy_parts"", ""located_in"", ""kinetic_losses""], [""other_two"", ""are"", ""negligible""]]","[[""energy_parts"", ""are_in"", ""thermal_losses""], [""energy_parts"", ""are_in"", ""kinetic_losses""], [""other_two"", ""are"", ""negligible""]]",1.0,0.9999998807907104,0.9999998807907104,1.0,1.0,0.9509235749731793,0.9558312174758613,0.9607388599785434,0.9656465024812255,0.9705541449839076,0.9754617874865896,0.9803694299892717,0.9852770724919537,0.9901847149946359,0.995092357497318,1.0,0.9212434532022957,0.9208294522659135
372,He established the Village of Schererville one mile north of Hartsdale .,He founded the village of Schererville one mile north of Hartsdale .,"[[""He"", ""established"", ""Village_of_Schererville""], [""Village_of_Schererville"", ""location"", ""one_mile_north_of_Hartsdale""]]",[],,,,,,,,,,,,,,,,,,
373,"A few years later , Hyman became himself Goodman pianist .","A few years later , Goodman himself became Hyman 's pianist .","[[""Hyman"", ""became_pianist_of"", ""Goodman""]]","[[""Goodman"", ""became_pianist_of"", ""Hyman""]]",0.16666666666666666,1.0,1.0,0.16666666666666666,0.16666666666666666,0.9869947743971328,0.9049619636240862,0.8229291528510396,0.7408963420779929,0.6588635313049463,0.5768307205318998,0.4947979097588531,0.41276509898580654,0.33073228821275985,0.24869947743971327,0.16666666666666666,0.9934974003358183,0.9953287844133402
374,"This is a list of national parks in British Columbia , including urban and regional parks , provincial parks , municipal and regional parks .","This is a list of national parks in British Columbia including municipal and regional parks , provincial parks , municipal and regional parks .","[[""British_Columbia"", ""has"", ""national_parks""], [""British_Columbia"", ""has"", ""urban_parks""], [""British_Columbia"", ""has"", ""regional_parks""], [""British_Columbia"", ""has"", ""provincial_parks""], [""British_Columbia"", ""has"", ""municipal_parks""]]","[[""British_Columbia"", ""has"", ""national_parks""], [""British_Columbia"", ""has"", ""municipal_parks""], [""British_Columbia"", ""has"", ""regional_parks""], [""British_Columbia"", ""has"", ""provincial_parks""]]",1.0,0.7999136447906494,0.9758846163749695,0.7607257743127307,0.8169217288768313,0.9946039285364504,0.9768357085704885,0.9590674886045267,0.9412992686385646,0.9235310486726027,0.9057628287066408,0.8879946087406789,0.870226388774717,0.8524581688087551,0.8346899488427932,0.8169217288768313,0.9900578434783114,0.827529135560321
375,The Juniata River offers access to the Lower Trail for much of its length .,The Lower Trail offers access to the Juniata River along much of its length .,"[[""Juniata_River"", ""offers_access_to"", ""Lower_Trail""]]","[[""Lower_Trail"", ""offers_access_to"", ""Juniata_River""]]",0.16666666666666666,0.9999999403953552,0.9999998807907104,0.16666666666666666,0.16666666666666666,0.9904897475107896,0.9081074394263773,0.825725131341965,0.7433428232575527,0.6609605151731404,0.5785782070887281,0.4961958990043158,0.41381359091990355,0.33143128283549117,0.24904897475107893,0.16666666666666666,0.9952448300695215,0.9915765250484899
376,"From Arua , the power line runs northwest and turns another , to end at Nebbi .",From Arua the power line runs northwest and turns to Nebbi at the end .,"[[""Arua"", ""location"", ""power_line_start""], [""power_line"", ""runs"", ""northwest""], [""power_line"", ""ends_at"", ""Nebbi""]]","[[""Arua"", ""location"", ""power_line_start""], [""power_line"", ""runs"", ""northwest""], [""power_line"", ""ends_at"", ""Nebbi""]]",1.0,0.9999999403953552,1.0,1.0,1.0,0.9999999987779982,0.9999999989001983,0.9999999990223987,0.9999999991445987,0.999999999266799,0.9999999993889991,0.9999999995111992,0.9999999996333995,0.9999999997555996,0.9999999998777999,1.0,0.9999999856948852,0.9999999895591704
377,"The Holger Danske and Albertus Pictor , painted on the ceiling of the Floda church in Sweden , were attributed to Burman around 1480 .","The Holger Danske and Burman , painted on the ceiling of the Floda church in Sweden , are attributed to Albertus Pictor around 1480 .","[[""Holger_Danske"", ""painted_on"", ""Floda_church""], [""Albertus_Pictor"", ""painted_on"", ""Floda_church""], [""Floda_church"", ""location"", ""Sweden""], [""Holger_Danske"", ""attributed_to"", ""Burman""], [""Albertus_Pictor"", ""attributed_to"", ""Burman""], [""Burman"", ""active_around"", ""1480""]]","[[""Holger_Danske"", ""painted_on"", ""Floda_church""], [""Burman"", ""painted_on"", ""Floda_church""], [""Floda_church"", ""location"", ""Sweden""], [""Holger_Danske"", ""attributed_to"", ""Albertus_Pictor""], [""Burman"", ""attributed_to"", ""Albertus_Pictor""], [""Albertus_Pictor"", ""active_around"", ""1480""]]",0.3347193406976015,0.9999998211860657,1.0,0.4444444444444444,0.3347193406976015,0.9563144704346652,0.8941549574609589,0.8319954444872526,0.7698359315135461,0.7076764185398398,0.6455169055661334,0.583357392592427,0.5211978796187207,0.4590383666450142,0.3968788536713079,0.3347193406976015,0.8901951514684034,0.9339608545292085
378,Just as influential are Wolayta traditional dance forms that are widely adopted by musicians and often visible in Ethiopian music videos .,"Just as influential are Wolayta traditional dance forms , which are widely accepted by musicians and often visible in Ethiopian music videos .","[[""Wolayta_traditional_dance_forms"", ""are_influential"", ""musicians""], [""Wolayta_traditional_dance_forms"", ""are_adopted_by"", ""musicians""], [""Wolayta_traditional_dance_forms"", ""are_visible_in"", ""Ethiopian_music_videos""]]","[[""Wolayta_traditional_dance_forms"", ""are_influential"", ""musicians""], [""Wolayta_traditional_dance_forms"", ""are_accepted_by"", ""musicians""], [""Wolayta_traditional_dance_forms"", ""are_visible_in"", ""Ethiopian_music_videos""]]",1.0,0.9999998807907104,0.9999998807907104,1.0,1.0,0.9927501924464114,0.9934751732017703,0.9942001539571292,0.9949251347124879,0.9956501154678469,0.9963750962232056,0.9971000769785645,0.9978250577339234,0.9985500384892823,0.9992750192446411,1.0,0.952243766603289,0.8326294494870784
379,"Also four others , including Cissell , Machen and Turner , were offered as nominations .","Four others , including Turner , Machen , and Cissell , were also offered nominees .","[[""Cissell"", ""was_offered_as"", ""nomination""], [""Machen"", ""was_offered_as"", ""nomination""], [""Turner"", ""was_offered_as"", ""nomination""]]","[[""Turner"", ""was_offered_as"", ""nominee""], [""Machen"", ""was_offered_as"", ""nominee""], [""Cissell"", ""was_offered_as"", ""nominee""]]",1.0,0.9572644829750061,0.9481747150421143,0.3333333333333333,1.0,0.9531124353720348,0.9578011918348314,0.9624899482976279,0.9671787047604243,0.9718674612232209,0.9765562176860174,0.981244974148814,0.9859337306116105,0.9906224870744069,0.9953112435372035,1.0,0.96617605884877,0.9721259908938893
380,"Johnson allowed the three inexperienced pilots to attack it , but they only managed to damage the bomber .","The three inexperienced pilots were allowed to attack it , but they managed only to damage the bomber .","[[""Johnson"", ""allowed_to_attack"", ""three_inexperienced_pilots""], [""three_inexperienced_pilots"", ""damaged"", ""bomber""]]","[[""three_inexperienced_pilots"", ""allowed_to_attack"", ""it""], [""three_inexperienced_pilots"", ""damaged"", ""bomber""]]",0.3888888888888889,0.18523921072483063,0.5378836393356323,0.3888888888888889,0.3888888888888889,0.9494387263098636,0.8933837425677661,0.8373287588256686,0.7812737750835712,0.7252187913414737,0.6691638075993762,0.6131088238572788,0.5570538401151813,0.5009988563730838,0.44494387263098634,0.3888888888888889,0.8785242072265007,0.8540305451677096
381,"Other indigenous communities are the Konkanis and the Tuluvas of the coastal town of Karnataka , the Kodavas of Kodagu - district of Karnataka .","Other indigenous communities are the Tuluvas and the Konkanis of coastal Karnataka , the Kodavas of Kodagu district of Karnataka .","[[""Konkanis"", ""are"", ""indigenous_communities""], [""Tuluvas"", ""are"", ""indigenous_communities""], [""Tuluvas"", ""location"", ""Karnataka""], [""Kodavas"", ""are"", ""indigenous_communities""], [""Kodavas"", ""location"", ""Kodagu""], [""Kodagu"", ""location"", ""Karnataka""]]","[[""Tuluvas"", ""are"", ""indigenous_communities""], [""Konkanis"", ""are"", ""indigenous_communities""], [""Tuluvas"", ""location"", ""Karnataka""], [""Kodavas"", ""are"", ""indigenous_communities""], [""Kodavas"", ""location"", ""Kodagu""], [""Kodagu"", ""location"", ""Karnataka""]]",1.0,1.0,1.0,0.5833333333333334,1.0,0.9999999986359283,0.9999999987723355,0.9999999989087427,0.9999999990451498,0.9999999991815569,0.9999999993179641,0.9999999994543713,0.9999999995907785,0.9999999997271857,0.9999999998635928,1.0,1.0,0.9999999874981543
382,"Viviano Codazzi was an important contemporary artist of the genre , whose work was influenced by Alessandro Salucci .",Alessandro Salucci was an important contemporary practitioner of the genre whose work was influenced by Viviano Codazzi .,"[[""Viviano_Codazzi"", ""was_influenced_by"", ""Alessandro_Salucci""]]","[[""Alessandro_Salucci"", ""was_influenced_by"", ""Viviano_Codazzi""]]",0.16666666666666666,1.0,0.9999998807907104,0.16666666666666666,0.16666666666666666,0.989018032553084,0.9067828959644423,0.8245477593758005,0.7423126227871588,0.660077486198517,0.5778423496098753,0.49560721302123356,0.4133720764325919,0.3311369398439501,0.24890180325530836,0.16666666666666666,0.9945090820166074,0.9981845863662091
383,"After his move to Wawel , style antico became the musical language of the main statement of Pękiel .",Stile Antico became after his move to Wawel the main language of the musical statement of Pękiel .,"[[""Pękiel"", ""used"", ""style_antico""], [""style_antico"", ""became_main_language"", ""Pękiel""], [""Pękiel"", ""moved_to"", ""Wawel""]]","[[""Stile_Antico"", ""became_main_language_of"", ""Pękiel""], [""Pękiel"", ""moved_to"", ""Wawel""]]",0.3888888888888889,0.448956161737442,0.5347390174865723,0.3888888888888889,0.3888888888888889,0.8811829719526083,0.8319535636462364,0.7827241553398645,0.7334947470334925,0.6842653387271205,0.6350359304207486,0.5858065221143767,0.5365771138080047,0.48734770550163276,0.43811829719526085,0.3888888888888889,0.8993343482189878,0.7663252261805817
384,It was written by Tom Spezialy and Marc Cherry and was led by Jeff Melman .,It was written by Jeff Melman and was directed by Tom Spezialy and Marc Cherry .,"[[""Tom_Spezialy"", ""co_wrote"", ""Marc_Cherry""], [""Jeff_Melman"", ""led"", ""Tom_Spezialy_and_Marc_Cherry_script""]]","[[""Jeff_Melman"", ""wrote"", ""script""], [""Tom_Spezialy"", ""co_directed"", ""Marc_Cherry""], [""Tom_Spezialy_and_Marc_Cherry"", ""directed_by"", ""Jeff_Melman_script""]]",1.0,0.28168416023254395,0.4953692555427551,0.4422689813358516,0.5833333333333334,0.9145726567387763,0.8814487243982321,0.8483247920576877,0.8152008597171434,0.7820769273765992,0.7489529950360548,0.7158290626955106,0.6827051303549663,0.6495811980144219,0.6164572656738776,0.5833333333333334,0.7798440304347185,0.858810083722252
385,It travels a distance of 112 km from Vizag to Araku .,It travels for a distance of 112 km from Vizag to Araku .,"[[""It"", ""travels_distance"", ""112_km""], [""It"", ""travels_from"", ""Vizag""], [""It"", ""travels_to"", ""Araku""]]","[[""It"", ""travels_distance"", ""112_km""], [""It"", ""travels_from"", ""Vizag""], [""It"", ""travels_to"", ""Araku""]]",1.0,1.0,1.0,1.0,1.0,0.9999999988311309,0.9999999989480178,0.9999999990649047,0.9999999991817916,0.9999999992986786,0.9999999994155655,0.9999999995324523,0.9999999996493393,0.9999999997662261,0.999999999883113,1.0,0.999999986588955,0.999999990638087
386,The department of public speaking and dramatic arts was originally headed by T. Earl Pardoe .,The Dramatic and Public Arts Department was originally headed by T. Earl Pardoe .,"[[""department_of_public_speaking_and_dramatic_arts"", ""was_originally_headed_by"", ""T._Earl_Pardoe""]]","[[""Dramatic_and_Public_Arts_Department"", ""was_originally_headed_by"", ""T._Earl_Pardoe""]]",1.0,0.6406906247138977,0.7869072556495667,0.5,1.0,0.9447589349130281,0.9502830414217253,0.9558071479304224,0.9613312544391197,0.9668553609478169,0.972379467456514,0.9779035739652112,0.9834276804739084,0.9889517869826057,0.9944758934913028,1.0,0.95244963913764,0.9784106848916898
387,"Pohl-Stroher was born on 18 January 1919 in Wurzen in Saxony , Vogtland and grew up in Rothenkirchen in East Germany .","Pohl-Stroher was born on 18 January 1919 in Wurzen in Saxony , Vogtland and grew up in Rothenkirchen , East Germany .","[[""Pohl-Stroher"", ""born_on"", ""18_January_1919""], [""Pohl-Stroher"", ""born_in"", ""Wurzen""], [""Wurzen"", ""location_in"", ""Saxony""], [""Saxony"", ""location_in"", ""Vogtland""], [""Pohl-Stroher"", ""grew_up_in"", ""Rothenkirchen""], [""Rothenkirchen"", ""location_in"", ""East_Germany""]]","[[""Pohl-Stroher"", ""born_on"", ""18_January_1919""], [""Pohl-Stroher"", ""born_in"", ""Wurzen""], [""Wurzen"", ""location_in"", ""Saxony""], [""Saxony"", ""location_in"", ""Vogtland""], [""Pohl-Stroher"", ""grew_up_in"", ""Rothenkirchen""], [""Rothenkirchen"", ""location_in"", ""East_Germany""]]",1.0,1.0,1.0,1.0,1.0,0.99999999843283,0.999999998589547,0.999999998746264,0.9999999989029811,0.999999999059698,0.999999999216415,0.999999999373132,0.999999999529849,0.999999999686566,0.999999999843283,1.0,0.9999999985808418,0.9999999870329355
388,"She approaches Lance Smart ( Peter Vroom ) , Martin Dibble ( Craig Thomson ) and Marilyn Chambers ( Emily Symons ) and they form a band named Image .","She approaches Lance Smart ( Martin Dibble ) , Peter Vroom ( Craig Thomson ) and Marilyn Chambers ( Emily Symons ) and they form a band called Image .","[[""Lance_Smart"", ""played_by"", ""Peter_Vroom""], [""Martin_Dibble"", ""played_by"", ""Craig_Thomson""], [""Marilyn_Chambers"", ""played_by"", ""Emily_Symons""], [""Lance_Smart"", ""formed_band_with"", ""Martin_Dibble""], [""Lance_Smart"", ""formed_band_with"", ""Marilyn_Chambers""], [""Martin_Dibble"", ""formed_band_with"", ""Marilyn_Chambers""], [""Lance_Smart"", ""member_of"", ""Image""], [""Martin_Dibble"", ""member_of"", ""Image""], [""Marilyn_Chambers"", ""member_of"", ""Image""]]","[[""Lance_Smart"", ""played_by"", ""Martin_Dibble""], [""Peter_Vroom"", ""played_by"", ""Craig_Thomson""], [""Marilyn_Chambers"", ""played_by"", ""Emily_Symons""], [""Lance_Smart"", ""formed_band_with"", ""Peter_Vroom""], [""Lance_Smart"", ""formed_band_with"", ""Marilyn_Chambers""], [""Peter_Vroom"", ""formed_band_with"", ""Marilyn_Chambers""], [""Lance_Smart"", ""member_of"", ""Image""], [""Peter_Vroom"", ""member_of"", ""Image""], [""Marilyn_Chambers"", ""member_of"", ""Image""]]",0.43719282489259376,0.9999999403953552,0.9999999403953552,0.6666666666666666,0.43719282489259376,0.9465975691432872,0.8956570947182179,0.8447166202931485,0.7937761458680791,0.7428356714430098,0.6918951970179404,0.6409547225928711,0.5900142481678018,0.5390737737427325,0.4881332993176631,0.43719282489259376,0.9230974423066798,0.9361146588364455
389,This layer deals only with the physical connectors and sockets and the electrical specification of signals .,This layer deals with the physical plugs and sockets and electrical specification of signals only .,"[[""layer"", ""deals_with"", ""physical_connectors""], [""layer"", ""deals_with"", ""sockets""], [""layer"", ""deals_with"", ""electrical_specification""], [""electrical_specification"", ""of"", ""signals""]]","[[""layer"", ""deals_with"", ""physical_plugs""], [""layer"", ""deals_with"", ""sockets""], [""layer"", ""deals_with"", ""electrical_specification""], [""electrical_specification"", ""of"", ""signals""]]",1.0,0.7778065204620361,0.9300215244293213,0.6333333333333333,1.0,0.9848086375359133,0.986327773782322,0.9878469100287306,0.9893660462751392,0.990885182521548,0.9924043187679567,0.9939234550143653,0.9954425912607741,0.9969617275071827,0.9984808637535914,1.0,0.9612553130093444,0.9743079408346316
390,"It was obtained from parts of Assiniboia , Humboldt - Lake Centre and Moose Jaw Ridings in 1987 .","It was re-created in 1987 from parts of Assiniboia , Humboldt -- Lake Centre and Moose Jaw ridings .","[[""Assiniboia"", ""part_of"", ""new_riding""], [""Humboldt-Lake_Centre"", ""part_of"", ""new_riding""], [""Moose_Jaw_Ridings"", ""part_of"", ""new_riding""], [""new_riding"", ""obtained_from"", ""Assiniboia""], [""new_riding"", ""obtained_from"", ""Humboldt-Lake_Centre""], [""new_riding"", ""obtained_from"", ""Moose_Jaw_Ridings""], [""new_riding"", ""created_in"", ""1987""]]","[[""Assiniboia"", ""part_of"", ""new_riding""], [""Humboldt--Lake_Centre"", ""part_of"", ""new_riding""], [""Moose_Jaw_ridings"", ""part_of"", ""new_riding""], [""new_riding"", ""created_in"", ""1987""]]",1.0,0.6573090553283691,0.9377090930938721,0.5,1.0,0.9749211408120895,0.9774290267308805,0.9799369126496715,0.9824447985684626,0.9849526844872537,0.9874605704060447,0.9899684563248358,0.9924763422436269,0.9949842281624179,0.997492114081209,1.0,0.8744580866136064,0.9538845757677898
391,"The Cooke and Wheatstone Telegraph was an early electric telegraph system dating from the 1830s , invented by the English inventor Charles Wheatstone and the English scientist William Fothergill Cooke .","The Cooke and Wheatstone Telegraph was an early electric telegraph system dating from the 1830s , invented by English inventor William Fothergill Cooke and English scientist Charles Wheatstone .","[[""Cooke_and_Wheatstone_Telegraph"", ""invented_by"", ""Charles_Wheatstone""], [""Cooke_and_Wheatstone_Telegraph"", ""invented_by"", ""William_Fothergill_Cooke""], [""Cooke_and_Wheatstone_Telegraph"", ""instance_of"", ""electric_telegraph_system""], [""Cooke_and_Wheatstone_Telegraph"", ""dating_from"", ""1830s""], [""Charles_Wheatstone"", ""is"", ""English_inventor""], [""William_Fothergill_Cooke"", ""is"", ""English_scientist""]]","[[""Cooke_and_Wheatstone_Telegraph"", ""invented_by"", ""William_Fothergill_Cooke""], [""Cooke_and_Wheatstone_Telegraph"", ""invented_by"", ""Charles_Wheatstone""], [""Cooke_and_Wheatstone_Telegraph"", ""instance_of"", ""electric_telegraph_system""], [""Cooke_and_Wheatstone_Telegraph"", ""dating_from"", ""1830s""], [""William_Fothergill_Cooke"", ""is"", ""English_inventor""], [""Charles_Wheatstone"", ""is"", ""English_scientist""]]",1.0,1.0,1.0,0.6666666666666666,0.6666666666666666,0.9995153969209069,0.9662305238954828,0.9329456508700589,0.8996607778446347,0.8663759048192108,0.8330910317937867,0.7998061587683627,0.7665212857429387,0.7332364127175146,0.6999515396920907,0.6666666666666666,0.9767329690055605,0.9824183619310158
392,It can be either `` mortal '' or `` venial '',It can either `` mortal '' or `` venial '' be,"[[""It"", ""can_be"", ""mortal""], [""It"", ""can_be"", ""venial""]]","[[""It"", ""can_be"", ""mortal""], [""It"", ""can_be"", ""venial""]]",1.0,1.0,1.0,1.0,1.0,1.0,1.0,1.0,1.0,1.0,1.0,1.0,1.0,1.0,1.0,1.0,0.9999999463558197,1.0
393,"Charles City County , Virginia , also known as Shirley Hundred Island , is an island and an historic home and archaeological sites near Eppes Island .","Eppes Island , also known as Shirley Hundred Island , is an island and a historic home and archaeological sites located near Hopewell , Charles City County , Virginia .","[[""Charles_City_County"", ""location"", ""Virginia""], [""Charles_City_County"", ""also_known_as"", ""Shirley_Hundred_Island""], [""Charles_City_County"", ""instance_of"", ""island""], [""Charles_City_County"", ""has"", ""historic_home""], [""Charles_City_County"", ""has"", ""archaeological_sites""], [""Charles_City_County"", ""near"", ""Eppes_Island""]]","[[""Eppes_Island"", ""also_known_as"", ""Shirley_Hundred_Island""], [""Eppes_Island"", ""instance_of"", ""island""], [""Eppes_Island"", ""has"", ""historic_home""], [""Eppes_Island"", ""has"", ""archaeological_sites""], [""Eppes_Island"", ""location"", ""Hopewell""], [""Eppes_Island"", ""location"", ""Charles_City_County""], [""Eppes_Island"", ""location"", ""Virginia""]]",0.0890870806374748,0.865688145160675,0.9473891258239746,0.7126966450997984,0.0890870806374748,0.8100893810619423,0.7379891510194955,0.6658889209770489,0.593788690934602,0.5216884608921553,0.44958823084970856,0.3774880008072618,0.30538777076481505,0.23328754072236824,0.16118731067992154,0.0890870806374748,0.7324249752059513,0.7788250591904851
394,"Often these plots were retired , so that a one-storey bungalow , especially for large people , was quite practical .","Often these plots were large , so that a one-storey bungalow was particularly practical for retired people .","[[""one-storey_bungalow"", ""was_practical_for"", ""large_people""], [""plots"", ""were"", ""retired""]]","[[""one-storey_bungalow"", ""was_practical_for"", ""retired_people""], [""plots"", ""were"", ""large""]]",0.5833333333333334,0.8518876433372498,0.7971925735473633,0.08333333333333333,0.5833333333333334,0.8293228512982771,0.8047238995017828,0.7801249477052884,0.755525995908794,0.7309270441122996,0.7063280923158053,0.6817291405193109,0.6571301887228165,0.6325312369263221,0.6079322851298277,0.5833333333333334,0.7995580135800112,0.8443350886702102
395,"Strathairn visited Williams College in Williamstown , Massachusetts , and graduated in 1970 from the Redwood High School in Larkspur , California .","Strathairn visited the Redwood High School in Larkspur , California , and graduated from Williams College in Williamstown , Massachusetts in 1970 .","[[""Strathairn"", ""visited"", ""Williams_College""], [""Williams_College"", ""location"", ""Williamstown""], [""Williamstown"", ""location"", ""Massachusetts""], [""Strathairn"", ""graduated_from"", ""Redwood_High_School""], [""Redwood_High_School"", ""location"", ""Larkspur""], [""Larkspur"", ""location"", ""California""], [""Strathairn"", ""graduated_in"", ""1970""]]","[[""Strathairn"", ""visited"", ""Redwood_High_School""], [""Redwood_High_School"", ""location"", ""Larkspur""], [""Larkspur"", ""location"", ""California""], [""Strathairn"", ""graduated_from"", ""Williams_College""], [""Williams_College"", ""location"", ""Williamstown""], [""Williamstown"", ""location"", ""Massachusetts""], [""Strathairn"", ""graduated_in"", ""1970""]]",1.0,1.0,0.9999998807907104,1.0,1.0,0.9980935894328119,0.9982842304895307,0.9984748715462495,0.9986655126029682,0.9988561536596872,0.9990467947164059,0.9992374357731247,0.9994280768298436,0.9996187178865623,0.9998093589432812,1.0,0.9816667412015547,0.9966790021844208
396,"Juan Colomer publishes his works with Editions BIM of Switzerland , Editorial Piles , Tritó and Rivera Editors in Spain .","Juan Colomer publishes his work with Editions BIM of Spain , Editorial Piles , Tritó and Rivera editores in Switzerland .","[[""Juan_Colomer"", ""publishes_with"", ""Editions_BIM""], [""Juan_Colomer"", ""publishes_with"", ""Editorial_Piles""], [""Juan_Colomer"", ""publishes_with"", ""Tritó""], [""Juan_Colomer"", ""publishes_with"", ""Rivera_Editors""], [""Editions_BIM"", ""location"", ""Switzerland""], [""Rivera_Editors"", ""location"", ""Spain""]]","[[""Juan_Colomer"", ""publishes_with"", ""Editions_BIM""], [""Juan_Colomer"", ""publishes_with"", ""Editorial_Piles""], [""Juan_Colomer"", ""publishes_with"", ""Tritó""], [""Juan_Colomer"", ""publishes_with"", ""Rivera_Editors""], [""Editions_BIM"", ""location"", ""Spain""], [""Rivera_Editors"", ""location"", ""Switzerland""]]",0.6666666666666666,1.0,1.0,0.6666666666666666,0.6666666666666666,0.9979918831374077,0.9648593614903336,0.9317268398432595,0.8985943181961853,0.8654617965491114,0.8323292749020372,0.7991967532549631,0.766064231607889,0.7329317099608148,0.6997991883137408,0.6666666666666666,0.9676953924253007,0.9573169172978905
397,The prone 10 metre air rifle Mixed SH1 event at the 2008 Summer Paralympics took place on September 11 at the Beijing Shooting Range Hall .,The lying 10 meter air rifle Mixed SH1 event at the summer - Paralympics 2008 took place on September 11 at the Shooting Range Hall in Beijing .,"[[""2008_Summer_Paralympics"", ""took_place_at"", ""Beijing_Shooting_Range_Hall""], [""10_metre_air_rifle_Mixed_SH1_event"", ""took_place_on"", ""September_11""], [""10_metre_air_rifle_Mixed_SH1_event"", ""location"", ""Beijing_Shooting_Range_Hall""], [""10_metre_air_rifle_Mixed_SH1_event"", ""part_of"", ""2008_Summer_Paralympics""]]","[[""Summer_Paralympics_2008"", ""took_place_at"", ""Shooting_Range_Hall""], [""10_meter_air_rifle_Mixed_SH1_event"", ""took_place_on"", ""September_11""], [""10_meter_air_rifle_Mixed_SH1_event"", ""location"", ""Beijing""], [""10_meter_air_rifle_Mixed_SH1_event"", ""part_of"", ""Summer_Paralympics_2008""]]",0.37267799624996495,0.0,0.34573477506637573,0.22360679774997896,0.37267799624996495,0.9896181261277764,0.9279241131399953,0.8662301001522141,0.8045360871644329,0.7428420741766518,0.6811480611888707,0.6194540482010895,0.5577600352133084,0.4960660222255272,0.4343720092377461,0.37267799624996495,0.9535713170458856,0.9736788613953646
398,"At the Congress , Toxo was supported by the Basque regional secretary Unai Sordo whom Toxo has replaced as candidate .","Toxo was supported at the congress by the Basque regional secretary Unai Sordo , whom Toxo replaced as a candidate .","[[""Toxo"", ""supported_by"", ""Unai_Sordo""], [""Toxo"", ""replaced"", ""Unai_Sordo""], [""Unai_Sordo"", ""is"", ""Basque_regional_secretary""]]","[[""Toxo"", ""supported_by"", ""Unai_Sordo""], [""Toxo"", ""replaced"", ""Unai_Sordo""], [""Unai_Sordo"", ""is"", ""Basque_regional_secretary""]]",1.0,1.0,1.0,1.0,1.0,0.9999999986494109,0.9999999987844698,0.9999999989195287,0.9999999990545876,0.9999999991896465,0.9999999993247055,0.9999999994597644,0.9999999995948232,0.9999999997298822,0.9999999998649411,1.0,0.9999999880790711,0.9999999891048078
399,"In 2010 , Hatherley joined the band by Sam Lewis , playing lead guitar and replacing KT Tunstall .","In 2010 Hatherley joined KT Tunstall 's band , playing lead guitar and replacing Sam Lewis .","[[""Hatherley"", ""joined_in"", ""2010""], [""Hatherley"", ""joined"", ""Sam_Lewis_band""], [""Hatherley"", ""plays"", ""lead_guitar""], [""Hatherley"", ""replacing"", ""KT_Tunstall""]]","[[""Hatherley"", ""joined_in"", ""2010""], [""Hatherley"", ""joined"", ""KT_Tunstall_band""], [""Hatherley"", ""plays"", ""lead_guitar""], [""Hatherley"", ""replacing"", ""Sam_Lewis""]]",0.7080881928749334,0.8131901025772095,0.8207619190216064,0.43333333333333335,0.7080881928749334,0.973216087743868,0.9467032982569746,0.9201905087700811,0.8936777192831876,0.8671649297962942,0.8406521403094007,0.8141393508225072,0.7876265613356138,0.7611137718487203,0.7346009823618269,0.7080881928749334,0.9004486175886379,0.9524839973170862
