id,paragraph_1,paragraph_2,kg_1,kg_2,kea_similarity,transe_similarity,rotate_similarity,wl_kernel_similarity,aa_kea_similarity,snea_bert_alpha_0.0,snea_bert_alpha_0.1,snea_bert_alpha_0.2,snea_bert_alpha_0.3,snea_bert_alpha_0.4,snea_bert_alpha_0.5,snea_bert_alpha_0.6,snea_bert_alpha_0.7,snea_bert_alpha_0.8,snea_bert_alpha_0.9,snea_bert_alpha_1.0_SNEA_alone,kea_bert_similarity,semantic_wl_similarity
0,Lower Infundibular height could be a good measurement tool for deciding which patients with lower calyceal lithiasis would benefit from SWL treatment. Height of less than 22 mm suggests a good outcome from lithotripsy.,reduced Infundibular tallness could be a full measuring tool for deciding which individuals with abject calyceal lithiasis would benefit from SWL intervention. Height of less than 22 mm suggests a full finding from lithotripsy.,"[[""Lower_Infundibular_height"", ""used_for"", ""deciding_patients""], [""deciding_patients"", ""benefit_from"", ""SWL_treatment""], [""Lower_Infundibular_height"", ""measured_as"", ""less_than_22_mm""], [""less_than_22_mm"", ""suggests"", ""good_outcome""], [""good_outcome"", ""result_of"", ""lithotripsy""], [""SWL_treatment"", ""same_as"", ""lithotripsy""], [""patients"", ""have"", ""lower_calyceal_lithiasis""]]","[[""reduced_Infundibular_tallness"", ""used_for"", ""deciding_individuals""], [""deciding_individuals"", ""benefit_from"", ""SWL_intervention""], [""reduced_Infundibular_tallness"", ""measured_as"", ""less_than_22_mm""], [""less_than_22_mm"", ""suggests"", ""full_finding""], [""full_finding"", ""result_of"", ""lithotripsy""], [""SWL_intervention"", ""same_as"", ""lithotripsy""], [""individuals"", ""have"", ""abject_calyceal_lithiasis""]]",0.47619047619047616,0.0,0.35914158821105957,0.14583333333333334,0.5625,0.8773907966021744,0.845901716941957,0.8144126372817396,0.782923557621522,0.7514344779613046,0.7199453983010873,0.6884563186408698,0.6569672389806523,0.6254781593204348,0.5939890796602174,0.5625,0.8349908375336892,0.8848136583782668
1,Lower Infundibular height could be a good measurement tool for deciding which patients with lower calyceal lithiasis would benefit from SWL treatment. Height of less than 22 mm suggests a good outcome from lithotripsy.,Lower Infundibular height could be a good measurement tool for deciding which patients with lower calyceal lithiasis would benefit from SWL treatment. Height of less than 9 mm suggests a good outcome from lithotripsy.,"[[""Lower_Infundibular_height"", ""used_for"", ""deciding_patients""], [""deciding_patients"", ""benefit_from"", ""SWL_treatment""], [""patients"", ""have"", ""lower_calyceal_lithiasis""], [""Lower_Infundibular_height"", ""measure"", ""less_than_22_mm""], [""less_than_22_mm"", ""suggests"", ""good_outcome""], [""good_outcome"", ""result_of"", ""lithotripsy""]]","[[""Lower_Infundibular_height"", ""used_for"", ""deciding_patients""], [""deciding_patients"", ""benefit_from"", ""SWL_treatment""], [""patients"", ""have"", ""lower_calyceal_lithiasis""], [""Lower_Infundibular_height"", ""measure"", ""less_than_9_mm""], [""less_than_9_mm"", ""suggests"", ""good_outcome""], [""good_outcome"", ""result_of"", ""lithotripsy""]]",1.0,0.9855677485466003,0.978195309638977,0.7708333333333334,1.0,0.9879928770387051,0.9891935893348346,0.9903943016309642,0.9915950139270935,0.9927957262232231,0.9939964385193525,0.995197150815482,0.9963978631116115,0.997598575407741,0.9987992877038705,1.0,0.9867750224402362,0.9942245781115584
2,Lower Infundibular height could be a good measurement tool for deciding which patients with lower calyceal lithiasis would benefit from SWL treatment. Height of less than 22 mm suggests a good outcome from lithotripsy.,Lower Infundibular height could be a good measurement tool for deciding which patients with lower calyceal lithiasis would benefit from SWL treatment. a good outcome from lithotripsy suggests Height of less than 22 mm.,"[[""Lower_Infundibular_height"", ""used_for"", ""deciding_patients""], [""deciding_patients"", ""have"", ""lower_calyceal_lithiasis""], [""lower_calyceal_lithiasis"", ""treated_with"", ""SWL_treatment""], [""SWL_treatment"", ""benefits_from"", ""Lower_Infundibular_height""], [""Lower_Infundibular_height"", ""less_than"", ""22_mm""], [""22_mm"", ""suggests"", ""good_outcome""], [""good_outcome"", ""from"", ""lithotripsy""]]","[[""Lower_Infundibular_height"", ""used_for"", ""deciding_patients""], [""deciding_patients"", ""have"", ""lower_calyceal_lithiasis""], [""lower_calyceal_lithiasis"", ""treated_with"", ""SWL_treatment""], [""SWL_treatment"", ""benefits_from"", ""Lower_Infundibular_height""], [""Lower_Infundibular_height"", ""less_than"", ""22_mm""], [""22_mm"", ""suggests"", ""good_outcome""], [""good_outcome"", ""from"", ""lithotripsy""]]",1.0,1.0,1.0,1.0,1.0,1.0,1.0,1.0,1.0,1.0,1.0,1.0,1.0,1.0,1.0,1.0,1.0,0.9999999846457366
3,Lower Infundibular height could be a good measurement tool for deciding which patients with lower calyceal lithiasis would benefit from SWL treatment. Height of less than 22 mm suggests a good outcome from lithotripsy.,"The great majority of U.S. renal transplant centers will not transplant kidneys to HIV-infected patients with end-stage renal disease, even if their infection is asymptomatic. However, advances in the management of HIV infection and a review of relevant ethical issues suggest that this approach should be reconsidered.","[[""Lower_Infundibular_height"", ""used_for"", ""deciding_patients""], [""deciding_patients"", ""benefit_from"", ""SWL_treatment""], [""Lower_Infundibular_height"", ""measurement_tool"", ""lithiasis""], [""Height_less_than_22mm"", ""suggests"", ""good_outcome""], [""good_outcome"", ""result_of"", ""lithotripsy""]]","[[""U.S._renal_transplant_centers"", ""will_not_transplant"", ""HIV_infected_patients""], [""HIV_infected_patients"", ""have"", ""end_stage_renal_disease""], [""end_stage_renal_disease"", ""treated_with"", ""renal_transplant""], [""U.S._renal_transplant_centers"", ""reconsider_approach"", ""HIV_infection_management""], [""HIV_infection_management"", ""advances_in"", ""treatment""], [""ethical_issues"", ""reviewed"", ""renal_transplant""], [""renal_transplant"", ""considered_for"", ""HIV_infected_patients""]]",0.0,0.0,0.0,0.0,0.0,0.2948497296086657,0.2653647566477991,0.23587978368693255,0.20639481072606597,0.1769098377651994,0.14742486480433284,0.11793989184346627,0.08845491888259972,0.05896994592173312,0.02948497296086656,0.0,0.2728436758369356,0.33389168214265763
4,"Among HBR patients with stable or unstable coronary artery disease, E-ZES implantation provides superior efficacy and safety as compared with conventional BMS. (Zotarolimus-Eluting Endeavor Sprint Stent in Uncertain DES Candidates [ZEUS]; NCT01385319).","Among HBR individuals with static or precarious coronary artery condition, E-ZES nidation provides superscript efficaciousness and refuge as compared with established BMS. (Zotarolimus-Eluting Endeavor Sprint Stent in Uncertain DES Candidates [ZEUS]; NCT01385319).",[],[],,,,,,,,,,,,,,,,,,
5,"Among HBR patients with stable or unstable coronary artery disease, E-ZES implantation provides superior efficacy and safety as compared with conventional BMS. (Zotarolimus-Eluting Endeavor Sprint Stent in Uncertain DES Candidates [ZEUS]; NCT01385319).","Among HBR patients with stable or unstable coronary artery disease, E-ZES implantation provides superior efficacy and safety as compared with conventional BMS. (Zotarolimus-ESCC in Uncertain DES Candidates [ZEUS]; NCT01385319).","[[""E-ZES"", ""provides"", ""superior_efficacy""], [""E-ZES"", ""provides"", ""superior_safety""], [""E-ZES"", ""compared_to"", ""conventional_BMS""], [""HBR_patients"", ""have"", ""stable_coronary_artery_disease""], [""HBR_patients"", ""have"", ""unstable_coronary_artery_disease""], [""E-ZES_implantation"", ""performed_in"", ""HBR_patients""], [""ZEUS"", ""investigates"", ""E-ZES_implantation""], [""ZEUS"", ""identified_by"", ""NCT01385319""]]","[[""E-ZES"", ""provides"", ""superior_efficacy""], [""E-ZES"", ""provides"", ""superior_safety""], [""E-ZES"", ""compared_to"", ""conventional_BMS""], [""HBR_patients"", ""have"", ""stable_coronary_artery_disease""], [""HBR_patients"", ""have"", ""unstable_coronary_artery_disease""], [""E-ZES_implantation"", ""performed_in"", ""HBR_patients""], [""ZEUS"", ""investigates"", ""E-ZES_implantation""], [""ZEUS"", ""identified_by"", ""NCT01385319""], [""Zotarolimus-ESCC"", ""used_in"", ""ZEUS""]]",1.0,0.7184228897094727,0.9618879556655884,0.7627700713964738,1.0,0.999999997798855,0.9999999980189694,0.9999999982390839,0.9999999984591985,0.999999998679313,0.9999999988994275,0.999999999119542,0.9999999993396564,0.999999999559771,0.9999999997798855,1.0,0.9999999666213972,0.9909633746524836
6,"Among HBR patients with stable or unstable coronary artery disease, E-ZES implantation provides superior efficacy and safety as compared with conventional BMS. (Zotarolimus-Eluting Endeavor Sprint Stent in Uncertain DES Candidates [ZEUS]; NCT01385319).","Among HBR patients with stable or unstable coronary artery disease, superior efficacy and safety provides E-ZES implantation as compared with conventional BMS. (Zotarolimus-Eluting Endeavor Sprint Stent in Uncertain DES Candidates [ZEUS]; NCT01385319).","[[""HBR_patients"", ""have"", ""stable_coronary_artery_disease""], [""HBR_patients"", ""have"", ""unstable_coronary_artery_disease""], [""E-ZES_implantation"", ""provides"", ""superior_efficacy""], [""E-ZES_implantation"", ""provides"", ""superior_safety""], [""E-ZES_implantation"", ""compared_with"", ""conventional_BMS""], [""ZEUS"", ""investigate"", ""E-ZES_implantation""], [""ZEUS"", ""identified_by"", ""NCT01385319""]]","[[""HBR_patients"", ""have"", ""stable_coronary_artery_disease""], [""HBR_patients"", ""have"", ""unstable_coronary_artery_disease""], [""E-ZES_implantation"", ""provides"", ""superior_efficacy""], [""E-ZES_implantation"", ""provides"", ""superior_safety""], [""E-ZES_implantation"", ""compared_with"", ""conventional_BMS""], [""ZEUS"", ""investigate"", ""E-ZES_implantation""], [""ZEUS"", ""identified_by"", ""NCT01385319""]]",1.0,0.9999999403953552,1.0,1.0,1.0,1.0,1.0,1.0,1.0,1.0,1.0,1.0,1.0,1.0,1.0,1.0,0.999999984956923,1.0
7,"Among HBR patients with stable or unstable coronary artery disease, E-ZES implantation provides superior efficacy and safety as compared with conventional BMS. (Zotarolimus-Eluting Endeavor Sprint Stent in Uncertain DES Candidates [ZEUS]; NCT01385319).","Liquid-based preparations performed significantly better in urinary cytology challenges when evaluating malignant categories in the College of American Pathologists interlaboratory comparison program. The liquid-based preparation challenges also performed better for the exact reference interpretation of HGUCA, but no difference was observed for adenocarcinoma challenges. Cytotechnologists perform better than pathologists for all slide types, as well as those demonstrating HGUCA. These results suggest that liquid-based preparations facilitate a more accurate diagnosis than conventional preparations.","[[""HBR_patients"", ""had"", ""stable_coronary_artery_disease""], [""HBR_patients"", ""had"", ""unstable_coronary_artery_disease""], [""E-ZES"", ""provides"", ""superior_efficacy""], [""E-ZES"", ""provides"", ""superior_safety""], [""E-ZES"", ""compared_to"", ""conventional_BMS""], [""ZEUS"", ""studied"", ""E-ZES""], [""ZEUS"", ""identified_by"", ""NCT01385319""]]","[[""liquid-based_preparations"", ""performed_better_in"", ""urinary_cytology_challenges""], [""urinary_cytology_challenges"", ""evaluated"", ""malignant_categories""], [""malignant_categories"", ""part_of"", ""College_of_American_Pathologists_interlaboratory_comparison_program""], [""liquid-based_preparation_challenges"", ""performed_better_for"", ""HGUCA""], [""cytotechnologists"", ""performed_better_than"", ""pathologists""], [""cytotechnologists"", ""performed_better_for"", ""HGUCA""], [""liquid-based_preparations"", ""facilitate"", ""accurate_diagnosis""], [""liquid-based_preparations"", ""compared_to"", ""conventional_preparations""]]",0.0,0.0,0.08950386941432953,0.0,0.0,0.379357461421567,0.34142171527941034,0.3034859691372536,0.2655502229950969,0.2276144768529402,0.1896787307107835,0.1517429845686268,0.11380723842647011,0.07587149228431339,0.037935746142156695,0.0,0.3656248610179346,0.42083021291033224
8,"Postcontrast synovial SIs showed high correlation between half dose and full dose, and image quality was rated identically. Therefore, half-dose gadobenate dimeglumine at 3-T MR imaging may be sufficient for assessing synovitis or tenosynovitis in early RA.","Postcontrast synovial SIs showed eminent correlativity between half dosage and full dose, and persona caliber was rated identically. Therefore, half-dose gadobenate dimeglumine at 3-T MR imaging may be sufficient for assessing synovitis or tendosynovitis in former RA.","[[""half_dose_gadobenate_dimeglumine"", ""used_at"", ""3-T_MR_imaging""], [""full_dose_gadobenate_dimeglumine"", ""used_at"", ""3-T_MR_imaging""], [""postcontrast_synovial_SIs"", ""show"", ""high_correlation""], [""half_dose_gadobenate_dimeglumine"", ""correlated_with"", ""full_dose_gadobenate_dimeglumine""], [""image_quality"", ""rated"", ""identically""], [""half_dose_gadobenate_dimeglumine"", ""sufficient_for"", ""assessing_synovitis""], [""half_dose_gadobenate_dimeglumine"", ""sufficient_for"", ""assessing_tenosynovitis""], [""half_dose_gadobenate_dimeglumine"", ""used_for"", ""early_RA""]]","[[""half_dose_gadobenate_dimeglumine"", ""used_at"", ""3-T_MR_imaging""], [""full_dose_gadobenate_dimeglumine"", ""used_at"", ""3-T_MR_imaging""], [""postcontrast_synovial_SIs"", ""show"", ""eminent_correlativity""], [""half_dose_gadobenate_dimeglumine"", ""correlated_with"", ""full_dose_gadobenate_dimeglumine""], [""persona_caliber"", ""rated"", ""identically""], [""half_dose_gadobenate_dimeglumine"", ""sufficient_for"", ""assessing_synovitis""], [""half_dose_gadobenate_dimeglumine"", ""sufficient_for"", ""assessing_tendosynovitis""], [""half_dose_gadobenate_dimeglumine"", ""used_for"", ""former_RA""]]",0.6851851851851852,0.7987739443778992,0.8671260476112366,0.43333333333333335,0.7166666666666667,0.9738122343343969,0.9480976775676239,0.9223831208008508,0.8966685640340778,0.8709540072673048,0.8452394505005318,0.8195248937337587,0.7938103369669858,0.7680957802002126,0.7423812234334397,0.7166666666666667,0.8931273004244635,0.9474651547946822
9,"Postcontrast synovial SIs showed high correlation between half dose and full dose, and image quality was rated identically. Therefore, half-dose gadobenate dimeglumine at 3-T MR imaging may be sufficient for assessing synovitis or tenosynovitis in early RA.","Postcontrast synovial SIs showed high correlation between half dose and full dose, and image quality was rated identically. Therefore, half-dose gadobenate dimeglumine at 1-T MR imaging may be sufficient for assessing synovitis or tenosynovitis in early RA.","[[""postcontrast_synovial_SIs"", ""show"", ""high_correlation""], [""high_correlation"", ""between"", ""half_dose""], [""high_correlation"", ""between"", ""full_dose""], [""image_quality"", ""rated_identically"", ""half_dose""], [""image_quality"", ""rated_identically"", ""full_dose""], [""half_dose_gadobenate_dimeglumine"", ""used_at"", ""3-T_MR_imaging""], [""half_dose_gadobenate_dimeglumine"", ""sufficient_for"", ""assessing_synovitis""], [""half_dose_gadobenate_dimeglumine"", ""sufficient_for"", ""assessing_tenosynovitis""], [""half_dose_gadobenate_dimeglumine"", ""used_in"", ""early_RA""]]","[[""postcontrast_synovial_SIs"", ""show"", ""high_correlation""], [""high_correlation"", ""between"", ""half_dose""], [""high_correlation"", ""between"", ""full_dose""], [""image_quality"", ""rated_identically"", ""half_dose""], [""image_quality"", ""rated_identically"", ""full_dose""], [""half_dose_gadobenate_dimeglumine"", ""used_at"", ""1-T_MR_imaging""], [""half_dose_gadobenate_dimeglumine"", ""sufficient_for"", ""assessing_synovitis""], [""half_dose_gadobenate_dimeglumine"", ""sufficient_for"", ""assessing_tenosynovitis""], [""half_dose_gadobenate_dimeglumine"", ""used_in"", ""early_RA""]]",1.0,0.9139541387557983,0.9741922616958618,0.8166666666666667,1.0,0.9997263070987383,0.9997536763888645,0.9997810456789906,0.9998084149691169,0.999835784259243,0.9998631535493692,0.9998905228394953,0.9999178921296215,0.9999452614197477,0.9999726307098739,1.0,0.9972614692739614,0.9988594814847344
10,"Postcontrast synovial SIs showed high correlation between half dose and full dose, and image quality was rated identically. Therefore, half-dose gadobenate dimeglumine at 3-T MR imaging may be sufficient for assessing synovitis or tenosynovitis in early RA.","high correlation between half dose and full dose showed Postcontrast synovial SIs, and image quality was rated identically. Therefore, half-dose gadobenate dimeglumine at 3-T MR imaging may be sufficient for assessing synovitis or tenosynovitis in early RA.","[[""Postcontrast_synovial_SIs"", ""showed"", ""high_correlation""], [""high_correlation"", ""between"", ""half_dose""], [""high_correlation"", ""between"", ""full_dose""], [""image_quality"", ""rated"", ""identically""], [""half_dose_gadobenate_dimeglumine"", ""used_at"", ""3-T_MR_imaging""], [""half_dose_gadobenate_dimeglumine"", ""sufficient_for"", ""assessing_synovitis""], [""half_dose_gadobenate_dimeglumine"", ""sufficient_for"", ""assessing_tenosynovitis""], [""synovitis"", ""related_to"", ""early_RA""], [""tenosynovitis"", ""related_to"", ""early_RA""]]","[[""Postcontrast_synovial_SIs"", ""showed"", ""high_correlation""], [""high_correlation"", ""between"", ""half_dose""], [""high_correlation"", ""between"", ""full_dose""], [""image_quality"", ""rated"", ""identically""], [""half_dose_gadobenate_dimeglumine"", ""used_at"", ""3-T_MR_imaging""], [""half_dose_gadobenate_dimeglumine"", ""sufficient_for"", ""assessing_synovitis""], [""half_dose_gadobenate_dimeglumine"", ""sufficient_for"", ""assessing_tenosynovitis""], [""synovitis"", ""related_to"", ""early_RA""], [""tenosynovitis"", ""related_to"", ""early_RA""]]",1.0,1.0,1.0,1.0,1.0,0.9999998843010349,0.9999998958709314,0.9999999074408279,0.9999999190107245,0.999999930580621,0.9999999421505175,0.999999953720414,0.9999999652903104,0.999999976860207,0.9999999884301035,1.0,0.9999999929697085,0.9999999845482286
11,"Postcontrast synovial SIs showed high correlation between half dose and full dose, and image quality was rated identically. Therefore, half-dose gadobenate dimeglumine at 3-T MR imaging may be sufficient for assessing synovitis or tenosynovitis in early RA.",Our results suggest a protective effect of breast-feeding among children with a family history of atopy that is not confined to the period of breast-feeding but continues during the first three years of life. Breast-feeding should be promoted in children with a family history of atopy.,"[[""half_dose_gadobenate_dimeglumine"", ""correlated_with"", ""full_dose_gadobenate_dimeglumine""], [""postcontrast_synovial_SIs"", ""show"", ""high_correlation""], [""half_dose_gadobenate_dimeglumine"", ""used_for"", ""assessing_synovitis""], [""half_dose_gadobenate_dimeglumine"", ""used_for"", ""assessing_tenosynovitis""], [""half_dose_gadobenate_dimeglumine"", ""used_in"", ""early_RA""], [""half_dose_gadobenate_dimeglumine"", ""used_at"", ""3-T_MR_imaging""]]","[[""breast-feeding"", ""has"", ""protective_effect""], [""breast-feeding"", ""benefits"", ""children_with_family_history_of_atopy""], [""protective_effect_of_breast-feeding"", ""continues_during"", ""first_three_years_of_life""], [""breast-feeding"", ""should_be_promoted"", ""children_with_family_history_of_atopy""]]",0.0,0.0,0.0,0.0,0.0,0.14112283751470095,0.12701055376323087,0.11289827001176077,0.09878598626029066,0.08467370250882057,0.07056141875735047,0.056449135005880384,0.04233685125441029,0.028224567502940185,0.014112283751470093,0.0,0.1887963982760867,0.43849251253875166
12,"Most students do not encounter all 10 conditions during patient encounters throughout a 4-week EM rotation, although most have exposure to at least eight. Certain conditions are far less likely than others to be encountered, and may need to be taught in a nonclinical setting.","all 10 conditions during individual encounters were encountered by the majority of students. Certain conditions are far less likely than others to be encountered, and may need to be taught in a nonclinical setting.","[[""students"", ""do_not_encounter"", ""all_10_conditions""], [""students"", ""encounter"", ""at_least_eight_conditions""], [""10_conditions"", ""not_encountered_during"", ""4-week_EM_rotation""], [""certain_conditions"", ""less_likely_to_be_encountered"", ""than_others""], [""certain_conditions"", ""may_need_to_be_taught_in"", ""nonclinical_setting""]]","[[""majority_of_students"", ""encountered"", ""all_10_conditions""], [""certain_conditions"", ""less_likely_to_be_encountered"", ""than_others""], [""certain_conditions"", ""may_need_to_be_taught_in"", ""nonclinical_setting""], [""students"", ""have"", ""individual_encounters""]]",0.4844813951249544,0.4548499882221222,0.6536836624145508,0.5567942539842174,0.6582805886043833,0.9367723809692353,0.9089232017327501,0.881074022496265,0.8532248432597797,0.8253756640232945,0.7975264847868093,0.7696773055503241,0.7418281263138389,0.7139789470773538,0.6861297678408685,0.6582805886043833,0.8532836752703671,0.8828596264292279
13,"Most students do not encounter all 10 conditions during patient encounters throughout a 4-week EM rotation, although most have exposure to at least eight. Certain conditions are far less likely than others to be encountered, and may need to be taught in a nonclinical setting.","Most students do not encounter all 15 conditions during patient encounters throughout a 6-week EM rotation, although most have exposure to at least eight. Certain conditions are far less likely than others to be encountered, and may need to be taught in a nonclinical setting.","[[""students"", ""encounter"", ""less_than_10_conditions""], [""students"", ""part_of"", ""4_week_EM_rotation""], [""4_week_EM_rotation"", ""includes"", ""patient_encounters""], [""patient_encounters"", ""expose_to"", ""at_least_8_conditions""], [""certain_conditions"", ""less_likely_to_be_encountered"", ""than_others""], [""certain_conditions"", ""may_need_to_be_taught_in"", ""nonclinical_setting""]]","[[""students"", ""encounter"", ""less_than_15_conditions""], [""students"", ""part_of"", ""6_week_EM_rotation""], [""6_week_EM_rotation"", ""includes"", ""patient_encounters""], [""patient_encounters"", ""expose_to"", ""at_least_8_conditions""], [""certain_conditions"", ""less_likely_to_be_encountered"", ""than_others""], [""certain_conditions"", ""may_need_to_be_taught_in"", ""nonclinical_setting""]]",1.0,0.939305305480957,0.9015337228775024,0.6458333333333334,1.0,0.9889664576147137,0.9900698118532423,0.9911731660917711,0.9922765203302994,0.9933798745688283,0.9944832288073568,0.9955865830458854,0.9966899372844141,0.9977932915229427,0.9988966457614714,1.0,0.9823905076200354,0.9896191447812235
14,"Most students do not encounter all 10 conditions during patient encounters throughout a 4-week EM rotation, although most have exposure to at least eight. Certain conditions are far less likely than others to be encountered, and may need to be taught in a nonclinical setting.","all 10 conditions during patient encounters do not encounter Most students throughout a 4-week EM rotation, although most have exposure to at least eight. Certain conditions are far less likely than others to be encountered, and may need to be taught in a nonclinical setting.","[[""students"", ""do_not_encounter"", ""all_10_conditions""], [""students"", ""have_exposure_to"", ""at_least_8_conditions""], [""4-week_EM_rotation"", ""includes"", ""patient_encounters""], [""certain_conditions"", ""are_less_likely_to_be_encountered"", ""than_others""], [""certain_conditions"", ""may_need_to_be_taught_in"", ""nonclinical_setting""]]","[[""students"", ""do_not_encounter"", ""all_10_conditions""], [""students"", ""have_exposure_to"", ""at_least_8_conditions""], [""4-week_EM_rotation"", ""includes"", ""patient_encounters""], [""certain_conditions"", ""are_less_likely_to_be_encountered"", ""than_others""], [""certain_conditions"", ""may_need_to_be_taught_in"", ""nonclinical_setting""]]",1.0,0.9999998807907104,1.0,1.0,1.0,1.0,1.0,1.0,1.0,1.0,1.0,1.0,1.0,1.0,1.0,1.0,1.0,0.9999999880940492
15,"Most students do not encounter all 10 conditions during patient encounters throughout a 4-week EM rotation, although most have exposure to at least eight. Certain conditions are far less likely than others to be encountered, and may need to be taught in a nonclinical setting.","Progression of a pT3 tumour into the renal vein and vena cava is not associated with increased tumour expression of VEGF. However, VEGF is an independent prognostic factor in this group of poor prognosis renal tumours.","[[""students"", ""do_not_encounter"", ""all_10_emergent_clinical_conditions""], [""students"", ""encounter"", ""at_least_eight_emergent_clinical_conditions""], [""emergent_clinical_conditions"", ""encountered_during"", ""patient_encounters""], [""patient_encounters"", ""occur_during"", ""4-week_EM_rotation""], [""certain_emergent_clinical_conditions"", ""less_likely_to_be_encountered"", ""than_others""], [""less_likely_emergent_clinical_conditions"", ""taught_in"", ""nonclinical_setting""]]","[[""pT3_tumour"", ""progresses_into"", ""renal_vein""], [""pT3_tumour"", ""progresses_into"", ""vena_cava""], [""progression_of_pT3_tumour"", ""not_associated_with"", ""increased_tumour_expression_of_VEGF""], [""VEGF"", ""independent_prognostic_factor"", ""poor_prognosis_renal_tumours""], [""poor_prognosis_renal_tumours"", ""group_of"", ""renal_tumours""]]",0.0,0.0,0.08724519610404968,0.0,0.0,0.3067892682244583,0.27611034140201246,0.24543141457956663,0.2147524877571208,0.18407356093467497,0.15339463411222914,0.12271570728978332,0.0920367804673375,0.061357853644891644,0.030678926822445822,0.0,0.2710145301190977,0.523006637529698
16,"Knowledge of US-EFW, above and beyond the impact of fetal size itself, increases the risk of CD. Acquisition of US-EFW near term appears to be an independent and potentially modifiable risk factor for CD.","the probability of CD was increased by Knowledge of US-EFW, above and beyond the impact of fetal size itself. Acquisition of US-EFW near term appears to be an independent and potentially modifiable risk factor for CD.","[[""knowledge_of_US-EFW"", ""increases"", ""risk_of_CD""], [""US-EFW"", ""impact"", ""fetal_size""], [""knowledge_of_US-EFW"", ""above"", ""fetal_size""], [""acquisition_of_US-EFW"", ""near_term"", ""term""], [""acquisition_of_US-EFW"", ""independent_risk_factor_for"", ""CD""], [""acquisition_of_US-EFW"", ""potentially_modifiable_risk_factor_for"", ""CD""]]","[[""probability_of_CD"", ""increased_by"", ""knowledge_of_US-EFW""], [""knowledge_of_US-EFW"", ""above"", ""fetal_size""], [""fetal_size"", ""impact_on"", ""CD""], [""acquisition_of_US-EFW"", ""near_term"", ""term""], [""acquisition_of_US-EFW"", ""independent_risk_factor_for"", ""CD""], [""acquisition_of_US-EFW"", ""potentially_modifiable_risk_factor_for"", ""CD""]]",0.6085806194501846,0.6603870391845703,0.7669492363929749,0.25717224993681986,0.7156264473321344,0.9835141650292725,0.9567253932595587,0.9299366214898449,0.9031478497201311,0.8763590779504172,0.8495703061807034,0.8227815344109897,0.7959927626412758,0.769203990871562,0.7424152191018483,0.7156264473321344,0.9264598993657828,0.9511904033710251
17,"Knowledge of US-EFW, above and beyond the impact of fetal size itself, increases the risk of CD. Acquisition of US-EFW near term appears to be an independent and potentially modifiable risk factor for CD.","Knowledge of US-CAT, above and beyond the impact of fetal size itself, increases the risk of CD. Acquisition of US-EFW near term appears to be an independent and potentially modifiable risk factor for CD.","[[""knowledge_of_US-EFW"", ""increases"", ""risk_of_CD""], [""US-EFW"", ""acquired_near"", ""term""], [""acquisition_of_US-EFW"", ""independent_risk_factor_for"", ""CD""], [""acquisition_of_US-EFW"", ""potentially_modifiable_risk_factor_for"", ""CD""], [""fetal_size"", ""impact_on"", ""CD""]]","[[""knowledge_of_US-CAT"", ""increases"", ""risk_of_CD""], [""US-CAT"", ""compared_to"", ""US-EFW""], [""US-EFW"", ""acquired_near"", ""term""], [""acquisition_of_US-EFW"", ""independent_risk_factor_for"", ""CD""], [""acquisition_of_US-EFW"", ""potentially_modifiable_risk_factor_for"", ""CD""], [""fetal_size"", ""impact_on"", ""CD""]]",1.0,0.8484181761741638,0.7936154007911682,0.8017837257372732,1.0,0.9915059505874398,0.9923553555286958,0.9932047604699519,0.9940541654112078,0.9949035703524639,0.99575297529372,0.9966023802349759,0.9974517851762319,0.998301190117488,0.999150595058744,1.0,0.9779094887341153,0.9464331198579876
18,"Knowledge of US-EFW, above and beyond the impact of fetal size itself, increases the risk of CD. Acquisition of US-EFW near term appears to be an independent and potentially modifiable risk factor for CD.","the risk of CD, increases Knowledge of US-EFW, above and beyond the impact of fetal size itself. Acquisition of US-EFW near term appears to be an independent and potentially modifiable risk factor for CD.","[[""knowledge_of_US-EFW"", ""increases"", ""risk_of_CD""], [""fetal_size"", ""impact_on"", ""risk_of_CD""], [""knowledge_of_US-EFW"", ""acquired_near_term"", ""US-EFW""], [""US-EFW"", ""potential_risk_factor_for"", ""CD""], [""acquisition_of_US-EFW"", ""independent_risk_factor_for"", ""CD""], [""acquisition_of_US-EFW"", ""potentially_modifiable_risk_factor_for"", ""CD""]]","[[""risk_of_CD"", ""increases"", ""knowledge_of_US-EFW""], [""knowledge_of_US-EFW"", ""above_and_beyond"", ""fetal_size""], [""fetal_size"", ""impact_on"", ""risk_of_CD""], [""acquisition_of_US-EFW"", ""independent_risk_factor_for"", ""CD""], [""acquisition_of_US-EFW"", ""potentially_modifiable_risk_factor_for"", ""CD""], [""US-EFW"", ""acquired_near_term"", ""US-EFW""], [""US-EFW"", ""potential_risk_factor_for"", ""CD""]]",0.5,0.9999998807907104,1.0,0.3055555555555556,0.5833333333333334,0.9933672272611357,0.9523638378683554,0.9113604484755753,0.870357059082795,0.8293536696900148,0.7883502802972345,0.7473468909044543,0.7063435015116741,0.6653401121188938,0.6243367227261136,0.5833333333333334,0.9827106682508606,0.9636291692672081
19,"Knowledge of US-EFW, above and beyond the impact of fetal size itself, increases the risk of CD. Acquisition of US-EFW near term appears to be an independent and potentially modifiable risk factor for CD.",2ME is able to enhance the antiproliferative activity of certain chemotherapeutics at pharmacological relevant concentrations. This estradiol metabolite is currently in a phase II trial in patients with refractary metastatic breast cancer and the tolerability has been shown to be very good. The combination of 2ME with chemotherapeutics may therefore offer a new clinically relevant treatment regimen for hormone-dependent cancer.,"[[""knowledge_of_US-EFW"", ""increases"", ""risk_of_CD""], [""US-EFW"", ""acquired_near"", ""term""], [""acquisition_of_US-EFW_near_term"", ""risk_factor_for"", ""CD""], [""fetal_size"", ""impact_on"", ""CD""], [""knowledge_of_US-EFW"", ""beyond"", ""fetal_size""]]","[[""2ME"", ""enhances"", ""antiproliferative_activity""], [""2ME"", ""combined_with"", ""chemotherapeutics""], [""chemotherapeutics"", ""treat"", ""hormone-dependent_cancer""], [""phase_II_trial"", ""for"", ""refractary_metastatic_breast_cancer""], [""2ME"", ""shows"", ""good_tolerability""], [""2ME_and_chemotherapeutics"", ""offer"", ""new_treatment_regimen""], [""new_treatment_regimen"", ""for"", ""hormone-dependent_cancer""], [""2ME"", ""is"", ""estradiol_metabolite""]]",0.0,0.0,0.0,0.0,0.0,0.30238773638962474,0.27214896275066225,0.2419101891116998,0.2116714154727373,0.18143264183377483,0.15119386819481237,0.1209550945558499,0.09071632091688743,0.06047754727792493,0.030238773638962466,0.0,0.2551980661702059,0.5042785949490832
20,The addition of epinephrine to ACLS-SAPO increases vital organ perfusion pressures and improves outcome from cardiac arrest. There appears to be a profound loss of arterial vasomotor tone after prolonged arrest. This loss of vasomotor tone may make exogenous pressors necessary for resuscitation after prolonged cardiac arrest.,vital organ perfusion pressures were increased by The addition of epinephrine to ACLS-SAPO. There appears to be a profound loss of arterial vasomotor tone after prolonged arrest. This loss of vasomotor tone may make exogenous pressors necessary for resuscitation after prolonged cardiac arrest.,"[[""Addition_of_epinephrine_to_ACLS_SAPO"", ""increases"", ""vital_organ_perfusion_pressures""], [""Addition_of_epinephrine_to_ACLS_SAPO"", ""improves"", ""outcome_from_cardiac_arrest""], [""Prolonged_cardiac_arrest"", ""results_in"", ""loss_of_arterial_vasomotor_tone""], [""Loss_of_arterial_vasomotor_tone"", ""makes_necessary"", ""exogenous_pressors_for_resuscitation""]]","[[""Addition_of_epinephrine_to_ACLS_SAPO"", ""increases"", ""vital_organ_perfusion_pressures""], [""Prolonged_cardiac_arrest"", ""results_in"", ""loss_of_arterial_vasomotor_tone""], [""Loss_of_arterial_vasomotor_tone"", ""makes_necessary"", ""exogenous_pressors_for_resuscitation""]]",0.8333333333333334,0.865546703338623,0.938910722732544,0.7607257743127307,0.77005354108682,0.972851550620462,0.9525717496670979,0.9322919487137338,0.9120121477603693,0.8917323468070052,0.8714525458536411,0.8511727449002768,0.8308929439469126,0.8106131429935484,0.7903333420401841,0.77005354108682,0.9688296731959374,0.9453311709473972
21,The addition of epinephrine to ACLS-SAPO increases vital organ perfusion pressures and improves outcome from cardiac arrest. There appears to be a profound loss of arterial vasomotor tone after prolonged arrest. This loss of vasomotor tone may make exogenous pressors necessary for resuscitation after prolonged cardiac arrest.,The addition of epinephrine to NADPH-SAPO increases vital organ perfusion pressures and improves outcome from cardiac arrest. There appears to be a profound loss of arterial vasomotor tone after prolonged arrest. This loss of vasomotor tone may make exogenous pressors necessary for resuscitation after prolonged cardiac arrest.,"[[""Addition_of_epinephrine_to_ACLSSAPO"", ""increases"", ""vital_organ_perfusion_pressures""], [""Addition_of_epinephrine_to_ACLSSAPO"", ""improves"", ""outcome_from_cardiac_arrest""], [""Prolonged_cardiac_arrest"", ""results_in"", ""loss_of_arterial_vasomotor_tone""], [""Loss_of_arterial_vasomotor_tone"", ""makes_necessary"", ""exogenous_pressors_for_resuscitation""], [""Exogenous_pressors"", ""necessary_for"", ""resuscitation_after_prolonged_cardiac_arrest""]]","[[""Addition_of_epinephrine_to_NADPH_SAPO"", ""increases"", ""vital_organ_perfusion_pressures""], [""Addition_of_epinephrine_to_NADPH_SAPO"", ""improves"", ""outcome_from_cardiac_arrest""], [""Prolonged_cardiac_arrest"", ""results_in"", ""loss_of_arterial_vasomotor_tone""], [""Loss_of_arterial_vasomotor_tone"", ""makes_necessary"", ""exogenous_pressors_for_resuscitation""], [""Exogenous_pressors"", ""necessary_for"", ""resuscitation_after_prolonged_cardiac_arrest""]]",1.0,0.9938161373138428,0.9687240719795227,0.875,1.0,0.9566260557343554,0.9609634501609199,0.9653008445874844,0.9696382390140488,0.9739756334406132,0.9783130278671777,0.9826504222937422,0.9869878167203066,0.9913252111468711,0.9956626055734356,1.0,0.9553183619507011,0.9720803089838049
22,The addition of epinephrine to ACLS-SAPO increases vital organ perfusion pressures and improves outcome from cardiac arrest. There appears to be a profound loss of arterial vasomotor tone after prolonged arrest. This loss of vasomotor tone may make exogenous pressors necessary for resuscitation after prolonged cardiac arrest.,vital organ perfusion pressures increases The addition of epinephrine to ACLS-SAPO and improves outcome from cardiac arrest. There appears to be a profound loss of arterial vasomotor tone after prolonged arrest. This loss of vasomotor tone may make exogenous pressors necessary for resuscitation after prolonged cardiac arrest.,"[[""Addition_of_epinephrine_to_ACLS-SAPO"", ""increases"", ""vital_organ_perfusion_pressures""], [""Addition_of_epinephrine_to_ACLS-SAPO"", ""improves"", ""outcome_from_cardiac_arrest""], [""Prolonged_cardiac_arrest"", ""results_in"", ""loss_of_arterial_vasomotor_tone""], [""Loss_of_arterial_vasomotor_tone"", ""makes_exogenous_pressors_necessary"", ""resuscitation_after_prolonged_cardiac_arrest""]]","[[""Addition_of_epinephrine_to_ACLS-SAPO"", ""increases"", ""vital_organ_perfusion_pressures""], [""Addition_of_epinephrine_to_ACLS-SAPO"", ""improves"", ""outcome_from_cardiac_arrest""], [""Prolonged_cardiac_arrest"", ""results_in"", ""loss_of_arterial_vasomotor_tone""], [""Loss_of_arterial_vasomotor_tone"", ""makes_exogenous_pressors_necessary"", ""resuscitation_after_prolonged_cardiac_arrest""]]",1.0,1.0,1.0,1.0,1.0,1.0,1.0,1.0,1.0,1.0,1.0,1.0,1.0,1.0,1.0,1.0,0.9999999642372113,0.9999999875051221
23,The addition of epinephrine to ACLS-SAPO increases vital organ perfusion pressures and improves outcome from cardiac arrest. There appears to be a profound loss of arterial vasomotor tone after prolonged arrest. This loss of vasomotor tone may make exogenous pressors necessary for resuscitation after prolonged cardiac arrest.,Older people with a history of amblyopia who develop visual loss in the previously normal eye can experience recovery of visual function in the amblyopic eye over a period of time. This recovery in visual function occurs in the wake of visual loss in the fellow eye and the improvement appears to be sustained.,"[[""Addition_of_epinephrine_to_ACLS-SAPO"", ""increases"", ""vital_organ_perfusion_pressures""], [""Addition_of_epinephrine_to_ACLS-SAPO"", ""improves"", ""outcome_from_cardiac_arrest""], [""Prolonged_cardiac_arrest"", ""results_in"", ""loss_of_arterial_vasomotor_tone""], [""Loss_of_arterial_vasomotor_tone"", ""makes_exogenous_pressors_necessary"", ""resuscitation_after_prolonged_cardiac_arrest""]]","[[""Older_people_with_amblyopia"", ""experience"", ""recovery_of_visual_function""], [""Recovery_of_visual_function"", ""occurs_in"", ""amblyopic_eye""], [""Visual_loss_in_fellow_eye"", ""triggers"", ""recovery_of_visual_function""], [""Recovery_of_visual_function"", ""is"", ""sustained""], [""Amblyopic_eye"", ""recovers"", ""visual_function_over_time""]]",0.0,0.0,0.0,0.0,0.0,0.23234389832522231,0.20910950849270007,0.18587511866017786,0.16264072882765562,0.13940633899513338,0.11617194916261116,0.09293755933008893,0.0697031694975667,0.04646877966504445,0.023234389832522226,0.0,0.26545794587959104,0.5524768118382648
24,"The short- and long-term outcomes after LRT and SLT did not differ significantly. To avoid the risk for the donor in LRT, SLT represents the first-line therapy in pediatric liver transplantation in countries where cadaveric organs are available. LRT provides a solution for urgent cases in which a cadaveric graft cannot be found in time or if the choice of the optimal time point for transplantation is vital.","The short- and long-term results after LRT and SLT did not differ significantly. To avoid the probability for the donor in LRT, SLT represents the first-line therapy in pediatric liver transplant in countries where cadaveric harmonium are available. LRT provides a solution for urgent cases in which a cadaveric graft cannot be found in time or if the pick of the optimal time point for transplantation is critical.","[[""LRT"", ""outcome_compared_to"", ""SLT""], [""LRT"", ""has_risk_for"", ""donor""], [""SLT"", ""represents"", ""first-line_therapy""], [""first-line_therapy"", ""used_in"", ""pediatric_liver_transplantation""], [""pediatric_liver_transplantation"", ""performed_in"", ""countries_with_cadaveric_organs""], [""LRT"", ""provides_solution_for"", ""urgent_cases""], [""urgent_cases"", ""occur_when"", ""cadaveric_graft_cannot_be_found""], [""urgent_cases"", ""require"", ""optimal_time_point_for_transplantation""]]","[[""LRT"", ""outcome_compared_to"", ""SLT""], [""LRT"", ""has_probability_for"", ""donor""], [""SLT"", ""represents"", ""first-line_therapy""], [""first-line_therapy"", ""used_in"", ""pediatric_liver_transplant""], [""pediatric_liver_transplant"", ""performed_in"", ""countries_with_cadaveric_harmonium""], [""LRT"", ""provides_solution_for"", ""urgent_cases""], [""urgent_cases"", ""occur_when"", ""cadaveric_graft_cannot_be_found""], [""urgent_cases"", ""require"", ""optimal_time_point_for_transplantation""]]",1.0,0.6852903366088867,0.8118483424186707,0.5555555555555556,1.0,0.9878234974849084,0.9890411477364175,0.9902587979879267,0.9914764482394358,0.992694098490945,0.9939117487424542,0.9951293989939634,0.9963470492454725,0.9975646994969817,0.9987823497484909,1.0,0.9598949230670273,0.971278935350996
25,"The short- and long-term outcomes after LRT and SLT did not differ significantly. To avoid the risk for the donor in LRT, SLT represents the first-line therapy in pediatric liver transplantation in countries where cadaveric organs are available. LRT provides a solution for urgent cases in which a cadaveric graft cannot be found in time or if the choice of the optimal time point for transplantation is vital.","The short- and long-term outcomes after APBI and SLT did not differ significantly. To avoid the risk for the donor in LRT, SLT represents the first-line therapy in pediatric liver transplantation in countries where cadaveric organs are available. LRT provides a solution for urgent cases in which a cadaveric graft cannot be found in time or if the choice of the optimal time point for transplantation is vital.","[[""LRT"", ""compared_to"", ""SLT""], [""LRT"", ""has_risk_for"", ""donor""], [""SLT"", ""is"", ""first-line_therapy""], [""first-line_therapy"", ""used_in"", ""pediatric_liver_transplantation""], [""pediatric_liver_transplantation"", ""performed_in"", ""countries_with_cadaveric_organs""], [""LRT"", ""provides_solution_for"", ""urgent_cases""], [""urgent_cases"", ""occur_when"", ""cadaveric_graft_cannot_be_found""], [""urgent_cases"", ""require"", ""optimal_time_point_for_transplantation""]]","[[""APBI"", ""compared_to"", ""SLT""], [""LRT"", ""has_risk_for"", ""donor""], [""SLT"", ""is"", ""first-line_therapy""], [""first-line_therapy"", ""used_in"", ""pediatric_liver_transplantation""], [""pediatric_liver_transplantation"", ""performed_in"", ""countries_with_cadaveric_organs""], [""LRT"", ""provides_solution_for"", ""urgent_cases""], [""urgent_cases"", ""occur_when"", ""cadaveric_graft_cannot_be_found""], [""urgent_cases"", ""require"", ""optimal_time_point_for_transplantation""]]",0.8608422519347255,0.9178493022918701,0.9651670455932617,0.8608422519347255,0.8608422519347255,0.9857299515058842,0.9732411815487684,0.9607524115916526,0.9482636416345365,0.9357748716774207,0.9232861017203049,0.910797331763189,0.8983085618060731,0.8858197918489572,0.8733310218918413,0.8608422519347255,0.9641679571108661,0.9793017652262542
26,"The short- and long-term outcomes after LRT and SLT did not differ significantly. To avoid the risk for the donor in LRT, SLT represents the first-line therapy in pediatric liver transplantation in countries where cadaveric organs are available. LRT provides a solution for urgent cases in which a cadaveric graft cannot be found in time or if the choice of the optimal time point for transplantation is vital.","The short- and long-term outcomes after LRT and SLT did not differ significantly. To avoid the risk for the donor in LRT, the first-line therapy in pediatric liver transplantation in countries where cadaveric organs are available represents SLT. LRT provides a solution for urgent cases in which a cadaveric graft cannot be found in time or if the choice of the optimal time point for transplantation is vital.","[[""LRT"", ""outcome_compared_to"", ""SLT""], [""LRT"", ""has_risk_for"", ""donor""], [""SLT"", ""represents"", ""first-line_therapy""], [""first-line_therapy"", ""used_in"", ""pediatric_liver_transplantation""], [""pediatric_liver_transplantation"", ""performed_in"", ""countries_with_cadaveric_organs""], [""LRT"", ""provides_solution_for"", ""urgent_cases""], [""urgent_cases"", ""occur_when"", ""cadaveric_graft_cannot_be_found""], [""urgent_cases"", ""require"", ""optimal_time_point_for_transplantation""]]","[[""LRT"", ""outcome_compared_to"", ""SLT""], [""LRT"", ""has_risk_for"", ""donor""], [""SLT"", ""represents"", ""first-line_therapy""], [""first-line_therapy"", ""used_in"", ""pediatric_liver_transplantation""], [""pediatric_liver_transplantation"", ""performed_in"", ""countries_with_cadaveric_organs""], [""LRT"", ""provides_solution_for"", ""urgent_cases""], [""urgent_cases"", ""occur_when"", ""cadaveric_graft_cannot_be_found""], [""urgent_cases"", ""require"", ""optimal_time_point_for_transplantation""]]",1.0,0.9999999403953552,0.9999999403953552,1.0,1.0,0.9999999978409991,0.9999999980568992,0.9999999982727994,0.9999999984886994,0.9999999987045994,0.9999999989204995,0.9999999991363997,0.9999999993522997,0.9999999995681998,0.9999999997840999,1.0,0.9999999761581403,0.9999999839367562
27,"The short- and long-term outcomes after LRT and SLT did not differ significantly. To avoid the risk for the donor in LRT, SLT represents the first-line therapy in pediatric liver transplantation in countries where cadaveric organs are available. LRT provides a solution for urgent cases in which a cadaveric graft cannot be found in time or if the choice of the optimal time point for transplantation is vital.","Our data suggested that visually impaired pedestrians can make accurate and reliable street crossing decisions like those of normally sighted pedestrians. When using auditory information only, all subjects significantly overestimated the vehicular gap time. Our finding that blind pedestrians performed significantly worse than either the normally sighted or visually impaired subjects under the hearing only condition suggested that they may benefit from training to improve their detection ability and/or interpretation of vehicular gap times.","[[""LRT"", ""compared_to"", ""SLT""], [""LRT"", ""outcome"", ""short-term_outcome""], [""LRT"", ""outcome"", ""long-term_outcome""], [""SLT"", ""outcome"", ""short-term_outcome""], [""SLT"", ""outcome"", ""long-term_outcome""], [""SLT"", ""used_in"", ""pediatric_liver_transplantation""], [""pediatric_liver_transplantation"", ""performed_in"", ""countries_with_cadaveric_organs""], [""LRT"", ""used_in"", ""urgent_cases""], [""LRT"", ""alternative_to"", ""cadaveric_graft""], [""SLT"", ""first-line_therapy"", ""pediatric_liver_transplantation""]]","[[""visually_impaired_pedestrians"", ""make_decisions_like"", ""normally_sighted_pedestrians""], [""visually_impaired_pedestrians"", ""use"", ""auditory_information""], [""subjects"", ""overestimate"", ""vehicular_gap_time""], [""blind_pedestrians"", ""perform_worse_than"", ""normally_sighted_pedestrians""], [""blind_pedestrians"", ""perform_worse_than"", ""visually_impaired_pedestrians""], [""blind_pedestrians"", ""benefit_from"", ""training""], [""training"", ""improves"", ""detection_ability""], [""training"", ""improves"", ""interpretation_of_vehicular_gap_times""]]",0.0,0.0,0.0,0.0,0.0,0.3332843318513296,0.29995589866619665,0.2666274654810637,0.23329903229593071,0.19997059911079776,0.1666421659256648,0.13331373274053185,0.0999852995553989,0.06665686637026591,0.033328433185132955,0.0,0.30170588529873565,0.46003886578579
28,"MRI of children with OCD consistently showed secondary physis disruption, overlying chondroepiphysial widening, and subchondral bone edema. We suggest that disruption of normal endochondral ossification may be associated with juvenile OCD.","MRI of kid with OCD consistently showed secondary physis break, superimposed chondroepiphysial widening, and subchondral ivory oedema. We indicate that break of normal endochondral conformity may be linked with juvenile OCD.","[[""MRI"", ""showed"", ""secondary_physis_disruption""], [""MRI"", ""showed"", ""overlying_chondroepiphysial_widening""], [""MRI"", ""showed"", ""subchondral_bone_edema""], [""children_with_OCD"", ""have"", ""secondary_physis_disruption""], [""disruption_of_normal_endochondral_ossification"", ""may_be_associated_with"", ""juvenile_OCD""]]","[[""MRI"", ""showed"", ""secondary_physis_break""], [""MRI"", ""showed"", ""superimposed_chondroepiphysial_widening""], [""MRI"", ""showed"", ""subchondral_ivory_oedema""], [""kid_with_OCD"", ""have"", ""secondary_physis_break""], [""break_of_normal_endochondral_conformity"", ""may_be_linked_with"", ""juvenile_OCD""]]",0.6944444444444444,0.12533533573150635,0.6448016166687012,0.16666666666666666,0.7380952380952381,0.9535236912634152,0.9319808459465975,0.9104380006297799,0.888895155312962,0.8673523099961444,0.8458094646793266,0.824266619362509,0.8027237740456914,0.7811809287288735,0.7596380834120559,0.7380952380952381,0.9006014763366612,0.9204466732038662
29,"MRI of children with OCD consistently showed secondary physis disruption, overlying chondroepiphysial widening, and subchondral bone edema. We suggest that disruption of normal endochondral ossification may be associated with juvenile OCD.","MRI of children with PVL consistently showed secondary physis disruption, overlying chondroepiphysial widening, and subchondral bone edema. We suggest that disruption of normal endochondral ossification may be associated with juvenile OCD.","[[""MRI"", ""shows"", ""secondary_physis_disruption""], [""MRI"", ""shows"", ""overlying_chondroepiphysial_widening""], [""MRI"", ""shows"", ""subchondral_bone_edema""], [""disruption_of_normal_endochondral_ossification"", ""may_be_associated_with"", ""juvenile_OCD""], [""children_with_OCD"", ""have"", ""secondary_physis_disruption""], [""children_with_OCD"", ""have"", ""overlying_chondroepiphysial_widening""], [""children_with_OCD"", ""have"", ""subchondral_bone_edema""]]","[[""MRI"", ""shows"", ""secondary_physis_disruption""], [""MRI"", ""shows"", ""overlying_chondroepiphysial_widening""], [""MRI"", ""shows"", ""subchondral_bone_edema""], [""disruption_of_normal_endochondral_ossification"", ""may_be_associated_with"", ""juvenile_OCD""], [""children_with_PVL"", ""have"", ""secondary_physis_disruption""], [""children_with_PVL"", ""have"", ""overlying_chondroepiphysial_widening""], [""children_with_PVL"", ""have"", ""subchondral_bone_edema""]]",0.43719282489259376,0.9617407321929932,0.952118992805481,0.40476190476190477,0.4829546044006792,0.9312166683929295,0.8863904619937045,0.8415642555944796,0.7967380491952543,0.7519118427960294,0.7070856363968043,0.6622594299975794,0.6174332235983544,0.5726070171991293,0.5277808107999042,0.4829546044006792,0.9377577191507818,0.952315132228781
30,"MRI of children with OCD consistently showed secondary physis disruption, overlying chondroepiphysial widening, and subchondral bone edema. We suggest that disruption of normal endochondral ossification may be associated with juvenile OCD.","secondary physis disruption, consistently showed MRI of children with OCD overlying chondroepiphysial widening, and subchondral bone edema. We suggest that disruption of normal endochondral ossification may be associated with juvenile OCD.","[[""MRI"", ""showed"", ""secondary_physis_disruption""], [""MRI"", ""showed"", ""overlying_chondroepiphysial_widening""], [""MRI"", ""showed"", ""subchondral_bone_edema""], [""children_with_OCD"", ""had"", ""secondary_physis_disruption""], [""disruption_of_normal_endochondral_ossification"", ""may_be_associated_with"", ""juvenile_OCD""]]","[[""secondary_physis_disruption"", ""shown_on"", ""MRI""], [""MRI"", ""showed"", ""overlying_chondroepiphysial_widening""], [""MRI"", ""showed"", ""subchondral_bone_edema""], [""children_with_OCD"", ""had"", ""secondary_physis_disruption""], [""disruption_of_normal_endochondral_ossification"", ""may_be_associated_with"", ""juvenile_OCD""]]",0.7222222222222222,0.9999999403953552,0.9999998807907104,0.7619047619047619,0.7619047619047619,0.9975419369085262,0.9739782194081499,0.9504145019077734,0.9268507844073969,0.9032870669070205,0.8797233494066441,0.8561596319062676,0.8325959144058912,0.8090321969055148,0.7854684794051383,0.7619047619047619,0.9892268799426012,0.985513450356885
31,"MRI of children with OCD consistently showed secondary physis disruption, overlying chondroepiphysial widening, and subchondral bone edema. We suggest that disruption of normal endochondral ossification may be associated with juvenile OCD.","Our study confirms that students are able to identify QA issues and propose solutions. We recommend that students have a formally recognized place in day surgery QA programmes, to close the QA loop and to adequately prepare them for medical practice in the 21st century.","[[""MRI"", ""shows"", ""secondary_physis_disruption""], [""MRI"", ""shows"", ""overlying_chondroepiphysial_widening""], [""MRI"", ""shows"", ""subchondral_bone_edema""], [""disruption_of_normal_endochondral_ossification"", ""may_be_associated_with"", ""juvenile_OCD""], [""juvenile_OCD"", ""diagnosed_by"", ""MRI""]]","[[""students"", ""can_identify"", ""QA_issues""], [""students"", ""can_propose"", ""solutions""], [""study"", ""recommends"", ""formally_recognized_place_for_students""], [""formally_recognized_place_for_students"", ""in"", ""day_surgery_QA_programmes""], [""day_surgery_QA_programmes"", ""purpose"", ""close_QA_loop""], [""day_surgery_QA_programmes"", ""purpose"", ""prepare_students_for_medical_practice""], [""medical_practice"", ""occurs_in"", ""21st_century""]]",0.0,0.0,0.0829719603061676,0.0,0.0,0.27748308317734277,0.2497347748596085,0.22198646654187423,0.19423815822413992,0.16648984990640567,0.13874154158867139,0.11099323327093712,0.08324492495320285,0.055496616635468544,0.027748308317734272,0.0,0.25602611530209063,0.3463104458171663
32,"Although travel burden is associated with timely diagnosis and treatment for some types of cancer, we did not find evidence that driving time was, in general, better at predicting timeliness of cancer diagnosis and treatment than driving distance. More intensive efforts at early detection of breast cancer and early treatment of CRC for Medicaid patients who live in remote areas may be needed.","Although travel load is linked with seasonable diagnosis and therapy for certain character of cancer, we did not observe evidence that driving time was, in general, better at predicting timeliness of cancer diagnosing and treatment than driving distance. More intensive efforts at early sensing of breast cancer and early treatment of CRC for Medicaid patients who live in distant country may be needed.","[[""travel_burden"", ""associated_with"", ""timely_diagnosis""], [""travel_burden"", ""associated_with"", ""treatment""], [""driving_time"", ""predicts"", ""timeliness_of_cancer_diagnosis""], [""driving_distance"", ""predicts"", ""timeliness_of_cancer_diagnosis""], [""breast_cancer"", ""requires"", ""early_detection""], [""CRC"", ""requires"", ""early_treatment""], [""Medicaid_patients"", ""live_in"", ""remote_areas""], [""Medicaid_patients"", ""need"", ""intensive_efforts""]]","[[""travel_load"", ""linked_with"", ""seasonable_diagnosis""], [""travel_load"", ""linked_with"", ""therapy""], [""driving_time"", ""predicts"", ""timeliness_of_cancer_diagnosing""], [""driving_distance"", ""predicts"", ""timeliness_of_cancer_diagnosing""], [""breast_cancer"", ""requires"", ""early_sensing""], [""CRC"", ""requires"", ""early_treatment""], [""Medicaid_patients"", ""live_in"", ""distant_country""], [""Medicaid_patients"", ""need"", ""intensive_efforts""]]",0.8940488587450699,0.38310161232948303,0.6820336580276489,0.34615384615384615,0.8940488587450699,0.9663329664007947,0.9591045556352222,0.9518761448696498,0.9446477341040773,0.9374193233385049,0.9301909125729323,0.9229625018073598,0.9157340910417873,0.9085056802762148,0.9012772695106424,0.8940488587450699,0.9159675329871348,0.9376950586648024
33,"Although travel burden is associated with timely diagnosis and treatment for some types of cancer, we did not find evidence that driving time was, in general, better at predicting timeliness of cancer diagnosis and treatment than driving distance. More intensive efforts at early detection of breast cancer and early treatment of CRC for Medicaid patients who live in remote areas may be needed.","Although travel burden is associated with timely diagnosis and treatment for some types of cancer, we did not find evidence that driving time was, in general, better at predicting timeliness of cancer diagnosis and treatment than driving distance. More intensive efforts at early detection of breast cancer and early treatment of LSG for Medicaid patients who live in remote areas may be needed.","[[""travel_burden"", ""associated_with"", ""timely_diagnosis""], [""travel_burden"", ""associated_with"", ""treatment""], [""driving_time"", ""predicts"", ""timeliness_of_cancer_diagnosis""], [""driving_time"", ""predicts"", ""timeliness_of_cancer_treatment""], [""driving_distance"", ""predicts"", ""timeliness_of_cancer_diagnosis""], [""driving_distance"", ""predicts"", ""timeliness_of_cancer_treatment""], [""Medicaid_patients"", ""live_in"", ""remote_areas""], [""breast_cancer"", ""requires"", ""early_detection""], [""CRC"", ""requires"", ""early_treatment""], [""Medicaid_patients"", ""need"", ""intensive_efforts""]]","[[""travel_burden"", ""associated_with"", ""timely_diagnosis""], [""travel_burden"", ""associated_with"", ""treatment""], [""driving_time"", ""predicts"", ""timeliness_of_cancer_diagnosis""], [""driving_time"", ""predicts"", ""timeliness_of_cancer_treatment""], [""driving_distance"", ""predicts"", ""timeliness_of_cancer_diagnosis""], [""driving_distance"", ""predicts"", ""timeliness_of_cancer_treatment""], [""Medicaid_patients"", ""live_in"", ""remote_areas""], [""breast_cancer"", ""requires"", ""early_detection""], [""LSG"", ""requires"", ""early_treatment""], [""Medicaid_patients"", ""need"", ""intensive_efforts""]]",0.7916666666666666,0.9730093479156494,0.9846351742744446,0.9285714285714286,0.9285714285714286,0.9895314479132317,0.9834354459790514,0.977339444044871,0.9712434421106907,0.9651474401765104,0.9590514382423301,0.9529554363081498,0.9468594343739696,0.9407634324397891,0.9346674305056089,0.9285714285714286,0.9576815480007761,0.9897150307558955
34,"Although travel burden is associated with timely diagnosis and treatment for some types of cancer, we did not find evidence that driving time was, in general, better at predicting timeliness of cancer diagnosis and treatment than driving distance. More intensive efforts at early detection of breast cancer and early treatment of CRC for Medicaid patients who live in remote areas may be needed.","Although travel burden is associated with timely diagnosis and treatment for some types of cancer, evidence that driving time was, in general, did not find we better at predicting timeliness of cancer diagnosis and treatment than driving distance. More intensive efforts at early detection of breast cancer and early treatment of CRC for Medicaid patients who live in remote areas may be needed.","[[""travel_burden"", ""associated_with"", ""timely_diagnosis""], [""travel_burden"", ""associated_with"", ""treatment""], [""driving_time"", ""predictor_of"", ""cancer_diagnosis""], [""driving_time"", ""predictor_of"", ""cancer_treatment""], [""driving_distance"", ""predictor_of"", ""cancer_diagnosis""], [""driving_distance"", ""predictor_of"", ""cancer_treatment""], [""Medicaid_patients"", ""live_in"", ""remote_areas""], [""breast_cancer"", ""requires"", ""early_detection""], [""CRC"", ""requires"", ""early_treatment""]]","[[""travel_burden"", ""associated_with"", ""timely_diagnosis""], [""travel_burden"", ""associated_with"", ""treatment""], [""driving_time"", ""predictor_of"", ""cancer_diagnosis""], [""driving_time"", ""predictor_of"", ""cancer_treatment""], [""driving_distance"", ""predictor_of"", ""cancer_diagnosis""], [""driving_distance"", ""predictor_of"", ""cancer_treatment""], [""Medicaid_patients"", ""live_in"", ""remote_areas""], [""breast_cancer"", ""requires"", ""early_detection""], [""CRC"", ""requires"", ""early_treatment""]]",1.0,1.0,1.0,1.0,1.0,0.9999999155221208,0.9999999239699087,0.9999999324176967,0.9999999408654845,0.9999999493132724,0.9999999577610603,0.9999999662088483,0.9999999746566361,0.9999999831044242,0.9999999915522121,1.0,0.9999999932244292,0.9999999859606099
35,"Although travel burden is associated with timely diagnosis and treatment for some types of cancer, we did not find evidence that driving time was, in general, better at predicting timeliness of cancer diagnosis and treatment than driving distance. More intensive efforts at early detection of breast cancer and early treatment of CRC for Medicaid patients who live in remote areas may be needed.","Dutch primary schools could play a more important role in fostering healthy eating habits among children. The school food policy could be improved by clearly formulating food rules, simplifying supervision of the food rules, and defining how to enforce the food rules. In addition, the school food policy will only influence children's dietary behaviour if both the school and the parents support the policy.","[[""travel_burden"", ""associated_with"", ""timely_diagnosis""], [""travel_burden"", ""associated_with"", ""treatment""], [""driving_time"", ""predicts"", ""timeliness_of_cancer_diagnosis""], [""driving_distance"", ""predicts"", ""timeliness_of_cancer_diagnosis""], [""breast_cancer"", ""type_of"", ""cancer""], [""CRC"", ""type_of"", ""cancer""], [""Medicaid_patients"", ""live_in"", ""remote_areas""], [""early_detection"", ""applied_to"", ""breast_cancer""], [""early_treatment"", ""applied_to"", ""CRC""]]","[[""Dutch_primary_schools"", ""foster"", ""healthy_eating_habits""], [""healthy_eating_habits"", ""among"", ""children""], [""school_food_policy"", ""influences"", ""childrens_dietary_behaviour""], [""school"", ""supports"", ""school_food_policy""], [""parents"", ""support"", ""school_food_policy""], [""food_rules"", ""part_of"", ""school_food_policy""], [""supervision_of_food_rules"", ""part_of"", ""school_food_policy""], [""enforcement_of_food_rules"", ""part_of"", ""school_food_policy""]]",0.0,0.0,0.0,0.0,0.0,0.12117616762143282,0.10905855085928955,0.09694093409714627,0.08482331733500297,0.07270570057285969,0.06058808381071641,0.048470467048573135,0.03635285028642985,0.02423523352428656,0.01211761676214328,0.0,0.195827764801271,0.49978857620131373
36,"All five existing predictive models have limited ability to risk-stratify patients and accurately assess risk of SSO. However, both the VHRS and ACS-NSQIP demonstrate modest success in identifying patients at risk for SSI. Continued model refinement is needed to improve the two highest performing models (VHRS and ACS-NSQIP) along with investigation to determine whether modifications to perioperative management based on risk stratification can improve outcomes.","All five existing predictive models have limited ability to probability-stratify individuals and accurately assess hazard of SSO. However, both the VHRS and ACS-NSQIP demonstrate modest success in identifying patients at risk for SSI. Continued model refinement is needed to enhance the two highest performing models (VHRS and ACS-NSQIP) along with investigation to determine whether alteration to perioperative management based on hazard stratification can improve result.","[[""existing_predictive_models"", ""have"", ""limited_ability_to_risk_stratify""], [""existing_predictive_models"", ""have"", ""limited_ability_to_assess_risk_of_surgical_site_occurrence""], [""VHRS"", ""demonstrate"", ""modest_success_in_identifying_patients_at_risk_for_surgical_site_infection""], [""ACS-NSQIP"", ""demonstrate"", ""modest_success_in_identifying_patients_at_risk_for_surgical_site_infection""], [""VHRS"", ""is_one_of"", ""highest_performing_models""], [""ACS-NSQIP"", ""is_one_of"", ""highest_performing_models""], [""highest_performing_models"", ""need"", ""refinement""], [""model_refinement"", ""aim_to"", ""improve_outcomes""], [""perioperative_management"", ""can_be"", ""modified_based_on_risk_stratification""], [""modification_to_perioperative_management"", ""can"", ""improve_outcomes""]]","[[""existing_predictive_models"", ""have"", ""limited_ability_to_probability_stratify""], [""existing_predictive_models"", ""have"", ""limited_ability_to_assess_hazard_of_surgical_site_occurrence""], [""VHRS"", ""demonstrate"", ""modest_success_in_identifying_patients_at_risk_for_surgical_site_infection""], [""ACS-NSQIP"", ""demonstrate"", ""modest_success_in_identifying_patients_at_risk_for_surgical_site_infection""], [""VHRS"", ""is_one_of"", ""highest_performing_models""], [""ACS-NSQIP"", ""is_one_of"", ""highest_performing_models""], [""highest_performing_models"", ""need"", ""enhancement""], [""model_enhancement"", ""aim_to"", ""improve_results""], [""perioperative_management"", ""can_be"", ""altered_based_on_hazard_stratification""], [""alteration_to_perioperative_management"", ""can"", ""improve_results""]]",0.6,0.3205910921096802,0.7518399953842163,0.1282051282051282,0.717948717948718,0.9778893462630297,0.9518952834315985,0.9259012206001674,0.8999071577687362,0.8739130949373051,0.8479190321058738,0.8219249692744426,0.7959309064430116,0.7699368436115803,0.7439427807801491,0.717948717948718,0.9433523530682593,0.9733860934373213
37,"All five existing predictive models have limited ability to risk-stratify patients and accurately assess risk of SSO. However, both the VHRS and ACS-NSQIP demonstrate modest success in identifying patients at risk for SSI. Continued model refinement is needed to improve the two highest performing models (VHRS and ACS-NSQIP) along with investigation to determine whether modifications to perioperative management based on risk stratification can improve outcomes.","All five existing predictive models have limited ability to risk-stratify patients and accurately assess risk of SSO. However, both the ART and ACS-NSQIP demonstrate modest success in identifying patients at risk for SSI. Continued model refinement is needed to improve the two highest performing models (VHRS and ACS-NSQIP) along with investigation to determine whether modifications to perioperative management based on risk stratification can improve outcomes.","[[""existing_predictive_models"", ""number"", ""5""], [""existing_predictive_models"", ""limited_ability"", ""risk-stratify_patients""], [""existing_predictive_models"", ""limited_ability"", ""accurately_assess_risk_of_SSO""], [""VHRS"", ""demonstrate"", ""modest_success""], [""VHRS"", ""used_for"", ""identifying_patients_at_risk_for_SSI""], [""ACS-NSQIP"", ""demonstrate"", ""modest_success""], [""ACS-NSQIP"", ""used_for"", ""identifying_patients_at_risk_for_SSI""], [""VHRS_and_ACS-NSQIP"", ""highest_performing_models"", """"], [""VHRS_and_ACS-NSQIP"", ""need_refinement"", """"], [""model_refinement"", ""aim_to"", ""improve_outcomes""], [""perioperative_management"", ""based_on"", ""risk_stratification""], [""perioperative_management"", ""aim_to"", ""improve_outcomes""]]","[[""existing_predictive_models"", ""number"", ""5""], [""existing_predictive_models"", ""limited_ability"", ""risk-stratify_patients""], [""existing_predictive_models"", ""limited_ability"", ""accurately_assess_risk_of_SSO""], [""ART"", ""demonstrate"", ""modest_success""], [""ART"", ""used_for"", ""identifying_patients_at_risk_for_SSI""], [""ACS-NSQIP"", ""demonstrate"", ""modest_success""], [""ACS-NSQIP"", ""used_for"", ""identifying_patients_at_risk_for_SSI""], [""VHRS_and_ACS-NSQIP"", ""highest_performing_models"", """"], [""VHRS_and_ACS-NSQIP"", ""need_refinement"", """"], [""model_refinement"", ""aim_to"", ""improve_outcomes""], [""perioperative_management"", ""based_on"", ""risk_stratification""], [""perioperative_management"", ""aim_to"", ""improve_outcomes""]]",0.6212121212121212,0.9819599986076355,0.9867464303970337,0.9285714285714286,0.75,0.9861766333769701,0.9625589700392732,0.9389413067015762,0.9153236433638791,0.8917059800261821,0.8680883166884851,0.844470653350788,0.820852990013091,0.7972353266753941,0.773617663337697,0.75,0.9706544399217738,0.9894254841880856
38,"All five existing predictive models have limited ability to risk-stratify patients and accurately assess risk of SSO. However, both the VHRS and ACS-NSQIP demonstrate modest success in identifying patients at risk for SSI. Continued model refinement is needed to improve the two highest performing models (VHRS and ACS-NSQIP) along with investigation to determine whether modifications to perioperative management based on risk stratification can improve outcomes.","limited ability to risk-stratify patients have All five existing predictive models and accurately assess risk of SSO. However, both the VHRS and ACS-NSQIP demonstrate modest success in identifying patients at risk for SSI. Continued model refinement is needed to improve the two highest performing models (VHRS and ACS-NSQIP) along with investigation to determine whether modifications to perioperative management based on risk stratification can improve outcomes.","[[""existing_predictive_models"", ""number"", ""5""], [""existing_predictive_models"", ""ability_to"", ""risk_stratify_patients""], [""existing_predictive_models"", ""limited_ability"", ""accurately_assess_risk""], [""existing_predictive_models"", ""limited_ability"", ""risk_of_SSO""], [""VHRS"", ""demonstrate"", ""modest_success""], [""ACS-NSQIP"", ""demonstrate"", ""modest_success""], [""VHRS"", ""identify"", ""patients_at_risk_for_SSI""], [""ACS-NSQIP"", ""identify"", ""patients_at_risk_for_SSI""], [""VHRS"", ""one_of"", ""highest_performing_models""], [""ACS-NSQIP"", ""one_of"", ""highest_performing_models""], [""continued_model_refinement"", ""needed_for"", ""VHRS""], [""continued_model_refinement"", ""needed_for"", ""ACS-NSQIP""], [""modifications_to_perioperative_management"", ""based_on"", ""risk_stratification""], [""modifications_to_perioperative_management"", ""can_improve"", ""outcomes""]]","[[""All_five_existing_predictive_models"", ""limited_ability"", ""risk_stratify_patients""], [""All_five_existing_predictive_models"", ""limited_ability"", ""accurately_assess_risk""], [""All_five_existing_predictive_models"", ""limited_ability"", ""risk_of_SSO""], [""VHRS"", ""demonstrate"", ""modest_success""], [""ACS-NSQIP"", ""demonstrate"", ""modest_success""], [""VHRS"", ""identify"", ""patients_at_risk_for_SSI""], [""ACS-NSQIP"", ""identify"", ""patients_at_risk_for_SSI""], [""VHRS"", ""one_of"", ""highest_performing_models""], [""ACS-NSQIP"", ""one_of"", ""highest_performing_models""], [""continued_model_refinement"", ""needed_for"", ""VHRS""], [""continued_model_refinement"", ""needed_for"", ""ACS-NSQIP""], [""modifications_to_perioperative_management"", ""based_on"", ""risk_stratification""], [""modifications_to_perioperative_management"", ""can_improve"", ""outcomes""]]",0.8848947511081307,0.8692644238471985,0.9487254619598389,0.8894991799933215,0.9018533352710065,0.9907746742228625,0.981882540327677,0.9729904064324914,0.9640982725373057,0.95520613864212,0.9463140047469345,0.937421870851749,0.9285297369565633,0.9196376030613778,0.910745469166192,0.9018533352710065,0.9656902615438094,0.9882399390016177
39,"All five existing predictive models have limited ability to risk-stratify patients and accurately assess risk of SSO. However, both the VHRS and ACS-NSQIP demonstrate modest success in identifying patients at risk for SSI. Continued model refinement is needed to improve the two highest performing models (VHRS and ACS-NSQIP) along with investigation to determine whether modifications to perioperative management based on risk stratification can improve outcomes.","Initial single scrotal incision can be recommended for orchidopexy, even in the more difficult cases of impalpable undescended testes. Advantages seem to include shorter operative time, a cosmetically appealing single incision, and possibly less pain. The scrotal incision technique significantly reduces the need for laparoscopy in impalpable testes. Surprisingly, it even allows successful orchidopexy of abdominal testes, provided an open processus is present.","[[""existing_predictive_models"", ""have"", ""limited_ability_to_risk-stratify_patients""], [""existing_predictive_models"", ""have"", ""limited_ability_to_assess_risk_of_SSO""], [""VHRS"", ""demonstrates"", ""modest_success_in_identifying_patients_at_risk_for_SSI""], [""ACS-NSQIP"", ""demonstrates"", ""modest_success_in_identifying_patients_at_risk_for_SSI""], [""VHRS"", ""is_one_of"", ""highest_performing_models""], [""ACS-NSQIP"", ""is_one_of"", ""highest_performing_models""], [""model_refinement"", ""is_needed"", ""to_improve_VHRS_and_ACS-NSQIP""]]","[[""initial_single_scrotal_incision"", ""can_be_recommended_for"", ""orchidopexy""], [""initial_single_scrotal_incision"", ""has_advantages"", ""shorter_operative_time""], [""initial_single_scrotal_incision"", ""has_advantages"", ""cosmetically_appealing_single_incision""], [""initial_single_scrotal_incision"", ""has_advantages"", ""less_pain""], [""scrotal_incision_technique"", ""reduces_need_for"", ""laparoscopy""], [""scrotal_incision_technique"", ""allows"", ""successful_orchidopexy_of_abdominal_testes""], [""open_processus"", ""is_required_for"", ""successful_orchidopexy_of_abdominal_testes""]]",0.0,0.0,0.0,0.0,0.0,0.33411105863326945,0.3006999527699425,0.2672888469066156,0.2338777410432886,0.20046663517996166,0.16705552931663473,0.1336444234533078,0.10023331758998084,0.06682221172665388,0.03341110586332694,0.0,0.3163286716717931,0.4456035162817223
40,Comparisons of absolute EOA values grouped by the manufacturers' valve sizes are misleading because of specific differences in geometric dimensions. The EOA:patient aortic annulus area ratio provides a new hemodynamic index which may facilitate objective comparisons between different valve types.,Comparisons of absolute EOA values grouped by the manufacturers' valve sizes are misleading because of specific differences in geometric dimensions. a new hemodynamic index which may facilitate objective comparisons between different valve types was provided by The EOA:individual aortic annulus area ratio.,"[[""EOA_values"", ""compared"", ""manufacturers_valve_sizes""], [""comparisons_of_EOA_values"", ""misleading_due_to"", ""geometric_dimensions""], [""EOA:patient_aortic_annulus_area_ratio"", ""provides"", ""hemodynamic_index""], [""hemodynamic_index"", ""facilitates"", ""objective_comparisons""], [""objective_comparisons"", ""between"", ""different_valve_types""]]","[[""EOA_values"", ""compared"", ""manufacturers_valve_sizes""], [""comparisons_of_EOA_values"", ""misleading_due_to"", ""geometric_dimensions""], [""EOA:individual_aortic_annulus_area_ratio"", ""provides"", ""hemodynamic_index""], [""hemodynamic_index"", ""facilitates"", ""objective_comparisons""], [""objective_comparisons"", ""between"", ""different_valve_types""]]",1.0,0.9469298720359802,0.9548594951629639,0.875,1.0,0.9979997192997807,0.9981997473698027,0.9983997754398246,0.9985998035098465,0.9987998315798684,0.9989998596498904,0.9991998877199123,0.9993999157899343,0.9995999438599561,0.999799971929978,1.0,0.9954477900827617,0.9930696533055744
41,Comparisons of absolute EOA values grouped by the manufacturers' valve sizes are misleading because of specific differences in geometric dimensions. The EOA:patient aortic annulus area ratio provides a new hemodynamic index which may facilitate objective comparisons between different valve types.,Comparisons of absolute Lower Infundibular values grouped by the manufacturers' valve sizes are misleading because of specific differences in geometric dimensions. The EOA:patient aortic annulus area ratio provides a new hemodynamic index which may facilitate objective comparisons between different valve types.,"[[""EOA_values"", ""grouped_by"", ""manufacturers_valve_sizes""], [""EOA_values"", ""comparison"", ""misleading""], [""geometric_dimensions"", ""cause_of"", ""misleading_comparison""], [""EOA:patient_aortic_annulus_area_ratio"", ""new_hemodynamic_index"", ""True""], [""EOA:patient_aortic_annulus_area_ratio"", ""facilitates"", ""objective_comparisons""], [""objective_comparisons"", ""between"", ""different_valve_types""]]","[[""Lower_Infundibular_values"", ""grouped_by"", ""manufacturers_valve_sizes""], [""Lower_Infundibular_values"", ""comparison"", ""misleading""], [""geometric_dimensions"", ""cause_of"", ""misleading_comparison""], [""EOA:patient_aortic_annulus_area_ratio"", ""new_hemodynamic_index"", ""True""], [""EOA:patient_aortic_annulus_area_ratio"", ""facilitates"", ""objective_comparisons""], [""objective_comparisons"", ""between"", ""different_valve_types""]]",0.2828894749305018,0.9839761853218079,0.9734981656074524,0.8888888888888888,0.8249579113843054,0.9483701248025024,0.9360289034606827,0.923687682118863,0.9113464607770432,0.8990052394352235,0.8866640180934039,0.8743227967515842,0.8619815754097644,0.8496403540679448,0.8372991327261251,0.8249579113843054,0.9223081707942062,0.971341054197949
42,Comparisons of absolute EOA values grouped by the manufacturers' valve sizes are misleading because of specific differences in geometric dimensions. The EOA:patient aortic annulus area ratio provides a new hemodynamic index which may facilitate objective comparisons between different valve types.,Comparisons of absolute EOA values grouped by the manufacturers' valve sizes are misleading because of specific differences in geometric dimensions. a new hemodynamic index which may facilitate objective comparisons between different valve types provides The EOA:patient aortic annulus area ratio.,"[[""EOA_values"", ""grouped_by"", ""manufacturers_valve_sizes""], [""EOA_values"", ""misleading_to_compare"", ""different_valve_types""], [""geometric_dimensions"", ""cause_of"", ""EOA_values_misleading""], [""EOA:patient_aortic_annulus_area_ratio"", ""provides"", ""new_hemodynamic_index""], [""new_hemodynamic_index"", ""facilitates"", ""objective_comparisons""], [""objective_comparisons"", ""between"", ""different_valve_types""]]","[[""EOA_values"", ""grouped_by"", ""manufacturers_valve_sizes""], [""EOA_values"", ""misleading_to_compare"", ""different_valve_types""], [""geometric_dimensions"", ""cause_of"", ""EOA_values_misleading""], [""EOA:patient_aortic_annulus_area_ratio"", ""provides"", ""new_hemodynamic_index""], [""new_hemodynamic_index"", ""facilitates"", ""objective_comparisons""], [""objective_comparisons"", ""between"", ""different_valve_types""]]",1.0,0.9999999403953552,1.0,1.0,1.0,1.0,1.0,1.0,1.0,1.0,1.0,1.0,1.0,1.0,1.0,1.0,0.9999999977648257,0.999999986154646
43,Comparisons of absolute EOA values grouped by the manufacturers' valve sizes are misleading because of specific differences in geometric dimensions. The EOA:patient aortic annulus area ratio provides a new hemodynamic index which may facilitate objective comparisons between different valve types.,"The results of this study suggest that normothermic CPB does not prevent the development of the ""euthyroid sick syndrome"" during and after CPB. Despite these changes in thyroid function, most patients in both groups had a normal postoperative recovery.","[[""EOA_values"", ""compared"", ""valve_sizes""], [""manufacturers"", ""provide"", ""valve_sizes""], [""valve_sizes"", ""based_on"", ""geometric_dimensions""], [""EOA:patient_aortic_annulus_area_ratio"", ""used_for"", ""hemodynamic_index""], [""hemodynamic_index"", ""facilitates"", ""comparisons_between_valve_types""], [""comparisons_between_valve_types"", ""between"", ""different_valve_types""]]","[[""normothermic_CPB"", ""does_not_prevent"", ""euthyroid_sick_syndrome""], [""euthyroid_sick_syndrome"", ""develops_during"", ""CPB""], [""euthyroid_sick_syndrome"", ""persists_after"", ""CPB""], [""thyroid_function"", ""changes_during"", ""CPB""], [""patients"", ""had"", ""normal_postoperative_recovery""], [""normal_postoperative_recovery"", ""occurs_in"", ""most_patients""], [""CPB"", ""affects"", ""thyroid_function""], [""study"", ""investigated"", ""normothermic_CPB""]]",0.0,0.0,0.0,0.0,0.0,0.30380485853311034,0.2734243726797993,0.24304388682648828,0.21266340097317724,0.1822829151198662,0.15190242926655517,0.12152194341324414,0.09114145755993312,0.060760971706622056,0.030380485853311028,0.0,0.31856946200363945,0.3668514296948804
44,The diagnosis of BD in patients with MDE depends strongly on the method and criteria employed. The considerable difference between criteria-free physician's diagnosis and the remaining algorithms indicate the usefulness of criteria lists within the everyday clinical setting.,The diagnosis of BD in individuals with MDE depends powerfully on the method and standard employed. The considerable deviation between standard-complimentary physician's diagnosis and the remaining algorithms indicate the usefulness of criteria listing within the mundane medical setting.,"[[""diagnosis_of_bipolar_disorder"", ""depends_on"", ""method""], [""diagnosis_of_bipolar_disorder"", ""depends_on"", ""criteria_employed""], [""criteria_free_physician_diagnosis"", ""differs_from"", ""other_algorithms""], [""criteria_lists"", ""useful_in"", ""everyday_clinical_setting""], [""physician_diagnosis"", ""uses"", ""criteria_lists""]]","[[""diagnosis_of_bipolar_disorder"", ""depends_on"", ""method""], [""diagnosis_of_bipolar_disorder"", ""depends_on"", ""standard_employed""], [""standard_complimentary_physician_diagnosis"", ""differs_from"", ""other_algorithms""], [""criteria_listing"", ""useful_in"", ""mundane_medical_setting""], [""physician_diagnosis"", ""uses"", ""criteria_listing""]]",0.7972339748041415,0.35320615768432617,0.8021665811538696,0.3958333333333333,0.8240554958966418,0.9436582844147039,0.9316980055628977,0.9197377267110916,0.9077774478592852,0.895817169007479,0.8838568901556729,0.8718966113038666,0.8599363324520604,0.8479760536002543,0.836015774748448,0.8240554958966418,0.9255495574099741,0.96116329095734
45,The diagnosis of BD in patients with MDE depends strongly on the method and criteria employed. The considerable difference between criteria-free physician's diagnosis and the remaining algorithms indicate the usefulness of criteria lists within the everyday clinical setting.,The diagnosis of BD in patients with HCC depends strongly on the method and criteria employed. The considerable difference between criteria-free physician's diagnosis and the remaining algorithms indicate the usefulness of criteria lists within the everyday clinical setting.,"[[""diagnosis_of_bipolar_disorder"", ""depends_on"", ""method""], [""diagnosis_of_bipolar_disorder"", ""depends_on"", ""criteria""], [""criteria-free_physician_diagnosis"", ""compared_to"", ""remaining_algorithms""], [""criteria lists"", ""useful_in"", ""everyday_clinical_setting""], [""physician_diagnosis"", ""uses"", ""criteria_free_diagnosis""], [""algorithms"", ""use"", ""criteria_lists""]]","[[""diagnosis_of_bipolar_disorder"", ""depends_on"", ""method""], [""diagnosis_of_bipolar_disorder"", ""depends_on"", ""criteria""], [""bipolar_disorder"", ""diagnosed_in"", ""patients_with_HCC""], [""criteria-free_physician_diagnosis"", ""compared_to"", ""remaining_algorithms""], [""criteria_lists"", ""useful_in"", ""everyday_clinical_setting""], [""physician_diagnosis"", ""uses"", ""criteria_free_diagnosis""], [""algorithms"", ""use"", ""criteria_lists""]]",1.0,0.6152613759040833,0.8563541173934937,0.7253235664820743,0.7984359711335657,0.9996240871216426,0.979505275522835,0.9593864639240274,0.9392676523252195,0.9191488407264119,0.8990300291276041,0.8789112175287965,0.8587924059299887,0.8386735943311812,0.8185547827323734,0.7984359711335657,0.9986926401586558,0.9541176099562217
46,The diagnosis of BD in patients with MDE depends strongly on the method and criteria employed. The considerable difference between criteria-free physician's diagnosis and the remaining algorithms indicate the usefulness of criteria lists within the everyday clinical setting.,The diagnosis of BD in patients with MDE depends strongly on the method and criteria employed. the usefulness of criteria lists within the everyday clinical setting indicate The considerable difference between criteria-free physician's diagnosis and the remaining algorithms.,"[[""diagnosis_of_bipolar_disorder"", ""depends_on"", ""method""], [""diagnosis_of_bipolar_disorder"", ""depends_on"", ""criteria""], [""criteria_free_physician_diagnosis"", ""differs_from"", ""remaining_algorithms""], [""criteria_lists"", ""useful_in"", ""everyday_clinical_setting""]]","[[""diagnosis_of_bipolar_disorder"", ""depends_on"", ""method""], [""diagnosis_of_bipolar_disorder"", ""depends_on"", ""criteria""], [""criteria_free_physician_diagnosis"", ""differs_from"", ""remaining_algorithms""], [""criteria_lists"", ""useful_in"", ""everyday_clinical_setting""]]",1.0,0.9999999403953552,1.0,1.0,1.0,1.0,1.0,1.0,1.0,1.0,1.0,1.0,1.0,1.0,1.0,1.0,0.9999999616827265,1.0
47,The diagnosis of BD in patients with MDE depends strongly on the method and criteria employed. The considerable difference between criteria-free physician's diagnosis and the remaining algorithms indicate the usefulness of criteria lists within the everyday clinical setting.,"Patients in regional and rural settings were willing partners in developing skills of junior medical students, who had greater involvement in patient consultations than previously reported for urban students. Our study extends the findings from urban general practice that patients are underutilised partners in community-based medical training. The support of patients from regional and rural settings could facilitate the expansion of primary care-based medical education in these areas of workforce need.","[[""diagnosis_of_bipolar_disorder"", ""depends_on"", ""method""], [""diagnosis_of_bipolar_disorder"", ""depends_on"", ""criteria_employed""], [""criteria_free_physician_diagnosis"", ""differs_from"", ""other_algorithms""], [""criteria_lists"", ""useful_in"", ""everyday_clinical_setting""]]","[[""patients_in_regional_and_rural_settings"", ""willing_to_participate_in"", ""medical_training""], [""junior_medical_students"", ""involved_in"", ""patient_consultations""], [""junior_medical_students"", ""had_greater_involvement_than"", ""urban_students""], [""patients"", ""underutilised_as"", ""partners_in_medical_training""], [""regional_and_rural_settings"", ""areas_of"", ""workforce_need""], [""primary_care_based_medical_education"", ""can_be_expanded_in"", ""regional_and_rural_settings""], [""patients_from_regional_and_rural_settings"", ""support"", ""expansion_of_primary_care_based_medical_education""]]",0.0,0.0,0.0,0.0,0.0,0.39987482096447996,0.359887338868032,0.319899856771584,0.27991237467513597,0.23992489257868796,0.19993741048223998,0.159949928385792,0.11996244628934401,0.07997496419289597,0.039987482096447986,0.0,0.3733326047211664,0.6559699778917653
48,"We found that USMLE Step 2, number of honors in medical school clerkships, and AOA membership demonstrated the strongest correlations with resident performance. Our goal in analyzing these data was to provide residency programs at large a sense of which criteria may be ""high yield"" in ranking applicants by analyzing data from within our own pool of residents. Similar studies across a broader scope of programs are warranted to confirm applicability of our findings. The continually emerging complexities of the field of orthopaedic surgery lend increasing importance to future work on the appropriate selection and training of orthopaedic residents.","We found that USMLE Step 2, number of honors in medical school clerkships, and AOA membership demonstrated the strongest correlations with resident performance. Our goal in analyzing these evidence was to provide residency programs at large a sense of which criteria may be ""high yield"" in ranking applicants by analyzing data from within our own pool of residents. comparable investigations across a broader scope of programs are warranted to confirm applicability of our findings. increasing importance was lended by The continually emerging complexities of the field of orthopaedic surgery.","[[""USMLE_Step_2"", ""correlation_with"", ""resident_performance""], [""number_of_honors_in_medical_school_clerkships"", ""correlation_with"", ""resident_performance""], [""AOA_membership"", ""correlation_with"", ""resident_performance""], [""residency_programs"", ""goal"", ""ranking_applicants""], [""data"", ""source"", ""own_pool_of_residents""], [""studies"", ""scope"", ""broader""], [""orthopaedic_surgery"", ""importance"", ""increasing""], [""orthopaedic_residents"", ""training"", ""important""]]","[[""USMLE_Step_2"", ""correlation_with"", ""resident_performance""], [""number_of_honors_in_medical_school_clerkships"", ""correlation_with"", ""resident_performance""], [""AOA_membership"", ""correlation_with"", ""resident_performance""], [""residency_programs"", ""goal"", ""ranking_applicants""], [""data"", ""source"", ""own_pool_of_residents""], [""investigations"", ""scope"", ""broader""], [""orthopaedic_surgery"", ""importance"", ""increasing""]]",0.8139847818425263,0.5598230361938477,0.9378607869148254,0.8486684247915055,0.8514503510237095,0.977630982480048,0.9650129193344141,0.9523948561887803,0.9397767930431464,0.9271587298975126,0.9145406667518787,0.9019226036062449,0.889304540460611,0.8766864773149772,0.8640684141693433,0.8514503510237095,0.9478888854218956,0.9806792673967266
49,"We found that USMLE Step 2, number of honors in medical school clerkships, and AOA membership demonstrated the strongest correlations with resident performance. Our goal in analyzing these data was to provide residency programs at large a sense of which criteria may be ""high yield"" in ranking applicants by analyzing data from within our own pool of residents. Similar studies across a broader scope of programs are warranted to confirm applicability of our findings. The continually emerging complexities of the field of orthopaedic surgery lend increasing importance to future work on the appropriate selection and training of orthopaedic residents.","We found that USMLE Step 3, number of honors in medical school clerkships, and AOA membership demonstrated the strongest correlations with resident performance. Our goal in analyzing these data was to provide residency programs at large a sense of which criteria may be ""high yield"" in ranking applicants by analyzing data from within our own pool of residents. Similar studies across a broader scope of programs are warranted to confirm applicability of our findings. The continually emerging complexities of the field of orthopaedic surgery lend increasing importance to future work on the appropriate selection and training of orthopaedic residents.","[[""USMLE_Step_2"", ""correlation_with"", ""resident_performance""], [""number_of_honors_in_medical_school_clerkships"", ""correlation_with"", ""resident_performance""], [""AOA_membership"", ""correlation_with"", ""resident_performance""], [""residency_programs"", ""goal"", ""ranking_applicants""], [""data_analysis"", ""purpose"", ""identifying_high_yield_criteria""], [""orthopaedic_surgery"", ""importance"", ""selection_and_training_of_orthopaedic_residents""], [""studies"", ""need"", ""broader_scope_confirmation""]]","[[""USMLE_Step_3"", ""correlation_with"", ""resident_performance""], [""number_of_honors_in_medical_school_clerkships"", ""correlation_with"", ""resident_performance""], [""AOA_membership"", ""correlation_with"", ""resident_performance""], [""residency_programs"", ""goal"", ""ranking_applicants""], [""data_analysis"", ""purpose"", ""identifying_high_yield_criteria""], [""orthopaedic_surgery"", ""importance"", ""selection_and_training_of_orthopaedic_residents""], [""studies"", ""need"", ""broader_scope_confirmation""]]",1.0,0.9639442563056946,0.9856932163238525,0.9166666666666666,1.0,0.9996148085086448,0.9996533276577804,0.9996918468069158,0.9997303659560512,0.9997688851051869,0.9998074042543224,0.9998459234034579,0.9998844425525935,0.9999229617017289,0.9999614808508644,1.0,0.9975823617714294,0.9984764213401801
50,"We found that USMLE Step 2, number of honors in medical school clerkships, and AOA membership demonstrated the strongest correlations with resident performance. Our goal in analyzing these data was to provide residency programs at large a sense of which criteria may be ""high yield"" in ranking applicants by analyzing data from within our own pool of residents. Similar studies across a broader scope of programs are warranted to confirm applicability of our findings. The continually emerging complexities of the field of orthopaedic surgery lend increasing importance to future work on the appropriate selection and training of orthopaedic residents.","We found that USMLE Step 2, number of honors in medical school clerkships, and AOA membership demonstrated the strongest correlations with resident performance. Our goal in analyzing these data was to provide residency programs at large a sense of which criteria may be ""high yield"" in ranking applicants by analyzing data from within our own pool of residents. Similar studies across a broader scope of programs are warranted to confirm applicability of our findings. increasing importance lend The continually emerging complexities of the field of orthopaedic surgery to future work on the appropriate selection and training of orthopaedic residents.","[[""USMLE_Step_2"", ""correlates_with"", ""resident_performance""], [""number_of_honors"", ""correlates_with"", ""resident_performance""], [""number_of_honors"", ""context"", ""medical_school_clerkships""], [""AOA_membership"", ""correlates_with"", ""resident_performance""], [""data"", ""analyzed_from"", ""own_pool_of_residents""], [""goal"", ""provide"", ""residency_programs""], [""residency_programs"", ""benefit_from"", ""criteria_ranking""], [""similar_studies"", ""warranted"", ""broader_scope_of_programs""], [""findings"", ""need_confirmation"", ""applicability""], [""orthopaedic_surgery"", ""field"", ""emerging_complexities""], [""future_work"", ""importance"", ""increasing""], [""future_work"", ""focus"", ""selection_and_training""], [""future_work"", ""context"", ""orthopaedic_residents""]]","[[""USMLE_Step_2"", ""correlates_with"", ""resident_performance""], [""number_of_honors"", ""correlates_with"", ""resident_performance""], [""number_of_honors"", ""context"", ""medical_school_clerkships""], [""AOA_membership"", ""correlates_with"", ""resident_performance""], [""data"", ""analyzed_from"", ""own_pool_of_residents""], [""goal"", ""provide"", ""residency_programs""], [""residency_programs"", ""benefit_from"", ""criteria_ranking""], [""similar_studies"", ""warranted"", ""broader_scope_of_programs""], [""findings"", ""need_confirmation"", ""applicability""], [""orthopaedic_surgery"", ""field"", ""emerging_complexities""], [""future_work"", ""importance"", ""increasing""], [""future_work"", ""focus"", ""selection_and_training""], [""future_work"", ""context"", ""orthopaedic_residents""]]",1.0,0.9999998807907104,1.0,1.0,1.0,1.0,1.0,1.0,1.0,1.0,1.0,1.0,1.0,1.0,1.0,1.0,0.999999993787362,0.9999999843666024
51,"We found that USMLE Step 2, number of honors in medical school clerkships, and AOA membership demonstrated the strongest correlations with resident performance. Our goal in analyzing these data was to provide residency programs at large a sense of which criteria may be ""high yield"" in ranking applicants by analyzing data from within our own pool of residents. Similar studies across a broader scope of programs are warranted to confirm applicability of our findings. The continually emerging complexities of the field of orthopaedic surgery lend increasing importance to future work on the appropriate selection and training of orthopaedic residents.","A hotspots approach to sharing data circumvents the problem of disclosing person-identifiable data between different agencies. Practically, at least half of ambulance hotspots are unknown to the police; if causal, it suggests that data sharing leads to both reduced community violence by way of prevention (such as through anticipatory patrols or problem-oriented policing), particularly of more severe assaults, and improved efficiency of resource deployment.","[[""USMLE_Step_2"", ""correlates_with"", ""resident_performance""], [""number_of_honors"", ""correlates_with"", ""resident_performance""], [""AOA_membership"", ""correlates_with"", ""resident_performance""], [""data"", ""analyzed_from"", ""residents""], [""residency_programs"", ""use"", ""criteria""], [""studies"", ""warranted"", ""broader_scope""], [""orthopaedic_surgery"", ""field_of"", ""emerging_complexities""], [""importance"", ""increases"", ""future_work""], [""future_work"", ""focus_on"", ""selection_of_orthopaedic_residents""], [""future_work"", ""focus_on"", ""training_of_orthopaedic_residents""]]","[[""hotspots_approach"", ""shares"", ""data""], [""hotspots_approach"", ""circumvents"", ""disclosing_person-identifiable_data""], [""agencies"", ""share"", ""data""], [""police"", ""unknown_to"", ""ambulance_hotspots""], [""data_sharing"", ""leads_to"", ""reduced_community_violence""], [""data_sharing"", ""leads_to"", ""improved_efficiency""], [""anticipatory_patrols"", ""prevent"", ""community_violence""], [""problem-oriented_policing"", ""prevent"", ""community_violence""], [""resource_deployment"", ""improved_by"", ""data_sharing""]]",0.0,0.0,0.1287592053413391,0.011556254088025606,0.0,0.446903686982296,0.4022133182840664,0.3575229495858368,0.3128325808876072,0.26814221218937756,0.223451843491148,0.1787614747929184,0.1340711060946888,0.08938073739645917,0.044690368698229586,0.0,0.32671754540030357,0.5128623331558648
52,"The present study, which is based on internationally accepted assessment tools for SLE patients, shows a significant relationship between increased disease activity and reduced physical function. This result emphasizes the importance of optimizing treatment aiming at reducing disease activity.","The present study, which is based on internationally accepted assessment tools for SLE person, shows a substantial relationship between increased disease action and reduced forcible function. This finding emphasizes the grandness of optimizing treatment aiming at reducing disease activity.","[[""present_study"", ""based_on"", ""internationally_accepted_assessment_tools""], [""internationally_accepted_assessment_tools"", ""used_for"", ""SLE_patients""], [""present_study"", ""shows"", ""relationship_between_disease_activity_and_physical_function""], [""relationship_between_disease_activity_and_physical_function"", ""characterized_as"", ""significant""], [""increased_disease_activity"", ""related_to"", ""reduced_physical_function""], [""reduced_physical_function"", ""result_of"", ""increased_disease_activity""], [""result"", ""emphasizes"", ""importance_of_optimizing_treatment""], [""importance_of_optimizing_treatment"", ""aiming_at"", ""reducing_disease_activity""]]","[[""present_study"", ""based_on"", ""internationally_accepted_assessment_tools""], [""internationally_accepted_assessment_tools"", ""used_for"", ""SLE_person""], [""present_study"", ""shows"", ""relationship_between_disease_action_and_forcible_function""], [""relationship_between_disease_action_and_forcible_function"", ""characterized_as"", ""substantial""], [""increased_disease_action"", ""related_to"", ""reduced_forcible_function""], [""reduced_forcible_function"", ""result_of"", ""increased_disease_action""], [""finding"", ""emphasizes"", ""grandness_of_optimizing_treatment""], [""grandness_of_optimizing_treatment"", ""aiming_at"", ""reducing_disease_activity""]]",0.6285393610547089,0.0,0.5394983291625977,0.13333333333333333,0.9,0.8598070267093862,0.8638263240384476,0.8678456213675091,0.8718649186965703,0.8758842160256317,0.8799035133546931,0.8839228106837546,0.8879421080128159,0.8919614053418773,0.8959807026709387,0.9,0.8456855545758935,0.910127418724203
53,"The present study, which is based on internationally accepted assessment tools for SLE patients, shows a significant relationship between increased disease activity and reduced physical function. This result emphasizes the importance of optimizing treatment aiming at reducing disease activity.","The present study, which is based on internationally accepted assessment tools for MUI patients, shows a significant relationship between increased disease activity and reduced physical function. This result emphasizes the importance of optimizing treatment aiming at reducing disease activity.","[[""present_study"", ""based_on"", ""internationally_accepted_assessment_tools""], [""internationally_accepted_assessment_tools"", ""used_for"", ""SLE_patients""], [""present_study"", ""shows"", ""significant_relationship""], [""significant_relationship"", ""between"", ""increased_disease_activity""], [""significant_relationship"", ""between"", ""reduced_physical_function""], [""result"", ""emphasizes"", ""importance_of_optimizing_treatment""], [""importance_of_optimizing_treatment"", ""aims_at"", ""reducing_disease_activity""]]","[[""present_study"", ""based_on"", ""internationally_accepted_assessment_tools""], [""internationally_accepted_assessment_tools"", ""used_for"", ""MUI_patients""], [""present_study"", ""shows"", ""significant_relationship""], [""significant_relationship"", ""between"", ""increased_disease_activity""], [""significant_relationship"", ""between"", ""reduced_physical_function""], [""result"", ""emphasizes"", ""importance_of_optimizing_treatment""], [""importance_of_optimizing_treatment"", ""aims_at"", ""reducing_disease_activity""]]",0.6875,0.9775053858757019,0.9553983807563782,0.7222222222222222,0.7222222222222222,0.9820309941450648,0.9560501169527805,0.9300692397604964,0.904088362568212,0.8781074853759279,0.8521266081836435,0.8261457309913592,0.8001648537990751,0.7741839766067907,0.7482030994145065,0.7222222222222222,0.9524630905216485,0.9810625500663657
54,"The present study, which is based on internationally accepted assessment tools for SLE patients, shows a significant relationship between increased disease activity and reduced physical function. This result emphasizes the importance of optimizing treatment aiming at reducing disease activity.","a significant relationship between increased disease activity and reduced physical function shows The present study, which is based on internationally accepted assessment tools for SLE patients,. This result emphasizes the importance of optimizing treatment aiming at reducing disease activity.","[[""present_study"", ""based_on"", ""internationally_accepted_assessment_tools""], [""internationally_accepted_assessment_tools"", ""for"", ""SLE_patients""], [""present_study"", ""shows"", ""significant_relationship""], [""significant_relationship"", ""between"", ""increased_disease_activity""], [""significant_relationship"", ""between"", ""reduced_physical_function""], [""result"", ""emphasizes"", ""importance_of_optimizing_treatment""], [""optimizing_treatment"", ""aims_at"", ""reducing_disease_activity""]]","[[""present_study"", ""based_on"", ""internationally_accepted_assessment_tools""], [""internationally_accepted_assessment_tools"", ""for"", ""SLE_patients""], [""significant_relationship"", ""between"", ""increased_disease_activity""], [""significant_relationship"", ""between"", ""reduced_physical_function""], [""result"", ""emphasizes"", ""importance_of_optimizing_treatment""], [""optimizing_treatment"", ""aims_at"", ""reducing_disease_activity""]]",0.8958333333333334,0.9999999403953552,1.0,0.9166666666666666,0.9166666666666666,0.98523868946766,0.9783814871875607,0.9715242849074615,0.964667082627362,0.9578098803472627,0.9509526780671633,0.944095475787064,0.9372382735069646,0.9303810712268654,0.923523868946766,0.9166666666666666,0.9772220869301239,0.9619622813885491
55,"The present study, which is based on internationally accepted assessment tools for SLE patients, shows a significant relationship between increased disease activity and reduced physical function. This result emphasizes the importance of optimizing treatment aiming at reducing disease activity.","Under the conditions of this study, preclerkship (year 2) CPEs strongly predicted medical students at risk for failing a senior CPE. This finding opens the opportunity for remediation of deficits prior to or during clerkships.","[[""study"", ""based_on"", ""internationally_accepted_assessment_tools""], [""study"", ""focus"", ""SLE_patients""], [""study"", ""finds"", ""relationship_between_disease_activity_and_physical_function""], [""disease_activity"", ""related_to"", ""physical_function""], [""relationship"", ""type"", ""significant""], [""disease_activity"", ""increased"", ""reduced_physical_function""], [""treatment"", ""goal"", ""reduce_disease_activity""], [""reduced_disease_activity"", ""importance"", ""optimizing_treatment""]]","[[""study"", ""finds"", ""preclerkship_CPEs_predict_medical_students_at_risk""], [""preclerkship_CPEs"", ""time"", ""year_2""], [""preclerkship_CPEs"", ""predict"", ""medical_students_at_risk_for_failing""], [""medical_students_at_risk"", ""risk"", ""failing_senior_CPE""], [""finding"", ""opens_opportunity_for"", ""remediation_of_deficits""], [""remediation_of_deficits"", ""time"", ""prior_to_or_during_clerkships""]]",0.022680460581325723,0.0,0.12555773556232452,0.014617633655117153,0.017471413945365305,0.4689316141081059,0.42378559409183186,0.3786395740755578,0.33349355405928366,0.28834753404300967,0.24320151402673562,0.19805549401046157,0.1529094739941875,0.10776345397791341,0.06261743396163935,0.017471413945365305,0.38028743491867645,0.5962755323700071
56,"Open access publishing and the Hirsch index of the first signing author increase the impact of scientific articles. The open access advantage is greater for the more highly cited articles, and appears in the 30-35 months after publication.","Open entree publishing and the Hirsch index of the first signing author elevate the wallop of scientific clause. The open access advantage is greater for the more highly cited clause, and appears in the 30-35 months after publication.","[[""open_access_publishing"", ""increases"", ""impact_of_scientific_articles""], [""Hirsch_index"", ""increases"", ""impact_of_scientific_articles""], [""first_signing_author"", ""associated_with"", ""Hirsch_index""], [""open_access_advantage"", ""greater_for"", ""highly_cited_articles""], [""open_access_advantage"", ""appears_in"", ""30-35_months_after_publication""], [""scientific_articles"", ""have"", ""citations""]]","[[""open_access_publishing"", ""increases"", ""impact_of_scientific_articles""], [""Hirsch_index"", ""increases"", ""impact_of_scientific_articles""], [""first_signing_author"", ""associated_with"", ""Hirsch_index""], [""open_access_advantage"", ""greater_for"", ""highly_cited_articles""], [""open_access_advantage"", ""appears_in"", ""30-35_months_after_publication""], [""scientific_articles"", ""have"", ""citations""]]",1.0,1.0,1.0,1.0,1.0,0.9999999983741549,0.9999999985367394,0.999999998699324,0.9999999988619084,0.9999999990244929,0.9999999991870774,0.999999999349662,0.9999999995122464,0.999999999674831,0.9999999998374155,1.0,0.9999999622503917,0.9999999865382925
57,"Open access publishing and the Hirsch index of the first signing author increase the impact of scientific articles. The open access advantage is greater for the more highly cited articles, and appears in the 30-35 months after publication.","Open access publishing and the Hirsch index of the first signing author increase the impact of scientific articles. The open access advantage is greater for the more highly cited articles, and appears in the 49-16 months after publication.","[[""open_access_publishing"", ""increases"", ""impact_of_scientific_articles""], [""Hirsch_index"", ""increases"", ""impact_of_scientific_articles""], [""first_signing_author"", ""related_to"", ""Hirsch_index""], [""open_access_advantage"", ""greater_for"", ""highly_cited_articles""], [""open_access_advantage"", ""appears_after"", ""30-35_months""]]","[[""open_access_publishing"", ""increases"", ""impact_of_scientific_articles""], [""Hirsch_index"", ""increases"", ""impact_of_scientific_articles""], [""first_signing_author"", ""related_to"", ""Hirsch_index""], [""open_access_advantage"", ""greater_for"", ""highly_cited_articles""], [""open_access_advantage"", ""appears_after"", ""49-16_months""]]",1.0,0.9081057906150818,0.9780793786048889,0.7380952380952381,1.0,0.9970924204983015,0.9973831784484714,0.9976739363986413,0.997964694348811,0.9982554522989809,0.9985462102491507,0.9988369681993206,0.9991277261494904,0.9994184840996603,0.9997092420498301,1.0,0.9866538128804185,0.9952005460191318
58,"Open access publishing and the Hirsch index of the first signing author increase the impact of scientific articles. The open access advantage is greater for the more highly cited articles, and appears in the 30-35 months after publication.","the impact of scientific articles increase Open access publishing and the Hirsch index of the first signing author. The open access advantage is greater for the more highly cited articles, and appears in the 30-35 months after publication.","[[""open_access_publishing"", ""increases"", ""impact_of_scientific_articles""], [""Hirsch_index"", ""increases"", ""impact_of_scientific_articles""], [""first_signing_author"", ""associated_with"", ""Hirsch_index""], [""open_access_advantage"", ""greater_for"", ""highly_cited_articles""], [""open_access_advantage"", ""appears_in"", ""30-35_months_after_publication""]]","[[""open_access_publishing"", ""increases"", ""impact_of_scientific_articles""], [""Hirsch_index"", ""increases"", ""impact_of_scientific_articles""], [""first_signing_author"", ""associated_with"", ""Hirsch_index""], [""open_access_advantage"", ""greater_for"", ""highly_cited_articles""], [""open_access_advantage"", ""appears_in"", ""30-35_months_after_publication""], [""scientific_articles"", ""impact_increased_by"", ""open_access_publishing""], [""scientific_articles"", ""impact_increased_by"", ""Hirsch_index_of_first_signing_author""]]",1.0,0.7780008316040039,0.9089558124542236,0.7769269722967449,1.0,1.0,1.0,1.0,1.0,1.0,1.0,1.0,1.0,1.0,1.0,1.0,1.0,0.8631769654184127
59,"Open access publishing and the Hirsch index of the first signing author increase the impact of scientific articles. The open access advantage is greater for the more highly cited articles, and appears in the 30-35 months after publication.","The results suggest that a longer duration of treatment may prevent return into mental health care in some groups. However, because of the design of the study, no causal inference can be drawn. Further research, preferably in a RCT, is needed to determine whether the trend towards lower intensity treatments is associated with repeated mental health care use.",[],[],,,,,,,,,,,,,,,,,,
60,"These data suggest that either apoptosis is not involved in cell loss in MTS, or a very slow rate of cell demise may have precluded detecting TUNEL-positive neurons dying through apoptosis. Increased Bax expression and activation of caspases support the latter possibility.","These evidence indicate that either apoptosis is not involved in cell loss in MTS, or a very slow rate of cell demise may have precluded detecting TUNEL-positive neurons dying through apoptosis. the latter possibility was supported by Increased Bax expression and activation of caspases.","[[""apoptosis"", ""may_not_be_involved_in"", ""cell_loss""], [""cell_loss"", ""related_to"", ""Mesial_Temporal_Sclerosis""], [""apoptosis"", ""may_have_slow_rate"", ""cell_demise""], [""cell_demise"", ""precluded_detection_of"", ""TUNEL-positive_neurons""], [""TUNEL-positive_neurons"", ""die_through"", ""apoptosis""], [""Bax_expression"", ""increased"", ""None""], [""caspases"", ""activated"", ""None""], [""Increased_Bax_expression"", ""supports"", ""latter_possibility""], [""activation_of_caspases"", ""supports"", ""latter_possibility""]]","[[""evidence"", ""indicate"", ""apoptosis_may_not_be_involved""], [""apoptosis_may_not_be_involved"", ""in"", ""cell_loss""], [""cell_loss"", ""related_to"", ""Mesial_Temporal_Sclerosis""], [""apoptosis"", ""may_have_slow_rate"", ""cell_demise""], [""cell_demise"", ""precluded_detection_of"", ""TUNEL-positive_neurons""], [""TUNEL-positive_neurons"", ""die_through"", ""apoptosis""], [""Increased_Bax_expression"", ""supports"", ""latter_possibility""], [""activation_of_caspases"", ""supports"", ""latter_possibility""]]",0.6013377943029549,0.4222419857978821,0.7662267684936523,0.6833148556260078,0.7607257743127307,0.9561418252224586,0.9366002201314858,0.9170586150405131,0.8975170099495402,0.8779754048585674,0.8584337997675946,0.8388921946766219,0.819350589585649,0.7998089844946763,0.7802673794037035,0.7607257743127307,0.929839499789523,0.7583824553530221
61,"These data suggest that either apoptosis is not involved in cell loss in MTS, or a very slow rate of cell demise may have precluded detecting TUNEL-positive neurons dying through apoptosis. Increased Bax expression and activation of caspases support the latter possibility.","These data suggest that either apoptosis is not involved in cell loss in MTS, or a very slow rate of cell demise may have precluded detecting MCS-positive neurons dying through apoptosis. Increased Bax expression and activation of caspases support the latter possibility.",[],[],,,,,,,,,,,,,,,,,,
62,"These data suggest that either apoptosis is not involved in cell loss in MTS, or a very slow rate of cell demise may have precluded detecting TUNEL-positive neurons dying through apoptosis. Increased Bax expression and activation of caspases support the latter possibility.","These data suggest that either apoptosis is not involved in cell loss in MTS, or a very slow rate of cell demise may have precluded detecting TUNEL-positive neurons dying through apoptosis. the latter possibility support Increased Bax expression and activation of caspases.",[],[],,,,,,,,,,,,,,,,,,
63,"These data suggest that either apoptosis is not involved in cell loss in MTS, or a very slow rate of cell demise may have precluded detecting TUNEL-positive neurons dying through apoptosis. Increased Bax expression and activation of caspases support the latter possibility.",There was considerable impact at many levels; graduates were perceived to be able to contribute significantly to their workplaces and often had influence at the national level. Much of the impact described was in line with public health educational aims. The qualitative method study revealed more in-depth understanding of graduates' impact as well as their career pathways.,"[[""apoptosis"", ""may_not_be_involved_in"", ""cell_loss""], [""cell_loss"", ""occurs_in"", ""Mesial_temporal_sclerosis""], [""TUNEL-positive_neurons"", ""die_through"", ""apoptosis""], [""Bax_expression"", ""increased_in"", ""Mesial_temporal_sclerosis""], [""caspases"", ""activated_in"", ""Mesial_temporal_sclerosis""], [""apoptosis"", ""may_occur_at"", ""slow_rate""]]","[[""graduates"", ""contribute_to"", ""workplaces""], [""graduates"", ""have_influence_at"", ""national_level""], [""public_health_educational_aims"", ""align_with"", ""graduates_impact""], [""qualitative_method_study"", ""reveals"", ""graduates_impact""], [""qualitative_method_study"", ""reveals"", ""career_pathways""], [""graduates"", ""have"", ""career_pathways""], [""graduates_impact"", ""described_at"", ""many_levels""]]",0.0,0.0,0.09737350791692734,0.0,0.0,0.04590398356383553,0.04131358520745198,0.03672318685106842,0.03213278849468487,0.027542390138301318,0.022951991781917765,0.01836159342553421,0.01377119506915066,0.009180796712767104,0.004590398356383552,0.0,0.14180187096086055,0.2728315531258602
64,We found an improved survival associated with cardiologist care and a mixture of general practitioner and cardiologist care compared with general practitioner care. The pattern of outpatient care may therefore be important for the survival of patients with CHF.,an improved survival linked with cardiologist care and a mixture of general practitioner and cardiologist care was found by We. The pattern of outpatient care may therefore be crucial for the survival of individuals with CHF.,"[[""cardiologist_care"", ""improves"", ""survival""], [""mixture_of_general_practitioner_and_cardiologist_care"", ""improves"", ""survival""], [""general_practitioner_care"", ""compared_to"", ""cardiologist_care""], [""general_practitioner_care"", ""compared_to"", ""mixture_of_general_practitioner_and_cardiologist_care""], [""pattern_of_outpatient_care"", ""important_for"", ""survival_of_patients_with_CHF""]]","[[""cardiologist_care"", ""linked_to"", ""improved_survival""], [""mixture_of_general_practitioner_and_cardiologist_care"", ""linked_to"", ""improved_survival""], [""We"", ""found"", ""improved_survival""], [""pattern_of_outpatient_care"", ""crucial_for"", ""survival_of_individuals_with_CHF""], [""CHF"", ""affects"", ""individuals""]]",0.7080881928749334,0.0,0.41532307863235474,0.07216878364870322,0.6515837655350015,0.9323362954128913,0.9042610424251023,0.8761857894373134,0.8481105364495243,0.8200352834617354,0.7919600304739465,0.7638847774861575,0.7358095244983685,0.7077342715105794,0.6796590185227905,0.6515837655350015,0.8365134591690603,0.8709304188133812
65,We found an improved survival associated with cardiologist care and a mixture of general practitioner and cardiologist care compared with general practitioner care. The pattern of outpatient care may therefore be important for the survival of patients with CHF.,We found an improved survival associated with cardiologist care and a mixture of general practitioner and cardiologist care compared with general practitioner care. The pattern of outpatient care may therefore be important for the survival of patients with AEA.,"[[""cardiologist_care"", ""associated_with"", ""improved_survival""], [""improved_survival"", ""compared_to"", ""general_practitioner_care""], [""cardiologist_care"", ""combined_with"", ""general_practitioner_care""], [""combined_care"", ""associated_with"", ""improved_survival""], [""improved_survival"", ""of"", ""patients_with_CHF""], [""pattern_of_outpatient_care"", ""important_for"", ""survival_of_patients""], [""survival_of_patients"", ""with"", ""CHF""]]","[[""cardiologist_care"", ""associated_with"", ""improved_survival""], [""improved_survival"", ""compared_to"", ""general_practitioner_care""], [""cardiologist_care"", ""combined_with"", ""general_practitioner_care""], [""combined_care"", ""associated_with"", ""improved_survival""], [""improved_survival"", ""of"", ""patients_with_AEA""], [""pattern_of_outpatient_care"", ""important_for"", ""survival_of_patients""], [""survival_of_patients"", ""with"", ""AEA""]]",0.6390096504226939,0.8947764039039612,0.930070698261261,0.375,0.4330127018922193,0.9540449664220375,0.9019417399690557,0.8498385135160739,0.7977352870630919,0.7456320606101101,0.6935288341571284,0.6414256077041466,0.5893223812511648,0.5372191547981829,0.4851159283452011,0.4330127018922193,0.9263412645887643,0.9623705454063991
66,We found an improved survival associated with cardiologist care and a mixture of general practitioner and cardiologist care compared with general practitioner care. The pattern of outpatient care may therefore be important for the survival of patients with CHF.,an improved survival associated with cardiologist care and a mixture of general practitioner and cardiologist care found We compared with general practitioner care. The pattern of outpatient care may therefore be important for the survival of patients with CHF.,"[[""cardiologist_care"", ""associated_with"", ""improved_survival""], [""mixture_of_general_practitioner_and_cardiologist_care"", ""associated_with"", ""improved_survival""], [""general_practitioner_care"", ""compared_to"", ""cardiologist_care""], [""general_practitioner_care"", ""compared_to"", ""mixture_of_general_practitioner_and_cardiologist_care""], [""pattern_of_outpatient_care"", ""important_for"", ""survival_of_patients_with_CHF""]]","[[""cardiologist_care"", ""associated_with"", ""improved_survival""], [""mixture_of_general_practitioner_and_cardiologist_care"", ""associated_with"", ""improved_survival""], [""general_practitioner_care"", ""compared_to"", ""cardiologist_care""], [""general_practitioner_care"", ""compared_to"", ""mixture_of_general_practitioner_and_cardiologist_care""], [""pattern_of_outpatient_care"", ""important_for"", ""survival_of_patients_with_CHF""]]",1.0,1.0,1.0,1.0,1.0,0.9999999986190005,0.9999999987571004,0.9999999988952004,0.9999999990333002,0.9999999991714003,0.9999999993095002,0.9999999994476002,0.9999999995857001,0.9999999997238,0.9999999998619,1.0,1.0,0.9999999886354869
67,We found an improved survival associated with cardiologist care and a mixture of general practitioner and cardiologist care compared with general practitioner care. The pattern of outpatient care may therefore be important for the survival of patients with CHF.,LF and cruroplasty is feasible and has good results in terms of GERD symptoms control and additional weight loss. The high rate of postoperative complications observed in this series remains a matter of concern. A re-sleeve procedure might be considered as an alternative to RYGB/DS conversion restricted to selected patients.,"[[""cardiologist_care"", ""associated_with"", ""improved_survival""], [""general_practitioner_and_cardiologist_care"", ""associated_with"", ""improved_survival""], [""general_practitioner_care"", ""compared_to"", ""cardiologist_care""], [""outpatient_care"", ""important_for"", ""survival_of_patients""], [""patients"", ""have"", ""CHF""], [""survival_of_patients"", ""related_to"", ""CHF""]]","[[""LF_and_cruroplasty"", ""has"", ""good_results""], [""good_results"", ""related_to"", ""GERD_symptoms_control""], [""good_results"", ""related_to"", ""additional_weight_loss""], [""postoperative_complications"", ""observed_in"", ""series""], [""re-sleeve_procedure"", ""considered_as"", ""alternative_to_RYGB/DS_conversion""], [""RYGB/DS_conversion"", ""restricted_to"", ""selected_patients""], [""re-sleeve_procedure"", ""alternative_for"", ""selected_patients""]]",0.027777777777777776,0.0,0.01941683143377304,0.0,0.024056261216234408,0.5630925250442841,0.5091888986614791,0.45528527227867416,0.40138164589586917,0.34747801951306423,0.29357439313025924,0.2396707667474543,0.18576714036464934,0.13186351398184432,0.07795988759903937,0.024056261216234408,0.44262602715397437,0.6619558742820344
68,"In vitro fertilization outcome is strongly correlated with both maternal ages, basal cycle, day 3 follicle, stimulated hormone, and antral follicle assessment. Antral follicle assessment was a better predictor of in vitro fertilization outcome than were age or follicle stimulated hormone. Antral follicle assessment may provide a marker for ovarian age that is distinct from chronological age or hormonal markers.","In vitro fertilization result is strongly correlated with both parental ages, basal cycle, day 3 follicle, stimulated hormone, and antral follicle assessment. Antral follicle assessment was a good predictor of in vitro fertilisation result than were age or follicle stimulated hormone. Antral follicle assessment may provide a marker for ovarian age that is distinct from chronological age or hormonal markers.","[[""in_vitro_fertilization_outcome"", ""correlated_with"", ""maternal_ages""], [""in_vitro_fertilization_outcome"", ""correlated_with"", ""basal_cycle""], [""in_vitro_fertilization_outcome"", ""correlated_with"", ""day_3_follicle""], [""in_vitro_fertilization_outcome"", ""correlated_with"", ""stimulated_hormone""], [""in_vitro_fertilization_outcome"", ""correlated_with"", ""antral_follicle_assessment""], [""antral_follicle_assessment"", ""better_predictor_of"", ""in_vitro_fertilization_outcome""], [""antral_follicle_assessment"", ""compared_to"", ""age""], [""antral_follicle_assessment"", ""compared_to"", ""follicle_stimulated_hormone""], [""antral_follicle_assessment"", ""provides"", ""marker_for_ovarian_age""], [""marker_for_ovarian_age"", ""distinct_from"", ""chronological_age""], [""marker_for_ovarian_age"", ""distinct_from"", ""hormonal_markers""]]","[[""in_vitro_fertilization_result"", ""correlated_with"", ""parental_ages""], [""in_vitro_fertilization_result"", ""correlated_with"", ""basal_cycle""], [""in_vitro_fertilization_result"", ""correlated_with"", ""day_3_follicle""], [""in_vitro_fertilization_result"", ""correlated_with"", ""stimulated_hormone""], [""in_vitro_fertilization_result"", ""correlated_with"", ""antral_follicle_assessment""], [""antral_follicle_assessment"", ""good_predictor_of"", ""in_vitro_fertilisation_result""], [""antral_follicle_assessment"", ""compared_to"", ""age""], [""antral_follicle_assessment"", ""compared_to"", ""follicle_stimulated_hormone""], [""antral_follicle_assessment"", ""provides"", ""marker_for_ovarian_age""], [""marker_for_ovarian_age"", ""distinct_from"", ""chronological_age""], [""marker_for_ovarian_age"", ""distinct_from"", ""hormonal_markers""]]",1.0,0.6404958963394165,0.9323093891143799,0.7108170951524329,0.8268688657895648,0.9956925942394026,0.9788102213944189,0.9619278485494351,0.9450454757044512,0.9281631028594675,0.9112807300144836,0.8943983571694999,0.8775159843245162,0.8606336114795323,0.8437512386345485,0.8268688657895648,0.9840281726743851,0.8600750594650863
69,"In vitro fertilization outcome is strongly correlated with both maternal ages, basal cycle, day 3 follicle, stimulated hormone, and antral follicle assessment. Antral follicle assessment was a better predictor of in vitro fertilization outcome than were age or follicle stimulated hormone. Antral follicle assessment may provide a marker for ovarian age that is distinct from chronological age or hormonal markers.","In vitro fertilization outcome is strongly correlated with both maternal ages, basal cycle, day 5 follicle, stimulated hormone, and antral follicle assessment. Antral follicle assessment was a better predictor of in vitro fertilization outcome than were age or follicle stimulated hormone. Antral follicle assessment may provide a marker for ovarian age that is distinct from chronological age or hormonal markers.","[[""in_vitro_fertilization_outcome"", ""correlated_with"", ""maternal_ages""], [""in_vitro_fertilization_outcome"", ""correlated_with"", ""basal_cycle""], [""in_vitro_fertilization_outcome"", ""correlated_with"", ""day_3_follicle""], [""in_vitro_fertilization_outcome"", ""correlated_with"", ""stimulated_hormone""], [""in_vitro_fertilization_outcome"", ""correlated_with"", ""antral_follicle_assessment""], [""antral_follicle_assessment"", ""better_predictor_of"", ""in_vitro_fertilization_outcome""], [""antral_follicle_assessment"", ""better_than"", ""age""], [""antral_follicle_assessment"", ""better_than"", ""follicle_stimulated_hormone""], [""antral_follicle_assessment"", ""may_provide"", ""marker_for_ovarian_age""], [""marker_for_ovarian_age"", ""distinct_from"", ""chronological_age""], [""marker_for_ovarian_age"", ""distinct_from"", ""hormonal_markers""]]","[[""in_vitro_fertilization_outcome"", ""correlated_with"", ""maternal_ages""], [""in_vitro_fertilization_outcome"", ""correlated_with"", ""basal_cycle""], [""in_vitro_fertilization_outcome"", ""correlated_with"", ""day_5_follicle""], [""in_vitro_fertilization_outcome"", ""correlated_with"", ""stimulated_hormone""], [""in_vitro_fertilization_outcome"", ""correlated_with"", ""antral_follicle_assessment""], [""antral_follicle_assessment"", ""better_predictor_of"", ""in_vitro_fertilization_outcome""], [""antral_follicle_assessment"", ""better_than"", ""age""], [""antral_follicle_assessment"", ""better_than"", ""follicle_stimulated_hormone""], [""antral_follicle_assessment"", ""may_provide"", ""marker_for_ovarian_age""], [""marker_for_ovarian_age"", ""distinct_from"", ""chronological_age""], [""marker_for_ovarian_age"", ""distinct_from"", ""hormonal_markers""]]",1.0,0.869509756565094,0.9877586364746094,0.8333333333333334,1.0,0.9997750823579855,0.999797574122187,0.9998200658863885,0.9998425576505898,0.9998650494147913,0.9998875411789927,0.9999100329431942,0.9999325247073956,0.9999550164715971,0.9999775082357986,1.0,0.9980163647098901,0.996307115183685
70,"In vitro fertilization outcome is strongly correlated with both maternal ages, basal cycle, day 3 follicle, stimulated hormone, and antral follicle assessment. Antral follicle assessment was a better predictor of in vitro fertilization outcome than were age or follicle stimulated hormone. Antral follicle assessment may provide a marker for ovarian age that is distinct from chronological age or hormonal markers.","In vitro fertilization outcome is strongly correlated with both maternal ages, basal cycle, day 3 follicle, stimulated hormone, and antral follicle assessment. Antral follicle assessment was a better predictor of in vitro fertilization outcome than were age or follicle stimulated hormone. a marker for ovarian age that is distinct from chronological age or hormonal markers may provide Antral follicle assessment.","[[""in_vitro_fertilization_outcome"", ""correlated_with"", ""maternal_ages""], [""in_vitro_fertilization_outcome"", ""correlated_with"", ""basal_cycle""], [""in_vitro_fertilization_outcome"", ""correlated_with"", ""day_3_follicle""], [""in_vitro_fertilization_outcome"", ""correlated_with"", ""stimulated_hormone""], [""in_vitro_fertilization_outcome"", ""correlated_with"", ""antral_follicle_assessment""], [""antral_follicle_assessment"", ""better_predictor_of"", ""in_vitro_fertilization_outcome""], [""antral_follicle_assessment"", ""compared_to"", ""age""], [""antral_follicle_assessment"", ""compared_to"", ""follicle_stimulated_hormone""], [""antral_follicle_assessment"", ""provide"", ""marker_for_ovarian_age""], [""marker_for_ovarian_age"", ""distinct_from"", ""chronological_age""], [""marker_for_ovarian_age"", ""distinct_from"", ""hormonal_markers""]]","[[""in_vitro_fertilization_outcome"", ""correlated_with"", ""maternal_ages""], [""in_vitro_fertilization_outcome"", ""correlated_with"", ""basal_cycle""], [""in_vitro_fertilization_outcome"", ""correlated_with"", ""day_3_follicle""], [""in_vitro_fertilization_outcome"", ""correlated_with"", ""stimulated_hormone""], [""in_vitro_fertilization_outcome"", ""correlated_with"", ""antral_follicle_assessment""], [""antral_follicle_assessment"", ""better_predictor_of"", ""in_vitro_fertilization_outcome""], [""antral_follicle_assessment"", ""compared_to"", ""age""], [""antral_follicle_assessment"", ""compared_to"", ""follicle_stimulated_hormone""], [""antral_follicle_assessment"", ""provide"", ""marker_for_ovarian_age""], [""marker_for_ovarian_age"", ""distinct_from"", ""chronological_age""], [""marker_for_ovarian_age"", ""distinct_from"", ""hormonal_markers""]]",1.0,1.0,0.9999999403953552,1.0,1.0,0.9999999262592971,0.9999999336333674,0.9999999410074378,0.9999999483815079,0.9999999557555783,0.9999999631296486,0.9999999705037188,0.9999999778777892,0.9999999852518594,0.9999999926259298,1.0,0.9999999862367457,0.9999999633422593
71,"In vitro fertilization outcome is strongly correlated with both maternal ages, basal cycle, day 3 follicle, stimulated hormone, and antral follicle assessment. Antral follicle assessment was a better predictor of in vitro fertilization outcome than were age or follicle stimulated hormone. Antral follicle assessment may provide a marker for ovarian age that is distinct from chronological age or hormonal markers.","Random survival forests did not yield higher performance compared to Cox proportional hazards. We found improvement in prediction performance when coupling the genetic SNP score with clinical/demographic markers, which warrants further investigation.","[[""in_vitro_fertilization_outcome"", ""correlated_with"", ""maternal_ages""], [""in_vitro_fertilization_outcome"", ""correlated_with"", ""basal_cycle""], [""in_vitro_fertilization_outcome"", ""correlated_with"", ""day_3_follicle""], [""in_vitro_fertilization_outcome"", ""correlated_with"", ""stimulated_hormone""], [""in_vitro_fertilization_outcome"", ""correlated_with"", ""antral_follicle_assessment""], [""antral_follicle_assessment"", ""better_predictor_of"", ""in_vitro_fertilization_outcome""], [""antral_follicle_assessment"", ""better_than"", ""age""], [""antral_follicle_assessment"", ""better_than"", ""follicle_stimulated_hormone""], [""antral_follicle_assessment"", ""marker_for"", ""ovarian_age""], [""ovarian_age"", ""distinct_from"", ""chronological_age""], [""ovarian_age"", ""distinct_from"", ""hormonal_markers""]]","[[""random_survival_forests"", ""compared_to"", ""Cox_proportional_hazards""], [""random_survival_forests"", ""did_not_yield_higher_performance_than"", ""Cox_proportional_hazards""], [""genetic_SNP_score"", ""coupled_with"", ""clinical-demographic_markers""], [""coupled_genetic_SNP_score_and_clinical-demographic_markers"", ""improved"", ""prediction_performance""], [""improved_prediction_performance"", ""warrants"", ""further_investigation""]]",0.0,0.0,0.022275462746620178,0.0,0.0,0.3354046837532384,0.3018642153779146,0.2683237470025907,0.23478327862726686,0.20124281025194304,0.1677023418766192,0.13416187350129535,0.10062140512597154,0.06708093675064766,0.03354046837532383,0.0,0.3535704114853405,0.5043393267655698
72,"Adapting the NF EN 13727 standard allowed assessing the 3 tested solutions: only CB was bactericidal in dirty conditions. This study proved the possibility of validating antiseptic choice in vitro, in current practice conditions, for adjunctive treatment of skin and mucous membranes disorders, primarily of bacterial origin or with a potential of superinfection.",Adapting the NF EN 13727 standard allowed assessing the 3 tested solutions: only CB was bactericidal in dirty conditions. the possibility of validating antiseptic choice in vitro was proved by This investigation.,"[[""NF_EN_13727_standard"", ""allows"", ""assessment_of_antiseptics""], [""3_tested_solutions"", ""assessed_using"", ""NF_EN_13727_standard""], [""CB"", ""is"", ""bactericidal""], [""CB"", ""effective_in"", ""dirty_conditions""], [""antiseptic_choice"", ""validated"", ""in_vitro""], [""antiseptic_choice"", ""used_for"", ""skin_disorders""], [""antiseptic_choice"", ""used_for"", ""mucous_membranes_disorders""], [""skin_disorders"", ""of_bacterial_origin"", ""True""], [""mucous_membranes_disorders"", ""of_bacterial_origin"", ""True""], [""skin_disorders"", ""has_potential_of"", ""superinfection""], [""mucous_membranes_disorders"", ""has_potential_of"", ""superinfection""]]","[[""NF_EN_13727_standard"", ""allows"", ""assessment_of_antiseptics""], [""3_tested_solutions"", ""assessed_using"", ""NF_EN_13727_standard""], [""CB"", ""is"", ""bactericidal""], [""CB"", ""effective_in"", ""dirty_conditions""], [""antiseptic_choice"", ""validated"", ""in_vitro""], [""investigation"", ""proved"", ""validation_of_antiseptic_choice""]]",0.6267831705280087,0.20073345303535461,0.7575722932815552,0.6542241659089485,0.7314448537477546,0.8193127006743464,0.8105259159816872,0.8017391312890281,0.7929523465963688,0.7841655619037096,0.7753787772110505,0.7665919925183913,0.7578052078257321,0.7490184231330729,0.7402316384404137,0.7314448537477546,0.833155218353465,0.7534054460945863
73,"Adapting the NF EN 13727 standard allowed assessing the 3 tested solutions: only CB was bactericidal in dirty conditions. This study proved the possibility of validating antiseptic choice in vitro, in current practice conditions, for adjunctive treatment of skin and mucous membranes disorders, primarily of bacterial origin or with a potential of superinfection.","Adapting the NF EN 7872 standard allowed assessing the 5 tested solutions: only CB was bactericidal in dirty conditions. This study proved the possibility of validating antiseptic choice in vitro, in current practice conditions, for adjunctive treatment of skin and mucous membranes disorders, primarily of bacterial origin or with a potential of superinfection.","[[""NF_EN_13727_standard"", ""used_for"", ""evaluation_of_antiseptics""], [""CB"", ""bactericidal_in"", ""dirty_conditions""], [""antiseptic_choice"", ""validated_in_vitro"", ""current_practice_conditions""], [""antiseptic_choice"", ""used_for"", ""adjunctive_treatment""], [""adjunctive_treatment"", ""for"", ""skin_and_mucous_membranes_disorders""], [""skin_and_mucous_membranes_disorders"", ""of"", ""bacterial_origin""], [""skin_and_mucous_membranes_disorders"", ""with_potential_of"", ""superinfection""]]","[[""NF_EN_7872_standard"", ""used_for"", ""evaluation_of_antiseptics""], [""CB"", ""bactericidal_in"", ""dirty_conditions""], [""antiseptic_choice"", ""validated_in_vitro"", ""current_practice_conditions""], [""antiseptic_choice"", ""used_for"", ""adjunctive_treatment""], [""adjunctive_treatment"", ""for"", ""skin_and_mucous_membranes_disorders""], [""skin_and_mucous_membranes_disorders"", ""of"", ""bacterial_origin""], [""skin_and_mucous_membranes_disorders"", ""with_potential_of"", ""superinfection""], [""NF_EN_7872_standard"", ""adapted_for"", ""evaluation_of_5_tested_solutions""]]",1.0,0.6402917504310608,0.9392139911651611,0.8581163303210331,1.0,0.9989527438448179,0.9990574694603361,0.9991621950758545,0.9992669206913725,0.9993716463068908,0.9994763719224089,0.9995810975379271,0.9996858231534453,0.9997905487689636,0.9998952743844818,1.0,0.9945992300972764,0.9789297837446618
74,"Adapting the NF EN 13727 standard allowed assessing the 3 tested solutions: only CB was bactericidal in dirty conditions. This study proved the possibility of validating antiseptic choice in vitro, in current practice conditions, for adjunctive treatment of skin and mucous membranes disorders, primarily of bacterial origin or with a potential of superinfection.","Adapting the NF EN 13727 standard allowed assessing the 3 tested solutions: only CB was bactericidal in dirty conditions. the possibility of validating antiseptic choice in vitro proved This study, in current practice conditions, for adjunctive treatment of skin and mucous membranes disorders, primarily of bacterial origin or with a potential of superinfection.","[[""NF_EN_13727_standard"", ""used_for"", ""evaluation_of_antiseptics""], [""evaluation_of_antiseptics"", ""involves"", ""skin""], [""evaluation_of_antiseptics"", ""involves"", ""mucous_membranes""], [""NF_EN_13727_standard"", ""adapted_for"", ""evaluation_of_antiseptics""], [""CB"", ""has_property"", ""bactericidal""], [""CB"", ""effective_in"", ""dirty_conditions""], [""antiseptic_choice"", ""validated_by"", ""in_vitro_study""], [""in_vitro_study"", ""performed_in"", ""current_practice_conditions""], [""antiseptic_choice"", ""used_for"", ""adjunctive_treatment""], [""adjunctive_treatment"", ""for_disorders_of"", ""skin""], [""adjunctive_treatment"", ""for_disorders_of"", ""mucous_membranes""], [""disorders_of_skin_and_mucous_membranes"", ""primarily_of"", ""bacterial_origin""], [""disorders_of_skin_and_mucous_membranes"", ""have_potential_of"", ""superinfection""]]","[[""NF_EN_13727_standard"", ""used_for"", ""evaluation_of_antiseptics""], [""evaluation_of_antiseptics"", ""involves"", ""skin""], [""evaluation_of_antiseptics"", ""involves"", ""mucous_membranes""], [""NF_EN_13727_standard"", ""adapted_for"", ""evaluation_of_antiseptics""], [""CB"", ""has_property"", ""bactericidal""], [""CB"", ""effective_in"", ""dirty_conditions""], [""antiseptic_choice"", ""validated_by"", ""in_vitro_study""], [""in_vitro_study"", ""performed_in"", ""current_practice_conditions""], [""antiseptic_choice"", ""used_for"", ""adjunctive_treatment""], [""adjunctive_treatment"", ""for_disorders_of"", ""skin""], [""adjunctive_treatment"", ""for_disorders_of"", ""mucous_membranes""], [""disorders_of_skin_and_mucous_membranes"", ""primarily_of"", ""bacterial_origin""], [""disorders_of_skin_and_mucous_membranes"", ""have_potential_of"", ""superinfection""]]",1.0,0.9999999403953552,0.9999999403953552,1.0,1.0,0.9999998979785584,0.9999999081807025,0.9999999183828467,0.9999999285849908,0.999999938787135,0.9999999489892792,0.9999999591914234,0.9999999693935675,0.9999999795957117,0.9999999897978559,1.0,0.9999999963101887,0.9999999829568682
75,"Adapting the NF EN 13727 standard allowed assessing the 3 tested solutions: only CB was bactericidal in dirty conditions. This study proved the possibility of validating antiseptic choice in vitro, in current practice conditions, for adjunctive treatment of skin and mucous membranes disorders, primarily of bacterial origin or with a potential of superinfection.",In manikin laypersons could insert LMAS in the correct direction after onsite instruction by a simple manual with a high success rate. This indicates some basic procedural understanding and intellectual transfer in principle. Operating errors (n = 91) were frequently not recognized and corrected (n = 77). Improvements in labeling and the quality of instructional photographs may reduce individual error and may optimize understanding.,"[[""NF_EN_13727_standard"", ""used_for"", ""assessing_antiseptics""], [""CB"", ""bactericidal_in"", ""dirty_conditions""], [""antiseptic_choice"", ""validated_in_vitro"", ""current_practice_conditions""], [""antiseptic_choice"", ""used_for"", ""adjunctive_treatment""], [""skin_and_mucous_membranes_disorders"", ""origin"", ""bacterial""], [""skin_and_mucous_membranes_disorders"", ""potential_for"", ""superinfection""]]","[[""LMAS"", ""inserted_by"", ""laypersons""], [""laypersons"", ""received_instruction"", ""onsite_instruction""], [""onsite_instruction"", ""provided_by"", ""simple_manual""], [""laypersons"", ""demonstrated"", ""basic_procedural_understanding""], [""laypersons"", ""demonstrated"", ""intellectual_transfer""], [""operating_errors"", ""occurred"", ""frequently""], [""operating_errors"", ""not_recognized"", ""frequently""], [""operating_errors"", ""not_corrected"", ""frequently""], [""labeling"", ""can_be_improved"", ""to_reduce_error""], [""instructional_photographs"", ""can_be_improved"", ""to_optimize_understanding""]]",0.0,0.0,0.0,0.0,0.0,0.25610867583772506,0.23049780825395255,0.20488694067018007,0.17927607308640753,0.15366520550263504,0.12805433791886253,0.10244347033509003,0.07683260275131754,0.051221735167545,0.0256108675837725,0.0,0.2612140968611861,0.5181059168661133
76,"The great majority of U.S. renal transplant centers will not transplant kidneys to HIV-infected patients with end-stage renal disease, even if their infection is asymptomatic. However, advances in the management of HIV infection and a review of relevant ethical issues suggest that this approach should be reconsidered.","kidneys were transplanted by The great majority of U.S. renal transplant centers. However, advances in the management of HIV infection and a review of relevant ethical issues indicate that this approach should be reconsidered.","[[""U.S._renal_transplant_centers"", ""will_not_transplant_to"", ""HIV-infected_patients""], [""HIV-infected_patients"", ""have"", ""end-stage_renal_disease""], [""HIV-infected_patients"", ""can_be"", ""asymptomatic""], [""advances_in_management_of_HIV_infection"", ""suggest"", ""approach_reconsideration""], [""review_of_relevant_ethical_issues"", ""suggest"", ""approach_reconsideration""]]","[[""U.S._renal_transplant_centers"", ""perform"", ""kidney_transplants""], [""kidney_transplants"", ""performed_by"", ""U.S._renal_transplant_centers""], [""advances_in_management_of_HIV_infection"", ""indicate"", ""approach_reconsideration""], [""review_of_relevant_ethical_issues"", ""indicate"", ""approach_reconsideration""]]",0.4762896722078402,0.34183257818222046,0.7218537926673889,0.5352643613280604,0.5504818825631803,0.8382886374953391,0.8095079620021233,0.7807272865089073,0.7519466110156915,0.7231659355224755,0.6943852600292597,0.6656045845360439,0.636823909042828,0.6080432335496121,0.5792625580563961,0.5504818825631803,0.7567575910207602,0.6923593524859195
77,"The great majority of U.S. renal transplant centers will not transplant kidneys to HIV-infected patients with end-stage renal disease, even if their infection is asymptomatic. However, advances in the management of HIV infection and a review of relevant ethical issues suggest that this approach should be reconsidered.","The great majority of U.S. renal transplant centers will not transplant kidneys to SSS-infected patients with end-stage renal disease, even if their infection is asymptomatic. However, advances in the management of HIV infection and a review of relevant ethical issues suggest that this approach should be reconsidered.","[[""U.S._renal_transplant_centers"", ""will_not_transplant_to"", ""HIV-infected_patients""], [""HIV-infected_patients"", ""have"", ""end-stage_renal_disease""], [""HIV-infected_patients"", ""have"", ""asymptomatic_infection""], [""management_of_HIV_infection"", ""has_advanced"", ""recently""], [""ethical_issues"", ""are_relevant"", ""to_transplantation""], [""approach_to_HIV-infected_patients"", ""should_be"", ""reconsidered""]]","[[""U.S._renal_transplant_centers"", ""will_not_transplant_to"", ""SSS-infected_patients""], [""SSS-infected_patients"", ""have"", ""end-stage_renal_disease""], [""SSS-infected_patients"", ""have"", ""asymptomatic_infection""], [""management_of_HIV_infection"", ""has_advanced"", ""recently""], [""ethical_issues"", ""are_relevant"", ""to_transplantation""], [""approach_to_SSS-infected_patients"", ""should_be"", ""reconsidered""]]",0.6666666666666666,0.9347795248031616,0.964919924736023,0.7166666666666667,0.6929023281557339,0.7998226789147742,0.7891306438388701,0.7784386087629662,0.7677465736870621,0.757054538611158,0.7463625035352541,0.73567046845935,0.724978433383446,0.7142863983075419,0.703594363231638,0.6929023281557339,0.8799022774918845,0.9217159724360656
78,"The great majority of U.S. renal transplant centers will not transplant kidneys to HIV-infected patients with end-stage renal disease, even if their infection is asymptomatic. However, advances in the management of HIV infection and a review of relevant ethical issues suggest that this approach should be reconsidered.","kidneys will not transplant The great majority of U.S. renal transplant centers to HIV-infected patients with end-stage renal disease, even if their infection is asymptomatic. However, advances in the management of HIV infection and a review of relevant ethical issues suggest that this approach should be reconsidered.","[[""U.S._renal_transplant_centers"", ""will_not_transplant_to"", ""HIV-infected_patients""], [""HIV-infected_patients"", ""have"", ""end-stage_renal_disease""], [""HIV-infected_patients"", ""have"", ""asymptomatic_infection""], [""advances_in_management_of_HIV_infection"", ""suggests_reconsideration_of"", ""approach""], [""review_of_relevant_ethical_issues"", ""suggests_reconsideration_of"", ""approach""]]","[[""U.S._renal_transplant_centers"", ""will_not_transplant_to"", ""HIV-infected_patients""], [""HIV-infected_patients"", ""have"", ""end-stage_renal_disease""], [""HIV-infected_patients"", ""have"", ""asymptomatic_infection""], [""advances_in_management_of_HIV_infection"", ""suggests_reconsideration_of"", ""approach""], [""review_of_relevant_ethical_issues"", ""suggests_reconsideration_of"", ""approach""]]",1.0,1.0,0.9999998807907104,1.0,1.0,0.9999999980544552,0.9999999982490096,0.9999999984435641,0.9999999986381185,0.9999999988326731,0.9999999990272276,0.9999999992217821,0.9999999994163365,0.999999999610891,0.9999999998054455,1.0,0.9999999865463802,0.999999985510048
79,"The great majority of U.S. renal transplant centers will not transplant kidneys to HIV-infected patients with end-stage renal disease, even if their infection is asymptomatic. However, advances in the management of HIV infection and a review of relevant ethical issues suggest that this approach should be reconsidered.",This study demonstrated that the regional or global apex of a given curve is the most rotated level in only a minority of the curves. The most rotated level may be as far as two levels from the global apex and one level from the regional apex.,[],[],,,,,,,,,,,,,,,,,,
80,TEE allowed a diagnosis of site involvement that did correlate with the anatomic diagnosis obtained during the operation. This fact contributed to the management of patients and was of great help in guiding the surgical intervention. Echo-oriented single-valve replacement may be a safe strategy for patients with PVE and double prostheses.,a diagnosis of site involvement that did correlate with the anatomic diagnosis obtained during the operation was allowed by TEE. This fact contributed to the management of individuals and was of great help in guiding the surgical intervention. Echo-oriented single-valve replacement may be a safe strategy for patients with PVE and double prostheses.,"[[""TEE"", ""allowed"", ""diagnosis_of_site_involvement""], [""diagnosis_of_site_involvement"", ""correlates_with"", ""anatomic_diagnosis""], [""anatomic_diagnosis"", ""obtained_during"", ""operation""], [""TEE"", ""contributed_to"", ""management_of_patients""], [""TEE"", ""guided"", ""surgical_intervention""], [""echo-oriented_single-valve_replacement"", ""treats"", ""PVE""], [""echo-oriented_single-valve_replacement"", ""used_for"", ""patients_with_double_prostheses""], [""PVE"", ""affects"", ""patients_with_double_prostheses""]]","[[""TEE"", ""allowed"", ""diagnosis_of_site_involvement""], [""diagnosis_of_site_involvement"", ""correlates_with"", ""anatomic_diagnosis""], [""anatomic_diagnosis"", ""obtained_during"", ""operation""], [""TEE"", ""contributed_to"", ""management_of_individuals""], [""TEE"", ""guided"", ""surgical_intervention""], [""echo-oriented_single-valve_replacement"", ""treats"", ""PVE""], [""echo-oriented_single-valve_replacement"", ""used_for"", ""patients_with_double_prostheses""], [""PVE"", ""affects"", ""patients_with_double_prostheses""]]",1.0,0.9259029030799866,0.9689728021621704,0.7962962962962963,1.0,0.9932295703410264,0.9939066133069238,0.9945836562728212,0.9952606992387185,0.9959377422046158,0.9966147851705132,0.9972918281364106,0.9979688711023079,0.9986459140682054,0.9993229570341027,1.0,0.9771894163579884,0.9970062648254874
81,TEE allowed a diagnosis of site involvement that did correlate with the anatomic diagnosis obtained during the operation. This fact contributed to the management of patients and was of great help in guiding the surgical intervention. Echo-oriented single-valve replacement may be a safe strategy for patients with PVE and double prostheses.,TEE allowed a diagnosis of site involvement that did correlate with the anatomic diagnosis obtained during the operation. This fact contributed to the management of patients and was of great help in guiding the surgical intervention. Echo-oriented single-valve replacement may be a safe strategy for patients with PCL and double prostheses.,"[[""TEE"", ""allowed"", ""diagnosis_of_site_involvement""], [""TEE"", ""correlate_with"", ""anatomic_diagnosis""], [""anatomic_diagnosis"", ""obtained_during"", ""operation""], [""TEE"", ""contributed_to"", ""management_of_patients""], [""TEE"", ""guided"", ""surgical_intervention""], [""echo-oriented_single-valve_replacement"", ""used_for"", ""patients_with_PVE""], [""echo-oriented_single-valve_replacement"", ""used_for"", ""patients_with_double_prostheses""], [""PVE"", ""have"", ""double_prostheses""]]","[[""TEE"", ""allowed"", ""diagnosis_of_site_involvement""], [""TEE"", ""correlate_with"", ""anatomic_diagnosis""], [""anatomic_diagnosis"", ""obtained_during"", ""operation""], [""TEE"", ""contributed_to"", ""management_of_patients""], [""TEE"", ""guided"", ""surgical_intervention""], [""echo-oriented_single-valve_replacement"", ""used_for"", ""patients_with_PCL""], [""echo-oriented_single-valve_replacement"", ""used_for"", ""patients_with_double_prostheses""], [""PCL"", ""have"", ""double_prostheses""]]",0.7962962962962963,0.9005448222160339,0.9526773691177368,0.7424242424242424,0.9090909090909091,0.9745854856738545,0.96803602801556,0.9614865703572655,0.9549371126989709,0.9483876550406763,0.9418381973823817,0.9352887397240872,0.9287392820657927,0.9221898244074982,0.9156403667492036,0.9090909090909091,0.948412447873864,0.9853731112168014
82,TEE allowed a diagnosis of site involvement that did correlate with the anatomic diagnosis obtained during the operation. This fact contributed to the management of patients and was of great help in guiding the surgical intervention. Echo-oriented single-valve replacement may be a safe strategy for patients with PVE and double prostheses.,a diagnosis of site involvement that did correlate with the anatomic diagnosis obtained during the operation allowed TEE. This fact contributed to the management of patients and was of great help in guiding the surgical intervention. Echo-oriented single-valve replacement may be a safe strategy for patients with PVE and double prostheses.,"[[""TEE"", ""allows"", ""diagnosis_of_site_involvement""], [""diagnosis_of_site_involvement"", ""correlates_with"", ""anatomic_diagnosis""], [""anatomic_diagnosis"", ""obtained_during"", ""operation""], [""TEE"", ""contributes_to"", ""management_of_patients""], [""TEE"", ""guides"", ""surgical_intervention""], [""single-valve_replacement"", ""treats"", ""PVE""], [""PVE"", ""affects"", ""patients_with_double_prostheses""], [""single-valve_replacement"", ""is_strategy_for"", ""patients_with_PVE_and_double_prostheses""]]","[[""TEE"", ""allows"", ""diagnosis_of_site_involvement""], [""diagnosis_of_site_involvement"", ""correlates_with"", ""anatomic_diagnosis""], [""anatomic_diagnosis"", ""obtained_during"", ""operation""], [""diagnosis_of_site_involvement"", ""contributes_to"", ""management_of_patients""], [""diagnosis_of_site_involvement"", ""guides"", ""surgical_intervention""], [""single-valve_replacement"", ""treats"", ""PVE""], [""PVE"", ""affects"", ""patients_with_double_prostheses""], [""single-valve_replacement"", ""is_strategy_for"", ""patients_with_PVE_and_double_prostheses""]]",0.7463904912524668,1.0,0.9999998807907104,0.8333333333333334,0.7730012058189372,0.9659684927107047,0.946671764021528,0.9273750353323513,0.9080783066431743,0.8887815779539977,0.869484849264821,0.8501881205756442,0.8308913918864674,0.8115946631972908,0.7922979345081139,0.7730012058189372,0.9557274942495462,0.989247140155097
83,TEE allowed a diagnosis of site involvement that did correlate with the anatomic diagnosis obtained during the operation. This fact contributed to the management of patients and was of great help in guiding the surgical intervention. Echo-oriented single-valve replacement may be a safe strategy for patients with PVE and double prostheses.,"Taken together, these results suggest a potential role for AMPK on the secretion of melatonin probably acting trough the paraventricular nucleus and/or directly in the pineal gland. We conclude that AMPK may act as a metabolic cue to modulate the rhythm of melatonin secretion.","[[""TEE"", ""allows"", ""diagnosis_of_site_involvement""], [""TEE"", ""correlates_with"", ""anatomic_diagnosis""], [""anatomic_diagnosis"", ""obtained_during"", ""operation""], [""TEE"", ""contributes_to"", ""management_of_patients""], [""TEE"", ""guides"", ""surgical_intervention""], [""echo-oriented_single-valve_replacement"", ""is"", ""safe_strategy""], [""echo-oriented_single-valve_replacement"", ""is_for"", ""patients_with_PVE""], [""patients_with_PVE"", ""have"", ""double_prostheses""]]","[[""AMPK"", ""has_potential_role"", ""melatonin_secretion""], [""AMPK"", ""acts_through"", ""paraventricular_nucleus""], [""AMPK"", ""acts_on"", ""pineal_gland""], [""melatonin_secretion"", ""has"", ""rhythm""], [""AMPK"", ""modulates"", ""rhythm_of_melatonin_secretion""], [""AMPK"", ""serves_as"", ""metabolic_cue""]]",0.0,0.0,0.0,0.0,0.0,0.26040651836216405,0.23436586652594765,0.20832521468973125,0.18228456285351483,0.15624391101729843,0.13020325918108203,0.10416260734486563,0.07812195550864923,0.0520813036724328,0.0260406518362164,0.0,0.24957677590456093,0.4019173144270909
84,"We conclude that increased cardiovascular risk of the DD genotype is not mediated through insulin resistance or abnormalities in fibrinolysis. Conversely, we report an increased sensitivity in NIDDM subjects with the ACE DD genotype.","We determine that increased cardiovascular chance of the DD genotype is not mediated through insulin opposition or abnormalcy in fibrinolysis. Conversely, we document an increased sensitivity in NIDDM topic with the ACE DD genotype.","[[""DD_genotype"", ""associated_with"", ""increased_cardiovascular_risk""], [""DD_genotype"", ""not_mediated_through"", ""insulin_resistance""], [""DD_genotype"", ""not_mediated_through"", ""abnormalities_in_fibrinolysis""], [""NIDDM_subjects"", ""have"", ""ACE_DD_genotype""], [""ACE_DD_genotype"", ""associated_with"", ""increased_sensitivity""]]","[[""DD_genotype"", ""associated_with"", ""increased_cardiovascular_chance""], [""DD_genotype"", ""not_mediated_through"", ""insulin_opposition""], [""DD_genotype"", ""not_mediated_through"", ""abnormalcy_in_fibrinolysis""], [""NIDDM_topic"", ""have"", ""ACE_DD_genotype""], [""ACE_DD_genotype"", ""associated_with"", ""increased_sensitivity""]]",1.0,0.6064719557762146,0.7806795835494995,0.30952380952380953,1.0,0.9868344559579453,0.9881510103621507,0.9894675647663562,0.9907841191705618,0.9921006735747672,0.9934172279789726,0.9947337823831781,0.9960503367873836,0.9973668911915891,0.9986834455957945,1.0,0.959357119166302,0.9588786409144684
85,"We conclude that increased cardiovascular risk of the DD genotype is not mediated through insulin resistance or abnormalities in fibrinolysis. Conversely, we report an increased sensitivity in NIDDM subjects with the ACE DD genotype.","We conclude that increased cardiovascular risk of the DD genotype is not mediated through insulin resistance or abnormalities in fibrinolysis. Conversely, we report an increased sensitivity in BSC subjects with the ACE DD genotype.","[[""DD_genotype"", ""not_mediated_through"", ""insulin_resistance""], [""DD_genotype"", ""not_mediated_through"", ""abnormalities_in_fibrinolysis""], [""DD_genotype"", ""associated_with"", ""increased_cardiovascular_risk""], [""NIDDM_subjects_with_the_ACE_DD_genotype"", ""have"", ""increased_sensitivity""]]","[[""DD_genotype"", ""not_mediated_through"", ""insulin_resistance""], [""DD_genotype"", ""not_mediated_through"", ""abnormalities_in_fibrinolysis""], [""DD_genotype"", ""associated_with"", ""increased_cardiovascular_risk""], [""BSC_subjects_with_the_ACE_DD_genotype"", ""have"", ""increased_sensitivity""]]",1.0,0.9483996629714966,0.9608312249183655,0.8333333333333334,1.0,0.9897208842137721,0.9907487957923949,0.9917767073710178,0.9928046189496404,0.9938325305282633,0.9948604421068861,0.9958883536855089,0.9969162652641317,0.9979441768427544,0.9989720884213772,1.0,0.979807287148458,0.9836390202301027
86,"We conclude that increased cardiovascular risk of the DD genotype is not mediated through insulin resistance or abnormalities in fibrinolysis. Conversely, we report an increased sensitivity in NIDDM subjects with the ACE DD genotype.","We conclude that increased cardiovascular risk of the DD genotype is not mediated through insulin resistance or abnormalities in fibrinolysis. Conversely, an increased sensitivity in NIDDM subjects with the ACE DD genotype report we.","[[""DD_genotype"", ""associated_with"", ""increased_cardiovascular_risk""], [""DD_genotype"", ""not_mediated_through"", ""insulin_resistance""], [""DD_genotype"", ""not_mediated_through"", ""abnormalities_in_fibrinolysis""], [""NIDDM_subjects_with_DD_genotype"", ""report"", ""increased_sensitivity""]]","[[""DD_genotype"", ""associated_with"", ""increased_cardiovascular_risk""], [""DD_genotype"", ""not_mediated_through"", ""insulin_resistance""], [""DD_genotype"", ""not_mediated_through"", ""abnormalities_in_fibrinolysis""], [""NIDDM_subjects_with_DD_genotype"", ""report"", ""increased_sensitivity""]]",1.0,1.0,1.0,1.0,1.0,0.999999929818087,0.9999999368362783,0.9999999438544698,0.9999999508726609,0.9999999578908523,0.9999999649090435,0.9999999719272348,0.9999999789454261,0.9999999859636174,0.9999999929818087,1.0,1.0,0.9999999884747038
87,"We conclude that increased cardiovascular risk of the DD genotype is not mediated through insulin resistance or abnormalities in fibrinolysis. Conversely, we report an increased sensitivity in NIDDM subjects with the ACE DD genotype.","Doctors specialized in infectious diseases and clinical microbiology assess the appropriateness of antimicrobials prescribed for a broad spectrum of indications with acceptable agreement and validity, regardless of their experience or hospital of employment. However, there is room for improvement, which merits attention in multidisciplinary discussions and education.","[[""DD_genotype"", ""associated_with"", ""increased_cardiovascular_risk""], [""DD_genotype"", ""not_mediated_through"", ""insulin_resistance""], [""DD_genotype"", ""not_mediated_through"", ""abnormalities_in_fibrinolysis""], [""NIDDM_subjects"", ""with"", ""ACE_DD_genotype""], [""ACE_DD_genotype"", ""associated_with"", ""increased_sensitivity""]]","[[""doctors"", ""specialized_in"", ""infectious_diseases""], [""doctors"", ""specialized_in"", ""clinical_microbiology""], [""doctors"", ""assess"", ""antimicrobials""], [""antimicrobials"", ""prescribed_for"", ""broad_spectrum_of_indications""], [""doctors"", ""have"", ""acceptable_agreement""], [""doctors"", ""have"", ""validity""], [""doctors"", ""require"", ""improvement""], [""improvement"", ""merits_attention_in"", ""multidisciplinary_discussions""], [""improvement"", ""merits_attention_in"", ""education""]]",0.0,0.0,0.0,0.0,0.0,0.2743588112370612,0.24692293011335506,0.21948704898964896,0.1920511678659428,0.16461528674223672,0.1371794056185306,0.10974352449482448,0.08230764337111837,0.05487176224741223,0.027435881123706114,0.0,0.2819846724348797,0.30333244337369036
4,"Among HBR patients with stable or unstable coronary artery disease, E-ZES implantation provides superior efficacy and safety as compared with conventional BMS. (Zotarolimus-Eluting Endeavor Sprint Stent in Uncertain DES Candidates [ZEUS]; NCT01385319).","Among HBR individuals with static or precarious coronary artery condition, E-ZES nidation provides superscript efficaciousness and refuge as compared with established BMS. (Zotarolimus-Eluting Endeavor Sprint Stent in Uncertain DES Candidates [ZEUS]; NCT01385319).","[[""HBR_patients"", ""have"", ""stable_coronary_artery_disease""], [""HBR_patients"", ""have"", ""unstable_coronary_artery_disease""], [""E-ZES_implantation"", ""provides"", ""superior_efficacy""], [""E-ZES_implantation"", ""provides"", ""superior_safety""], [""E-ZES_implantation"", ""compared_to"", ""conventional_BMS""], [""ZEUS"", ""studied"", ""E-ZES_implantation""], [""ZEUS"", ""identified_by"", ""NCT01385319""]]","[[""HBR_individuals"", ""have"", ""static_coronary_artery_condition""], [""HBR_individuals"", ""have"", ""precarious_coronary_artery_condition""], [""E-ZES_nidation"", ""provides"", ""superscript_efficaciousness""], [""E-ZES_nidation"", ""provides"", ""refuge""], [""E-ZES_nidation"", ""compared_to"", ""established_BMS""], [""ZEUS"", ""studied"", ""E-ZES_nidation""], [""ZEUS"", ""identified_by"", ""NCT01385319""]]",0.7142857142857143,0.0,0.16872340440750122,0.2222222222222222,0.7071067811865476,0.7678200636392389,0.7617487353939698,0.7556774071487008,0.7496060789034314,0.7435347506581624,0.7374634224128933,0.7313920941676242,0.7253207659223551,0.7192494376770859,0.7131781094318167,0.7071067811865476,0.7889347895388319,0.8704911514217641
59,"Open access publishing and the Hirsch index of the first signing author increase the impact of scientific articles. The open access advantage is greater for the more highly cited articles, and appears in the 30-35 months after publication.","The results suggest that a longer duration of treatment may prevent return into mental health care in some groups. However, because of the design of the study, no causal inference can be drawn. Further research, preferably in a RCT, is needed to determine whether the trend towards lower intensity treatments is associated with repeated mental health care use.","[[""open_access_publishing"", ""increases"", ""impact_of_scientific_articles""], [""Hirsch_index"", ""of"", ""first_signing_author""], [""Hirsch_index"", ""increases"", ""impact_of_scientific_articles""], [""open_access_advantage"", ""greater_for"", ""highly_cited_articles""], [""highly_cited_articles"", ""benefit_from"", ""open_access_publishing""], [""open_access_advantage"", ""appears"", ""30-35_months_after_publication""]]","[[""longer_duration_of_treatment"", ""may_prevent"", ""return_into_mental_health_care""], [""study"", ""has"", ""design_limitation""], [""design_limitation"", ""prevents"", ""causal_inference""], [""further_research"", ""needed"", ""to_determine_trend""], [""trend"", ""towards_lower_intensity_treatments"", ""associated_with_repeated_mental_health_care_use""], [""RCT"", ""preferred_research_method"", ""further_research""]]",0.0,0.0,0.0,0.0,0.0,0.4542300394993831,0.4088070355494448,0.3633840315995065,0.3179610276495682,0.27253802369962987,0.22711501974969156,0.18169201579975325,0.13626901184981496,0.09084600789987661,0.045423003949938305,0.0,0.3361480253216037,0.40192011953378765
61,"These data suggest that either apoptosis is not involved in cell loss in MTS, or a very slow rate of cell demise may have precluded detecting TUNEL-positive neurons dying through apoptosis. Increased Bax expression and activation of caspases support the latter possibility.","These data suggest that either apoptosis is not involved in cell loss in MTS, or a very slow rate of cell demise may have precluded detecting MCS-positive neurons dying through apoptosis. Increased Bax expression and activation of caspases support the latter possibility.","[[""data"", ""suggest"", ""apoptosis_not_involved_in_cell_loss""], [""apoptosis_not_involved_in_cell_loss"", ""related_to"", ""Mesial_temporal_sclerosis""], [""slow_rate_of_cell_demise"", ""may_preclude"", ""detecting_TUNEL-positive_neurons""], [""TUNEL-positive_neurons"", ""die_through"", ""apoptosis""], [""Increased_Bax_expression"", ""supports"", ""activation_of_caspases""], [""activation_of_caspases"", ""supports"", ""slow_rate_of_cell_demise""]]","[[""data"", ""suggest"", ""apoptosis_not_involved_in_cell_loss""], [""apoptosis_not_involved_in_cell_loss"", ""related_to"", ""Mesial_temporal_sclerosis""], [""slow_rate_of_cell_demise"", ""may_preclude"", ""detecting_MCS-positive_neurons""], [""MCS-positive_neurons"", ""die_through"", ""apoptosis""], [""Increased_Bax_expression"", ""supports"", ""activation_of_caspases""], [""activation_of_caspases"", ""supports"", ""slow_rate_of_cell_demise""]]",1.0,0.9060897827148438,0.9035598635673523,0.6851851851851852,1.0,0.9504821950806366,0.9554339755725729,0.9603857560645093,0.9653375365564456,0.970289317048382,0.9752410975403183,0.9801928780322546,0.985144658524191,0.9900964390161273,0.9950482195080637,1.0,0.9392182445411144,0.9638610733559949
62,"These data suggest that either apoptosis is not involved in cell loss in MTS, or a very slow rate of cell demise may have precluded detecting TUNEL-positive neurons dying through apoptosis. Increased Bax expression and activation of caspases support the latter possibility.","These data suggest that either apoptosis is not involved in cell loss in MTS, or a very slow rate of cell demise may have precluded detecting TUNEL-positive neurons dying through apoptosis. the latter possibility support Increased Bax expression and activation of caspases.","[[""apoptosis"", ""may_not_be_involved_in"", ""cell_loss""], [""cell_loss"", ""occurs_in"", ""Mesial_temporal_sclerosis""], [""slow_rate_of_cell_demise"", ""may_preclude"", ""detecting_TUNEL-positive_neurons""], [""TUNEL-positive_neurons"", ""die_through"", ""apoptosis""], [""Increased_Bax_expression"", ""supports"", ""activation_of_caspases""], [""activation_of_caspases"", ""supports"", ""apoptosis_involvement""], [""data"", ""suggest"", ""apoptosis_may_not_be_involved_in_cell_loss""]]","[[""apoptosis"", ""may_not_be_involved_in"", ""cell_loss""], [""cell_loss"", ""occurs_in"", ""Mesial_temporal_sclerosis""], [""slow_rate_of_cell_demise"", ""may_preclude"", ""detecting_TUNEL-positive_neurons""], [""TUNEL-positive_neurons"", ""die_through"", ""apoptosis""], [""Increased_Bax_expression"", ""supports"", ""activation_of_caspases""], [""activation_of_caspases"", ""supports"", ""apoptosis_involvement""], [""data"", ""suggest"", ""apoptosis_may_not_be_involved_in_cell_loss""], [""latter_possibility"", ""supports"", ""Increased_Bax_expression""], [""latter_possibility"", ""supports"", ""activation_of_caspases""]]",1.0,0.8666087985038757,0.9687540531158447,0.8123623944599232,1.0,0.9999999980898174,0.9999999982808356,0.999999998471854,0.9999999986628723,0.9999999988538905,0.9999999990449087,0.999999999235927,0.9999999994269453,0.9999999996179635,0.9999999998089817,1.0,1.0,0.980755655908762
79,"The great majority of U.S. renal transplant centers will not transplant kidneys to HIV-infected patients with end-stage renal disease, even if their infection is asymptomatic. However, advances in the management of HIV infection and a review of relevant ethical issues suggest that this approach should be reconsidered.",This study demonstrated that the regional or global apex of a given curve is the most rotated level in only a minority of the curves. The most rotated level may be as far as two levels from the global apex and one level from the regional apex.,"[[""U.S._renal_transplant_centers"", ""will_not_transplant"", ""HIV-infected_patients""], [""HIV-infected_patients"", ""have"", ""end-stage_renal_disease""], [""HIV-infected_patients"", ""have"", ""asymptomatic_infection""], [""advances"", ""in"", ""management_of_HIV_infection""], [""review"", ""of"", ""relevant_ethical_issues""], [""approach"", ""should_be"", ""reconsidered""]]","[[""study"", ""demonstrated"", ""regional_or_global_apex""], [""regional_or_global_apex"", ""is"", ""most_rotated_level_in_minority_of_curves""], [""most_rotated_level"", ""may_be"", ""two_levels_from_global_apex""], [""most_rotated_level"", ""may_be"", ""one_level_from_regional_apex""], [""curves"", ""have"", ""regional_apex""], [""curves"", ""have"", ""global_apex""]]",0.0,0.0,0.0,0.0,0.0,0.0996367991915754,0.08967311927241786,0.07970943935326033,0.06974575943410279,0.05978207951494524,0.0498183995957877,0.039854719676630165,0.029891039757472627,0.019927359838315076,0.009963679919157538,0.0,0.2658713318887283,0.44471575422620857
88,"The presence of more than one virus in hospitalized children with ARI is very frequent but it does not seem to have a major clinical impact in terms of severity. However bacterial superinfection increases the severity of the disease course. On the contrary, pneumococcal vaccination plays a protective role.","The presence of more than one virus in hospitalized kid with ARI is very frequent but it does not seem to have a major medical impact in condition of severity. However bacterial superinfection increases the badness of the condition class. On the contrary, pneumococcal vaccination plays a protective role.","[[""hospitalized_children"", ""have"", ""ARI""], [""ARI"", ""involves"", ""co-infection""], [""co-infection"", ""does_not_affect"", ""severity""], [""bacterial_superinfection"", ""increases"", ""severity""], [""pneumococcal_vaccination"", ""plays_role"", ""protective_role""], [""bacterial_superinfection"", ""affects"", ""disease_course""]]","[[""hospitalized_kid"", ""have"", ""ARI""], [""ARI"", ""involves"", ""co-infection""], [""co-infection"", ""does_not_affect"", ""severity""], [""bacterial_superinfection"", ""increases"", ""condition_class""], [""pneumococcal_vaccination"", ""plays_role"", ""protective_role""], [""bacterial_superinfection"", ""affects"", ""condition""], [""condition_class"", ""related_to"", ""severity""]]",0.4791666666666667,0.6710795164108276,0.8723458647727966,0.3731952456262334,0.4791666666666667,0.9774464760411135,0.9276184951036689,0.8777905141662241,0.8279625332287794,0.7781345522913347,0.7283065713538901,0.6784785904164454,0.6286506094790008,0.578822628541556,0.5289946476041113,0.4791666666666667,0.9532643452649503,0.9658236964794555
89,"The presence of more than one virus in hospitalized children with ARI is very frequent but it does not seem to have a major clinical impact in terms of severity. However bacterial superinfection increases the severity of the disease course. On the contrary, pneumococcal vaccination plays a protective role.","The presence of more than one virus in hospitalized children with PCR is very frequent but it does not seem to have a major clinical impact in terms of severity. However bacterial superinfection increases the severity of the disease course. On the contrary, pneumococcal vaccination plays a protective role.","[[""hospitalized_children"", ""have"", ""ARI""], [""ARI"", ""involves"", ""co-infection""], [""co-infection"", ""does_not_affect"", ""severity""], [""bacterial_superinfection"", ""increases"", ""severity""], [""pneumococcal_vaccination"", ""plays_role"", ""protective_role""], [""protective_role"", ""reduces"", ""severity""]]","[[""hospitalized_children"", ""have"", ""PCR""], [""PCR"", ""involves"", ""co-infection""], [""co-infection"", ""does_not_affect"", ""severity""], [""bacterial_superinfection"", ""increases"", ""severity""], [""pneumococcal_vaccination"", ""plays_role"", ""protective_role""], [""protective_role"", ""reduces"", ""severity""]]",0.7380952380952381,0.9514237642288208,0.973801851272583,0.7380952380952381,0.7380952380952381,0.9304953046590683,0.9112552980026852,0.8920152913463023,0.8727752846899192,0.8535352780335361,0.8342952713771532,0.8150552647207703,0.7958152580643872,0.7765752514080041,0.7573352447516212,0.7380952380952381,0.9024308874987741,0.9530083447815005
90,"The presence of more than one virus in hospitalized children with ARI is very frequent but it does not seem to have a major clinical impact in terms of severity. However bacterial superinfection increases the severity of the disease course. On the contrary, pneumococcal vaccination plays a protective role.","The presence of more than one virus in hospitalized children with ARI is very frequent but it does not seem to have a major clinical impact in terms of severity. However the severity of the disease course increases bacterial superinfection. On the contrary, pneumococcal vaccination plays a protective role.","[[""hospitalized_children"", ""have"", ""ARI""], [""ARI"", ""involves"", ""viral_co-infection""], [""viral_co-infection"", ""does_not_affect"", ""severity""], [""bacterial_superinfection"", ""increases"", ""severity""], [""bacterial_superinfection"", ""affects"", ""disease_course""], [""pneumococcal_vaccination"", ""plays_role"", ""protective_role""]]","[[""hospitalized_children"", ""have"", ""ARI""], [""ARI"", ""involves"", ""viral_co-infection""], [""viral_co-infection"", ""does_not_affect"", ""severity""], [""bacterial_superinfection"", ""increases"", ""disease_course""], [""bacterial_superinfection"", ""increases"", ""severity""], [""pneumococcal_vaccination"", ""plays_role"", ""protective_role""]]",1.0,0.9999999403953552,1.0,1.0,1.0,0.997798371721319,0.9980185345491871,0.9982386973770552,0.9984588602049234,0.9986790230327914,0.9988991858606595,0.9991193486885276,0.9993395115163957,0.9995596743442638,0.9997798371721319,1.0,0.9893333925999261,0.9948682568038383
91,"The presence of more than one virus in hospitalized children with ARI is very frequent but it does not seem to have a major clinical impact in terms of severity. However bacterial superinfection increases the severity of the disease course. On the contrary, pneumococcal vaccination plays a protective role.","Taken together, these results suggest a potential role for AMPK on the secretion of melatonin probably acting trough the paraventricular nucleus and/or directly in the pineal gland. We conclude that AMPK may act as a metabolic cue to modulate the rhythm of melatonin secretion.","[[""hospitalized_children"", ""have"", ""ARI""], [""ARI"", ""involves"", ""viral_co-infection""], [""viral_co-infection"", ""does_not_affect"", ""severity""], [""bacterial_superinfection"", ""increases"", ""severity""], [""pneumococcal_vaccination"", ""plays_role"", ""protective_role""], [""protective_role"", ""reduces"", ""severity""]]","[[""AMPK"", ""acts_on"", ""melatonin_secretion""], [""melatonin_secretion"", ""involves"", ""paraventricular_nucleus""], [""melatonin_secretion"", ""involves"", ""pineal_gland""], [""AMPK"", ""modulates"", ""melatonin_secretion_rhythm""], [""AMPK"", ""serves_as"", ""metabolic_cue""]]",0.0,0.0,0.16542237997055054,0.0,0.0,0.21260544280219862,0.19134489852197875,0.1700843542417589,0.14882380996153902,0.12756326568131918,0.10630272140109931,0.08504217712087946,0.06378163284065959,0.042521088560439714,0.021260544280219857,0.0,0.2739432351052021,0.5326070910380378
92,"The PRP group recorded reduced pain, swelling, and trismus as well as enhanced and faster bone healing compared with those in the control. Hence the study showed that topical application of PRP gel has a beneficial effect in enhancing socket healing after third molar surgery.","reduced pain, swelling, and trismus as well as enhanced and faster bone healing was recorded by The PRP group. Hence the investigation showed that topical application of PRP gel has a beneficial effect in enhancing socket healing after third molar surgery.","[[""PRP_group"", ""recorded"", ""reduced_pain""], [""PRP_group"", ""recorded"", ""reduced_swelling""], [""PRP_group"", ""recorded"", ""reduced_trismus""], [""PRP_group"", ""recorded"", ""enhanced_bone_healing""], [""PRP_group"", ""recorded"", ""faster_bone_healing""], [""PRP_group"", ""compared_to"", ""control""], [""topical_application_of_PRP_gel"", ""has_effect"", ""socket_healing""], [""socket_healing"", ""occurs_after"", ""third_molar_surgery""], [""PRP_gel"", ""applied_topically"", ""third_molar_surgery""]]","[[""PRP_group"", ""recorded"", ""reduced_pain""], [""PRP_group"", ""recorded"", ""reduced_swelling""], [""PRP_group"", ""recorded"", ""reduced_trismus""], [""PRP_group"", ""recorded"", ""enhanced_bone_healing""], [""PRP_group"", ""recorded"", ""faster_bone_healing""], [""investigation"", ""showed"", ""beneficial_effect""], [""topical_application_of_PRP_gel"", ""has_effect"", ""socket_healing""], [""socket_healing"", ""occurs_after"", ""third_molar_surgery""], [""PRP_gel"", ""applied_topically"", ""third_molar_surgery""]]",0.8240554958966418,0.4744521975517273,0.9213165044784546,0.7978559231302818,0.8740073734751262,0.9921748018490018,0.9803580590116142,0.9685413161742267,0.956724573336839,0.9449078304994516,0.933091087662064,0.9212743448246764,0.9094576019872889,0.8976408591499014,0.8858241163125138,0.8740073734751262,0.9737504527915086,0.9473464458182461
93,"The PRP group recorded reduced pain, swelling, and trismus as well as enhanced and faster bone healing compared with those in the control. Hence the study showed that topical application of PRP gel has a beneficial effect in enhancing socket healing after third molar surgery.","The VDDI group recorded reduced pain, swelling, and trismus as well as enhanced and faster bone healing compared with those in the control. Hence the study showed that topical application of PRP gel has a beneficial effect in enhancing socket healing after third molar surgery.","[[""PRP_group"", ""recorded"", ""reduced_pain""], [""PRP_group"", ""recorded"", ""reduced_swelling""], [""PRP_group"", ""recorded"", ""reduced_trismus""], [""PRP_group"", ""recorded"", ""enhanced_bone_healing""], [""PRP_group"", ""recorded"", ""faster_bone_healing""], [""PRP_group"", ""compared_to"", ""control""], [""topical_application_of_PRP_gel"", ""has_beneficial_effect"", ""socket_healing""], [""socket_healing"", ""occurs_after"", ""third_molar_surgery""]]","[[""VDDI_group"", ""recorded"", ""reduced_pain""], [""VDDI_group"", ""recorded"", ""reduced_swelling""], [""VDDI_group"", ""recorded"", ""reduced_trismus""], [""VDDI_group"", ""recorded"", ""enhanced_bone_healing""], [""VDDI_group"", ""recorded"", ""faster_bone_healing""], [""VDDI_group"", ""compared_to"", ""control""], [""topical_application_of_PRP_gel"", ""has_beneficial_effect"", ""socket_healing""], [""socket_healing"", ""occurs_after"", ""third_molar_surgery""]]",0.875,0.977408766746521,0.9864032864570618,0.9,0.9,0.731855041368833,0.7486695372319496,0.7654840330950664,0.7822985289581831,0.7991130248212999,0.8159275206844165,0.8327420165475332,0.8495565124106499,0.8663710082737667,0.8831855041368833,0.9,0.8765121965173142,0.9337786850414402
94,"The PRP group recorded reduced pain, swelling, and trismus as well as enhanced and faster bone healing compared with those in the control. Hence the study showed that topical application of PRP gel has a beneficial effect in enhancing socket healing after third molar surgery.","reduced pain, swelling, and trismus as well as enhanced and faster bone healing recorded The PRP group compared with those in the control. Hence the study showed that topical application of PRP gel has a beneficial effect in enhancing socket healing after third molar surgery.","[[""PRP_group"", ""recorded"", ""reduced_pain""], [""PRP_group"", ""recorded"", ""reduced_swelling""], [""PRP_group"", ""recorded"", ""reduced_trismus""], [""PRP_group"", ""recorded"", ""enhanced_bone_healing""], [""PRP_group"", ""recorded"", ""faster_bone_healing""], [""PRP_group"", ""compared_to"", ""control""], [""topical_application_of_PRP_gel"", ""has_effect"", ""beneficial""], [""topical_application_of_PRP_gel"", ""enhances"", ""socket_healing""], [""socket_healing"", ""occurs_after"", ""third_molar_surgery""]]","[[""PRP_group"", ""recorded"", ""reduced_pain""], [""PRP_group"", ""recorded"", ""reduced_swelling""], [""PRP_group"", ""recorded"", ""reduced_trismus""], [""PRP_group"", ""recorded"", ""enhanced_bone_healing""], [""PRP_group"", ""recorded"", ""faster_bone_healing""], [""PRP_group"", ""compared_to"", ""control""], [""study"", ""showed"", ""topical_application_of_PRP_gel""], [""topical_application_of_PRP_gel"", ""has_effect"", ""beneficial""], [""topical_application_of_PRP_gel"", ""enhances"", ""socket_healing""], [""socket_healing"", ""occurs_after"", ""third_molar_surgery""]]",1.0,0.909427285194397,0.9588534832000732,0.9574271077563381,1.0,0.9999999983270478,0.999999998494343,0.9999999986616384,0.9999999988289334,0.9999999989962287,0.9999999991635239,0.9999999993308191,0.9999999994981144,0.9999999996654095,0.9999999998327048,1.0,1.0,0.9958757555352646
95,"The PRP group recorded reduced pain, swelling, and trismus as well as enhanced and faster bone healing compared with those in the control. Hence the study showed that topical application of PRP gel has a beneficial effect in enhancing socket healing after third molar surgery.",This study demonstrates that laser pretreatment significantly increases absorption of topical lidocaine so that it is detectable in the blood and that manipulating laser settings can affect drug absorption. Future work will look at translating this effect into clinical benefit.,"[[""PRP_group"", ""experienced"", ""reduced_pain""], [""PRP_group"", ""experienced"", ""reduced_swelling""], [""PRP_group"", ""experienced"", ""reduced_trismus""], [""PRP_group"", ""experienced"", ""enhanced_bone_healing""], [""PRP_group"", ""experienced"", ""faster_bone_healing""], [""PRP_gel"", ""applied_topically"", ""third_molar_surgery""], [""PRP_gel"", ""has_beneficial_effect_on"", ""socket_healing""], [""PRP_group"", ""compared_to"", ""control""]]","[[""laser_pretreatment"", ""increases"", ""absorption_of_lidocaine""], [""laser_pretreatment"", ""affects"", ""drug_absorption""], [""laser_settings"", ""affect"", ""drug_absorption""], [""laser_pretreatment"", ""enables_detection_of_lidocaine"", ""blood""], [""study"", ""investigates"", ""clinical_benefit""], [""future_work"", ""translates_effect_into"", ""clinical_benefit""]]",0.0,0.0,0.11467480659484863,0.0,0.0,0.41389389790791054,0.3725045081171195,0.33111511832632845,0.28972572853553735,0.2483363387447463,0.20694694895395527,0.16555755916316423,0.12416816937237318,0.08277877958158208,0.04138938979079104,0.0,0.35134964020486403,0.35399415143993296
96,"We conclude that GES is more effective in improving long-term GI symptoms and costs, and decreasing use of healthcare resources than intensive medical therapy, in this sample of patients with the symptoms of GP followed for 3 years. Certain patients with GP form a high-risk group in terms of costs, quality of life, morbidity and mortality.","We determine that GES is more effective in improving long-condition GI symptoms and costs, and decreasing use of healthcare resources than intensive medical therapy, in this sampling of individuals with the symptoms of GP followed for 3 years. Certain patients with GP form a eminent-probability group in terms of costs, caliber of life, morbidity and mortality.","[[""GES"", ""more_effective_than"", ""intensive_medical_therapy""], [""GES"", ""improves"", ""long-term_GI_symptoms""], [""GES"", ""decreases"", ""use_of_healthcare_resources""], [""intensive_medical_therapy"", ""compared_to"", ""GES""], [""patients_with_GP"", ""followed_for"", ""3_years""], [""patients_with_GP"", ""form"", ""high-risk_group""], [""high-risk_group"", ""associated_with"", ""costs""], [""high-risk_group"", ""associated_with"", ""quality_of_life""], [""high-risk_group"", ""associated_with"", ""morbidity""], [""high-risk_group"", ""associated_with"", ""mortality""]]","[[""GES"", ""more_effective_than"", ""intensive_medical_therapy""], [""GES"", ""improves"", ""long-condition_GI_symptoms""], [""GES"", ""decreases"", ""use_of_healthcare_resources""], [""intensive_medical_therapy"", ""compared_to"", ""GES""], [""individuals_with_GP"", ""followed_for"", ""3_years""], [""patients_with_GP"", ""form"", ""eminent-probability_group""], [""eminent-probability_group"", ""associated_with"", ""costs""], [""eminent-probability_group"", ""associated_with"", ""caliber_of_life""], [""eminent-probability_group"", ""associated_with"", ""morbidity""], [""eminent-probability_group"", ""associated_with"", ""mortality""]]",0.7554329965957794,0.4713887870311737,0.905297577381134,0.5512459105263765,0.7424242424242424,0.9017659128027896,0.8858317457649348,0.8698975787270802,0.8539634116892254,0.8380292446513707,0.8220950776135161,0.8061609105756613,0.7902267435378065,0.7742925764999519,0.7583584094620972,0.7424242424242424,0.9043784650746318,0.7446301849104782
99,"We conclude that GES is more effective in improving long-term GI symptoms and costs, and decreasing use of healthcare resources than intensive medical therapy, in this sample of patients with the symptoms of GP followed for 3 years. Certain patients with GP form a high-risk group in terms of costs, quality of life, morbidity and mortality.",Neuromedin U reduces insulin and increases somatostatin secretion. Blockade of somatostatin action abolishes the inhibition of insulin secretion by NmU. The results of the study suggest that somatostatin mediates the inhibitory action of NmU on insulin secretion.,"[[""GES"", ""more_effective_than"", ""intensive_medical_therapy""], [""GES"", ""improves"", ""long-term_GI_symptoms""], [""GES"", ""decreases"", ""use_of_healthcare_resources""], [""GES"", ""decreases"", ""costs""], [""patients_with_GP"", ""have"", ""high-risk_group""], [""high-risk_group"", ""associated_with"", ""costs""], [""high-risk_group"", ""associated_with"", ""quality_of_life""], [""high-risk_group"", ""associated_with"", ""morbidity""], [""high-risk_group"", ""associated_with"", ""mortality""], [""patients_with_GP"", ""followed_for"", ""3_years""]]","[[""Neuromedin_U"", ""reduces"", ""insulin_secretion""], [""Neuromedin_U"", ""increases"", ""somatostatin_secretion""], [""blockade_of_somatostatin_action"", ""abolishes"", ""inhibition_of_insulin_secretion""], [""somatostatin"", ""mediates"", ""inhibitory_action_of_NmU_on_insulin_secretion""], [""NmU"", ""has"", ""inhibitory_action_on_insulin_secretion""]]",0.0,0.0,0.023505020886659622,0.0,0.0,0.1265019045032892,0.11385171405296027,0.10120152360263135,0.08855133315230243,0.07590114270197351,0.0632509522516446,0.050600761801315675,0.03795057135098676,0.02530038090065783,0.012650190450328915,0.0,0.2200657873603422,0.372131192709487
100,"The fMRI paradigm mental imagery displays a high concordance with the further clinical course of patients in a VS. All 5 patients in a VS who showed significant activation of ROIs had a favorable further course until the end of the observation period. We therefore propose the term ""functional minimally conscious state"" for these patients. They may benefit from rehabilitation treatment. In cases where no significant activation was seen, the method has no prognostic value. Prediction of the clinical course of patients in an MCS by fMRI was considerably less accurate than in patients in a VS.","The fMRI paradigm mental imagery displays a high concordance with the further medical course of individuals in a VS. All 5 patients in a VS who showed important activation of ROIs had a favorable further course until the end of the observance period. In cases where no important activation was seen, the method has no prognostic value. We therefore propose the condition ""functional minimally conscious state"" for these patients. They may benefit from rehabilitation therapy. Prediction of the clinical course of patients in an MCS by fMRI was considerably less accurate than in patients in a VS.","[[""fMRI_paradigm_mental_imagery"", ""displays"", ""high_concordance""], [""high_concordance"", ""related_to"", ""further_clinical_course""], [""further_clinical_course"", ""of"", ""patients_in_VS""], [""patients_in_VS"", ""number"", ""5""], [""patients_in_VS"", ""show"", ""significant_activation_of_ROIs""], [""significant_activation_of_ROIs"", ""result"", ""favorable_further_course""], [""favorable_further_course"", ""until"", ""end_of_observation_period""], [""patients_in_VS"", ""may_benefit_from"", ""rehabilitation_treatment""], [""no_significant_activation"", ""result"", ""no_prognostic_value""], [""fMRI"", ""used_for"", ""prediction_of_clinical_course""], [""prediction_of_clinical_course"", ""less_accurate_in"", ""patients_in_MCS""], [""patients_in_MCS"", ""compared_to"", ""patients_in_VS""], [""functional_minimally_conscious_state"", ""proposed_for"", ""these_patients""]]","[[""fMRI_paradigm_mental_imagery"", ""displays"", ""high_concordance""], [""high_concordance"", ""related_to"", ""further_medical_course""], [""further_medical_course"", ""of"", ""individuals_in_VS""], [""individuals_in_VS"", ""number"", ""5""], [""individuals_in_VS"", ""show"", ""important_activation_of_ROIs""], [""important_activation_of_ROIs"", ""result"", ""favorable_further_course""], [""favorable_further_course"", ""until"", ""end_of_observance_period""], [""individuals_in_VS"", ""may_benefit_from"", ""rehabilitation_therapy""], [""no_important_activation"", ""result"", ""no_prognostic_value""], [""fMRI"", ""used_for"", ""prediction_of_clinical_course""], [""prediction_of_clinical_course"", ""less_accurate_in"", ""patients_in_MCS""], [""patients_in_MCS"", ""compared_to"", ""patients_in_VS""], [""functional_minimally_conscious_state"", ""proposed_for"", ""these_patients""]]",1.0,0.41373366117477417,0.8012837767601013,0.35369778651131895,0.6770786198930963,0.9760872524553151,0.9461863891990933,0.9162855259428714,0.8863846626866495,0.8564837994304275,0.8265829361742056,0.7966820729179838,0.7667812096617619,0.73688034640554,0.7069794831493181,0.6770786198930963,0.9535193879993111,0.9626778467030146
101,"The fMRI paradigm mental imagery displays a high concordance with the further clinical course of patients in a VS. All 5 patients in a VS who showed significant activation of ROIs had a favorable further course until the end of the observation period. We therefore propose the term ""functional minimally conscious state"" for these patients. They may benefit from rehabilitation treatment. In cases where no significant activation was seen, the method has no prognostic value. Prediction of the clinical course of patients in an MCS by fMRI was considerably less accurate than in patients in a VS.","The fMRI paradigm mental imagery displays a high concordance with the further clinical course of patients in a VS. All 3 patients in a VS who showed significant activation of ROIs had a favorable further course until the end of the observation period. We therefore propose the term ""functional minimally conscious state"" for these patients. They may benefit from rehabilitation treatment. In cases where no significant activation was seen, the method has no prognostic value. Prediction of the clinical course of patients in an MCS by fMRI was considerably less accurate than in patients in a VS.","[[""fMRI_paradigm_metal_imagery"", ""displays"", ""high_concordance""], [""high_concordance"", ""related_to"", ""clinical_course_of_patients_in_VS""], [""patients_in_VS"", ""show"", ""significant_activation_of_ROIs""], [""significant_activation_of_ROIs"", ""associated_with"", ""favorable_further_course""], [""patients_in_VS"", ""had"", ""favorable_further_course""], [""favorable_further_course"", ""until"", ""end_of_observation_period""], [""patients_in_VS"", ""proposed_term"", ""functional_minimally_conscious_state""], [""functional_minimally_conscious_state"", ""may_benefit_from"", ""rehabilitation_treatment""], [""no_significant_activation"", ""has"", ""no_prognostic_value""], [""fMRI"", ""predict"", ""clinical_course_of_patients_in_MCS""], [""prediction_of_clinical_course"", ""less_accurate"", ""in_patients_in_MCS_than_in_VS""]]","[[""fMRI_paradigm_metal_imagery"", ""displays"", ""high_concordance""], [""high_concordance"", ""related_to"", ""clinical_course_of_patients_in_VS""], [""patients_in_VS"", ""show"", ""significant_activation_of_ROIs""], [""significant_activation_of_ROIs"", ""associated_with"", ""favorable_further_course""], [""patients_in_VS"", ""had"", ""favorable_further_course""], [""favorable_further_course"", ""until"", ""end_of_observation_period""], [""patients_in_VS"", ""proposed_term"", ""functional_minimally_conscious_state""], [""functional_minimally_conscious_state"", ""may_benefit_from"", ""rehabilitation_treatment""], [""no_significant_activation"", ""has"", ""no_prognostic_value""], [""fMRI"", ""predict"", ""clinical_course_of_patients_in_MCS""], [""prediction_of_clinical_course"", ""less_accurate"", ""in_patients_in_MCS_than_in_VS""]]",1.0,0.9999999403953552,1.0,1.0,1.0,0.9999999014864652,0.9999999113378187,0.9999999211891721,0.9999999310405256,0.9999999408918792,0.9999999507432327,0.9999999605945861,0.9999999704459396,0.999999980297293,0.9999999901486465,1.0,1.0,0.9999999856682041
102,"The fMRI paradigm mental imagery displays a high concordance with the further clinical course of patients in a VS. All 5 patients in a VS who showed significant activation of ROIs had a favorable further course until the end of the observation period. We therefore propose the term ""functional minimally conscious state"" for these patients. They may benefit from rehabilitation treatment. In cases where no significant activation was seen, the method has no prognostic value. Prediction of the clinical course of patients in an MCS by fMRI was considerably less accurate than in patients in a VS.","The fMRI paradigm mental imagery displays a high concordance with the further clinical course of patients in a VS. a favorable further course had All 5 patients in a VS who showed significant activation of ROIs until the end of the observation period. We therefore propose the term ""functional minimally conscious state"" for these patients. They may benefit from rehabilitation treatment. In cases where no significant activation was seen, the method has no prognostic value. Prediction of the clinical course of patients in an MCS by fMRI was considerably less accurate than in patients in a VS.","[[""fMRI_paradigm_mental_imagery"", ""displays_concordance_with"", ""clinical_course""], [""clinical_course"", ""of_patients"", ""vegetative_state""], [""vegetative_state"", ""patients_show"", ""significant_activation_of_ROIs""], [""significant_activation_of_ROIs"", ""associated_with"", ""favorable_further_course""], [""favorable_further_course"", ""observed_in"", ""5_patients""], [""5_patients"", ""with_significant_activation"", ""had_favorable_outcome""], [""patients"", ""with_no_significant_activation"", ""no_prognostic_value""], [""fMRI"", ""proposed_term"", ""functional_minimally_conscious_state""], [""functional_minimally_conscious_state"", ""benefits_from"", ""rehabilitation_treatment""], [""fMRI"", ""less_accurate_in"", ""MCS_than_VS""]]","[[""fMRI_paradigm_mental_imagery"", ""displays_concordance_with"", ""clinical_course""], [""clinical_course"", ""of_patients"", ""vegetative_state""], [""vegetative_state"", ""patients_show"", ""significant_activation_of_ROIs""], [""significant_activation_of_ROIs"", ""associated_with"", ""favorable_further_course""], [""favorable_further_course"", ""observed_in"", ""5_patients""], [""5_patients"", ""with_significant_activation"", ""had_favorable_outcome""], [""patients"", ""with_no_significant_activation"", ""no_prognostic_value""], [""fMRI"", ""proposed_term"", ""functional_minimally_conscious_state""], [""functional_minimally_conscious_state"", ""benefits_from"", ""rehabilitation_treatment""], [""fMRI"", ""less_accurate_in"", ""MCS_than_VS""]]",1.0,0.9999998807907104,1.0,1.0,1.0,0.9999999981058214,0.9999999982952392,0.9999999984846573,0.9999999986740749,0.9999999988634929,0.9999999990529107,0.9999999992423285,0.9999999994317464,0.9999999996211643,0.9999999998105822,1.0,0.9999999986245083,1.0
103,"The fMRI paradigm mental imagery displays a high concordance with the further clinical course of patients in a VS. All 5 patients in a VS who showed significant activation of ROIs had a favorable further course until the end of the observation period. We therefore propose the term ""functional minimally conscious state"" for these patients. They may benefit from rehabilitation treatment. In cases where no significant activation was seen, the method has no prognostic value. Prediction of the clinical course of patients in an MCS by fMRI was considerably less accurate than in patients in a VS.","A proportionally longer treatment duration was identified as an adverse factor in low-risk patients. Treatment breaks resulting in a NTDR of>/=33% (e.g., four or more breaks during a 40-fraction treatment, 5 d/wk) should be avoided.","[[""fMRI_paradigm_mental_imagery"", ""displays_concordance_with"", ""clinical_course_of_patients""], [""patients_in_a_VS"", ""show"", ""significant_activation_of_ROIs""], [""patients_in_a_VS"", ""have"", ""favorable_further_course""], [""patients_with_significant_activation"", ""benefit_from"", ""rehabilitation_treatment""], [""fMRI"", ""has_no_prognostic_value"", ""in_cases_with_no_significant_activation""], [""fMRI"", ""predicts_clinical_course"", ""in_patients_in_a_VS""], [""fMRI"", ""predicts_clinical_course"", ""in_patients_in_an_MCS""], [""prediction_by_fMRI"", ""is_less_accurate"", ""in_patients_in_an_MCS""]]","[[""proportionally_longer_treatment_duration"", ""is"", ""adverse_factor""], [""proportionally_longer_treatment_duration"", ""affects"", ""low-risk_patients""], [""treatment_breaks"", ""result_in"", ""NTDR_of_/=33%""], [""NTDR_of_/=33%"", ""occurs_with"", ""four_or_more_breaks_during_a_40-fraction_treatment""], [""treatment_breaks"", ""should_be_avoided"", ""in_low-risk_patients""]]",0.21821789023599236,0.0,0.010360900312662125,0.0,0.024056261216234408,0.5904028959671502,0.5337682324920586,0.4771335690169671,0.42049890554187547,0.3638642420667839,0.3072295785916923,0.25059491511660076,0.19396025164150918,0.13732558816641754,0.08069092469132598,0.024056261216234408,0.47214532422065847,0.612494013212092
104,"Emergency laparotomy carries a high rate of mortality, especially in those over the age of 70 years, and more needs to be done to improve outcomes, particularly in this group. This could involve increasing acute surgical care manpower, early recognition of patients requiring emergency surgery, development of clear management protocols for such patients or perhaps even considering centralisation of emergency surgical services to specialist centres with multidisciplinary teams involving emergency surgeons and care of the elderly physicians in hospital and related community outreach services for post-discharge care.","a high rate of mortality, was carryed by Emergency laparotomy. This could involve increasing acute surgical care manpower, early recognition of individuals requiring emergency surgery, development of clear management protocols for such patients or perhaps even considering centralisation of emergency surgical services to specialist centres with multidisciplinary teams involving emergency surgeons and care of the elderly physicians in hospital and related community outreach services for post-discharge care.",[],[],,,,,,,,,,,,,,,,,,
98,"We conclude that GES is more effective in improving long-term GI symptoms and costs, and decreasing use of healthcare resources than intensive medical therapy, in this sample of patients with the symptoms of GP followed for 3 years. Certain patients with GP form a high-risk group in terms of costs, quality of life, morbidity and mortality.","We conclude that GES is more effective in improving long-term GI symptoms and costs, and decreasing use of healthcare resources than intensive medical therapy, in this sample of patients with the symptoms of GP followed for 3 years. a high-risk group form Certain patients with GP in terms of costs, quality of life, morbidity and mortality.","[[""GES"", ""more_effective_than"", ""intensive_medical_therapy""], [""GES"", ""improves"", ""long-term_GI_symptoms""], [""GES"", ""decreases"", ""use_of_healthcare_resources""], [""intensive_medical_therapy"", ""compared_to"", ""GES""], [""patients_with_GP"", ""have"", ""high-risk_group""], [""high-risk_group"", ""associated_with"", ""costs""], [""high-risk_group"", ""associated_with"", ""quality_of_life""], [""high-risk_group"", ""associated_with"", ""morbidity""], [""high-risk_group"", ""associated_with"", ""mortality""], [""patients_with_GP"", ""followed_for"", ""3_years""]]","[[""GES"", ""more_effective_than"", ""intensive_medical_therapy""], [""GES"", ""improves"", ""long-term_GI_symptoms""], [""GES"", ""decreases"", ""use_of_healthcare_resources""], [""intensive_medical_therapy"", ""compared_to"", ""GES""], [""Certain_patients_with_GP"", ""form"", ""high-risk_group""], [""high-risk_group"", ""associated_with"", ""costs""], [""high-risk_group"", ""associated_with"", ""quality_of_life""], [""high-risk_group"", ""associated_with"", ""morbidity""], [""high-risk_group"", ""associated_with"", ""mortality""], [""patients_with_GP"", ""followed_for"", ""3_years""]]",1.0,0.8656051158905029,0.9787324070930481,0.8848947511081307,0.8848947511081307,0.9995676434325059,0.9881003542000684,0.9766330649676309,0.9651657757351934,0.9536984865027558,0.9422311972703183,0.9307639080378808,0.9192966188054432,0.9078293295730057,0.8963620403405681,0.8848947511081307,0.9854235984938284,0.8221577931953801
104,"Emergency laparotomy carries a high rate of mortality, especially in those over the age of 70 years, and more needs to be done to improve outcomes, particularly in this group. This could involve increasing acute surgical care manpower, early recognition of patients requiring emergency surgery, development of clear management protocols for such patients or perhaps even considering centralisation of emergency surgical services to specialist centres with multidisciplinary teams involving emergency surgeons and care of the elderly physicians in hospital and related community outreach services for post-discharge care.","a high rate of mortality, was carryed by Emergency laparotomy. This could involve increasing acute surgical care manpower, early recognition of individuals requiring emergency surgery, development of clear management protocols for such patients or perhaps even considering centralisation of emergency surgical services to specialist centres with multidisciplinary teams involving emergency surgeons and care of the elderly physicians in hospital and related community outreach services for post-discharge care.","[[""Emergency_laparotomy"", ""carries"", ""high_rate_of_mortality""], [""Mortality"", ""particularly_affects"", ""those_over_70""], [""Improving_outcomes"", ""requires"", ""increasing_acute_surgical_care_manpower""], [""Improving_outcomes"", ""requires"", ""early_recognition_of_patients""], [""Improving_outcomes"", ""requires"", ""development_of_clear_management_protocols""], [""Improving_outcomes"", ""requires"", ""centralisation_of_emergency_surgical_services""], [""Specialist_centres"", ""have"", ""multidisciplinary_teams""], [""Multidisciplinary_teams"", ""involve"", ""emergency_surgeons""], [""Multidisciplinary_teams"", ""involve"", ""care_of_the_elderly_physicians""], [""Specialist_centres"", ""provide"", ""hospital_services""], [""Specialist_centres"", ""provide"", ""community_outreach_services""], [""Community_outreach_services"", ""provide"", ""post-discharge_care""]]","[[""Emergency_laparotomy"", ""carries"", ""high_rate_of_mortality""], [""High_rate_of_mortality"", ""can_be_addressed_by"", ""increasing_acute_surgical_care_manpower""], [""High_rate_of_mortality"", ""can_be_addressed_by"", ""early_recognition_of_individuals""], [""High_rate_of_mortality"", ""can_be_addressed_by"", ""development_of_clear_management_protocols""], [""High_rate_of_mortality"", ""can_be_addressed_by"", ""centralisation_of_emergency_surgical_services""], [""Emergency_surgical_services"", ""can_be_centralised_in"", ""specialist_centres""], [""Specialist_centres"", ""have"", ""multidisciplinary_teams""], [""Multidisciplinary_teams"", ""involve"", ""emergency_surgeons""], [""Multidisciplinary_teams"", ""involve"", ""care_of_the_elderly_physicians""], [""Specialist_centres"", ""provide"", ""hospital_services""], [""Specialist_centres"", ""provide"", ""community_outreach_services""], [""Community_outreach_services"", ""provide"", ""post-discharge_care""]]",0.8235321051453478,0.623344361782074,0.9143468141555786,0.701560760020114,0.8006407690254356,0.9722147314267741,0.9550573351866403,0.9378999389465065,0.9207425427063725,0.9035851464662388,0.8864277502261049,0.869270353985971,0.8521129577458371,0.8349555615057033,0.8177981652655694,0.8006407690254356,0.9027672601804322,0.9234117692185934
105,"Emergency laparotomy carries a high rate of mortality, especially in those over the age of 70 years, and more needs to be done to improve outcomes, particularly in this group. This could involve increasing acute surgical care manpower, early recognition of patients requiring emergency surgery, development of clear management protocols for such patients or perhaps even considering centralisation of emergency surgical services to specialist centres with multidisciplinary teams involving emergency surgeons and care of the elderly physicians in hospital and related community outreach services for post-discharge care.","Emergency laparotomy carries a high rate of mortality, especially in those over the age of 110 years, and more needs to be done to improve outcomes, particularly in this group. This could involve increasing acute surgical care manpower, early recognition of patients requiring emergency surgery, development of clear management protocols for such patients or perhaps even considering centralisation of emergency surgical services to specialist centres with multidisciplinary teams involving emergency surgeons and care of the elderly physicians in hospital and related community outreach services for post-discharge care.","[[""Emergency_laparotomy"", ""carries"", ""high_rate_of_mortality""], [""Mortality"", ""especially_in"", ""age_over_70""], [""Improvement"", ""needed"", ""outcomes""], [""Improvement"", ""needed"", ""age_over_70""], [""Improvement"", ""could_involve"", ""increasing_acute_surgical_care_manpower""], [""Improvement"", ""could_involve"", ""early_recognition_of_patients""], [""Improvement"", ""could_involve"", ""development_of_management_protocols""], [""Improvement"", ""could_involve"", ""centralisation_of_emergency_surgical_services""], [""Emergency_surgical_services"", ""could_be"", ""centralised_to_specialist_centres""], [""Specialist_centres"", ""have"", ""multidisciplinary_teams""], [""Multidisciplinary_teams"", ""involve"", ""emergency_surgeons""], [""Multidisciplinary_teams"", ""involve"", ""care_of_the_elderly_physicians""], [""Care_of_the_elderly_physicians"", ""provide"", ""hospital_services""], [""Care_of_the_elderly_physicians"", ""provide"", ""community_outreach_services""], [""Community_outreach_services"", ""for"", ""post-discharge_care""]]","[[""Emergency_laparotomy"", ""carries"", ""high_rate_of_mortality""], [""Mortality"", ""especially_in"", ""age_over_110""], [""Improvement"", ""needed"", ""outcomes""], [""Improvement"", ""needed"", ""age_over_110""], [""Improvement"", ""could_involve"", ""increasing_acute_surgical_care_manpower""], [""Improvement"", ""could_involve"", ""early_recognition_of_patients""], [""Improvement"", ""could_involve"", ""development_of_management_protocols""], [""Improvement"", ""could_involve"", ""centralisation_of_emergency_surgical_services""], [""Emergency_surgical_services"", ""could_be"", ""centralised_to_specialist_centres""], [""Specialist_centres"", ""have"", ""multidisciplinary_teams""], [""Multidisciplinary_teams"", ""involve"", ""emergency_surgeons""], [""Multidisciplinary_teams"", ""involve"", ""care_of_the_elderly_physicians""], [""Care_of_the_elderly_physicians"", ""provide"", ""hospital_services""], [""Care_of_the_elderly_physicians"", ""provide"", ""community_outreach_services""], [""Community_outreach_services"", ""for"", ""post-discharge_care""]]",1.0,0.9914528727531433,0.9923230409622192,0.9035087719298246,1.0,0.9950004208870996,0.9955003787983896,0.9960003367096797,0.9965002946209698,0.9970002525322598,0.9975002104435498,0.9980001683548398,0.9985001262661299,0.9990000841774199,0.9995000420887099,1.0,0.9886125367043849,0.9978954777628777
106,"Emergency laparotomy carries a high rate of mortality, especially in those over the age of 70 years, and more needs to be done to improve outcomes, particularly in this group. This could involve increasing acute surgical care manpower, early recognition of patients requiring emergency surgery, development of clear management protocols for such patients or perhaps even considering centralisation of emergency surgical services to specialist centres with multidisciplinary teams involving emergency surgeons and care of the elderly physicians in hospital and related community outreach services for post-discharge care.","a high rate of mortality, carries Emergency laparotomy especially in those over the age of 70 years, and more needs to be done to improve outcomes, particularly in this group. This could involve increasing acute surgical care manpower, early recognition of patients requiring emergency surgery, development of clear management protocols for such patients or perhaps even considering centralisation of emergency surgical services to specialist centres with multidisciplinary teams involving emergency surgeons and care of the elderly physicians in hospital and related community outreach services for post-discharge care.","[[""Emergency_laparotomy"", ""carries"", ""high_rate_of_mortality""], [""High_rate_of_mortality"", ""especially_in"", ""age_group_over_70""], [""Improvement_of_outcomes"", ""needed"", ""in_age_group_over_70""], [""Improvement_of_outcomes"", ""could_involve"", ""increasing_acute_surgical_care_manpower""], [""Improvement_of_outcomes"", ""could_involve"", ""early_recognition_of_patients""], [""Improvement_of_outcomes"", ""could_involve"", ""development_of_clear_management_protocols""], [""Improvement_of_outcomes"", ""could_involve"", ""centralisation_of_emergency_surgical_services""], [""Specialist_centres"", ""have"", ""multidisciplinary_teams""], [""Multidisciplinary_teams"", ""involve"", ""emergency_surgeons""], [""Multidisciplinary_teams"", ""involve"", ""care_of_the_elderly_physicians""], [""Multidisciplinary_teams"", ""involve"", ""hospital_services""], [""Multidisciplinary_teams"", ""involve"", ""community_outreach_services""], [""Community_outreach_services"", ""provide"", ""post-discharge_care""]]","[[""Emergency_laparotomy"", ""carries"", ""high_rate_of_mortality""], [""High_rate_of_mortality"", ""especially_in"", ""age_group_over_70""], [""Improvement_of_outcomes"", ""needed"", ""in_age_group_over_70""], [""Improvement_of_outcomes"", ""could_involve"", ""increasing_acute_surgical_care_manpower""], [""Improvement_of_outcomes"", ""could_involve"", ""early_recognition_of_patients""], [""Improvement_of_outcomes"", ""could_involve"", ""development_of_clear_management_protocols""], [""Improvement_of_outcomes"", ""could_involve"", ""centralisation_of_emergency_surgical_services""], [""Specialist_centres"", ""have"", ""multidisciplinary_teams""], [""Multidisciplinary_teams"", ""involve"", ""emergency_surgeons""], [""Multidisciplinary_teams"", ""involve"", ""care_of_the_elderly_physicians""], [""Multidisciplinary_teams"", ""involve"", ""hospital_services""], [""Multidisciplinary_teams"", ""involve"", ""community_outreach_services""], [""Community_outreach_services"", ""provide"", ""post-discharge_care""]]",1.0,1.0,0.9999999403953552,1.0,1.0,1.0,1.0,1.0,1.0,1.0,1.0,1.0,1.0,1.0,1.0,1.0,0.9999999881936954,0.9999999869325706
107,"Emergency laparotomy carries a high rate of mortality, especially in those over the age of 70 years, and more needs to be done to improve outcomes, particularly in this group. This could involve increasing acute surgical care manpower, early recognition of patients requiring emergency surgery, development of clear management protocols for such patients or perhaps even considering centralisation of emergency surgical services to specialist centres with multidisciplinary teams involving emergency surgeons and care of the elderly physicians in hospital and related community outreach services for post-discharge care.","Under the conditions of this study, preclerkship (year 2) CPEs strongly predicted medical students at risk for failing a senior CPE. This finding opens the opportunity for remediation of deficits prior to or during clerkships.","[[""Emergency_laparotomy"", ""carries"", ""high_rate_of_mortality""], [""Mortality"", ""higher_in"", ""people_over_70""], [""Improvement_of_outcomes"", ""needed"", ""especially_in_people_over_70""], [""Improvement_of_outcomes"", ""could_involve"", ""increasing_acute_surgical_care_manpower""], [""Improvement_of_outcomes"", ""could_involve"", ""early_recognition_of_patients""], [""Improvement_of_outcomes"", ""could_involve"", ""development_of_management_protocols""], [""Improvement_of_outcomes"", ""could_involve"", ""centralisation_of_emergency_surgical_services""], [""Emergency_surgical_services"", ""could_be_centralised_to"", ""specialist_centres""], [""Specialist_centres"", ""have"", ""multidisciplinary_teams""], [""Multidisciplinary_teams"", ""include"", ""emergency_surgeons""], [""Multidisciplinary_teams"", ""include"", ""care_of_the_elderly_physicians""], [""Specialist_centres"", ""provide"", ""hospital_services""], [""Specialist_centres"", ""provide"", ""community_outreach_services""], [""Community_outreach_services"", ""provide"", ""post-discharge_care""]]","[[""Preclerkship_CPEs"", ""predict"", ""medical_students_at_risk""], [""Medical_students_at_risk"", ""identified"", ""prior_to_clerkships""], [""Preclerkship_CPEs"", ""strongly_predict"", ""failing_a_senior_CPE""], [""Remediation_of_deficits"", ""possible"", ""prior_to_clerkships""], [""Remediation_of_deficits"", ""possible"", ""during_clerkships""], [""Study"", ""finding"", ""opportunity_for_remediation""], [""CPEs"", ""taken"", ""year_2""], [""CPEs"", ""used_for"", ""identifying_medical_students_at_risk""]]",0.0,0.0,0.026766858994960785,0.0,0.0,0.5656440959915979,0.5090796863924382,0.45251527679327835,0.39595086719411854,0.3393864575949587,0.28282204799579896,0.22625763839663918,0.16969322879747942,0.11312881919831956,0.05656440959915978,0.0,0.3905873007870253,0.6117689169540115
108,Early surfactant administration is associated with shorter duration of ventilation but does not appear to be significantly protective against CLD/mortality among premature infants. This may support the growing evidence for consideration of CPAP as an alternative to routine intubation and early surfactant administration. Further investigation from large randomized clinical trials is warranted to confirm these results.,Early surfactant administration is linked with shorter duration of airing but does not appear to be importantly protective against CLD/mortality among premature infants. This may support the growing grounds for consideration of CPAP as an alternative to routine intubation and early surfactant administration. Further investigation from large randomised medical trials is warranted to confirm these findings.,"[[""early_surfactant_administration"", ""associated_with"", ""shorter_duration_of_ventilation""], [""early_surfactant_administration"", ""not_protective_against"", ""CLD/mortality""], [""early_surfactant_administration"", ""compared_to"", ""routine_intubation""], [""CPAP"", ""considered_as"", ""alternative_to_routine_intubation""], [""CPAP"", ""alternative_to"", ""early_surfactant_administration""], [""premature_infants"", ""affected_by"", ""CLD/mortality""], [""randomized_clinical_trials"", ""warranted_to"", ""confirm_results""]]","[[""early_surfactant_administration"", ""linked_with"", ""shorter_duration_of_airing""], [""early_surfactant_administration"", ""not_protective_against"", ""CLD/mortality""], [""early_surfactant_administration"", ""compared_to"", ""routine_intubation""], [""CPAP"", ""considered_as"", ""alternative_to_routine_intubation""], [""CPAP"", ""alternative_to"", ""early_surfactant_administration""], [""premature_infants"", ""affected_by"", ""CLD/mortality""], [""randomised_medical_trials"", ""warranted_to"", ""confirm_findings""]]",0.8240554958966418,0.4520680010318756,0.7015565037727356,0.5740740740740741,0.8445997664172651,0.989279445013794,0.9748114771541411,0.9603435092944882,0.9458755414348352,0.9314075735751823,0.9169396057155295,0.9024716378558766,0.8880036699962237,0.8735357021365708,0.859067734276918,0.8445997664172651,0.964090897249766,0.9690777690740124
109,Early surfactant administration is associated with shorter duration of ventilation but does not appear to be significantly protective against CLD/mortality among premature infants. This may support the growing evidence for consideration of CPAP as an alternative to routine intubation and early surfactant administration. Further investigation from large randomized clinical trials is warranted to confirm these results.,Early surfactant administration is associated with shorter duration of ventilation but does not appear to be significantly protective against CLD/mortality among premature infants. This may support the growing evidence for consideration of AMDA as an alternative to routine intubation and early surfactant administration. Further investigation from large randomized clinical trials is warranted to confirm these results.,"[[""early_surfactant_administration"", ""associated_with"", ""shorter_duration_of_ventilation""], [""early_surfactant_administration"", ""not_significantly_protective_against"", ""CLD/mortality""], [""early_surfactant_administration"", ""alternative"", ""CPAP""], [""CPAP"", ""considered_as"", ""alternative_to_routine_intubation""], [""routine_intubation"", ""compared_to"", ""CPAP""], [""large_randomized_clinical_trials"", ""needed_to"", ""confirm_results""]]","[[""early_surfactant_administration"", ""associated_with"", ""shorter_duration_of_ventilation""], [""early_surfactant_administration"", ""not_significantly_protective_against"", ""CLD/mortality""], [""early_surfactant_administration"", ""alternative"", ""AMDA""], [""AMDA"", ""considered_as"", ""alternative_to_routine_intubation""], [""routine_intubation"", ""compared_to"", ""AMDA""], [""large_randomized_clinical_trials"", ""needed_to"", ""confirm_results""]]",0.7380952380952381,0.9375197291374207,0.968246340751648,0.7708333333333334,0.7370576424228761,0.8948835406925183,0.8791009508655541,0.8633183610385899,0.8475357712116256,0.8317531813846614,0.8159705915576971,0.800188001730733,0.7844054119037687,0.7686228220768045,0.7528402322498403,0.7370576424228761,0.9026196723560737,0.9352396543650601
110,Early surfactant administration is associated with shorter duration of ventilation but does not appear to be significantly protective against CLD/mortality among premature infants. This may support the growing evidence for consideration of CPAP as an alternative to routine intubation and early surfactant administration. Further investigation from large randomized clinical trials is warranted to confirm these results.,Early surfactant administration is associated with shorter duration of ventilation but does not appear to be significantly protective against CLD/mortality among premature infants. the growing evidence for consideration of CPAP may support This as an alternative to routine intubation and early surfactant administration. Further investigation from large randomized clinical trials is warranted to confirm these results.,"[[""early_surfactant_administration"", ""associated_with"", ""shorter_duration_of_ventilation""], [""early_surfactant_administration"", ""not_significantly_protective_against"", ""CLD/mortality""], [""CLD/mortality"", ""occurs_in"", ""premature_infants""], [""CPAP"", ""considered_as"", ""alternative_to_intubation""], [""CPAP"", ""considered_as"", ""alternative_to_early_surfactant_administration""], [""large_randomized_clinical_trials"", ""needed_to"", ""confirm_results""]]","[[""early_surfactant_administration"", ""associated_with"", ""shorter_duration_of_ventilation""], [""early_surfactant_administration"", ""not_significantly_protective_against"", ""CLD/mortality""], [""CLD/mortality"", ""occurs_in"", ""premature_infants""], [""CPAP"", ""considered_as"", ""alternative_to_intubation""], [""CPAP"", ""considered_as"", ""alternative_to_early_surfactant_administration""], [""growing_evidence"", ""supports"", ""consideration_of_CPAP""], [""large_randomized_clinical_trials"", ""needed_to"", ""confirm_results""]]",1.0,0.7461561560630798,0.8766547441482544,0.9045340337332908,1.0,0.99999999815458,0.999999998339122,0.9999999985236641,0.999999998708206,0.9999999988927479,0.99999999907729,0.999999999261832,0.999999999446374,0.999999999630916,0.999999999815458,1.0,0.9999999900658926,0.993705547252134
111,Early surfactant administration is associated with shorter duration of ventilation but does not appear to be significantly protective against CLD/mortality among premature infants. This may support the growing evidence for consideration of CPAP as an alternative to routine intubation and early surfactant administration. Further investigation from large randomized clinical trials is warranted to confirm these results.,"The call for boycott did not affect the campaign significantly. However, if the call for boycott is repeated in future it could have some significant negative implication to polio eradication. It is therefore important to ensure that any vaccine safety issues are addressed accordingly.","[[""early_surfactant_administration"", ""associated_with"", ""shorter_duration_of_ventilation""], [""early_surfactant_administration"", ""not_significantly_protective_against"", ""CLD/mortality""], [""CLD/mortality"", ""affects"", ""premature_infants""], [""CPAP"", ""considered_as"", ""alternative_to_routine_intubation""], [""CPAP"", ""considered_as"", ""alternative_to_early_surfactant_administration""], [""early_surfactant_administration"", ""compared_to"", ""routine_intubation""]]","[[""call_for_boycott"", ""did_not_affect"", ""campaign""], [""call_for_boycott"", ""could_have"", ""negative_implication""], [""negative_implication"", ""affects"", ""polio_eradication""], [""vaccine_safety_issues"", ""need_to_be"", ""addressed""], [""vaccine_safety_issues"", ""related_to"", ""polio_eradication""], [""polio_eradication"", ""goal_of"", ""campaign""]]",0.0,0.0,0.0,0.0,0.0,0.3704097998843611,0.33336881989592504,0.2963278399074889,0.25928685991905276,0.22224587993061667,0.18520489994218056,0.14816391995374445,0.11112293996530835,0.07408195997687221,0.037040979988436105,0.0,0.27791766411030083,0.40715911922044984
112,Hospital preparedness can be better defined by a fixed number of casualties rather than a percentile of its bed capacity. Only 20% of the arriving casualties will require immediate medical treatment. Implementation of this concept may improve the utilisation of national emergency health resources both in the preparation phase and on real time.,Hospital preparedness can be better defined by a fixed number of casualties rather than a centile of its bed capacity. Only 20% of the arriving casualties will require contiguous medical therapy. Implementation of this concept may enhance the use of national emergency wellness resources both in the readying phase and on existent clip.,"[[""hospital_preparedness"", ""better_defined_by"", ""fixed_number_of_casualties""], [""hospital_preparedness"", ""not_better_defined_by"", ""percentile_of_bed_capacity""], [""arriving_casualties"", ""require"", ""immediate_medical_treatment""], [""immediate_medical_treatment"", ""required_by"", ""20_percent_of_arriving_casualties""], [""implementation"", ""improves"", ""utilisation_of_national_emergency_health_resources""], [""utilisation_of_national_emergency_health_resources"", ""improved_in"", ""preparation_phase""], [""utilisation_of_national_emergency_health_resources"", ""improved_in"", ""real_time""]]","[[""hospital_preparedness"", ""better_defined_by"", ""fixed_number_of_casualties""], [""hospital_preparedness"", ""not_better_defined_by"", ""centile_of_bed_capacity""], [""arriving_casualties"", ""require"", ""contiguous_medical_therapy""], [""contiguous_medical_therapy"", ""required_by"", ""20_percent_of_arriving_casualties""], [""implementation"", ""enhances"", ""use_of_national_emergency_wellness_resources""], [""use_of_national_emergency_wellness_resources"", ""enhanced_in"", ""readying_phase""], [""use_of_national_emergency_wellness_resources"", ""enhanced_in"", ""existent_clip""]]",0.4008918628686366,0.07834041118621826,0.6421910524368286,0.25,0.5973191135873606,0.9393982453918907,0.9051903322114376,0.8709824190309847,0.8367745058505316,0.8025665926700787,0.7683586794896256,0.7341507663091726,0.6999428531287196,0.6657349399482666,0.6315270267678136,0.5973191135873606,0.8892242436986562,0.774180164035204
113,Hospital preparedness can be better defined by a fixed number of casualties rather than a percentile of its bed capacity. Only 20% of the arriving casualties will require immediate medical treatment. Implementation of this concept may improve the utilisation of national emergency health resources both in the preparation phase and on real time.,Hospital preparedness can be better defined by a fixed number of casualties rather than a percentile of its bed capacity. Only 30% of the arriving casualties will require immediate medical treatment. Implementation of this concept may improve the utilisation of national emergency health resources both in the preparation phase and on real time.,"[[""hospital_preparedness"", ""defined_by"", ""fixed_number_of_casualties""], [""hospital_preparedness"", ""not_defined_by"", ""percentile_of_bed_capacity""], [""arriving_casualties"", ""require"", ""immediate_medical_treatment""], [""arriving_casualties"", ""percentage_requiring_treatment"", ""20_percent""], [""implementation"", ""improves"", ""utilisation_of_national_emergency_health_resources""], [""utilisation_of_national_emergency_health_resources"", ""improved_in"", ""preparation_phase""], [""utilisation_of_national_emergency_health_resources"", ""improved_in"", ""real_time""]]","[[""hospital_preparedness"", ""defined_by"", ""fixed_number_of_casualties""], [""hospital_preparedness"", ""not_defined_by"", ""percentile_of_bed_capacity""], [""arriving_casualties"", ""require"", ""immediate_medical_treatment""], [""arriving_casualties"", ""percentage_requiring_treatment"", ""30_percent""], [""implementation"", ""improves"", ""utilisation_of_national_emergency_health_resources""], [""utilisation_of_national_emergency_health_resources"", ""improved_in"", ""preparation_phase""], [""utilisation_of_national_emergency_health_resources"", ""improved_in"", ""real_time""]]",1.0,0.9449788331985474,0.976317822933197,0.8166666666666667,1.0,0.9983620766430318,0.9985258689787286,0.9986896613144254,0.9988534536501221,0.9990172459858191,0.9991810383215158,0.9993448306572127,0.9995086229929095,0.9996724153286063,0.9998362076643031,1.0,0.9874818410246601,0.9924170304585844
114,Hospital preparedness can be better defined by a fixed number of casualties rather than a percentile of its bed capacity. Only 20% of the arriving casualties will require immediate medical treatment. Implementation of this concept may improve the utilisation of national emergency health resources both in the preparation phase and on real time.,Hospital preparedness can be better defined by a fixed number of casualties rather than a percentile of its bed capacity. immediate medical treatment will require Only 20% of the arriving casualties. Implementation of this concept may improve the utilisation of national emergency health resources both in the preparation phase and on real time.,"[[""hospital_preparedness"", ""better_defined_by"", ""fixed_number_of_casualties""], [""hospital_preparedness"", ""not_better_defined_by"", ""percentile_of_bed_capacity""], [""arriving_casualties"", ""require"", ""immediate_medical_treatment""], [""arriving_casualties_requiring_immediate_medical_treatment"", ""percentage"", ""20_percent""], [""implementation_of_concept"", ""improves"", ""utilisation_of_national_emergency_health_resources""], [""implementation_of_concept"", ""effective_in"", ""preparation_phase""], [""implementation_of_concept"", ""effective_in"", ""real_time""]]","[[""hospital_preparedness"", ""better_defined_by"", ""fixed_number_of_casualties""], [""hospital_preparedness"", ""not_better_defined_by"", ""percentile_of_bed_capacity""], [""arriving_casualties"", ""require"", ""immediate_medical_treatment""], [""arriving_casualties_requiring_immediate_medical_treatment"", ""percentage"", ""20_percent""], [""implementation_of_concept"", ""improves"", ""utilisation_of_national_emergency_health_resources""], [""implementation_of_concept"", ""effective_in"", ""preparation_phase""], [""implementation_of_concept"", ""effective_in"", ""real_time""]]",1.0,1.0,1.0,1.0,1.0,0.9999999981730779,0.9999999983557701,0.9999999985384624,0.9999999987211545,0.9999999989038467,0.9999999990865389,0.9999999992692312,0.9999999994519233,0.9999999996346156,0.9999999998173078,1.0,0.999999985369769,1.0
115,Hospital preparedness can be better defined by a fixed number of casualties rather than a percentile of its bed capacity. Only 20% of the arriving casualties will require immediate medical treatment. Implementation of this concept may improve the utilisation of national emergency health resources both in the preparation phase and on real time.,"Our study confirms that students are able to identify QA issues and propose solutions. We recommend that students have a formally recognized place in day surgery QA programmes, to close the QA loop and to adequately prepare them for medical practice in the 21st century.","[[""hospital_preparedness"", ""better_defined_by"", ""fixed_number_of_casualties""], [""hospital_preparedness"", ""not_better_defined_by"", ""percentile_of_bed_capacity""], [""arriving_casualties"", ""require"", ""immediate_medical_treatment""], [""immediate_medical_treatment"", ""required_by"", ""20_percent_of_arriving_casualties""], [""implementation_of_concept"", ""improves"", ""utilisation_of_national_emergency_health_resources""], [""utilisation_of_national_emergency_health_resources"", ""improved_in"", ""preparation_phase""], [""utilisation_of_national_emergency_health_resources"", ""improved_in"", ""real_time""]]","[[""study"", ""confirms"", ""students_ability_to_identify_QA_issues""], [""students"", ""propose"", ""solutions""], [""students"", ""should_have"", ""formally_recognized_place_in_day_surgery_QA_programmes""], [""formally_recognized_place_in_day_surgery_QA_programmes"", ""closes"", ""QA_loop""], [""formally_recognized_place_in_day_surgery_QA_programmes"", ""prepares_students_for"", ""medical_practice_in_21st_century""], [""medical_practice"", ""takes_place_in"", ""21st_century""]]",0.0,0.0,0.0,0.0,0.0,0.48014769669673313,0.4321329270270598,0.3841181573573865,0.3361033876877132,0.28808861801803987,0.24007384834836656,0.19205907867869326,0.14404430900901996,0.0960295393393466,0.0480147696696733,0.0,0.3694393280722736,0.5848973729328162
116,Etoricoxib seems effective in preventing heterotopic ossification after total hip arthroplasty. This finding further supports the use of COX-2 inhibitors for the prevention of heterotopic ossification following total hip arthroplasty.,Etoricoxib seems effective in preventing heterotopic ossification after total hip arthroplasty. This finding further supports the use of COX-2 inhibitors for the bar of heterotopic conformity following entire hip arthroplasty.,"[[""Etoricoxib"", ""effective_in"", ""preventing_heterotopic_ossification""], [""Etoricoxib"", ""used_after"", ""total_hip_arthroplasty""], [""COX-2_inhibitors"", ""used_for"", ""prevention_of_heterotopic_ossification""], [""COX-2_inhibitors"", ""used_after"", ""total_hip_arthroplasty""]]","[[""Etoricoxib"", ""effective_in"", ""preventing_heterotopic_ossification""], [""Etoricoxib"", ""used_after"", ""total_hip_arthroplasty""], [""COX-2_inhibitors"", ""used_for"", ""bar_of_heterotopic_conformity""], [""COX-2_inhibitors"", ""used_after"", ""entire_hip_arthroplasty""]]",0.625,0.7881348133087158,0.8290573358535767,0.3042903097250923,0.4507489358552088,0.979196026726806,0.9263513176396462,0.8735066085524865,0.8206618994653267,0.7678171903781671,0.7149724812910074,0.6621277722038477,0.6092830631166879,0.5564383540295282,0.5035936449423686,0.4507489358552088,0.9608027516905153,0.7881593205718854
117,Etoricoxib seems effective in preventing heterotopic ossification after total hip arthroplasty. This finding further supports the use of COX-2 inhibitors for the prevention of heterotopic ossification following total hip arthroplasty.,Etoricoxib seems effective in preventing heterotopic ossification after total hip arthroplasty. This finding further supports the use of COX-3 inhibitors for the prevention of heterotopic ossification following total hip arthroplasty.,"[[""Etoricoxib"", ""seems_effective_in"", ""preventing_heterotopic_ossification""], [""Etoricoxib"", ""used_after"", ""total_hip_arthroplasty""], [""COX-2_inhibitors"", ""used_for"", ""prevention_of_heterotopic_ossification""], [""COX-2_inhibitors"", ""used_after"", ""total_hip_arthroplasty""], [""Heterotopic_ossification"", ""prevented_by"", ""COX-2_inhibitors""]]","[[""Etoricoxib"", ""seems_effective_in"", ""preventing_heterotopic_ossification""], [""Etoricoxib"", ""used_after"", ""total_hip_arthroplasty""], [""COX-3_inhibitors"", ""used_for"", ""prevention_of_heterotopic_ossification""], [""COX-3_inhibitors"", ""used_after"", ""total_hip_arthroplasty""], [""Heterotopic_ossification"", ""prevented_by"", ""COX-3_inhibitors""]]",1.0,0.9830062389373779,0.9599814414978027,0.5833333333333334,1.0,0.9831807008989455,0.9848626308090509,0.9865445607191565,0.9882264906292617,0.9899084205393673,0.9915903504494727,0.9932722803595782,0.9949542102696837,0.9966361401797891,0.9983180700898946,1.0,0.9844797607684469,0.9905490595381936
118,Etoricoxib seems effective in preventing heterotopic ossification after total hip arthroplasty. This finding further supports the use of COX-2 inhibitors for the prevention of heterotopic ossification following total hip arthroplasty.,Etoricoxib seems effective in preventing heterotopic ossification after total hip arthroplasty. the use of COX-2 inhibitors for the prevention of heterotopic ossification following total hip arthroplasty further supports This finding.,"[[""Etoricoxib"", ""seems_effective_in"", ""preventing_heterotopic_ossification""], [""Etoricoxib"", ""used_after"", ""total_hip_arthroplasty""], [""Finding"", ""further_supports"", ""use_of_COX-2_inhibitors""], [""COX-2_inhibitors"", ""used_for"", ""prevention_of_heterotopic_ossification""], [""COX-2_inhibitors"", ""used_after"", ""total_hip_arthroplasty""]]","[[""Etoricoxib"", ""seems_effective_in"", ""preventing_heterotopic_ossification""], [""Etoricoxib"", ""used_after"", ""total_hip_arthroplasty""], [""Use_of_COX-2_inhibitors"", ""further_supports"", ""Finding""], [""COX-2_inhibitors"", ""used_for"", ""prevention_of_heterotopic_ossification""], [""COX-2_inhibitors"", ""used_after"", ""total_hip_arthroplasty""]]",0.3,1.0,1.0,0.7619047619047619,0.7619047619047619,0.9974053308153594,0.9738552739242996,0.95030521703324,0.9267551601421801,0.9032051032511205,0.8796550463600606,0.8561049894690009,0.8325549325779411,0.8090048756868814,0.7854548187958217,0.7619047619047619,0.996103178888734,0.9985043699139446
119,Etoricoxib seems effective in preventing heterotopic ossification after total hip arthroplasty. This finding further supports the use of COX-2 inhibitors for the prevention of heterotopic ossification following total hip arthroplasty.,Hospital preparedness can be better defined by a fixed number of casualties rather than a percentile of its bed capacity. Only 20% of the arriving casualties will require immediate medical treatment. Implementation of this concept may improve the utilisation of national emergency health resources both in the preparation phase and on real time.,"[[""Etoricoxib"", ""effective_in"", ""preventing_heterotopic_ossification""], [""Etoricoxib"", ""used_after"", ""total_hip_arthroplasty""], [""COX-2_inhibitors"", ""used_for"", ""prevention_of_heterotopic_ossification""], [""COX-2_inhibitors"", ""used_after"", ""total_hip_arthroplasty""]]","[[""Hospital_preparedness"", ""defined_by"", ""fixed_number_of_casualties""], [""Hospital_preparedness"", ""not_defined_by"", ""percentile_of_bed_capacity""], [""Arriving_casualties"", ""requires"", ""immediate_medical_treatment""], [""Arriving_casualties"", ""percentage_requiring_treatment"", ""20%""], [""Implementation"", ""improves"", ""utilisation_of_national_emergency_health_resources""], [""Implementation"", ""occurs_in"", ""preparation_phase""], [""Implementation"", ""occurs_in"", ""real_time""]]",0.0,0.0,0.0,0.0,0.0,0.16581959015799907,0.14923763114219918,0.13265567212639925,0.11607371311059934,0.09949175409479945,0.08290979507899954,0.06632783606319963,0.04974587704739973,0.03316391803159981,0.016581959015799903,0.0,0.19174107927811795,0.39225617240598626
120,"Although the SLBM is quite repeatable, it underestimates mesopic pupil size and shows a too wide range of agreement with CIP. SLBM shows low sensitivity in detecting pupils larger than 6 mm, which may be misleading when planning anterior segment surgery. Previous grading-consensus training strategies may increase interrater reproducibility, and compensation for the systematic underestimation could improve accuracy of the SLBM.","mesopic pupil size was underestimated by it. SLBM shows low sensitivity in detecting pupils larger than 6 mm, which may be misleading when planning anterior segment surgery. Previous grading-consensus training strategies may elevate interrater reproducibility, and compensation for the systematic underestimation could enhance accuracy of the SLBM.","[[""SLBM"", ""characterized_by"", ""repeatable""], [""SLBM"", ""underestimates"", ""mesopic_pupil_size""], [""SLBM"", ""shows"", ""low_sensitivity""], [""SLBM"", ""detects"", ""pupils_larger_than_6_mm""], [""low_sensitivity"", ""may_be"", ""misleading""], [""misleading"", ""when_planning"", ""anterior_segment_surgery""], [""previous_grading-consensus_training_strategies"", ""may_increase"", ""interrater_reproducibility""], [""compensation"", ""could_improve"", ""accuracy_of_SLBM""], [""SLBM"", ""shows"", ""wide_range_of_agreement""], [""wide_range_of_agreement"", ""with"", ""CIP""]]","[[""SLBM"", ""underestimates"", ""mesopic_pupil_size""], [""SLBM"", ""shows"", ""low_sensitivity""], [""SLBM"", ""detects"", ""pupils_larger_than_6_mm""], [""low_sensitivity"", ""may_be"", ""misleading""], [""misleading"", ""when_planning"", ""anterior_segment_surgery""], [""previous_grading-consensus_training_strategies"", ""may_elevate"", ""interrater_reproducibility""], [""compensation"", ""could_enhance"", ""accuracy_of_SLBM""]]",0.6751356017927664,0.8039529919624329,0.8583886027336121,0.8039698510314434,0.8039698510314434,0.9560624967120204,0.9408532321439627,0.9256439675759051,0.9104347030078472,0.8952254384397895,0.8800161738717318,0.8648069093036741,0.8495976447356165,0.8343883801675588,0.8191791155995011,0.8039698510314434,0.9099615234760026,0.9590594962097565
121,"Although the SLBM is quite repeatable, it underestimates mesopic pupil size and shows a too wide range of agreement with CIP. SLBM shows low sensitivity in detecting pupils larger than 6 mm, which may be misleading when planning anterior segment surgery. Previous grading-consensus training strategies may increase interrater reproducibility, and compensation for the systematic underestimation could improve accuracy of the SLBM.","Although the SLBM is quite repeatable, it underestimates mesopic pupil size and shows a too wide range of agreement with CIP. SLBM shows low sensitivity in detecting pupils larger than 3 mm, which may be misleading when planning anterior segment surgery. Previous grading-consensus training strategies may increase interrater reproducibility, and compensation for the systematic underestimation could improve accuracy of the SLBM.","[[""SLBM"", ""underestimates"", ""mesopic_pupil_size""], [""SLBM"", ""shows_agreement_with"", ""CIP""], [""SLBM"", ""has_low_sensitivity_in Detecting"", ""pupils_larger_than_6_mm""], [""SLBM"", ""used_in"", ""anterior_segment_surgery""], [""previous_grading-consensus_training_strategies"", ""increase"", ""interrater_reproducibility""], [""compensation_for_systematic_underestimation"", ""improves"", ""accuracy_of_SLBM""]]","[[""SLBM"", ""underestimates"", ""mesopic_pupil_size""], [""SLBM"", ""shows_agreement_with"", ""CIP""], [""SLBM"", ""has_low_sensitivity_in Detecting"", ""pupils_larger_than_3_mm""], [""SLBM"", ""used_in"", ""anterior_segment_surgery""], [""previous_grading-consensus_training_strategies"", ""increase"", ""interrater_reproducibility""], [""compensation_for_systematic_underestimation"", ""improves"", ""accuracy_of_SLBM""]]",1.0,0.9240438938140869,0.9612802863121033,0.7962962962962963,1.0,0.9992882707453125,0.9993594436707812,0.9994306165962501,0.9995017895217186,0.9995729624471875,0.9996441353726562,0.9997153082981249,0.9997864812235937,0.9998576541490625,0.9999288270745312,1.0,0.9974376290308207,0.9981820740662273
122,"Although the SLBM is quite repeatable, it underestimates mesopic pupil size and shows a too wide range of agreement with CIP. SLBM shows low sensitivity in detecting pupils larger than 6 mm, which may be misleading when planning anterior segment surgery. Previous grading-consensus training strategies may increase interrater reproducibility, and compensation for the systematic underestimation could improve accuracy of the SLBM.","Although the SLBM is quite repeatable, mesopic pupil size underestimates it and shows a too wide range of agreement with CIP. SLBM shows low sensitivity in detecting pupils larger than 6 mm, which may be misleading when planning anterior segment surgery. Previous grading-consensus training strategies may increase interrater reproducibility, and compensation for the systematic underestimation could improve accuracy of the SLBM.","[[""SLBM"", ""characterized_by"", ""repeatable""], [""SLBM"", ""underestimates"", ""mesopic_pupil_size""], [""SLBM"", ""shows_agreement_with"", ""CIP""], [""SLBM"", ""has_low_sensitivity_in"", ""detecting_pupils_larger_than_6_mm""], [""detecting_pupils_larger_than_6_mm"", ""important_for"", ""anterior_segment_surgery""], [""previous_grading-consensus_training_strategies"", ""may_increase"", ""interrater_reproducibility""], [""compensation_for_systematic_underestimation"", ""may_improve"", ""accuracy_of_SLBM""]]","[[""SLBM"", ""characterized_by"", ""repeatable""], [""mesopic_pupil_size"", ""underestimates"", ""SLBM""], [""SLBM"", ""shows_agreement_with"", ""CIP""], [""SLBM"", ""has_low_sensitivity_in"", ""detecting_pupils_larger_than_6_mm""], [""detecting_pupils_larger_than_6_mm"", ""important_for"", ""anterior_segment_surgery""], [""previous_grading-consensus_training_strategies"", ""may_increase"", ""interrater_reproducibility""], [""compensation_for_systematic_underestimation"", ""may_improve"", ""accuracy_of_SLBM""]]",1.0,1.0,1.0,1.0,1.0,0.9993636468628699,0.9994272821765829,0.999490917490296,0.9995545528040088,0.999618188117722,0.999681823431435,0.999745458745148,0.999809094058861,0.999872729372574,0.999936364686287,1.0,0.9989474293812537,0.9982707264414878
123,"Although the SLBM is quite repeatable, it underestimates mesopic pupil size and shows a too wide range of agreement with CIP. SLBM shows low sensitivity in detecting pupils larger than 6 mm, which may be misleading when planning anterior segment surgery. Previous grading-consensus training strategies may increase interrater reproducibility, and compensation for the systematic underestimation could improve accuracy of the SLBM.","Our data suggested that visually impaired pedestrians can make accurate and reliable street crossing decisions like those of normally sighted pedestrians. When using auditory information only, all subjects significantly overestimated the vehicular gap time. Our finding that blind pedestrians performed significantly worse than either the normally sighted or visually impaired subjects under the hearing only condition suggested that they may benefit from training to improve their detection ability and/or interpretation of vehicular gap times.","[[""SLBM"", ""characterized_by"", ""repeatable""], [""SLBM"", ""underestimates"", ""mesopic_pupil_size""], [""SLBM"", ""shows"", ""low_sensitivity""], [""SLBM"", ""used_in"", ""detecting_pupils_larger_than_6mm""], [""SLBM"", ""affects"", ""anterior_segment_surgery""], [""previous_grading-consensus_training_strategies"", ""improve"", ""interrater_reproducibility""], [""compensation_for_systematic_underestimation"", ""improve"", ""accuracy_of_SLBM""]]","[[""visually_impaired_pedestrians"", ""make"", ""accurate_street_crossing_decisions""], [""visually_impaired_pedestrians"", ""similar_to"", ""normally_sighted_pedestrians""], [""subjects"", ""overestimate"", ""vehicular_gap_time""], [""subjects"", ""use"", ""auditory_information""], [""blind_pedestrians"", ""perform"", ""worse_than_normally_sighted_pedestrians""], [""blind_pedestrians"", ""perform"", ""worse_than_visually_impaired_pedestrians""], [""blind_pedestrians"", ""benefit_from"", ""training""], [""training"", ""improve"", ""detection_ability""], [""training"", ""improve"", ""interpretation_of_vehicular_gap_times""]]",0.0,0.0,0.0,0.0,0.0,0.48108426447176783,0.43297583802459105,0.3848674115774143,0.33675898513023744,0.28865055868306067,0.24054213223588392,0.19243370578870714,0.14432527934153036,0.09621685289435354,0.04810842644717677,0.0,0.4061402310496942,0.5719140866104772
124,Proportionally fewer elderly patients with OPSCC are being treated than younger individuals. These patients can have significant benefits from aggressive treatments despite their older age as shown by our survival analysis. We recommend the use of objective measures to assess patient fitness to reduce the potential for undertreatment in the elderly population.,Proportionally fewer elderly person with OPSCC are being treated than immature individuals. These patients can have significant welfare from aggressive therapies despite their older age as shown by our survival analysis. We recommend the use of objective measures to assess single fitness to reduce the potential for undertreatment in the elderly population.,"[[""elderly_patients"", ""being_treated"", ""less_than""], [""younger_individuals"", ""being_treated"", ""more_than""], [""elderly_patients"", ""benefit_from"", ""aggressive_treatments""], [""aggressive_treatments"", ""benefit"", ""elderly_patients""], [""survival_analysis"", ""shows"", ""benefits_of_aggressive_treatments""], [""patient_fitness"", ""assessed_by"", ""objective_measures""], [""objective_measures"", ""used_to"", ""assess_patient_fitness""], [""undertreatment"", ""reduced_by"", ""objective_measures""], [""elderly_population"", ""at_risk_of"", ""undertreatment""]]","[[""elderly_person"", ""have"", ""oropharyngeal_squamous_cell_carcinoma""], [""oropharyngeal_squamous_cell_carcinoma"", ""type_of"", ""OPSCC""], [""elderly_person"", ""being_treated"", ""less_than""], [""immature_individuals"", ""being_treated"", ""more_than""], [""elderly_person"", ""benefit_from"", ""aggressive_therapies""], [""aggressive_therapies"", ""benefit"", ""elderly_person""], [""survival_analysis"", ""shows"", ""welfare_of_aggressive_therapies""], [""single_fitness"", ""assessed_by"", ""objective_measures""], [""objective_measures"", ""used_to"", ""assess_single_fitness""], [""undertreatment"", ""reduced_by"", ""objective_measures""], [""elderly_population"", ""at_risk_of"", ""undertreatment""]]",0.7916666666666666,0.5801429152488708,0.7380170226097107,0.3343239249178658,0.9574271077563381,0.9484214425426474,0.9493220090640164,0.9502225755853855,0.9511231421067545,0.9520237086281237,0.9529242751494927,0.9538248416708618,0.954725408192231,0.9556259747136,0.956526541234969,0.9574271077563381,0.9089055916087816,0.8916072427442385
125,Proportionally fewer elderly patients with OPSCC are being treated than younger individuals. These patients can have significant benefits from aggressive treatments despite their older age as shown by our survival analysis. We recommend the use of objective measures to assess patient fitness to reduce the potential for undertreatment in the elderly population.,Proportionally fewer elderly patients with GCA are being treated than younger individuals. These patients can have significant benefits from aggressive treatments despite their older age as shown by our survival analysis. We recommend the use of objective measures to assess patient fitness to reduce the potential for undertreatment in the elderly population.,"[[""elderly_patients_with_OPSCC"", ""treated"", ""less_than""], [""younger_individuals"", ""treated"", ""more_than""], [""elderly_patients"", ""benefit_from"", ""aggressive_treatments""], [""aggressive_treatments"", ""beneficial_for"", ""elderly_patients""], [""survival_analysis"", ""shows_benefit_of"", ""aggressive_treatments""], [""objective_measures"", ""recommended_for"", ""assessing_patient_fitness""], [""patient_fitness"", ""assessed_to"", ""reduce_undertreatment""], [""undertreatment"", ""reduced_in"", ""elderly_population""]]","[[""elderly_patients_with_GCA"", ""treated"", ""less_than""], [""younger_individuals"", ""treated"", ""more_than""], [""elderly_patients"", ""benefit_from"", ""aggressive_treatments""], [""aggressive_treatments"", ""beneficial_for"", ""elderly_patients""], [""survival_analysis"", ""shows_benefit_of"", ""aggressive_treatments""], [""objective_measures"", ""recommended_for"", ""assessing_patient_fitness""], [""patient_fitness"", ""assessed_to"", ""reduce_undertreatment""], [""undertreatment"", ""reduced_in"", ""elderly_population""], [""GCA"", ""type_of"", ""disease""]]",1.0,0.7215032577514648,0.926963210105896,0.8593378488473195,0.9241246724638459,0.992106584663976,0.9853083934439631,0.97851020222395,0.971712011003937,0.964913819783924,0.958115628563911,0.951317437343898,0.9445192461238849,0.9377210549038719,0.9309228636838589,0.9241246724638459,0.9749992240926596,0.9877617847205359
126,Proportionally fewer elderly patients with OPSCC are being treated than younger individuals. These patients can have significant benefits from aggressive treatments despite their older age as shown by our survival analysis. We recommend the use of objective measures to assess patient fitness to reduce the potential for undertreatment in the elderly population.,Proportionally fewer elderly patients with OPSCC are being treated than younger individuals. significant benefits from aggressive treatments can have These patients despite their older age as shown by our survival analysis. We recommend the use of objective measures to assess patient fitness to reduce the potential for undertreatment in the elderly population.,"[[""elderly_patients_with_OPSCC"", ""being_treated"", ""less_than_younger_individuals""], [""elderly_patients"", ""can_have"", ""significant_benefits""], [""significant_benefits"", ""from"", ""aggressive_treatments""], [""aggressive_treatments"", ""benefit_despite"", ""older_age""], [""survival_analysis"", ""shows"", ""benefits_of_aggressive_treatments""], [""objective_measures"", ""recommended_for"", ""assessing_patient_fitness""], [""patient_fitness"", ""assessed_to"", ""reduce_undertreatment""], [""undertreatment"", ""reduced_in"", ""elderly_population""]]","[[""elderly_patients_with_OPSCC"", ""being_treated"", ""less_than_younger_individuals""], [""elderly_patients"", ""can_have"", ""significant_benefits""], [""significant_benefits"", ""from"", ""aggressive_treatments""], [""aggressive_treatments"", ""benefit_despite"", ""older_age""], [""survival_analysis"", ""shows"", ""benefits_of_aggressive_treatments""], [""objective_measures"", ""recommended_for"", ""assessing_patient_fitness""], [""patient_fitness"", ""assessed_to"", ""reduce_undertreatment""], [""undertreatment"", ""reduced_in"", ""elderly_population""]]",1.0,1.0,1.0,1.0,1.0,0.9999999213559083,0.9999999292203174,0.9999999370847268,0.9999999449491357,0.999999952813545,0.9999999606779542,0.9999999685423633,0.9999999764067725,0.9999999842711816,0.9999999921355909,1.0,0.9999999938266618,1.0
127,Proportionally fewer elderly patients with OPSCC are being treated than younger individuals. These patients can have significant benefits from aggressive treatments despite their older age as shown by our survival analysis. We recommend the use of objective measures to assess patient fitness to reduce the potential for undertreatment in the elderly population.,"In patients with clinically apparent unilateral pseudoexfoliation, the lens seems to be more mobile in the affected eye. This results in a shallower anterior chamber when the head is placed in a prone position. Whether this fact might potentially lead to transient pupillary block when engaging in activities such as facing down while reading warrants further study.","[[""elderly_patients"", ""comparison"", ""younger_individuals""], [""elderly_patients"", ""receiving"", ""treatment""], [""younger_individuals"", ""receiving"", ""treatment""], [""elderly_patients"", ""benefit_from"", ""aggressive_treatments""], [""aggressive_treatments"", ""measured_by"", ""survival_analysis""], [""patient_fitness"", ""assessed_by"", ""objective_measures""], [""objective_measures"", ""used_to_reduce"", ""undertreatment""], [""undertreatment"", ""occurs_in"", ""elderly_population""]]","[[""patients"", ""have"", ""clinically_apparent_unilateral_pseudoexfoliation""], [""clinically_apparent_unilateral_pseudoexfoliation"", ""affects"", ""lens""], [""lens"", ""more_mobile_in"", ""affected_eye""], [""affected_eye"", ""has"", ""shallower_anterior_chamber""], [""shallower_anterior_chamber"", ""caused_by"", ""prone_position""], [""prone_position"", ""leads_to"", ""transient_pupillary_block""], [""transient_pupillary_block"", ""occurs_during"", ""facing_down""], [""facing_down"", ""activity"", ""reading""]]",0.0,0.0,0.06240800395607948,0.0,0.027777777777777776,0.3609054972392966,0.3275927252931447,0.2942799533469928,0.26096718140084096,0.22765440945468907,0.1943416375085372,0.1610288655623853,0.12771609361623343,0.09440332167008153,0.061090549723929646,0.027777777777777776,0.3338350055026701,0.4009218254849632
128,"We conclude that routine CXR after bronchoscopy with TBB is necessary only in patients with symptoms suggestive of pneumothorax. In asymptomatic patients, pneumothorax is rare and usually small, so routine CXR is not necessary in this category of patients.","that routine CXR after bronchoscopy with TBB was concluded by We. In asymptomatic individuals, pneumothorax is rare and typically small, so routine CXR is not necessary in this category of patients.","[[""Routine_CXR"", ""necessary_for"", ""patients_with_symptoms""], [""Patients_with_symptoms"", ""have"", ""symptoms_suggestive_of_pneumothorax""], [""Pneumothorax"", ""occurs_in"", ""asymptomatic_patients""], [""Pneumothorax"", ""is_rare_in"", ""asymptomatic_patients""], [""Pneumothorax"", ""is_small_in"", ""asymptomatic_patients""], [""Routine_CXR"", ""not_necessary_for"", ""asymptomatic_patients""]]","[[""We"", ""concluded"", ""routine_CXR_after_bronchoscopy""], [""Pneumothorax"", ""is_rare_in"", ""asymptomatic_individuals""], [""Pneumothorax"", ""is_small_in"", ""asymptomatic_individuals""], [""Routine_CXR"", ""not_necessary_for"", ""asymptomatic_individuals""], [""Bronchoscopy"", ""involves"", ""transbronchial_biopsy""], [""Routine_CXR"", ""considered_after"", ""bronchoscopy_with_TBB""]]",0.14433756729740643,0.0,0.03056224435567856,0.05270462766947299,0.375,0.9639705243888166,0.9050734719499349,0.8461764195110533,0.7872793670721716,0.72838231463329,0.6694852621944083,0.6105882097555266,0.551691157316645,0.4927941048777633,0.43389705243888166,0.375,0.9141287117827788,0.8328579088425715
129,"We conclude that routine CXR after bronchoscopy with TBB is necessary only in patients with symptoms suggestive of pneumothorax. In asymptomatic patients, pneumothorax is rare and usually small, so routine CXR is not necessary in this category of patients.","We conclude that routine CXR after bronchoscopy with EBWL is necessary only in patients with symptoms suggestive of pneumothorax. In asymptomatic patients, pneumothorax is rare and usually small, so routine CXR is not necessary in this category of patients.","[[""routine_CXR"", ""necessary_in"", ""patients_with_symptoms_of_pneumothorax""], [""pneumothorax"", ""rare_in"", ""asymptomatic_patients""], [""pneumothorax"", ""usually_small_in"", ""asymptomatic_patients""], [""routine_CXR"", ""not_necessary_in"", ""asymptomatic_patients""], [""bronchoscopy"", ""includes"", ""transbronchial_biopsy""]]","[[""routine_CXR"", ""necessary_in"", ""patients_with_symptoms_of_pneumothorax""], [""pneumothorax"", ""rare_in"", ""asymptomatic_patients""], [""pneumothorax"", ""usually_small_in"", ""asymptomatic_patients""], [""routine_CXR"", ""not_necessary_in"", ""asymptomatic_patients""], [""bronchoscopy"", ""includes"", ""EBWL""]]",0.6333333333333333,0.9627926349639893,0.9412400126457214,0.6944444444444444,0.6944444444444444,0.9774718546746799,0.9491691136516563,0.9208663726286328,0.8925636316056091,0.8642608905825857,0.8359581495595622,0.8076554085365386,0.7793526675135151,0.7510499264904915,0.722747185467468,0.6944444444444444,0.9321187498579345,0.9471965143554576
130,"We conclude that routine CXR after bronchoscopy with TBB is necessary only in patients with symptoms suggestive of pneumothorax. In asymptomatic patients, pneumothorax is rare and usually small, so routine CXR is not necessary in this category of patients.","that routine CXR after bronchoscopy with TBB conclude We is necessary only in patients with symptoms suggestive of pneumothorax. In asymptomatic patients, pneumothorax is rare and usually small, so routine CXR is not necessary in this category of patients.","[[""Routine_CXR"", ""necessary_in"", ""patients_with_symptoms""], [""Patients_with_symptoms"", ""have"", ""pneumothorax""], [""Pneumothorax"", ""occurs_in"", ""asymptomatic_patients""], [""Pneumothorax"", ""size"", ""small""], [""Routine_CXR"", ""not_necessary_in"", ""asymptomatic_patients""]]","[[""Routine_CXR"", ""necessary_in"", ""patients_with_symptoms""], [""Patients_with_symptoms"", ""have"", ""pneumothorax""], [""Pneumothorax"", ""occurs_in"", ""asymptomatic_patients""], [""Pneumothorax"", ""size"", ""small""], [""Routine_CXR"", ""not_necessary_in"", ""asymptomatic_patients""]]",1.0,1.0,1.0,1.0,1.0,0.9999999234211209,0.9999999310790088,0.9999999387368967,0.9999999463947846,0.9999999540526725,0.9999999617105604,0.9999999693684484,0.9999999770263363,0.9999999846842242,0.9999999923421121,1.0,1.0,1.0
131,"We conclude that routine CXR after bronchoscopy with TBB is necessary only in patients with symptoms suggestive of pneumothorax. In asymptomatic patients, pneumothorax is rare and usually small, so routine CXR is not necessary in this category of patients.","The continuity-of-care experiences of vascular trainees are suboptimal. This is especially true for postoperative clinic assessment. Same-day admission surgery accounted for most of the cases and was associated with the poorest continuity of care. To provide complete surgical training in an era of changing therapeutic modalities and same-day admission surgery, vascular programs must be creative in structuring training to include adequate ambulatory experience.","[[""routine_CXR"", ""necessary_for"", ""patients_with_symptoms""], [""patients_with_symptoms"", ""have"", ""pneumothorax""], [""asymptomatic_patients"", ""have"", ""rare_pneumothorax""], [""rare_pneumothorax"", ""size"", ""small""], [""asymptomatic_patients"", ""do_not_require"", ""routine_CXR""], [""bronchoscopy"", ""includes"", ""transbronchial_biopsy""], [""routine_CXR"", ""performed_after"", ""bronchoscopy""], [""routine_CXR"", ""performed_after"", ""transbronchial_biopsy""]]","[[""vascular_trainees"", ""experience"", ""suboptimal_continuity_of_care""], [""postoperative_clinic_assessment"", ""part_of"", ""continuity_of_care""], [""same-day_admission_surgery"", ""accounts_for"", ""most_cases""], [""same-day_admission_surgery"", ""associated_with"", ""poorest_continuity_of_care""], [""vascular_programs"", ""must_provide"", ""complete_surgical_training""], [""complete_surgical_training"", ""includes"", ""ambulatory_experience""], [""same-day_admission_surgery"", ""part_of"", ""changing_therapeutic_modalities""], [""vascular_programs"", ""need_to_be"", ""creative_in_structuring_training""]]",0.0,0.0,0.18422654271125793,0.0,0.0,0.42779474960846464,0.3850152746476182,0.34223579968677176,0.2994563247259252,0.25667684976507876,0.21389737480423232,0.17111789984338588,0.1283384248825394,0.08555894992169291,0.042779474960846456,0.0,0.3460448068645716,0.6250997004887149
132,"BPPV is associated with positive viral serology, particularly during certain months of the year, mainly in spring and autumn. Viral infection might promote BPPV attacks due to the development of vestibulopathy or induce secondary BPPV via viral infection-related neurolabyrinthitis.","BPPV is linked with convinced viral serology, particularly during certain months of the year, chiefly in spring and fall. Viral infection might promote BPPV attacks due to the development of vestibulopathy or induce secondary BPPV via viral contagion-related neurolabyrinthitis.","[[""BPPV"", ""associated_with"", ""positive_viral_serology""], [""positive_viral_serology"", ""occurs_during"", ""spring""], [""positive_viral_serology"", ""occurs_during"", ""autumn""], [""viral_infection"", ""promotes"", ""BPPV_attacks""], [""viral_infection"", ""induces"", ""vestibulopathy""], [""vestibulopathy"", ""contributes_to"", ""BPPV_attacks""], [""viral_infection"", ""induces"", ""neurolabyrinthitis""], [""neurolabyrinthitis"", ""contributes_to"", ""secondary_BPPV""]]","[[""BPPV"", ""linked_with"", ""convinced_viral_serology""], [""convinced_viral_serology"", ""occurs_during"", ""spring""], [""convinced_viral_serology"", ""occurs_during"", ""fall""], [""viral_infection"", ""promotes"", ""BPPV_attacks""], [""viral_infection"", ""induces"", ""vestibulopathy""], [""vestibulopathy"", ""contributes_to"", ""BPPV_attacks""], [""viral_contagion"", ""induces"", ""neurolabyrinthitis""], [""neurolabyrinthitis"", ""contributes_to"", ""secondary_BPPV""]]",1.0,0.47556647658348083,0.8308744430541992,0.5621826951410452,0.8608422519347255,0.9751200287866001,0.9636922511014127,0.9522644734162253,0.9408366957310377,0.9294089180458502,0.9179811403606628,0.9065533626754754,0.8951255849902879,0.8836978073051005,0.872270029619913,0.8608422519347255,0.9507047819344927,0.9518826524793714
133,"BPPV is associated with positive viral serology, particularly during certain months of the year, mainly in spring and autumn. Viral infection might promote BPPV attacks due to the development of vestibulopathy or induce secondary BPPV via viral infection-related neurolabyrinthitis.","SIB is associated with positive viral serology, particularly during certain months of the year, mainly in spring and autumn. Viral infection might promote BPPV attacks due to the development of vestibulopathy or induce secondary BPPV via viral infection-related neurolabyrinthitis.","[[""BPPV"", ""associated_with"", ""positive_viral_serology""], [""positive_viral_serology"", ""occurs_during"", ""spring""], [""positive_viral_serology"", ""occurs_during"", ""autumn""], [""viral_infection"", ""promotes"", ""BPPV_attacks""], [""viral_infection"", ""induces"", ""secondary_BPPV""], [""viral_infection"", ""causes"", ""vestibulopathy""], [""vestibulopathy"", ""contributes_to"", ""BPPV_attacks""], [""viral_infection"", ""causes"", ""neurolabyrinthitis""], [""neurolabyrinthitis"", ""contributes_to"", ""secondary_BPPV""]]","[[""SIB"", ""associated_with"", ""positive_viral_serology""], [""positive_viral_serology"", ""occurs_during"", ""spring""], [""positive_viral_serology"", ""occurs_during"", ""autumn""], [""viral_infection"", ""promotes"", ""BPPV_attacks""], [""viral_infection"", ""induces"", ""secondary_BPPV""], [""viral_infection"", ""causes"", ""vestibulopathy""], [""vestibulopathy"", ""contributes_to"", ""BPPV_attacks""], [""viral_infection"", ""causes"", ""neurolabyrinthitis""], [""neurolabyrinthitis"", ""contributes_to"", ""secondary_BPPV""]]",0.7222222222222222,0.9457116723060608,0.9778313040733337,0.8888888888888888,0.9451080185178129,0.9954551440904016,0.9904204315331427,0.9853857189758839,0.9803510064186249,0.9753162938613661,0.9702815813041072,0.9652468687468484,0.9602121561895895,0.9551774436323306,0.9501427310750717,0.9451080185178129,0.9832108838397593,0.9764004403399695
134,"BPPV is associated with positive viral serology, particularly during certain months of the year, mainly in spring and autumn. Viral infection might promote BPPV attacks due to the development of vestibulopathy or induce secondary BPPV via viral infection-related neurolabyrinthitis.","BPPV is associated with positive viral serology, particularly during certain months of the year, mainly in spring and autumn. BPPV attacks might promote Viral infection due to the development of vestibulopathy or induce secondary BPPV via viral infection-related neurolabyrinthitis.","[[""BPPV"", ""associated_with"", ""positive_viral_serology""], [""positive_viral_serology"", ""occurs_during"", ""spring""], [""positive_viral_serology"", ""occurs_during"", ""autumn""], [""viral_infection"", ""promotes"", ""BPPV_attacks""], [""viral_infection"", ""induces"", ""secondary_BPPV""], [""viral_infection"", ""causes"", ""neurolabyrinthitis""], [""vestibulopathy"", ""develops_due_to"", ""viral_infection""]]","[[""BPPV"", ""associated_with"", ""positive_viral_serology""], [""positive_viral_serology"", ""occurs_during"", ""spring""], [""positive_viral_serology"", ""occurs_during"", ""autumn""], [""BPPV_attacks"", ""promote"", ""viral_infection""], [""BPPV_attacks"", ""induce"", ""secondary_BPPV""], [""viral_infection"", ""related_to"", ""neurolabyrinthitis""], [""vestibulopathy"", ""develops_due_to"", ""viral_infection""]]",0.8611111111111112,1.0,0.9999999403953552,0.8148148148148148,0.8148148148148148,0.9946281203755354,0.9766467898194634,0.9586654592633913,0.9406841287073191,0.9227027981512471,0.9047214675951751,0.886740137039103,0.8687588064830309,0.850777475926959,0.8327961453708868,0.8148148148148148,0.9690234613885929,0.9766783105273792
135,"BPPV is associated with positive viral serology, particularly during certain months of the year, mainly in spring and autumn. Viral infection might promote BPPV attacks due to the development of vestibulopathy or induce secondary BPPV via viral infection-related neurolabyrinthitis.","Center differences in enteral feeding advancement occur and may have a significant impact on short-term outcomes such as nosocomial sepsis. Large, multicenter, prospective trials are required to further elucidate the optimal feeding strategy for VLBW infants.","[[""BPPV"", ""associated_with"", ""positive_viral_serology""], [""positive_viral_serology"", ""occurs_during"", ""spring""], [""positive_viral_serology"", ""occurs_during"", ""autumn""], [""viral_infection"", ""promotes"", ""BPPV_attacks""], [""viral_infection"", ""leads_to"", ""vestibulopathy""], [""vestibulopathy"", ""contributes_to"", ""BPPV_attacks""], [""viral_infection"", ""induces"", ""neurolabyrinthitis""], [""neurolabyrinthitis"", ""leads_to"", ""BPPV""]]","[[""center_differences"", ""occur_in"", ""enteral_feeding_advancement""], [""enteral_feeding_advancement"", ""affects"", ""short-term_outcomes""], [""short-term_outcomes"", ""include"", ""nosocomial_sepsis""], [""multicenter_trials"", ""required_for"", ""optimal_feeding_strategy""], [""optimal_feeding_strategy"", ""for"", ""VLBW_infants""], [""prospective_trials"", ""required_for"", ""optimal_feeding_strategy""], [""large_trials"", ""required_for"", ""optimal_feeding_strategy""]]",0.0,0.0,0.009933128952980042,0.0,0.0,0.4007774524830376,0.3606997072347338,0.3206219619864301,0.2805442167381263,0.24046647148982253,0.2003887262415188,0.16031098099321506,0.1202332357449113,0.0801554904966075,0.04007774524830375,0.0,0.3180940565637487,0.2755119545852289
136,ECL assays improved the ability to predict time to diabetes in these autoantibody-positive relatives at risk for developing diabetes. These findings might be helpful in the design and eligibility criteria for prevention trials in the future.,ECL assays improved the power to predict time to diabetes in these autoantibody-convinced relatives at chance for developing diabetes. These findings might be helpful in the design and eligibility criteria for prevention test in the future.,"[[""ECL_assays"", ""improved"", ""ability_to_predict_time_to_diabetes""], [""autoantibody-positive_relatives"", ""at_risk_for"", ""developing_diabetes""], [""ECL_assays"", ""helpful_for"", ""design_of_prevention_trials""], [""ECL_assays"", ""helpful_for"", ""eligibility_criteria_for_prevention_trials""], [""prevention_trials"", ""take_place"", ""in_the_future""]]","[[""ECL_assays"", ""improved"", ""power_to_predict_time_to_diabetes""], [""autoantibody-convinced_relatives"", ""at_chance_for"", ""developing_diabetes""], [""ECL_assays"", ""helpful_for"", ""design_of_prevention_test""], [""ECL_assays"", ""helpful_for"", ""eligibility_criteria_for_prevention_test""], [""prevention_test"", ""take_place"", ""in_the_future""]]",1.0,0.6628285050392151,0.64621502161026,0.2708333333333333,0.8777338244973055,0.9547530312314849,0.947051110558067,0.9393491898846491,0.931647269211231,0.9239453485378131,0.9162434278643952,0.9085415071909773,0.9008395865175594,0.8931376658441414,0.8854357451707234,0.8777338244973055,0.923163058145089,0.9505045235547421
137,ECL assays improved the ability to predict time to diabetes in these autoantibody-positive relatives at risk for developing diabetes. These findings might be helpful in the design and eligibility criteria for prevention trials in the future.,ICH assays improved the ability to predict time to diabetes in these autoantibody-positive relatives at risk for developing diabetes. These findings might be helpful in the design and eligibility criteria for prevention trials in the future.,"[[""ECL_assays"", ""improved"", ""ability_to_predict_time_to_diabetes""], [""ECL_assays"", ""used_for"", ""autoantibody-positive_relatives""], [""autoantibody-positive_relatives"", ""at_risk_for"", ""developing_diabetes""], [""findings"", ""might_be_helpful_in"", ""design_of_prevention_trials""], [""findings"", ""might_be_helpful_in"", ""eligibility_criteria_for_prevention_trials""]]","[[""ICH_assays"", ""improved"", ""ability_to_predict_time_to_diabetes""], [""ICH_assays"", ""used_for"", ""autoantibody-positive_relatives""], [""autoantibody-positive_relatives"", ""at_risk_for"", ""developing_diabetes""], [""findings"", ""might_be_helpful_in"", ""design_of_prevention_trials""], [""findings"", ""might_be_helpful_in"", ""eligibility_criteria_for_prevention_trials""]]",0.8333333333333334,0.9753722548484802,0.9764710664749146,0.8571428571428571,0.8571428571428571,0.9368455978470488,0.9288753237766296,0.9209050497062106,0.9129347756357913,0.9049645015653721,0.896994227494953,0.8890239534245338,0.8810536793541146,0.8730834052836954,0.8651131312132763,0.8571428571428571,0.9327420560820268,0.938521512583419
138,ECL assays improved the ability to predict time to diabetes in these autoantibody-positive relatives at risk for developing diabetes. These findings might be helpful in the design and eligibility criteria for prevention trials in the future.,the ability to predict time to diabetes in these autoantibody-positive relatives at risk for developing diabetes improved ECL assays. These findings might be helpful in the design and eligibility criteria for prevention trials in the future.,"[[""ECL_assays"", ""improved"", ""ability_to_predict_time_to_diabetes""], [""autoantibody-positive_relatives"", ""at_risk_for"", ""developing_diabetes""], [""ECL_assays"", ""helpful_in"", ""design_of_prevention_trials""], [""ECL_assays"", ""helpful_in"", ""eligibility_criteria_for_prevention_trials""]]","[[""ECL_assays"", ""improved"", ""ability_to_predict_time_to_diabetes""], [""autoantibody-positive_relatives"", ""at_risk_for"", ""developing_diabetes""], [""ECL_assays"", ""helpful_in"", ""design_of_prevention_trials""], [""ECL_assays"", ""helpful_in"", ""eligibility_criteria_for_prevention_trials""]]",1.0,1.0,1.0,1.0,1.0,0.9999999985023886,0.9999999986521497,0.999999998801911,0.9999999989516719,0.9999999991014332,0.9999999992511943,0.9999999994009554,0.9999999995507166,0.9999999997004777,0.9999999998502389,1.0,0.9999999284744192,0.9999999878936564
139,ECL assays improved the ability to predict time to diabetes in these autoantibody-positive relatives at risk for developing diabetes. These findings might be helpful in the design and eligibility criteria for prevention trials in the future.,This study demonstrates that laser pretreatment significantly increases absorption of topical lidocaine so that it is detectable in the blood and that manipulating laser settings can affect drug absorption. Future work will look at translating this effect into clinical benefit.,"[[""ECL_assays"", ""improved"", ""prediction_of_time_to_diabetes""], [""autoantibody-positive_relatives"", ""at_risk_for"", ""developing_diabetes""], [""findings"", ""might_be_helpful_in"", ""design_of_prevention_trials""], [""findings"", ""might_be_helpful_in"", ""eligibility_criteria_for_prevention_trials""]]","[[""laser_pretreatment"", ""increases"", ""absorption_of_topical_lidocaine""], [""topical_lidocaine"", ""detectable_in"", ""blood""], [""laser_settings"", ""can_affect"", ""drug_absorption""], [""study"", ""demonstrates"", ""effect_of_laser_pretreatment_on_drug_absorption""], [""future_work"", ""will_look_at"", ""translating_effect_into_clinical_benefit""]]",0.0,0.0,0.0,0.0,0.0,0.5186108848516373,0.46674979636647357,0.4148887078813099,0.3630276193961461,0.3111665309109824,0.25930544242581866,0.20744435394065494,0.15558326545549123,0.10372217697032744,0.05186108848516372,0.0,0.3665762260601198,0.5018113092829757
140,"In summary, we report an overall improvement and high technical success rate for peripherial PTA. The use of hydrophilic guidewires made significant difference to the technical success rate of PTA, especially in occlusion and more complicated lesions.","In summary, we document an overall betterment and high technical success rate for peripherial PTA. The use of hydrophilic guidewires made substantial difference to the proficient achiever rate of PTA, especially in occlusion and more complicated wound.","[[""hydrophilic_guidewires"", ""improved"", ""technical_success_rate_of_PTA""], [""hydrophilic_guidewires"", ""made_difference_in"", ""occlusion""], [""hydrophilic_guidewires"", ""made_difference_in"", ""complicated_lesions""], [""peripherial_PTA"", ""has"", ""high_technical_success_rate""]]","[[""hydrophilic_guidewires"", ""made_substantial_difference_to"", ""proficient_achiever_rate_of_PTA""], [""hydrophilic_guidewires"", ""made_substantial_difference_in"", ""occlusion""], [""hydrophilic_guidewires"", ""made_substantial_difference_in"", ""complicated_wound""], [""peripherial_PTA"", ""has"", ""high_technical_success_rate""], [""peripherial_PTA"", ""experienced"", ""overall_betterment""]]",1.0,0.5203038454055786,0.6806237697601318,0.3600411499115478,1.0,0.9688160001820526,0.9719344001638474,0.9750528001456422,0.9781712001274367,0.9812896001092316,0.9844080000910262,0.987526400072821,0.9906448000546157,0.9937632000364105,0.9968816000182052,1.0,0.888756202926042,0.9297418458143639
141,"In summary, we report an overall improvement and high technical success rate for peripherial PTA. The use of hydrophilic guidewires made significant difference to the technical success rate of PTA, especially in occlusion and more complicated lesions.","In summary, we report an overall improvement and high technical success rate for peripherial Systemic Inflammatory Response Syndrome. The use of hydrophilic guidewires made significant difference to the technical success rate of PTA, especially in occlusion and more complicated lesions.","[[""hydrophilic_guidewires"", ""used_for"", ""peripherial_PTA""], [""hydrophilic_guidewires"", ""improve"", ""technical_success_rate_of_PTA""], [""peripherial_PTA"", ""has"", ""technical_success_rate""], [""hydrophilic_guidewires"", ""effective_in"", ""occlusion""], [""hydrophilic_guidewires"", ""effective_in"", ""complicated_lesions""]]","[[""hydrophilic_guidewires"", ""used_for"", ""PTA""], [""hydrophilic_guidewires"", ""improve"", ""technical_success_rate_of_PTA""], [""peripherial_Systemic_Inflammatory_Response_Syndrome"", ""has"", ""technical_success_rate""], [""hydrophilic_guidewires"", ""effective_in"", ""occlusion""], [""hydrophilic_guidewires"", ""effective_in"", ""complicated_lesions""]]",0.6463931265677831,0.9323679208755493,0.904475212097168,0.6429306248420497,0.6588078458684123,0.9603966068346406,0.9302377307380177,0.9000788546413949,0.869919978544772,0.8397611024481493,0.8096022263515265,0.7794433502549036,0.7492844741582808,0.719125598061658,0.6889667219650352,0.6588078458684123,0.9317423705476595,0.7691242403319012
142,"In summary, we report an overall improvement and high technical success rate for peripherial PTA. The use of hydrophilic guidewires made significant difference to the technical success rate of PTA, especially in occlusion and more complicated lesions.","In summary, an overall improvement and high technical success rate for peripherial PTA report we. The use of hydrophilic guidewires made significant difference to the technical success rate of PTA, especially in occlusion and more complicated lesions.","[[""hydrophilic_guidewires"", ""used_in"", ""peripherial_PTA""], [""hydrophilic_guidewires"", ""improved"", ""technical_success_rate_of_PTA""], [""peripherial_PTA"", ""has"", ""technical_success_rate""], [""hydrophilic_guidewires"", ""effective_in"", ""occlusion""], [""hydrophilic_guidewires"", ""effective_in"", ""complicated_lesions""]]","[[""hydrophilic_guidewires"", ""used_in"", ""peripherial_PTA""], [""hydrophilic_guidewires"", ""improved"", ""technical_success_rate_of_PTA""], [""peripherial_PTA"", ""has"", ""technical_success_rate""], [""hydrophilic_guidewires"", ""effective_in"", ""occlusion""], [""hydrophilic_guidewires"", ""effective_in"", ""complicated_lesions""]]",1.0,1.0,0.9999998807907104,1.0,1.0,0.99999999836177,0.999999998525593,0.9999999986894161,0.9999999988532389,0.999999999017062,0.999999999180885,0.999999999344708,0.999999999508531,0.999999999672354,0.999999999836177,1.0,0.9999999916553497,1.0
143,"In summary, we report an overall improvement and high technical success rate for peripherial PTA. The use of hydrophilic guidewires made significant difference to the technical success rate of PTA, especially in occlusion and more complicated lesions.","Actinobaculum schaalii is CO(2)-dependent. Therefore, if there are clinical symptoms and/or a negative culture despite the presence of leucocytes in the urine, Gram staining and incubation in 5% CO(2) or species-specific real-time PCR should be performed to identify A. schaalii.","[[""hydrophilic_guidewires"", ""improved"", ""technical_success_rate_of_PTA""], [""peripherial_PTA"", ""showed"", ""high_technical_success_rate""], [""hydrophilic_guidewires"", ""made_difference_in"", ""occlusion""], [""hydrophilic_guidewires"", ""made_difference_in"", ""complicated_lesions""]]","[[""Actinobaculum_schaalii"", ""dependent_on"", ""CO(2)""], [""Actinobaculum_schaalii"", ""identified_by"", ""Gram_staining""], [""Actinobaculum_schaalii"", ""identified_by"", ""incubation_in_5%_CO(2)""], [""Actinobaculum_schaalii"", ""identified_by"", ""species-specific_real-time_PCR""], [""clinical_symptoms"", ""associated_with"", ""Actinobaculum_schaalii""], [""negative_culture"", ""associated_with"", ""Actinobaculum_schaalii""], [""leucocytes_in_urine"", ""associated_with"", ""Actinobaculum_schaalii""]]",0.0,0.0,0.07678820192813873,0.0,0.0,0.19796831160462314,0.17817148044416084,0.15837464928369852,0.1385778181232362,0.11878098696277388,0.09898415580231157,0.07918732464184926,0.05939049348138695,0.03959366232092462,0.01979683116046231,0.0,0.24374044516230103,0.3233633363820322
144,"Mucosal redundancy is a constant associated finding in IHPS. Although the origin of the redundancy and a cause-and-effect relationship are difficult to establish, our findings support the hypothesis that hypergastrinemia may be implicated in the pathogenesis of IHPS, and suggest that mucosal thickening could be implicated as one of the initiating factors in its development.","Mucosal redundance is a constant linked finding in IHPS. Although the beginning of the redundancy and a induce-and-consequence relationship are hard to establish, our findings support the possibility that hypergastrinemia may be implicated in the pathogenesis of IHPS, and indicate that mucosal thickening could be implicated as one of the initiating component in its evolution.","[[""Mucosal_redundancy"", ""finding_in"", ""IHPS""], [""Mucosal_redundancy"", ""origin"", ""difficult_to-establish""], [""Hypergastrinemia"", ""implicated_in"", ""pathogenesis_of_IHPS""], [""Mucosal_thickening"", ""initiating_factor_in"", ""development_of_IHPS""], [""Mucosal_redundancy"", ""cause-and-effect_relationship"", ""IHPS""]]","[[""Mucosal_redundance"", ""finding_in"", ""IHPS""], [""Mucosal_redundance"", ""beginning"", ""hard_to-establish""], [""Hypergastrinemia"", ""implicated_in"", ""pathogenesis_of_IHPS""], [""Mucosal_thickening"", ""initiating_component_in"", ""evolution_of_IHPS""], [""Mucosal_redundance"", ""induce-and-consequence_relationship"", ""IHPS""]]",1.0,0.06703118234872818,0.5700951814651489,0.4523809523809524,0.7769269722967449,0.977062902273958,0.9570493092762368,0.9370357162785153,0.917022123280794,0.8970085302830728,0.8769949372853514,0.8569813442876302,0.8369677512899089,0.8169541582921875,0.7969405652944662,0.7769269722967449,0.9028161237851346,0.9196214596181101
145,"Mucosal redundancy is a constant associated finding in IHPS. Although the origin of the redundancy and a cause-and-effect relationship are difficult to establish, our findings support the hypothesis that hypergastrinemia may be implicated in the pathogenesis of IHPS, and suggest that mucosal thickening could be implicated as one of the initiating factors in its development.","Mucosal redundancy is a constant associated finding in SSDH. Although the origin of the redundancy and a cause-and-effect relationship are difficult to establish, our findings support the hypothesis that hypergastrinemia may be implicated in the pathogenesis of IHPS, and suggest that mucosal thickening could be implicated as one of the initiating factors in its development.","[[""Mucosal_redundancy"", ""finding_in"", ""IHPS""], [""Mucosal_redundancy"", ""constant"", ""True""], [""Hypergastrinemia"", ""implicated_in"", ""pathogenesis_of_IHPS""], [""Mucosal_thickening"", ""initiating_factor_in"", ""development_of_IHPS""], [""Origin_of_redundancy"", ""established"", ""difficult""], [""Cause-and-effect_relationship"", ""established"", ""difficult""]]","[[""Mucosal_redundancy"", ""finding_in"", ""SSDH""], [""Mucosal_redundancy"", ""constant"", ""True""], [""Hypergastrinemia"", ""implicated_in"", ""pathogenesis_of_IHPS""], [""Mucosal_thickening"", ""initiating_factor_in"", ""development_of_IHPS""], [""Origin_of_redundancy"", ""established"", ""difficult""], [""Cause-and-effect_relationship"", ""established"", ""difficult""]]",0.6481812160876685,0.9242690205574036,0.9885106682777405,0.8166666666666667,0.8367983517440039,0.9850261674454631,0.9702033858753172,0.9553806043051714,0.9405578227350253,0.9257350411648794,0.9109122595947334,0.8960894780245876,0.8812666964544416,0.8664439148842957,0.8516211333141498,0.8367983517440039,0.9668451814972584,0.9793479499985627
146,"Mucosal redundancy is a constant associated finding in IHPS. Although the origin of the redundancy and a cause-and-effect relationship are difficult to establish, our findings support the hypothesis that hypergastrinemia may be implicated in the pathogenesis of IHPS, and suggest that mucosal thickening could be implicated as one of the initiating factors in its development.","Mucosal redundancy is a constant associated finding in IHPS. Although the origin of the redundancy and a cause-and-effect relationship are difficult to establish, the hypothesis that hypergastrinemia may be implicated in the pathogenesis of IHPS support our findings, and suggest that mucosal thickening could be implicated as one of the initiating factors in its development.","[[""Mucosal_redundancy"", ""finding_in"", ""IHPS""], [""Mucosal_redundancy"", ""constant_associated_finding"", ""IHPS""], [""origin_of_redundancy"", ""difficult_to_establish"", ""cause-and-effect_relationship""], [""hypergastrinemia"", ""implicated_in"", ""pathogenesis_of_IHPS""], [""mucosal_thickening"", ""initiating_factor_in"", ""development_of_IHPS""], [""findings"", ""support"", ""hypothesis""], [""hypothesis"", ""hypergastrinemia_implicated"", ""pathogenesis_of_IHPS""]]","[[""Mucosal_redundancy"", ""finding_in"", ""IHPS""], [""Mucosal_redundancy"", ""constant_associated_finding"", ""IHPS""], [""origin_of_redundancy"", ""difficult_to_establish"", ""cause-and-effect_relationship""], [""hypergastrinemia"", ""implicated_in"", ""pathogenesis_of_IHPS""], [""mucosal_thickening"", ""initiating_factor_in"", ""development_of_IHPS""], [""findings"", ""support"", ""hypothesis""], [""hypothesis"", ""hypergastrinemia_implicated"", ""pathogenesis_of_IHPS""]]",1.0,0.9999999403953552,1.0,1.0,1.0,0.9999998945030835,0.9999999050527751,0.9999999156024668,0.9999999261521584,0.9999999367018501,0.9999999472515417,0.9999999578012334,0.9999999683509251,0.9999999789006166,0.9999999894503083,1.0,1.0,0.9999999859880881
147,"Mucosal redundancy is a constant associated finding in IHPS. Although the origin of the redundancy and a cause-and-effect relationship are difficult to establish, our findings support the hypothesis that hypergastrinemia may be implicated in the pathogenesis of IHPS, and suggest that mucosal thickening could be implicated as one of the initiating factors in its development.",This data demonstrates the robust nature of the short stay ward. At these two very different institutions we have shown improved bed efficient and patient care in a cost-effective way. We have also reported on greater parental satisfaction and early return of the child with their family to the community.,"[[""Mucosal_redundancy"", ""found_in"", ""IHPS""], [""Mucosal_redundancy"", ""relationship_with_IHPS"", ""cause_and_effect""], [""Hypergastrinemia"", ""implicated_in"", ""pathogenesis_of_IHPS""], [""Mucosal_thickening"", ""initiating_factor_in"", ""development_of_IHPS""], [""Findings"", ""support"", ""hypothesis_of_hypergastrinemia_in_IHPS""], [""Mucosal_redundancy"", ""constant_associated_finding"", ""IHPS""]]","[[""Short_stay_ward"", ""has"", ""robust_nature""], [""Institutions"", ""number"", ""two""], [""Institutions"", ""difference"", ""very_different""], [""Short_stay_ward"", ""improved"", ""bed_efficient""], [""Short_stay_ward"", ""improved"", ""patient_care""], [""Short_stay_ward"", ""cost-effective"", ""true""], [""Parental_satisfaction"", ""greater"", ""short_stay_ward""], [""Child"", ""early_return"", ""community""], [""Child"", ""return_with"", ""family""], [""Short_stay_ward"", ""reported"", ""greater_parental_satisfaction""]]",0.0,0.0,0.15513849258422852,0.0,0.0,0.22991076473350552,0.20691968826015497,0.18392861178680442,0.16093753531345387,0.13794645884010331,0.11495538236675276,0.09196430589340221,0.06897322942005167,0.0459821529467011,0.02299107647335055,0.0,0.24197756867037143,0.48488360675137476
148,"Among patients receiving MMT and medical care at different sites, documentation of opioid dependence and MMT in the medical record occurs for the majority, but is missing in a substantial number of patients. Most of these patients are prescribed medications that potentially interact with methadone. This study highlights opportunities for improved coordination between medical care and MMT.","Among individuals receiving MMT and medical care at different sites, documentation of opioid dependence and MMT in the medical record occurs for the majority, but is missing in a substantial number of patients. the majority of of these patients are prescribed medications that potentially interact with methadone. opportunities for improved coordination between medical care and MMT were highlighted by This investigation.","[[""patients_receiving_MMT_and_medical_care"", ""have"", ""documentation_of_opioid_dependence""], [""documentation_of_opioid_dependence"", ""occurs_in"", ""medical_record""], [""patients_receiving_MMT_and_medical_care"", ""prescribed"", ""medications""], [""medications"", ""potentially_interact_with"", ""methadone""], [""medical_care"", ""provided_at"", ""different_sites""], [""MMT"", ""provided_at"", ""different_sites""], [""study"", ""highlights"", ""opportunities_for_improved_coordination""], [""opportunities_for_improved_coordination"", ""exist_between"", ""medical_care_and_MMT""]]","[[""individuals_receiving_MMT_and_medical_care"", ""have"", ""documentation_of_opioid_dependence""], [""documentation_of_opioid_dependence"", ""occurs_in"", ""medical_record""], [""individuals_receiving_MMT_and_medical_care"", ""prescribed"", ""medications""], [""medications"", ""potentially_interact_with"", ""methadone""], [""medical_care"", ""provided_at"", ""different_sites""], [""MMT"", ""provided_at"", ""different_sites""], [""investigation"", ""highlights"", ""opportunities_for_improved_coordination""], [""opportunities_for_improved_coordination"", ""exist_between"", ""medical_care_and_MMT""]]",0.8888888888888888,0.8220005035400391,0.9391834735870361,0.8181818181818182,0.9090909090909091,0.9965489672863328,0.9878031614667905,0.9790573556472482,0.9703115498277056,0.9615657440081633,0.9528199381886209,0.9440741323690786,0.9353283265495362,0.9265825207299938,0.9178367149104514,0.9090909090909091,0.9831867261548418,0.7954323827657451
149,"Among patients receiving MMT and medical care at different sites, documentation of opioid dependence and MMT in the medical record occurs for the majority, but is missing in a substantial number of patients. Most of these patients are prescribed medications that potentially interact with methadone. This study highlights opportunities for improved coordination between medical care and MMT.","Among patients receiving AMI and medical care at different sites, documentation of opioid dependence and MMT in the medical record occurs for the majority, but is missing in a substantial number of patients. Most of these patients are prescribed medications that potentially interact with methadone. This study highlights opportunities for improved coordination between medical care and MMT.","[[""patients_receiving_MMT_and_medical_care"", ""receive_treatment_at"", ""different_sites""], [""documentation_of_opioid_dependence"", ""occurs_in"", ""medical_record""], [""documentation_of_MMT"", ""occurs_in"", ""medical_record""], [""patients_receiving_MMT"", ""prescribed"", ""medications""], [""medications"", ""potentially_interact_with"", ""methadone""], [""study"", ""highlights"", ""opportunities_for_improved_coordination""], [""opportunities_for_improved_coordination"", ""exist_between"", ""medical_care_and_MMT""]]","[[""patients_receiving_AMI_and_medical_care"", ""receive_treatment_at"", ""different_sites""], [""documentation_of_opioid_dependence"", ""occurs_in"", ""medical_record""], [""documentation_of_MMT"", ""occurs_in"", ""medical_record""], [""patients_receiving_AMI"", ""prescribed"", ""medications""], [""medications"", ""potentially_interact_with"", ""methadone""], [""study"", ""highlights"", ""opportunities_for_improved_coordination""], [""opportunities_for_improved_coordination"", ""exist_between"", ""medical_care_and_MMT""]]",1.0,0.8672038912773132,0.9305410981178284,0.8181818181818182,0.8123623944599232,0.9725623212914521,0.9565423286082992,0.9405223359251464,0.9245023432419934,0.9084823505588406,0.8924623578756876,0.8764423651925348,0.8604223725093818,0.844402379826229,0.828382387143076,0.8123623944599232,0.9637920294045527,0.9662209503233513
150,"Among patients receiving MMT and medical care at different sites, documentation of opioid dependence and MMT in the medical record occurs for the majority, but is missing in a substantial number of patients. Most of these patients are prescribed medications that potentially interact with methadone. This study highlights opportunities for improved coordination between medical care and MMT.","Among patients receiving MMT and medical care at different sites, documentation of opioid dependence and MMT in the medical record occurs for the majority, but is missing in a substantial number of patients. Most of these patients are prescribed medications that potentially interact with methadone. opportunities for improved coordination between medical care and MMT highlights This study.","[[""patients_receiving_MMT_and_medical_care_at_different_sites"", ""have"", ""documentation_of_opioid_dependence""], [""documentation_of_opioid_dependence"", ""missing_in"", ""substantial_number_of_patients""], [""patients_receiving_MMT_and_medical_care_at_different_sites"", ""prescribed"", ""medications""], [""medications"", ""potentially_interact_with"", ""methadone""], [""coordination_between_medical_care_and_MMT"", ""can_be"", ""improved""]]","[[""patients_receiving_MMT_and_medical_care_at_different_sites"", ""have"", ""documentation_of_opioid_dependence""], [""documentation_of_opioid_dependence"", ""missing_in"", ""substantial_number_of_patients""], [""patients_receiving_MMT_and_medical_care_at_different_sites"", ""prescribed"", ""medications""], [""medications"", ""potentially_interact_with"", ""methadone""], [""opportunities_for_improved_coordination"", ""exist_between"", ""medical_care_and_MMT""], [""This_study"", ""highlights"", ""opportunities_for_improved_coordination""]]",0.6944444444444444,0.5330676436424255,0.6987249851226807,0.6681531047810609,0.7380952380952381,0.9970721527260977,0.9711744612630118,0.9452767697999259,0.9193790783368397,0.8934813868737539,0.8675836954106679,0.841686003947582,0.815788312484496,0.78989062102141,0.7639929295583241,0.7380952380952381,0.9468190604803034,0.9603182340269526
151,"Among patients receiving MMT and medical care at different sites, documentation of opioid dependence and MMT in the medical record occurs for the majority, but is missing in a substantial number of patients. Most of these patients are prescribed medications that potentially interact with methadone. This study highlights opportunities for improved coordination between medical care and MMT.","Results depicted mitochondrial dynamics in vivo as PCD progresses within the lace plant, and highlight the correlation of this organelle with other organelles during developmental PCD. To the best of our knowledge, this is the first report of mitochondria and chloroplasts moving on transvacuolar strands to form a ring structure surrounding the nucleus during developmental PCD. Also, for the first time, we have shown the feasibility for the use of CsA in a whole plant system. Overall, our findings implicate the mitochondria as playing a critical and early role in developmentally regulated PCD in the lace plant.","[[""patients_receiving_MMT"", ""receive_medical_care_at"", ""different_sites""], [""patients_receiving_MMT"", ""have"", ""opioid_dependence""], [""opioid_dependence"", ""documented_in"", ""medical_record""], [""MMT"", ""documented_in"", ""medical_record""], [""patients_receiving_MMT"", ""prescribed"", ""medications""], [""medications"", ""potentially_interact_with"", ""methadone""], [""medical_care"", ""related_to"", ""MMT""]]","[[""mitochondrial_dynamics"", ""occur_in"", ""lace_plant""], [""mitochondrial_dynamics"", ""related_to"", ""PCD""], [""PCD"", ""progresses_in"", ""lace_plant""], [""mitochondria"", ""move_on"", ""transvacuolar_strands""], [""mitochondria"", ""form_ring_structure_with"", ""chloroplasts""], [""ring_structure"", ""surrounds"", ""nucleus""], [""CsA"", ""used_in"", ""whole_plant_system""], [""mitochondria"", ""play_critical_role_in"", ""developmentally_regulated_PCD""], [""developmentally_regulated_PCD"", ""occurs_in"", ""lace_plant""]]",0.0,0.0,0.0,0.0,0.0,0.29403010496409915,0.26462709446768923,0.23522408397127934,0.2058210734748694,0.1764180629784595,0.14701505248204957,0.11761204198563967,0.08820903148922976,0.05880602099281982,0.02940301049640991,0.0,0.2695073190495543,0.30512796061370107
152,"In gravid ewes, intravenous infusion of<or = 1.67 micrograms/min epinephrine altered neither maternal hemodynamics nor uterine blood flow. To the extent that sheep data can be extrapolated to humans, these results suggest that continuous intravenous infusion of epinephrine in local anesthetic solutions is safe if the epidural catheter should enter a blood vessel during the infusion.","In gravid ewes, intravenous infusion of<or = 1.67 mcg/min epinephrine altered neither maternal hemodynamics nor uterine blood flowing. To the extent that sheep evidence can be extrapolated to humans, these findings indicate that continuous intravenous infusion of epinephrine in local anesthetic answer is safe if the epidural catheter should enter a blood vessel during the extract.","[[""Intravenous_infusion_of_epinephrine"", ""altered"", ""maternal_hemodynamics""], [""Intravenous_infusion_of_epinephrine"", ""did_not_alter"", ""uterine_blood_flow""], [""epinephrine"", ""dose"", ""less_than_or_equal_to_1.67_micrograms/min""], [""Intravenous_infusion_of_epinephrine"", ""studied_in"", ""gravid_ewes""], [""gravid_ewes"", ""used_to_extrapolate_to"", ""humans""], [""epidural_catheter"", ""may_enter"", ""blood_vessel""], [""intravenous_infusion_of_epinephrine"", ""considered_safe"", ""in_local_anesthetic_solutions""]]","[[""Intravenous_infusion_of_epinephrine"", ""altered"", ""maternal_hemodynamics""], [""Intravenous_infusion_of_epinephrine"", ""did_not_alter"", ""uterine_blood_flow""], [""epinephrine"", ""dose"", ""less_than_or_equal_to_1.67_mcg/min""], [""Intravenous_infusion_of_epinephrine"", ""studied_in"", ""gravid_ewes""], [""gravid_ewes"", ""used_to_extrapolate_to"", ""humans""], [""epidural_catheter"", ""may_enter"", ""blood_vessel""], [""intravenous_infusion_of_epinephrine"", ""considered_safe"", ""in_local_anesthetic_answer""], [""sheep_evidence"", ""used_to_extrapolate_to"", ""humans""]]",1.0,0.842792272567749,0.9183661937713623,0.46084025146870294,1.0,0.9977105369776276,0.9979394832798648,0.9981684295821021,0.9983973758843392,0.9986263221865765,0.9988552684888138,0.999084214791051,0.9993131610932883,0.9995421073955255,0.9997710536977628,1.0,0.9877076515231107,0.9753077465907605
153,"In gravid ewes, intravenous infusion of<or = 1.67 micrograms/min epinephrine altered neither maternal hemodynamics nor uterine blood flow. To the extent that sheep data can be extrapolated to humans, these results suggest that continuous intravenous infusion of epinephrine in local anesthetic solutions is safe if the epidural catheter should enter a blood vessel during the infusion.","In gravid ewes, intravenous infusion of<or = 0.7 micrograms/min epinephrine altered neither maternal hemodynamics nor uterine blood flow. To the extent that sheep data can be extrapolated to humans, these results suggest that continuous intravenous infusion of epinephrine in local anesthetic solutions is safe if the epidural catheter should enter a blood vessel during the infusion.","[[""intravenous_infusion_of_epinephrine"", ""alteration_threshold"", ""1.67_micrograms/min""], [""intravenous_infusion_of_epinephrine"", ""does_not_alter"", ""maternal_hemodynamics""], [""intravenous_infusion_of_epinephrine"", ""does_not_alter"", ""uterine_blood_flow""], [""gravid_ewes"", ""used_in"", ""study""], [""sheep_data"", ""can_be_extrapolated_to"", ""humans""], [""epinephrine"", ""used_in"", ""local_anesthetic_solutions""], [""epidural_catheter"", ""may_enter"", ""blood_vessel""], [""intravenous_infusion_of_epinephrine"", ""is_safe"", ""if_epidural_catheter_enters_blood_vessel""]]","[[""intravenous_infusion_of_epinephrine"", ""alteration_threshold"", ""0.7_micrograms/min""], [""intravenous_infusion_of_epinephrine"", ""does_not_alter"", ""maternal_hemodynamics""], [""intravenous_infusion_of_epinephrine"", ""does_not_alter"", ""uterine_blood_flow""], [""gravid_ewes"", ""used_in"", ""study""], [""sheep_data"", ""can_be_extrapolated_to"", ""humans""], [""epinephrine"", ""used_in"", ""local_anesthetic_solutions""], [""epidural_catheter"", ""may_enter"", ""blood_vessel""], [""intravenous_infusion_of_epinephrine"", ""is_safe"", ""if_epidural_catheter_enters_blood_vessel""]]",1.0,0.9826943874359131,0.9842707514762878,0.8589743589743589,1.0,0.999908870554357,0.9999179834989212,0.9999270964434857,0.9999362093880497,0.9999453223326141,0.9999544352771785,0.9999635482217428,0.9999726611663071,0.9999817741108714,0.9999908870554357,1.0,0.998639188668548,0.9989135033031056
154,"In gravid ewes, intravenous infusion of<or = 1.67 micrograms/min epinephrine altered neither maternal hemodynamics nor uterine blood flow. To the extent that sheep data can be extrapolated to humans, these results suggest that continuous intravenous infusion of epinephrine in local anesthetic solutions is safe if the epidural catheter should enter a blood vessel during the infusion.","In gravid ewes, neither maternal hemodynamics nor uterine blood flow = 1.67 micrograms/min epinephrine altered intravenous infusion of<or. To the extent that sheep data can be extrapolated to humans, these results suggest that continuous intravenous infusion of epinephrine in local anesthetic solutions is safe if the epidural catheter should enter a blood vessel during the infusion.","[[""Intravenous_infusion_of_epinephrine"", ""altered"", ""maternal_hemodynamics""], [""Intravenous_infusion_of_epinephrine"", ""altered"", ""uterine_blood_flow""], [""Intravenous_infusion_of_epinephrine"", ""dosage"", ""1.67_micrograms/min""], [""gravid_ewes"", ""used_in"", ""study""], [""study"", ""suggests"", ""continuous_intravenous_infusion_of_epinephrine_is_safe""], [""continuous_intravenous_infusion_of_epinephrine"", ""used_in"", ""local_anesthetic_solutions""], [""epidural_catheter"", ""may_enter"", ""blood_vessel""], [""intravenous_infusion_of_epinephrine"", ""safe_if"", ""epidural_catheter_enters_blood_vessel""]]","[[""Intravenous_infusion_of_epinephrine"", ""dosage"", ""1.67_micrograms/min""], [""Intravenous_infusion_of_epinephrine"", ""altered"", ""maternal_hemodynamics""], [""Intravenous_infusion_of_epinephrine"", ""altered"", ""uterine_blood_flow""], [""gravid_ewes"", ""used_in"", ""study""], [""study"", ""suggests"", ""continuous_intravenous_infusion_of_epinephrine_is_safe""], [""continuous_intravenous_infusion_of_epinephrine"", ""used_in"", ""local_anesthetic_solutions""], [""epidural_catheter"", ""may_enter"", ""blood_vessel""], [""intravenous_infusion_of_epinephrine"", ""safe_if"", ""epidural_catheter_enters_blood_vessel""]]",1.0,0.9999999403953552,0.9999998807907104,1.0,1.0,0.9999999980564636,0.9999999982508172,0.9999999984451708,0.9999999986395245,0.9999999988338781,0.9999999990282318,0.9999999992225854,0.9999999994169391,0.9999999996112927,0.9999999998056464,1.0,0.9999999701976758,0.999999986238895
155,"In gravid ewes, intravenous infusion of<or = 1.67 micrograms/min epinephrine altered neither maternal hemodynamics nor uterine blood flow. To the extent that sheep data can be extrapolated to humans, these results suggest that continuous intravenous infusion of epinephrine in local anesthetic solutions is safe if the epidural catheter should enter a blood vessel during the infusion.","Patients with AC are more likely to undergo successful LC if cared for by a surgeon with an interest in laparoscopy. However, length of hospital stay is influenced more by patient factors in a multivariate model.","[[""Intravenous_infusion_of_epinephrine"", ""altered"", ""maternal_hemodynamics""], [""Intravenous_infusion_of_epinephrine"", ""altered"", ""uterine_blood_flow""], [""Intravenous_infusion_of_epinephrine"", ""has_dose"", ""<or_=1.67_micrograms/min""], [""gravid_ewes"", ""used_in"", ""study""], [""study"", ""suggests"", ""intravenous_infusion_of_epinephrine_is_safe""], [""intravenous_infusion_of_epinephrine"", ""used_in"", ""local_anesthetic_solutions""], [""epidural_catheter"", ""can_enter"", ""blood_vessel""], [""sheep_data"", ""can_be_extrapolated_to"", ""humans""]]","[[""Patients_with_AC"", ""more_likely_to_undergo"", ""successful_LC""], [""Patients_with_AC"", ""cared_for_by"", ""surgeon_with_interest_in_laparoscopy""], [""surgeon_with_interest_in_laparoscopy"", ""has_interest_in"", ""laparoscopy""], [""length_of_hospital_stay"", ""influenced_by"", ""patient_factors""], [""patient_factors"", ""part_of"", ""multivariate_model""]]",0.0,0.0,0.0660809576511383,0.0,0.0,0.38074947724367264,0.3426745295193054,0.3045995817949381,0.2665246340705708,0.22844968634620358,0.19037473862183632,0.15229979089746906,0.1142248431731018,0.07614989544873452,0.03807494772436726,0.0,0.30619847604390915,0.3985355702001493
156,"Although the exact mechanism of SSDH in this case is unclear, we speculate that this SSDH was a hematoma that migrated from the intracranial subdural space. Low CSF pressure because of continuous drainage and intrathecal thrombolytic therapy may have played an important role in the migration of the hematoma through the spinal canal. It is important to recognize the SSDH as a possible complication of the SAH accompanied with intracranial subdural hematoma.","Although the exact mechanism of SSDH in this case is indecipherable, we speculate that this SSDH was a hematoma that migrated from the intracranial subdural infinite. Low CSF press because of continuous drain and intrathecal thrombolytic therapy may have played an crucial function in the migration of the haematoma through the spinal canal. It is important to recognize the SSDH as a possible ramification of the SAH accompanied with intracranial subdural hematoma.","[[""SSDH"", ""mechanism"", ""unclear""], [""SSDH"", ""speculated_to_be"", ""hematoma""], [""hematoma"", ""migrated_from"", ""intracranial_subdural_space""], [""low_CSF_pressure"", ""caused_by"", ""continuous_drainage""], [""low_CSF_pressure"", ""caused_by"", ""intrathecal_thrombolytic_therapy""], [""low_CSF_pressure"", ""plays_role_in"", ""migration_of_hematoma""], [""migration_of_hematoma"", ""occurs_through"", ""spinal_canal""], [""SSDH"", ""possible_complication_of"", ""SAH""], [""SAH"", ""accompanied_by"", ""intracranial_subdural_hematoma""]]","[[""SSDH"", ""mechanism"", ""indecipherable""], [""SSDH"", ""speculated_to_be"", ""hematoma""], [""hematoma"", ""migrated_from"", ""intracranial_subdural_infinite""], [""low_CSF_press"", ""caused_by"", ""continuous_drain""], [""low_CSF_press"", ""caused_by"", ""intrathecal_thrombolytic_therapy""], [""low_CSF_press"", ""plays_crucial_function_in"", ""migration_of_haematoma""], [""migration_of_haematoma"", ""occurs_through"", ""spinal_canal""], [""SSDH"", ""possible_ramification_of"", ""SAH""], [""SAH"", ""accompanied_by"", ""intracranial_subdural_hematoma""]]",0.8166666666666667,0.6073634624481201,0.7425358295440674,0.3939393939393939,0.8333333333333334,0.9421353018083879,0.9312551049608825,0.920374908113377,0.9094947112658714,0.898614514418366,0.8877343175708606,0.8768541207233551,0.8659739238758497,0.8550937270283443,0.8442135301808388,0.8333333333333334,0.8902909347486335,0.922950063092603
157,"Although the exact mechanism of SSDH in this case is unclear, we speculate that this SSDH was a hematoma that migrated from the intracranial subdural space. Low CSF pressure because of continuous drainage and intrathecal thrombolytic therapy may have played an important role in the migration of the hematoma through the spinal canal. It is important to recognize the SSDH as a possible complication of the SAH accompanied with intracranial subdural hematoma.","Although the exact mechanism of SSDH in this case is unclear, we speculate that this SSDH was a hematoma that migrated from the intracranial subdural space. Low SSC pressure because of continuous drainage and intrathecal thrombolytic therapy may have played an important role in the migration of the hematoma through the spinal canal. It is important to recognize the SSDH as a possible complication of the SAH accompanied with intracranial subdural hematoma.","[[""SSDH"", ""mechanism"", ""unclear""], [""SSDH"", ""speculated_to_be"", ""hematoma""], [""hematoma"", ""migrated_from"", ""intracranial_subdural_space""], [""low_CSF_pressure"", ""caused_by"", ""continuous_drainage""], [""low_CSF_pressure"", ""caused_by"", ""intrathecal_thrombolytic_therapy""], [""low_CSF_pressure"", ""played_role_in"", ""migration_of_hematoma""], [""intrathecal_thrombolytic_therapy"", ""played_role_in"", ""migration_of_hematoma""], [""SSDH"", ""possible_complication_of"", ""SAH""], [""SAH"", ""accompanied_by"", ""intracranial_subdural_hematoma""]]","[[""SSDH"", ""mechanism"", ""unclear""], [""SSDH"", ""speculated_to_be"", ""hematoma""], [""hematoma"", ""migrated_from"", ""intracranial_subdural_space""], [""low_SSC_pressure"", ""caused_by"", ""continuous_drainage""], [""low_SSC_pressure"", ""caused_by"", ""intrathecal_thrombolytic_therapy""], [""low_SSC_pressure"", ""played_role_in"", ""migration_of_hematoma""], [""intrathecal_thrombolytic_therapy"", ""played_role_in"", ""migration_of_hematoma""], [""SSDH"", ""possible_complication_of"", ""SAH""], [""SAH"", ""accompanied_by"", ""intracranial_subdural_hematoma""]]",1.0,0.994460940361023,0.9741408824920654,0.9,1.0,0.9712669610586294,0.9741402649527665,0.9770135688469035,0.9798868727410406,0.9827601766351777,0.9856334805293148,0.9885067844234517,0.9913800883175888,0.9942533922117258,0.9971266961058629,1.0,0.9731991803686229,0.9834791735358599
158,"Although the exact mechanism of SSDH in this case is unclear, we speculate that this SSDH was a hematoma that migrated from the intracranial subdural space. Low CSF pressure because of continuous drainage and intrathecal thrombolytic therapy may have played an important role in the migration of the hematoma through the spinal canal. It is important to recognize the SSDH as a possible complication of the SAH accompanied with intracranial subdural hematoma.","Although the exact mechanism of SSDH in this case is unclear, we speculate that this SSDH was a hematoma that migrated from the intracranial subdural space. an important role may have played Low CSF pressure because of continuous drainage and intrathecal thrombolytic therapy in the migration of the hematoma through the spinal canal. It is important to recognize the SSDH as a possible complication of the SAH accompanied with intracranial subdural hematoma.","[[""SSDH"", ""mechanism"", ""unclear""], [""SSDH"", ""speculated_to_be"", ""hematoma""], [""hematoma"", ""migrated_from"", ""intracranial_subdural_space""], [""Low_CSF_pressure"", ""caused_by"", ""continuous_drainage""], [""Low_CSF_pressure"", ""caused_by"", ""intrathecal_thrombolytic_therapy""], [""Low_CSF_pressure"", ""played_role_in"", ""migration_of_hematoma""], [""migration_of_hematoma"", ""occurred_through"", ""spinal_canal""], [""SSDH"", ""possible_complication_of"", ""SAH""], [""SAH"", ""accompanied_by"", ""intracranial_subdural_hematoma""]]","[[""SSDH"", ""mechanism"", ""unclear""], [""SSDH"", ""speculated_to_be"", ""hematoma""], [""hematoma"", ""migrated_from"", ""intracranial_subdural_space""], [""Low_CSF_pressure"", ""caused_by"", ""continuous_drainage""], [""Low_CSF_pressure"", ""caused_by"", ""intrathecal_thrombolytic_therapy""], [""Low_CSF_pressure"", ""played_role_in"", ""migration_of_hematoma""], [""migration_of_hematoma"", ""occurred_through"", ""spinal_canal""], [""SSDH"", ""possible_complication_of"", ""SAH""], [""SAH"", ""accompanied_by"", ""intracranial_subdural_hematoma""]]",1.0,0.9999999403953552,1.0,1.0,1.0,1.0,1.0,1.0,1.0,1.0,1.0,1.0,1.0,1.0,1.0,1.0,0.9999999942803623,0.9999999818793961
159,"Although the exact mechanism of SSDH in this case is unclear, we speculate that this SSDH was a hematoma that migrated from the intracranial subdural space. Low CSF pressure because of continuous drainage and intrathecal thrombolytic therapy may have played an important role in the migration of the hematoma through the spinal canal. It is important to recognize the SSDH as a possible complication of the SAH accompanied with intracranial subdural hematoma.","In our population, ART conception was not significantly associated with the probability of PND or TOPFA for CHD. One implication of our results is that live births may be adequate for assessing the overall risk of CHD related to ART. However, total prevalence, in particular of severe CHD, would not be adequately assessed if TOPFA are not included.","[[""SSDH"", ""mechanism"", ""unclear""], [""SSDH"", ""speculated_to_be"", ""hematoma""], [""hematoma"", ""migrated_from"", ""intracranial_subdural_space""], [""low_CSF_pressure"", ""caused_by"", ""continuous_drainage""], [""low_CSF_pressure"", ""caused_by"", ""intrathecal_thrombolytic_therapy""], [""low_CSF_pressure"", ""contributed_to"", ""migration_of_hematoma""], [""intrathecal_thrombolytic_therapy"", ""contributed_to"", ""migration_of_hematoma""], [""SSDH"", ""possible_complication_of"", ""SAH""], [""SAH"", ""accompanied_by"", ""intracranial_subdural_hematoma""]]","[[""ART_conception"", ""not_associated_with"", ""PND""], [""ART_conception"", ""not_associated_with"", ""TOPFA_for_CHD""], [""live_births"", ""adequate_for_assessing"", ""overall_risk_of_CHD""], [""live_births"", ""inadequate_for_assessing"", ""total_prevalence_of_severe_CHD""], [""TOPFA"", ""necessary_for_assessing"", ""total_prevalence_of_severe_CHD""], [""ART"", ""related_to"", ""CHD""], [""severe_CHD"", ""part_of"", ""CHD""]]",0.0,0.0,0.0,0.0,0.0,0.46488867907364523,0.4183998111662807,0.3719109432589162,0.32542207535155165,0.27893320744418715,0.23244433953682261,0.1859554716294581,0.1394666037220936,0.09297773581472903,0.04648886790736451,0.0,0.3059899635400196,0.4216151014170629
160,"Out of the four sacral sparing criteria, the acute phase anal sensory score measurements do not contribute significantly to the prognosis of independent ambulation. The combination of the acute phase voluntary anal contraction and the S4-5 LT and PP scores, predicts significantly better chronic phase-independent ambulation outcomes than the currently used distinction between complete and incomplete SCI.","Out of the four sacral sparing criteria, the acute phase anal sensory score measurements do not contribute significantly to the prognosis of independent ambulation. significantly better chronic phase-independent ambulation results than the currently used distinction between complete and incomplete SCI were predicted by The combination of the acute phase voluntary anal contraction and the S4-5 LT and PP scores,.","[[""acute_phase_anal_sensory_score"", ""contribute_to"", ""prognosis_of_independent_ambulation""], [""acute_phase_anal_sensory_score"", ""contribution"", ""not_significant""], [""acute_phase_voluntary_anal_contraction"", ""part_of"", ""combination""], [""S4-5_LT"", ""part_of"", ""combination""], [""S4-5_PP"", ""part_of"", ""combination""], [""combination"", ""predicts"", ""chronic_phase-independent_ambulation_outcomes""], [""combination"", ""better_than"", ""distinction_between_complete_and_incomplete_SCI""], [""distinction_between_complete_and_incomplete_SCI"", ""currently_used"", ""true""]]","[[""acute_phase_anal_sensory_score"", ""contribute_to"", ""prognosis_of_independent_ambulation""], [""acute_phase_anal_sensory_score"", ""contribution"", ""not_significant""], [""acute_phase_voluntary_anal_contraction"", ""part_of"", ""combination""], [""S4-5_LT"", ""part_of"", ""combination""], [""S4-5_PP"", ""part_of"", ""combination""], [""combination"", ""predicts"", ""chronic_phase-independent_ambulation_results""], [""combination"", ""better_than"", ""distinction_between_complete_and_incomplete_SCI""], [""distinction_between_complete_and_incomplete_SCI"", ""currently_used"", ""true""]]",1.0,0.9098747968673706,0.9551344513893127,0.75,1.0,0.9986922372950154,0.9988230135655138,0.9989537898360124,0.9990845661065109,0.9992153423770093,0.9993461186475077,0.9994768949180062,0.9996076711885047,0.9997384474590031,0.9998692237295015,1.0,0.9959375769382824,0.996121609487969
161,"Out of the four sacral sparing criteria, the acute phase anal sensory score measurements do not contribute significantly to the prognosis of independent ambulation. The combination of the acute phase voluntary anal contraction and the S4-5 LT and PP scores, predicts significantly better chronic phase-independent ambulation outcomes than the currently used distinction between complete and incomplete SCI.","Out of the four sacral sparing criteria, the acute phase anal sensory score measurements do not contribute significantly to the prognosis of independent ambulation. The combination of the acute phase voluntary anal contraction and the S4-8 LT and PP scores, predicts significantly better chronic phase-independent ambulation outcomes than the currently used distinction between complete and incomplete SCI.","[[""acute_phase_anal_sensory_score_measurements"", ""contribute_to"", ""prognosis_of_independent_ambulation""], [""acute_phase_anal_sensory_score_measurements"", ""relation_to_prognosis"", ""not_significant""], [""acute_phase_voluntary_anal_contraction"", ""part_of"", ""sacral_sparing_criteria""], [""S4-5_LT_and_PP_scores"", ""part_of"", ""sacral_sparing_criteria""], [""combination_of_acute_phase_voluntary_anal_contraction_and_S4-5_LT_and_PP_scores"", ""predicts"", ""chronic_phase-independent_ambulation_outcomes""], [""combination_of_acute_phase_voluntary_anal_contraction_and_S4-5_LT_and_PP_scores"", ""comparison_to"", ""distinction_between_complete_and_incomplete_SCI""], [""distinction_between_complete_and_incomplete_SCI"", ""currently_used"", ""true""]]","[[""acute_phase_anal_sensory_score_measurements"", ""contribute_to"", ""prognosis_of_independent_ambulation""], [""acute_phase_anal_sensory_score_measurements"", ""relation_to_prognosis"", ""not_significant""], [""acute_phase_voluntary_anal_contraction"", ""part_of"", ""sacral_sparing_criteria""], [""S4-8_LT_and_PP_scores"", ""part_of"", ""sacral_sparing_criteria""], [""combination_of_acute_phase_voluntary_anal_contraction_and_S4-8_LT_and_PP_scores"", ""predicts"", ""chronic_phase-independent_ambulation_outcomes""], [""combination_of_acute_phase_voluntary_anal_contraction_and_S4-8_LT_and_PP_scores"", ""comparison_to"", ""distinction_between_complete_and_incomplete_SCI""], [""distinction_between_complete_and_incomplete_SCI"", ""currently_used"", ""true""]]",1.0,0.887095034122467,0.9276846647262573,0.65,1.0,0.9981845154230466,0.998366063880742,0.9985476123384374,0.9987291607961326,0.998910709253828,0.9990922577115233,0.9992738061692187,0.999455354626914,0.9996369030846093,0.9998184515423046,1.0,0.9977108778153583,0.9909247859177474
162,"Out of the four sacral sparing criteria, the acute phase anal sensory score measurements do not contribute significantly to the prognosis of independent ambulation. The combination of the acute phase voluntary anal contraction and the S4-5 LT and PP scores, predicts significantly better chronic phase-independent ambulation outcomes than the currently used distinction between complete and incomplete SCI.","Out of the four sacral sparing criteria, the acute phase anal sensory score measurements do not contribute significantly to the prognosis of independent ambulation. significantly better chronic phase-independent ambulation outcomes than the currently used distinction between complete and incomplete SCI predicts The combination of the acute phase voluntary anal contraction and the S4-5 LT and PP scores,.","[[""acute_phase_anal_sensory_score"", ""contributes_to"", ""prognosis_of_independent_ambulation""], [""acute_phase_anal_sensory_score"", ""contribution"", ""not_significant""], [""combination_of_acute_phase_voluntary_anal_contraction_and_S4-5_LT_and_PP_scores"", ""predicts"", ""chronic_phase-independent_ambulation_outcomes""], [""combination_of_acute_phase_voluntary_anal_contraction_and_S4-5_LT_and_PP_scores"", ""comparison"", ""currently_used_distinction_between_complete_and_incomplete_SCI""], [""currently_used_distinction_between_complete_and_incomplete_SCI"", ""predicts"", ""chronic_phase-independent_ambulation_outcomes""], [""acute_phase_voluntary_anal_contraction"", ""part_of"", ""combination_of_acute_phase_voluntary_anal_contraction_and_S4-5_LT_and_PP_scores""], [""S4-5_LT_and_PP_scores"", ""part_of"", ""combination_of_acute_phase_voluntary_anal_contraction_and_S4-5_LT_and_PP_scores""]]","[[""acute_phase_anal_sensory_score"", ""contributes_to"", ""prognosis_of_independent_ambulation""], [""acute_phase_anal_sensory_score"", ""contribution"", ""not_significant""], [""combination_of_acute_phase_voluntary_anal_contraction_and_S4-5_LT_and_PP_scores"", ""predicts"", ""chronic_phase-independent_ambulation_outcomes""], [""combination_of_acute_phase_voluntary_anal_contraction_and_S4-5_LT_and_PP_scores"", ""comparison"", ""currently_used_distinction_between_complete_and_incomplete_SCI""], [""currently_used_distinction_between_complete_and_incomplete_SCI"", ""predicts"", ""chronic_phase-independent_ambulation_outcomes""], [""acute_phase_voluntary_anal_contraction"", ""part_of"", ""combination_of_acute_phase_voluntary_anal_contraction_and_S4-5_LT_and_PP_scores""], [""S4-5_LT_and_PP_scores"", ""part_of"", ""combination_of_acute_phase_voluntary_anal_contraction_and_S4-5_LT_and_PP_scores""]]",1.0,1.0,1.0,1.0,1.0,0.9999999264522842,0.9999999338070558,0.9999999411618274,0.9999999485165989,0.9999999558713705,0.999999963226142,0.9999999705809137,0.9999999779356852,0.9999999852904569,0.9999999926452284,1.0,0.9999999816928591,0.9999999885853709
163,"Out of the four sacral sparing criteria, the acute phase anal sensory score measurements do not contribute significantly to the prognosis of independent ambulation. The combination of the acute phase voluntary anal contraction and the S4-5 LT and PP scores, predicts significantly better chronic phase-independent ambulation outcomes than the currently used distinction between complete and incomplete SCI.",Transactive memory theory extends to high-stress environments in which members' expertise is highly overlapping. Teammates' shared mental models about one another increase the likelihood that they will request and accept backup.,"[[""Acute_phase_anal_sensory_score_measurements"", ""contribute_to"", ""prognosis_of_independent_ambulation""], [""Acute_phase_anal_sensory_score_measurements"", ""relationship_to_prognosis"", ""not_significant""], [""Acute_phase_voluntary_anal_contraction"", ""predicts"", ""chronic_phase_independent_ambulation_outcomes""], [""S4-5_LT_and_PP_scores"", ""predicts"", ""chronic_phase_independent_ambulation_outcomes""], [""Combination_of_acute_phase_voluntary_anal_contraction_and_S4-5_LT_and_PP_scores"", ""predicts"", ""chronic_phase_independent_ambulation_outcomes""], [""Combination_of_acute_phase_voluntary_anal_contraction_and_S4-5_LT_and_PP_scores"", ""better_than"", ""distinction_between_complete_and_incomplete_SCI""], [""Distinction_between_complete_and_incomplete_SCI"", ""currently_used"", ""predicting_independent_ambulation_outcomes""]]","[[""Transactive_memory_theory"", ""extends_to"", ""high-stress_environments""], [""High-stress_environments"", ""characterized_by"", ""highly_overlapping_members_expertise""], [""Teammates_shared_mental_models"", ""increase_likelihood_of"", ""requesting_backup""], [""Teammates_shared_mental_models"", ""increase_likelihood_of"", ""accepting_backup""], [""Members_expertise"", ""overlaps"", ""highly_in_high-stress_environments""], [""Teammates"", ""have"", ""shared_mental_models_about_one_another""]]",0.0,0.0,0.0,0.0,0.0,0.32100098965586404,0.28890089069027763,0.2568007917246912,0.22470069275910481,0.19260059379351843,0.16050049482793202,0.1284003958623456,0.09630029689675923,0.06420019793117279,0.032100098965586396,0.0,0.26902286867652064,0.5010738887918798
164,High BUN levels and low salivary flow rates were found to be associated with halitosis. PD may play an important role in decreasing the level of halitosis in ESRD patients.,High BUN levels and low salivary flowing rates were found to be linked with halitosis. PD may play an important role in decreasing the degree of halitosis in ESRD person.,"[[""High_BUN_levels"", ""associated_with"", ""halitosis""], [""low_salivary_flow_rates"", ""associated_with"", ""halitosis""], [""PD"", ""decreases"", ""halitosis_level""], [""PD"", ""happens_to"", ""ESRD_patients""], [""ESRD_patients"", ""have"", ""halitosis""]]","[[""High_BUN_levels"", ""linked_with"", ""halitosis""], [""low_salivary_flow_rates"", ""linked_with"", ""halitosis""], [""PD"", ""decreases"", ""halitosis_degree""], [""PD"", ""happens_to"", ""ESRD_person""], [""ESRD_person"", ""has"", ""halitosis""]]",1.0,0.7559632062911987,0.8917409181594849,0.2777777777777778,1.0,0.9713261426246346,0.9741935283621711,0.9770609140997077,0.979928299837244,0.9827956855747807,0.9856630713123173,0.9885304570498539,0.9913978427873904,0.9942652285249269,0.9971326142624635,1.0,0.9240737002494344,0.909000183948969
165,High BUN levels and low salivary flow rates were found to be associated with halitosis. PD may play an important role in decreasing the level of halitosis in ESRD patients.,High BUN levels and low salivary flow rates were found to be associated with halitosis. PD may play an important role in decreasing the level of halitosis in ADT patients.,"[[""High_BUN_levels"", ""associated_with"", ""halitosis""], [""low_salivary_flow_rates"", ""associated_with"", ""halitosis""], [""PD"", ""decreases"", ""halitosis_level""], [""halitosis"", ""occurs_in"", ""ESRD_patients""], [""PD"", ""applied_to"", ""ESRD_patients""]]","[[""High_BUN_levels"", ""associated_with"", ""halitosis""], [""low_salivary_flow_rates"", ""associated_with"", ""halitosis""], [""PD"", ""decreases"", ""halitosis_level""], [""halitosis"", ""occurs_in"", ""ADT_patients""], [""PD"", ""applied_to"", ""ADT_patients""]]",0.3333333333333333,0.9481434226036072,0.9572280645370483,0.4444444444444444,0.4444444444444444,0.9576274056965969,0.9063091095713816,0.8549908134461665,0.8036725173209511,0.7523542211957359,0.7010359250705207,0.6497176289453055,0.5983993328200902,0.5470810366948748,0.49576274056965963,0.4444444444444444,0.9421541112910355,0.9249123654709184
166,High BUN levels and low salivary flow rates were found to be associated with halitosis. PD may play an important role in decreasing the level of halitosis in ESRD patients.,High BUN levels and low salivary flow rates were found to be associated with halitosis. an important role in decreasing the level of halitosis in ESRD patients may play PD.,"[[""High_BUN_levels"", ""associated_with"", ""halitosis""], [""low_salivary_flow_rates"", ""associated_with"", ""halitosis""], [""PD"", ""decreases"", ""halitosis_level""], [""PD"", ""plays_role_in"", ""decreasing_halitosis_level""], [""halitosis"", ""present_in"", ""ESRD_patients""], [""ESRD_patients"", ""treated_with"", ""PD""]]","[[""High_BUN_levels"", ""associated_with"", ""halitosis""], [""low_salivary_flow_rates"", ""associated_with"", ""halitosis""], [""PD"", ""plays_role_in"", ""decreasing_halitosis_level""], [""halitosis"", ""present_in"", ""ESRD_patients""], [""PD"", ""decreases"", ""halitosis_level""], [""ESRD_patients"", ""treated_with"", ""PD""]]",1.0,1.0,1.0,1.0,1.0,0.9999999985359509,0.9999999986823558,0.9999999988287607,0.9999999989751656,0.9999999991215706,0.9999999992679754,0.9999999994143803,0.9999999995607853,0.9999999997071902,0.9999999998535951,1.0,0.999999996026357,0.9999999868661581
167,High BUN levels and low salivary flow rates were found to be associated with halitosis. PD may play an important role in decreasing the level of halitosis in ESRD patients.,"Despite a lower risk of breast cancer, the Sami attended the NBCSP more frequently than the control group. The recall and cancer detection rate was lower among the Sami compared with the non-Sami group.","[[""high_BUN_levels"", ""associated_with"", ""halitosis""], [""low_salivary_flow_rates"", ""associated_with"", ""halitosis""], [""PD"", ""decreases"", ""halitosis_level""], [""PD"", ""applied_to"", ""ESRD_patients""], [""ESRD_patients"", ""experience"", ""halitosis""], [""halitosis_level"", ""decreased_by"", ""PD""]]","[[""Sami"", ""has_lower_risk_of"", ""breast_cancer""], [""Sami"", ""attended"", ""NBCSP""], [""Sami"", ""compared_to"", ""non-Sami_group""], [""NBCSP"", ""attended_by"", ""Sami""], [""NBCSP"", ""attended_by"", ""control_group""], [""Sami"", ""has_lower_recall_rate"", ""cancer_detection""], [""Sami"", ""has_lower_cancer_detection_rate"", ""non-Sami_group""], [""recall_rate"", ""lower_in"", ""Sami""], [""cancer_detection_rate"", ""lower_in"", ""Sami""]]",0.0,0.0,0.0,0.0,0.0,0.28742039264624236,0.25867835338161815,0.2299363141169939,0.20119427485236965,0.17245223558774542,0.14371019632312118,0.11496815705849694,0.08622611779387272,0.05748407852924846,0.02874203926462423,0.0,0.2610484435027303,0.39582072977195243
168,"We did not find a lower prevalence of high EPDS scores among women randomized to regular exercise during pregnancy compared with the control group. However, a subgroup of women in the intervention group who did not exercise regularly prior to pregnancy had a reduced risk of postnatal depression.","We did not observe a abject preponderance of eminent EPDS mark among women randomized to regular exercise during pregnancy compared with the dominance group. However, a subgroup of women in the intercession group who did not exercise regularly prior to pregnancy had a reduced probability of postpartum depression.","[[""women"", ""randomized_to"", ""regular_exercise_during_pregnancy""], [""women"", ""compared_to"", ""control_group""], [""regular_exercise_during_pregnancy"", ""does_not_reduce"", ""prevalence_of_high_EPDS_scores""], [""subgroup_of_women"", ""had"", ""reduced_risk_of_postnatal_depression""], [""subgroup_of_women"", ""characterized_by"", ""not_exercising_regularly_prior_to_pregnancy""], [""intervention_group"", ""includes"", ""subgroup_of_women""]]","[[""regular_exercise_during_pregnancy"", ""does_not_reduce"", ""prevalence_of_high_EPDS_scores""], [""women"", ""randomized_to"", ""regular_exercise_during_pregnancy""], [""women"", ""compared_to"", ""dominance_group""], [""subgroup_of_women"", ""had"", ""reduced_probability_of_postpartum_depression""], [""subgroup_of_women"", ""characterized_by"", ""not_exercising_regularly_prior_to_pregnancy""], [""intercession_group"", ""includes"", ""subgroup_of_women""], [""postpartum_depression"", ""related_to"", ""exercise_during_pregnancy""]]",0.38095238095238093,0.6060068011283875,0.7382795214653015,0.2795084971874737,0.5416666666666666,0.9734875444102755,0.9303054566359147,0.8871233688615539,0.8439412810871928,0.800759193312832,0.757577105538471,0.7143950177641102,0.6712129299897494,0.6280308422153884,0.5848487544410275,0.5416666666666666,0.9235718341743802,0.8232303844113941
169,"We did not find a lower prevalence of high EPDS scores among women randomized to regular exercise during pregnancy compared with the control group. However, a subgroup of women in the intervention group who did not exercise regularly prior to pregnancy had a reduced risk of postnatal depression.","We did not find a lower prevalence of high OAB scores among women randomized to regular exercise during pregnancy compared with the control group. However, a subgroup of women in the intervention group who did not exercise regularly prior to pregnancy had a reduced risk of postnatal depression.","[[""women_in_intervention_group"", ""compared_to"", ""control_group""], [""women_in_intervention_group"", ""had"", ""high_EPDS_scores""], [""high_EPDS_scores"", ""prevalence_not_lower_in"", ""intervention_group""], [""subgroup_of_women"", ""part_of"", ""intervention_group""], [""subgroup_of_women"", ""did_not_exercise_regularly"", ""prior_to_pregnancy""], [""subgroup_of_women"", ""had"", ""reduced_risk_of_postnatal_depression""], [""postnatal_depression"", ""risk_reduced_in"", ""subgroup_of_women""]]","[[""women_in_intervention_group"", ""compared_to"", ""control_group""], [""women_in_intervention_group"", ""had"", ""high_OAB_scores""], [""high_OAB_scores"", ""prevalence_not_lower_in"", ""intervention_group""], [""subgroup_of_women"", ""part_of"", ""intervention_group""], [""subgroup_of_women"", ""did_not_exercise_regularly"", ""prior_to_pregnancy""], [""subgroup_of_women"", ""had"", ""reduced_risk_of_postnatal_depression""], [""postnatal_depression"", ""risk_reduced_in"", ""subgroup_of_women""]]",0.6944444444444444,0.9640878438949585,0.9752700328826904,0.7708333333333334,0.7708333333333334,0.9646412616870859,0.9452604688517106,0.9258796760163354,0.9064988831809602,0.8871180903455849,0.8677372975102096,0.8483565046748344,0.8289757118394592,0.8095949190040839,0.7902141261687087,0.7708333333333334,0.9455039223539585,0.9867168137656535
170,"We did not find a lower prevalence of high EPDS scores among women randomized to regular exercise during pregnancy compared with the control group. However, a subgroup of women in the intervention group who did not exercise regularly prior to pregnancy had a reduced risk of postnatal depression.","a lower prevalence of high EPDS scores among women did not find We randomized to regular exercise during pregnancy compared with the control group. However, a subgroup of women in the intervention group who did not exercise regularly prior to pregnancy had a reduced risk of postnatal depression.","[[""women"", ""randomized_to"", ""regular_exercise_during_pregnancy""], [""women"", ""compared_to"", ""control_group""], [""regular_exercise_during_pregnancy"", ""did_not_reduce"", ""high_EPDS_scores""], [""subgroup_of_women"", ""had"", ""reduced_risk_of_postnatal_depression""], [""subgroup_of_women"", ""part_of"", ""intervention_group""], [""subgroup_of_women"", ""did_not_exercise"", ""prior_to_pregnancy""]]","[[""lower_prevalence_of_high_EPDS_scores"", ""not_found_among"", ""women""], [""women"", ""randomized_to"", ""regular_exercise_during_pregnancy""], [""regular_exercise_during_pregnancy"", ""compared_to"", ""control_group""], [""subgroup_of_women"", ""had"", ""reduced_risk_of_postnatal_depression""], [""subgroup_of_women"", ""part_of"", ""intervention_group""], [""subgroup_of_women"", ""did_not_exercise"", ""prior_to_pregnancy""]]",0.7126966450997984,0.7425141930580139,0.8465882539749146,0.6666666666666666,0.7126966450997984,0.9836340296940341,0.9565402912346106,0.9294465527751871,0.9023528143157634,0.8752590758563399,0.8481653373969162,0.8210715989374927,0.7939778604780692,0.7668841220186454,0.7397903835592219,0.7126966450997984,0.9148321548679428,0.9065311753315788
171,"We did not find a lower prevalence of high EPDS scores among women randomized to regular exercise during pregnancy compared with the control group. However, a subgroup of women in the intervention group who did not exercise regularly prior to pregnancy had a reduced risk of postnatal depression.","Alcohol and drug use are important contributory factors to injury and poisoning deaths. More research is needed into the effects of unemployment and being single on the health of young men, and to investigate the motivations behind risk taking and self-destructive behaviour.","[[""women"", ""randomized_to"", ""regular_exercise_during_pregnancy""], [""women"", ""compared_to"", ""control_group""], [""regular_exercise_during_pregnancy"", ""does_not_reduce"", ""high_EPDS_scores""], [""subgroup_of_women"", ""had"", ""reduced_risk_of_postnatal_depression""], [""subgroup_of_women"", ""characterized_by"", ""no_regular_exercise_prior_to_pregnancy""], [""intervention_group"", ""includes"", ""subgroup_of_women""], [""control_group"", ""compared_to"", ""intervention_group""], [""high_EPDS_scores"", ""measured_in"", ""women""], [""postnatal_depression"", ""risk_reduced_in"", ""subgroup_of_women""]]","[[""alcohol"", ""contributes_to"", ""injury_deaths""], [""alcohol"", ""contributes_to"", ""poisoning_deaths""], [""drug_use"", ""contributes_to"", ""injury_deaths""], [""drug_use"", ""contributes_to"", ""poisoning_deaths""], [""unemployment"", ""effects_on"", ""health_of_young_men""], [""being_single"", ""effects_on"", ""health_of_young_men""], [""research"", ""needed_on"", ""unemployment""], [""research"", ""needed_on"", ""being_single""], [""research"", ""investigates"", ""motivations_behind_risk_taking""], [""research"", ""investigates"", ""self-destructive_behaviour""], [""young_men"", ""affected_by"", ""unemployment""], [""young_men"", ""affected_by"", ""being_single""], [""risk_taking"", ""investigated_in"", ""research""], [""self-destructive_behaviour"", ""investigated_in"", ""research""]]",0.0,0.0,0.0,0.0,0.0,0.51794972002935,0.46615474802641504,0.41435977602348006,0.362564804020545,0.31076983201761,0.258974860014675,0.20717988801174003,0.15538491600880502,0.10358994400586999,0.051794972002934994,0.0,0.365780102942092,0.5171395206643878
172,"Although the estimated effective dose is low for VCUG radiographic scout images, this step did not augment VCUG interpretation or contribute management-changing information. This step should be omitted or substituted to further reduce dose in pediatric VCUG.","Although the estimated effectual dosage is low for VCUG radiographic scout images, this assess did not augment VCUG interpretation or contribute management-changing info. This measure should be omitted or substituted to further reduce dosage in paediatric VCUG.","[[""VCUG_radiographic_scout_images"", ""have"", ""estimated_effective_dose""], [""estimated_effective_dose"", ""is_low"", ""VCUG_radiographic_scout_images""], [""VCUG_radiographic_scout_images"", ""do_not_augment"", ""VCUG_interpretation""], [""VCUG_radiographic_scout_images"", ""do_not_contribute"", ""management-changing_information""], [""VCUG_radiographic_scout_images"", ""should_be"", ""omitted""], [""VCUG_radiographic_scout_images"", ""should_be"", ""substituted""], [""omitting_VCUG_radiographic_scout_images"", ""reduces"", ""dose""], [""substituting_VCUG_radiographic_scout_images"", ""reduces"", ""dose""], [""dose_reduction"", ""is_beneficial_for"", ""pediatric_VCUg""]]","[[""VCUG_radiographic_scout_images"", ""have"", ""estimated_effectual_dosage""], [""estimated_effectual_dosage"", ""is_low"", ""VCUG_radiographic_scout_images""], [""VCUG_radiographic_scout_images"", ""do_not_augment"", ""VCUG_interpretation""], [""VCUG_radiographic_scout_images"", ""do_not_contribute"", ""management-changing_info""], [""VCUG_radiographic_scout_images"", ""should_be"", ""omitted""], [""VCUG_radiographic_scout_images"", ""should_be"", ""substituted""], [""omitting_VCUG_radiographic_scout_images"", ""reduces"", ""dosage""], [""substituting_VCUG_radiographic_scout_images"", ""reduces"", ""dosage""], [""dosage_reduction"", ""is_beneficial_for"", ""paediatric_VCUg""]]",1.0,0.3660302758216858,0.7156617641448975,0.3939393939393939,1.0,0.9898709696076698,0.9908838726469028,0.9918967756861359,0.9929096787253688,0.9939225817646019,0.994935484803835,0.9959483878430679,0.9969612908823009,0.997974193921534,0.998987096960767,1.0,0.9668806337199658,0.9763526427904818
173,"Although the estimated effective dose is low for VCUG radiographic scout images, this step did not augment VCUG interpretation or contribute management-changing information. This step should be omitted or substituted to further reduce dose in pediatric VCUG.","Although the estimated effective dose is low for SLE radiographic scout images, this step did not augment VCUG interpretation or contribute management-changing information. This step should be omitted or substituted to further reduce dose in pediatric VCUG.","[[""VCUG_radiographic_scout_images"", ""have"", ""estimated_effective_dose""], [""estimated_effective_dose"", ""is"", ""low""], [""VCUG_radiographic_scout_images"", ""do_not_augment"", ""VCUG_interpretation""], [""VCUG_radiographic_scout_images"", ""do_not_contribute"", ""management-changing_information""], [""VCUG_radiographic_scout_images"", ""should_be"", ""omitted_or_substituted""], [""omitted_or_substituted"", ""to_reduce"", ""dose_in_pediatric_VCUG""]]","[[""SLE_radiographic_scout_images"", ""have"", ""estimated_effective_dose""], [""estimated_effective_dose"", ""is"", ""low""], [""SLE_radiographic_scout_images"", ""do_not_augment"", ""VCUG_interpretation""], [""SLE_radiographic_scout_images"", ""do_not_contribute"", ""management-changing_information""], [""SLE_radiographic_scout_images"", ""should_be"", ""omitted_or_substituted""], [""omitted_or_substituted"", ""to_reduce"", ""dose_in_pediatric_VCUG""]]",1.0,0.9476083517074585,0.9836968183517456,0.8571428571428571,1.0,0.8958761604733407,0.9062885444260067,0.9167009283786727,0.9271133123313384,0.9375256962840044,0.9479380802366704,0.9583504641893363,0.9687628481420022,0.9791752320946682,0.989587616047334,1.0,0.9361355747223383,0.9673487387131304
174,"Although the estimated effective dose is low for VCUG radiographic scout images, this step did not augment VCUG interpretation or contribute management-changing information. This step should be omitted or substituted to further reduce dose in pediatric VCUG.","Although the estimated effective dose is low for VCUG radiographic scout images, VCUG interpretation did not augment this step or contribute management-changing information. This step should be omitted or substituted to further reduce dose in pediatric VCUG.","[[""VCUG_radiographic_scout_images"", ""have"", ""estimated_effective_dose""], [""estimated_effective_dose"", ""is"", ""low""], [""VCUG_radiographic_scout_images"", ""did_not_augment"", ""VCUG_interpretation""], [""VCUG_radiographic_scout_images"", ""did_not_contribute"", ""management-changing_information""], [""VCUG_radiographic_scout_images"", ""should_be"", ""omitted""], [""VCUG_radiographic_scout_images"", ""should_be"", ""substituted""], [""omitting_VCUG_radiographic_scout_images"", ""reduces"", ""dose""], [""substituting_VCUG_radiographic_scout_images"", ""reduces"", ""dose""], [""reduced_dose"", ""is_desirable_in"", ""pediatric_VCUG""]]","[[""VCUG_radiographic_scout_images"", ""have"", ""estimated_effective_dose""], [""estimated_effective_dose"", ""is"", ""low""], [""VCUG_interpretation"", ""did_not_augment"", ""VCUG_radiographic_scout_images""], [""VCUG_radiographic_scout_images"", ""did_not_contribute"", ""management-changing_information""], [""VCUG_radiographic_scout_images"", ""should_be"", ""omitted""], [""VCUG_radiographic_scout_images"", ""should_be"", ""substituted""], [""omitting_VCUG_radiographic_scout_images"", ""reduces"", ""dose""], [""substituting_VCUG_radiographic_scout_images"", ""reduces"", ""dose""], [""reduced_dose"", ""is_desirable_in"", ""pediatric_VCUG""]]",1.0,1.0,0.9999999403953552,1.0,1.0,0.9997145347244224,0.9997430812519802,0.9997716277795379,0.9998001743070957,0.9998287208346535,0.9998572673622113,0.9998858138897689,0.9999143604173267,0.9999429069448844,0.9999714534724422,1.0,0.9991062856804407,0.9950373417441822
175,"Although the estimated effective dose is low for VCUG radiographic scout images, this step did not augment VCUG interpretation or contribute management-changing information. This step should be omitted or substituted to further reduce dose in pediatric VCUG.","Our data suggest that very few genes, which change their expression level during the WOI, show a quantitative homogeneous expression in endometrially-receptive patients. In conclusion, in this study only six genes showed a homogeneous expression, and are probably involved in embryo implantation mechanisms.","[[""VCUG_radiographic_scout_images"", ""have"", ""estimated_effective_dose""], [""estimated_effective_dose"", ""is"", ""low""], [""VCUG_radiographic_scout_images"", ""do_not_augment"", ""VCUG_interpretation""], [""VCUG_radiographic_scout_images"", ""do_not_contribute"", ""management-changing_information""], [""VCUG_radiographic_scout_images"", ""should_be"", ""omitted""], [""VCUG_radiographic_scout_images"", ""should_be"", ""substituted""], [""omitting_VCUG_radiographic_scout_images"", ""reduces"", ""dose""], [""omitting_VCUG_radiographic_scout_images"", ""reduces_dose_in"", ""pediatric_VCUG""]]","[[""genes"", ""change_expression_level_during"", ""WOI""], [""genes"", ""show"", ""quantitative_homogeneous_expression""], [""endometrially-receptive_patients"", ""have"", ""homogeneous_expression""], [""six_genes"", ""show"", ""homogeneous_expression""], [""six_genes"", ""are_involved_in"", ""embryo_implantation_mechanisms""], [""study"", ""found"", ""six_genes_with_homogeneous_expression""]]",0.0,0.0,0.0,0.0,0.0,0.24950498549628428,0.22455448694665586,0.19960398839702742,0.17465348984739898,0.14970299129777057,0.12475249274814214,0.09980199419851371,0.0748514956488853,0.04990099709925684,0.02495049854962842,0.0,0.2752459742812308,0.26038725423973846
176,Emergency US fellowship programs had a positive impact on residents' US educational experiences. Emergency medicine residents performed more scans overall and also used bedside US for more advanced applications in programs with EUS fellowships.,Emergency US family plan had a convinced impact on occupant' US educational experiences. Emergency medication occupant performed more scans overall and also used bedside US for more advanced coating in programs with EUS fellowships.,"[[""Emergency_US_fellowship_programs"", ""have"", ""positive_impact""], [""positive_impact"", ""on"", ""residents_US_educational_experiences""], [""Emergency_medicine_residents"", ""perform"", ""scans""], [""Emergency_medicine_residents"", ""use"", ""bedside_US""], [""bedside_US"", ""used_for"", ""advanced_applications""], [""EUS_fellowships"", ""present_in"", ""programs""], [""programs"", ""have"", ""EUS_fellowships""]]","[[""Emergency_US_family_plan"", ""had"", ""convinced_impact""], [""convinced_impact"", ""on"", ""occupant_US_educational_experiences""], [""Emergency_medication_occupant"", ""perform"", ""scans""], [""Emergency_medication_occupant"", ""use"", ""bedside_US""], [""bedside_US"", ""used_for"", ""advanced_coating""], [""EUS_fellowships"", ""present_in"", ""programs""], [""programs"", ""have"", ""EUS_fellowships""]]",0.5303300858899107,0.02355189621448517,0.568035364151001,0.35185185185185186,0.5303300858899107,0.9094504988100348,0.8715384575180224,0.8336264162260101,0.7957143749339975,0.7578023336419851,0.7198902923499728,0.6819782510579604,0.644066209765948,0.6061541684739356,0.5682421271819231,0.5303300858899107,0.8792791183667381,0.9010965638909683
177,Emergency US fellowship programs had a positive impact on residents' US educational experiences. Emergency medicine residents performed more scans overall and also used bedside US for more advanced applications in programs with EUS fellowships.,Emergency US fellowship programs had a positive impact on residents' US educational experiences. Emergency medicine residents performed more scans overall and also used bedside US for more advanced applications in programs with USMLE fellowships.,"[[""Emergency_US_fellowship_programs"", ""have"", ""positive_impact""], [""Emergency_US_fellowship_programs"", ""impact_on"", ""residents_US_educational_experiences""], [""emergency_medicine_residents"", ""perform"", ""more_scans""], [""emergency_medicine_residents"", ""use"", ""bedside_US""], [""bedside_US"", ""used_for"", ""advanced_applications""], [""EUS_fellowships"", ""part_of"", ""Emergency_US_fellowship_programs""]]","[[""Emergency_US_fellowship_programs"", ""have"", ""positive_impact""], [""Emergency_US_fellowship_programs"", ""impact_on"", ""residents_US_educational_experiences""], [""emergency_medicine_residents"", ""perform"", ""more_scans""], [""emergency_medicine_residents"", ""use"", ""bedside_US""], [""bedside_US"", ""used_for"", ""advanced_applications""], [""USMLE_fellowships"", ""part_of"", ""Emergency_US_fellowship_programs""]]",0.7708333333333334,0.9439288377761841,0.9595672488212585,0.7708333333333334,0.7708333333333334,0.9933230323380837,0.9710740624376086,0.9488250925371337,0.9265761226366587,0.9043271527361836,0.8820781828357085,0.8598292129352335,0.8375802430347585,0.8153312731342834,0.7930823032338085,0.7708333333333334,0.9762258259468423,0.9877145431627292
178,Emergency US fellowship programs had a positive impact on residents' US educational experiences. Emergency medicine residents performed more scans overall and also used bedside US for more advanced applications in programs with EUS fellowships.,a positive impact on residents' US educational experiences had Emergency US fellowship programs. Emergency medicine residents performed more scans overall and also used bedside US for more advanced applications in programs with EUS fellowships.,"[[""Emergency_US_fellowship_programs"", ""have"", ""positive_impact""], [""positive_impact"", ""on"", ""residents_US_educational_experiences""], [""Emergency_medicine_residents"", ""perform"", ""more_scans""], [""Emergency_medicine_residents"", ""use"", ""bedside_US""], [""bedside_US"", ""used_for"", ""advanced_applications""], [""EUS_fellowships"", ""part_of"", ""programs""], [""programs"", ""have"", ""EUS_fellowships""]]","[[""Emergency_US_fellowship_programs"", ""have"", ""positive_impact""], [""positive_impact"", ""on"", ""residents_US_educational_experiences""], [""Emergency_medicine_residents"", ""perform"", ""more_scans""], [""Emergency_medicine_residents"", ""use"", ""bedside_US""], [""bedside_US"", ""used_for"", ""advanced_applications""], [""EUS_fellowships"", ""part_of"", ""programs""], [""programs"", ""have"", ""EUS_fellowships""]]",1.0,1.0,0.9999999403953552,1.0,1.0,0.9999998994733064,0.9999999095259757,0.9999999195786451,0.9999999296313145,0.9999999396839838,0.9999999497366532,0.9999999597893225,0.9999999698419919,0.9999999798946613,0.9999999899473306,1.0,0.9999999741713206,0.9999999865737904
179,Emergency US fellowship programs had a positive impact on residents' US educational experiences. Emergency medicine residents performed more scans overall and also used bedside US for more advanced applications in programs with EUS fellowships.,"Position emission tomography scanning appears to accurately change the stage or appropriately alter the therapy of almost a third of patients with advanced primary rectal cancer. In view of this, we suggest that position emission tomography scanning be considered part of standard workup for such patients, particularly if neoadjuvant chemoradiation is being considered as part of primary management.","[[""Emergency_US_fellowship_programs"", ""have"", ""positive_impact""], [""positive_impact"", ""on"", ""residents_US_educational_experiences""], [""Emergency_medicine_residents"", ""perform"", ""scans""], [""scans"", ""include"", ""bedside_US""], [""bedside_US"", ""used_for"", ""advanced_applications""], [""EUS_fellowships"", ""part_of"", ""Emergency_US_fellowship_programs""]]","[[""Position_emission_tomography_scanning"", ""accurately_change"", ""stage""], [""stage"", ""of"", ""patients_with_advanced_primary_rectal_cancer""], [""Position_emission_tomography_scanning"", ""alter"", ""therapy""], [""therapy"", ""of"", ""patients_with_advanced_primary_rectal_cancer""], [""Position_emission_tomography_scanning"", ""part_of"", ""standard_workup""], [""standard_workup"", ""for"", ""patients_with_advanced_primary_rectal_cancer""], [""neoadjuvant_chemoradiation"", ""part_of"", ""primary_management""], [""primary_management"", ""of"", ""patients_with_advanced_primary_rectal_cancer""]]",0.0,0.0,0.0,0.0,0.0,0.40158674524134874,0.3614280707172139,0.32126939619307904,0.2811107216689441,0.24095204714480922,0.20079337262067437,0.16063469809653952,0.12047602357240464,0.08031734904826973,0.040158674524134866,0.0,0.36992176477526073,0.5152547956365164
180,"For a given NIHSS score, the median volume of right hemisphere strokes is consistently larger than the median volume of left hemisphere strokes. The clinical implications of our finding need further exploration.","For a given NIHSS score, the median bulk of correct hemisphere shot is consistently big than the median volume of left hemisphere shot. The medical deduction of our determination need further exploration.","[[""NIHSS_score"", ""has"", ""median_volume""], [""median_volume_of_right_hemisphere_strokes"", ""is_larger_than"", ""median_volume_of_left_hemisphere_strokes""], [""right_hemisphere_strokes"", ""have"", ""median_volume""], [""left_hemisphere_strokes"", ""have"", ""median_volume""], [""clinical_implications"", ""need"", ""further_exploration""]]","[[""NIHSS_score"", ""has"", ""median_bulk""], [""median_bulk_of_correct_hemisphere_shot"", ""is_consistently_bigger_than"", ""median_volume_of_left_hemisphere_shot""], [""correct_hemisphere_shot"", ""has"", ""median_bulk""], [""left_hemisphere_shot"", ""has"", ""median_volume""], [""medical_deduction"", ""need"", ""further_exploration""]]",0.8,0.0,0.3206360340118408,0.15713484026367722,0.31162511942037574,0.8426745851059831,0.7895696385374225,0.7364646919688617,0.6833597454003009,0.6302547988317402,0.5771498522631795,0.5240449056946187,0.47093995912605796,0.4178350125574972,0.3647300659889365,0.31162511942037574,0.8156347578037604,0.7244573733680909
181,"For a given NIHSS score, the median volume of right hemisphere strokes is consistently larger than the median volume of left hemisphere strokes. The clinical implications of our finding need further exploration.","For a given AMDA score, the median volume of right hemisphere strokes is consistently larger than the median volume of left hemisphere strokes. The clinical implications of our finding need further exploration.","[[""NIHSS_score"", ""used_to_compare"", ""right_hemisphere_strokes""], [""NIHSS_score"", ""used_to_compare"", ""left_hemisphere_strokes""], [""right_hemisphere_strokes"", ""has_larger_median_volume_than"", ""left_hemisphere_strokes""], [""finding"", ""needs"", ""further_exploration""], [""finding"", ""has"", ""clinical_implications""]]","[[""AMDA_score"", ""used_to_compare"", ""right_hemisphere_strokes""], [""AMDA_score"", ""used_to_compare"", ""left_hemisphere_strokes""], [""right_hemisphere_strokes"", ""has_larger_median_volume_than"", ""left_hemisphere_strokes""], [""finding"", ""needs"", ""further_exploration""], [""finding"", ""has"", ""clinical_implications""]]",0.8,0.926616370677948,0.9754258394241333,0.8333333333333334,0.8333333333333334,0.9254845608589876,0.9162694381064221,0.9070543153538568,0.8978391926012913,0.8886240698487259,0.8794089470961605,0.870193824343595,0.8609787015910297,0.8517635788384642,0.8425484560858987,0.8333333333333334,0.9205685354436978,0.950706789552647
182,"For a given NIHSS score, the median volume of right hemisphere strokes is consistently larger than the median volume of left hemisphere strokes. The clinical implications of our finding need further exploration.","For a given NIHSS score, the median volume of right hemisphere strokes is consistently larger than the median volume of left hemisphere strokes. further exploration need The clinical implications of our finding.","[[""NIHSS_score"", ""has"", ""median_volume""], [""right_hemisphere_strokes"", ""has"", ""median_volume""], [""left_hemisphere_strokes"", ""has"", ""median_volume""], [""median_volume_of_right_hemisphere_strokes"", ""larger_than"", ""median_volume_of_left_hemisphere_strokes""], [""clinical_implications"", ""need"", ""further_exploration""]]","[[""NIHSS_score"", ""has"", ""median_volume""], [""right_hemisphere_strokes"", ""has"", ""median_volume""], [""left_hemisphere_strokes"", ""has"", ""median_volume""], [""median_volume_of_right_hemisphere_strokes"", ""larger_than"", ""median_volume_of_left_hemisphere_strokes""], [""clinical_implications"", ""need"", ""further_exploration""]]",1.0,0.9999998807907104,1.0,1.0,1.0,1.0,1.0,1.0,1.0,1.0,1.0,1.0,1.0,1.0,1.0,1.0,1.0,0.9999999847450622
183,"For a given NIHSS score, the median volume of right hemisphere strokes is consistently larger than the median volume of left hemisphere strokes. The clinical implications of our finding need further exploration.","A specialized training program to improve phonologic awareness as a basis for reading and writing in every kindergarten and preschool child seems to be unnecessary. However, children with temporary hearing deficits benefit from such a program. For all other children general perception training may be sufficient.","[[""NIHSS_score"", ""used_to_compare"", ""right_hemisphere_strokes""], [""NIHSS_score"", ""used_to_compare"", ""left_hemisphere_strokes""], [""right_hemisphere_strokes"", ""have_larger_median_volume_than"", ""left_hemisphere_strokes""], [""finding"", ""needs"", ""further_exploration""], [""finding"", ""has"", ""clinical_implications""]]","[[""specialized_training_program"", ""aims_to_improve"", ""phonologic_awareness""], [""specialized_training_program"", ""aims_to_improve"", ""reading""], [""specialized_training_program"", ""aims_to_improve"", ""writing""], [""specialized_training_program"", ""is"", ""unnecessary_for_kindergarten_children""], [""specialized_training_program"", ""is"", ""unnecessary_for_preschool_children""], [""children_with_temporary_hearing_deficits"", ""benefit_from"", ""specialized_training_program""], [""general_perception_training"", ""is"", ""sufficient_for_other_children""]]",0.0,0.0,0.0,0.0,0.0,0.3244474492045417,0.29200270428408753,0.2595579593636334,0.2271132144431792,0.194668469522725,0.16222372460227086,0.1297789796818167,0.09733423476136253,0.06488948984090832,0.03244474492045416,0.0,0.2888512854961395,0.5615186219222899
184,Comparison of mother-offspring and father-offspring associations for BMI suggests that intergenerational acceleration mechanisms do not make an important contribution to levels of childhood BMI within the population. Associations at later ages and for different components of body composition now require study.,Comparison of mother-offspring and father-offspring associations for BMI suggests that intergenerational quickening mechanics do not make an crucial contribution to levels of childhood BMI within the population. Associations at later ages and for different constituent of torso composition now require investigation.,"[[""mother_offspring_associations"", ""compared_to"", ""father_offspring_associations""], [""mother_offspring_associations"", ""suggest"", ""intergenerational_acceleration_mechanisms""], [""intergenerational_acceleration_mechanisms"", ""contribute_to"", ""childhood_BMI""], [""childhood_BMI"", ""studied_in"", ""population""], [""associations"", ""require_study"", ""later_ages""], [""associations"", ""require_study"", ""different_components_of_body_composition""]]","[[""mother_offspring_associations"", ""compared_to"", ""father_offspring_associations""], [""mother_offspring_associations"", ""suggest"", ""intergenerational_quickening_mechanics""], [""intergenerational_quickening_mechanics"", ""contribute_to"", ""childhood_BMI""], [""childhood_BMI"", ""studied_in"", ""population""], [""associations"", ""require_investigation"", ""later_ages""], [""associations"", ""require_investigation"", ""different_constituent_of_torso_composition""]]",1.0,0.6870614290237427,0.8454242944717407,0.5416666666666666,1.0,0.9652060298831483,0.9686854268948335,0.9721648239065186,0.9756442209182037,0.979123617929889,0.9826030149415741,0.9860824119532593,0.9895618089649445,0.9930412059766296,0.9965206029883148,1.0,0.9399154576567271,0.9249208630403571
185,Comparison of mother-offspring and father-offspring associations for BMI suggests that intergenerational acceleration mechanisms do not make an important contribution to levels of childhood BMI within the population. Associations at later ages and for different components of body composition now require study.,Comparison of mother-offspring and father-offspring associations for PSAV suggests that intergenerational acceleration mechanisms do not make an important contribution to levels of childhood BMI within the population. Associations at later ages and for different components of body composition now require study.,"[[""mother-offspring_associations"", ""compared_to"", ""father-offspring_associations""], [""mother-offspring_associations"", ""relation"", ""BMI""], [""father-offspring_associations"", ""relation"", ""BMI""], [""intergenerational_acceleration_mechanisms"", ""contribution_to"", ""childhood_BMI""], [""childhood_BMI"", ""require_study"", ""later_ages""], [""body_composition"", ""require_study"", ""different_components""]]","[[""mother-offspring_associations"", ""compared_to"", ""father-offspring_associations""], [""mother-offspring_associations"", ""relation"", ""PSAV""], [""father-offspring_associations"", ""relation"", ""PSAV""], [""intergenerational_acceleration_mechanisms"", ""contribution_to"", ""childhood_BMI""], [""childhood_BMI"", ""require_study"", ""later_ages""], [""body_composition"", ""require_study"", ""different_components""]]",0.5833333333333334,0.9608822464942932,0.9856030344963074,0.6666666666666666,0.720119037778775,0.9694099600686067,0.9444808678396235,0.9195517756106404,0.8946226833816571,0.869693591152674,0.8447644989236909,0.8198354066947077,0.7949063144657245,0.7699772222367414,0.7450481300077582,0.720119037778775,0.9600656620440668,0.9653961919100533
186,Comparison of mother-offspring and father-offspring associations for BMI suggests that intergenerational acceleration mechanisms do not make an important contribution to levels of childhood BMI within the population. Associations at later ages and for different components of body composition now require study.,Comparison of mother-offspring and father-offspring associations for BMI suggests that intergenerational acceleration mechanisms do not make an important contribution to levels of childhood BMI within the population. study now require Associations at later ages and for different components of body composition.,"[[""mother_offspring_associations"", ""compared_to"", ""father_offspring_associations""], [""mother_offspring_associations"", ""study"", ""BMI""], [""father_offspring_associations"", ""study"", ""BMI""], [""intergenerational_acceleration_mechanisms"", ""contribution_to"", ""childhood_BMI""], [""childhood_BMI"", ""studied_in"", ""population""], [""associations"", ""require_study"", ""later_ages""], [""body_composition"", ""require_study"", ""different_components""]]","[[""mother_offspring_associations"", ""compared_to"", ""father_offspring_associations""], [""mother_offspring_associations"", ""study"", ""BMI""], [""father_offspring_associations"", ""study"", ""BMI""], [""intergenerational_acceleration_mechanisms"", ""contribution_to"", ""childhood_BMI""], [""childhood_BMI"", ""studied_in"", ""population""], [""associations"", ""require_study"", ""later_ages""], [""body_composition"", ""require_study"", ""different_components""], [""study"", ""require"", ""associations_at_later_ages""], [""study"", ""require"", ""different_components_of_body_composition""]]",1.0,0.6812264323234558,0.845344066619873,0.8770580193070291,1.0,1.0,1.0,1.0,1.0,1.0,1.0,1.0,1.0,1.0,1.0,1.0,0.9999999738591058,0.9899927483043366
187,Comparison of mother-offspring and father-offspring associations for BMI suggests that intergenerational acceleration mechanisms do not make an important contribution to levels of childhood BMI within the population. Associations at later ages and for different components of body composition now require study.,"Patients in regional and rural settings were willing partners in developing skills of junior medical students, who had greater involvement in patient consultations than previously reported for urban students. Our study extends the findings from urban general practice that patients are underutilised partners in community-based medical training. The support of patients from regional and rural settings could facilitate the expansion of primary care-based medical education in these areas of workforce need.","[[""mother-offspring_associations"", ""compared_to"", ""father-offspring_associations""], [""mother-offspring_associations"", ""suggest"", ""intergenerational_acceleration_mechanisms""], [""intergenerational_acceleration_mechanisms"", ""contribution_to"", ""childhood_BMI""], [""childhood_BMI"", ""require_study"", ""later_ages""], [""childhood_BMI"", ""require_study"", ""different_components_of_body_composition""]]","[[""patients"", ""located_in"", ""regional_and_rural_settings""], [""patients"", ""partners_in"", ""medical_training""], [""junior_medical_students"", ""involved_in"", ""patient_consultations""], [""patients"", ""support"", ""expansion_of_primary_care-based_medical_education""], [""regional_and_rural_settings"", ""have"", ""workforce_need""], [""urban_general_practice"", ""findings_extended"", ""community-based_medical_training""], [""patients"", ""underutilised_partners"", ""community-based_medical_training""]]",0.0,0.0,0.0,0.0,0.0,0.3238388149635931,0.29145493346723383,0.2590710519708745,0.22668717047451517,0.19430328897815588,0.16191940748179656,0.12953552598543724,0.09715164448907795,0.06476776299271861,0.032383881496359304,0.0,0.25801855284732234,0.5071864330799882
188,"NT thickness does not show a significative increase in those women who subsequently develop GDM. Therefore, NT assessment does not prove to be an useful ultrasound parameter for predicting GDM onset during pregnancy.","a significative elevate in those women who subsequently develop GDM was shown by NT thickness. Therefore, NT assessment does not prove to be an useful ultrasound parameter for predicting GDM onset during pregnancy.","[[""NT_thickness"", ""does_not_show_increase_in"", ""women_who_develop_GDM""], [""women_who_develop_GDM"", ""develop"", ""gestational_diabetes_mellitus""], [""NT_assessment"", ""is_not_useful_for"", ""predicting_GDM_onset""], [""predicting_GDM_onset"", ""occurs_during"", ""pregnancy""], [""NT_assessment"", ""uses"", ""ultrasound""], [""ultrasound"", ""parameter_for"", ""NT_assessment""]]","[[""NT_thickness"", ""shows_elevate_in"", ""women_who_develop_GDM""], [""women_who_develop_GDM"", ""develop"", ""gestational_diabetes_mellitus""], [""NT_assessment"", ""is_not_useful_for"", ""predicting_GDM_onset""], [""predicting_GDM_onset"", ""occurs_during"", ""pregnancy""], [""NT_assessment"", ""uses"", ""ultrasound""], [""ultrasound"", ""parameter_for"", ""NT_assessment""]]",1.0,0.9999999403953552,0.9999998211860657,1.0,1.0,0.9976853223737878,0.997916790136409,0.9981482578990304,0.9983797256616513,0.9986111934242727,0.9988426611868939,0.9990741289495151,0.9993055967121364,0.9995370644747575,0.9997685322373788,1.0,0.9746512501624878,0.9916922347352324
189,"NT thickness does not show a significative increase in those women who subsequently develop GDM. Therefore, NT assessment does not prove to be an useful ultrasound parameter for predicting GDM onset during pregnancy.","NT thickness does not show a significative increase in those women who subsequently develop IMN. Therefore, NT assessment does not prove to be an useful ultrasound parameter for predicting GDM onset during pregnancy.","[[""NT_thickness"", ""does_not_increase_in"", ""women_who_develop_GDM""], [""NT_assessment"", ""not_useful_for"", ""predicting_GDM_onset""], [""predicting_GDM_onset"", ""happens_during"", ""pregnancy""], [""GDM"", ""abbreviates"", ""gestational_diabetes_mellitus""], [""NT_thickness"", ""measured_by"", ""ultrasound""], [""ultrasound"", ""used_for"", ""NT_assessment""]]","[[""NT_thickness"", ""does_not_increase_in"", ""women_who_develop_IMN""], [""NT_assessment"", ""not_useful_for"", ""predicting_GDM_onset""], [""predicting_GDM_onset"", ""happens_during"", ""pregnancy""], [""GDM"", ""abbreviates"", ""gestational_diabetes_mellitus""], [""NT_thickness"", ""measured_by"", ""ultrasound""], [""ultrasound"", ""used_for"", ""NT_assessment""], [""IMN"", ""not_related_to_NT_thickness"", ""NT_thickness""]]",1.0,0.8647275567054749,0.9058789610862732,0.7267486362195071,1.0,0.9944714440943155,0.9950242996848839,0.9955771552754524,0.9961300108660209,0.9966828664565893,0.9972357220471577,0.9977885776377262,0.9983414332282947,0.9988942888188631,0.9994471444094315,1.0,0.9805918124562485,0.9692894741210021
190,"NT thickness does not show a significative increase in those women who subsequently develop GDM. Therefore, NT assessment does not prove to be an useful ultrasound parameter for predicting GDM onset during pregnancy.","a significative increase in those women who subsequently develop GDM does not show NT thickness. Therefore, NT assessment does not prove to be an useful ultrasound parameter for predicting GDM onset during pregnancy.","[[""NT_thickness"", ""does_not_show_increase_in"", ""women_who_develop_GDM""], [""women_who_develop_GDM"", ""develop"", ""gestational_diabetes_mellitus""], [""NT_assessment"", ""not_useful_for"", ""predicting_GDM_onset""], [""predicting_GDM_onset"", ""occurs_during"", ""pregnancy""], [""NT_assessment"", ""uses"", ""ultrasound_parameter""], [""ultrasound_parameter"", ""used_for"", ""predicting_GDM_onset""]]","[[""NT_thickness"", ""does_not_show_increase_in"", ""women_who_develop_GDM""], [""women_who_develop_GDM"", ""develop"", ""gestational_diabetes_mellitus""], [""NT_assessment"", ""not_useful_for"", ""predicting_GDM_onset""], [""predicting_GDM_onset"", ""occurs_during"", ""pregnancy""], [""NT_assessment"", ""uses"", ""ultrasound_parameter""], [""ultrasound_parameter"", ""used_for"", ""predicting_GDM_onset""]]",1.0,1.0,1.0,1.0,1.0,1.0,1.0,1.0,1.0,1.0,1.0,1.0,1.0,1.0,1.0,1.0,0.9999999656563696,0.9999999863793769
191,"NT thickness does not show a significative increase in those women who subsequently develop GDM. Therefore, NT assessment does not prove to be an useful ultrasound parameter for predicting GDM onset during pregnancy.","The effects of the intervention were most pronounced after the first intervention. Compared to usual care, telephone counseling seemed particularly effective at promoting change among nonadherent women, the group for whom the intervention was developed. These results suggest that telephone counseling, rather than tailored print, might be the preferred first-line intervention for getting nonadherent women on schedule for mammography screening. Many questions would have to be answered about why the tailored print intervention was not more powerful. Nevertheless, it is clear that additional interventions will be needed to maintain women's adherence to mammography. Medical Subject Headings (MeSH): mammography screening, telephone counseling, tailored print communications, barriers.","[[""NT_thickness"", ""does_not_increase"", ""in_women_who_develop_GDM""], [""women_who_develop_GDM"", ""develop"", ""gestational_diabetes_mellitus""], [""NT_assessment"", ""not_useful_for"", ""predicting_GDM_onset""], [""predicting_GDM_onset"", ""involves"", ""gestational_diabetes_mellitus""], [""predicting_GDM_onset"", ""occurs_during"", ""pregnancy""], [""NT_assessment"", ""uses"", ""ultrasound""]]","[[""intervention"", ""had_pronounced_effects"", ""after_first_intervention""], [""intervention"", ""compared_to"", ""usual_care""], [""telephone_counseling"", ""promotes_change"", ""among_nonadherent_women""], [""nonadherent_women"", ""received"", ""telephone_counseling""], [""telephone_counseling"", ""preferred_over"", ""tailored_print""], [""tailored_print"", ""less_effective"", ""than_telephone_counseling""], [""intervention"", ""aimed_at"", ""nonadherent_women""], [""nonadherent_women"", ""need"", ""additional_interventions""], [""additional_interventions"", ""required_for"", ""maintaining_adherence_to_mammography""], [""mammography"", ""involves"", ""mammography_screening""], [""intervention"", ""involves"", ""telephone_counseling""], [""intervention"", ""involves"", ""tailored_print""], [""mammography_screening"", ""has"", ""barriers""]]",0.0,0.0,0.0,0.0,0.0,0.48998030368975976,0.44098227332078377,0.39198424295180784,0.3429862125828318,0.29398818221385586,0.24499015184487988,0.19599212147590392,0.14699409110692796,0.09799606073795193,0.048998030368975966,0.0,0.3899871362341923,0.49777716454690846
192,"In this population, neither BMI nor neck circumference nor waist circumference is predictive of autoCPAP pressure. Therefore, the previously derived algorithm does not adequately predict the fixed CPAP pressure for subsequent clinical use in these obese individuals. In addition, some subjects without OSA generated high autoCPAP pressures, and thus, the correlation between OSA severity and autoCPAP pressure was only moderate.","In this population, neither BMI nor neck circumference nor waist circumference is predictive of autoCPAP pressure. the fixed CPAP pressure for subsequent medical use in these obese individuals was predicted by the previously derived algorithm. In addition, certain subjects without OSA generated high autoCPAP pressures, and thus, the correlation between OSA severity and autoCPAP pressure was only moderate.","[[""BMI"", ""not_predictive_of"", ""autoCPAP_pressure""], [""neck_circumference"", ""not_predictive_of"", ""autoCPAP_pressure""], [""waist_circumference"", ""not_predictive_of"", ""autoCPAP_pressure""], [""algorithm"", ""not_adequate_for"", ""predicting_fixed_CPAP_pressure""], [""subjects_without_OSA"", ""generated"", ""high_autoCPAP_pressures""], [""OSA_severity"", ""correlated_with"", ""autoCPAP_pressure""]]","[[""BMI"", ""not_predictive_of"", ""autoCPAP_pressure""], [""neck_circumference"", ""not_predictive_of"", ""autoCPAP_pressure""], [""waist_circumference"", ""not_predictive_of"", ""autoCPAP_pressure""], [""algorithm"", ""predicts"", ""fixed_CPAP_pressure""], [""fixed_CPAP_pressure"", ""used_for"", ""medical_use""], [""subjects_without_OSA"", ""generated"", ""high_autoCPAP_pressures""], [""OSA_severity"", ""correlated_with"", ""autoCPAP_pressure""]]",1.0,0.7822881937026978,0.901465654373169,0.7554329965957794,1.0,0.9971782759952683,0.9974604483957414,0.9977426207962148,0.9980247931966877,0.998306965597161,0.9985891379976342,0.9988713103981073,0.9991534827985805,0.9994356551990536,0.9997178275995269,1.0,0.9742159083166182,0.9761937678592256
193,"In this population, neither BMI nor neck circumference nor waist circumference is predictive of autoCPAP pressure. Therefore, the previously derived algorithm does not adequately predict the fixed CPAP pressure for subsequent clinical use in these obese individuals. In addition, some subjects without OSA generated high autoCPAP pressures, and thus, the correlation between OSA severity and autoCPAP pressure was only moderate.","In this population, neither BMI nor neck circumference nor waist circumference is predictive of autoCPAP pressure. Therefore, the previously derived algorithm does not adequately predict the fixed CPAP pressure for subsequent clinical use in these obese individuals. In addition, some subjects without PRISM generated high autoCPAP pressures, and thus, the correlation between OSA severity and autoCPAP pressure was only moderate.","[[""BMI"", ""not_predictive_of"", ""autoCPAP_pressure""], [""neck_circumference"", ""not_predictive_of"", ""autoCPAP_pressure""], [""waist_circumference"", ""not_predictive_of"", ""autoCPAP_pressure""], [""previously_derived_algorithm"", ""not_adequate_for"", ""predicting_fixed_CPAP_pressure""], [""subjects_without_OSA"", ""generated"", ""high_autoCPAP_pressures""], [""OSA_severity"", ""correlated_with"", ""autoCPAP_pressure""]]","[[""BMI"", ""not_predictive_of"", ""autoCPAP_pressure""], [""neck_circumference"", ""not_predictive_of"", ""autoCPAP_pressure""], [""waist_circumference"", ""not_predictive_of"", ""autoCPAP_pressure""], [""previously_derived_algorithm"", ""not_adequate_for"", ""predicting_fixed_CPAP_pressure""], [""subjects_without_PRISM"", ""generated"", ""high_autoCPAP_pressures""], [""OSA_severity"", ""correlated_with"", ""autoCPAP_pressure""]]",0.6390096504226939,0.955962598323822,0.9776694774627686,0.8888888888888888,0.8866450562554967,0.9936749705674549,0.982971979136259,0.9722689877050633,0.9615659962738674,0.9508630048426716,0.9401600134114758,0.92945702198028,0.9187540305490842,0.9080510391178883,0.8973480476866926,0.8866450562554967,0.9703199285881892,0.9902699537264237
194,"In this population, neither BMI nor neck circumference nor waist circumference is predictive of autoCPAP pressure. Therefore, the previously derived algorithm does not adequately predict the fixed CPAP pressure for subsequent clinical use in these obese individuals. In addition, some subjects without OSA generated high autoCPAP pressures, and thus, the correlation between OSA severity and autoCPAP pressure was only moderate.","In this population, neither BMI nor neck circumference nor waist circumference is predictive of autoCPAP pressure. Therefore, the fixed CPAP pressure for subsequent clinical use in these obese individuals does not adequately predict the previously derived algorithm. In addition, some subjects without OSA generated high autoCPAP pressures, and thus, the correlation between OSA severity and autoCPAP pressure was only moderate.","[[""BMI"", ""not_predictive_of"", ""autoCPAP_pressure""], [""neck_circumference"", ""not_predictive_of"", ""autoCPAP_pressure""], [""waist_circumference"", ""not_predictive_of"", ""autoCPAP_pressure""], [""algorithm"", ""not_adequately_predictive_of"", ""fixed_CPAP_pressure""], [""subjects_without_OSA"", ""generated"", ""high_autoCPAP_pressures""]]","[[""BMI"", ""not_predictive_of"", ""autoCPAP_pressure""], [""neck_circumference"", ""not_predictive_of"", ""autoCPAP_pressure""], [""waist_circumference"", ""not_predictive_of"", ""autoCPAP_pressure""], [""fixed_CPAP_pressure"", ""not_adequately_predicted_by"", ""algorithm""], [""subjects_without_OSA"", ""generated"", ""high_autoCPAP_pressures""]]",1.0,0.9999999403953552,0.9999999403953552,0.7916666666666666,0.7916666666666666,0.9976111757765803,0.977016724865589,0.9564222739545977,0.9358278230436061,0.9152333721326148,0.8946389212216235,0.8740444703106321,0.8534500193996407,0.8328555684886494,0.8122611175776581,0.7916666666666666,0.9918221327550722,0.9933463372961663
195,"In this population, neither BMI nor neck circumference nor waist circumference is predictive of autoCPAP pressure. Therefore, the previously derived algorithm does not adequately predict the fixed CPAP pressure for subsequent clinical use in these obese individuals. In addition, some subjects without OSA generated high autoCPAP pressures, and thus, the correlation between OSA severity and autoCPAP pressure was only moderate.","Most students do not encounter all 10 conditions during patient encounters throughout a 4-week EM rotation, although most have exposure to at least eight. Certain conditions are far less likely than others to be encountered, and may need to be taught in a nonclinical setting.","[[""BMI"", ""not_predictive_of"", ""autoCPAP_pressure""], [""neck_circumference"", ""not_predictive_of"", ""autoCPAP_pressure""], [""waist_circumference"", ""not_predictive_of"", ""autoCPAP_pressure""], [""algorithm"", ""does_not_adequately_predict"", ""fixed_CPAP_pressure""], [""subjects_without_OSA"", ""generate"", ""high_autoCPAP_pressures""], [""OSA_severity"", ""correlated_with"", ""autoCPAP_pressure""]]","[[""students"", ""do_not_encounter"", ""all_10_conditions""], [""students"", ""encounter"", ""at_least_eight_conditions""], [""certain_conditions"", ""need_to_be_taught"", ""nonclinical_setting""], [""patient_encounters"", ""occur_during"", ""4-week_EM_rotation""], [""EM_rotation"", ""lasts"", ""4_weeks""]]",0.0,0.0,0.1254647672176361,0.0,0.0,0.37002661319101793,0.33302395187191614,0.29602129055281434,0.25901862923371255,0.22201596791461076,0.18501330659550896,0.14801064527640717,0.11100798395730539,0.07400532263820357,0.037002661319101786,0.0,0.3054671525137903,0.43930532254763166
196,"Our results indicate that when controlled for patient, tumor, and hospital factors, patients who traveled a long distance to a high-volume center had improved lymph node yield, neoadjuvant chemoradiation receipt, and 30- and 90-day mortality compared with those who traveled a short distance to a low-volume center. They also had improved 5-year survival. See Video Abstract at http://links.lww.com/DCR/A446.","Our consequence indicate that when controlled for individual, tumor, and infirmary component, individuals who traveled a retentive length to a high-bulk center had improved lymph node yield, neoadjuvant chemoradiation receipt, and 30- and 90-day mortality compared with those who traveled a short distance to a low-volume centre. They also had improved 5-year survival. See Video Abstract at http://links.lww.com/DCR/A446.","[[""patients"", ""traveling_to"", ""high-volume_center""], [""high-volume_center"", ""compared_to"", ""low-volume_center""], [""patients"", ""had_improved"", ""lymph_node_yield""], [""patients"", ""had_improved"", ""neoadjuvant_chemoradiation_receipt""], [""patients"", ""had_improved"", ""30-day_mortality""], [""patients"", ""had_improved"", ""90-day_mortality""], [""patients"", ""had_improved"", ""5-year_survival""], [""Video_Abstract"", ""located_at"", ""http://links.lww.com/DCR/A446""]]","[[""individuals"", ""traveling_to"", ""high-bulk_center""], [""high-bulk_center"", ""compared_to"", ""low-volume_centre""], [""individuals"", ""had_improved"", ""lymph_node_yield""], [""individuals"", ""had_improved"", ""neoadjuvant_chemoradiation_receipt""], [""individuals"", ""had_improved"", ""30-day_mortality""], [""individuals"", ""had_improved"", ""90-day_mortality""], [""individuals"", ""had_improved"", ""5-year_survival""], [""Video_Abstract"", ""located_at"", ""http://links.lww.com/DCR/A446""], [""individuals"", ""controlled_for"", ""individual_component""], [""individuals"", ""controlled_for"", ""tumor_component""], [""individuals"", ""controlled_for"", ""infirmary_component""]]",0.875,0.11261365562677383,0.699295163154602,0.6139406135149204,0.8033866488353424,0.9070506579034624,0.8966842569966504,0.8863178560898385,0.8759514551830263,0.8655850542762145,0.8552186533694024,0.8448522524625903,0.8344858515557785,0.8241194506489664,0.8137530497421543,0.8033866488353424,0.9324460925070592,0.723553588256613
197,"Our results indicate that when controlled for patient, tumor, and hospital factors, patients who traveled a long distance to a high-volume center had improved lymph node yield, neoadjuvant chemoradiation receipt, and 30- and 90-day mortality compared with those who traveled a short distance to a low-volume center. They also had improved 5-year survival. See Video Abstract at http://links.lww.com/DCR/A446.","Our results indicate that when controlled for patient, tumor, and hospital factors, patients who traveled a long distance to a high-volume center had improved lymph node yield, neoadjuvant chemoradiation receipt, and 16- and 57-day mortality compared with those who traveled a short distance to a low-volume center. They also had improved 8-year survival. See Video Abstract at http://links.lww.com/DCR/A446.","[[""patients"", ""traveled_to"", ""high-volume_center""], [""high-volume_center"", ""compared_to"", ""low-volume_center""], [""patients"", ""experienced"", ""improved_lymph_node_yield""], [""patients"", ""received"", ""neoadjuvant_chemoradiation""], [""patients"", ""had"", ""improved_30-day_mortality""], [""patients"", ""had"", ""improved_90-day_mortality""], [""patients"", ""had"", ""improved_5-year_survival""], [""Video_Abstract"", ""available_at"", ""http://links.lww.com/DCR/A446""]]","[[""patients"", ""traveled_to"", ""high-volume_center""], [""high-volume_center"", ""compared_to"", ""low-volume_center""], [""patients"", ""experienced"", ""improved_lymph_node_yield""], [""patients"", ""received"", ""neoadjuvant_chemoradiation""], [""patients"", ""had"", ""improved_16-day_mortality""], [""patients"", ""had"", ""improved_57-day_mortality""], [""patients"", ""had"", ""improved_8-year_survival""], [""Video_Abstract"", ""available_at"", ""http://links.lww.com/DCR/A446""]]",1.0,0.7430311441421509,0.9094241857528687,0.6166666666666667,0.8820629112619283,0.9785704147877017,0.9689196644351243,0.959268914082547,0.9496181637299697,0.9399674133773923,0.930316663024815,0.9206659126722376,0.9110151623196603,0.901364411967083,0.8917136616145056,0.8820629112619283,0.9773160609473394,0.9914729894200891
198,"Our results indicate that when controlled for patient, tumor, and hospital factors, patients who traveled a long distance to a high-volume center had improved lymph node yield, neoadjuvant chemoradiation receipt, and 30- and 90-day mortality compared with those who traveled a short distance to a low-volume center. They also had improved 5-year survival. See Video Abstract at http://links.lww.com/DCR/A446.","Our results indicate that when controlled for patient, tumor, and hospital factors, patients who traveled a long distance to a high-volume center had improved lymph node yield, neoadjuvant chemoradiation receipt, and 30- and 90-day mortality compared with those who traveled a short distance to a low-volume center. 5-year survival also had improved They. See Video Abstract at http://links.lww.com/DCR/A446.","[[""patients"", ""traveled"", ""long_distance""], [""long_distance"", ""to"", ""high-volume_center""], [""patients"", ""had"", ""improved_lymph_node_yield""], [""patients"", ""had"", ""neoadjuvant_chemoradiation_receipt""], [""patients"", ""had"", ""improved_30-_and_90-day_mortality""], [""patients"", ""had"", ""improved_5-year_survival""], [""high-volume_center"", ""compared_to"", ""low-volume_center""], [""patients"", ""traveled"", ""short_distance""], [""short_distance"", ""to"", ""low-volume_center""]]","[[""patients"", ""traveled"", ""long_distance""], [""long_distance"", ""to"", ""high-volume_center""], [""patients"", ""had"", ""improved_lymph_node_yield""], [""patients"", ""had"", ""neoadjuvant_chemoradiation_receipt""], [""patients"", ""had"", ""improved_30-_and_90-day_mortality""], [""patients"", ""had"", ""improved_5-year_survival""], [""high-volume_center"", ""compared_to"", ""low-volume_center""], [""patients"", ""traveled"", ""short_distance""], [""short_distance"", ""to"", ""low-volume_center""]]",1.0,0.9999998807907104,1.0,1.0,1.0,1.0,1.0,1.0,1.0,1.0,1.0,1.0,1.0,1.0,1.0,1.0,0.9999999980131785,0.9999999881050843
199,"Our results indicate that when controlled for patient, tumor, and hospital factors, patients who traveled a long distance to a high-volume center had improved lymph node yield, neoadjuvant chemoradiation receipt, and 30- and 90-day mortality compared with those who traveled a short distance to a low-volume center. They also had improved 5-year survival. See Video Abstract at http://links.lww.com/DCR/A446.","Aplastic anemia is associated with a variety of autoimmune syndromes. The sequence of events in our patient suggests that the hepatic failure, AFOP, and the VSAA may all have been part of an autoimmune syndrome. AFOP could be the result of immune dysregulation in this pediatric case with favorable outcome after immunosuppressive therapy and hematopoietic stem cell transplantation.","[[""patients"", ""traveled"", ""long_distance""], [""long_distance"", ""to"", ""high-volume_center""], [""high-volume_center"", ""compared_to"", ""low-volume_center""], [""patients"", ""had"", ""improved_lymph_node_yield""], [""patients"", ""had"", ""neoadjuvant_chemoradiation_receipt""], [""patients"", ""had"", ""improved_30-and_90-day_mortality""], [""patients"", ""had"", ""improved_5-year_survival""], [""high-volume_center"", ""controlled_for"", ""patient_factors""], [""high-volume_center"", ""controlled_for"", ""tumor_factors""], [""high-volume_center"", ""controlled_for"", ""hospital_factors""], [""low-volume_center"", ""controlled_for"", ""patient_factors""], [""low-volume_center"", ""controlled_for"", ""tumor_factors""], [""low-volume_center"", ""controlled_for"", ""hospital_factors""]]","[[""Aplastic_anemia"", ""associated_with"", ""autoimmune_syndromes""], [""hepatic_failure"", ""part_of"", ""autoimmune_syndrome""], [""AFOP"", ""part_of"", ""autoimmune_syndrome""], [""VSAA"", ""part_of"", ""autoimmune_syndrome""], [""AFOP"", ""result_of"", ""immune_dysregulation""], [""patient"", ""had"", ""favorable_outcome""], [""patient"", ""received"", ""immunosuppressive_therapy""], [""patient"", ""received"", ""hematopoietic_stem_cell_transplantation""]]",0.034020690871988585,0.0,0.0,0.0,0.029012942659282972,0.5262759029537135,0.47654960692427045,0.42682331089482745,0.37709701486538433,0.32737071883594127,0.27764442280649826,0.2279181267770552,0.17819183074761216,0.12846553471816907,0.07873923868872601,0.029012942659282972,0.4689905099606919,0.6141953293913751
200,The results of this study cast doubt on the importance of LOC as a predictor of neuropsychological test performance during the acute phase of recovery from mild traumatic brain injury. Neuropsychological testing procedures have been shown to be sensitive in measuring cognitive sequelae of mild traumatic brain injury (concussion) in athletes. The failure of this study to find any relationship between LOC and neuropsychological functioning in a large sample of patients with mild head trauma calls into question the assignment of primary importance to LOC in grading severity of concussion. This study also does not provide support for the use of guidelines that rely heavily on LOC in making return-to-play decisions. Continued research is necessary to determine the relative importance of markers of concussion in athletes.,doubt was casted by The findings of this investigation. Neuropsychological testing procedures have been shown to be sensitive in measuring cognitive sequelae of mild traumatic brain injury (concussion) in athletes. The failure of this study to observe any relationship between LOC and neuropsychological functioning in a large sample of individuals with mild head trauma calls into question the assignment of primary importance to LOC in grading severity of concussion. This study also does not provide support for the use of guidelines that rely heavily on LOC in making return-to-play decisions. Continued research is necessary to determine the relative importance of markers of concussion in athletes.,"[[""study"", ""casts_doubt_on"", ""importance_of_LOC""], [""importance_of_LOC"", ""as_predictor_of"", ""neuropsychological_test_performance""], [""neuropsychological_test_performance"", ""measured_during"", ""acute_phase_of_recovery""], [""acute_phase_of_recovery"", ""part_of"", ""recovery_from_mild_traumatic_brain_injury""], [""neuropsychological_testing_procedures"", ""sensitive_in_measuring"", ""cognitive_sequelae""], [""cognitive_sequelae"", ""of"", ""mild_traumatic_brain_injury""], [""mild_traumatic_brain_injury"", ""also_known_as"", ""concussion""], [""concussion"", ""occurs_in"", ""athletes""], [""study"", ""finds_no_relationship_between"", ""LOC_and_neuropsychological_functioning""], [""LOC_and_neuropsychological_functioning"", ""measured_in"", ""patients_with_mild_head_trauma""], [""study"", ""calls_into_question"", ""assignment_of_primary_importance_to_LOC""], [""assignment_of_primary_importance_to_LOC"", ""in"", ""grading_severity_of_concussion""], [""study"", ""does_not_support"", ""use_of_guidelines""], [""use_of_guidelines"", ""that_rely_heavily_on"", ""LOC""], [""LOC"", ""used_in"", ""making_return-to-play_decisions""], [""study"", ""emphasizes_need_for"", ""continued_research""], [""continued_research"", ""necessary_to_determine"", ""relative_importance_of_markers""], [""relative_importance_of_markers"", ""of"", ""concussion""], [""relative_importance_of_markers"", ""in"", ""athletes""]]","[[""investigation"", ""findings"", ""cast_doubt""], [""doubt"", ""on_importance_of"", ""LOC""], [""LOC"", ""related_to"", ""neuropsychological_functioning""], [""neuropsychological_functioning"", ""measured_in"", ""individuals_with_mild_head_trauma""], [""study"", ""finds_no_relationship_between"", ""LOC_and_neuropsychological_functioning""], [""LOC_and_neuropsychological_functioning"", ""measured_in"", ""large_sample""], [""study"", ""calls_into_question"", ""assignment_of_primary_importance_to_LOC""], [""assignment_of_primary_importance_to_LOC"", ""in"", ""grading_severity_of_concussion""], [""study"", ""does_not_support"", ""use_of_guidelines""], [""use_of_guidelines"", ""that_rely_heavily_on"", ""LOC""], [""LOC"", ""used_in"", ""making_return-to-play_decisions""], [""study"", ""emphasizes_need_for"", ""continued_research""], [""continued_research"", ""necessary_to_determine"", ""relative_importance_of_markers""], [""relative_importance_of_markers"", ""of"", ""concussion""], [""relative_importance_of_markers"", ""in"", ""athletes""], [""neuropsychological_testing_procedures"", ""sensitive_in_measuring"", ""cognitive_sequelae""], [""cognitive_sequelae"", ""of"", ""mild_traumatic_brain_injury""], [""mild_traumatic_brain_injury"", ""also_known_as"", ""concussion""], [""concussion"", ""occurs_in"", ""athletes""]]",0.3953329688859207,0.0953744426369667,0.7922224402427673,0.28214404682341737,0.6412396366452547,0.992005927301312,0.9569292982357063,0.9218526691701007,0.8867760401044947,0.8516994110388891,0.8166227819732834,0.7815461529076777,0.746469523842072,0.7113928947764663,0.6763162657108605,0.6412396366452547,0.9514127505760521,0.8099977912189906
201,The results of this study cast doubt on the importance of LOC as a predictor of neuropsychological test performance during the acute phase of recovery from mild traumatic brain injury. Neuropsychological testing procedures have been shown to be sensitive in measuring cognitive sequelae of mild traumatic brain injury (concussion) in athletes. The failure of this study to find any relationship between LOC and neuropsychological functioning in a large sample of patients with mild head trauma calls into question the assignment of primary importance to LOC in grading severity of concussion. This study also does not provide support for the use of guidelines that rely heavily on LOC in making return-to-play decisions. Continued research is necessary to determine the relative importance of markers of concussion in athletes.,The results of this study cast doubt on the importance of Systemic Inflammatory Response Syndrome as a predictor of neuropsychological test performance during the acute phase of recovery from mild traumatic brain injury. Neuropsychological testing procedures have been shown to be sensitive in measuring cognitive sequelae of mild traumatic brain injury (concussion) in athletes. The failure of this study to find any relationship between LOC and neuropsychological functioning in a large sample of patients with mild head trauma calls into question the assignment of primary importance to LOC in grading severity of concussion. This study also does not provide support for the use of guidelines that rely heavily on LOC in making return-to-play decisions. Continued research is necessary to determine the relative importance of markers of concussion in athletes.,"[[""results_of_study"", ""cast_doubt_on"", ""importance_of_loc""], [""importance_of_loc"", ""as_predictor_of"", ""neuropsychological_test_performance""], [""neuropsychological_test_performance"", ""measured_during"", ""acute_phase_of_recovery""], [""acute_phase_of_recovery"", ""from"", ""mild_traumatic_brain_injury""], [""neuropsychological_testing_procedures"", ""sensitive_in_measuring"", ""cognitive_sequelae""], [""cognitive_sequelae"", ""of"", ""mild_traumatic_brain_injury""], [""mild_traumatic_brain_injury"", ""also_known_as"", ""concussion""], [""concussion"", ""in"", ""athletes""], [""study"", ""failed_to_find_relationship"", ""between_loc_and_neuropsychological_functioning""], [""loc"", ""relationship_with"", ""neuropsychological_functioning""], [""study"", ""calls_into_question"", ""assignment_of_primary_importance_to_loc""], [""assignment_of_primary_importance_to_loc"", ""in"", ""grading_severity_of_concussion""], [""study"", ""does_not_support"", ""use_of_guidelines""], [""use_of_guidelines"", ""that_rely_heavily_on"", ""loc""], [""loc"", ""used_in"", ""making_return-to-play_decisions""], [""research"", ""necessary_to_determine"", ""relative_importance_of_markers""], [""markers"", ""of"", ""concussion""], [""markers"", ""in"", ""athletes""]]","[[""results_of_study"", ""cast_doubt_on"", ""importance_of_systemic_inflammatory_response_syndrome""], [""importance_of_systemic_inflammatory_response_syndrome"", ""as_predictor_of"", ""neuropsychological_test_performance""], [""neuropsychological_test_performance"", ""measured_during"", ""acute_phase_of_recovery""], [""acute_phase_of_recovery"", ""from"", ""mild_traumatic_brain_injury""], [""neuropsychological_testing_procedures"", ""sensitive_in_measuring"", ""cognitive_sequelae""], [""cognitive_sequelae"", ""of"", ""mild_traumatic_brain_injury""], [""mild_traumatic_brain_injury"", ""also_known_as"", ""concussion""], [""concussion"", ""in"", ""athletes""], [""study"", ""failed_to_find_relationship"", ""between_loc_and_neuropsychological_functioning""], [""loc"", ""relationship_with"", ""neuropsychological_functioning""], [""study"", ""calls_into_question"", ""assignment_of_primary_importance_to_loc""], [""assignment_of_primary_importance_to_loc"", ""in"", ""grading_severity_of_concussion""], [""study"", ""does_not_support"", ""use_of_guidelines""], [""use_of_guidelines"", ""that_rely_heavily_on"", ""loc""], [""loc"", ""used_in"", ""making_return-to-play_decisions""], [""research"", ""necessary_to_determine"", ""relative_importance_of_markers""], [""markers"", ""of"", ""concussion""], [""markers"", ""in"", ""athletes""]]",0.7165410061057312,0.9641425013542175,0.9911344051361084,0.9083333333333333,0.949586878505592,0.995191636118731,0.990631160357417,0.9860706845961033,0.9815102088347892,0.9769497330734753,0.9723892573121615,0.9678287815508476,0.9632683057895337,0.9587078300282198,0.9541473542669059,0.949586878505592,0.9847967858227628,0.9712650884339352
202,The results of this study cast doubt on the importance of LOC as a predictor of neuropsychological test performance during the acute phase of recovery from mild traumatic brain injury. Neuropsychological testing procedures have been shown to be sensitive in measuring cognitive sequelae of mild traumatic brain injury (concussion) in athletes. The failure of this study to find any relationship between LOC and neuropsychological functioning in a large sample of patients with mild head trauma calls into question the assignment of primary importance to LOC in grading severity of concussion. This study also does not provide support for the use of guidelines that rely heavily on LOC in making return-to-play decisions. Continued research is necessary to determine the relative importance of markers of concussion in athletes.,doubt cast The results of this study on the importance of LOC as a predictor of neuropsychological test performance during the acute phase of recovery from mild traumatic brain injury. Neuropsychological testing procedures have been shown to be sensitive in measuring cognitive sequelae of mild traumatic brain injury (concussion) in athletes. The failure of this study to find any relationship between LOC and neuropsychological functioning in a large sample of patients with mild head trauma calls into question the assignment of primary importance to LOC in grading severity of concussion. This study also does not provide support for the use of guidelines that rely heavily on LOC in making return-to-play decisions. Continued research is necessary to determine the relative importance of markers of concussion in athletes.,"[[""study"", ""casts_doubt_on"", ""importance_of_LOC""], [""importance_of_LOC"", ""related_to"", ""neuropsychological_test_performance""], [""neuropsychological_test_performance"", ""measured_during"", ""acute_phase_of_recovery""], [""acute_phase_of_recovery"", ""part_of"", ""recovery_from_mild_traumatic_brain_injury""], [""neuropsychological_testing_procedures"", ""sensitive_to"", ""cognitive_sequelae_of_mild_traumatic_brain_injury""], [""cognitive_sequelae_of_mild_traumatic_brain_injury"", ""occurs_in"", ""athletes""], [""study"", ""finds_no_relationship_between"", ""LOC_and_neuropsychological_functioning""], [""LOC_and_neuropsychological_functioning"", ""measured_in"", ""patients_with_mild_head_trauma""], [""study"", ""calls_into_question"", ""assignment_of_primary_importance_to_LOC""], [""assignment_of_primary_importance_to_LOC"", ""part_of"", ""grading_severity_of_concussion""], [""study"", ""does_not_support"", ""use_of_guidelines""], [""use_of_guidelines"", ""relies_heavily_on"", ""LOC""], [""LOC"", ""used_in"", ""making_return-to-play_decisions""], [""study"", ""emphasizes_need_for"", ""continued_research""], [""continued_research"", ""necessary_to_determine"", ""relative_importance_of_markers_of_concussion""], [""relative_importance_of_markers_of_concussion"", ""determined_in"", ""athletes""]]","[[""doubt"", ""cast_on"", ""importance_of_LOC""], [""importance_of_LOC"", ""related_to"", ""neuropsychological_test_performance""], [""neuropsychological_test_performance"", ""measured_during"", ""acute_phase_of_recovery""], [""acute_phase_of_recovery"", ""part_of"", ""recovery_from_mild_traumatic_brain_injury""], [""neuropsychological_testing_procedures"", ""sensitive_to"", ""cognitive_sequelae_of_mild_traumatic_brain_injury""], [""cognitive_sequelae_of_mild_traumatic_brain_injury"", ""occurs_in"", ""athletes""], [""study"", ""finds_no_relationship_between"", ""LOC_and_neuropsychological_functioning""], [""LOC_and_neuropsychological_functioning"", ""measured_in"", ""patients_with_mild_head_trauma""], [""study"", ""calls_into_question"", ""assignment_of_primary_importance_to_LOC""], [""assignment_of_primary_importance_to_LOC"", ""part_of"", ""grading_severity_of_concussion""], [""study"", ""does_not_support"", ""use_of_guidelines""], [""use_of_guidelines"", ""relies_heavily_on"", ""LOC""], [""LOC"", ""used_in"", ""making_return-to-play_decisions""], [""study"", ""emphasizes_need_for"", ""continued_research""], [""continued_research"", ""necessary_to_determine"", ""relative_importance_of_markers_of_concussion""], [""relative_importance_of_markers_of_concussion"", ""determined_in"", ""athletes""]]",0.7606087305741639,0.8314250111579895,0.9700936675071716,0.9241868199346309,0.9241868199346309,0.998584680626244,0.9911448945570827,0.9837051084879214,0.9762653224187601,0.9688255363495987,0.9613857502804375,0.9539459642112762,0.9465061781421148,0.9390663920729535,0.9316266060037922,0.9241868199346309,0.9811473272338668,0.998286014521311
203,The results of this study cast doubt on the importance of LOC as a predictor of neuropsychological test performance during the acute phase of recovery from mild traumatic brain injury. Neuropsychological testing procedures have been shown to be sensitive in measuring cognitive sequelae of mild traumatic brain injury (concussion) in athletes. The failure of this study to find any relationship between LOC and neuropsychological functioning in a large sample of patients with mild head trauma calls into question the assignment of primary importance to LOC in grading severity of concussion. This study also does not provide support for the use of guidelines that rely heavily on LOC in making return-to-play decisions. Continued research is necessary to determine the relative importance of markers of concussion in athletes.,"Interns order significantly more arterial blood gases per infant than junior and senior residents on-call in the neonatal ICU. Additional study is required to see if the experience of housestaff is associated with a broader array of neonatal outcomes, such as morbidity and mortality.","[[""study"", ""casts_doubt_on"", ""importance_of_loss_of_consciousness""], [""importance_of_loss_of_consciousness"", ""questioned_as"", ""predictor_of_neuropsychological_test_performance""], [""neuropsychological_testing_procedures"", ""sensitive_to"", ""cognitive_sequelae_of_mild_traumatic_brain_injury""], [""mild_traumatic_brain_injury"", ""also_known_as"", ""concussion""], [""concussion"", ""occurs_in"", ""athletes""], [""study"", ""found_no_relationship_between"", ""loss_of_consciousness_and_neuropsychological_functioning""], [""loss_of_consciousness"", ""not_primary_importance_in"", ""grading_severity_of_concussion""], [""guidelines"", ""rely_on"", ""loss_of_consciousness""], [""guidelines"", ""used_for"", ""return-to-play_decisions""], [""study"", ""does_not_support"", ""use_of_guidelines""], [""research"", ""necessary_for"", ""determining_importance_of_markers_of_concussion""]]","[[""interns"", ""order_more"", ""arterial_blood_gases""], [""arterial_blood_gases"", ""ordered_for"", ""infants""], [""interns"", ""compare_to"", ""junior_residents""], [""interns"", ""compare_to"", ""senior_residents""], [""interns"", ""junior_residents"", ""senior_residents""], [""housestaff"", ""experience"", ""associated_with""], [""neonatal_outcomes"", ""include"", ""morbidity""], [""neonatal_outcomes"", ""include"", ""mortality""], [""study"", ""required_to_investigate"", ""experience_of_housestaff""]]",0.026352313834736494,0.0,0.08131975680589676,0.012028130608117204,0.033671751485073696,0.34628996711509175,0.31502814555208997,0.28376632398908813,0.2525045024260863,0.22124268086308452,0.1899808593000827,0.1587190377370809,0.12745721617407912,0.09619539461107729,0.0649335730480755,0.033671751485073696,0.3277698589157164,0.5197088509707167
204,A higher PV in PMR increases the risk of prolonged steroid therapy and late GCA. Female sex and particular HLA alleles may increase the risk of late GCA. Starting patients on>15 mg prednisolone is associated with a prolonged steroid duration.,the probability of prolonged steroid therapy and late GCA was increased by A greater PV in PMR. Female sex and particular HLA alleles may elevate the risk of late GCA. Starting individuals on>15 mg prednisolone is associated with a prolonged steroid duration.,"[[""PV"", ""increases"", ""risk_of_prolonged_steroid_therapy""], [""PV"", ""increases"", ""risk_of_late_GCA""], [""Female_sex"", ""increases"", ""risk_of_late_GCA""], [""HLA_alleles"", ""increases"", ""risk_of_late_GCA""], [""prednisolone"", ""associated_with"", ""prolonged_steroid_duration""], [""starting_dose_above_15mg"", ""associated_with"", ""prolonged_steroid_duration""]]","[[""PV"", ""increases"", ""probability_of_prolonged_steroid_therapy""], [""PV"", ""increases"", ""probability_of_late_GCA""], [""Female_sex"", ""elevates"", ""risk_of_late_GCA""], [""HLA_alleles"", ""elevates"", ""risk_of_late_GCA""], [""prednisolone"", ""associated_with"", ""prolonged_steroid_duration""], [""starting_dose_above_15mg"", ""associated_with"", ""prolonged_steroid_duration""]]",1.0,0.9196797013282776,0.9416368007659912,0.5303300858899107,0.6481812160876685,0.9851096569513441,0.9514168128649766,0.9177239687786091,0.8840311246922413,0.8503382806058739,0.8166454365195064,0.7829525924331387,0.7492597483467712,0.7155669042604037,0.6818740601740361,0.6481812160876685,0.9626115466633467,0.9597162912879862
205,A higher PV in PMR increases the risk of prolonged steroid therapy and late GCA. Female sex and particular HLA alleles may increase the risk of late GCA. Starting patients on>15 mg prednisolone is associated with a prolonged steroid duration.,A higher PV in PMR increases the risk of prolonged steroid therapy and late GCA. Female sex and particular HLA alleles may increase the risk of late GCA. Starting patients on>22 mg prednisolone is associated with a prolonged steroid duration.,"[[""PMR"", ""has_characteristic"", ""PV""], [""PV"", ""increases_risk_of"", ""prolonged_steroid_therapy""], [""PV"", ""increases_risk_of"", ""late_GCA""], [""Female_sex"", ""increases_risk_of"", ""late_GCA""], [""particular_HLA_alleles"", ""increases_risk_of"", ""late_GCA""], [""prednisolone_dosage_above_15mg"", ""associated_with"", ""prolonged_steroid_duration""]]","[[""PMR"", ""has_characteristic"", ""PV""], [""PV"", ""increases_risk_of"", ""prolonged_steroid_therapy""], [""PV"", ""increases_risk_of"", ""late_GCA""], [""Female_sex"", ""increases_risk_of"", ""late_GCA""], [""particular_HLA_alleles"", ""increases_risk_of"", ""late_GCA""], [""prednisolone_dosage_above_22mg"", ""associated_with"", ""prolonged_steroid_duration""]]",1.0,0.9177981615066528,0.9706873297691345,0.875,1.0,0.9992398879254807,0.9993158991329326,0.9993919103403845,0.9994679215478364,0.9995439327552884,0.9996199439627403,0.9996959551701923,0.9997719663776442,0.9998479775850961,0.9999239887925481,1.0,0.9970305487055472,0.9957017942046096
206,A higher PV in PMR increases the risk of prolonged steroid therapy and late GCA. Female sex and particular HLA alleles may increase the risk of late GCA. Starting patients on>15 mg prednisolone is associated with a prolonged steroid duration.,the risk of prolonged steroid therapy and late GCA increases A higher PV in PMR. Female sex and particular HLA alleles may increase the risk of late GCA. Starting patients on>15 mg prednisolone is associated with a prolonged steroid duration.,"[[""PV"", ""increases"", ""risk_of_prolonged_steroid_therapy""], [""PV"", ""increases"", ""risk_of_late_GCA""], [""Female_sex"", ""increases"", ""risk_of_late_GCA""], [""HLA_alleles"", ""increases"", ""risk_of_late_GCA""], [""prednisolone_dose_above_15mg"", ""associated_with"", ""prolonged_steroid_duration""]]","[[""PV"", ""increases"", ""risk_of_prolonged_steroid_therapy""], [""PV"", ""increases"", ""risk_of_late_GCA""], [""Female_sex"", ""increases"", ""risk_of_late_GCA""], [""HLA_alleles"", ""increases"", ""risk_of_late_GCA""], [""prednisolone_dose_above_15mg"", ""associated_with"", ""prolonged_steroid_duration""]]",1.0,1.0,1.0,1.0,1.0,0.9999999249610082,0.9999999324649074,0.9999999399688067,0.9999999474727057,0.9999999549766049,0.999999962480504,0.9999999699844033,0.9999999774883024,0.9999999849922017,0.9999999924961008,1.0,0.9999999681540898,0.9999999641173172
207,A higher PV in PMR increases the risk of prolonged steroid therapy and late GCA. Female sex and particular HLA alleles may increase the risk of late GCA. Starting patients on>15 mg prednisolone is associated with a prolonged steroid duration.,"Our study confirms that students are able to identify QA issues and propose solutions. We recommend that students have a formally recognized place in day surgery QA programmes, to close the QA loop and to adequately prepare them for medical practice in the 21st century.","[[""higher_PV_in_PMR"", ""increases_risk_of"", ""prolonged_steroid_therapy""], [""higher_PV_in_PMR"", ""increases_risk_of"", ""late_GCA""], [""Female_sex"", ""increases_risk_of"", ""late_GCA""], [""particular_HLA_alleles"", ""increases_risk_of"", ""late_GCA""], [""starting_patients_on_high_dose_prednisolone"", ""associated_with"", ""prolonged_steroid_duration""], [""starting_patients_on_high_dose_prednisolone"", ""defined_as"", ""more_than_15_mg_prednisolone""]]","[[""students"", ""can_identify"", ""QA_issues""], [""students"", ""can_propose"", ""solutions""], [""students"", ""should_have"", ""formally_recognized_place_in_QA_programmes""], [""QA_programmes"", ""include"", ""day_surgery_QA""], [""formally_recognized_place_in_QA_programmes"", ""helps_close"", ""QA_loop""], [""formally_recognized_place_in_QA_programmes"", ""helps_prepare_students_for"", ""medical_practice_in_21st_century""]]",0.0,0.0,0.0014684628695249557,0.0,0.0,0.2784896501203014,0.25064068510827126,0.22279172009624115,0.19494275508421097,0.16709379007218084,0.1392448250601507,0.11139586004812058,0.08354689503609043,0.05569793002406027,0.027848965012030134,0.0,0.24402173939085237,0.22378280987797383
208,Roux-en-Y gastric bypass is a promising option for lifelong treatment of type 2 diabetes. It has the potential to improve or cure a selected spectrum of type 1 diabetes when performed early in the disease. Further animal model studies or randomized controlled trials are needed to support our conclusion.,Roux-en-Y gastric bypass is a promising option for lifelong therapy of type 2 diabetes. the potential to enhance or cure a selected spectrum of type 1 diabetes when performed early in the condition was haved by It. Further animal model investigations or randomized controlled trials are needed to support our conclusion.,"[[""Roux-en-Y_gastric_bypass"", ""promising_option"", ""lifelong_treatment_of_type_2_diabetes""], [""Roux-en-Y_gastric_bypass"", ""has_potential"", ""improve_or_cure_type_1_diabetes""], [""type_1_diabetes"", ""treated_early"", ""Roux-en-Y_gastric_bypass""], [""animal_model_studies"", ""needed"", ""support_conclusion""], [""randomized_controlled_trials"", ""needed"", ""support_conclusion""]]","[[""Roux-en-Y_gastric_bypass"", ""promising_option"", ""lifelong_therapy_of_type_2_diabetes""], [""Roux-en-Y_gastric_bypass"", ""has_potential"", ""enhance_or_cure_type_1_diabetes""], [""type_1_diabetes"", ""treated_early"", ""Roux-en-Y_gastric_bypass""], [""animal_model_investigations"", ""needed"", ""support_conclusion""], [""randomized_controlled_trials"", ""needed"", ""support_conclusion""]]",1.0,0.8215753436088562,0.7905781865119934,0.4523809523809524,1.0,0.9969855634196408,0.9972870070776767,0.9975884507357127,0.9978898943937486,0.9981913380517845,0.9984927817098204,0.9987942253678563,0.9990956690258923,0.9993971126839282,0.999698556341964,1.0,0.9902128423894755,0.9864693942254403
209,Roux-en-Y gastric bypass is a promising option for lifelong treatment of type 2 diabetes. It has the potential to improve or cure a selected spectrum of type 1 diabetes when performed early in the disease. Further animal model studies or randomized controlled trials are needed to support our conclusion.,Roux-en-Y gastric bypass is a promising option for lifelong treatment of type 3 diabetes. It has the potential to improve or cure a selected spectrum of type 1 diabetes when performed early in the disease. Further animal model studies or randomized controlled trials are needed to support our conclusion.,"[[""Roux-en-Y_gastric_bypass"", ""promising_option_for"", ""lifelong_treatment_of_type_2_diabetes""], [""Roux-en-Y_gastric_bypass"", ""potential_to_improve"", ""type_1_diabetes""], [""Roux-en-Y_gastric_bypass"", ""potential_to_cure"", ""type_1_diabetes""], [""animal_model_studies"", ""needed_to"", ""support_conclusion""], [""randomized_controlled_trials"", ""needed_to"", ""support_conclusion""]]","[[""Roux-en-Y_gastric_bypass"", ""promising_option_for"", ""lifelong_treatment_of_type_3_diabetes""], [""Roux-en-Y_gastric_bypass"", ""potential_to_improve"", ""type_1_diabetes""], [""Roux-en-Y_gastric_bypass"", ""potential_to_cure"", ""type_1_diabetes""], [""animal_model_studies"", ""needed_to"", ""support_conclusion""], [""randomized_controlled_trials"", ""needed_to"", ""support_conclusion""]]",1.0,0.908509373664856,0.9351658821105957,0.6944444444444444,1.0,0.9953456599476309,0.9958110939528678,0.9962765279581047,0.9967419619633415,0.9972073959685785,0.9976728299738155,0.9981382639790524,0.9986036979842893,0.9990691319895262,0.9995345659947631,1.0,0.9893498388189463,0.9963400256839747
210,Roux-en-Y gastric bypass is a promising option for lifelong treatment of type 2 diabetes. It has the potential to improve or cure a selected spectrum of type 1 diabetes when performed early in the disease. Further animal model studies or randomized controlled trials are needed to support our conclusion.,Roux-en-Y gastric bypass is a promising option for lifelong treatment of type 2 diabetes. the potential to improve or cure a selected spectrum of type 1 diabetes when performed early in the disease has It. Further animal model studies or randomized controlled trials are needed to support our conclusion.,"[[""Roux-en-Y_gastric_bypass"", ""promising_option"", ""lifelong_treatment""], [""lifelong_treatment"", ""of"", ""type_2_diabetes""], [""Roux-en-Y_gastric_bypass"", ""improve"", ""type_1_diabetes""], [""Roux-en-Y_gastric_bypass"", ""cure"", ""type_1_diabetes""], [""type_1_diabetes"", ""treated_early"", ""Roux-en-Y_gastric_bypass""], [""animal_model_studies"", ""needed"", ""support_conclusion""], [""randomized_controlled_trials"", ""needed"", ""support_conclusion""]]","[[""Roux-en-Y_gastric_bypass"", ""promising_option"", ""lifelong_treatment""], [""lifelong_treatment"", ""of"", ""type_2_diabetes""], [""Roux-en-Y_gastric_bypass"", ""improve"", ""type_1_diabetes""], [""Roux-en-Y_gastric_bypass"", ""cure"", ""type_1_diabetes""], [""type_1_diabetes"", ""treated_early"", ""Roux-en-Y_gastric_bypass""], [""animal_model_studies"", ""needed"", ""support_conclusion""], [""randomized_controlled_trials"", ""needed"", ""support_conclusion""]]",1.0,0.9999999403953552,1.0,1.0,1.0,0.9999999980326786,0.9999999982294108,0.999999998426143,0.9999999986228749,0.9999999988196071,0.9999999990163393,0.9999999992130715,0.9999999994098036,0.9999999996065357,0.9999999998032678,1.0,0.9999999657699022,0.9999999874246965
211,Roux-en-Y gastric bypass is a promising option for lifelong treatment of type 2 diabetes. It has the potential to improve or cure a selected spectrum of type 1 diabetes when performed early in the disease. Further animal model studies or randomized controlled trials are needed to support our conclusion.,"This study contributes to the literature investigating the design and implementation of a non-financial measurement tool, such as the non-financial information included into a balanced scorecard (BSC), in health care organizations. Managers in health care organizations can benefit from the strategic use of PMS to effectively allocate their time to strategic opportunities and threats, which might arise and affect organizational, output-related performance, such as improving processes.","[[""Roux-en-Y_gastric_bypass"", ""promising_option_for"", ""lifelong_treatment""], [""lifelong_treatment"", ""of"", ""type_2_diabetes""], [""Roux-en-Y_gastric_bypass"", ""improve_or_cure"", ""type_1_diabetes""], [""type_1_diabetes"", ""treated_early"", ""disease""], [""animal_model_studies"", ""needed_to"", ""support_conclusion""], [""randomized_controlled_trials"", ""needed_to"", ""support_conclusion""]]","[[""study"", ""contributes_to"", ""literature""], [""literature"", ""investigating"", ""design_and_implementation""], [""design_and_implementation"", ""of"", ""non-financial_measurement_tool""], [""non-financial_measurement_tool"", ""used_in"", ""health_care_organizations""], [""non-financial_information"", ""included_in"", ""balanced_scorecard""], [""balanced_scorecard"", ""used_by"", ""managers_in_health_care_organizations""], [""managers_in_health_care_organizations"", ""benefit_from"", ""strategic_use_of_PMS""], [""PMS"", ""used_to"", ""allocate_time""], [""time"", ""allocated_to"", ""strategic_opportunities""], [""time"", ""allocated_to"", ""strategic_threats""], [""strategic_opportunities"", ""affect"", ""organizational_performance""], [""strategic_threats"", ""affect"", ""organizational_performance""], [""organizational_performance"", ""related_to"", ""output""], [""output"", ""related_to"", ""improving_processes""]]",0.0,0.0,0.0,0.0,0.0,0.3531776165305433,0.31785985487748897,0.28254209322443463,0.2472243315713803,0.211906569918326,0.17658880826527165,0.14127104661221732,0.10595328495916301,0.07063552330610864,0.03531776165305432,0.0,0.29954219238449553,0.33316090115520536
212,"Location of death varies by country of birth. BAME groups are more likely to die in a hospital and less likely to die at home or in a hospice. Further investigation is needed to determine whether these differences result from patient-centred preferences, or other environment or service-related factors. This knowledge will enable strategies to be developed to improve access to relevant palliative care and related services, where necessary.","Location of death varies by country of birth. BAME groups are more likely to die in a hospital and less likely to die at home or in a hospice. Further investigation is needed to determine whether these differences finding from individual-centred preferences, or other environment or service-related factors. strategies to be developed to enhance access to relevant palliative care and related services, where necessary were enabled by This knowledge.","[[""Location_of_death"", ""varies_by"", ""country_of_birth""], [""BAME_groups"", ""more_likely_to_die_in"", ""hospital""], [""BAME_groups"", ""less_likely_to_die_at"", ""home""], [""BAME_groups"", ""less_likely_to_die_in"", ""hospice""], [""investigation"", ""needed_to_determine"", ""differences""], [""differences"", ""result_from"", ""patient-centred_preferences""], [""differences"", ""result_from"", ""environment_or_service-related_factors""], [""knowledge"", ""enables"", ""strategies_to_be_developed""], [""strategies"", ""purpose"", ""improve_access_to_palliative_care""], [""strategies"", ""purpose"", ""improve_access_to_related_services""]]","[[""Location_of_death"", ""varies_by"", ""country_of_birth""], [""BAME_groups"", ""more_likely_to_die_in"", ""hospital""], [""BAME_groups"", ""less_likely_to_die_at"", ""home""], [""BAME_groups"", ""less_likely_to_die_in"", ""hospice""], [""investigation"", ""needed_to_determine"", ""differences""], [""differences"", ""result_from"", ""individual-centred_preferences""], [""differences"", ""result_from"", ""environment_or_service-related_factors""], [""knowledge"", ""enables"", ""strategies_to_be_developed""], [""strategies"", ""purpose"", ""enhance_access_to_palliative_care""], [""strategies"", ""purpose"", ""enhance_access_to_related_services""]]",1.0,0.6319640874862671,0.9390628337860107,0.6444444444444445,1.0,0.9925275419014508,0.9932747877113057,0.9940220335211607,0.9947692793310154,0.9955165251408704,0.9962637709507254,0.9970110167605803,0.9977582625704352,0.9985055083802902,0.999252754190145,1.0,0.9831236645067403,0.9887768548195768
213,"Location of death varies by country of birth. BAME groups are more likely to die in a hospital and less likely to die at home or in a hospice. Further investigation is needed to determine whether these differences result from patient-centred preferences, or other environment or service-related factors. This knowledge will enable strategies to be developed to improve access to relevant palliative care and related services, where necessary.","Location of death varies by country of birth. ERCP groups are more likely to die in a hospital and less likely to die at home or in a hospice. Further investigation is needed to determine whether these differences result from patient-centred preferences, or other environment or service-related factors. This knowledge will enable strategies to be developed to improve access to relevant palliative care and related services, where necessary.","[[""Location_of_death"", ""varies_by"", ""country_of_birth""], [""BAME_groups"", ""more_likely_to_die_in"", ""hospital""], [""BAME_groups"", ""less_likely_to_die_at"", ""home""], [""BAME_groups"", ""less_likely_to_die_in"", ""hospice""], [""differences_in_location_of_death"", ""result_from"", ""patient-centred_preferences""], [""differences_in_location_of_death"", ""result_from"", ""environment_or_service-related_factors""], [""knowledge"", ""enables"", ""strategies_to_improve_access""], [""strategies_to_improve_access"", ""target"", ""palliative_care""], [""strategies_to_improve_access"", ""target"", ""related_services""]]","[[""Location_of_death"", ""varies_by"", ""country_of_birth""], [""ERCP_groups"", ""more_likely_to_die_in"", ""hospital""], [""ERCP_groups"", ""less_likely_to_die_at"", ""home""], [""ERCP_groups"", ""less_likely_to_die_in"", ""hospice""], [""differences_in_location_of_death"", ""result_from"", ""patient-centred_preferences""], [""differences_in_location_of_death"", ""result_from"", ""environment_or_service-related_factors""], [""knowledge"", ""enables"", ""strategies_to_improve_access""], [""strategies_to_improve_access"", ""target"", ""palliative_care""], [""strategies_to_improve_access"", ""target"", ""related_services""]]",0.9166666666666666,0.9754111170768738,0.9921038746833801,0.9230769230769231,0.9230769230769231,0.9527086302686445,0.9497454595494724,0.9467822888303002,0.9438191181111281,0.9408559473919559,0.9378927766727838,0.9349296059536116,0.9319664352344396,0.9290032645152674,0.9260400937960952,0.9230769230769231,0.9559352270430894,0.9795616542774284
214,"Location of death varies by country of birth. BAME groups are more likely to die in a hospital and less likely to die at home or in a hospice. Further investigation is needed to determine whether these differences result from patient-centred preferences, or other environment or service-related factors. This knowledge will enable strategies to be developed to improve access to relevant palliative care and related services, where necessary.","Location of death varies by country of birth. BAME groups are more likely to die in a hospital and less likely to die at home or in a hospice. Further investigation is needed to determine whether these differences result from patient-centred preferences, or other environment or service-related factors. strategies to be developed to improve access to relevant palliative care and related services, where necessary will enable This knowledge.","[[""Location_of_death"", ""varies_by"", ""country_of_birth""], [""BAME_groups"", ""more_likely_to_die_in"", ""hospital""], [""BAME_groups"", ""less_likely_to_die_at"", ""home""], [""BAME_groups"", ""less_likely_to_die_in"", ""hospice""], [""differences_in_location_of_death"", ""result_from"", ""patient-centred_preferences""], [""differences_in_location_of_death"", ""result_from"", ""environment_or_service-related_factors""], [""knowledge"", ""will_enable"", ""strategies_to_be_developed""], [""strategies"", ""purpose"", ""improve_access_to_palliative_care""], [""strategies"", ""purpose"", ""improve_access_to_related_services""]]","[[""Location_of_death"", ""varies_by"", ""country_of_birth""], [""BAME_groups"", ""more_likely_to_die_in"", ""hospital""], [""BAME_groups"", ""less_likely_to_die_at"", ""home""], [""BAME_groups"", ""less_likely_to_die_in"", ""hospice""], [""differences_in_location_of_death"", ""result_from"", ""patient-centred_preferences""], [""differences_in_location_of_death"", ""result_from"", ""environment_or_service-related_factors""], [""strategies"", ""will_enable"", ""knowledge""], [""knowledge"", ""purpose"", ""develop_strategies""], [""strategies"", ""purpose"", ""improve_access_to_palliative_care""], [""strategies"", ""purpose"", ""improve_access_to_related_services""]]",0.8611111111111112,0.8299839496612549,0.9108757376670837,0.8095238095238095,0.842466351121995,0.9954397653495978,0.9801424239268376,0.9648450825040772,0.9495477410813169,0.9342503996585567,0.9189530582357963,0.903655716813036,0.8883583753902758,0.8730610339675156,0.8577636925447553,0.842466351121995,0.9891251002074808,0.9782002922501155
215,"Location of death varies by country of birth. BAME groups are more likely to die in a hospital and less likely to die at home or in a hospice. Further investigation is needed to determine whether these differences result from patient-centred preferences, or other environment or service-related factors. This knowledge will enable strategies to be developed to improve access to relevant palliative care and related services, where necessary.",The addition of epinephrine to ACLS-SAPO increases vital organ perfusion pressures and improves outcome from cardiac arrest. There appears to be a profound loss of arterial vasomotor tone after prolonged arrest. This loss of vasomotor tone may make exogenous pressors necessary for resuscitation after prolonged cardiac arrest.,"[[""Location_of_death"", ""varies_by"", ""country_of_birth""], [""BAME_groups"", ""more_likely_to_die_in"", ""hospital""], [""BAME_groups"", ""less_likely_to_die_at"", ""home""], [""BAME_groups"", ""less_likely_to_die_in"", ""hospice""], [""differences_in_location_of_death"", ""result_from"", ""patient-centred_preferences""], [""differences_in_location_of_death"", ""result_from"", ""environment_or_service-related_factors""], [""knowledge_of_differences"", ""enables"", ""strategies_to_improve_access_to_palliative_care""], [""strategies"", ""aim_to"", ""improve_access_to_relevant_palliative_care_and_services""]]","[[""Addition_of_epinephrine"", ""increases"", ""vital_organ_perfusion_pressures""], [""Addition_of_epinephrine"", ""improves"", ""outcome_from_cardiac_arrest""], [""ACLS-SAPO"", ""involves"", ""addition_of_epinephrine""], [""Prolonged_cardiac_arrest"", ""results_in"", ""loss_of_arterial_vasomotor_tone""], [""Loss_of_arterial_vasomotor_tone"", ""makes_necessary"", ""exogenous_pressors_for_resuscitation""], [""Exogenous_pressors"", ""used_for"", ""resuscitation_after_prolonged_cardiac_arrest""]]",0.0,0.0,0.0,0.0,0.0,0.31722544295503474,0.28550289865953127,0.2537803543640278,0.2220578100685243,0.19033526577302085,0.15861272147751737,0.1268901771820139,0.09516763288651044,0.06344508859100693,0.03172254429550347,0.0,0.258955791211423,0.5849613418633914
216,"Memory provocation increased the sensitivity of rCBF-SPECT for the detection of AD-related blood flow changes in the brain at the group level. Further studies are needed to evaluate MP-SPECT as a diagnostic tool at the individual level. If a higher sensitivity for AD at the individual level is verified in future studies, a single MP-SPECT study might be sufficient in the clinical setting.","the sensitivity of rCBF-SPECT for the detection of AD-related blood flow changes in the brain at the group level was increased by Memory provocation. Further investigations are needed to evaluate MP-SPECT as a diagnostic tool at the individual level. If a greater sensitivity for AD at the individual level is verified in future studies, a single MP-SPECT investigation might be sufficient in the medical setting.","[[""Memory_provocation"", ""increases"", ""sensitivity_of_rCBF_SPECT""], [""rCBF_SPECT"", ""detects"", ""AD_related_blood_flow_changes""], [""AD_related_blood_flow_changes"", ""occur_in"", ""brain""], [""study"", ""needs_to_evaluate"", ""MP_SPECT_as_diagnostic_tool""], [""MP_SPECT"", ""has_potential_as"", ""diagnostic_tool_at_individual_level""], [""single_MP_SPECT_study"", ""might_be_sufficient"", ""clinical_setting""], [""higher_sensitivity_for_AD"", ""needs_to_be_verified"", ""future_studies""]]","[[""Memory_provocation"", ""increases"", ""sensitivity_of_rCBF_SPECT""], [""rCBF_SPECT"", ""detects"", ""AD_related_blood_flow_changes""], [""AD_related_blood_flow_changes"", ""occur_in"", ""brain""], [""investigation"", ""needs_to_evaluate"", ""MP_SPECT_as_diagnostic_tool""], [""MP_SPECT"", ""has_potential_as"", ""diagnostic_tool_at_individual_level""], [""single_MP_SPECT_investigation"", ""might_be_sufficient"", ""medical_setting""], [""greater_sensitivity_for_AD"", ""needs_to_be_verified"", ""future_studies""]]",0.9,0.6051875352859497,0.7463173866271973,0.6923076923076923,0.9230769230769231,0.996731498595452,0.989366041043599,0.9820005834917462,0.9746351259398933,0.9672696683880404,0.9599042108361875,0.9525387532843347,0.9451732957324819,0.9378078381806288,0.930442380628776,0.9230769230769231,0.982214646170325,0.9888062513543037
217,"Memory provocation increased the sensitivity of rCBF-SPECT for the detection of AD-related blood flow changes in the brain at the group level. Further studies are needed to evaluate MP-SPECT as a diagnostic tool at the individual level. If a higher sensitivity for AD at the individual level is verified in future studies, a single MP-SPECT study might be sufficient in the clinical setting.","Memory provocation increased the sensitivity of rCBF-UNAIDS for the detection of AD-related blood flow changes in the brain at the group level. Further studies are needed to evaluate MP-SPECT as a diagnostic tool at the individual level. If a higher sensitivity for AD at the individual level is verified in future studies, a single MP-SPECT study might be sufficient in the clinical setting.","[[""memory_provocation"", ""increases_sensitivity_of"", ""rCBF-SPECT""], [""rCBF-SPECT"", ""detects"", ""AD-related_blood_flow_changes""], [""AD-related_blood_flow_changes"", ""occur_in"", ""brain""], [""further_studies"", ""are_needed_to_evaluate"", ""MP-SPECT""], [""MP-SPECT"", ""is_diagnostic_tool"", ""None""], [""MP-SPECT"", ""evaluated_at"", ""individual_level""], [""single_MP-SPECT_study"", ""might_be_sufficient"", ""clinical_setting""], [""higher_sensitivity_for_AD"", ""verified_in"", ""future_studies""]]","[[""memory_provocation"", ""increases_sensitivity_of"", ""rCBF-UNAIDS""], [""rCBF-UNAIDS"", ""detects"", ""AD-related_blood_flow_changes""], [""AD-related_blood_flow_changes"", ""occur_in"", ""brain""], [""further_studies"", ""are_needed_to_evaluate"", ""MP-SPECT""], [""MP-SPECT"", ""is_diagnostic_tool"", ""None""], [""MP-SPECT"", ""evaluated_at"", ""individual_level""], [""single_MP-SPECT_study"", ""might_be_sufficient"", ""clinical_setting""], [""higher_sensitivity_for_AD"", ""verified_in"", ""future_studies""]]",1.0,0.9842345118522644,0.9846614599227905,0.8472222222222222,1.0,0.9820366962418318,0.9838330266176486,0.9856293569934655,0.9874256873692822,0.9892220177450991,0.9910183481209158,0.9928146784967327,0.9946110088725495,0.9964073392483663,0.9982036696241832,1.0,0.9694088759079638,0.9819976155429322
218,"Memory provocation increased the sensitivity of rCBF-SPECT for the detection of AD-related blood flow changes in the brain at the group level. Further studies are needed to evaluate MP-SPECT as a diagnostic tool at the individual level. If a higher sensitivity for AD at the individual level is verified in future studies, a single MP-SPECT study might be sufficient in the clinical setting.","the sensitivity of rCBF-SPECT for the detection of AD-related blood flow changes in the brain at the group level increased Memory provocation. Further studies are needed to evaluate MP-SPECT as a diagnostic tool at the individual level. If a higher sensitivity for AD at the individual level is verified in future studies, a single MP-SPECT study might be sufficient in the clinical setting.","[[""memory_provocation"", ""increases_sensitivity_of"", ""rCBF-SPECT""], [""rCBF-SPECT"", ""detects"", ""AD-related_blood_flow_changes""], [""AD-related_blood_flow_changes"", ""occur_in"", ""brain""], [""memory_provocation"", ""increases_sensitivity_at"", ""group_level""], [""further_studies"", ""needed_to_evaluate"", ""MP-SPECT""], [""MP-SPECT"", ""evaluated_as"", ""diagnostic_tool""], [""MP-SPECT"", ""evaluated_at"", ""individual_level""], [""single_MP-SPECT_study"", ""might_be_sufficient"", ""clinical_setting""], [""higher_sensitivity_for_AD"", ""verified_in"", ""future_studies""]]","[[""memory_provocation"", ""increases_sensitivity_of"", ""rCBF-SPECT""], [""rCBF-SPECT"", ""detects"", ""AD-related_blood_flow_changes""], [""AD-related_blood_flow_changes"", ""occur_in"", ""brain""], [""memory_provocation"", ""increases_sensitivity_at"", ""group_level""], [""further_studies"", ""needed_to_evaluate"", ""MP-SPECT""], [""MP-SPECT"", ""evaluated_as"", ""diagnostic_tool""], [""MP-SPECT"", ""evaluated_at"", ""individual_level""], [""single_MP-SPECT_study"", ""might_be_sufficient"", ""clinical_setting""], [""higher_sensitivity_for_AD"", ""verified_in"", ""future_studies""]]",1.0,0.9999998807907104,1.0,1.0,1.0,1.0,1.0,1.0,1.0,1.0,1.0,1.0,1.0,1.0,1.0,1.0,1.0,0.9999999865270731
219,"Memory provocation increased the sensitivity of rCBF-SPECT for the detection of AD-related blood flow changes in the brain at the group level. Further studies are needed to evaluate MP-SPECT as a diagnostic tool at the individual level. If a higher sensitivity for AD at the individual level is verified in future studies, a single MP-SPECT study might be sufficient in the clinical setting.","Interns order significantly more arterial blood gases per infant than junior and senior residents on-call in the neonatal ICU. Additional study is required to see if the experience of housestaff is associated with a broader array of neonatal outcomes, such as morbidity and mortality.","[[""memory_provocation"", ""increases_sensitivity_of"", ""rCBF-SPECT""], [""rCBF-SPECT"", ""used_for"", ""detecting_AD-related_blood_flow_changes""], [""AD-related_blood_flow_changes"", ""occur_in"", ""brain""], [""memory_provocation"", ""evaluated_at"", ""group_level""], [""further_studies"", ""needed_for"", ""evaluating_MP-SPECT_at_individual_level""], [""MP-SPECT"", ""potential_diagnostic_tool"", ""at_individual_level""], [""higher_sensitivity"", ""required_for"", ""clinical_setting""], [""single_MP-SPECT_study"", ""potential_sufficiency"", ""clinical_setting""]]","[[""interns"", ""order_more"", ""arterial_blood_gases""], [""arterial_blood_gases"", ""ordered_per"", ""infant""], [""interns"", ""compared_to"", ""junior_residents""], [""interns"", ""compared_to"", ""senior_residents""], [""housestaff_experience"", ""associated_with"", ""neonatal_outcomes""], [""neonatal_outcomes"", ""include"", ""morbidity""], [""neonatal_outcomes"", ""include"", ""mortality""], [""additional_study"", ""required_for"", ""evaluating_housestaff_experience""]]",0.02151657414559676,0.0,0.0,0.0,0.017471413945365305,0.47091411891109397,0.4255698484145211,0.38022557791794825,0.33488130742137534,0.28953703692480254,0.24419276642822962,0.1988484959316568,0.15350422543508394,0.10815995493851102,0.06281568444193816,0.017471413945365305,0.3790521902747007,0.5635734240300074
220,"Taken together, these results suggest a potential role for AMPK on the secretion of melatonin probably acting trough the paraventricular nucleus and/or directly in the pineal gland. We conclude that AMPK may act as a metabolic cue to modulate the rhythm of melatonin secretion.","Taken together, these findings indicate a potential role for AMPK on the secretion of melatonin likely acting trough the paraventricular nucleus and/or straight in the pineal secretor. We determine that AMPK may act as a metabolous cue to modulate the rhythm of melatonin secretion.","[[""AMPK"", ""potential_role_in"", ""secretion_of_melatonin""], [""AMPK"", ""acts_through"", ""paraventricular_nucleus""], [""AMPK"", ""acts_on"", ""pineal_gland""], [""paraventricular_nucleus"", ""involved_in"", ""secretion_of_melatonin""], [""pineal_gland"", ""involved_in"", ""secretion_of_melatonin""], [""AMPK"", ""metabolic_cue_to"", ""modulate_rhythm_of_melatonin_secretion""]]","[[""AMPK"", ""potential_role_in"", ""secretion_of_melatonin""], [""AMPK"", ""acts_through"", ""paraventricular_nucleus""], [""AMPK"", ""acts_on"", ""pineal_secretor""], [""paraventricular_nucleus"", ""involved_in"", ""secretion_of_melatonin""], [""pineal_secretor"", ""involved_in"", ""secretion_of_melatonin""], [""AMPK"", ""metabolous_cue_to"", ""modulate_rhythm_of_melatonin_secretion""]]",1.0,0.9585166573524475,0.8920283317565918,0.4666666666666667,1.0,0.9894607483663331,0.9905146735296998,0.9915685986930665,0.9926225238564332,0.9936764490197999,0.9947303741831666,0.9957842993465332,0.9968382245098999,0.9978921496732667,0.9989460748366333,1.0,0.9616380252728469,0.9784791581253207
221,"Taken together, these results suggest a potential role for AMPK on the secretion of melatonin probably acting trough the paraventricular nucleus and/or directly in the pineal gland. We conclude that AMPK may act as a metabolic cue to modulate the rhythm of melatonin secretion.","Taken together, these results suggest a potential role for HCC on the secretion of melatonin probably acting trough the paraventricular nucleus and/or directly in the pineal gland. We conclude that AMPK may act as a metabolic cue to modulate the rhythm of melatonin secretion.","[[""AMP-activated_protein_kinase"", ""potential_role_in"", ""secretion_of_melatonin""], [""AMP-activated_protein_kinase"", ""acts_through"", ""paraventricular_nucleus""], [""AMP-activated_protein_kinase"", ""acts_directly_in"", ""pineal_gland""], [""AMP-activated_protein_kinase"", ""metabolic_cue"", ""rhythm_of_melatonin_secretion""], [""paraventricular_nucleus"", ""involved_in"", ""secretion_of_melatonin""], [""pineal_gland"", ""involved_in"", ""secretion_of_melatonin""]]","[[""HCC"", ""potential_role_in"", ""secretion_of_melatonin""], [""HCC"", ""acts_through"", ""paraventricular_nucleus""], [""HCC"", ""acts_directly_in"", ""pineal_gland""], [""AMP-activated_protein_kinase"", ""metabolic_cue"", ""rhythm_of_melatonin_secretion""], [""paraventricular_nucleus"", ""involved_in"", ""secretion_of_melatonin""], [""pineal_gland"", ""involved_in"", ""secretion_of_melatonin""]]",0.7080881928749334,0.8565100431442261,0.9388370513916016,0.7607257743127307,0.3042903097250923,0.9194612839080145,0.8579441864897224,0.7964270890714301,0.7349099916531378,0.6733928942348456,0.6118757968165534,0.5503586993982612,0.48884160197996895,0.4273245045616767,0.36580740714338456,0.3042903097250923,0.9066595419449657,0.9100915611484568
222,"Taken together, these results suggest a potential role for AMPK on the secretion of melatonin probably acting trough the paraventricular nucleus and/or directly in the pineal gland. We conclude that AMPK may act as a metabolic cue to modulate the rhythm of melatonin secretion.","Taken together, a potential role for AMPK on the secretion of melatonin probably acting trough the paraventricular nucleus suggest these results and/or directly in the pineal gland. We conclude that AMPK may act as a metabolic cue to modulate the rhythm of melatonin secretion.","[[""AMPK"", ""has_potential_role"", ""secretion_of_melatonin""], [""AMPK"", ""acts_through"", ""paraventricular_nucleus""], [""AMPK"", ""acts_directly_in"", ""pineal_gland""], [""AMPK"", ""modulates"", ""rhythm_of_melatonin_secretion""], [""AMPK"", ""acts_as"", ""metabolic_cue""]]","[[""AMPK"", ""has_potential_role"", ""secretion_of_melatonin""], [""AMPK"", ""acts_through"", ""paraventricular_nucleus""], [""AMPK"", ""acts_directly_in"", ""pineal_gland""], [""AMPK"", ""modulates"", ""rhythm_of_melatonin_secretion""], [""AMPK"", ""acts_as"", ""metabolic_cue""]]",1.0,0.9999997615814209,0.9999999403953552,1.0,1.0,0.9999999368217888,0.9999999431396099,0.999999949457431,0.9999999557752521,0.9999999620930733,0.9999999684108944,0.9999999747287155,0.9999999810465366,0.9999999873643577,0.9999999936821788,1.0,0.9999999344348837,0.999999988815667
223,"Taken together, these results suggest a potential role for AMPK on the secretion of melatonin probably acting trough the paraventricular nucleus and/or directly in the pineal gland. We conclude that AMPK may act as a metabolic cue to modulate the rhythm of melatonin secretion.","Aplastic anemia is associated with a variety of autoimmune syndromes. The sequence of events in our patient suggests that the hepatic failure, AFOP, and the VSAA may all have been part of an autoimmune syndrome. AFOP could be the result of immune dysregulation in this pediatric case with favorable outcome after immunosuppressive therapy and hematopoietic stem cell transplantation.","[[""AMPK"", ""role_in"", ""secretion_of_melatonin""], [""AMPK"", ""acts_through"", ""paraventricular_nucleus""], [""AMPK"", ""acts_on"", ""pineal_gland""], [""AMPK"", ""modulates"", ""rhythm_of_melatonin_secretion""]]","[[""Aplastic_anemia"", ""associated_with"", ""autoimmune_syndromes""], [""hepatic_failure"", ""part_of"", ""autoimmune_syndrome""], [""AFOP"", ""part_of"", ""autoimmune_syndrome""], [""VSAA"", ""part_of"", ""autoimmune_syndrome""], [""AFOP"", ""result_of"", ""immune_dysregulation""], [""immunosuppressive_therapy"", ""treats"", ""AFOP""], [""hematopoietic_stem_cell_transplantation"", ""treats"", ""AFOP""]]",0.0,0.0,0.0,0.0,0.0,0.30310154295690733,0.2727913886612166,0.24248123436552588,0.21217108006983512,0.1818609257741444,0.15155077147845367,0.12124061718276294,0.09093046288707221,0.060620308591381455,0.030310154295690728,0.0,0.2744561166331152,0.32176257510310724
224,"Surgery may improve blood lipid levels in patients with OSA, especially in patients with preoperative dyslipidemia, potentially yielding a major benefit in metabolism and cardiovascular sequelae. Prospective studies should examine this potential metabolic effect of airway surgery for OSA.","Surgery may enhance blood lipid levels in individuals with OSA, especially in patients with preoperative dyslipidemia, potentially yielding a major benefit in metabolism and cardiovascular sequelae. this potential metabolic effect of airway surgery for OSA was examined by Prospective investigations.","[[""Surgery"", ""may_improve"", ""blood_lipid_levels""], [""Surgery"", ""beneficial_for"", ""patients_with_OSA""], [""Patients_with_OSA"", ""especially_those_with"", ""preoperative_dyslipidemia""], [""Surgery"", ""potential_benefit_in"", ""metabolism""], [""Surgery"", ""potential_benefit_in"", ""cardiovascular_sequelae""], [""Prospective_studies"", ""should_examine"", ""metabolic_effect_of_airway_surgery""]]","[[""Surgery"", ""may_enhance"", ""blood_lipid_levels""], [""Surgery"", ""beneficial_for"", ""individuals_with_OSA""], [""Individuals_with_OSA"", ""especially_those_with"", ""preoperative_dyslipidemia""], [""Surgery"", ""potential_benefit_in"", ""metabolism""], [""Surgery"", ""potential_benefit_in"", ""cardiovascular_sequelae""], [""Prospective_investigations"", ""examined"", ""metabolic_effect_of_airway_surgery""]]",1.0,0.7778757810592651,0.8157740831375122,0.6458333333333334,1.0,0.9935424818052396,0.9941882336247156,0.9948339854441917,0.9954797372636677,0.9961254890831438,0.9967712409026198,0.9974169927220958,0.998062744541572,0.998708496361048,0.999354248180524,1.0,0.9567400281704279,0.9695655005139558
225,"Surgery may improve blood lipid levels in patients with OSA, especially in patients with preoperative dyslipidemia, potentially yielding a major benefit in metabolism and cardiovascular sequelae. Prospective studies should examine this potential metabolic effect of airway surgery for OSA.","Surgery may improve blood lipid levels in patients with ADHD, especially in patients with preoperative dyslipidemia, potentially yielding a major benefit in metabolism and cardiovascular sequelae. Prospective studies should examine this potential metabolic effect of airway surgery for OSA.","[[""Surgery"", ""improves"", ""blood_lipid_levels""], [""Surgery"", ""benefits"", ""patients_with_OSA""], [""Patients_with_OSA"", ""have"", ""preoperative_dyslipidemia""], [""Surgery"", ""yields_benefit_in"", ""metabolism""], [""Surgery"", ""yields_benefit_in"", ""cardiovascular_sequelae""], [""Prospective_studies"", ""examine"", ""metabolic_effect_of_airway_surgery""], [""Airway_surgery"", ""for"", ""OSA""]]","[[""Surgery"", ""improves"", ""blood_lipid_levels""], [""Surgery"", ""benefits"", ""patients_with_ADHD""], [""Patients_with_ADHD"", ""have"", ""preoperative_dyslipidemia""], [""Surgery"", ""yields_benefit_in"", ""metabolism""], [""Surgery"", ""yields_benefit_in"", ""cardiovascular_sequelae""], [""Prospective_studies"", ""examine"", ""metabolic_effect_of_airway_surgery""], [""Airway_surgery"", ""for"", ""OSA""]]",0.5499719409228703,0.8377097249031067,0.9079458713531494,0.8166666666666667,0.8197822947299412,0.9706984457899103,0.9556068306839134,0.9405152155779166,0.9254236004719195,0.9103319853659226,0.8952403702599258,0.8801487551539289,0.865057140047932,0.8499655249419351,0.8348739098359381,0.8197822947299412,0.9538426674269256,0.9371233107846398
226,"Surgery may improve blood lipid levels in patients with OSA, especially in patients with preoperative dyslipidemia, potentially yielding a major benefit in metabolism and cardiovascular sequelae. Prospective studies should examine this potential metabolic effect of airway surgery for OSA.","blood lipid levels in patients with OSA may improve Surgery, especially in patients with preoperative dyslipidemia, potentially yielding a major benefit in metabolism and cardiovascular sequelae. Prospective studies should examine this potential metabolic effect of airway surgery for OSA.","[[""Surgery"", ""improves"", ""blood_lipid_levels""], [""Surgery"", ""benefits"", ""metabolism""], [""Surgery"", ""benefits"", ""cardiovascular_sequelae""], [""Patients_with_OSA"", ""have"", ""preoperative_dyslipidemia""], [""Airway_surgery"", ""has_metabolic_effect_on"", ""OSA""]]","[[""Blood_lipid_levels"", ""improve_with"", ""Surgery""], [""Surgery"", ""benefits"", ""metabolism""], [""Surgery"", ""benefits"", ""cardiovascular_sequelae""], [""Patients_with_OSA"", ""have"", ""preoperative_dyslipidemia""], [""Airway_surgery"", ""has_metabolic_effect_on"", ""OSA""]]",0.7619047619047619,1.0,1.0,0.7916666666666666,0.7916666666666666,0.9970989847765945,0.9765557529656017,0.956012521154609,0.9354692893436161,0.9149260575326233,0.8943828257216306,0.8738395939106378,0.853296362099645,0.8327531302886522,0.8122098984776595,0.7916666666666666,0.9822867758108951,0.9803068920586007
227,"Surgery may improve blood lipid levels in patients with OSA, especially in patients with preoperative dyslipidemia, potentially yielding a major benefit in metabolism and cardiovascular sequelae. Prospective studies should examine this potential metabolic effect of airway surgery for OSA.","Within drug groups, indicators of drug adoption, except for adoption time, correlate reasonably well. However, the theory that physicians' early adoption of new drugs is a personal trait independent of the type of drug could not be confirmed. The notion of the early-drug-adopting general practitioner may be mistaken.","[[""Surgery"", ""improves"", ""blood_lipid_levels""], [""Surgery"", ""benefits"", ""metabolism""], [""Surgery"", ""reduces"", ""cardiovascular_sequelae""], [""Patients_with_OSA"", ""have"", ""preoperative_dyslipidemia""], [""Airway_surgery"", ""has_potential_metabolic_effect"", ""OSA""]]","[[""Drug_adoption"", ""correlates_with"", ""indicators""], [""Physicians_adoption"", ""not_confirmed_as"", ""personal_trait""], [""Early_drug_adoption"", ""not_independent_of"", ""drug_type""], [""General_practitioner"", ""may_not_be"", ""early_drug_adopting""]]",0.0,0.0,0.0,0.0,0.0,0.2374128695057111,0.21367158255514002,0.1899302956045689,0.16618900865399777,0.14244772170342665,0.11870643475285556,0.09496514780228445,0.07122386085171334,0.04748257390114221,0.023741286950571105,0.0,0.2523866680838507,0.39495530267465734
228,"Our study demonstrates no difference in PC detection rate at repeat biopsy between patients with flu or si-PSA levels. PSA Slope, PSAV and PSADT were not found helpful tools in cancer detection.","Our investigation demonstrates no deviation in PC detection rate at repeat biopsy between person with flu or si-PSA levels. PSA Slope, PSAV and PSADT were not found helpful instrument in cancer sensing.","[[""Study"", ""demonstrates"", ""no_difference_in_PC_detection_rate""], [""PC_detection_rate"", ""compared_at"", ""repeat_biopsy""], [""Patients_with_flu_PSA"", ""compared_to"", ""patients_with_si_PSA""], [""PSA_Slope"", ""not_helpful_in"", ""cancer_detection""], [""PSAV"", ""not_helpful_in"", ""cancer_detection""], [""PSADT"", ""not_helpful_in"", ""cancer_detection""]]","[[""Investigation"", ""demonstrates"", ""no_deviation_in_PC_detection_rate""], [""PC_detection_rate"", ""compared_at"", ""repeat_biopsy""], [""Person_with_flu_PSA"", ""compared_to"", ""person_with_si_PSA""], [""PSA_Slope"", ""not_helpful_in"", ""cancer_sensing""], [""PSAV"", ""not_helpful_in"", ""cancer_sensing""], [""PSADT"", ""not_helpful_in"", ""cancer_sensing""]]",0.8888888888888888,0.07629888504743576,0.6391712427139282,0.4166666666666667,0.9,0.9701284062676511,0.963115565640886,0.956102725014121,0.9490898843873558,0.9420770437605908,0.9350642031338255,0.9280513625070606,0.9210385218802954,0.9140256812535302,0.9070128406267651,0.9,0.9469803673104169,0.9577824404321645
229,"Our study demonstrates no difference in PC detection rate at repeat biopsy between patients with flu or si-PSA levels. PSA Slope, PSAV and PSADT were not found helpful tools in cancer detection.","Our study demonstrates no difference in PC detection rate at repeat biopsy between patients with flu or si-PSA levels. PSA Slope, NACT and PSADT were not found helpful tools in cancer detection.","[[""study"", ""demonstrates"", ""no_difference""], [""no_difference"", ""in"", ""PC_detection_rate""], [""PC_detection_rate"", ""at"", ""repeat_biopsy""], [""repeat_biopsy"", ""compared_in"", ""patients_with_flu_PSA""], [""repeat_biopsy"", ""compared_in"", ""patients_with_si-PSA""], [""PSA_Slope"", ""not_found_helpful"", ""cancer_detection""], [""PSAV"", ""not_found_helpful"", ""cancer_detection""], [""PSADT"", ""not_found_helpful"", ""cancer_detection""]]","[[""study"", ""demonstrates"", ""no_difference""], [""no_difference"", ""in"", ""PC_detection_rate""], [""PC_detection_rate"", ""at"", ""repeat_biopsy""], [""repeat_biopsy"", ""compared_in"", ""patients_with_flu_PSA""], [""repeat_biopsy"", ""compared_in"", ""patients_with_si-PSA""], [""PSA_Slope"", ""not_found_helpful"", ""cancer_detection""], [""NACT"", ""not_found_helpful"", ""cancer_detection""], [""PSADT"", ""not_found_helpful"", ""cancer_detection""]]",0.7660323462854265,0.8805837035179138,0.9693031907081604,0.75,0.7905694150420948,0.9920344496097488,0.9718879461529835,0.9517414426962181,0.9315949392394526,0.9114484357826873,0.8913019323259218,0.8711554288691563,0.8510089254123909,0.8308624219556255,0.8107159184988602,0.7905694150420948,0.989420424380436,0.9633989766994794
230,"Our study demonstrates no difference in PC detection rate at repeat biopsy between patients with flu or si-PSA levels. PSA Slope, PSAV and PSADT were not found helpful tools in cancer detection.","no difference in PC detection rate at repeat biopsy between patients with flu or si-PSA levels demonstrates Our study. PSA Slope, PSAV and PSADT were not found helpful tools in cancer detection.","[[""Our_study"", ""demonstrates"", ""no_difference_in_PC_detection_rate""], [""Patients_with_flu_PSA"", ""compared_to"", ""Patients_with_si_PSA""], [""PSA_Slope"", ""not_helpful_tool"", ""cancer_detection""], [""PSAV"", ""not_helpful_tool"", ""cancer_detection""], [""PSADT"", ""not_helpful_tool"", ""cancer_detection""], [""Repeat_biopsy"", ""procedure"", ""PC_detection""]]","[[""Our_study"", ""demonstrates"", ""no_difference_in_PC_detection_rate""], [""Patients_with_flu_PSA"", ""compared_to"", ""Patients_with_si_PSA""], [""PSA_Slope"", ""not_helpful_tool"", ""cancer_detection""], [""PSAV"", ""not_helpful_tool"", ""cancer_detection""], [""PSADT"", ""not_helpful_tool"", ""cancer_detection""], [""Repeat_biopsy"", ""procedure"", ""PC_detection""]]",1.0,1.0,1.0,1.0,1.0,0.9999999982332468,0.9999999984099222,0.9999999985865975,0.9999999987632726,0.9999999989399481,0.9999999991166234,0.9999999992932987,0.999999999469974,0.9999999996466493,0.9999999998233247,1.0,1.0,0.9999999859848936
231,"Our study demonstrates no difference in PC detection rate at repeat biopsy between patients with flu or si-PSA levels. PSA Slope, PSAV and PSADT were not found helpful tools in cancer detection.","Results depicted mitochondrial dynamics in vivo as PCD progresses within the lace plant, and highlight the correlation of this organelle with other organelles during developmental PCD. To the best of our knowledge, this is the first report of mitochondria and chloroplasts moving on transvacuolar strands to form a ring structure surrounding the nucleus during developmental PCD. Also, for the first time, we have shown the feasibility for the use of CsA in a whole plant system. Overall, our findings implicate the mitochondria as playing a critical and early role in developmentally regulated PCD in the lace plant.","[[""Study"", ""demonstrates"", ""no_difference_in_PC_detection_rate""], [""PC_detection_rate"", ""compared_at"", ""repeat_biopsy""], [""Patients_with_flu_PSA"", ""compared_to"", ""patients_with_si_PSA""], [""PSA_Slope"", ""not_helpful_in"", ""cancer_detection""], [""PSAV"", ""not_helpful_in"", ""cancer_detection""], [""PSADT"", ""not_helpful_in"", ""cancer_detection""]]","[[""Mitochondrial_dynamics"", ""depicted_in_vivo"", ""PCD_progresses""], [""PCD_progresses"", ""within"", ""lace_plant""], [""Mitochondria"", ""correlated_with"", ""other_organelles""], [""Mitochondria"", ""move_on"", ""transvacuolar_strands""], [""Chloroplasts"", ""move_on"", ""transvacuolar_strands""], [""Mitochondria_and_chloroplasts"", ""form"", ""ring_structure""], [""Ring_structure"", ""surrounds"", ""nucleus""], [""CsA"", ""used_in"", ""whole_plant_system""], [""Mitochondria"", ""play_critical_role_in"", ""developmentally_regulated_PCD""], [""Developmentally_regulated_PCD"", ""occurs_in"", ""lace_plant""]]",0.0,0.0,0.07795068621635437,0.0,0.0,0.38285753807728495,0.3445717842695565,0.306286030461828,0.2680002766540994,0.22971452284637095,0.19142876903864248,0.153143015230914,0.1148572614231855,0.07657150761545697,0.03828575380772849,0.0,0.32583475117922095,0.538557445162928
232,LF and cruroplasty is feasible and has good results in terms of GERD symptoms control and additional weight loss. The high rate of postoperative complications observed in this series remains a matter of concern. A re-sleeve procedure might be considered as an alternative to RYGB/DS conversion restricted to selected patients.,LF and cruroplasty is executable and has good findings in terms of GERD symptoms control and extra weightiness deprivation. The high rate of postoperative complications observed in this series remains a affair of care. A re-sleeve procedure might be considered as an alternative to RYGB/DS transition restricted to selected individuals.,"[[""LF"", ""combined_with"", ""cruroplasty""], [""LF_and_cruroplasty"", ""has_result"", ""good_control_of_GERD_symptoms""], [""LF_and_cruroplasty"", ""has_result"", ""additional_weight_loss""], [""postoperative_complications"", ""observed_in"", ""LF_and_cruroplasty""], [""re_sleeve_procedure"", ""considered_as"", ""alternative_to_RYGB_DS_conversion""], [""re_sleeve_procedure"", ""restricted_to"", ""selected_patients""]]","[[""LF"", ""combined_with"", ""cruroplasty""], [""LF_and_cruroplasty"", ""has_result"", ""good_control_of_GERD_symptoms""], [""LF_and_cruroplasty"", ""has_result"", ""extra_weightiness_deprivation""], [""postoperative_complications"", ""observed_in"", ""LF_and_cruroplasty""], [""re_sleeve_procedure"", ""considered_as"", ""alternative_to_RYGB_DS_transition""], [""re_sleeve_procedure"", ""restricted_to"", ""selected_individuals""]]",1.0,0.8491339087486267,0.922407329082489,0.48148148148148145,1.0,0.9888798486538757,0.9899918637884881,0.9911038789231006,0.9922158940577128,0.9933279091923254,0.9944399243269378,0.9955519394615503,0.9966639545961626,0.9977759697307751,0.9988879848653875,1.0,0.962661935341471,0.9741245262641285
233,LF and cruroplasty is feasible and has good results in terms of GERD symptoms control and additional weight loss. The high rate of postoperative complications observed in this series remains a matter of concern. A re-sleeve procedure might be considered as an alternative to RYGB/DS conversion restricted to selected patients.,LF and cruroplasty is feasible and has good results in terms of GERD symptoms control and additional weight loss. The high rate of postoperative complications observed in this series remains a matter of concern. A re-sleeve procedure might be considered as an alternative to CLD/DS conversion restricted to selected patients.,"[[""LF_and_cruroplasty"", ""is_feasible"", ""True""], [""LF_and_cruroplasty"", ""has_good_results_in"", ""GERD_symptoms_control""], [""LF_and_cruroplasty"", ""has_good_results_in"", ""additional_weight_loss""], [""postoperative_complications"", ""are_observed_at_high_rate"", ""True""], [""postoperative_complications"", ""remain_a_matter_of_concern"", ""True""], [""re-sleeve_procedure"", ""is_considered_as_alternative"", ""RYGB/DS_conversion""], [""re-sleeve_procedure"", ""is_restricted_to"", ""selected_patients""]]","[[""LF_and_cruroplasty"", ""is_feasible"", ""True""], [""LF_and_cruroplasty"", ""has_good_results_in"", ""GERD_symptoms_control""], [""LF_and_cruroplasty"", ""has_good_results_in"", ""additional_weight_loss""], [""postoperative_complications"", ""are_observed_at_high_rate"", ""True""], [""postoperative_complications"", ""remain_a_matter_of_concern"", ""True""], [""re-sleeve_procedure"", ""is_considered_as_alternative"", ""CLD/DS_conversion""], [""re-sleeve_procedure"", ""is_restricted_to"", ""selected_patients""]]",0.7708333333333334,0.9546998143196106,0.9212980270385742,0.7708333333333334,0.7708333333333334,0.9922133406900634,0.9700753399543904,0.9479373392187175,0.9257993384830443,0.9036613377473713,0.8815233370116984,0.8593853362760254,0.8372473355403524,0.8151093348046794,0.7929713340690064,0.7708333333333334,0.9699320942307604,0.9833793434256991
234,LF and cruroplasty is feasible and has good results in terms of GERD symptoms control and additional weight loss. The high rate of postoperative complications observed in this series remains a matter of concern. A re-sleeve procedure might be considered as an alternative to RYGB/DS conversion restricted to selected patients.,LF and cruroplasty is feasible and has good results in terms of GERD symptoms control and additional weight loss. a matter of concern remains The high rate of postoperative complications observed in this series. A re-sleeve procedure might be considered as an alternative to RYGB/DS conversion restricted to selected patients.,"[[""LF"", ""combined_with"", ""cruroplasty""], [""LF_and_cruroplasty"", ""has_result"", ""good_GERD_symptoms_control""], [""LF_and_cruroplasty"", ""has_result"", ""additional_weight_loss""], [""postoperative_complications"", ""observed_in"", ""LF_and_cruroplasty""], [""re_sleeve_procedure"", ""considered_as"", ""alternative_to_RYGB_DS_conversion""], [""re_sleeve_procedure"", ""restricted_to"", ""selected_patients""]]","[[""LF"", ""combined_with"", ""cruroplasty""], [""LF_and_cruroplasty"", ""has_result"", ""good_GERD_symptoms_control""], [""LF_and_cruroplasty"", ""has_result"", ""additional_weight_loss""], [""postoperative_complications"", ""observed_in"", ""LF_and_cruroplasty""], [""postoperative_complications"", ""is"", ""matter_of_concern""], [""re_sleeve_procedure"", ""considered_as"", ""alternative_to_RYGB_DS_conversion""], [""re_sleeve_procedure"", ""restricted_to"", ""selected_patients""]]",1.0,0.899544894695282,0.9609180092811584,0.7905694150420948,1.0,0.9999999153048197,0.9999999237743377,0.9999999322438557,0.9999999407133737,0.9999999491828918,0.9999999576524099,0.9999999661219279,0.9999999745914459,0.9999999830609639,0.999999991530482,1.0,1.0,0.9920495146540405
235,LF and cruroplasty is feasible and has good results in terms of GERD symptoms control and additional weight loss. The high rate of postoperative complications observed in this series remains a matter of concern. A re-sleeve procedure might be considered as an alternative to RYGB/DS conversion restricted to selected patients.,"Although the association of prostate and lung cancer is uncommon, the possibility of synchronous tumors should be considered in patients with urinary and pulmonary symptoms suggestive of neoplasm. It is important to determine if the lesion is a metastasis, since the prognosis depends on the second tumor.","[[""laparoscopic_fundectomy"", ""combined_with"", ""cruroplasty""], [""laparoscopic_fundectomy_and_cruroplasty"", ""has_good_results"", ""GERD_symptoms_control""], [""laparoscopic_fundectomy_and_cruroplasty"", ""has_good_results"", ""additional_weight_loss""], [""laparoscopic_fundectomy_and_cruroplasty"", ""has_complication"", ""postoperative_complications""], [""re_sleeve_procedure"", ""considered_as_alternative"", ""RYGB_DS_conversion""], [""RYGB_DS_conversion"", ""restricted_to"", ""selected_patients""], [""re_sleeve_procedure"", ""performed_in"", ""selected_patients""]]","[[""prostate_cancer"", ""associated_with"", ""lung_cancer""], [""prostate_and_lung_cancer"", ""has_symptom"", ""urinary_symptoms""], [""prostate_and_lung_cancer"", ""has_symptom"", ""pulmonary_symptoms""], [""patients"", ""have"", ""urinary_symptoms""], [""patients"", ""have"", ""pulmonary_symptoms""], [""lesion"", ""may_be"", ""metastasis""], [""prognosis"", ""depends_on"", ""second_tumor""], [""second_tumor"", ""may_be"", ""synchronous_tumor""], [""synchronous_tumors"", ""should_be_considered"", ""in_patients_with_neoplasm""]]",0.0,0.0,0.0,0.0,0.0,0.5180468295134468,0.46624214656210217,0.4144374636107575,0.36263278065941273,0.3108280977080681,0.2590234147567234,0.20721873180537875,0.15541404885403406,0.10360936590268935,0.051804682951344674,0.0,0.3822443805408751,0.6750948810306969
236,"The enhancement of serum TNFalpha and IL-6 levels in the patients with ERCP-induced pancreatitis reflects the inflammatory activity. Additionally, these cytokines together with IL-4 can be used in clinical laboratory monitoring of ERCP.","The enhancement of serum TNFalpha and IL-6 degree in the individuals with ERCP-induced pancreatitis reflects the incendiary action. Additionally, these cytokines together with IL-4 can be used in aesculapian laboratory monitoring of ERCP.","[[""Serum_TNFalpha"", ""enhanced_in"", ""ERCP-induced_pancreatitis""], [""Serum_IL-6"", ""enhanced_in"", ""ERCP-induced_pancreatitis""], [""Serum_TNFalpha"", ""reflects"", ""inflammatory_activity""], [""Serum_IL-6"", ""reflects"", ""inflammatory_activity""], [""Serum_TNFalpha"", ""used_in"", ""clinical_laboratory_monitoring_of_ERCP""], [""Serum_IL-6"", ""used_in"", ""clinical_laboratory_monitoring_of_ERCP""], [""Serum_IL-4"", ""used_in"", ""clinical_laboratory_monitoring_of_ERCP""]]","[[""Serum_TNFalpha"", ""enhanced_in"", ""ERCP-induced_pancreatitis""], [""Serum_IL-6"", ""enhanced_in"", ""ERCP-induced_pancreatitis""], [""Serum_TNFalpha"", ""reflects"", ""incendiary_action""], [""Serum_IL-6"", ""reflects"", ""incendiary_action""], [""Serum_TNFalpha"", ""used_in"", ""aesculapian_laboratory_monitoring_of_ERCP""], [""Serum_IL-6"", ""used_in"", ""aesculapian_laboratory_monitoring_of_ERCP""], [""Serum_IL-4"", ""used_in"", ""aesculapian_laboratory_monitoring_of_ERCP""]]",0.3333333333333333,0.9481542706489563,0.9210665822029114,0.2777777777777778,0.4444444444444444,0.9394936805522818,0.889988756941498,0.8404838333307144,0.7909789097199305,0.7414739861091468,0.6919690624983631,0.6424641388875794,0.5929592152767956,0.5434542916660119,0.49394936805522816,0.4444444444444444,0.8884499417550993,0.9509357812137823
237,"The enhancement of serum TNFalpha and IL-6 levels in the patients with ERCP-induced pancreatitis reflects the inflammatory activity. Additionally, these cytokines together with IL-4 can be used in clinical laboratory monitoring of ERCP.","The enhancement of serum TNFalpha and IL-9 levels in the patients with ERCP-induced pancreatitis reflects the inflammatory activity. Additionally, these cytokines together with IL-6 can be used in clinical laboratory monitoring of ERCP.","[[""Serum_TNFalpha"", ""enhanced_in"", ""ERCP-induced_pancreatitis""], [""Serum_IL-6"", ""enhanced_in"", ""ERCP-induced_pancreatitis""], [""TNFalpha"", ""reflects"", ""inflammatory_activity""], [""IL-6"", ""reflects"", ""inflammatory_activity""], [""IL-4"", ""used_in"", ""clinical_laboratory_monitoring_of_ERCP""], [""TNFalpha"", ""used_in"", ""clinical_laboratory_monitoring_of_ERCP""], [""IL-6"", ""used_in"", ""clinical_laboratory_monitoring_of_ERCP""]]","[[""Serum_TNFalpha"", ""enhanced_in"", ""ERCP-induced_pancreatitis""], [""Serum_IL-9"", ""enhanced_in"", ""ERCP-induced_pancreatitis""], [""TNFalpha"", ""reflects"", ""inflammatory_activity""], [""IL-9"", ""reflects"", ""inflammatory_activity""], [""IL-6"", ""used_in"", ""clinical_laboratory_monitoring_of_ERCP""], [""TNFalpha"", ""used_in"", ""clinical_laboratory_monitoring_of_ERCP""], [""IL-9"", ""used_in"", ""clinical_laboratory_monitoring_of_ERCP""]]",1.0,0.6568061113357544,0.9210286140441895,0.375,0.45105489780439517,0.9808533519466411,0.9278735065324165,0.8748936611181919,0.8219138157039674,0.7689339702897428,0.7159541248755181,0.6629742794612936,0.609994434047069,0.5570145886328444,0.5040347432186197,0.45105489780439517,0.9712048291495763,0.9471102009774084
238,"The enhancement of serum TNFalpha and IL-6 levels in the patients with ERCP-induced pancreatitis reflects the inflammatory activity. Additionally, these cytokines together with IL-4 can be used in clinical laboratory monitoring of ERCP.","the inflammatory activity reflects The enhancement of serum TNFalpha and IL-6 levels in the patients with ERCP-induced pancreatitis. Additionally, these cytokines together with IL-4 can be used in clinical laboratory monitoring of ERCP.","[[""Serum_TNFalpha"", ""enhanced_in"", ""ERCP-induced_pancreatitis""], [""Serum_IL-6"", ""enhanced_in"", ""ERCP-induced_pancreatitis""], [""TNFalpha"", ""reflects"", ""inflammatory_activity""], [""IL-6"", ""reflects"", ""inflammatory_activity""], [""IL-4"", ""used_in"", ""clinical_laboratory_monitoring""], [""TNFalpha"", ""used_in"", ""clinical_laboratory_monitoring""], [""IL-6"", ""used_in"", ""clinical_laboratory_monitoring""], [""ERCP-induced_pancreatitis"", ""monitored_by"", ""clinical_laboratory""]]","[[""Inflammatory_activity"", ""reflects"", ""enhancement_of_TNFalpha""], [""Inflammatory_activity"", ""reflects"", ""enhancement_of_IL-6""], [""TNFalpha"", ""enhanced_in"", ""ERCP-induced_pancreatitis""], [""IL-6"", ""enhanced_in"", ""ERCP-induced_pancreatitis""], [""IL-4"", ""used_in"", ""clinical_laboratory_monitoring""], [""TNFalpha"", ""used_in"", ""clinical_laboratory_monitoring""], [""IL-6"", ""used_in"", ""clinical_laboratory_monitoring""], [""ERCP-induced_pancreatitis"", ""monitored_by"", ""clinical_laboratory""]]",1.0,0.0,0.7159721255302429,0.5,0.5360562674188974,0.9898130697587513,0.9444373895247659,0.8990617092907806,0.853686029056795,0.8083103488228098,0.7629346685888243,0.717558988354839,0.6721833081208537,0.6268076278868682,0.5814319476528829,0.5360562674188974,0.9749859199352031,0.786380256526436
239,"The enhancement of serum TNFalpha and IL-6 levels in the patients with ERCP-induced pancreatitis reflects the inflammatory activity. Additionally, these cytokines together with IL-4 can be used in clinical laboratory monitoring of ERCP.",Oral endotracheal intubation in the in-flight setting of the BO-105 helicopter takes approximately twice as long as intubation in a ground setting. The results support pre-flight intubation of patients who appear likely to require urgent intubation during air medical transport in the BO-105 helicopter.,"[[""Serum_TNFalpha"", ""enhanced_in"", ""ERCP-induced_pancreatitis""], [""Serum_IL-6"", ""enhanced_in"", ""ERCP-induced_pancreatitis""], [""Serum_TNFalpha"", ""reflects"", ""inflammatory_activity""], [""Serum_IL-6"", ""reflects"", ""inflammatory_activity""], [""Serum_TNFalpha"", ""used_for"", ""clinical_laboratory_monitoring""], [""Serum_IL-6"", ""used_for"", ""clinical_laboratory_monitoring""], [""Serum_IL-4"", ""used_for"", ""clinical_laboratory_monitoring""]]","[[""Oral_endotracheal_intubation"", ""takes_longer_in"", ""in-flight_setting""], [""In-flight_setting"", ""location_of"", ""BO-105_helicopter""], [""Oral_endotracheal_intubation"", ""compared_to"", ""ground_setting""], [""Ground_setting"", ""intubation_time"", ""shorter_than_in-flight_setting""], [""Pre-flight_intubation"", ""recommended_for"", ""patients_requiring_urgent_intubation""], [""BO-105_helicopter"", ""used_for"", ""air_medical_transport""]]",0.0,0.0,0.0,0.0,0.0,0.16163055469569823,0.14546749922612842,0.12930444375655858,0.11314138828698875,0.09697833281741894,0.08081527734784912,0.06465222187827929,0.048489166408709476,0.03232611093913964,0.01616305546956982,0.0,0.2326217987158654,0.34778882851421045
240,"In our study the U-Blade (RC) lag screw did not reduce the cut-out in treatment of OTA/AO 31A1-3 fractures at all. Considering the longer duration of surgery and the higher costs of the U-Blade (RC) lag screw, our results do not justify its use. However, further prospective randomized studies will be necessary.","In our investigation the U-Blade (RC) lag jailer did not reduce the cut-out in therapy of OTA/AO 31A1-3 break at all. Considering the retentive continuance of operation and the greater costs of the U-Blade (RC) lag screw, our findings do not justify its use. However, further prospective randomised survey will be necessary.","[[""U-Blade_(RC)_lag_screw"", ""did_not_reduce"", ""cut-out""], [""cut-out"", ""occurs_in"", ""treatment_of_OTAAO_31A1-3_fractures""], [""U-Blade_(RC)_lag_screw"", ""has"", ""longer_duration_of_surgery""], [""U-Blade_(RC)_lag_screw"", ""has"", ""higher_costs""], [""results"", ""do_not_justify"", ""use_of_U-Blade_(RC)_lag_screw""], [""further_studies"", ""are"", ""prospective_randomized_studies""]]","[[""U-Blade_(RC)_lag_screw"", ""did_not_reduce"", ""cut-out""], [""cut-out"", ""occurs_in"", ""therapy_of_OTAAO_31A1-3_break""], [""U-Blade_(RC)_lag_screw"", ""has"", ""retentive_continuance_of_operation""], [""U-Blade_(RC)_lag_screw"", ""has"", ""greater_costs""], [""findings"", ""do_not_justify"", ""use_of_U-Blade_(RC)_lag_screw""], [""further_survey"", ""is"", ""prospective_randomised_survey""]]",0.6904248749404296,0.26624053716659546,0.5989737510681152,0.14814814814814814,0.7267486362195071,0.9665963633795326,0.9426115906635301,0.9186268179475277,0.8946420452315249,0.8706572725155224,0.8466724997995199,0.8226877270835173,0.7987029543675148,0.7747181816515123,0.7507334089355097,0.7267486362195071,0.8993368511153075,0.9540305802953568
241,"In our study the U-Blade (RC) lag screw did not reduce the cut-out in treatment of OTA/AO 31A1-3 fractures at all. Considering the longer duration of surgery and the higher costs of the U-Blade (RC) lag screw, our results do not justify its use. However, further prospective randomized studies will be necessary.","In our study the U-Blade (RC) lag screw did not reduce the cut-out in treatment of OTA/AO 31A1-2 fractures at all. Considering the longer duration of surgery and the higher costs of the U-Blade (RC) lag screw, our results do not justify its use. However, further prospective randomized studies will be necessary.","[[""U-Blade_(RC)_lag_screw"", ""did_not_reduce"", ""cut-out""], [""U-Blade_(RC)_lag_screw"", ""used_for"", ""OTA/AO_31A1-3_fractures""], [""U-Blade_(RC)_lag_screw"", ""has"", ""longer_duration_of_surgery""], [""U-Blade_(RC)_lag_screw"", ""has"", ""higher_costs""], [""Study"", ""result"", ""does_not_justify_U-Blade_(RC)_lag_screw_use""], [""Further_studies"", ""necessary"", ""prospective_randomized_studies""]]","[[""U-Blade_(RC)_lag_screw"", ""did_not_reduce"", ""cut-out""], [""U-Blade_(RC)_lag_screw"", ""used_for"", ""OTA/AO_31A1-2_fractures""], [""U-Blade_(RC)_lag_screw"", ""has"", ""longer_duration_of_surgery""], [""U-Blade_(RC)_lag_screw"", ""has"", ""higher_costs""], [""Study"", ""result"", ""does_not_justify_U-Blade_(RC)_lag_screw_use""], [""Further_studies"", ""necessary"", ""prospective_randomized_studies""]]",1.0,0.9023374319076538,0.9735889434814453,0.7962962962962963,1.0,0.9998818272394571,0.9998936445155113,0.9999054617915657,0.9999172790676198,0.9999290963436742,0.9999409136197286,0.9999527308957828,0.9999645481718371,0.9999763654478915,0.9999881827239457,1.0,0.9994702083318774,0.999780471729374
242,"In our study the U-Blade (RC) lag screw did not reduce the cut-out in treatment of OTA/AO 31A1-3 fractures at all. Considering the longer duration of surgery and the higher costs of the U-Blade (RC) lag screw, our results do not justify its use. However, further prospective randomized studies will be necessary.","In our study the cut-out did not reduce the U-Blade (RC) lag screw in treatment of OTA/AO 31A1-3 fractures at all. Considering the longer duration of surgery and the higher costs of the U-Blade (RC) lag screw, our results do not justify its use. However, further prospective randomized studies will be necessary.","[[""U-Blade_(RC)_lag_screw"", ""did_not_reduce"", ""cut-out""], [""OTA/AO_31A1-3_fractures"", ""treated_with"", ""U-Blade_(RC)_lag_screw""], [""U-Blade_(RC)_lag_screw"", ""has"", ""longer_duration_of_surgery""], [""U-Blade_(RC)_lag_screw"", ""has"", ""higher_costs""], [""Study"", ""found"", ""no_justification_for_U-Blade_(RC)_lag_screw_use""], [""Further_studies"", ""should_be"", ""prospective_randomized""]]","[[""Cut-out"", ""did_not_reduce"", ""U-Blade_(RC)_lag_screw""], [""U-Blade_(RC)_lag_screw"", ""used_for"", ""OTA/AO_31A1-3_fractures""], [""U-Blade_(RC)_lag_screw"", ""has"", ""longer_duration_of_surgery""], [""U-Blade_(RC)_lag_screw"", ""has"", ""higher_costs""], [""Study"", ""found"", ""no_justification_for_U-Blade_(RC)_lag_screw_use""], [""Further_studies"", ""should_be"", ""prospective_randomized""]]",0.7916666666666666,1.0,1.0,0.8148148148148148,0.8148148148148148,0.9962391447391188,0.9780967117466884,0.9599542787542581,0.9418118457618274,0.9236694127693972,0.9055269797769667,0.8873845467845364,0.869242113792106,0.8510996807996756,0.8329572478072451,0.8148148148148148,0.9768692509459578,0.9733371387704279
243,"In our study the U-Blade (RC) lag screw did not reduce the cut-out in treatment of OTA/AO 31A1-3 fractures at all. Considering the longer duration of surgery and the higher costs of the U-Blade (RC) lag screw, our results do not justify its use. However, further prospective randomized studies will be necessary.","Doctors specialized in infectious diseases and clinical microbiology assess the appropriateness of antimicrobials prescribed for a broad spectrum of indications with acceptable agreement and validity, regardless of their experience or hospital of employment. However, there is room for improvement, which merits attention in multidisciplinary discussions and education.","[[""U-Blade_(RC)_lag_screw"", ""does_not_reduce"", ""cut-out""], [""OTA/AO_31A1-3_fractures"", ""treated_with"", ""U-Blade_(RC)_lag_screw""], [""U-Blade_(RC)_lag_screw"", ""has"", ""longer_duration_of_surgery""], [""U-Blade_(RC)_lag_screw"", ""has"", ""higher_costs""], [""Study"", ""finds"", ""no_justification_for_U-Blade_(RC)_lag_screw_use""], [""Further_studies"", ""necessary_for"", ""U-Blade_(RC)_lag_screw_evaluation""]]","[[""Doctors"", ""specialized_in"", ""infectious_diseases""], [""Doctors"", ""specialized_in"", ""clinical_microbiology""], [""Doctors"", ""assess"", ""antimicrobials""], [""Antimicrobials"", ""prescribed_for"", ""broad_spectrum_of_indications""], [""Doctors"", ""have"", ""acceptable_agreement""], [""Doctors"", ""have"", ""validity""], [""Improvement"", ""merits_attention_in"", ""multidisciplinary_discussions""], [""Improvement"", ""merits_attention_in"", ""education""]]",0.0,0.0,0.0,0.0,0.0,0.17995243596851687,0.1619571923716652,0.1439619487748135,0.1259667051779618,0.10797146158111012,0.08997621798425844,0.07198097438740675,0.05398573079055507,0.03599048719370337,0.017995243596851684,0.0,0.29977165697384633,0.3961759091328877
244,"Combined approach tympanoplasty (CAT) allows for successful treatment of cholesteatoma with rates of recurrent and residual disease comparable to open mastoid surgery. Early timing of second-look procedures allows easier removal of any recurrent or residual disease, which reduces the conversion rate to open mastoidectomy.","Combined approach tympanoplasty (CAT) allows for successful therapy of cholesteatoma with pace of recurrent and residual status comparable to open mastoid surgery. Early timing of second-look procedures allows easier remotion of any perennial or residual disease, which reduces the conversion rate to open mastoidectomy.","[[""Combined_approach_tympanoplasty_(CAT)"", ""allows_for"", ""successful_treatment""], [""successful_treatment"", ""of"", ""cholesteatoma""], [""Combined_approach_tympanoplasty_(CAT)"", ""compared_to"", ""open_mastoid_surgery""], [""rates_of_recurrent_disease"", ""comparable_to"", ""open_mastoid_surgery""], [""rates_of_residual_disease"", ""comparable_to"", ""open_mastoid_surgery""], [""second-look_procedures"", ""allow_for"", ""easier_removal""], [""easier_removal"", ""of"", ""recurrent_disease""], [""easier_removal"", ""of"", ""residual_disease""], [""early_timing"", ""reduces"", ""conversion_rate""], [""conversion_rate"", ""related_to"", ""open_mastoidectomy""]]","[[""Combined_approach_tympanoplasty_(CAT)"", ""allows_for"", ""successful_therapy""], [""successful_therapy"", ""of"", ""cholesteatoma""], [""Combined_approach_tympanoplasty_(CAT)"", ""compared_to"", ""open_mastoid_surgery""], [""pace_of_recurrent_status"", ""comparable_to"", ""open_mastoid_surgery""], [""pace_of_residual_status"", ""comparable_to"", ""open_mastoid_surgery""], [""second-look_procedures"", ""allow_for"", ""easier_remotion""], [""easier_remotion"", ""of"", ""perennial_disease""], [""easier_remotion"", ""of"", ""residual_disease""], [""early_timing"", ""reduces"", ""conversion_rate""], [""conversion_rate"", ""related_to"", ""open_mastoidectomy""]]",0.5094780674715722,0.5257357358932495,0.8227301836013794,0.4230769230769231,0.6768020406135381,0.957797674920516,0.9296981114898182,0.9015985480591205,0.8734989846284227,0.8453994211977249,0.8172998577670271,0.7892002943363292,0.7611007309056315,0.7330011674749337,0.704901604044236,0.6768020406135381,0.936986700604292,0.955678620682181
245,"Combined approach tympanoplasty (CAT) allows for successful treatment of cholesteatoma with rates of recurrent and residual disease comparable to open mastoid surgery. Early timing of second-look procedures allows easier removal of any recurrent or residual disease, which reduces the conversion rate to open mastoidectomy.","Combined approach tympanoplasty (Medical Subject Headings) allows for successful treatment of cholesteatoma with rates of recurrent and residual disease comparable to open mastoid surgery. Early timing of second-look procedures allows easier removal of any recurrent or residual disease, which reduces the conversion rate to open mastoidectomy.","[[""Combined_approach_tympanoplasty"", ""allows_for"", ""successful_treatment""], [""successful_treatment"", ""of"", ""cholesteatoma""], [""Combined_approach_tympanoplasty"", ""has"", ""rates_of_recurrent_disease""], [""rates_of_recurrent_disease"", ""comparable_to"", ""open_mastoid_surgery""], [""Combined_approach_tympanoplasty"", ""has"", ""rates_of_residual_disease""], [""rates_of_residual_disease"", ""comparable_to"", ""open_mastoid_surgery""], [""early_timing_of_second-look_procedures"", ""allows"", ""easier_removal""], [""easier_removal"", ""of"", ""recurrent_disease""], [""easier_removal"", ""of"", ""residual_disease""], [""early_timing_of_second-look_procedures"", ""reduces"", ""conversion_rate""], [""conversion_rate"", ""to"", ""open_mastoidectomy""]]","[[""Combined_approach_tympanoplasty"", ""allows_for"", ""successful_treatment""], [""successful_treatment"", ""of"", ""cholesteatoma""], [""Combined_approach_tympanoplasty"", ""has"", ""rates_of_recurrent_disease""], [""rates_of_recurrent_disease"", ""comparable_to"", ""open_mastoid_surgery""], [""Combined_approach_tympanoplasty"", ""has"", ""rates_of_residual_disease""], [""rates_of_residual_disease"", ""comparable_to"", ""open_mastoid_surgery""], [""early_timing_of_second-look_procedures"", ""allows"", ""easier_removal""], [""easier_removal"", ""of"", ""recurrent_disease""], [""easier_removal"", ""of"", ""residual_disease""], [""early_timing_of_second-look_procedures"", ""reduces"", ""conversion_rate""], [""conversion_rate"", ""to"", ""open_mastoidectomy""], [""Combined_approach_tympanoplasty"", ""classified_in"", ""Medical_Subject_Headings""]]",1.0,0.9444485902786255,0.9509415626525879,0.8940488587450699,1.0,0.9999999059497067,0.999999915354736,0.9999999247597653,0.9999999341647947,0.999999943569824,0.9999999529748533,0.9999999623798826,0.999999971784912,0.9999999811899414,0.9999999905949707,1.0,1.0,0.9903014972183068
246,"Combined approach tympanoplasty (CAT) allows for successful treatment of cholesteatoma with rates of recurrent and residual disease comparable to open mastoid surgery. Early timing of second-look procedures allows easier removal of any recurrent or residual disease, which reduces the conversion rate to open mastoidectomy.","Combined approach tympanoplasty (CAT) allows for successful treatment of cholesteatoma with rates of recurrent and residual disease comparable to open mastoid surgery. easier removal of any recurrent or residual disease, which reduces the conversion rate to open mastoidectomy allows Early timing of second-look procedures.","[[""Combined_approach_tympanoplasty"", ""allows_for"", ""successful_treatment_of_cholesteatoma""], [""Combined_approach_tympanoplasty"", ""has_outcome"", ""recurrent_disease""], [""Combined_approach_tympanoplasty"", ""has_outcome"", ""residual_disease""], [""Combined_approach_tympanoplasty"", ""compared_to"", ""open_mastoid_surgery""], [""second-look_procedures"", ""allows_for"", ""easier_removal_of_recurrent_disease""], [""second-look_procedures"", ""allows_for"", ""easier_removal_of_residual_disease""], [""easier_removal_of_recurrent_disease"", ""reduces"", ""conversion_rate_to_open_mastoidectomy""], [""easier_removal_of_residual_disease"", ""reduces"", ""conversion_rate_to_open_mastoidectomy""], [""early_timing_of_second-look_procedures"", ""allows_for"", ""easier_removal_of_recurrent_disease""], [""early_timing_of_second-look_procedures"", ""allows_for"", ""easier_removal_of_residual_disease""]]","[[""Combined_approach_tympanoplasty"", ""allows_for"", ""successful_treatment_of_cholesteatoma""], [""Combined_approach_tympanoplasty"", ""has_outcome"", ""recurrent_disease""], [""Combined_approach_tympanoplasty"", ""has_outcome"", ""residual_disease""], [""Combined_approach_tympanoplasty"", ""compared_to"", ""open_mastoid_surgery""], [""easier_removal_of_recurrent_disease"", ""reduces"", ""conversion_rate_to_open_mastoidectomy""], [""easier_removal_of_residual_disease"", ""reduces"", ""conversion_rate_to_open_mastoidectomy""], [""early_timing_of_second-look_procedures"", ""allows_for"", ""easier_removal_of_recurrent_disease""], [""early_timing_of_second-look_procedures"", ""allows_for"", ""easier_removal_of_residual_disease""], [""second-look_procedures"", ""has_benefit"", ""early_timing""], [""early_timing_of_second-look_procedures"", ""reduces"", ""conversion_rate_to_open_mastoidectomy""]]",1.0,0.7981873154640198,0.9604728817939758,0.6515327693178213,0.7085836580657906,0.9869660587198281,0.9591278186544243,0.9312895785890206,0.9034513385236169,0.8756130984582131,0.8477748583928093,0.8199366183274056,0.7920983782620019,0.7642601381965981,0.7364218981311944,0.7085836580657906,0.9934019854311842,0.9811689581979159
247,"Combined approach tympanoplasty (CAT) allows for successful treatment of cholesteatoma with rates of recurrent and residual disease comparable to open mastoid surgery. Early timing of second-look procedures allows easier removal of any recurrent or residual disease, which reduces the conversion rate to open mastoidectomy.",Both 'economic/employment' and 'social/welfare' dimensions of social exclusion significantly influence suicide mortality among males. The influence of 'economic/employment' and 'social/welfare' dimensions of social exclusion on female suicide mortality is controversial. Social exclusion might be considered as a risk factor for suicide mortality in Europe.,"[[""Combined_approach_tympanoplasty"", ""allows_treatment_of"", ""cholesteatoma""], [""Combined_approach_tympanoplasty"", ""has_rates_of"", ""recurrent_disease""], [""Combined_approach_tympanoplasty"", ""has_rates_of"", ""residual_disease""], [""Combined_approach_tympanoplasty"", ""compared_to"", ""open_mastoid_surgery""], [""second-look_procedures"", ""allows_removal_of"", ""recurrent_disease""], [""second-look_procedures"", ""allows_removal_of"", ""residual_disease""], [""second-look_procedures"", ""reduces"", ""conversion_rate_to_open_mastoidectomy""], [""early_timing_of_second-look_procedures"", ""enables"", ""easier_removal""]]","[[""economic/employment_dimensions"", ""influence"", ""suicide_mortality_among_males""], [""social/welfare_dimensions"", ""influence"", ""suicide_mortality_among_males""], [""economic/employment_dimensions"", ""controversial_influence_on"", ""female_suicide_mortality""], [""social/welfare_dimensions"", ""controversial_influence_on"", ""female_suicide_mortality""], [""social_exclusion"", ""considered_as"", ""risk_factor_for_suicide_mortality""], [""social_exclusion"", ""associated_with"", ""suicide_mortality_in_Europe""]]",0.0,0.0,0.0,0.0,0.0,0.11736075104622112,0.10562467594159901,0.09388860083697691,0.08215252573235478,0.07041645062773268,0.05868037552311056,0.046944300418488454,0.035208225313866345,0.02347215020924422,0.01173607510462211,0.0,0.18493325388601334,0.33119164956167957
248,"Currently available nomograms used to predict BCR accurately predict PCSM and other more clinically relevant endpoints. Moreover, not only do they significantly predict PCSM, but do so with generally greater accuracy than BCR.","Currently uncommitted nomograph used to predict BCR accurately predict PCSM and other more clinically relevant termination. Moreover, not only do they importantly predict PCSM, but do so with typically greater accuracy than BCR.","[[""currently_available_nomograms"", ""predict"", ""biochemical_recurrence""], [""currently_available_nomograms"", ""predict"", ""prostate_cancer_specific_mortality""], [""currently_available_nomograms"", ""predict"", ""clinically_relevant_endpoints""], [""prostate_cancer_specific_mortality"", ""is"", ""clinically_relevant_endpoint""], [""biochemical_recurrence"", ""is"", ""clinically_relevant_endpoint""], [""currently_available_nomograms"", ""predict_prostate_cancer_specific_mortality_with_greater_accuracy_than"", ""biochemical_recurrence""]]","[[""currently_uncommitted_nomograph"", ""predict"", ""biochemical_recurrence""], [""currently_uncommitted_nomograph"", ""predict"", ""prostate_cancer_specific_mortality""], [""currently_uncommitted_nomograph"", ""predict"", ""clinically_relevant_termination""], [""prostate_cancer_specific_mortality"", ""is"", ""clinically_relevant_termination""], [""biochemical_recurrence"", ""is"", ""clinically_relevant_termination""], [""currently_uncommitted_nomograph"", ""predict_prostate_cancer_specific_mortality_with_greater_accuracy_than"", ""biochemical_recurrence""]]",0.125,0.0,0.7032269239425659,0.07453559924999299,0.11180339887498948,0.9319906164684291,0.8499718947090852,0.7679531729497412,0.6859344511903971,0.6039157294310532,0.5218970076717093,0.43987828591236533,0.3578595641530214,0.27584084239367734,0.1938221206343334,0.11180339887498948,0.9001696774452052,0.932412351704411
249,"Currently available nomograms used to predict BCR accurately predict PCSM and other more clinically relevant endpoints. Moreover, not only do they significantly predict PCSM, but do so with generally greater accuracy than BCR.","Currently available nomograms used to predict While Italian accurately predict PCSM and other more clinically relevant endpoints. Moreover, not only do they significantly predict PCSM, but do so with generally greater accuracy than BCR.","[[""currently_available_nomograms"", ""predict"", ""BCR""], [""currently_available_nomograms"", ""predict"", ""PCSM""], [""currently_available_nomograms"", ""predict"", ""clinically_relevant_endpoints""], [""PCSM"", ""more_definitive_endpoint_than"", ""BCR""], [""currently_available_nomograms"", ""predict_PCSM_with_greater_accuracy_than"", ""BCR""]]","[[""currently_available_nomograms"", ""predict"", ""PCSM""], [""currently_available_nomograms"", ""predict"", ""clinically_relevant_endpoints""], [""currently_available_nomograms"", ""predict_PCSM_with_greater_accuracy_than"", ""BCR""], [""Italian"", ""not_relevant_to_prediction"", ""nomograms""]]",0.625,0.20678244531154633,0.7902461886405945,0.5103103630798288,0.625,0.9743933858086651,0.9394540472277986,0.9045147086469321,0.8695753700660656,0.834636031485199,0.7996966929043325,0.764757354323466,0.7298180157425995,0.694878677161733,0.6599393385808665,0.625,0.9571285470725782,0.966186026896032
250,"Currently available nomograms used to predict BCR accurately predict PCSM and other more clinically relevant endpoints. Moreover, not only do they significantly predict PCSM, but do so with generally greater accuracy than BCR.","Currently available nomograms used to predict BCR accurately predict PCSM and other more clinically relevant endpoints. Moreover, not only do PCSM significantly predict they, but do so with generally greater accuracy than BCR.","[[""currently_available_nomograms"", ""predict"", ""biochemical_recurrence""], [""currently_available_nomograms"", ""predict"", ""prostate_cancer-specific_mortality""], [""currently_available_nomograms"", ""predict"", ""clinically_relevant_endpoints""], [""prostate_cancer-specific_mortality"", ""predicted_with_greater_accuracy_than"", ""biochemical_recurrence""], [""currently_available_nomograms"", ""significantly_predict"", ""prostate_cancer-specific_mortality""]]","[[""currently_available_nomograms"", ""predict"", ""biochemical_recurrence""], [""currently_available_nomograms"", ""predict"", ""prostate_cancer-specific_mortality""], [""currently_available_nomograms"", ""predict"", ""clinically_relevant_endpoints""], [""prostate_cancer-specific_mortality"", ""predicts"", ""currently_available_nomograms""], [""prostate_cancer-specific_mortality"", ""predicted_with_greater_accuracy_than"", ""biochemical_recurrence""]]",1.0,0.9999998807907104,1.0,1.0,1.0,0.9951060971893746,0.9955954874704371,0.9960848777514997,0.9965742680325622,0.9970636583136248,0.9975530485946873,0.9980424388757498,0.9985318291568124,0.9990212194378749,0.9995106097189375,1.0,0.9913196386992387,0.9913956915047983
251,"Currently available nomograms used to predict BCR accurately predict PCSM and other more clinically relevant endpoints. Moreover, not only do they significantly predict PCSM, but do so with generally greater accuracy than BCR.",Improving hospital efficiency by shortening length of stay does not appear to result in increased rates of readmission or numbers of physician visits within 30 days after discharge from hospital. Research is needed to identify optimal lengths of stay and expected readmission rates.,"[[""nomograms"", ""predict"", ""biochemical_recurrence""], [""nomograms"", ""predict"", ""prostate_cancer_specific_mortality""], [""prostate_cancer_specific_mortality"", ""predicted_more_accurately_than"", ""biochemical_recurrence""], [""nomograms"", ""predict"", ""clinically_relevant_endpoints""], [""clinically_relevant_endpoints"", ""predicted_more_accurately_than"", ""biochemical_recurrence""]]","[[""hospital_efficiency"", ""improved_by"", ""shortening_length_of_stay""], [""length_of_stay"", ""shortened"", ""no_increase_in_readmission_rates""], [""readmission_rates"", ""not_increased_by"", ""shortening_length_of_stay""], [""physician_visits"", ""not_increased_by"", ""shortening_length_of_stay""], [""research"", ""needed_to_identify"", ""optimal_lengths_of_stay""], [""research"", ""needed_to_identify"", ""expected_readmission_rates""], [""length_of_stay"", ""expected_to_be"", ""optimized""], [""readmission_rates"", ""expected_to_be"", ""minimized""], [""physician_visits"", ""expected_to_be"", ""minimized_within_30_days_after_discharge""]]",0.0,0.0,0.1122162938117981,0.0,0.0,0.4191681339023821,0.3772513205121439,0.3353345071219057,0.2934176937316675,0.25150088034142926,0.20958406695119106,0.16766725356095286,0.12575044017071466,0.0838336267804764,0.0419168133902382,0.0,0.3249231074362145,0.49026806833122905
252,"Despite high perioperative mortality, results document a sustainable recovery of the survivors offering the prospect of a highly independent and satisfying life. Therefore, advanced age alone should not be a contraindication for redo cardiac interventions. Geriatr Gerontol Int 2016; 16: 1138-1144.","Despite high perioperative deathrate, findings document a sustainable convalescence of the survivors offering the chance of a highly independent and satisfying living. Therefore, advanced age alone should not be a contraindication for redo cardiac interventions. Geriatr Gerontol Int 2016; 16: 1138-1144.","[[""redo_cardiac_interventions"", ""should_not_be_contraindicated"", ""advanced_age""], [""results"", ""document"", ""sustainable_recovery""], [""survivors"", ""experience"", ""independent_and_satisfying_life""], [""Geriatr_Gerontol_Int"", ""published_in"", ""2016""], [""Geriatr_Gerontol_Int"", ""volume"", ""16""], [""Geriatr_Gerontol_Int"", ""pages"", ""1138-1144""]]","[[""redo_cardiac_interventions"", ""should_not_be_contraindicated"", ""advanced_age""], [""findings"", ""document"", ""sustainable_convalescence""], [""survivors"", ""experience"", ""independent_and_satisfying_living""], [""Geriatr_Gerontol_Int"", ""published_in"", ""2016""], [""Geriatr_Gerontol_Int"", ""volume"", ""16""], [""Geriatr_Gerontol_Int"", ""pages"", ""1138-1144""]]",0.9,0.16907654702663422,0.7645507454872131,0.6166666666666667,0.9,0.9747893650819852,0.9673104285737867,0.9598314920655883,0.9523525555573896,0.9448736190491911,0.9373946825409927,0.9299157460327941,0.9224368095245956,0.9149578730163971,0.9074789365081986,0.9,0.9493460117483608,0.9610076294971832
253,"Despite high perioperative mortality, results document a sustainable recovery of the survivors offering the prospect of a highly independent and satisfying life. Therefore, advanced age alone should not be a contraindication for redo cardiac interventions. Geriatr Gerontol Int 2016; 16: 1138-1144.","Despite high perioperative mortality, results document a sustainable recovery of the survivors offering the prospect of a highly independent and satisfying life. Therefore, advanced age alone should not be a contraindication for redo cardiac interventions. Geriatr Gerontol Int 2016; 9: 666-1818.","[[""advanced_age"", ""should_not_be"", ""contraindication_for_redo_cardiac_interventions""], [""redo_cardiac_interventions"", ""offer"", ""sustainable_recovery""], [""sustainable_recovery"", ""offers"", ""highly_independent_and_satisfying_life""], [""results"", ""published_in"", ""Geriatr_Gerontol_Int""], [""Geriatr_Gerontol_Int"", ""published_in"", ""2016""], [""Geriatr_Gerontol_Int"", ""volume"", ""16""], [""Geriatr_Gerontol_Int"", ""page"", ""1138-1144""]]","[[""advanced_age"", ""should_not_be"", ""contraindication_for_redo_cardiac_interventions""], [""redo_cardiac_interventions"", ""offer"", ""sustainable_recovery""], [""sustainable_recovery"", ""offers"", ""highly_independent_and_satisfying_life""], [""results"", ""published_in"", ""Geriatr_Gerontol_Int""], [""Geriatr_Gerontol_Int"", ""published_in"", ""2016""], [""Geriatr_Gerontol_Int"", ""volume"", ""9""], [""Geriatr_Gerontol_Int"", ""page"", ""666-1818""]]",0.6111111111111112,0.8503808975219727,0.8940802812576294,0.65,0.65,0.9978980500614912,0.9631082450553421,0.9283184400491931,0.8935286350430438,0.8587388300368948,0.8239490250307456,0.7891592200245965,0.7543694150184475,0.7195796100122982,0.6847898050061492,0.65,0.965757047232936,0.9919632276033348
254,"Despite high perioperative mortality, results document a sustainable recovery of the survivors offering the prospect of a highly independent and satisfying life. Therefore, advanced age alone should not be a contraindication for redo cardiac interventions. Geriatr Gerontol Int 2016; 16: 1138-1144.","Despite high perioperative mortality, a sustainable recovery of the survivors offering the prospect of a highly independent and satisfying life document results. Therefore, advanced age alone should not be a contraindication for redo cardiac interventions. Geriatr Gerontol Int 2016; 16: 1138-1144.","[[""results"", ""document"", ""sustainable_recovery""], [""survivors"", ""experience"", ""sustainable_recovery""], [""sustainable_recovery"", ""offers"", ""independent_life""], [""sustainable_recovery"", ""offers"", ""satisfying_life""], [""advanced_age"", ""should_not_be"", ""contraindication""], [""contraindication"", ""applies_to"", ""redo_cardiac_interventions""], [""Geriatr_Gerontol_Int"", ""published"", ""results""], [""Geriatr_Gerontol_Int"", ""published_in"", ""2016""], [""Geriatr_Gerontol_Int"", ""volume"", ""16""], [""Geriatr_Gerontol_Int"", ""pages"", ""1138-1144""]]","[[""results"", ""document"", ""sustainable_recovery""], [""survivors"", ""experience"", ""sustainable_recovery""], [""sustainable_recovery"", ""offers"", ""independent_life""], [""sustainable_recovery"", ""offers"", ""satisfying_life""], [""advanced_age"", ""should_not_be"", ""contraindication""], [""contraindication"", ""applies_to"", ""redo_cardiac_interventions""], [""Geriatr_Gerontol_Int"", ""published"", ""results""], [""Geriatr_Gerontol_Int"", ""published_in"", ""2016""], [""Geriatr_Gerontol_Int"", ""volume"", ""16""], [""Geriatr_Gerontol_Int"", ""pages"", ""1138-1144""]]",1.0,0.9999999403953552,1.0,1.0,1.0,1.0,1.0,1.0,1.0,1.0,1.0,1.0,1.0,1.0,1.0,1.0,0.9999999925494194,0.9999999777973426
255,"Despite high perioperative mortality, results document a sustainable recovery of the survivors offering the prospect of a highly independent and satisfying life. Therefore, advanced age alone should not be a contraindication for redo cardiac interventions. Geriatr Gerontol Int 2016; 16: 1138-1144.",This study demonstrates that laser pretreatment significantly increases absorption of topical lidocaine so that it is detectable in the blood and that manipulating laser settings can affect drug absorption. Future work will look at translating this effect into clinical benefit.,"[[""results"", ""document"", ""sustainable_recovery""], [""survivors"", ""experience"", ""highly_independent_and_satisfying_life""], [""advanced_age"", ""should_not_be"", ""contraindication_for_redo_cardiac_interventions""], [""Geriatr_Gerontol_Int"", ""published_in"", ""2016""], [""Geriatr_Gerontol_Int"", ""volume"", ""16""], [""Geriatr_Gerontol_Int"", ""pages"", ""1138-1144""]]","[[""laser_pretreatment"", ""increases"", ""absorption_of_topical_lidocaine""], [""topical_lidocaine"", ""detectable_in"", ""blood""], [""laser_settings"", ""affect"", ""drug_absorption""], [""study"", ""demonstrates"", ""effect_of_laser_pretreatment_on_drug_absorption""], [""future_work"", ""will_investigate"", ""clinical_benefit""]]",0.0,0.0,0.0,0.0,0.0,0.33454302052590257,0.3010887184733123,0.26763441642072205,0.23418011436813177,0.20072581231554154,0.16727151026295128,0.13381720821036103,0.10036290615777078,0.0669086041051805,0.03345430205259025,0.0,0.27333567021665894,0.402496695134088
256,"Survivors of lobar ICH with atrial fibrillation should not be offered long-term anticoagulation. Similarly, most patients with deep hemispheric ICH and atrial fibrillation should not receive anticoagulant therapy. However, patients with deep hemispheric ICH at particularly high risk for thromboembolic stroke or low risk of ICH recurrence might benefit from long-term anticoagulation.","Survivors of lobar ICH with atrial fibrillation should not be offered long-condition anticoagulation. Similarly, the majority of person with deep hemispheric ICH and atrial fibrillation should not receive anticoagulant therapy. However, patients with deep hemispheric ICH at particularly high chance for thromboembolic stroke or low risk of ICH return might benefit from long-term anticoagulation.","[[""Survivors_of_lobar_intracerebral_hemorrhage"", ""should_not_receive"", ""long_term_anticoagulation""], [""Atrial_fibrillation"", ""is_condition_in"", ""survivors_of_lobar_intracerebral_hemorrhage""], [""Patients_with_deep_hemispheric_intracerebral_hemorrhage"", ""should_not_receive"", ""anticoagulant_therapy""], [""Atrial_fibrillation"", ""is_condition_in"", ""patients_with_deep_hemispheric_intracerebral_hemorrhage""], [""Patients_with_deep_hemispheric_intracerebral_hemorrhage"", ""may_benefit_from"", ""long_term_anticoagulation""], [""High_risk_of_thromboembolic_stroke"", ""is_condition_for"", ""long_term_anticoagulation""], [""Low_risk_of_intracerebral_hemorrhage_recurrence"", ""is_condition_for"", ""long_term_anticoagulation""]]","[[""Survivors_of_lobar_intracerebral_hemorrhage"", ""should_not_receive"", ""long_condition_anticoagulation""], [""Atrial_fibrillation"", ""is_condition_in"", ""survivors_of_lobar_intracerebral_hemorrhage""], [""Patients_with_deep_hemispheric_intracerebral_hemorrhage"", ""should_not_receive"", ""anticoagulant_therapy""], [""Atrial_fibrillation"", ""is_condition_in"", ""patients_with_deep_hemispheric_intracerebral_hemorrhage""], [""Patients_with_deep_hemispheric_intracerebral_hemorrhage"", ""may_benefit_from"", ""long_term_anticoagulation""], [""High_chance_for_thromboembolic_stroke"", ""is_condition_for"", ""long_term_anticoagulation""], [""Low_risk_of_intracerebral_hemorrhage_return"", ""is_condition_for"", ""long_term_anticoagulation""]]",1.0,0.8534812331199646,0.8759269714355469,0.2449894717530557,0.51225071366548,0.9989752931447444,0.950302835196818,0.9016303772488916,0.8529579193009651,0.8042854613530386,0.7556130034051123,0.7069405454571858,0.6582680875092594,0.6095956295613328,0.5609231716134064,0.51225071366548,0.9935992572549026,0.9820279934903953
257,"Survivors of lobar ICH with atrial fibrillation should not be offered long-term anticoagulation. Similarly, most patients with deep hemispheric ICH and atrial fibrillation should not receive anticoagulant therapy. However, patients with deep hemispheric ICH at particularly high risk for thromboembolic stroke or low risk of ICH recurrence might benefit from long-term anticoagulation.","Survivors of lobar SIB with atrial fibrillation should not be offered long-term anticoagulation. Similarly, most patients with deep hemispheric ICH and atrial fibrillation should not receive anticoagulant therapy. However, patients with deep hemispheric ICH at particularly high risk for thromboembolic stroke or low risk of ICH recurrence might benefit from long-term anticoagulation.","[[""Survivors_of_lobar_ICH"", ""should_not_receive"", ""long_term_anticoagulation""], [""Atrial_fibrillation"", ""is"", ""condition_in_patients""], [""Deep_hemispheric_ICH"", ""is"", ""type_of_ICH""], [""Patients_with_deep_hemispheric_ICH"", ""should_not_receive"", ""anticoagulant_therapy""], [""Patients_with_deep_hemispheric_ICH"", ""may_benefit_from"", ""long_term_anticoagulation""], [""High_risk_for_thromboembolic_stroke"", ""is"", ""condition_in_patients""], [""Low_risk_of_ICH_recurrence"", ""is"", ""condition_in_patients""]]","[[""Survivors_of_lobar_SIB"", ""should_not_receive"", ""long_term_anticoagulation""], [""Atrial_fibrillation"", ""is"", ""condition_in_patients""], [""Deep_hemispheric_ICH"", ""is"", ""type_of_ICH""], [""Patients_with_deep_hemispheric_ICH"", ""should_not_receive"", ""anticoagulant_therapy""], [""Patients_with_deep_hemispheric_ICH"", ""may_benefit_from"", ""long_term_anticoagulation""], [""High_risk_for_thromboembolic_stroke"", ""is"", ""condition_in_patients""], [""Low_risk_of_ICH_recurrence"", ""is"", ""condition_in_patients""]]",1.0,0.8556414246559143,0.959793746471405,0.9,1.0,0.996710061944002,0.9970390557496018,0.9973680495552018,0.9976970433608014,0.9980260371664013,0.9983550309720011,0.9986840247776008,0.9990130185832007,0.9993420123888004,0.9996710061944002,1.0,0.9880017200381813,0.9915036389590387
258,"Survivors of lobar ICH with atrial fibrillation should not be offered long-term anticoagulation. Similarly, most patients with deep hemispheric ICH and atrial fibrillation should not receive anticoagulant therapy. However, patients with deep hemispheric ICH at particularly high risk for thromboembolic stroke or low risk of ICH recurrence might benefit from long-term anticoagulation.","long-term anticoagulation should not be offered Survivors of lobar ICH with atrial fibrillation. Similarly, most patients with deep hemispheric ICH and atrial fibrillation should not receive anticoagulant therapy. However, patients with deep hemispheric ICH at particularly high risk for thromboembolic stroke or low risk of ICH recurrence might benefit from long-term anticoagulation.","[[""Survivors_of_lobar_intracerebral_hemorrhage"", ""should_not_receive"", ""long_term_anticoagulation""], [""Atrial_fibrillation"", ""is"", ""condition""], [""Patients_with_deep_hemispheric_intracerebral_hemorrhage"", ""should_not_receive"", ""anticoagulant_therapy""], [""Atrial_fibrillation"", ""is"", ""condition""], [""Patients_with_deep_hemispheric_intracerebral_hemorrhage"", ""might_benefit_from"", ""long_term_anticoagulation""], [""High_risk_for_thromboembolic_stroke"", ""is"", ""condition""], [""Low_risk_of_intracerebral_hemorrhage_recurrence"", ""is"", ""condition""]]","[[""Survivors_of_lobar_intracerebral_hemorrhage"", ""should_not_receive"", ""long_term_anticoagulation""], [""Atrial_fibrillation"", ""is"", ""condition""], [""Patients_with_deep_hemispheric_intracerebral_hemorrhage"", ""should_not_receive"", ""anticoagulant_therapy""], [""Atrial_fibrillation"", ""is"", ""condition""], [""Patients_with_deep_hemispheric_intracerebral_hemorrhage"", ""might_benefit_from"", ""long_term_anticoagulation""], [""High_risk_for_thromboembolic_stroke"", ""is"", ""condition""], [""Low_risk_of_intracerebral_hemorrhage_recurrence"", ""is"", ""condition""]]",1.0,1.0,1.0,1.0,1.0,0.9868947820476387,0.9882053038428749,0.9895158256381109,0.990826347433347,0.9921368692285832,0.9934473910238193,0.9947579128190555,0.9960684346142916,0.9973789564095277,0.9986894782047638,1.0,0.9999999883274238,0.9999999860679921
259,"Survivors of lobar ICH with atrial fibrillation should not be offered long-term anticoagulation. Similarly, most patients with deep hemispheric ICH and atrial fibrillation should not receive anticoagulant therapy. However, patients with deep hemispheric ICH at particularly high risk for thromboembolic stroke or low risk of ICH recurrence might benefit from long-term anticoagulation.","The prevalence of vagino-rectal colonization by Streptococcus group B in the pregnant women from Melilla is within the national estimated figures, however it is different if they are from Muslim or Christian culture, being higher in the Muslim population. On one hand both prevalences are within the national statistics, and on the other hand it is observed that there is not any difference according to age.","[[""Survivors_of_lobar_ICH"", ""should_not_receive"", ""long_term_anticoagulation""], [""Atrial_fibrillation"", ""is"", ""condition_in_lobar_ICH_patients""], [""Deep_hemispheric_ICH"", ""is"", ""type_of_ICH""], [""Patients_with_deep_hemispheric_ICH"", ""should_not_receive"", ""anticoagulant_therapy""], [""Patients_with_deep_hemispheric_ICH"", ""may_benefit_from"", ""long_term_anticoagulation""], [""Thromboembolic_stroke"", ""is"", ""risk_for_patients_with_deep_hemispheric_ICH""], [""ICH_recurrence"", ""is"", ""risk_for_patients_with_deep_hemispheric_ICH""]]","[[""Streptococcus_group_B"", ""colonizes"", ""vagino_rectal_area""], [""Pregnant_women_from_Melilla"", ""have"", ""vagino_rectal_colonization""], [""Vagino_rectal_colonization"", ""is_within"", ""national_estimated_figures""], [""Muslim_population"", ""has_higher_prevalence"", ""vagino_rectal_colonization""], [""Christian_population"", ""has_lower_prevalence"", ""vagino_rectal_colonization""], [""Age"", ""does_not_affect"", ""vagino_rectal_colonization_prevalence""]]",0.0,0.0,0.12330321967601776,0.0,0.0,0.23180291531775463,0.20862262378597918,0.1854423322542037,0.16226204072242822,0.13908174919065278,0.11590145765887731,0.09272116612710185,0.0695408745953264,0.04636058306355092,0.02318029153177546,0.0,0.26306707778460253,0.46989182281128417
260,"Our long-term study showed significantly better (2-fold) results regarding the continence score for the abdominal approach compared with the transanal pull-through. The stool pattern and enterocolitis scores were somewhat better for the TERPT group. These findings raise an important issue about the current surgical management of HD; however, more cases will need to be studied before a definitive conclusion can be drawn.","2-fold) findings regarding the continence score for the abdominal approach were shown by Our long-term investigation. The stool pattern and enterocolitis scores were somewhat better for the TERPT group. These findings raise an crucial issue about the current surgical management of HD; however, more cases will need to be studied before a definitive conclusion can be drawn.","[[""abdominal_approach"", ""compared_to"", ""transanal_pull-through""], [""abdominal_approach"", ""shows_better_results_for"", ""continence_score""], [""transanal_pull-through"", ""shows_better_results_for"", ""stool_pattern""], [""transanal_pull-through"", ""shows_better_results_for"", ""enterocolitis_scores""], [""study"", ""found"", ""importance_of_surgical_management_of_Hirschsprung_disease""], [""study"", ""requires"", ""more_cases_to_be_studied""]]","[[""abdominal_approach"", ""shows_better_results_for"", ""continence_score""], [""transanal_endorectal_pull-through"", ""shows_better_results_for"", ""stool_pattern""], [""transanal_endorectal_pull-through"", ""shows_better_results_for"", ""enterocolitis_scores""], [""investigation"", ""found"", ""importance_of_surgical_management_of_Hirschsprung_disease""], [""investigation"", ""requires"", ""more_cases_to_be_studied""]]",0.7708333333333334,0.9578076004981995,0.941547155380249,0.6458333333333334,0.7708333333333334,0.939673623539684,0.922789594519049,0.905905565498414,0.8890215364777787,0.8721375074571437,0.8552534784365087,0.8383694494158737,0.8214854203952385,0.8046013913746035,0.7877173623539685,0.7708333333333334,0.9270691344808919,0.8077425668893699
261,"Our long-term study showed significantly better (2-fold) results regarding the continence score for the abdominal approach compared with the transanal pull-through. The stool pattern and enterocolitis scores were somewhat better for the TERPT group. These findings raise an important issue about the current surgical management of HD; however, more cases will need to be studied before a definitive conclusion can be drawn.","Our long-term study showed significantly better (3-fold) results regarding the continence score for the abdominal approach compared with the transanal pull-through. The stool pattern and enterocolitis scores were somewhat better for the TERPT group. These findings raise an important issue about the current surgical management of HD; however, more cases will need to be studied before a definitive conclusion can be drawn.","[[""abdominal_approach"", ""compared_to"", ""transanal_pull-through""], [""abdominal_approach"", ""has_better_results"", ""continence_score""], [""transanal_pull-through"", ""has_better_results"", ""stool_pattern""], [""transanal_pull-through"", ""has_better_results"", ""enterocolitis_scores""], [""abdominal_approach"", ""studied_for"", ""long-term_results""], [""transanal_pull-through"", ""studied_for"", ""long-term_results""], [""Hirschsprung_disease"", ""studied_for"", ""surgical_management""]]","[[""abdominal_approach"", ""compared_to"", ""transanal_pull-through""], [""abdominal_approach"", ""has_better_results"", ""continence_score""], [""transanal_pull-through"", ""has_better_results"", ""stool_pattern""], [""transanal_pull-through"", ""has_better_results"", ""enterocolitis_scores""], [""abdominal_approach"", ""studied_for"", ""long-term_results""], [""transanal_pull-through"", ""studied_for"", ""long-term_results""], [""Hirschsprung_disease"", ""studied_for"", ""surgical_management""], [""abdominal_approach"", ""has_3-fold_better_results"", ""continence_score""]]",1.0,1.0,0.9999998807907104,1.0,1.0,0.9999999982632412,0.999999998436917,0.999999998610593,0.9999999987842687,0.9999999989579447,0.9999999991316206,0.9999999993052965,0.9999999994789723,0.9999999996526483,0.9999999998263241,1.0,1.0,0.9923084094466283
262,"Our long-term study showed significantly better (2-fold) results regarding the continence score for the abdominal approach compared with the transanal pull-through. The stool pattern and enterocolitis scores were somewhat better for the TERPT group. These findings raise an important issue about the current surgical management of HD; however, more cases will need to be studied before a definitive conclusion can be drawn.","2-fold) results regarding the continence score for the abdominal approach showed significantly better (Our long-term study compared with the transanal pull-through. The stool pattern and enterocolitis scores were somewhat better for the TERPT group. These findings raise an important issue about the current surgical management of HD; however, more cases will need to be studied before a definitive conclusion can be drawn.","[[""long-term_study"", ""showed_results"", ""continence_score""], [""abdominal_approach"", ""compared_to"", ""transanal_pull-through""], [""abdominal_approach"", ""has_better_results"", ""continence_score""], [""TERPT_group"", ""has_better_results"", ""stool_pattern_score""], [""TERPT_group"", ""has_better_results"", ""enterocolitis_score""], [""findings"", ""raise_issue"", ""surgical_management_of_HD""], [""study"", ""needs_more_cases"", ""definitive_conclusion""]]","[[""long-term_study"", ""compared"", ""abdominal_approach""], [""long-term_study"", ""compared"", ""transanal_pull-through""], [""abdominal_approach"", ""has_better_results"", ""continence_score""], [""TERPT_group"", ""has_better_results"", ""stool_pattern_score""], [""TERPT_group"", ""has_better_results"", ""enterocolitis_score""], [""findings"", ""raise_issue"", ""surgical_management_of_HD""], [""study"", ""needs_more_cases"", ""definitive_conclusion""]]",0.7727272727272727,1.0,1.0,0.7727272727272727,0.7727272727272727,0.9850287208032692,0.9637985759956695,0.94256843118807,0.9213382863804702,0.9001081415728706,0.8788779967652709,0.8576478519576713,0.8364177071500717,0.815187562342472,0.7939574175348724,0.7727272727272727,0.9508834864212041,0.9807926516708958
263,"Our long-term study showed significantly better (2-fold) results regarding the continence score for the abdominal approach compared with the transanal pull-through. The stool pattern and enterocolitis scores were somewhat better for the TERPT group. These findings raise an important issue about the current surgical management of HD; however, more cases will need to be studied before a definitive conclusion can be drawn.",Our data suggest that hearing loss caused by GM otic drops may be reduced by the inclusion of BM and benzalkonium chloride. Our finding that BM alone was associated with hearing loss suggests that the benzalkonium chloride may be the protective agent in combination otic drops.,"[[""long-term_study"", ""showed_results"", ""continence_score""], [""abdominal_approach"", ""compared_to"", ""transanal_pull-through""], [""abdominal_approach"", ""had_better_results"", ""continence_score""], [""transanal_pull-through"", ""had_better_results"", ""stool_pattern""], [""transanal_pull-through"", ""had_better_results"", ""enterocolitis_scores""], [""findings"", ""raise_issue"", ""surgical_management_of_Hirschsprung_disease""], [""study"", ""needs_more_cases"", ""definitive_conclusion""]]","[[""hearing_loss"", ""caused_by"", ""GM_otic_drops""], [""hearing_loss"", ""may_be_reduced_by"", ""inclusion_of_BM""], [""hearing_loss"", ""may_be_reduced_by"", ""inclusion_of_benzalkonium_chloride""], [""BM"", ""associated_with"", ""hearing_loss""], [""benzalkonium_chloride"", ""may_be"", ""protective_agent""], [""data"", ""suggest"", ""combination_otic_drops_may_reduce_hearing_loss""]]",0.0,0.0,0.0,0.0,0.0,0.28464540490115403,0.25618086441103866,0.22771632392092322,0.19925178343080782,0.17078724294069242,0.14232270245057702,0.11385816196046161,0.08539362147034622,0.05692908098023079,0.028464540490115396,0.0,0.26822718150106695,0.4892813645622724
264,"Findings from these studies support discordance between device-recorded and self-reported hot flashes. In addition, the studies reveal further limitations of SSC monitoring, including difficulties with data collection and lack of consistency in interpretation. Based on these results and other recent trials identifying issues with SSC methodology, it is time to find a better physiologic surrogate measure for hot flashes.","Findings from these investigations support discordance between device-recorded and self-reported hot flashes. In addition, the studies reveal further limitations of SSC monitoring, including difficulties with data aggregation and lack of consistency in interpretation. Based on these determination and other recent trials identifying issues with SSC methodology, it is time to find a better physiologic foster assess for hot flashing.","[[""studies"", ""support"", ""discordance_between_device_recorded_and_self_reported_hot_flashes""], [""studies"", ""reveal"", ""limitations_of_SSC_monitoring""], [""SSC_monitoring"", ""has_difficulties_with"", ""data_collection""], [""SSC_monitoring"", ""has"", ""lack_of_consistency_in_interpretation""], [""studies"", ""identify"", ""issues_with_SSC_methodology""], [""trials"", ""identify"", ""issues_with_SSC_methodology""], [""time"", ""is_to_find"", ""better_physiologic_surrogate_measure""], [""better_physiologic_surrogate_measure"", ""is_for"", ""hot_flashes""]]","[[""investigations"", ""support"", ""discordance_between_device_recorded_and_self_reported_hot_flashes""], [""studies"", ""reveal"", ""limitations_of_SSC_monitoring""], [""SSC_monitoring"", ""has_difficulties_with"", ""data_aggregation""], [""SSC_monitoring"", ""has"", ""lack_of_consistency_in_interpretation""], [""investigations"", ""lead_to"", ""determination""], [""determination"", ""is_based_on"", ""recent_trials""], [""recent_trials"", ""identify"", ""issues_with_SSC_methodology""], [""time"", ""is_to_find"", ""better_physiologic_foster_assess""], [""better_physiologic_foster_assess"", ""is_for"", ""hot_flashing""]]",0.8608422519347255,0.5417696833610535,0.7569648623466492,0.30662207033593325,0.7398300378117159,0.9628681721203921,0.9405643586895245,0.918260545258657,0.8959567318277892,0.8736529183969216,0.851349104966054,0.8290452915351864,0.8067414781043187,0.7844376646734511,0.7621338512425835,0.7398300378117159,0.9312061605447375,0.7437896083219084
265,"Findings from these studies support discordance between device-recorded and self-reported hot flashes. In addition, the studies reveal further limitations of SSC monitoring, including difficulties with data collection and lack of consistency in interpretation. Based on these results and other recent trials identifying issues with SSC methodology, it is time to find a better physiologic surrogate measure for hot flashes.","Findings from these studies support discordance between device-recorded and self-reported hot flashes. In addition, the studies reveal further limitations of PVL monitoring, including difficulties with data collection and lack of consistency in interpretation. Based on these results and other recent trials identifying issues with SSC methodology, it is time to find a better physiologic surrogate measure for hot flashes.","[[""studies"", ""support"", ""discordance_between_device_recorded_and_self_reported_hot_flashes""], [""studies"", ""reveal"", ""limitations_of_SSC_monitoring""], [""SSC_monitoring"", ""has_difficulties_with"", ""data_collection""], [""SSC_monitoring"", ""has"", ""lack_of_consistency_in_interpretation""], [""studies"", ""identify"", ""issues_with_SSC_methodology""], [""trials"", ""identify"", ""issues_with_SSC_methodology""], [""research"", ""aims_to_find"", ""better_physiologic_surrogate_measure""], [""better_physiologic_surrogate_measure"", ""for"", ""hot_flashes""]]","[[""studies"", ""support"", ""discordance_between_device_recorded_and_self_reported_hot_flashes""], [""studies"", ""reveal"", ""limitations_of_PVL_monitoring""], [""PVL_monitoring"", ""has_difficulties_with"", ""data_collection""], [""PVL_monitoring"", ""has"", ""lack_of_consistency_in_interpretation""], [""studies"", ""identify"", ""issues_with_SSC_methodology""], [""trials"", ""identify"", ""issues_with_SSC_methodology""], [""research"", ""aims_to_find"", ""better_physiologic_surrogate_measure""], [""better_physiologic_surrogate_measure"", ""for"", ""hot_flashes""]]",0.5916079783099616,0.9435825943946838,0.9652654528617859,0.7424242424242424,0.7110571291368637,0.9273034307724946,0.9056788006089315,0.8840541704453685,0.8624295402818052,0.8408049101182422,0.8191802799546791,0.797555649791116,0.7759310196275531,0.7543063894639899,0.7326817593004268,0.7110571291368637,0.9190459268805402,0.921729452604649
266,"Findings from these studies support discordance between device-recorded and self-reported hot flashes. In addition, the studies reveal further limitations of SSC monitoring, including difficulties with data collection and lack of consistency in interpretation. Based on these results and other recent trials identifying issues with SSC methodology, it is time to find a better physiologic surrogate measure for hot flashes.","discordance between device-recorded and self-reported hot flashes support Findings from these studies. In addition, the studies reveal further limitations of SSC monitoring, including difficulties with data collection and lack of consistency in interpretation. Based on these results and other recent trials identifying issues with SSC methodology, it is time to find a better physiologic surrogate measure for hot flashes.","[[""studies"", ""support"", ""discordance_between_device_recorded_and_self-reported_hot_flashes""], [""studies"", ""reveal"", ""limitations_of_SSC_monitoring""], [""SSC_monitoring"", ""has_difficulties_with"", ""data_collection""], [""SSC_monitoring"", ""has"", ""lack_of_consistency_in_interpretation""], [""studies"", ""identify"", ""issues_with_SSC_methodology""], [""results"", ""indicate_need_for"", ""better_physiologic_surrogate_measure""], [""better_physiologic_surrogate_measure"", ""needed_for"", ""hot_flashes""]]","[[""discordance_between_device_recorded_and_self_reported_hot_flashes"", ""supports"", ""Findings_from_studies""], [""studies"", ""reveal"", ""limitations_of_SSC_monitoring""], [""SSC_monitoring"", ""has_difficulties_with"", ""data_collection""], [""SSC_monitoring"", ""has"", ""lack_of_consistency_in_interpretation""], [""studies"", ""identify"", ""issues_with_SSC_methodology""], [""results"", ""indicate_need_for"", ""better_physiologic_surrogate_measure""], [""better_physiologic_surrogate_measure"", ""needed_for"", ""hot_flashes""]]",0.7619047619047619,0.527438759803772,0.8710328340530396,0.778661114550567,0.7945521577046603,0.9993804314934632,0.9788976041145829,0.9584147767357027,0.9379319493568223,0.9174491219779422,0.8969662945990617,0.8764834672201814,0.8560006398413011,0.8355178124624209,0.8150349850835406,0.7945521577046603,0.9919098003099924,0.7663513908271766
267,"Findings from these studies support discordance between device-recorded and self-reported hot flashes. In addition, the studies reveal further limitations of SSC monitoring, including difficulties with data collection and lack of consistency in interpretation. Based on these results and other recent trials identifying issues with SSC methodology, it is time to find a better physiologic surrogate measure for hot flashes.","The survey shows significant dissatisfaction amongst consultant radiologists with the current service, confirms a low number of paediatric radiologists taking on this work, and suggests the potential to increase numbers of radiology child abuse experts by 27% if given improved training and support. Appropriate service and education strategies should be implemented.","[[""studies"", ""support"", ""discordance_between_device_recorded_and_self_reported_hot_flashes""], [""studies"", ""reveal"", ""limitations_of_SSC_monitoring""], [""SSC_monitoring"", ""has_difficulties_with"", ""data_collection""], [""SSC_monitoring"", ""has_lack_of"", ""consistency_in_interpretation""], [""trials"", ""identify"", ""issues_with_SSC_methodology""], [""results"", ""suggest"", ""need_for_better_physiologic_surrogate_measure""], [""better_physiologic_surrogate_measure"", ""needed_for"", ""hot_flashes""]]","[[""survey"", ""shows"", ""dissatisfaction_amongst_consultant_radiologists""], [""consultant_radiologists"", ""express"", ""dissatisfaction_with_current_service""], [""survey"", ""confirms"", ""low_number_of_paediatric_radiologists""], [""paediatric_radiologists"", ""take_on"", ""work""], [""survey"", ""suggests"", ""potential_to_increase_numbers_of_radiology_child_abuse_experts""], [""radiology_child_abuse_experts"", ""can_be_increased_by"", ""27%""], [""increase_in_radiology_child_abuse_experts"", ""depends_on"", ""improved_training_and_support""]]",0.0,0.0,0.14127767086029053,0.0,0.0,0.3480271904694861,0.3132244714225375,0.2784217523755889,0.24361903332864027,0.20881631428169165,0.17401359523474305,0.13921087618779446,0.10440815714084585,0.0696054380938972,0.0348027190469486,0.0,0.32866227727954567,0.5813184427014162
268,"The available evidence suggests that the operative treatment for DMCF is associated with a lower rate of nonunion, malunion and complication than nonoperative treatment. This study supports traditional primary operative treatment for DMCF in active adults.","The available grounds suggests that the operative therapy for DMCF is linked with a reduced rate of nonunion, malunion and complication than nonoperative intervention. This study supports traditional chief surgical treatment for DMCF in active adults.","[[""available_evidence"", ""suggests"", ""operative_treatment_for_DMCF""], [""operative_treatment_for_DMCF"", ""associated_with"", ""lower_rate_of_nonunion""], [""operative_treatment_for_DMCF"", ""associated_with"", ""lower_rate_of_malunion""], [""operative_treatment_for_DMCF"", ""associated_with"", ""lower_rate_of_complication""], [""operative_treatment_for_DMCF"", ""compared_to"", ""nonoperative_treatment""], [""study"", ""supports"", ""traditional_primary_operative_treatment_for_DMCF""], [""traditional_primary_operative_treatment_for_DMCF"", ""for"", ""active_adults""], [""DMCF"", ""type_of"", ""displaced_midshaft_clavicular_fractures""]]","[[""available_grounds"", ""suggests"", ""operative_therapy_for_DMCF""], [""operative_therapy_for_DMCF"", ""linked_with"", ""reduced_rate_of_nonunion""], [""operative_therapy_for_DMCF"", ""linked_with"", ""reduced_rate_of_malunion""], [""operative_therapy_for_DMCF"", ""linked_with"", ""reduced_rate_of_complication""], [""operative_therapy_for_DMCF"", ""compared_to"", ""nonoperative_intervention""], [""study"", ""supports"", ""traditional_chief_surgical_treatment_for_DMCF""], [""traditional_chief_surgical_treatment_for_DMCF"", ""for"", ""active_adults""], [""DMCF"", ""type_of"", ""displaced_midshaft_clavicular_fractures""]]",0.8888888888888888,0.0,0.19872835278511047,0.2878787878787879,0.9090909090909091,0.9850921429958989,0.9774920196053999,0.969891896214901,0.9622917728244019,0.954691649433903,0.947091526043404,0.939491402652905,0.9318912792624061,0.924291155871907,0.9166910324814079,0.9090909090909091,0.935771654798041,0.9420833336495866
269,"The available evidence suggests that the operative treatment for DMCF is associated with a lower rate of nonunion, malunion and complication than nonoperative treatment. This study supports traditional primary operative treatment for DMCF in active adults.","The available evidence suggests that the operative treatment for While Italian is associated with a lower rate of nonunion, malunion and complication than nonoperative treatment. This study supports traditional primary operative treatment for DMCF in active adults.","[[""available_evidence"", ""suggests"", ""lower_rate_of_nonunion""], [""operative_treatment"", ""associated_with"", ""lower_rate_of_nonunion""], [""operative_treatment"", ""associated_with"", ""lower_rate_of_malunion""], [""operative_treatment"", ""associated_with"", ""lower_rate_of_complication""], [""operative_treatment"", ""compared_to"", ""nonoperative_treatment""], [""nonoperative_treatment"", ""has_higher_rate_of"", ""nonunion""], [""nonoperative_treatment"", ""has_higher_rate_of"", ""malunion""], [""nonoperative_treatment"", ""has_higher_rate_of"", ""complication""], [""study"", ""supports"", ""traditional_primary_operative_treatment""], [""traditional_primary_operative_treatment"", ""for"", ""DMCF""], [""traditional_primary_operative_treatment"", ""for"", ""active_adults""], [""DMCF"", ""type_of"", ""clavicular_fractures""]]","[[""available_evidence"", ""suggests"", ""lower_rate_of_nonunion""], [""operative_treatment"", ""associated_with"", ""lower_rate_of_nonunion""], [""operative_treatment"", ""associated_with"", ""lower_rate_of_malunion""], [""operative_treatment"", ""associated_with"", ""lower_rate_of_complication""], [""operative_treatment"", ""compared_to"", ""nonoperative_treatment""], [""nonoperative_treatment"", ""has_higher_rate_of"", ""nonunion""], [""nonoperative_treatment"", ""has_higher_rate_of"", ""malunion""], [""nonoperative_treatment"", ""has_higher_rate_of"", ""complication""], [""study"", ""supports"", ""traditional_primary_operative_treatment""], [""traditional_primary_operative_treatment"", ""for"", ""DMCF""], [""traditional_primary_operative_treatment"", ""for"", ""active_adults""], [""DMCF"", ""type_of"", ""clavicular_fractures""], [""Italian"", ""mentioned"", ""available_evidence""]]",1.0,0.878544807434082,0.9815983772277832,0.9085863198007664,1.0,1.0,1.0,1.0,1.0,1.0,1.0,1.0,1.0,1.0,1.0,1.0,0.9999999953167779,0.9819311772756196
270,"The available evidence suggests that the operative treatment for DMCF is associated with a lower rate of nonunion, malunion and complication than nonoperative treatment. This study supports traditional primary operative treatment for DMCF in active adults.","The available evidence suggests that the operative treatment for DMCF is associated with a lower rate of nonunion, malunion and complication than nonoperative treatment. traditional primary operative treatment for DMCF in active adults supports This study.","[[""available_evidence"", ""suggests"", ""operative_treatment""], [""operative_treatment"", ""associated_with"", ""lower_rate_of_nonunion""], [""operative_treatment"", ""associated_with"", ""lower_rate_of_malunion""], [""operative_treatment"", ""associated_with"", ""lower_rate_of_complication""], [""operative_treatment"", ""compared_to"", ""nonoperative_treatment""], [""nonoperative_treatment"", ""has_higher_rate_of"", ""nonunion""], [""nonoperative_treatment"", ""has_higher_rate_of"", ""malunion""], [""nonoperative_treatment"", ""has_higher_rate_of"", ""complication""], [""study"", ""supports"", ""traditional_primary_operative_treatment""], [""traditional_primary_operative_treatment"", ""for"", ""DMCF""], [""traditional_primary_operative_treatment"", ""for"", ""active_adults""]]","[[""available_evidence"", ""suggests"", ""operative_treatment""], [""operative_treatment"", ""associated_with"", ""lower_rate_of_nonunion""], [""operative_treatment"", ""associated_with"", ""lower_rate_of_malunion""], [""operative_treatment"", ""associated_with"", ""lower_rate_of_complication""], [""operative_treatment"", ""compared_to"", ""nonoperative_treatment""], [""nonoperative_treatment"", ""has_higher_rate_of"", ""nonunion""], [""nonoperative_treatment"", ""has_higher_rate_of"", ""malunion""], [""nonoperative_treatment"", ""has_higher_rate_of"", ""complication""], [""traditional_primary_operative_treatment"", ""supports"", ""study""], [""traditional_primary_operative_treatment"", ""for"", ""DMCF""], [""traditional_primary_operative_treatment"", ""for"", ""active_adults""]]",1.0,0.9999998807907104,1.0,0.8717948717948718,0.8717948717948718,0.9992336521360833,0.9864897741019621,0.9737458960678411,0.9610020180337198,0.9482581399995986,0.9355142619654775,0.9227703839313565,0.9100265058972352,0.8972826278631141,0.8845387498289929,0.8717948717948718,0.9973328895601644,0.9990146566047803
271,"The available evidence suggests that the operative treatment for DMCF is associated with a lower rate of nonunion, malunion and complication than nonoperative treatment. This study supports traditional primary operative treatment for DMCF in active adults.","Progression of a pT3 tumour into the renal vein and vena cava is not associated with increased tumour expression of VEGF. However, VEGF is an independent prognostic factor in this group of poor prognosis renal tumours.","[[""available_evidence"", ""suggests"", ""operative_treatment""], [""operative_treatment"", ""associated_with"", ""lower_rate_of_nonunion""], [""operative_treatment"", ""associated_with"", ""lower_rate_of_malunion""], [""operative_treatment"", ""associated_with"", ""lower_rate_of_complication""], [""operative_treatment"", ""compared_to"", ""nonoperative_treatment""], [""study"", ""supports"", ""traditional_primary_operative_treatment""], [""traditional_primary_operative_treatment"", ""used_for"", ""DMCF""], [""traditional_primary_operative_treatment"", ""used_for"", ""active_adults""]]","[[""progression"", ""of"", ""pT3_tumour""], [""pT3_tumour"", ""progresses_into"", ""renal_vein""], [""pT3_tumour"", ""progresses_into"", ""vena_cava""], [""progression"", ""not_associated_with"", ""increased_tumour_expression""], [""increased_tumour_expression"", ""of"", ""VEGF""], [""VEGF"", ""independent_prognostic_factor"", ""poor_prognosis_renal_tumours""]]",0.0,0.0,0.0,0.0,0.0,0.37791520791782107,0.34012368712603896,0.30233216633425686,0.26454064554247475,0.22674912475069264,0.18895760395891054,0.15116608316712843,0.11337456237534634,0.0755830415835642,0.0377915207917821,0.0,0.3266687464335658,0.3498083337608694
272,Patients who normalized their CA19-9 levels postoperatively had equivalent survival to patients with normal preoperative CA 19-9 levels. Preoperative serum CA 19-9 level by itself should not preclude surgery in patients who have undergone careful preoperative staging.,individuals who normalized their CA19-9 degree postoperatively had tantamount survival to patients with normal preoperative CA 19-9 degree. Preoperative serum CA 19-9 degree by itself should not preclude operation in patients who have undergone heedful preoperative scaffolding.,"[[""patients"", ""normalized"", ""CA19-9_levels_postoperatively""], [""patients"", ""had"", ""equivalent_survival""], [""equivalent_survival"", ""compared_to"", ""patients_with_normal_preoperative_CA_19-9_levels""], [""preoperative_serum_CA_19-9_level"", ""should_not_preclude"", ""surgery""], [""surgery"", ""considered_for"", ""patients_with_careful_preoperative_staging""]]","[[""individuals"", ""normalized"", ""CA19-9_degree_postoperatively""], [""individuals"", ""had"", ""tantamount_survival""], [""tantamount_survival"", ""compared_to"", ""patients_with_normal_preoperative_CA_19-9_degree""], [""preoperative_serum_CA_19-9_degree"", ""should_not_preclude"", ""operation""], [""operation"", ""considered_for"", ""patients_with_heedful_preoperative_scaffolding""]]",0.43333333333333335,0.0,0.1675797998905182,0.0,0.5249506569572601,0.9138753517669052,0.8749828822859407,0.8360904128049762,0.7971979433240116,0.7583054738430471,0.7194130043620826,0.6805205348811181,0.6416280654001536,0.6027355959191891,0.5638431264382245,0.5249506569572601,0.811791223495862,0.8468355885678522
273,Patients who normalized their CA19-9 levels postoperatively had equivalent survival to patients with normal preoperative CA 19-9 levels. Preoperative serum CA 19-9 level by itself should not preclude surgery in patients who have undergone careful preoperative staging.,Patients who normalized their CA19-13 levels postoperatively had equivalent survival to patients with normal preoperative CA 19-4 levels. Preoperative serum CA 30-9 level by itself should not preclude surgery in patients who have undergone careful preoperative staging.,"[[""patients"", ""normalized"", ""CA19-9_levels""], [""CA19-9_levels"", ""normalized"", ""postoperatively""], [""patients_with_normalized_CA19-9_levels"", ""had_equivalent_survival_to"", ""patients_with_normal_preoperative_CA_19-9_levels""], [""preoperative_serum_CA_19-9_level"", ""should_not_preclude"", ""surgery""], [""surgery"", ""performed_in"", ""patients_with_careful_preoperative_staging""]]","[[""patients"", ""normalized"", ""CA19-13_levels""], [""CA19-13_levels"", ""normalized"", ""postoperatively""], [""patients_with_normalized_CA19-13_levels"", ""had_equivalent_survival_to"", ""patients_with_normal_preoperative_CA_19-4_levels""], [""preoperative_serum_CA_30-9_level"", ""should_not_preclude"", ""surgery""], [""surgery"", ""performed_in"", ""patients_with_careful_preoperative_staging""]]",1.0,0.13570186495780945,0.4783160388469696,0.3958333333333333,1.0,0.9643123434539822,0.9678811091085839,0.9714498747631859,0.9750186404177874,0.9785874060723894,0.9821561717269911,0.9857249373815928,0.9892937030361947,0.9928624686907964,0.9964312343453983,1.0,0.9644636517657579,0.9871631353709656
274,Patients who normalized their CA19-9 levels postoperatively had equivalent survival to patients with normal preoperative CA 19-9 levels. Preoperative serum CA 19-9 level by itself should not preclude surgery in patients who have undergone careful preoperative staging.,equivalent survival postoperatively had Patients who normalized their CA19-9 levels to patients with normal preoperative CA 19-9 levels. Preoperative serum CA 19-9 level by itself should not preclude surgery in patients who have undergone careful preoperative staging.,"[[""patients"", ""normalized"", ""CA19-9_levels""], [""patients"", ""had"", ""equivalent_survival""], [""equivalent_survival"", ""compared_to"", ""patients_with_normal_preoperative_CA_19-9_levels""], [""preoperative_serum_CA_19-9_level"", ""should_not_preclude"", ""surgery""], [""surgery"", ""performed_on"", ""patients""], [""patients"", ""underwent"", ""careful_preoperative_staging""]]","[[""patients"", ""had"", ""equivalent_survival""], [""equivalent_survival"", ""compared_to"", ""patients_with_normal_preoperative_CA_19-9_levels""], [""patients"", ""normalized"", ""CA19-9_levels""], [""preoperative_serum_CA_19-9_level"", ""should_not_preclude"", ""surgery""], [""surgery"", ""performed_on"", ""patients""], [""patients"", ""underwent"", ""careful_preoperative_staging""]]",1.0,1.0,0.9999999403953552,1.0,1.0,0.9999999982662529,0.9999999984396276,0.9999999986130024,0.999999998786377,0.9999999989597517,0.9999999991331264,0.9999999993065012,0.9999999994798758,0.9999999996532506,0.9999999998266252,1.0,1.0,1.0
275,Patients who normalized their CA19-9 levels postoperatively had equivalent survival to patients with normal preoperative CA 19-9 levels. Preoperative serum CA 19-9 level by itself should not preclude surgery in patients who have undergone careful preoperative staging.,The vast majority of MDT decisions are implemented. Management alteration was most often due to patient choice or additional information available after the MDT. A minority of management alterations were 'unjustifiable' and the authors recommend that any patient whose treatment is subsequently changed should have MDT rediscussion prior to treatment.,"[[""patients"", ""normalized"", ""CA19-9_levels""], [""CA19-9_levels"", ""normalized"", ""postoperatively""], [""patients_with_normalized_CA19-9_levels"", ""had"", ""equivalent_survival""], [""equivalent_survival"", ""compared_to"", ""patients_with_normal_preoperative_CA_19-9_levels""], [""preoperative_serum_CA_19-9_level"", ""should_not_preclude"", ""surgery""], [""surgery"", ""performed_on"", ""patients_with_careful_preoperative_staging""]]","[[""MDT_decisions"", ""implemented"", ""vast_majority""], [""management_alteration"", ""due_to"", ""patient_choice""], [""management_alteration"", ""due_to"", ""additional_information""], [""unjustifiable_management_alterations"", ""occurred"", ""minority""], [""authors"", ""recommend"", ""MDT_rediscussion""], [""MDT_rediscussion"", ""prior_to"", ""treatment""], [""MDT_rediscussion"", ""for"", ""patients_with_changed_treatment""]]",0.034020690871988585,0.0,0.0,0.0,0.024845199749997663,0.3999263573438884,0.3624182415844993,0.32491012582511025,0.28740201006572114,0.24989389430633208,0.21238577854694302,0.17487766278755396,0.1373695470281649,0.09986143126877578,0.06235331550938672,0.024845199749997663,0.38808638343671464,0.5794867216513091
276,Patients with CSM due to either degenerative disease or segmental OPLL have similar perioperative results and neurological outcomes with laminoplasty. The VAS neck pain scores did not improve significantly with laminoplasty for either group. Laminoplasty may limit extension ROM.,person with CSM due to either degenerative condition or metameric OPLL have similar perioperative determination and neurologic outcomes with laminoplasty. The VAS neck pain scores did not improve significantly with laminoplasty for either group. Laminoplasty may limit extension ROM.,"[[""patients_with_CSM"", ""have"", ""similar_perioperative_results""], [""patients_with_CSM"", ""have"", ""similar_neurological_outcomes""], [""CSM"", ""caused_by"", ""degenerative_disease""], [""CSM"", ""caused_by"", ""segmental_OPLL""], [""laminoplasty"", ""used_for"", ""treatment_of_CSM""], [""VAS_neck_pain_scores"", ""did_not_improve"", ""with_laminoplasty""], [""laminoplasty"", ""limits"", ""extension_ROM""]]","[[""person_with_CSM"", ""has"", ""similar_perioperative_determination""], [""person_with_CSM"", ""has"", ""similar_neurologic_outcomes""], [""CSM"", ""caused_by"", ""degenerative_condition""], [""CSM"", ""caused_by"", ""metamerical_OPLL""], [""laminoplasty"", ""used_for"", ""treatment_of_CSM""], [""VAS_neck_pain_scores"", ""did_not_improve"", ""with_laminoplasty""], [""laminoplasty"", ""limits"", ""extension_ROM""]]",0.7708333333333334,0.3058192729949951,0.4897594451904297,0.4696969696969697,0.8610584002420806,0.972307944679561,0.961182990235813,0.950058035792065,0.9389330813483168,0.9278081269045689,0.9166831724608209,0.9055582180170727,0.8944332635733248,0.8833083091295767,0.8721833546858286,0.8610584002420806,0.938814189440024,0.955047129700489
277,Patients with CSM due to either degenerative disease or segmental OPLL have similar perioperative results and neurological outcomes with laminoplasty. The VAS neck pain scores did not improve significantly with laminoplasty for either group. Laminoplasty may limit extension ROM.,Patients with CSM due to either degenerative disease or segmental OPLL have similar perioperative results and neurological outcomes with laminoplasty. The MUS neck pain scores did not improve significantly with laminoplasty for either group. Laminoplasty may limit extension ROM.,"[[""CSM"", ""caused_by"", ""degenerative_disease""], [""CSM"", ""caused_by"", ""segmental_OPLL""], [""laminoplasty"", ""used_for"", ""CSM""], [""laminoplasty"", ""outcome"", ""similar_perioperative_results""], [""laminoplasty"", ""outcome"", ""similar_neurological_outcomes""], [""VAS_neck_pain_scores"", ""affected_by"", ""laminoplasty""], [""VAS_neck_pain_scores"", ""outcome"", ""no_significant_improvement""], [""laminoplasty"", ""limits"", ""extension_ROM""]]","[[""CSM"", ""caused_by"", ""degenerative_disease""], [""CSM"", ""caused_by"", ""segmental_OPLL""], [""laminoplasty"", ""used_for"", ""CSM""], [""laminoplasty"", ""outcome"", ""similar_perioperative_results""], [""laminoplasty"", ""outcome"", ""similar_neurological_outcomes""], [""MUS_neck_pain_scores"", ""affected_by"", ""laminoplasty""], [""MUS_neck_pain_scores"", ""outcome"", ""no_significant_improvement""], [""laminoplasty"", ""limits"", ""extension_ROM""]]",1.0,0.9358255863189697,0.9801957011222839,0.7222222222222222,1.0,0.9843985960270448,0.9859587364243403,0.9875188768216359,0.9890790172189314,0.9906391576162269,0.9921992980135224,0.9937594384108179,0.9953195788081135,0.996879719205409,0.9984398596027044,1.0,0.978494161021367,0.9811943024019326
278,Patients with CSM due to either degenerative disease or segmental OPLL have similar perioperative results and neurological outcomes with laminoplasty. The VAS neck pain scores did not improve significantly with laminoplasty for either group. Laminoplasty may limit extension ROM.,similar perioperative results and neurological outcomes with laminoplasty have Patients with CSM due to either degenerative disease or segmental OPLL. The VAS neck pain scores did not improve significantly with laminoplasty for either group. Laminoplasty may limit extension ROM.,"[[""CSM"", ""caused_by"", ""degenerative_disease""], [""CSM"", ""caused_by"", ""segmental_OPLL""], [""laminoplasty"", ""used_for"", ""CSM""], [""laminoplasty"", ""results_in"", ""similar_perioperative_results""], [""laminoplasty"", ""results_in"", ""similar_neurological_outcomes""], [""VAS_neck_pain_scores"", ""not_improved_by"", ""laminoplasty""], [""laminoplasty"", ""limits"", ""extension_ROM""]]","[[""CSM"", ""caused_by"", ""degenerative_disease""], [""CSM"", ""caused_by"", ""segmental_OPLL""], [""laminoplasty"", ""used_for"", ""CSM""], [""laminoplasty"", ""results_in"", ""similar_perioperative_results""], [""laminoplasty"", ""results_in"", ""similar_neurological_outcomes""], [""VAS_neck_pain_scores"", ""not_improved_by"", ""laminoplasty""], [""laminoplasty"", ""limits"", ""extension_ROM""]]",1.0,1.0,0.9999998807907104,1.0,1.0,0.9999999981039602,0.9999999982935642,0.9999999984831682,0.9999999986727721,0.9999999988623761,0.9999999990519801,0.9999999992415841,0.9999999994311881,0.999999999620792,0.999999999810396,1.0,1.0,0.9999999858774543
279,Patients with CSM due to either degenerative disease or segmental OPLL have similar perioperative results and neurological outcomes with laminoplasty. The VAS neck pain scores did not improve significantly with laminoplasty for either group. Laminoplasty may limit extension ROM.,The patient has been restarted on IV APD therapy. This case has led us to consider whether bisphosphonate therapy can be discontinued in a child with fragility fractures before his/her linear growth has ceased?,"[[""CSM"", ""treated_with"", ""laminoplasty""], [""laminoplasty"", ""results_in"", ""similar_perioperative_results""], [""laminoplasty"", ""results_in"", ""similar_neurological_outcomes""], [""VAS_neck_pain_scores"", ""not_improved_by"", ""laminoplasty""], [""laminoplasty"", ""limits"", ""extension_ROM""], [""CSM"", ""caused_by"", ""degenerative_disease""], [""CSM"", ""caused_by"", ""segmental_OPLL""]]","[[""patient"", ""restarted_on"", ""IV_APD_therapy""], [""bisphosphonate_therapy"", ""considered_for_discontinuation"", ""child_with_fragility_fractures""], [""child_with_fragility_fractures"", ""has"", ""linear_growth""], [""linear_growth"", ""status"", ""not_ceased""]]",0.0,0.0,0.12700019776821136,0.0,0.0,0.33515517448210635,0.3016396570338957,0.2681241395856851,0.23460862213747444,0.2010931046892638,0.16757758724105318,0.13406206979284255,0.10054655234463192,0.06703103489642126,0.03351551744821063,0.0,0.26165011724860565,0.44208851791698894
280,"While more than a quarter of the middle-aged adult population said they were interested in PAS insurance, actual participation would be highly dependent on premium rates. The current lack of publicly subsidized insurance for long-term care and personal assistance services remains a serious gap in the disability service system.","While more than a quarter of the middle-elderly adult population said they were interested in PAS insurance, actual participation would be highly dependant on agio pace. The current deficiency of publicly subsidized insurance for long-term care and personal assistance Service remains a serious gap in the disability service scheme.","[[""middle-aged_adult_population"", ""interested_in"", ""PAS_insurance""], [""PAS_insurance"", ""interest_from"", ""middle-aged_adult_population""], [""PAS_insurance"", ""dependent_on"", ""premium_rates""], [""disability_service_system"", ""has_gap_in"", ""publicly_subsidized_insurance""], [""publicly_subsidized_insurance"", ""lacking_in"", ""long-term_care""], [""publicly_subsidized_insurance"", ""lacking_in"", ""personal_assistance_services""], [""long-term_care"", ""has_lack_of"", ""publicly_subsidized_insurance""], [""personal_assistance_services"", ""has_lack_of"", ""publicly_subsidized_insurance""]]","[[""middle-elderly_adult_population"", ""interested_in"", ""PAS_insurance""], [""PAS_insurance"", ""interest_from"", ""middle-elderly_adult_population""], [""PAS_insurance"", ""dependent_on"", ""agio_pace""], [""disability_service_scheme"", ""has_gap_in"", ""publicly_subsidized_insurance""], [""publicly_subsidized_insurance"", ""lacking_in"", ""long-term_care""], [""publicly_subsidized_insurance"", ""lacking_in"", ""personal_assistance_Service""], [""long-term_care"", ""has_lack_of"", ""publicly_subsidized_insurance""], [""personal_assistance_Service"", ""has_lack_of"", ""publicly_subsidized_insurance""]]",0.6428571428571429,0.5250545144081116,0.763421893119812,0.19047619047619047,0.6428571428571429,0.9920265153464857,0.9571095780975514,0.9221926408486172,0.8872757035996828,0.8523587663507486,0.8174418291018143,0.78252489185288,0.7476079546039458,0.7126910173550114,0.6777740801060772,0.6428571428571429,0.9470094472128964,0.9703048914948206
281,"While more than a quarter of the middle-aged adult population said they were interested in PAS insurance, actual participation would be highly dependent on premium rates. The current lack of publicly subsidized insurance for long-term care and personal assistance services remains a serious gap in the disability service system.","While more than a quarter of the middle-aged adult population said they were interested in PVE insurance, actual participation would be highly dependent on premium rates. The current lack of publicly subsidized insurance for long-term care and personal assistance services remains a serious gap in the disability service system.","[[""middle-aged_adult_population"", ""interested_in"", ""PAS_insurance""], [""actual_participation"", ""dependent_on"", ""premium_rates""], [""disability_service_system"", ""lacks"", ""publicly_subsidized_insurance""], [""publicly_subsidized_insurance"", ""for"", ""long-term_care""], [""publicly_subsidized_insurance"", ""for"", ""personal_assistance_services""], [""lack_of_publicly_subsidized_insurance"", ""serious_gap_in"", ""disability_service_system""]]","[[""middle-aged_adult_population"", ""interested_in"", ""PVE_insurance""], [""actual_participation"", ""dependent_on"", ""premium_rates""], [""disability_service_system"", ""lacks"", ""publicly_subsidized_insurance""], [""publicly_subsidized_insurance"", ""for"", ""long-term_care""], [""publicly_subsidized_insurance"", ""for"", ""personal_assistance_services""], [""lack_of_publicly_subsidized_insurance"", ""serious_gap_in"", ""disability_service_system""]]",0.7708333333333334,0.9519672393798828,0.9602290391921997,0.7962962962962963,0.7962962962962963,0.9914555040008997,0.9719395832304393,0.9524236624599791,0.9329077416895186,0.9133918209190584,0.893875900148598,0.8743599793781376,0.8548440586076773,0.8353281378372169,0.8158122170667567,0.7962962962962963,0.971349600306303,0.9960208008264997
282,"While more than a quarter of the middle-aged adult population said they were interested in PAS insurance, actual participation would be highly dependent on premium rates. The current lack of publicly subsidized insurance for long-term care and personal assistance services remains a serious gap in the disability service system.","While more than a quarter of the middle-aged adult population said they were interested in PAS insurance, actual participation would be highly dependent on premium rates. a serious gap in the disability service system personal assistance services remains The current lack of publicly subsidized insurance for long-term care and.","[[""middle-aged_adult_population"", ""interested_in"", ""PAS_insurance""], [""actual_participation"", ""dependent_on"", ""premium_rates""], [""disability_service_system"", ""has_gap"", ""lack_of_publicly_subsidized_insurance""], [""lack_of_publicly_subsidized_insurance"", ""for"", ""long-term_care""], [""lack_of_publicly_subsidized_insurance"", ""for"", ""personal_assistance_services""]]","[[""middle-aged_adult_population"", ""interested_in"", ""PAS_insurance""], [""actual_participation"", ""dependent_on"", ""premium_rates""], [""disability_service_system"", ""has_gap"", ""lack_of_publicly_subsidized_insurance""], [""lack_of_publicly_subsidized_insurance"", ""for"", ""long-term_care""], [""lack_of_publicly_subsidized_insurance"", ""for"", ""personal_assistance_services""]]",1.0,0.9999998807907104,1.0,1.0,1.0,0.999999998679443,0.9999999988114987,0.9999999989435544,0.9999999990756101,0.9999999992076658,0.9999999993397215,0.9999999994717772,0.9999999996038329,0.9999999997358886,0.9999999998679443,1.0,1.0,0.9999999866760256
283,"While more than a quarter of the middle-aged adult population said they were interested in PAS insurance, actual participation would be highly dependent on premium rates. The current lack of publicly subsidized insurance for long-term care and personal assistance services remains a serious gap in the disability service system.","In a leading specialty journal, cited reviewers gave higher scores than noncited reviewers. However, this was likely due to their being assigned higher-quality manuscripts and not because they were cited in the manuscript. Reviewer requests that their work be cited were rare.","[[""middle-aged_adult_population"", ""interested_in"", ""PAS_insurance""], [""actual_participation"", ""dependent_on"", ""premium_rates""], [""disability_service_system"", ""lacks"", ""publicly_subsidized_insurance_for_long-term_care""], [""disability_service_system"", ""lacks"", ""publicly_subsidized_insurance_for_personal_assistance_services""]]","[[""cited_reviewers"", ""gave"", ""higher_scores""], [""cited_reviewers"", ""assigned"", ""higher-quality_manuscripts""], [""noncited_reviewers"", ""gave"", ""lower_scores""], [""reviewer_requests"", ""were"", ""rare""], [""reviewer_requests"", ""type"", ""citation""], [""cited_reviewers"", ""reason_for_higher_scores"", ""higher-quality_manuscripts""]]",0.0,0.0,0.0,0.0,0.0,0.2576230558231932,0.2318607502408739,0.2060984446585546,0.18033613907623525,0.15457383349391593,0.1288115279115966,0.1030492223292773,0.07728691674695798,0.051524611164638634,0.025762305582319317,0.0,0.2442094226428416,0.4212774314638873
284,"In normal clinical practice, chemotherapy significantly prolongs survival in patients with performance status of less than 2, more time being gained if there is no associated weight loss. We conclude that the reluctance shown by many pneumologists toward using this treatment is not entirely justified.","In normal clinical pattern, chemotherapy importantly prolongs endurance in individuals with performance status of less than 2, more time being gained if there is no associated weight loss. We determine that the reluctance shown by numerous pneumologists toward using this intervention is not entirely justified.","[[""chemotherapy"", ""prolongs"", ""survival""], [""chemotherapy"", ""used_for"", ""patients_with_performance_status_less_than_2""], [""patients_with_performance_status_less_than_2"", ""gain"", ""more_time""], [""patients_with_performance_status_less_than_2"", ""condition"", ""no_associated_weight_loss""], [""pneumologists"", ""show_reluctance_towards"", ""chemotherapy""], [""chemotherapy"", ""justification"", ""not_entirely_justified""], [""reluctance_of_pneumologists"", ""toward"", ""chemotherapy""], [""reluctance_of_pneumologists"", ""justification"", ""not_entirely_justified""]]","[[""chemotherapy"", ""prolongs"", ""endurance""], [""chemotherapy"", ""used_for"", ""individuals_with_performance_status_less_than_2""], [""individuals_with_performance_status_less_than_2"", ""gain"", ""more_time""], [""individuals_with_performance_status_less_than_2"", ""condition"", ""no_associated_weight_loss""], [""pneumologists"", ""show_reluctance_towards"", ""chemotherapy""], [""chemotherapy"", ""justification"", ""not_entirely_justified""], [""reluctance_of_pneumologists"", ""toward"", ""chemotherapy""], [""reluctance_of_pneumologists"", ""justification"", ""not_entirely_justified""], [""chemotherapy"", ""referred_to_as"", ""intervention""]]",0.7380952380952381,0.7185372114181519,0.8558242321014404,0.6088975060217493,0.7708333333333334,0.976175476678844,0.9556412623442929,0.9351070480097419,0.9145728336751908,0.8940386193406397,0.8735044050060887,0.8529701906715377,0.8324359763369865,0.8119017620024355,0.7913675476678844,0.7708333333333334,0.9473329859439125,0.9596122126343365
285,"In normal clinical practice, chemotherapy significantly prolongs survival in patients with performance status of less than 2, more time being gained if there is no associated weight loss. We conclude that the reluctance shown by many pneumologists toward using this treatment is not entirely justified.","In normal clinical practice, chemotherapy significantly prolongs survival in patients with performance status of less than 1, more time being gained if there is no associated weight loss. We conclude that the reluctance shown by many pneumologists toward using this treatment is not entirely justified.","[[""chemotherapy"", ""prolongs"", ""survival""], [""chemotherapy"", ""used_in"", ""clinical_practice""], [""patients"", ""have"", ""performance_status""], [""performance_status"", ""less_than"", ""2""], [""chemotherapy"", ""more_effective_with"", ""no_weight_loss""], [""pneumologists"", ""reluctant_toward"", ""chemotherapy""], [""reluctance_of_pneumologists"", ""not_entirely_justified"", ""chemotherapy""]]","[[""chemotherapy"", ""prolongs"", ""survival""], [""chemotherapy"", ""used_in"", ""clinical_practice""], [""patients"", ""have"", ""performance_status""], [""performance_status"", ""less_than"", ""1""], [""chemotherapy"", ""more_effective_with"", ""no_weight_loss""], [""pneumologists"", ""reluctant_toward"", ""chemotherapy""], [""reluctance_of_pneumologists"", ""not_entirely_justified"", ""chemotherapy""]]",0.5714285714285714,0.9767879247665405,0.9617405533790588,0.7222222222222222,1.0,0.9982436831514687,0.9984193148363218,0.998594946521175,0.9987705782060281,0.9989462098908812,0.9991218415757344,0.9992974732605875,0.9994731049454406,0.9996487366302937,0.9998243683151469,1.0,0.9877742872749449,0.9943726100836165
286,"In normal clinical practice, chemotherapy significantly prolongs survival in patients with performance status of less than 2, more time being gained if there is no associated weight loss. We conclude that the reluctance shown by many pneumologists toward using this treatment is not entirely justified.","In normal clinical practice, survival significantly prolongs chemotherapy in patients with performance status of less than 2, more time being gained if there is no associated weight loss. We conclude that the reluctance shown by many pneumologists toward using this treatment is not entirely justified.","[[""chemotherapy"", ""prolongs"", ""survival""], [""chemotherapy"", ""used_in"", ""clinical_practice""], [""clinical_practice"", ""involves"", ""patients_with_performance_status_less_than_2""], [""patients_with_performance_status_less_than_2"", ""benefit_from"", ""chemotherapy""], [""chemotherapy"", ""more_effective_with"", ""no_weight_loss""], [""pneumologists"", ""reluctant_to_use"", ""chemotherapy""], [""reluctance_of_pneumologists"", ""not_entirely_justified"", ""chemotherapy""]]","[[""chemotherapy"", ""prolongs"", ""survival""], [""chemotherapy"", ""used_in"", ""clinical_practice""], [""clinical_practice"", ""involves"", ""patients_with_performance_status_less_than_2""], [""patients_with_performance_status_less_than_2"", ""benefit_from"", ""chemotherapy""], [""chemotherapy"", ""more_effective_with"", ""no_weight_loss""], [""pneumologists"", ""reluctant_to_use"", ""chemotherapy""], [""reluctance_of_pneumologists"", ""not_entirely_justified"", ""chemotherapy""]]",1.0,0.9999999403953552,1.0,1.0,1.0,0.9999999164297739,0.9999999247867966,0.9999999331438192,0.9999999415008416,0.9999999498578643,0.999999958214887,0.9999999665719096,0.9999999749289321,0.9999999832859547,0.9999999916429774,1.0,0.9999999693461826,0.9999999897441937
287,"In normal clinical practice, chemotherapy significantly prolongs survival in patients with performance status of less than 2, more time being gained if there is no associated weight loss. We conclude that the reluctance shown by many pneumologists toward using this treatment is not entirely justified.","For a given NIHSS score, the median volume of right hemisphere strokes is consistently larger than the median volume of left hemisphere strokes. The clinical implications of our finding need further exploration.","[[""chemotherapy"", ""prolongs"", ""survival""], [""survival"", ""in Patients_with"", ""performance_status_less_than_2""], [""performance_status_less_than_2"", ""characterized_by"", ""no_associated_weight_loss""], [""chemotherapy"", ""benefits"", ""patients_with_no_weight_loss""], [""pneumologists"", ""reluctant_to_use"", ""chemotherapy""], [""reluctance_of_pneumologists"", ""not_entirely_justified"", ""chemotherapy""]]","[[""NIHSS_score"", ""associated_with"", ""median_volume_of_strokes""], [""right_hemisphere_strokes"", ""have_larger_median_volume"", ""left_hemisphere_strokes""], [""finding"", ""needs"", ""further_exploration""], [""clinical_implications"", ""require"", ""further_study""]]",0.0,0.0,0.08118316531181335,0.0,0.0,0.5232517251278884,0.4709265526150996,0.41860138010231074,0.3662762075895219,0.31395103507673305,0.2616258625639442,0.20930069005115537,0.15697551753836655,0.10465034502557766,0.05232517251278883,0.0,0.39094847108582553,0.404181691336144
288,"Severe OSA patients are much more likely to need high CPAP levels. However, because of the low positive predictive value (only 28.6%), the clinical value of such information is limited. ESS and MSLT did not increase the predictive value for the need for high CPAP.","Severe OSA individuals are much more likely to need high CPAP levels. However, because of the low positive predictive value (only 28.6%), the medical value of such information is limited. the predictive value for the need for high CPAP was increased by ESS and MSLT.","[[""Severe_OSA_patients"", ""more_likely_to_need"", ""high_CPAP_levels""], [""high_CPAP_levels"", ""predicted_by"", ""positive_predictive_value""], [""positive_predictive_value"", ""has_value"", ""28.6""], [""ESS"", ""does_not_increase"", ""predictive_value_for_high_CPAP""], [""MSLT"", ""does_not_increase"", ""predictive_value_for_high_CPAP""], [""predictive_value_for_high_CPAP"", ""limited_by"", ""low_positive_predictive_value""]]","[[""Severe_OSA_individuals"", ""more_likely_to_need"", ""high_CPAP_levels""], [""high_CPAP_levels"", ""predicted_by"", ""positive_predictive_value""], [""positive_predictive_value"", ""has_value"", ""28.6""], [""ESS"", ""increases"", ""predictive_value_for_high_CPAP""], [""MSLT"", ""increases"", ""predictive_value_for_high_CPAP""], [""predictive_value_for_high_CPAP"", ""limited_by"", ""low_medical_value""]]",0.6943650748294136,0.8902984857559204,0.8790435791015625,0.5625,0.6940220937885672,0.9865186477172453,0.9572689923243776,0.9280193369315097,0.8987696815386419,0.8695200261457741,0.8402703707529062,0.8110207153600384,0.7817710599671706,0.7525214045743027,0.723271749181435,0.6940220937885672,0.9462183019046326,0.9773896726558455
289,"Severe OSA patients are much more likely to need high CPAP levels. However, because of the low positive predictive value (only 28.6%), the clinical value of such information is limited. ESS and MSLT did not increase the predictive value for the need for high CPAP.","Severe OSA patients are much more likely to need high CPAP levels. However, because of the low positive predictive value (only 17.0%), the clinical value of such information is limited. ESS and MSLT did not increase the predictive value for the need for high CPAP.","[[""Severe_OSA_patients"", ""likely_to_need"", ""high_CPAP_levels""], [""high_CPAP_levels"", ""predicted_by"", ""positive_predictive_value""], [""positive_predictive_value"", ""has_value"", ""28.6""], [""ESS"", ""does_not_increase"", ""predictive_value_for_high_CPAP""], [""MSLT"", ""does_not_increase"", ""predictive_value_for_high_CPAP""], [""Severe_OSA_patients"", ""need"", ""high_CPAP_levels""]]","[[""Severe_OSA_patients"", ""likely_to_need"", ""high_CPAP_levels""], [""high_CPAP_levels"", ""predicted_by"", ""positive_predictive_value""], [""positive_predictive_value"", ""has_value"", ""17.0""], [""ESS"", ""does_not_increase"", ""predictive_value_for_high_CPAP""], [""MSLT"", ""does_not_increase"", ""predictive_value_for_high_CPAP""], [""Severe_OSA_patients"", ""need"", ""high_CPAP_levels""]]",0.5,0.9570075869560242,0.9727383255958557,0.5714285714285714,0.5714285714285714,0.995933291675383,0.9534828196507019,0.9110323476260208,0.8685818756013395,0.8261314035766584,0.7836809315519773,0.741230459527296,0.6987799875026149,0.6563295154779337,0.6138790434532525,0.5714285714285714,0.9621626022366454,0.9845234738159517
290,"Severe OSA patients are much more likely to need high CPAP levels. However, because of the low positive predictive value (only 28.6%), the clinical value of such information is limited. ESS and MSLT did not increase the predictive value for the need for high CPAP.","Severe OSA patients are much more likely to need high CPAP levels. However, because of the low positive predictive value (only 28.6%), the clinical value of such information is limited. the predictive value for the need for high CPAP did not increase ESS and MSLT.","[[""Severe_OSA_patients"", ""more_likely_to_need"", ""high_CPAP_levels""], [""high_CPAP_levels"", ""predicted_by"", ""positive_predictive_value""], [""positive_predictive_value"", ""has_value"", ""28.6%""], [""positive_predictive_value"", ""limits"", ""clinical_value""], [""ESS"", ""does_not_increase"", ""predictive_value_for_high_CPAP""], [""MSLT"", ""does_not_increase"", ""predictive_value_for_high_CPAP""], [""predictive_value_for_high_CPAP"", ""related_to"", ""need_for_high_CPAP""]]","[[""Severe_OSA_patients"", ""more_likely_to_need"", ""high_CPAP_levels""], [""high_CPAP_levels"", ""predicted_by"", ""positive_predictive_value""], [""positive_predictive_value"", ""has_value"", ""28.6%""], [""positive_predictive_value"", ""limits"", ""clinical_value""], [""predictive_value_for_high_CPAP"", ""not_increased_by"", ""ESS""], [""predictive_value_for_high_CPAP"", ""not_increased_by"", ""MSLT""], [""need_for_high_CPAP"", ""related_to"", ""high_CPAP_levels""]]",1.0,0.9999999403953552,0.9999999403953552,0.6481481481481481,0.6481481481481481,0.9913309185966988,0.9570126415518436,0.9226943645069887,0.8883760874621335,0.8540578104172785,0.8197395333724234,0.7854212563275684,0.7511029792827133,0.7167847022378582,0.6824664251930033,0.6481481481481481,0.9729239781813606,0.9833575396919149
291,"Severe OSA patients are much more likely to need high CPAP levels. However, because of the low positive predictive value (only 28.6%), the clinical value of such information is limited. ESS and MSLT did not increase the predictive value for the need for high CPAP.","The use of the modified lithotomy position during pelvic surgery is not associated with lower limb ischemia. Addition of Trendelenburg position, however, causes profound ischemia of the lower limbs, and this is followed during the recovery period by hyperperfusion that is confined to the muscle compartments, which may put patients at risk of developing lower limb compartment syndrome.","[[""Severe_OSA_patients"", ""likely_to_need"", ""high_CPAP_levels""], [""low_positive_predictive_value"", ""limits"", ""clinical_value""], [""clinical_value"", ""information"", ""need_for_high_CPAP""], [""ESS"", ""does_not_increase"", ""predictive_value""], [""MSLT"", ""does_not_increase"", ""predictive_value""], [""predictive_value"", ""related_to"", ""need_for_high_CPAP""]]","[[""modified_lithotomy_position"", ""not_associated_with"", ""lower_limb_ischemia""], [""Trendelenburg_position"", ""causes"", ""profound_ischemia_of_lower_limbs""], [""profound_ischemia_of_lower_limbs"", ""followed_by"", ""hyperperfusion""], [""hyperperfusion"", ""confined_to"", ""muscle_compartments""], [""muscle_compartments"", ""put_patients_at_risk_of"", ""lower_limb_compartment_syndrome""], [""recovery_period"", ""time_of"", ""hyperperfusion""], [""pelvic_surgery"", ""uses"", ""modified_lithotomy_position""], [""Addition_of_Trendelenburg_position"", ""done_during"", ""pelvic_surgery""]]",0.0,0.0,0.0,0.0,0.0,0.4465069788032241,0.4018562809229017,0.3572055830425793,0.3125548851622568,0.26790418728193444,0.22325348940161205,0.17860279152128966,0.13395209364096725,0.0893013957606448,0.0446506978803224,0.0,0.3203804431310403,0.4114788948458965
292,"Women compared to men often delay seeking treatment for an AMI, which further increases their risks. Our findings suggest specific characteristics that can serve as a profile to those African Americans most likely to delay seeking treatment for AMI.","Women compared to men often delay seeking therapy for an AMI, which further increases their risks. Our determination indicate specific feature that can serve as a profile to those African Americans the bulk of likely to delay seeking intervention for AMI.","[[""Women"", ""compared_to"", ""men""], [""Women"", ""delay"", ""seeking_treatment""], [""men"", ""delay"", ""seeking_treatment""], [""Women"", ""increase"", ""risks""], [""African_Americans"", ""likely_to_delay"", ""seeking_treatment""], [""African_Americans"", ""have"", ""specific_characteristics""], [""specific_characteristics"", ""serve_as"", ""profile""], [""profile"", ""identify"", ""African_Americans""]]","[[""Women"", ""compared_to"", ""men""], [""Women"", ""delay"", ""seeking_therapy""], [""men"", ""delay"", ""seeking_therapy""], [""Women"", ""increase"", ""risks""], [""African_Americans"", ""likely_to_delay"", ""seeking_intervention""], [""African_Americans"", ""have"", ""specific_features""], [""specific_features"", ""serve_as"", ""profile""], [""profile"", ""identify"", ""African_Americans""], [""African_Americans"", ""experience"", ""AMI""]]",1.0,0.4283028841018677,0.8524715900421143,0.314970394174356,0.5345224838248488,0.9751364348881842,0.9310750397818507,0.8870136446755172,0.8429522495691835,0.79889085446285,0.7548294593565166,0.710768064250183,0.6667066691438495,0.6226452740375159,0.5785838789311823,0.5345224838248488,0.9642468679320734,0.7894935980540233
293,"Women compared to men often delay seeking treatment for an AMI, which further increases their risks. Our findings suggest specific characteristics that can serve as a profile to those African Americans most likely to delay seeking treatment for AMI.","Women compared to men often delay seeking treatment for an AMI, which further increases their risks. Our findings suggest specific characteristics that can serve as a profile to those ARI most likely to delay seeking treatment for AMI.","[[""Women"", ""compared_to"", ""Men""], [""Women"", ""delay_in"", ""seeking_treatment""], [""Men"", ""delay_in"", ""seeking_treatment""], [""Women"", ""increase_risks"", ""AMI""], [""delay-seeking_treatment"", ""increases"", ""risks""], [""African_Americans"", ""likely_to_delay"", ""seeking_treatment""], [""research_findings"", ""suggest"", ""characteristics""], [""characteristics"", ""serve_as"", ""profile""], [""profile"", ""for"", ""African_Americans""], [""African_Americans"", ""delay_in"", ""seeking_treatment_for_AMI""]]","[[""Women"", ""compared_to"", ""Men""], [""Women"", ""delay_in"", ""seeking_treatment""], [""Men"", ""delay_in"", ""seeking_treatment""], [""Women"", ""increase_risks"", ""AMI""], [""delay-seeking_treatment"", ""increases"", ""risks""], [""ARI"", ""likely_to_delay"", ""seeking_treatment""], [""research_findings"", ""suggest"", ""characteristics""], [""characteristics"", ""serve_as"", ""profile""], [""profile"", ""for"", ""ARI""], [""ARI"", ""delay_in"", ""seeking_treatment_for_AMI""]]",0.6833333333333333,0.9811784625053406,0.989116907119751,0.7121212121212122,0.7121212121212122,0.9361954524631051,0.9137880284289158,0.8913806043947266,0.8689731803605372,0.8465657563263478,0.8241583322921586,0.8017509082579694,0.7793434842237801,0.7569360601895907,0.7345286361554014,0.7121212121212122,0.9301237533109499,0.9236094908621653
294,"Women compared to men often delay seeking treatment for an AMI, which further increases their risks. Our findings suggest specific characteristics that can serve as a profile to those African Americans most likely to delay seeking treatment for AMI.","Women compared to men often delay seeking treatment for an AMI, which further increases their risks. specific characteristics that can serve as a profile to those African Americans most likely to delay seeking treatment for AMI suggest Our findings.","[[""Women"", ""compared_to"", ""Men""], [""Women"", ""delay"", ""seeking_treatment""], [""Men"", ""delay"", ""seeking_treatment""], [""Women"", ""increase_risks"", ""AMI""], [""African_Americans"", ""delay"", ""seeking_treatment""], [""specific_characteristics"", ""serve_as"", ""profile""], [""profile"", ""identify"", ""African_Americans""], [""African_Americans"", ""likely_to_delay"", ""seeking_treatment""], [""Our_findings"", ""suggest"", ""specific_characteristics""]]","[[""Women"", ""compared_to"", ""Men""], [""Women"", ""delay"", ""seeking_treatment""], [""Men"", ""delay"", ""seeking_treatment""], [""Women"", ""increase_risks"", ""AMI""], [""African_Americans"", ""delay"", ""seeking_treatment""], [""specific_characteristics"", ""serve_as"", ""profile""], [""profile"", ""identify"", ""African_Americans""], [""African_Americans"", ""likely_to_delay"", ""seeking_treatment""], [""Our_findings"", ""suggest"", ""specific_characteristics""], [""specific_characteristics"", ""related_to"", ""AMI""]]",1.0,1.0,1.0,0.8125,1.0,0.9999999979065358,0.9999999981158822,0.9999999983252288,0.9999999985345751,0.9999999987439215,0.999999998953268,0.9999999991626143,0.9999999993719608,0.9999999995813071,0.9999999997906536,1.0,1.0,0.9848933602687172
295,"Women compared to men often delay seeking treatment for an AMI, which further increases their risks. Our findings suggest specific characteristics that can serve as a profile to those African Americans most likely to delay seeking treatment for AMI.",2ME is able to enhance the antiproliferative activity of certain chemotherapeutics at pharmacological relevant concentrations. This estradiol metabolite is currently in a phase II trial in patients with refractary metastatic breast cancer and the tolerability has been shown to be very good. The combination of 2ME with chemotherapeutics may therefore offer a new clinically relevant treatment regimen for hormone-dependent cancer.,"[[""Women"", ""compared_to"", ""Men""], [""Women"", ""delay_in"", ""seeking_treatment""], [""Men"", ""delay_in"", ""seeking_treatment""], [""Women"", ""increase_risk_of"", ""AMI""], [""African_Americans"", ""delay_in"", ""seeking_treatment_for_AMI""], [""findings"", ""suggest"", ""characteristics_of_African_Americans""]]","[[""2ME"", ""enhances"", ""antiproliferative_activity""], [""2ME"", ""combined_with"", ""chemotherapeutics""], [""chemotherapeutics"", ""treat"", ""refractary_metastatic_breast_cancer""], [""2ME"", ""in_phase_II_trial"", ""patients_with_refractary_metastatic_breast_cancer""], [""2ME"", ""shows"", ""good_tolerability""], [""2ME"", ""offers"", ""new_treatment_regimen""], [""hormone-dependent_cancer"", ""treated_by"", ""2ME_and_chemotherapeutics""], [""estradiol_metabolite"", ""known_as"", ""2ME""]]",0.0,0.0,0.0,0.0,0.0,0.2703948962209991,0.2433554065988992,0.2163159169767993,0.18927642735469935,0.16223693773259945,0.13519744811049955,0.10815795848839965,0.08111846886629974,0.054078979244199805,0.027039489622099903,0.0,0.2869857022987445,0.4403196171802971
296,In manikin laypersons could insert LMAS in the correct direction after onsite instruction by a simple manual with a high success rate. This indicates some basic procedural understanding and intellectual transfer in principle. Operating errors (n = 91) were frequently not recognized and corrected (n = 77). Improvements in labeling and the quality of instructional photographs may reduce individual error and may optimize understanding.,In manikin laypersons could insert LMAS in the correct way after onsite instruction by a elementary manual with a high achiever rate. This indicates certain basic procedural apprehension and rational transfer in principle. Operating errors (n = 91) were frequently not recognized and corrected (n = 77). Improvements in labeling and the quality of instructional photo may reduce individual error and may optimize apprehension.,"[[""laypersons"", ""can_insert"", ""LMAS""], [""laypersons"", ""insert_LMAS"", ""in_correct_direction""], [""onsite_instruction"", ""provided_by"", ""simple_manual""], [""simple_manual"", ""enables"", ""high_success_rate""], [""high_success_rate"", ""indicates"", ""basic_procedural_understanding""], [""basic_procedural_understanding"", ""involves"", ""intellectual_transfer""], [""operating_errors"", ""number"", ""91""], [""operating_errors"", ""frequently_not_recognized"", ""true""], [""operating_errors"", ""frequently_not_corrected"", ""true""], [""improvements_in_labeling"", ""can_reduce"", ""individual_error""], [""improvements_in_labeling"", ""can_optimize"", ""understanding""], [""instructional_photographs"", ""can_be_improved"", ""true""], [""instructional_photographs"", ""quality_can_be_improved"", ""true""]]","[[""laypersons"", ""can_insert"", ""LMAS""], [""laypersons"", ""insert_LMAS"", ""in_correct_way""], [""onsite_instruction"", ""provided_by"", ""elementary_manual""], [""elementary_manual"", ""enables"", ""high_achiever_rate""], [""high_achiever_rate"", ""indicates"", ""basic_procedural_apprehension""], [""basic_procedural_apprehension"", ""involves"", ""rational_transfer""], [""operating_errors"", ""number"", ""91""], [""operating_errors"", ""frequently_not_recognized"", ""true""], [""operating_errors"", ""frequently_not_corrected"", ""true""], [""improvements_in_labeling"", ""can_reduce"", ""individual_error""], [""improvements_in_labeling"", ""can_optimize"", ""apprehension""], [""instructional_photo"", ""can_be_improved"", ""true""], [""instructional_photo"", ""quality_can_be_improved"", ""true""]]",0.6555555555555556,0.0647943839430809,0.7065175771713257,0.26666666666666666,0.6555555555555556,0.9661934348413783,0.9351296469127961,0.9040658589842139,0.8730020710556314,0.8419382831270492,0.810874495198467,0.7798107072698847,0.7487469193413023,0.7176831314127201,0.6866193434841378,0.6555555555555556,0.9135586775126214,0.9297481409692832
297,In manikin laypersons could insert LMAS in the correct direction after onsite instruction by a simple manual with a high success rate. This indicates some basic procedural understanding and intellectual transfer in principle. Operating errors (n = 91) were frequently not recognized and corrected (n = 77). Improvements in labeling and the quality of instructional photographs may reduce individual error and may optimize understanding.,In manikin laypersons could insert LMAS in the correct direction after onsite instruction by a simple manual with a high success rate. This indicates some basic procedural understanding and intellectual transfer in principle. Operating errors (n = 133) were frequently not recognized and corrected (n = 113). Improvements in labeling and the quality of instructional photographs may reduce individual error and may optimize understanding.,"[[""laypersons"", ""can_insert"", ""LMAS""], [""LMAS"", ""inserted_in"", ""correct_direction""], [""laypersons"", ""receive"", ""onsite_instruction""], [""onsite_instruction"", ""provided_by"", ""simple_manual""], [""simple_manual"", ""enables"", ""high_success_rate""], [""high_success_rate"", ""indicates"", ""basic_procedural_understanding""], [""basic_procedural_understanding"", ""involves"", ""intellectual_transfer""], [""operating_errors"", ""occurred"", ""91_times""], [""operating_errors"", ""not_recognized"", ""77_times""], [""improvements_in_labeling"", ""can_reduce"", ""individual_error""], [""improvements_in_instructional_photographs"", ""can_optimize"", ""understanding""]]","[[""laypersons"", ""can_insert"", ""LMAS""], [""LMAS"", ""inserted_in"", ""correct_direction""], [""laypersons"", ""receive"", ""onsite_instruction""], [""onsite_instruction"", ""provided_by"", ""simple_manual""], [""simple_manual"", ""enables"", ""high_success_rate""], [""high_success_rate"", ""indicates"", ""basic_procedural_understanding""], [""basic_procedural_understanding"", ""involves"", ""intellectual_transfer""], [""operating_errors"", ""occurred"", ""133_times""], [""operating_errors"", ""not_recognized"", ""113_times""], [""improvements_in_labeling"", ""can_reduce"", ""individual_error""], [""improvements_in_instructional_photographs"", ""can_optimize"", ""understanding""]]",1.0,0.9080917835235596,0.9790810346603394,0.8111111111111111,0.9182886083655663,0.9847501907876539,0.9781040325454452,0.9714578743032364,0.9648117160610276,0.9581655578188188,0.95151939957661,0.9448732413344012,0.9382270830921925,0.9315809248499838,0.924934766607775,0.9182886083655663,0.9752431606018159,0.9975447937102144
298,In manikin laypersons could insert LMAS in the correct direction after onsite instruction by a simple manual with a high success rate. This indicates some basic procedural understanding and intellectual transfer in principle. Operating errors (n = 91) were frequently not recognized and corrected (n = 77). Improvements in labeling and the quality of instructional photographs may reduce individual error and may optimize understanding.,In manikin laypersons could insert LMAS in the correct direction after onsite instruction by a simple manual with a high success rate. some basic procedural understanding and intellectual transfer in principle indicates This. Operating errors (n = 91) were frequently not recognized and corrected (n = 77). Improvements in labeling and the quality of instructional photographs may reduce individual error and may optimize understanding.,"[[""laypersons"", ""can_insert"", ""LMAS""], [""LMAS"", ""inserted_in"", ""correct_direction""], [""correct_direction"", ""achieved_after"", ""onsite_instruction""], [""onsite_instruction"", ""provided_by"", ""simple_manual""], [""simple_manual"", ""enables"", ""high_success_rate""], [""high_success_rate"", ""indicates"", ""basic_procedural_understanding""], [""basic_procedural_understanding"", ""demonstrates"", ""intellectual_transfer""], [""operating_errors"", ""occurred"", ""91_times""], [""operating_errors"", ""not_recognized"", ""77_times""], [""improvements_in_labeling"", ""can_reduce"", ""individual_error""], [""improvements_in_labeling"", ""can_optimize"", ""understanding""], [""improved_instructional_photographs"", ""can_reduce"", ""individual_error""]]","[[""laypersons"", ""can_insert"", ""LMAS""], [""LMAS"", ""inserted_in"", ""correct_direction""], [""correct_direction"", ""achieved_after"", ""onsite_instruction""], [""onsite_instruction"", ""provided_by"", ""simple_manual""], [""simple_manual"", ""enables"", ""high_success_rate""], [""high_success_rate"", ""indicates"", ""basic_procedural_understanding""], [""basic_procedural_understanding"", ""demonstrates"", ""intellectual_transfer""], [""operating_errors"", ""occurred"", ""91_times""], [""operating_errors"", ""not_recognized"", ""77_times""], [""improvements_in_labeling"", ""can_reduce"", ""individual_error""], [""improvements_in_labeling"", ""can_optimize"", ""understanding""], [""improved_instructional_photographs"", ""can_reduce"", ""individual_error""]]",1.0,1.0,0.9999998807907104,1.0,1.0,0.9999999971992308,0.9999999974793078,0.9999999977593848,0.9999999980394616,0.9999999983195385,0.9999999985996154,0.9999999988796924,0.9999999991597692,0.9999999994398462,0.999999999719923,1.0,0.9999999996026357,0.9999999849321889
299,In manikin laypersons could insert LMAS in the correct direction after onsite instruction by a simple manual with a high success rate. This indicates some basic procedural understanding and intellectual transfer in principle. Operating errors (n = 91) were frequently not recognized and corrected (n = 77). Improvements in labeling and the quality of instructional photographs may reduce individual error and may optimize understanding.,"Patients with AC are more likely to undergo successful LC if cared for by a surgeon with an interest in laparoscopy. However, length of hospital stay is influenced more by patient factors in a multivariate model.","[[""Laypersons"", ""can_insert_LMAS"", ""in_correct_direction""], [""Onsite_instruction"", ""uses"", ""simple_manual""], [""Simple_manual"", ""results_in"", ""high_success_rate""], [""Laypersons"", ""demonstrate"", ""basic_procedural_understanding""], [""Laypersons"", ""demonstrate"", ""intellectual_transfer""], [""Operating_errors"", ""occurred"", ""91_times""], [""Operating_errors"", ""not_recognized"", ""77_times""], [""Improvements_in_labeling"", ""can_reduce"", ""individual_error""], [""Improvements_in_instructional_photographs"", ""can_optimize"", ""understanding""]]","[[""Patients_with_AC"", ""more_likely_to_undergo"", ""successful_LC""], [""Successful_LC"", ""influenced_by"", ""surgeon_with_interest_in_laparoscopy""], [""Length_of_hospital_stay"", ""influenced_by"", ""patient_factors""], [""Patient_factors"", ""part_of"", ""multivariate_model""], [""Laparoscopy"", ""related_to"", ""LC""], [""Surgeon"", ""has_interest_in"", ""laparoscopy""], [""AC"", ""related_to"", ""LC""], [""LC"", ""abbreviated_as"", ""Laparoscopic_Cholecystectomy""], [""AC"", ""abbreviated_as"", ""Acute_Cholecystitis""]]",0.0,0.0,0.029100924730300903,0.0,0.0,0.39603051368811965,0.35642746231930766,0.31682441095049574,0.27722135958168376,0.23761830821287178,0.19801525684405982,0.15841220547524787,0.11880915410643592,0.0792061027376239,0.03960305136881195,0.0,0.30149946991467225,0.47737923616939204
300,"There was little evidence that people at high risk of falls received systematic falls risk assessment during rehabilitation. When a risk was identified, generally a strategy was implemented. However, failure to assess some risk factors might have limited fall prevention strategies offered. Failure to adequately address risks during hospitalization could contribute to falls post-discharge. Geriatr Gerontol Int 2016; 16: 570-576.","There was little evidence that people at high probability of falls received systematic falls risk assessment during rehabilitation. When a risk was identified, typically a strategy was implemented. limited fall prevention strategies offered were haved by failure to assess certain risk factors. Failure to adequately address risks during hospitalization could contribute to falls post-discharge. Geriatr Gerontol Int 2016; 16: 570-576.","[[""People"", ""at_high_risk_of_falls"", ""little_evidence""], [""Little_evidence"", ""of"", ""systematic_falls_risk_assessment""], [""Systematic_falls_risk_assessment"", ""during"", ""rehabilitation""], [""Risk"", ""identified"", ""None""], [""Strategy"", ""implemented"", ""None""], [""Failure"", ""to_assess"", ""risk_factors""], [""Failure"", ""limited"", ""fall_prevention_strategies""], [""Failure"", ""to_address"", ""risks""], [""Risks"", ""during"", ""hospitalization""], [""Failure"", ""contributed_to"", ""falls_post-discharge""], [""Geriatr_Gerontol_Int"", ""published_in"", ""2016""], [""Geriatr_Gerontol_Int"", ""volume"", ""16""], [""Geriatr_Gerontol_Int"", ""pages"", ""570-576""]]","[[""People"", ""at_high_probability_of_falls"", ""little_evidence""], [""Little_evidence"", ""of"", ""systematic_falls_risk_assessment""], [""Systematic_falls_risk_assessment"", ""during"", ""rehabilitation""], [""Risk"", ""identified"", ""None""], [""Strategy"", ""implemented"", ""None""], [""Failure"", ""to_assess"", ""certain_risk_factors""], [""Failure"", ""limited"", ""fall_prevention_strategies""], [""Failure"", ""to_address"", ""risks""], [""Risks"", ""during"", ""hospitalization""], [""Failure"", ""contributed_to"", ""falls_post-discharge""], [""Geriatr_Gerontol_Int"", ""published_in"", ""2016""], [""Geriatr_Gerontol_Int"", ""volume"", ""16""], [""Geriatr_Gerontol_Int"", ""pages"", ""570-576""]]",1.0,0.9758337736129761,0.9869534373283386,0.8921568627450981,1.0,0.9979782746841971,0.9981804472157774,0.9983826197473578,0.9985847922789379,0.9987869648105182,0.9989891373420985,0.9991913098736789,0.999393482405259,0.9995956549368394,0.9997978274684197,1.0,0.9902575067053407,0.9963179631158221
301,"There was little evidence that people at high risk of falls received systematic falls risk assessment during rehabilitation. When a risk was identified, generally a strategy was implemented. However, failure to assess some risk factors might have limited fall prevention strategies offered. Failure to adequately address risks during hospitalization could contribute to falls post-discharge. Geriatr Gerontol Int 2016; 16: 570-576.","There was little evidence that people at high risk of falls received systematic falls risk assessment during rehabilitation. When a risk was identified, generally a strategy was implemented. However, failure to assess some risk factors might have limited fall prevention strategies offered. Failure to adequately address risks during hospitalization could contribute to falls post-discharge. Geriatr Gerontol Int 2016; 7: 332-261.","[[""People_at_high_risk_of_falls"", ""received"", ""systematic_falls_risk_assessment""], [""Systematic_falls_risk_assessment"", ""occurred"", ""during_rehabilitation""], [""People_at_high_risk_of_falls"", ""received"", ""little_evidence""], [""Risk"", ""identified"", ""True""], [""Strategy"", ""implemented"", ""generally""], [""Risk_factors"", ""assessed"", ""some""], [""Failure_to_assess_risk_factors"", ""limited"", ""fall_prevention_strategies""], [""Failure_to_address_risks"", ""contributed_to"", ""falls_post-discharge""], [""Hospitalization"", ""failed_to_address"", ""risks""], [""Geriatr_Gerontol_Int"", ""published"", ""2016""], [""Geriatr_Gerontol_Int"", ""volume"", ""16""], [""Geriatr_Gerontol_Int"", ""pages"", ""570-576""]]","[[""People_at_high_risk_of_falls"", ""received"", ""systematic_falls_risk_assessment""], [""Systematic_falls_risk_assessment"", ""occurred"", ""during_rehabilitation""], [""People_at_high_risk_of_falls"", ""received"", ""little_evidence""], [""Risk"", ""identified"", ""True""], [""Strategy"", ""implemented"", ""generally""], [""Risk_factors"", ""assessed"", ""some""], [""Failure_to_assess_risk_factors"", ""limited"", ""fall_prevention_strategies""], [""Failure_to_address_risks"", ""contributed_to"", ""falls_post-discharge""], [""Hospitalization"", ""failed_to_address"", ""risks""], [""Geriatr_Gerontol_Int"", ""published"", ""2016""], [""Geriatr_Gerontol_Int"", ""volume"", ""7""], [""Geriatr_Gerontol_Int"", ""pages"", ""332-261""]]",0.7976190476190477,0.97673100233078,0.9781940579414368,0.8583333333333333,0.8583333333333333,0.99889793358443,0.9848414735593204,0.9707850135342107,0.9567285535091009,0.9426720934839914,0.9286156334588817,0.9145591734337719,0.9005027134086623,0.8864462533835527,0.8723897933584429,0.8583333333333333,0.981313749256647,0.9955270063381666
302,"There was little evidence that people at high risk of falls received systematic falls risk assessment during rehabilitation. When a risk was identified, generally a strategy was implemented. However, failure to assess some risk factors might have limited fall prevention strategies offered. Failure to adequately address risks during hospitalization could contribute to falls post-discharge. Geriatr Gerontol Int 2016; 16: 570-576.","There was little evidence that people at high risk of falls received systematic falls risk assessment during rehabilitation. When a risk was identified, generally a strategy was implemented. However, limited fall prevention strategies offered might have failure to assess some risk factors. Failure to adequately address risks during hospitalization could contribute to falls post-discharge. Geriatr Gerontol Int 2016; 16: 570-576.","[[""People"", ""at_high_risk_of_falls"", ""True""], [""People"", ""received"", ""systematic_falls_risk_assessment""], [""Systematic_falls_risk_assessment"", ""done_during"", ""rehabilitation""], [""Risk"", ""identified"", ""True""], [""Strategy"", ""implemented"", ""True""], [""Risk_factors"", ""assessed"", ""False""], [""Fall_prevention_strategies"", ""offered"", ""True""], [""Failure"", ""to_address_risks"", ""True""], [""Failure"", ""to_address_risks"", ""during_hospitalization""], [""Failure"", ""contributes_to"", ""falls_post-discharge""], [""Geriatr_Gerontol_Int"", ""published_in"", ""2016""], [""Geriatr_Gerontol_Int"", ""volume"", ""16""], [""Geriatr_Gerontol_Int"", ""pages"", ""570-576""]]","[[""People"", ""at_high_risk_of_falls"", ""True""], [""People"", ""received"", ""systematic_falls_risk_assessment""], [""Systematic_falls_risk_assessment"", ""done_during"", ""rehabilitation""], [""Risk"", ""identified"", ""True""], [""Strategy"", ""implemented"", ""True""], [""Risk_factors"", ""assessed"", ""False""], [""Fall_prevention_strategies"", ""offered"", ""True""], [""Failure"", ""to_assess_risk_factors"", ""True""], [""Failure"", ""to_address_risks"", ""True""], [""Failure"", ""to_address_risks"", ""during_hospitalization""], [""Failure"", ""contributes_to"", ""falls_post-discharge""], [""Geriatr_Gerontol_Int"", ""published_in"", ""2016""], [""Geriatr_Gerontol_Int"", ""volume"", ""16""], [""Geriatr_Gerontol_Int"", ""pages"", ""570-576""]]",1.0,1.0,1.0,1.0,1.0,0.9999998917297668,0.99999990255679,0.9999999133838136,0.9999999242108366,0.9999999350378601,0.9999999458648834,0.9999999566919067,0.99999996751893,0.9999999783459533,0.9999999891729767,1.0,1.0,0.9999999836364564
303,"There was little evidence that people at high risk of falls received systematic falls risk assessment during rehabilitation. When a risk was identified, generally a strategy was implemented. However, failure to assess some risk factors might have limited fall prevention strategies offered. Failure to adequately address risks during hospitalization could contribute to falls post-discharge. Geriatr Gerontol Int 2016; 16: 570-576.","The analyses show that structural characteristics of a practice are not associated with uptake of a new IT facility, but that its use may be influenced by post-graduate education in the relevant clinical condition. For this diabetes system at least, practice nurse use was critical in spreading uptake beyond initial GP enthusiasts and for sustained and rising use in subsequent years.","[[""People_at_high_risk_of_falls"", ""received"", ""little_evidence""], [""Little_evidence"", ""of"", ""systematic_falls_risk_assessment""], [""Systematic_falls_risk_assessment"", ""during"", ""rehabilitation""], [""Risk"", ""identified"", ""during_rehabilitation""], [""Strategy"", ""implemented"", ""when_risk_identified""], [""Failure_to_assess_risk_factors"", ""limited"", ""fall_prevention_strategies""], [""Failure_to_address_risks"", ""contribute_to"", ""falls_post-discharge""], [""Falls_post-discharge"", ""occur"", ""after_hospitalization""], [""Geriatr_Gerontol_Int"", ""published_in"", ""2016""], [""Geriatr_Gerontol_Int"", ""volume"", ""16""], [""Geriatr_Gerontol_Int"", ""pages"", ""570-576""]]","[[""Analyses"", ""show"", ""structural_characteristics""], [""Structural_characteristics"", ""not_associated_with"", ""uptake_of_new_IT_facility""], [""Uptake_of_new_IT_facility"", ""influenced_by"", ""post-graduate_education""], [""Post-graduate_education"", ""in"", ""relevant_clinical_condition""], [""Diabetes_system"", ""used"", ""by_practice_nurse""], [""Practice_nurse"", ""critical_in"", ""spreading_uptake""], [""Uptake"", ""beyond"", ""initial_GP_enthusiasts""], [""Practice_nurse"", ""contributed_to"", ""sustained_and_rising_use""], [""Sustained_and_rising_use"", ""in"", ""subsequent_years""]]",0.0,0.0,0.014494046568870544,0.0,0.0,0.5064088442204403,0.4557679597983963,0.4051270753763523,0.35448619095430817,0.30384530653226416,0.25320442211022015,0.20256353768817614,0.1519226532661321,0.10128176884408804,0.05064088442204402,0.0,0.383015345426411,0.6700992766522385
304,"PET data show that amoxapine's profile is very similar to that of the established atypical antipsychotics. These data, together with amoxapine's in vitro pharmacologic profile, effectiveness in animal models, and efficacy in psychotic depression raise the possibility of amoxapine as an ""atypical"" antipsychotic agent in the treatment of schizophrenia.","PET evidence demonstrate that amoxapine's profile is very comparable to that of the established atypical antipsychotics. the possibility of amoxapine as an ""atypical"" antipsychotic agent in the therapy of schizophrenia was raised by These data, together with amoxapine's in vitro pharmacologic profile, effectiveness in animal models, and.","[[""PET_data"", ""show"", ""amoxapine_profile""], [""amoxapine_profile"", ""is_similar_to"", ""established_atypical_antipsychotics""], [""amoxapine"", ""has"", ""in_vitro_pharmacologic_profile""], [""amoxapine"", ""is_effective_in"", ""animal_models""], [""amoxapine"", ""has"", ""efficacy_in_psychotic_depression""], [""amoxapine"", ""may_be"", ""atypical_antipsychotic_agent""], [""atypical_antipsychotic_agent"", ""is_used_in"", ""treatment_of_schizophrenia""]]","[[""PET_evidence"", ""demonstrate"", ""amoxapine_profile""], [""amoxapine_profile"", ""is_comparable_to"", ""established_atypical_antipsychotics""], [""amoxapine"", ""has"", ""in_vitro_pharmacologic_profile""], [""amoxapine"", ""is_effective_in"", ""animal_models""], [""amoxapine"", ""may_be"", ""atypical_antipsychotic_agent""], [""atypical_antipsychotic_agent"", ""is_used_in"", ""therapy_of_schizophrenia""]]",0.75,0.7614651918411255,0.798431396484375,0.510688230856951,0.8705695917854093,0.9950956075543722,0.982643005977476,0.9701904044005797,0.9577378028236834,0.9452852012467869,0.9328325996698907,0.9203799980929945,0.9079273965160981,0.8954747949392019,0.8830221933623055,0.8705695917854093,0.9591320755873716,0.9620317941057914
305,"PET data show that amoxapine's profile is very similar to that of the established atypical antipsychotics. These data, together with amoxapine's in vitro pharmacologic profile, effectiveness in animal models, and efficacy in psychotic depression raise the possibility of amoxapine as an ""atypical"" antipsychotic agent in the treatment of schizophrenia.","CLM data show that amoxapine's profile is very similar to that of the established atypical antipsychotics. These data, together with amoxapine's in vitro pharmacologic profile, effectiveness in animal models, and efficacy in psychotic depression raise the possibility of amoxapine as an ""atypical"" antipsychotic agent in the treatment of schizophrenia.","[[""PET_data"", ""show"", ""amoxapine_profile""], [""amoxapine_profile"", ""similar_to"", ""established_atypical_antipsychotics""], [""amoxapine"", ""has"", ""in_vitro_pharmacologic_profile""], [""amoxapine"", ""effective_in"", ""animal_models""], [""amoxapine"", ""effective_in"", ""psychotic_depression""], [""amoxapine"", ""possible_atypical_antipsychotic_agent"", ""schizophrenia_treatment""]]","[[""CLM_data"", ""show"", ""amoxapine_profile""], [""amoxapine_profile"", ""similar_to"", ""established_atypical_antipsychotics""], [""amoxapine"", ""has"", ""in_vitro_pharmacologic_profile""], [""amoxapine"", ""effective_in"", ""animal_models""], [""amoxapine"", ""effective_in"", ""psychotic_depression""], [""amoxapine"", ""possible_atypical_antipsychotic_agent"", ""schizophrenia_treatment""]]",0.8333333333333334,0.9481737017631531,0.940329909324646,0.875,0.875,0.9937871666966387,0.9819084500269749,0.970029733357311,0.958151016687647,0.9462723000179831,0.9343935833483193,0.9225148666786556,0.9106361500089916,0.8987574333393278,0.8868787166696638,0.875,0.9626843386909414,0.9830702218421881
306,"PET data show that amoxapine's profile is very similar to that of the established atypical antipsychotics. These data, together with amoxapine's in vitro pharmacologic profile, effectiveness in animal models, and efficacy in psychotic depression raise the possibility of amoxapine as an ""atypical"" antipsychotic agent in the treatment of schizophrenia.","PET data show that amoxapine's profile is very similar to that of the established atypical antipsychotics. the possibility of amoxapine as an ""atypical"" antipsychotic agent in the treatment of schizophrenia efficacy in psychotic depression raise These data, together with amoxapine's in vitro pharmacologic profile, effectiveness in animal models, and.","[[""PET_data"", ""show"", ""amoxapine_profile""], [""amoxapine_profile"", ""is_similar_to"", ""established_atypical_antipsychotics""], [""amoxapine"", ""has"", ""in_vitro_pharmacologic_profile""], [""amoxapine"", ""is_effective_in"", ""animal_models""], [""amoxapine"", ""has_efficacy_in"", ""psychotic_depression""], [""amoxapine"", ""could_be"", ""atypical_antipsychotic_agent""], [""atypical_antipsychotic_agent"", ""treats"", ""schizophrenia""]]","[[""PET_data"", ""show"", ""amoxapine_profile""], [""amoxapine_profile"", ""is_similar_to"", ""established_atypical_antipsychotics""], [""amoxapine"", ""has"", ""in_vitro_pharmacologic_profile""], [""amoxapine"", ""is_effective_in"", ""animal_models""], [""amoxapine"", ""has_efficacy_in"", ""psychotic_depression""], [""amoxapine"", ""could_be"", ""atypical_antipsychotic_agent""], [""atypical_antipsychotic_agent"", ""treats"", ""schizophrenia""]]",1.0,1.0,0.9999999403953552,1.0,1.0,1.0,1.0,1.0,1.0,1.0,1.0,1.0,1.0,1.0,1.0,1.0,1.0,0.999999985811751
307,"PET data show that amoxapine's profile is very similar to that of the established atypical antipsychotics. These data, together with amoxapine's in vitro pharmacologic profile, effectiveness in animal models, and efficacy in psychotic depression raise the possibility of amoxapine as an ""atypical"" antipsychotic agent in the treatment of schizophrenia.",There was considerable impact at many levels; graduates were perceived to be able to contribute significantly to their workplaces and often had influence at the national level. Much of the impact described was in line with public health educational aims. The qualitative method study revealed more in-depth understanding of graduates' impact as well as their career pathways.,"[[""PET_data"", ""show"", ""amoxapine_profile""], [""amoxapine_profile"", ""similar_to"", ""established_atypical_antipsychotics_profile""], [""amoxapine"", ""has"", ""in_vitro_pharmacologic_profile""], [""amoxapine"", ""effective_in"", ""animal_models""], [""amoxapine"", ""effective_in"", ""psychotic_depression""], [""amoxapine"", ""potential_atypical_antipsychotic_agent"", ""schizophrenia_treatment""], [""amoxapine"", ""considered_as"", ""atypical_antipsychotic_agent""]]","[[""graduates"", ""perceived_to_contribute"", ""workplaces""], [""graduates"", ""have_influence"", ""national_level""], [""impact"", ""described"", ""public_health_educational_aims""], [""qualitative_method_study"", ""revealed"", ""graduates_impact""], [""qualitative_method_study"", ""revealed"", ""graduates_career_pathways""], [""graduates"", ""have"", ""career_pathways""]]",0.0,0.0,0.0,0.0,0.0,0.1304654630577548,0.11741891675197932,0.10437237044620384,0.09132582414042836,0.07827927783465288,0.0652327315288774,0.05218618522310192,0.03913963891732645,0.026093092611550954,0.013046546305775477,0.0,0.20131916552188509,0.20900538351945347
308,"The present survey showed a weak relationship between serum ACE and the frequency of SH, the clinical relevance of which is unclear. This limits the proposed role for serum ACE as an index of risk for SH.","The present survey showed a watery kinship between serum ACE and the frequence of SH, the medical relevancy of which is unclear. This limits the proposed function for serum ACE as an indicant of hazard for SH.","[[""serum_angiotensin-converting_enzyme"", ""related_to"", ""frequency_of_severe_hypoglycaemia""], [""serum_angiotensin-converting_enzyme"", ""relationship_with"", ""frequency_of_severe_hypoglycaemia""], [""relationship_between_serum_angiotensin-converting_enzyme_and_frequency_of_severe_hypoglycaemia"", ""described_as"", ""weak""], [""serum_angiotensin-converting_enzyme"", ""proposed_as"", ""index_of_risk_for_severe_hypoglycaemia""], [""proposed_role_of_serum_angiotensin-converting_enzyme"", ""limited_by"", ""unclear_clinical_relevance""]]","[[""serum_angiotensin-converting_enzyme"", ""related_to"", ""frequency_of_severe_hypoglycaemia""], [""serum_angiotensin-converting_enzyme"", ""kinship_with"", ""frequency_of_severe_hypoglycaemia""], [""kinship_between_serum_angiotensin-converting_enzyme_and_frequency_of_severe_hypoglycaemia"", ""described_as"", ""watery""], [""serum_angiotensin-converting_enzyme"", ""proposed_as"", ""indicant_of_hazard_for_severe_hypoglycaemia""], [""proposed_function_of_serum_angiotensin-converting_enzyme"", ""limited_by"", ""unclear_medical_relevancy""]]",0.4330127018922193,0.0,0.11329447478055954,0.16666666666666666,0.6233022919309994,0.9852709089355524,0.949074047235097,0.9128771855346418,0.8766803238341865,0.8404834621337312,0.8042866004332758,0.7680897387328206,0.7318928770323654,0.69569601533191,0.6594991536314547,0.6233022919309994,0.905592359206336,0.9148363830763998
309,"The present survey showed a weak relationship between serum ACE and the frequency of SH, the clinical relevance of which is unclear. This limits the proposed role for serum ACE as an index of risk for SH.","The present survey showed a weak relationship between serum TNM and the frequency of SH, the clinical relevance of which is unclear. This limits the proposed role for serum ACE as an index of risk for SH.","[[""serum_angiotensin-converting_enzyme"", ""has_weak_relationship_with"", ""frequency_of_severe_hypoglycaemia""], [""weak_relationship_between_serum_angiotensin-converting_enzyme_and_frequency_of_severe_hypoglycaemia"", ""has"", ""unclear_clinical_relevance""], [""serum_angiotensin-converting_enzyme"", ""limits_proposed_role_as"", ""index_of_risk_for_severe_hypoglycaemia""]]","[[""serum_TNM"", ""has_weak_relationship_with"", ""frequency_of_severe_hypoglycaemia""], [""weak_relationship_between_serum_TNM_and_frequency_of_severe_hypoglycaemia"", ""has"", ""unclear_clinical_relevance""], [""serum_angiotensin-converting_enzyme"", ""limits_proposed_role_as"", ""index_of_risk_for_severe_hypoglycaemia""]]",0.2041241452319315,0.6970164775848389,0.8813530802726746,0.5781515884776753,0.595879571531124,0.9767616047471944,0.9386734014255874,0.9005851981039803,0.8624969947823733,0.8244087914607663,0.7863205881391593,0.7482323848175522,0.7101441814959452,0.672055978174338,0.633967774852731,0.595879571531124,0.8841160249062288,0.9302763159473595
310,"The present survey showed a weak relationship between serum ACE and the frequency of SH, the clinical relevance of which is unclear. This limits the proposed role for serum ACE as an index of risk for SH.","a weak relationship between serum ACE and the frequency of SH, showed The present survey the clinical relevance of which is unclear. This limits the proposed role for serum ACE as an index of risk for SH.","[[""serum_angiotensin-converting_enzyme"", ""weak_relationship_with"", ""frequency_of_severe_hypoglycaemia""], [""relationship"", ""has"", ""unclear_clinical_relevance""], [""serum_angiotensin-converting_enzyme"", ""limits_proposed_role_as"", ""index_of_risk_for_severe_hypoglycaemia""], [""present_survey"", ""showed"", ""weak_relationship""]]","[[""serum_angiotensin-converting_enzyme"", ""weak_relationship_with"", ""frequency_of_severe_hypoglycaemia""], [""relationship"", ""has"", ""unclear_clinical_relevance""], [""serum_angiotensin-converting_enzyme"", ""limits_proposed_role_as"", ""index_of_risk_for_severe_hypoglycaemia""], [""present_survey"", ""showed"", ""weak_relationship""]]",1.0,1.0,0.9999999403953552,1.0,1.0,1.0,1.0,1.0,1.0,1.0,1.0,1.0,1.0,1.0,1.0,1.0,1.0,0.999999985167126
311,"The present survey showed a weak relationship between serum ACE and the frequency of SH, the clinical relevance of which is unclear. This limits the proposed role for serum ACE as an index of risk for SH.",Our investigation did not undoubtedly prove that significant changes of fetal biometric parameters occurred in the last three decades. It is possible that secular growth acceleration does not exist in prenatal period but also the observed time period could have been short for this phenomenon to manifest.,"[[""serum_angiotensin-converting_enzyme"", ""relationship_with"", ""frequency_of_severe_hypoglycaemia""], [""relationship"", ""described_as"", ""weak""], [""serum_angiotensin-converting_enzyme"", ""proposed_role"", ""index_of_risk_for_severe_hypoglycaemia""], [""proposed_role"", ""limited_by"", ""clinical_relevance""], [""clinical_relevance"", ""described_as"", ""unclear""], [""severe_hypoglycaemia"", ""abbreviation"", ""SH""], [""angiotensin-converting_enzyme"", ""abbreviation"", ""ACE""]]","[[""investigation"", ""found"", ""no_significant_changes_of_fetal_biometric_parameters""], [""fetal_biometric_parameters"", ""examined_over"", ""last_three_decades""], [""secular_growth_acceleration"", ""existence_in_prenatal_period"", ""unclear""], [""observed_time_period"", ""possible_limitation"", ""short_duration""], [""secular_growth_acceleration"", ""relationship_with"", ""prenatal_period""], [""investigation"", ""outcome"", ""no_proof_of_secular_growth_acceleration""]]",0.0,0.0,0.12017893046140671,0.09128709291752769,0.0,0.3264336141087313,0.2937902526978582,0.26114689128698504,0.2285035298761119,0.19586016846523877,0.16321680705436564,0.13057344564349252,0.0979300842326194,0.06528672282174625,0.03264336141087312,0.0,0.2758994161196414,0.6330864424147186
312,"Urinary biomarkers allow a non-invasive, sensitive, early assessment of the tubular lesions of the SK. Urinary biomarkers of PT injury parallel renal function decline, thus complementing the estimation of GFR. Monitoring of PT dysfunction is mandatory in patients with SK.","a non-invasive, sensitive, early assessment of the tubular lesions of the SK was allowed by Urinary biomarkers. Urinary biomarkers of PT injury parallel renal function decline, thus complementing the estimation of GFR. Monitoring of PT dysfunction is mandatory in individuals with SK.","[[""Urinary_Biomarkers"", ""allow"", ""non-invasive_assessment""], [""Urinary_Biomarkers"", ""allow"", ""sensitive_assessment""], [""Urinary_Biomarkers"", ""allow"", ""early_assessment""], [""Urinary_Biomarkers"", ""assess"", ""Tubular_Lesions""], [""Tubular_Lesions"", ""located_in"", ""Solitary_Kidney""], [""Urinary_Biomarkers"", ""parallel"", ""Renal_Function_Decline""], [""Urinary_Biomarkers"", ""complement"", ""Estimation_of_GFR""], [""PT_Injury"", ""monitored_in"", ""Patients_with_Solitary_Kidney""], [""PT_Dysfunction"", ""monitored_in"", ""Patients_with_Solitary_Kidney""]]","[[""Urinary_Biomarkers"", ""allow"", ""non-invasive_assessment""], [""Urinary_Biomarkers"", ""allow"", ""sensitive_assessment""], [""Urinary_Biomarkers"", ""allow"", ""early_assessment""], [""Urinary_Biomarkers"", ""assess"", ""Tubular_Lesions""], [""Tubular_Lesions"", ""located_in"", ""Solitary_Kidney""], [""Urinary_Biomarkers"", ""parallel"", ""Renal_Function_Decline""], [""Urinary_Biomarkers"", ""complement"", ""Estimation_of_GFR""], [""PT_Injury"", ""monitored_in"", ""Individuals_with_Solitary_Kidney""], [""PT_Dysfunction"", ""monitored_in"", ""Individuals_with_Solitary_Kidney""]]",1.0,0.9642059206962585,0.9815747737884521,0.8333333333333334,1.0,0.998863614807546,0.9989772533267914,0.9990908918460368,0.9992045303652821,0.9993181688845276,0.999431807403773,0.9995454459230184,0.9996590844422638,0.9997727229615092,0.9998863614807546,1.0,0.9964190896737819,0.9919336434068713
313,"Urinary biomarkers allow a non-invasive, sensitive, early assessment of the tubular lesions of the SK. Urinary biomarkers of PT injury parallel renal function decline, thus complementing the estimation of GFR. Monitoring of PT dysfunction is mandatory in patients with SK.","Urinary biomarkers allow a non-invasive, sensitive, early assessment of the tubular lesions of the SK. Urinary biomarkers of PT injury parallel renal function decline, thus complementing the estimation of BDD. Monitoring of PT dysfunction is mandatory in patients with SK.","[[""urinary_biomarkers"", ""allow"", ""non-invasive_assessment""], [""urinary_biomarkers"", ""used_for"", ""early_assessment""], [""urinary_biomarkers"", ""used_for"", ""sensitive_assessment""], [""urinary_biomarkers"", ""assess"", ""tubular_lesions""], [""tubular_lesions"", ""located_in"", ""solitary_kidney""], [""urinary_biomarkers_of_PT_injury"", ""parallel"", ""renal_function_decline""], [""renal_function_decline"", ""estimated_by"", ""GFR""], [""urinary_biomarkers_of_PT_injury"", ""complement"", ""estimation_of_GFR""], [""PT_dysfunction"", ""monitored_in"", ""patients_with_SK""], [""patients_with_SK"", ""have"", ""solitary_kidney""]]","[[""urinary_biomarkers"", ""allow"", ""non-invasive_assessment""], [""urinary_biomarkers"", ""used_for"", ""early_assessment""], [""urinary_biomarkers"", ""used_for"", ""sensitive_assessment""], [""urinary_biomarkers"", ""assess"", ""tubular_lesions""], [""tubular_lesions"", ""located_in"", ""solitary_kidney""], [""urinary_biomarkers_of_PT_injury"", ""parallel"", ""renal_function_decline""], [""renal_function_decline"", ""estimated_by"", ""BDD""], [""urinary_biomarkers_of_PT_injury"", ""complement"", ""estimation_of_BDD""], [""PT_dysfunction"", ""monitored_in"", ""patients_with_SK""], [""patients_with_SK"", ""have"", ""solitary_kidney""]]",0.7333333333333333,0.977437436580658,0.9409899115562439,0.6944444444444444,0.6944444444444444,0.9892912699647171,0.9598065874126898,0.9303219048606626,0.9008372223086352,0.871352539756608,0.8418678572045808,0.8123831746525535,0.7828984921005262,0.753413809548499,0.7239291269964717,0.6944444444444444,0.9605745173476596,0.9740236177628862
314,"Urinary biomarkers allow a non-invasive, sensitive, early assessment of the tubular lesions of the SK. Urinary biomarkers of PT injury parallel renal function decline, thus complementing the estimation of GFR. Monitoring of PT dysfunction is mandatory in patients with SK.","a non-invasive, sensitive, early assessment of the tubular lesions of the SK allow Urinary biomarkers. Urinary biomarkers of PT injury parallel renal function decline, thus complementing the estimation of GFR. Monitoring of PT dysfunction is mandatory in patients with SK.","[[""Urinary_Biomarkers"", ""allow"", ""non-invasive_assessment""], [""Urinary_Biomarkers"", ""used_for"", ""early_assessment""], [""Urinary_Biomarkers"", ""used_for"", ""sensitive_assessment""], [""Urinary_Biomarkers"", ""assess"", ""Tubular_Lesions""], [""Tubular_Lesions"", ""part_of"", ""Solitary_Kidney""], [""Urinary_Biomarkers_of_PT_Injury"", ""parallel"", ""Renal_Function_Decline""], [""Renal_Function_Decline"", ""related_to"", ""GFR""], [""Urinary_Biomarkers_of_PT_Injury"", ""complement"", ""estimation_of_GFR""], [""Monitoring_of_PT_Dysfunction"", ""mandatory_in"", ""Patients_with_Solitary_Kidney""]]","[[""Urinary_Biomarkers"", ""allow"", ""non-invasive_assessment""], [""Urinary_Biomarkers"", ""used_for"", ""early_assessment""], [""Urinary_Biomarkers"", ""used_for"", ""sensitive_assessment""], [""Urinary_Biomarkers"", ""assess"", ""Tubular_Lesions""], [""Tubular_Lesions"", ""part_of"", ""Solitary_Kidney""], [""Urinary_Biomarkers_of_PT_Injury"", ""parallel"", ""Renal_Function_Decline""], [""Renal_Function_Decline"", ""related_to"", ""GFR""], [""Urinary_Biomarkers_of_PT_Injury"", ""complement"", ""estimation_of_GFR""], [""Monitoring_of_PT_Dysfunction"", ""mandatory_in"", ""Patients_with_Solitary_Kidney""]]",1.0,1.0,0.9999999403953552,1.0,1.0,0.9999999982144275,0.9999999983929848,0.999999998571542,0.9999999987500992,0.9999999989286565,0.9999999991072137,0.999999999285771,0.9999999994643283,0.9999999996428854,0.9999999998214427,1.0,0.9999999932116932,0.9999999864663744
315,"Urinary biomarkers allow a non-invasive, sensitive, early assessment of the tubular lesions of the SK. Urinary biomarkers of PT injury parallel renal function decline, thus complementing the estimation of GFR. Monitoring of PT dysfunction is mandatory in patients with SK.","The ANN with its intrinsic ability to detect non-linear correlation, and to relate specific item patterns to LOS, outperformed linear statistics but was still disappointing in estimating individual LOS. It might be speculated that therapeutic intervention modulates the natural course of the disease thus counteracting both disease severity as initially scored by PRISM, and LOS. This being true, the inverse of the correlation between PRISM (or PRISM based LOS estimate) and LOS might be a candidate indicator of quality of care.","[[""urinary_biomarkers"", ""allow"", ""non-invasive_assessment""], [""urinary_biomarkers"", ""used_for"", ""early_assessment""], [""urinary_biomarkers"", ""used_for"", ""sensitive_assessment""], [""tubular_lesions"", ""associated_with"", ""solitary_kidney""], [""urinary_biomarkers"", ""monitor"", ""PT_injury""], [""PT_injury"", ""related_to"", ""renal_function_decline""], [""renal_function_decline"", ""estimated_by"", ""GFR""], [""PT_dysfunction"", ""monitored_in"", ""patients_with_solitary_kidney""]]","[[""ANN"", ""detects"", ""non-linear_correlation""], [""ANN"", ""relates"", ""item_patterns_to_LOS""], [""ANN"", ""outperformed"", ""linear_statistics""], [""ANN"", ""disappointing_in"", ""estimating_individual_LOS""], [""therapeutic_intervention"", ""modulates"", ""disease_course""], [""disease_course"", ""affected_by"", ""disease_severity""], [""disease_severity"", ""scored_by"", ""PRISM""], [""PRISM"", ""related_to"", ""LOS""], [""LOS"", ""estimated_by"", ""PRISM_based_LOS_estimate""], [""PRISM"", ""used_for"", ""LOS_estimate""], [""correlation_between_PRISM_and_LOS"", ""inverse"", ""quality_of_care""]]",0.0,0.0,0.0,0.0,0.0,0.4844763250235451,0.4360286925211906,0.3875810600188361,0.33913342751648157,0.29068579501412706,0.24223816251177255,0.19379053000941804,0.14534289750706356,0.09689526500470899,0.048447632502354496,0.0,0.3732935139639403,0.5808241488936926
316,"Under the conditions of this study, preclerkship (year 2) CPEs strongly predicted medical students at risk for failing a senior CPE. This finding opens the opportunity for remediation of deficits prior to or during clerkships.","Under the status of this probe, preclerkship (year 2) CPEs strongly predicted aesculapian students at chance for failing a senior CPE. This finding opens the opportunity for remediation of deficits prior to or during clerkships.","[[""preclerkship_CPEs"", ""strongly_predicted"", ""medical_students_at_risk""], [""medical_students_at_risk"", ""at_risk_for"", ""failing_senior_CPE""], [""finding"", ""opens_opportunity_for"", ""remediation_of_deficits""], [""remediation_of_deficits"", ""occurs"", ""prior_to_or_during_clerkships""], [""preclerkship_CPEs"", ""occurs_in"", ""year_2""]]","[[""probe"", ""status_of"", ""preclerkship_CPEs""], [""preclerkship_CPEs"", ""strongly_predicted"", ""aesculapian_students_at_chance""], [""aesculapian_students_at_chance"", ""at_chance_for"", ""failing_senior_CPE""], [""finding"", ""opens_opportunity_for"", ""remediation_of_deficits""], [""remediation_of_deficits"", ""occurs"", ""prior_to_or_during_clerkships""], [""preclerkship_CPEs"", ""occurs_in"", ""year_2""], [""aesculapian_students"", ""synonym_for"", ""medical_students""]]",0.7380952380952381,0.4832494556903839,0.7430079579353333,0.6175347814894367,0.7380952380952381,0.9453393569939788,0.9246149451041047,0.9038905332142307,0.8831661213243565,0.8624417094344825,0.8417172975446084,0.8209928856547344,0.8002684737648604,0.7795440618749863,0.7588196499851122,0.7380952380952381,0.9203061221113709,0.9464356923488431
317,"Under the conditions of this study, preclerkship (year 2) CPEs strongly predicted medical students at risk for failing a senior CPE. This finding opens the opportunity for remediation of deficits prior to or during clerkships.","Under the conditions of this study, preclerkship (year 3) CPEs strongly predicted medical students at risk for failing a senior CPE. This finding opens the opportunity for remediation of deficits prior to or during clerkships.","[[""preclerkship_CPEs"", ""predict"", ""medical_students_at_risk""], [""medical_students_at_risk"", ""at_risk_for"", ""failing_senior_CPE""], [""finding"", ""opens_opportunity_for"", ""remediation_of_deficits""], [""remediation_of_deficits"", ""possible_during"", ""clerkships""], [""preclerkship_CPEs"", ""year"", ""year_2""]]","[[""preclerkship_CPEs"", ""predict"", ""medical_students_at_risk""], [""medical_students_at_risk"", ""at_risk_for"", ""failing_senior_CPE""], [""finding"", ""opens_opportunity_for"", ""remediation_of_deficits""], [""remediation_of_deficits"", ""possible_during"", ""clerkships""], [""preclerkship_CPEs"", ""year"", ""year_3""]]",1.0,0.960727334022522,0.9572466015815735,0.7380952380952381,1.0,0.9985931349521792,0.9987338214569612,0.9988745079617434,0.9990151944665253,0.9991558809713075,0.9992965674760896,0.9994372539808717,0.9995779404856537,0.9997186269904359,0.999859313495218,1.0,0.9872770733571498,0.9928805853283362
318,"Under the conditions of this study, preclerkship (year 2) CPEs strongly predicted medical students at risk for failing a senior CPE. This finding opens the opportunity for remediation of deficits prior to or during clerkships.","Under the conditions of this study, preclerkship (medical students strongly predicted year 2) CPEs at risk for failing a senior CPE. This finding opens the opportunity for remediation of deficits prior to or during clerkships.","[[""preclerkship_CPEs"", ""strongly_predicted"", ""medical_students_at_risk""], [""medical_students_at_risk"", ""at_risk_for"", ""failing_senior_CPE""], [""finding"", ""opens_opportunity_for"", ""remediation_of_deficits""], [""remediation_of_deficits"", ""occurs"", ""prior_to_or_during_clerkships""]]","[[""preclerkship_CPEs"", ""strongly_predicted"", ""medical_students_at_risk""], [""medical_students_at_risk"", ""at_risk_for"", ""failing_senior_CPE""], [""finding"", ""opens_opportunity_for"", ""remediation_of_deficits""], [""remediation_of_deficits"", ""occurs"", ""prior_to_or_during_clerkships""], [""medical_students"", ""in_year"", ""year_2""]]",1.0,0.7028581500053406,0.8677482604980469,0.8660254037844386,1.0,0.9999999984269851,0.9999999985842866,0.9999999987415882,0.9999999988988895,0.9999999990561911,0.9999999992134925,0.999999999370794,0.9999999995280955,0.999999999685397,0.9999999998426985,1.0,0.9999999284744192,0.9858463990572353
319,"Under the conditions of this study, preclerkship (year 2) CPEs strongly predicted medical students at risk for failing a senior CPE. This finding opens the opportunity for remediation of deficits prior to or during clerkships.","Although the cost-effectiveness of a single-pill strategy was within the acceptable willingness-to-pay threshold, the QALY difference were minimal. Further research is recommended to explore the long-term impact of the strategy.","[[""preclerkship_CPEs"", ""predicted"", ""medical_students_at_risk""], [""medical_students_at_risk"", ""at_risk_for"", ""failing_senior_CPE""], [""finding"", ""opens_opportunity_for"", ""remediation_of_deficits""], [""remediation_of_deficits"", ""occurs"", ""prior_to_or_during_clerkships""]]","[[""single-pill_strategy"", ""evaluated_for"", ""cost-effectiveness""], [""cost-effectiveness"", ""compared_to"", ""willingness-to-pay_threshold""], [""QALY_difference"", ""described_as"", ""minimal""], [""further_research"", ""recommended_to"", ""explore_long-term_impact""], [""long-term_impact"", ""related_to"", ""single-pill_strategy""]]",0.0,0.0,0.09268017113208771,0.0,0.0,0.47546363852754353,0.4279172746747892,0.38037091082203484,0.33282454696928043,0.2852781831165261,0.23773181926377177,0.19018545541101742,0.14263909155826307,0.09509272770550868,0.04754636385275434,0.0,0.3241352478093862,0.5182282022860187
320,"Tests combining total and percent free PSA show modest overall improvements over total PSA. However, utilization of percent free PSA below a PSA threshold of 4 ng/mL could translate into a practically important reduction in unnecessary biopsies without sacrificing cancers detected.","Tests combining total and percentage complimentary PSA demonstrate small overall improvements over entire PSA. However, utilization of percentage free PSA below a PSA limen of 4 ng/mL could translate into a practically substantial reduction in unnecessary biopsies without sacrificing cancers detected.","[[""tests"", ""combine"", ""total_PSA""], [""tests"", ""combine"", ""percent_free_PSA""], [""tests"", ""show"", ""modest_improvements""], [""modest_improvements"", ""over"", ""total_PSA""], [""percent_free_PSA"", ""used_below"", ""PSA_threshold""], [""PSA_threshold"", ""value"", ""4_ng/mL""], [""utilization"", ""of"", ""percent_free_PSA""], [""utilization"", ""translates_into"", ""reduction_in_unnecessary_biopsies""], [""reduction_in_unnecessary_biopsies"", ""without"", ""sacrificing_cancers_detected""]]","[[""tests"", ""combine"", ""total_PSA""], [""tests"", ""combine"", ""percentage_complimentary_PSA""], [""tests"", ""demonstrate"", ""small_improvements""], [""small_improvements"", ""over"", ""entire_PSA""], [""percentage_free_PSA"", ""used_below"", ""PSA_limen""], [""PSA_limen"", ""value"", ""4_ng/mL""], [""utilization"", ""of"", ""percentage_free_PSA""], [""utilization"", ""translates_into"", ""practically_substantial_reduction""], [""practically_substantial_reduction"", ""in"", ""unnecessary_biopsies""], [""practically_substantial_reduction"", ""without"", ""sacrificing_cancers_detected""]]",0.4829546044006792,0.29961326718330383,0.5546108484268188,0.24056261216234406,0.31252705510589024,0.9469032315588014,0.8834656139135103,0.8200279962682192,0.756590378622928,0.693152760977637,0.6297151433323458,0.5662775256870547,0.5028399080417636,0.4394022903964725,0.37596467275118134,0.31252705510589024,0.8801876921625187,0.8069224531819492
321,"Tests combining total and percent free PSA show modest overall improvements over total PSA. However, utilization of percent free PSA below a PSA threshold of 4 ng/mL could translate into a practically important reduction in unnecessary biopsies without sacrificing cancers detected.","Tests combining total and percent free PSA show modest overall improvements over total PSA. However, utilization of percent free PSA below a PSA threshold of 7 ng/mL could translate into a practically important reduction in unnecessary biopsies without sacrificing cancers detected.","[[""tests"", ""combine"", ""total_PSA""], [""tests"", ""combine"", ""percent_free_PSA""], [""tests"", ""show_improvement_over"", ""total_PSA""], [""percent_free_PSA"", ""used_below"", ""PSA_threshold_of_4_ng/mL""], [""utilization"", ""leads_to"", ""reduction_in_unnecessary_biopsies""], [""reduction_in_unnecessary_biopsies"", ""occurs_without"", ""sacrificing_cancers_detected""]]","[[""tests"", ""combine"", ""total_PSA""], [""tests"", ""combine"", ""percent_free_PSA""], [""tests"", ""show_improvement_over"", ""total_PSA""], [""percent_free_PSA"", ""used_below"", ""PSA_threshold_of_7_ng/mL""], [""utilization"", ""leads_to"", ""reduction_in_unnecessary_biopsies""], [""reduction_in_unnecessary_biopsies"", ""occurs_without"", ""sacrificing_cancers_detected""]]",1.0,0.9579046964645386,0.9339148998260498,0.6428571428571429,1.0,0.9991465813461822,0.999231923211564,0.9993172650769457,0.9994026069423274,0.9994879488077093,0.9995732906730911,0.9996586325384729,0.9997439744038547,0.9998293162692364,0.9999146581346182,1.0,0.9970869475426414,0.9903144478190258
322,"Tests combining total and percent free PSA show modest overall improvements over total PSA. However, utilization of percent free PSA below a PSA threshold of 4 ng/mL could translate into a practically important reduction in unnecessary biopsies without sacrificing cancers detected.","modest overall improvements over total PSA show Tests combining total and percent free PSA. However, utilization of percent free PSA below a PSA threshold of 4 ng/mL could translate into a practically important reduction in unnecessary biopsies without sacrificing cancers detected.","[[""tests"", ""combine"", ""total_PSA""], [""tests"", ""combine"", ""percent_free_PSA""], [""tests"", ""show"", ""modest_overall_improvements""], [""modest_overall_improvements"", ""over"", ""total_PSA""], [""utilization"", ""of"", ""percent_free_PSA""], [""percent_free_PSA"", ""below_threshold"", ""4_ng/mL""], [""utilization"", ""translates_into"", ""reduction_in_unnecessary_biopsies""], [""reduction_in_unnecessary_biopsies"", ""without_sacrificing"", ""cancers_detected""]]","[[""tests"", ""combine"", ""total_PSA""], [""tests"", ""combine"", ""percent_free_PSA""], [""tests"", ""show"", ""modest_overall_improvements""], [""modest_overall_improvements"", ""over"", ""total_PSA""], [""utilization"", ""of"", ""percent_free_PSA""], [""percent_free_PSA"", ""below_threshold"", ""4_ng/mL""], [""utilization"", ""translates_into"", ""reduction_in_unnecessary_biopsies""], [""reduction_in_unnecessary_biopsies"", ""without_sacrificing"", ""cancers_detected""]]",1.0,1.0,1.0,1.0,1.0,0.999999998208118,0.9999999983873062,0.9999999985664945,0.9999999987456825,0.9999999989248708,0.999999999104059,0.9999999992832472,0.9999999994624353,0.9999999996416236,0.9999999998208118,1.0,0.9999999880790711,0.9999999637532647
323,"Tests combining total and percent free PSA show modest overall improvements over total PSA. However, utilization of percent free PSA below a PSA threshold of 4 ng/mL could translate into a practically important reduction in unnecessary biopsies without sacrificing cancers detected.","The tidal volume delivered by a manual resuscitator shows large variations. There were significant differences in the volume delivered by compression methods, but physical characteristics are not a predictor of tidal volume delivery. The manual resuscitator is not a suitable device for accurate ventilation.","[[""total_PSA"", ""combined_with"", ""percent_free_PSA""], [""total_PSA"", ""compared_to"", ""percent_free_PSA""], [""percent_free_PSA"", ""used_for"", ""reduction_in_unnecessary_biopsies""], [""percent_free_PSA"", ""threshold"", ""4_ng/mL""], [""biopsies"", ""reduced_by"", ""percent_free_PSA""], [""cancers"", ""detected_by"", ""percent_free_PSA""], [""cancers"", ""detected_by"", ""total_PSA""]]","[[""manual_resuscitator"", ""delivers"", ""tidal_volume""], [""tidal_volume"", ""varies_by"", ""compression_methods""], [""compression_methods"", ""used_with"", ""manual_resuscitator""], [""physical_characteristics"", ""not_predictor_of"", ""tidal_volume_delivery""], [""manual_resuscitator"", ""not_suitable_for"", ""accurate_ventilation""]]",0.0,0.0,0.0,0.0,0.0,0.14727163143966335,0.13254446829569702,0.11781730515173068,0.10309014200776434,0.088362978863798,0.07363581571983167,0.05890865257586534,0.044181489431899014,0.029454326287932663,0.014727163143966332,0.0,0.24445583840991414,0.4602449084761358
324,"The survey shows significant dissatisfaction amongst consultant radiologists with the current service, confirms a low number of paediatric radiologists taking on this work, and suggests the potential to increase numbers of radiology child abuse experts by 27% if given improved training and support. Appropriate service and education strategies should be implemented.","The investigation shows substantial dissatisfaction amongst adviser radiologists with the current service, confirms a low number of paediatric radiologists taking on this work, and suggests the potential to elevate figure of radioscopy child abuse experts by 27% if given improved preparation and support. Appropriate service and instruction scheme should be implemented.","[[""survey"", ""shows"", ""dissatisfaction""], [""dissatisfaction"", ""amongst"", ""consultant_radiologists""], [""consultant_radiologists"", ""dissatisfied_with"", ""current_service""], [""current_service"", ""has"", ""low_number_of_paediatric_radiologists""], [""paediatric_radiologists"", ""take_on"", ""work""], [""work"", ""involves"", ""radiology_child_abuse_experts""], [""radiology_child_abuse_experts"", ""potential_to_increase"", ""27%""], [""increase"", ""depends_on"", ""improved_training_and_support""]]","[[""investigation"", ""shows"", ""dissatisfaction""], [""dissatisfaction"", ""amongst"", ""adviser_radiologists""], [""adviser_radiologists"", ""dissatisfied_with"", ""current_service""], [""current_service"", ""has"", ""low_number_of_paediatric_radiologists""], [""paediatric_radiologists"", ""take_on"", ""work""], [""work"", ""involves"", ""radioscopy_child_abuse_experts""], [""radioscopy_child_abuse_experts"", ""potential_to_elevate"", ""27%""], [""elevate"", ""depends_on"", ""improved_preparation_and_support""]]",0.8,0.45711326599121094,0.7454081773757935,0.3333333333333333,0.8181818181818182,0.951064713219386,0.9377764237156292,0.9244881342118726,0.9111998447081157,0.8979115552043588,0.8846232657006021,0.8713349761968454,0.8580466866930886,0.8447583971893318,0.831470107685575,0.8181818181818182,0.8984310251378331,0.7270699146082187
325,"The survey shows significant dissatisfaction amongst consultant radiologists with the current service, confirms a low number of paediatric radiologists taking on this work, and suggests the potential to increase numbers of radiology child abuse experts by 27% if given improved training and support. Appropriate service and education strategies should be implemented.","The survey shows significant dissatisfaction amongst consultant radiologists with the current service, confirms a low number of paediatric radiologists taking on this work, and suggests the potential to increase numbers of radiology child abuse experts by 38% if given improved training and support. Appropriate service and education strategies should be implemented.","[[""survey"", ""shows"", ""dissatisfaction""], [""dissatisfaction"", ""amongst"", ""consultant_radiologists""], [""consultant_radiologists"", ""dissatisfied_with"", ""current_service""], [""survey"", ""confirms"", ""low_number_of_paediatric_radiologists""], [""paediatric_radiologists"", ""take_on"", ""work""], [""survey"", ""suggests"", ""potential_to_increase""], [""potential_to_increase"", ""numbers_of"", ""radiology_child_abuse_experts""], [""radiology_child_abuse_experts"", ""increase_by"", ""27_percent""], [""increase"", ""given"", ""improved_training""], [""increase"", ""given"", ""support""], [""service_strategies"", ""should_be"", ""implemented""], [""education_strategies"", ""should_be"", ""implemented""]]","[[""survey"", ""shows"", ""dissatisfaction""], [""dissatisfaction"", ""amongst"", ""consultant_radiologists""], [""consultant_radiologists"", ""dissatisfied_with"", ""current_service""], [""survey"", ""confirms"", ""low_number_of_paediatric_radiologists""], [""paediatric_radiologists"", ""take_on"", ""work""], [""survey"", ""suggests"", ""potential_to_increase""], [""potential_to_increase"", ""numbers_of"", ""radiology_child_abuse_experts""], [""radiology_child_abuse_experts"", ""increase_by"", ""38_percent""], [""increase"", ""given"", ""improved_training""], [""increase"", ""given"", ""support""], [""service_strategies"", ""should_be"", ""implemented""], [""education_strategies"", ""should_be"", ""implemented""]]",1.0,0.9513165354728699,0.9864490032196045,0.8125,1.0,0.9989998531411529,0.9990998678270376,0.9991998825129225,0.999299897198807,0.9993999118846918,0.9994999265705764,0.9995999412564611,0.9996999559423458,0.9997999706282306,0.9998999853141153,1.0,0.9923262744238384,0.9990373239774384
326,"The survey shows significant dissatisfaction amongst consultant radiologists with the current service, confirms a low number of paediatric radiologists taking on this work, and suggests the potential to increase numbers of radiology child abuse experts by 27% if given improved training and support. Appropriate service and education strategies should be implemented.","significant dissatisfaction amongst consultant radiologists with the current service shows The survey, confirms a low number of paediatric radiologists taking on this work, and suggests the potential to increase numbers of radiology child abuse experts by 27% if given improved training and support. Appropriate service and education strategies should be implemented.","[[""survey"", ""shows"", ""dissatisfaction""], [""dissatisfaction"", ""amongst"", ""consultant_radiologists""], [""consultant_radiologists"", ""dissatisfied_with"", ""current_service""], [""survey"", ""confirms"", ""low_number_of_paediatric_radiologists""], [""paediatric_radiologists"", ""take_on"", ""work""], [""survey"", ""suggests"", ""potential_to_increase""], [""potential_to_increase"", ""related_to"", ""radiology_child_abuse_experts""], [""radiology_child_abuse_experts"", ""increase_by"", ""27%""], [""increase_by_27%"", ""depends_on"", ""improved_training_and_support""], [""improved_training_and_support"", ""should_be_given_to"", ""radiology_child_abuse_experts""]]","[[""survey"", ""shows"", ""dissatisfaction""], [""dissatisfaction"", ""amongst"", ""consultant_radiologists""], [""consultant_radiologists"", ""dissatisfied_with"", ""current_service""], [""survey"", ""confirms"", ""low_number_of_paediatric_radiologists""], [""paediatric_radiologists"", ""take_on"", ""work""], [""survey"", ""suggests"", ""potential_to_increase""], [""potential_to_increase"", ""related_to"", ""radiology_child_abuse_experts""], [""radiology_child_abuse_experts"", ""increase_by"", ""27%""], [""increase_by_27%"", ""depends_on"", ""improved_training_and_support""], [""improved_training_and_support"", ""should_be_given_to"", ""radiology_child_abuse_experts""]]",1.0,1.0,0.9999999403953552,1.0,1.0,0.9999999979765506,0.9999999981788955,0.9999999983812404,0.9999999985835855,0.9999999987859304,0.9999999989882753,0.9999999991906202,0.9999999993929651,0.9999999995953102,0.9999999997976551,1.0,0.9999999871850014,0.9999999864410174
327,"The survey shows significant dissatisfaction amongst consultant radiologists with the current service, confirms a low number of paediatric radiologists taking on this work, and suggests the potential to increase numbers of radiology child abuse experts by 27% if given improved training and support. Appropriate service and education strategies should be implemented.",This study showed that our residents did not always have a healthy lifestyle especially when it comes to physical activity and eating habits. They also lacked an adequate vaccination. Interventions should take place in order to promote healthy life style and to improve their vaccination status.,"[[""survey"", ""shows"", ""dissatisfaction""], [""dissatisfaction"", ""amongst"", ""consultant_radiologists""], [""consultant_radiologists"", ""dissatisfied_with"", ""current_service""], [""current_service"", ""has"", ""low_number_of_paediatric_radiologists""], [""paediatric_radiologists"", ""take_on"", ""work""], [""work"", ""involves"", ""radiology_child_abuse_experts""], [""radiology_child_abuse_experts"", ""can_increase_by"", ""27%""], [""increase"", ""depends_on"", ""improved_training_and_support""], [""improved_training_and_support"", ""should_be_given_to"", ""radiology_child_abuse_experts""]]","[[""study"", ""showed"", ""results""], [""results"", ""indicate"", ""unhealthy_lifestyle""], [""unhealthy_lifestyle"", ""amongst"", ""residents""], [""residents"", ""lack"", ""physical_activity""], [""residents"", ""have"", ""poor_eating_habits""], [""residents"", ""lack"", ""adequate_vaccination""], [""interventions"", ""aim_to"", ""promote_healthy_lifestyle""], [""interventions"", ""aim_to"", ""improve_vaccination_status""]]",0.0,0.0,0.0,0.0,0.0,0.4410242759634164,0.3969218483670748,0.35281942077073314,0.3087169931743915,0.26461456557804985,0.2205121379817082,0.17640971038536657,0.13230728278902495,0.08820485519268327,0.044102427596341635,0.0,0.36639908428188706,0.4719905853361026
328,"We found no evidence to support the use of AG routinely in IBS patients. Improvement of clinical response at 4-week follow-up may suggest a long-term effect of unknown mechanism, but could also be attributed to non-responder drop out. Gastrointestinal (GI) side effects may be a coincidence in this study, but irritation of GI tract by AG administration cannot be excluded.","We found no evidence to support the use of AG routinely in IBS individuals. Improvement of medical response at 4-week follow-up may indicate a long-term consequence of unknown mechanics, but could also be attributed to non-responder drop out. Gastrointestinal (GI) side consequence may be a happenstance in this survey, but irritation of GI parcel by AG disposal cannot be excluded.","[[""AG"", ""used_in"", ""IBS_patients""], [""No_evidence"", ""found_for"", ""routine_use_of_AG""], [""Clinical_response"", ""improves_at"", ""4-week_follow-up""], [""Improvement"", ""may_suggest"", ""long-term_effect""], [""Long-term_effect"", ""has"", ""unknown_mechanism""], [""Improvement"", ""may_be_attributed_to"", ""non-responder_drop_out""], [""GI_side_effects"", ""may_be"", ""coincidence""], [""GI_tract"", ""may_be_irritated_by"", ""AG_administration""]]","[[""AG"", ""used_in"", ""IBS_individuals""], [""No_evidence"", ""found_for"", ""routine_use_of_AG""], [""Medical_response"", ""improves_at"", ""4-week_follow-up""], [""Improvement"", ""may_indicate"", ""long-term_consequence""], [""Long-term_consequence"", ""has"", ""unknown_mechanics""], [""Improvement"", ""may_be_attributed_to"", ""non-responder_drop_out""], [""GI_side_consequence"", ""may_be"", ""happenstance""], [""GI_parcels"", ""may_be_irritated_by"", ""AG_disposal""]]",0.8472222222222222,0.0,0.4092786908149719,0.30952380952380953,0.8588829697363963,0.9276676355514069,0.9207891689699058,0.9139107023884048,0.9070322358069036,0.9001537692254027,0.8932753026439015,0.8863968360624005,0.8795183694808995,0.8726399028993985,0.8657614363178974,0.8588829697363963,0.9001055127022777,0.9023160872203353
329,"We found no evidence to support the use of AG routinely in IBS patients. Improvement of clinical response at 4-week follow-up may suggest a long-term effect of unknown mechanism, but could also be attributed to non-responder drop out. Gastrointestinal (GI) side effects may be a coincidence in this study, but irritation of GI tract by AG administration cannot be excluded.","We found no evidence to support the use of AG routinely in IBS patients. Improvement of clinical response at 6-week follow-up may suggest a long-term effect of unknown mechanism, but could also be attributed to non-responder drop out. Gastrointestinal (GI) side effects may be a coincidence in this study, but irritation of GI tract by AG administration cannot be excluded.","[[""Study"", ""found_no_evidence"", ""use_of_exogenous_α-galactosidase_enzyme""], [""Improvement_of_clinical_response"", ""observed_at"", ""4-week_follow-up""], [""Improvement_of_clinical_response"", ""suggests"", ""long-term_effect""], [""Long-term_effect"", ""has"", ""unknown_mechanism""], [""Improvement_of_clinical_response"", ""attributed_to"", ""non-responder_drop_out""], [""Gastrointestinal_side_effects"", ""may_be"", ""coincidence""], [""Gastrointestinal_side_effects"", ""caused_by"", ""irritation_of_GI_tract""], [""Irritation_of_GI_tract"", ""caused_by"", ""exogenous_α-galactosidase_enzyme_administration""], [""Exogenous_α-galactosidase_enzyme"", ""used_in"", ""IBS_patients""]]","[[""Study"", ""found_no_evidence"", ""use_of_exogenous_α-galactosidase_enzyme""], [""Improvement_of_clinical_response"", ""observed_at"", ""6-week_follow-up""], [""Improvement_of_clinical_response"", ""suggests"", ""long-term_effect""], [""Long-term_effect"", ""has"", ""unknown_mechanism""], [""Improvement_of_clinical_response"", ""attributed_to"", ""non-responder_drop_out""], [""Gastrointestinal_side_effects"", ""may_be"", ""coincidence""], [""Gastrointestinal_side_effects"", ""caused_by"", ""irritation_of_GI_tract""], [""Irritation_of_GI_tract"", ""caused_by"", ""exogenous_α-galactosidase_enzyme_administration""], [""Exogenous_α-galactosidase_enzyme"", ""used_in"", ""IBS_patients""]]",1.0,0.9958229660987854,0.9724893569946289,0.8589743589743589,1.0,0.9989911837846467,0.999092065406182,0.9991929470277174,0.9992938286492525,0.999394710270788,0.9994955918923234,0.9995964735138587,0.999697355135394,0.9997982367569294,0.9998991183784647,1.0,0.9968515823888164,0.998373235595983
330,"We found no evidence to support the use of AG routinely in IBS patients. Improvement of clinical response at 4-week follow-up may suggest a long-term effect of unknown mechanism, but could also be attributed to non-responder drop out. Gastrointestinal (GI) side effects may be a coincidence in this study, but irritation of GI tract by AG administration cannot be excluded.","no evidence to support the use of AG routinely in IBS patients found We. Improvement of clinical response at 4-week follow-up may suggest a long-term effect of unknown mechanism, but could also be attributed to non-responder drop out. Gastrointestinal (GI) side effects may be a coincidence in this study, but irritation of GI tract by AG administration cannot be excluded.","[[""Evidence"", ""not_found"", ""use_of_α-galactosidase_enzyme""], [""α-galactosidase_enzyme"", ""used_routinely_in"", ""IBS_patients""], [""Clinical_response"", ""improves_at"", ""4-week_follow-up""], [""Improvement_of_clinical_response"", ""suggests"", ""long-term_effect""], [""Long-term_effect"", ""has"", ""unknown_mechanism""], [""Non-responder_drop_out"", ""may_attributed_to"", ""improvement_of_clinical_response""], [""Gastrointestinal_side_effects"", ""may_be"", ""coincidence""], [""Gastrointestinal_side_effects"", ""may_be_caused_by"", ""α-galactosidase_enzyme_administration""], [""α-galactosidase_enzyme_administration"", ""may_irritate"", ""GI_tract""]]","[[""Evidence"", ""not_found"", ""use_of_α-galactosidase_enzyme""], [""α-galactosidase_enzyme"", ""used_routinely_in"", ""IBS_patients""], [""Clinical_response"", ""improves_at"", ""4-week_follow-up""], [""Improvement_of_clinical_response"", ""suggests"", ""long-term_effect""], [""Long-term_effect"", ""has"", ""unknown_mechanism""], [""Non-responder_drop_out"", ""may_attributed_to"", ""improvement_of_clinical_response""], [""Gastrointestinal_side_effects"", ""may_be"", ""coincidence""], [""Gastrointestinal_side_effects"", ""may_be_caused_by"", ""α-galactosidase_enzyme_administration""], [""α-galactosidase_enzyme_administration"", ""may_irritate"", ""GI_tract""]]",1.0,0.9999998807907104,1.0,1.0,1.0,0.9999999976918714,0.9999999979226842,0.9999999981534973,0.99999999838431,0.9999999986151229,0.9999999988459357,0.9999999990767485,0.9999999993075614,0.9999999995383743,0.9999999997691872,1.0,0.9999999922892404,1.0
331,"We found no evidence to support the use of AG routinely in IBS patients. Improvement of clinical response at 4-week follow-up may suggest a long-term effect of unknown mechanism, but could also be attributed to non-responder drop out. Gastrointestinal (GI) side effects may be a coincidence in this study, but irritation of GI tract by AG administration cannot be excluded.",Older people with a history of amblyopia who develop visual loss in the previously normal eye can experience recovery of visual function in the amblyopic eye over a period of time. This recovery in visual function occurs in the wake of visual loss in the fellow eye and the improvement appears to be sustained.,"[[""AG"", ""use_in"", ""IBS_patients""], [""Evidence"", ""found"", ""no_support""], [""AG"", ""used_routinely"", ""no_evidence""], [""Clinical_response"", ""improves_at"", ""4-week_follow-up""], [""Improvement"", ""suggests"", ""long-term_effect""], [""Long-term_effect"", ""has"", ""unknown_mechanism""], [""Non-responder_drop_out"", ""attributes_to"", ""improvement""], [""GI_side_effects"", ""may_be"", ""coincidence""], [""AG_administration"", ""irritates"", ""GI_tract""]]","[[""Older_people"", ""have"", ""history_of_amblyopia""], [""Amblyopia"", ""develops"", ""visual_loss""], [""Visual_loss"", ""occurs_in"", ""previously_normal_eye""], [""Amblyopic_eye"", ""experiences"", ""recovery_of_visual_function""], [""Recovery_of_visual_function"", ""occurs_over"", ""period_of_time""], [""Visual_loss"", ""triggers"", ""recovery_of_visual_function""], [""Recovery_of_visual_function"", ""is"", ""sustained""]]",0.0,0.0,0.0,0.0,0.0,0.4366903978039699,0.3930213580235729,0.3493523182431759,0.30568327846277893,0.26201423868238194,0.21834519890198495,0.17467615912158796,0.131007119341191,0.08733807956079397,0.04366903978039698,0.0,0.33347229672395134,0.6391971629395654
332,Physicians who opt to treat UTI in postmenopausal women empirically should consider prescribing drugs other than fluoroquinolones. Concomitant longitudinal surveillance of both antibiotic utilization patterns and uropathogen resistance rates should become routine practice in this managed-care organization.,Physicians who opt to treat UTI in postmenopausal charwoman empirically should consider prescribing drugs other than fluoroquinolones. Concomitant longitudinal surveillance of both antibiotic utilization form and uropathogen resistance rates should become routine pattern in this managed-attention organization.,"[[""Physicians"", ""opt_to_treat"", ""UTI_in_postmenopausal_women""], [""Physicians"", ""should_consider"", ""prescribing_drugs_other_than_fluoroquinolones""], [""UTI_in_postmenopausal_women"", ""treated_with"", ""empiric_therapy""], [""fluoroquinolones"", ""are"", ""antibiotics""], [""concomitant_longitudinal_surveillance"", ""should_become"", ""routine_practice""], [""managed-care_organization"", ""should_have"", ""routine_practice""]]","[[""Physicians"", ""opt_to_treat"", ""UTI_in_postmenopausal_charwoman""], [""Physicians"", ""should_consider"", ""prescribing_drugs_other_than_fluoroquinolones""], [""UTI_in_postmenopausal_charwoman"", ""treated_with"", ""empiric_therapy""], [""fluoroquinolones"", ""are"", ""antibiotics""], [""concomitant_longitudinal_surveillance"", ""should_become"", ""routine_pattern""], [""managed-attention_organization"", ""should_have"", ""routine_pattern""]]",0.6458333333333334,0.8177910447120667,0.9044866561889648,0.48148148148148145,0.6851851851851852,0.9629676760495348,0.9351894269630999,0.9074111778766649,0.8796329287902299,0.8518546797037949,0.82407643061736,0.7962981815309251,0.7685199324444901,0.7407416833580551,0.7129634342716201,0.6851851851851852,0.9339944427505213,0.9498107613018201
333,Physicians who opt to treat UTI in postmenopausal women empirically should consider prescribing drugs other than fluoroquinolones. Concomitant longitudinal surveillance of both antibiotic utilization patterns and uropathogen resistance rates should become routine practice in this managed-care organization.,Physicians who opt to treat NIDDM in postmenopausal women empirically should consider prescribing drugs other than fluoroquinolones. Concomitant longitudinal surveillance of both antibiotic utilization patterns and uropathogen resistance rates should become routine practice in this managed-care organization.,"[[""Physicians"", ""treat"", ""UTI""], [""Physicians"", ""prescribe"", ""drugs""], [""drugs"", ""are_other_than"", ""fluoroquinolones""], [""Physicians"", ""should_consider"", ""prescribing_drugs""], [""prescribing_drugs"", ""is_for"", ""postmenopausal_women""], [""postmenopausal_women"", ""have"", ""UTI""], [""Concomitant_longitudinal_surveillance"", ""should_become"", ""routine_practice""], [""Concomitant_longitudinal_surveillance"", ""monitors"", ""antibiotic_utilization_patterns""], [""Concomitant_longitudinal_surveillance"", ""monitors"", ""uropathogen_resistance_rates""], [""managed-care_organization"", ""has"", ""routine_practice""]]","[[""Physicians"", ""treat"", ""NIDDM""], [""Physicians"", ""prescribe"", ""drugs""], [""drugs"", ""are_other_than"", ""fluoroquinolones""], [""Physicians"", ""should_consider"", ""prescribing_drugs""], [""prescribing_drugs"", ""is_for"", ""postmenopausal_women""], [""postmenopausal_women"", ""have"", ""NIDDM""], [""Concomitant_longitudinal_surveillance"", ""should_become"", ""routine_practice""], [""Concomitant_longitudinal_surveillance"", ""monitors"", ""antibiotic_utilization_patterns""], [""Concomitant_longitudinal_surveillance"", ""monitors"", ""uropathogen_resistance_rates""], [""managed-care_organization"", ""has"", ""routine_practice""], [""NIDDM"", ""is_treated_with"", ""drugs""]]",0.8333333333333334,0.9294394254684448,0.9872336387634277,0.8333333333333334,0.8333333333333334,0.9707233228591327,0.9569843239065527,0.943245324953973,0.9295063260013928,0.9157673270488129,0.902028328096233,0.8882893291436531,0.8745503301910732,0.8608113312384933,0.8470723322859133,0.8333333333333334,0.9481698458756189,0.909511592661685
334,Physicians who opt to treat UTI in postmenopausal women empirically should consider prescribing drugs other than fluoroquinolones. Concomitant longitudinal surveillance of both antibiotic utilization patterns and uropathogen resistance rates should become routine practice in this managed-care organization.,Physicians who opt to treat UTI in postmenopausal women empirically should consider prescribing drugs other than fluoroquinolones. routine practice in this managed-care organization should become Concomitant longitudinal surveillance of both antibiotic utilization patterns and uropathogen resistance rates.,"[[""physicians"", ""opt_to_treat"", ""UTI""], [""UTI"", ""occurs_in"", ""postmenopausal_women""], [""physicians"", ""should_consider"", ""prescribing_drugs""], [""prescribing_drugs"", ""other_than"", ""fluoroquinolones""], [""concomitant_longitudinal_surveillance"", ""should_become"", ""routine_practice""], [""concomitant_longitudinal_surveillance"", ""of"", ""antibiotic_utilization_patterns""], [""concomitant_longitudinal_surveillance"", ""of"", ""uropathogen_resistance_rates""], [""routine_practice"", ""in"", ""managed-care_organization""]]","[[""physicians"", ""opt_to_treat"", ""UTI""], [""UTI"", ""occurs_in"", ""postmenopausal_women""], [""physicians"", ""should_consider"", ""prescribing_drugs""], [""prescribing_drugs"", ""other_than"", ""fluoroquinolones""], [""concomitant_longitudinal_surveillance"", ""should_become"", ""routine_practice""], [""concomitant_longitudinal_surveillance"", ""of"", ""antibiotic_utilization_patterns""], [""concomitant_longitudinal_surveillance"", ""of"", ""uropathogen_resistance_rates""], [""routine_practice"", ""in"", ""managed-care_organization""]]",1.0,1.0,1.0,1.0,1.0,0.9999998877433152,0.9999998989689837,0.9999999101946522,0.9999999214203206,0.9999999326459891,0.9999999438716576,0.9999999550973261,0.9999999663229946,0.999999977548663,0.9999999887743315,1.0,1.0,0.9999999825052057
335,Physicians who opt to treat UTI in postmenopausal women empirically should consider prescribing drugs other than fluoroquinolones. Concomitant longitudinal surveillance of both antibiotic utilization patterns and uropathogen resistance rates should become routine practice in this managed-care organization.,"Open access publishing and the Hirsch index of the first signing author increase the impact of scientific articles. The open access advantage is greater for the more highly cited articles, and appears in the 30-35 months after publication.","[[""physicians"", ""treat"", ""UTI""], [""physicians"", ""prescribe"", ""drugs""], [""drugs"", ""other_than"", ""fluoroquinolones""], [""postmenopausal_women"", ""have_UTI"", ""empirically""], [""concomitant_longitudinal_surveillance"", ""monitors"", ""antibiotic_utilization_patterns""], [""concomitant_longitudinal_surveillance"", ""monitors"", ""uropathogen_resistance_rates""], [""managed-care_organization"", ""implements"", ""routine_practice""]]","[[""open_access_publishing"", ""increases"", ""impact_of_scientific_articles""], [""Hirsch_index"", ""of"", ""first_signing_author""], [""Hirsch_index"", ""increases"", ""impact_of_scientific_articles""], [""open_access_advantage"", ""greater_for"", ""highly_cited_articles""], [""open_access_advantage"", ""appears_in"", ""30-35_months_after_publication""], [""scientific_articles"", ""have"", ""impact""], [""first_signing_author"", ""has"", ""Hirsch_index""]]",0.0,0.0,0.20649190247058868,0.0,0.0,0.3039961770315138,0.27359655932836247,0.24319694162521108,0.21279732392205966,0.1823977062189083,0.1519980885157569,0.12159847081260554,0.09119885310945416,0.06079923540630275,0.030399617703151374,0.0,0.26127609556949283,0.46656195056605343
336,"Patients with fewer or anterior sutures have shorter OR times. However, 30-day readmission, band-related reoperation, and postoperative weight loss were unaffected by number or location of suture. The technical aspects of HHR did not appear to be associated with readmission or reoperation, and therefore a standardized approach may not be necessary.","individuals with fewer or prior sutures have shorter OR times. However, 30-day readmission, set-related reoperation, and postoperative weight deprivation were unaffected by figure or location of suture. The proficient aspects of HHR did not appear to be linked with readmission or reoperation, and therefore a standardised attack may not be necessary.","[[""patients"", ""have"", ""fewer_or_anterior_sutures""], [""patients_with_fewer_or_anterior_sutures"", ""have"", ""shorter_OR_times""], [""number_of_suture"", ""not_associated_with"", ""30-day_readmission""], [""location_of_suture"", ""not_associated_with"", ""30-day_readmission""], [""number_of_suture"", ""not_associated_with"", ""band-related_reoperation""], [""location_of_suture"", ""not_associated_with"", ""band-related_reoperation""], [""number_of_suture"", ""not_associated_with"", ""postoperative_weight_loss""], [""location_of_suture"", ""not_associated_with"", ""postoperative_weight_loss""], [""technical_aspects_of_HHR"", ""not_associated_with"", ""readmission""], [""technical_aspects_of_HHR"", ""not_associated_with"", ""reoperation""], [""standardized_approach"", ""may_not_be_necessary"", ""true""]]","[[""individuals"", ""have"", ""fewer_or_prior_sutures""], [""individuals_with_fewer_or_prior_sutures"", ""have"", ""shorter_OR_times""], [""figure_of_suture"", ""not_associated_with"", ""30-day_readmission""], [""location_of_suture"", ""not_associated_with"", ""30-day_readmission""], [""figure_of_suture"", ""not_associated_with"", ""set-related_reoperation""], [""location_of_suture"", ""not_associated_with"", ""set-related_reoperation""], [""figure_of_suture"", ""not_associated_with"", ""postoperative_weight_deprivation""], [""location_of_suture"", ""not_associated_with"", ""postoperative_weight_deprivation""], [""proficient_aspects_of_HHR"", ""not_linked_with"", ""readmission""], [""proficient_aspects_of_HHR"", ""not_linked_with"", ""reoperation""], [""standardised_attack"", ""may_not_be_necessary"", ""true""]]",0.6515151515151515,0.0,0.6434111595153809,0.32142857142857145,0.6190476190476191,0.9454406052308224,0.9128013066125021,0.8801620079941818,0.8475227093758614,0.814883410757541,0.7822441121392207,0.7496048135209004,0.7169655149025801,0.6843262162842597,0.6516869176659393,0.6190476190476191,0.8740772008844739,0.9149451076457253
337,"Patients with fewer or anterior sutures have shorter OR times. However, 30-day readmission, band-related reoperation, and postoperative weight loss were unaffected by number or location of suture. The technical aspects of HHR did not appear to be associated with readmission or reoperation, and therefore a standardized approach may not be necessary.","Patients with fewer or anterior sutures have shorter OR times. However, 15-day readmission, band-related reoperation, and postoperative weight loss were unaffected by number or location of suture. The technical aspects of HHR did not appear to be associated with readmission or reoperation, and therefore a standardized approach may not be necessary.","[[""Patients"", ""with_fewer_sutures"", ""have_shorter_OR_times""], [""Patients"", ""with_anterior_sutures"", ""have_shorter_OR_times""], [""number_of_suture"", ""does_not_affect"", ""30-day_readmission""], [""location_of_suture"", ""does_not_affect"", ""30-day_readmission""], [""number_of_suture"", ""does_not_affect"", ""band-related_reoperation""], [""location_of_suture"", ""does_not_affect"", ""band-related_reoperation""], [""number_of_suture"", ""does_not_affect"", ""postoperative_weight_loss""], [""location_of_suture"", ""does_not_affect"", ""postoperative_weight_loss""], [""technical_aspects_of_HHR"", ""not_associated_with"", ""readmission""], [""technical_aspects_of_HHR"", ""not_associated_with"", ""reoperation""], [""standardized_approach"", ""may_not_be_necessary"", ""HHR""]]","[[""Patients"", ""with_fewer_sutures"", ""have_shorter_OR_times""], [""Patients"", ""with_anterior_sutures"", ""have_shorter_OR_times""], [""number_of_suture"", ""does_not_affect"", ""15-day_readmission""], [""location_of_suture"", ""does_not_affect"", ""15-day_readmission""], [""number_of_suture"", ""does_not_affect"", ""band-related_reoperation""], [""location_of_suture"", ""does_not_affect"", ""band-related_reoperation""], [""number_of_suture"", ""does_not_affect"", ""postoperative_weight_loss""], [""location_of_suture"", ""does_not_affect"", ""postoperative_weight_loss""], [""technical_aspects_of_HHR"", ""not_associated_with"", ""readmission""], [""technical_aspects_of_HHR"", ""not_associated_with"", ""reoperation""], [""standardized_approach"", ""may_not_be_necessary"", ""HHR""]]",1.0,0.9670693278312683,0.9894965887069702,0.8472222222222222,1.0,0.9988306256006203,0.9989475630405583,0.9990645004804963,0.9991814379204342,0.9992983753603721,0.9994153128003102,0.9995322502402482,0.9996491876801861,0.9997661251201241,0.999883062560062,1.0,0.99714780398002,0.9976055325188407
338,"Patients with fewer or anterior sutures have shorter OR times. However, 30-day readmission, band-related reoperation, and postoperative weight loss were unaffected by number or location of suture. The technical aspects of HHR did not appear to be associated with readmission or reoperation, and therefore a standardized approach may not be necessary.","shorter OR times have Patients with fewer or anterior sutures. However, 30-day readmission, band-related reoperation, and postoperative weight loss were unaffected by number or location of suture. The technical aspects of HHR did not appear to be associated with readmission or reoperation, and therefore a standardized approach may not be necessary.","[[""Patients"", ""with_fewer_sutures"", ""shorter_OR_times""], [""Patients"", ""with_anterior_sutures"", ""shorter_OR_times""], [""number_of_sutures"", ""no_effect_on"", ""30-day_readmission""], [""location_of_suture"", ""no_effect_on"", ""30-day_readmission""], [""number_of_sutures"", ""no_effect_on"", ""band-related_reoperation""], [""location_of_suture"", ""no_effect_on"", ""band-related_reoperation""], [""number_of_sutures"", ""no_effect_on"", ""postoperative_weight_loss""], [""location_of_suture"", ""no_effect_on"", ""postoperative_weight_loss""], [""technical_aspects_of_HHR"", ""not_associated_with"", ""readmission""], [""technical_aspects_of_HHR"", ""not_associated_with"", ""reoperation""], [""standardized_approach"", ""may_not_be_necessary"", ""True""]]","[[""Patients"", ""with_fewer_sutures"", ""shorter_OR_times""], [""Patients"", ""with_anterior_sutures"", ""shorter_OR_times""], [""number_of_sutures"", ""no_effect_on"", ""30-day_readmission""], [""location_of_suture"", ""no_effect_on"", ""30-day_readmission""], [""number_of_sutures"", ""no_effect_on"", ""band-related_reoperation""], [""location_of_suture"", ""no_effect_on"", ""band-related_reoperation""], [""number_of_sutures"", ""no_effect_on"", ""postoperative_weight_loss""], [""location_of_suture"", ""no_effect_on"", ""postoperative_weight_loss""], [""technical_aspects_of_HHR"", ""not_associated_with"", ""readmission""], [""technical_aspects_of_HHR"", ""not_associated_with"", ""reoperation""], [""standardized_approach"", ""may_not_be_necessary"", ""True""]]",1.0,0.9999999403953552,1.0,1.0,1.0,0.999999997987486,0.9999999981887373,0.9999999983899888,0.9999999985912402,0.9999999987924916,0.9999999989937429,0.9999999991949944,0.9999999993962458,0.9999999995974972,0.9999999997987485,1.0,0.9999999752640706,0.9999999875472856
339,"Patients with fewer or anterior sutures have shorter OR times. However, 30-day readmission, band-related reoperation, and postoperative weight loss were unaffected by number or location of suture. The technical aspects of HHR did not appear to be associated with readmission or reoperation, and therefore a standardized approach may not be necessary.","High socioeconomic status was associated with a higher acceptance rate of preventive home visits, but the association was attenuated by invitational procedures. The results indicate that the social inequality in acceptance of publicly offered preventive services might decrease if municipalities adopt more proactive invitational procedures.","[[""Patients"", ""with_fewer_sutures"", ""have_shorter_OR_times""], [""Patients"", ""with_anterior_sutures"", ""have_shorter_OR_times""], [""number_of_suture"", ""not_associated_with"", ""30-day_readmission""], [""location_of_suture"", ""not_associated_with"", ""30-day_readmission""], [""number_of_suture"", ""not_associated_with"", ""band-related_reoperation""], [""location_of_suture"", ""not_associated_with"", ""band-related_reoperation""], [""number_of_suture"", ""not_associated_with"", ""postoperative_weight_loss""], [""location_of_suture"", ""not_associated_with"", ""postoperative_weight_loss""], [""technical_aspects_of_HHR"", ""not_associated_with"", ""readmission""], [""technical_aspects_of_HHR"", ""not_associated_with"", ""reoperation""]]","[[""High_socioeconomic_status"", ""associated_with"", ""higher_acceptance_rate""], [""higher_acceptance_rate"", ""of"", ""preventive_home_visits""], [""invitational_procedures"", ""attenuate"", ""association_between_socioeconomic_status_and_acceptance_rate""], [""proactive_invitational_procedures"", ""may_decrease"", ""social_inequality_in_acceptance""], [""social_inequality_in_acceptance"", ""of"", ""publicly_offered_preventive_services""], [""municipalities"", ""may_adopt"", ""proactive_invitational_procedures""]]",0.0,0.0,0.0,0.0,0.0,0.3775397015185277,0.33978573136667495,0.3020317612148222,0.2642777910629694,0.2265238209111166,0.18876985075926386,0.1510158806074111,0.11326191045555833,0.07550794030370553,0.037753970151852764,0.0,0.31137311456058203,0.58292559317523
340,"The metastasis rate of station 9 lymph nodes was significantly lower than other mediastinal stations in lung cancer patients. The metastasis status of station 9 had no significant influence on tumor staging or prognosis. Routine dissection of station 9 lymph nodes may not be necessary, especially in patients with a low T stage, upper or middle lobe tumors, or without intrapulmonary lymph node metastasis.","The metastasis rate of station 9 lymph nodes was importantly reduced than other mediastinal place in lung cancer individuals. The metastasis position of station 9 had no substantial influence on tumor staging or forecast. Routine dissection of place 9 lymph knob may not be necessary, especially in patients with a low T stage, upper or mediate lobe tumors, or without intrapulmonary lymph node metastasis.","[[""metastasis_rate_of_station_9_lymph_nodes"", ""lower_than"", ""other_mediastinal_stations""], [""metastasis_rate_of_station_9_lymph_nodes"", ""comparison_context"", ""lung_cancer_patients""], [""station_9"", ""metastasis_status"", ""no_influence_on_tumor_staging""], [""station_9"", ""metastasis_status"", ""no_influence_on_prognosis""], [""routine_dissection_of_station_9_lymph_nodes"", ""necessity"", ""not_necessary""], [""routine_dissection_of_station_9_lymph_nodes"", ""context"", ""patients_with_low_T_stage""], [""routine_dissection_of_station_9_lymph_nodes"", ""context"", ""upper_or_middle_lobe_tumors""], [""routine_dissection_of_station_9_lymph_nodes"", ""context"", ""no_intrapulmonary_lymph_node_metastasis""]]","[[""metastasis_rate_of_station_9_lymph_nodes"", ""reduced_than"", ""other_mediastinal_place""], [""metastasis_rate_of_station_9_lymph_nodes"", ""comparison_context"", ""lung_cancer_individuals""], [""station_9"", ""metastasis_position"", ""no_influence_on_tumor_staging""], [""station_9"", ""metastasis_position"", ""no_influence_on_forecast""], [""routine_dissection_of_station_9_lymph_knob"", ""necessity"", ""not_necessary""], [""routine_dissection_of_station_9_lymph_knob"", ""context"", ""patients_with_low_T_stage""], [""routine_dissection_of_station_9_lymph_knob"", ""context"", ""upper_or_mediate_lobe_tumors""], [""routine_dissection_of_station_9_lymph_knob"", ""context"", ""no_intrapulmonary_lymph_node_metastasis""]]",0.8608422519347255,0.30635109543800354,0.740652859210968,0.3939393939393939,0.8740073734751262,0.97052650016414,0.9608745874952387,0.9512226748263373,0.9415707621574358,0.9319188494885345,0.9222669368196331,0.9126150241507317,0.9029631114818304,0.893311198812929,0.8836592861440276,0.8740073734751262,0.948550523876186,0.9735801532954388
341,"The metastasis rate of station 9 lymph nodes was significantly lower than other mediastinal stations in lung cancer patients. The metastasis status of station 9 had no significant influence on tumor staging or prognosis. Routine dissection of station 9 lymph nodes may not be necessary, especially in patients with a low T stage, upper or middle lobe tumors, or without intrapulmonary lymph node metastasis.","The metastasis rate of station 5 lymph nodes was significantly lower than other mediastinal stations in lung cancer patients. The metastasis status of station 13 had no significant influence on tumor staging or prognosis. Routine dissection of station 4 lymph nodes may not be necessary, especially in patients with a low T stage, upper or middle lobe tumors, or without intrapulmonary lymph node metastasis.","[[""Station_9_lymph_nodes"", ""metastasis_rate_lower_than"", ""other_mediastinal_stations""], [""Station_9_lymph_nodes"", ""metastasis_status"", ""no_influence_on_tumor_staging""], [""Station_9_lymph_nodes"", ""metastasis_status"", ""no_influence_on_prognosis""], [""Routine_dissection_of_station_9_lymph_nodes"", ""not_necessary_in"", ""patients_with_low_T_stage""], [""Routine_dissection_of_station_9_lymph_nodes"", ""not_necessary_in"", ""patients_with_upper_or_middle_lobe_tumors""], [""Routine_dissection_of_station_9_lymph_nodes"", ""not_necessary_in"", ""patients_without_intrapulmonary_lymph_node_metastasis""]]","[[""Station_5_lymph_nodes"", ""metastasis_rate_lower_than"", ""other_mediastinal_stations""], [""Station_13"", ""metastasis_status"", ""no_influence_on_tumor_staging""], [""Station_13"", ""metastasis_status"", ""no_influence_on_prognosis""], [""Routine_dissection_of_station_4_lymph_nodes"", ""not_necessary_in"", ""patients_with_low_T_stage""], [""Routine_dissection_of_station_4_lymph_nodes"", ""not_necessary_in"", ""patients_with_upper_or_middle_lobe_tumors""], [""Routine_dissection_of_station_4_lymph_nodes"", ""not_necessary_in"", ""patients_without_intrapulmonary_lymph_node_metastasis""]]",0.8240554958966418,0.8846657276153564,0.9493534564971924,0.7071067811865476,0.8445997664172651,0.9646743902003634,0.9526669278220536,0.9406594654437438,0.9286520030654337,0.916644540687124,0.9046370783088142,0.8926296159305044,0.8806221535521945,0.8686146911738848,0.8566072287955749,0.8445997664172651,0.9559115936773981,0.8732867648666707
342,"The metastasis rate of station 9 lymph nodes was significantly lower than other mediastinal stations in lung cancer patients. The metastasis status of station 9 had no significant influence on tumor staging or prognosis. Routine dissection of station 9 lymph nodes may not be necessary, especially in patients with a low T stage, upper or middle lobe tumors, or without intrapulmonary lymph node metastasis.","The metastasis rate of station 9 lymph nodes was significantly lower than other mediastinal stations in lung cancer patients. no significant influence on tumor staging or prognosis had The metastasis status of station 9. Routine dissection of station 9 lymph nodes may not be necessary, especially in patients with a low T stage, upper or middle lobe tumors, or without intrapulmonary lymph node metastasis.","[[""metastasis_rate_of_station_9_lymph_nodes"", ""lower_than"", ""other_mediastinal_stations""], [""metastasis_rate_of_station_9_lymph_nodes"", ""observed_in"", ""lung_cancer_patients""], [""metastasis_status_of_station_9"", ""no_influence_on"", ""tumor_staging""], [""metastasis_status_of_station_9"", ""no_influence_on"", ""prognosis""], [""routine_dissection_of_station_9_lymph_nodes"", ""may_not_be_necessary"", ""in_low_T_stage_patients""], [""routine_dissection_of_station_9_lymph_nodes"", ""may_not_be_necessary"", ""in_upper_or_middle_lobe_tumors""], [""routine_dissection_of_station_9_lymph_nodes"", ""may_not_be_necessary"", ""in_patients_without_intrapulmonary_lymph_node_metastasis""]]","[[""metastasis_rate_of_station_9_lymph_nodes"", ""lower_than"", ""other_mediastinal_stations""], [""metastasis_rate_of_station_9_lymph_nodes"", ""observed_in"", ""lung_cancer_patients""], [""metastasis_status_of_station_9"", ""no_influence_on"", ""tumor_staging""], [""metastasis_status_of_station_9"", ""no_influence_on"", ""prognosis""], [""routine_dissection_of_station_9_lymph_nodes"", ""may_not_be_necessary"", ""in_low_T_stage_patients""], [""routine_dissection_of_station_9_lymph_nodes"", ""may_not_be_necessary"", ""in_upper_or_middle_lobe_tumors""], [""routine_dissection_of_station_9_lymph_nodes"", ""may_not_be_necessary"", ""in_patients_without_intrapulmonary_lymph_node_metastasis""]]",1.0,1.0,1.0,1.0,1.0,1.0,1.0,1.0,1.0,1.0,1.0,1.0,1.0,1.0,1.0,1.0,1.0,0.9999999887006891
343,"The metastasis rate of station 9 lymph nodes was significantly lower than other mediastinal stations in lung cancer patients. The metastasis status of station 9 had no significant influence on tumor staging or prognosis. Routine dissection of station 9 lymph nodes may not be necessary, especially in patients with a low T stage, upper or middle lobe tumors, or without intrapulmonary lymph node metastasis.","No home-prepared replacement milks in South Africa meet all estimated micronutrient and essential fatty acid requirements of infants aged<6 months. Commercial infant formula is the only replacement milk that meets all nutritional needs. Revisions of WHO/UNAIDS/UNICEF HIV and infant feeding course replacement milk options are needed. If replacement milks are to provide total nutrition, preparations should include vegetable oils, such as soybean oil, as a source of linoleic and alpha-linolenic acids, and additional vitamins and minerals.","[[""metastasis_rate_of_station_9_lymph_nodes"", ""lower_than"", ""other_mediastinal_stations""], [""metastasis_status_of_station_9"", ""influence_on"", ""tumor_staging""], [""metastasis_status_of_station_9"", ""influence_on"", ""prognosis""], [""routine_dissection_of_station_9_lymph_nodes"", ""necessary"", ""False""], [""patients_with_low_T_stage"", ""characteristic"", ""do_not_require_routine_dissection""], [""upper_or_middle_lobe_tumors"", ""characteristic"", ""do_not_require_routine_dissection""], [""intrapulmonary_lymph_node_metastasis"", ""characteristic"", ""require_routine_dissection""]]","[[""home-prepared_replacement_milks_in_South_Africa"", ""meet"", ""estimated_micronutrient_requirements""], [""home-prepared_replacement_milks_in_South_Africa"", ""meet"", ""essential_fatty_acid_requirements""], [""commercial_infant_formula"", ""meets"", ""all_nutritional_needs""], [""WHO/UNAIDS/UNICEF_HIV_and_infant_feeding_course"", ""require"", ""revisions""], [""replacement_milks"", ""require"", ""vegetable_oils""], [""vegetable_oils"", ""source_of"", ""linoleic_and_alpha-linolenic_acids""], [""replacement_milks"", ""require"", ""additional_vitamins_and_minerals""], [""soybean_oil"", ""type_of"", ""vegetable_oil""]]",0.0,0.0,0.0,0.0,0.0,0.10241806562579418,0.09217625906321476,0.08193445250063536,0.07169264593805592,0.061450839375476504,0.05120903281289709,0.04096722625031768,0.03072541968773826,0.020483613125158832,0.010241806562579416,0.0,0.21543827955816297,0.5061661500754483
344,Our study proposes an easily interpretable classification method for the differentiation between HCM and increased left ventricular myocardial thickness due to ATTR amyloidosis. Our combined echocardiographic and ECG model could increase the ability to identify ATTR cardiac amyloidosis in clinical practice.,Our investigation proposes an easy interpretable classification method for the distinction between HCM and increased left ventricular myocardial thickness due to ATTR amyloidosis. Our combined echocardiographic and ECG framework could elevate the ability to identify ATTR cardiac amyloidosis in medical pattern.,"[[""Study"", ""proposes"", ""classification_method""], [""Classification_method"", ""for_differentiation"", ""HCM""], [""Classification_method"", ""for_differentiation"", ""increased_left_ventricular_myocardial_thickness_due_to_ATTR_amyloidosis""], [""Combined_echocardiographic_and_ECG_model"", ""increases_ability"", ""identification_of_ATTR_cardiac_amyloidosis""], [""ATTR_cardiac_amyloidosis"", ""identified_in"", ""clinical_practice""]]","[[""Investigation"", ""proposes"", ""classification_method""], [""Classification_method"", ""for_distinction"", ""HCM""], [""Classification_method"", ""for_distinction"", ""increased_left_ventricular_myocardial_thickness_due_to_ATTR_amyloidosis""], [""Combined_echocardiographic_and_ECG_framework"", ""elevates_ability"", ""identification_of_ATTR_cardiac_amyloidosis""], [""ATTR_cardiac_amyloidosis"", ""identified_in"", ""medical_pattern""]]",0.4166666666666667,0.7351855635643005,0.8060579299926758,0.5208333333333334,0.6458333333333334,0.9774262516071224,0.9442669597797435,0.9111076679523646,0.8779483761249856,0.8447890842976067,0.8116297924702278,0.778470500642849,0.7453112088154701,0.7121519169880912,0.6789926251607122,0.6458333333333334,0.9186419848351726,0.935459191585021
345,Our study proposes an easily interpretable classification method for the differentiation between HCM and increased left ventricular myocardial thickness due to ATTR amyloidosis. Our combined echocardiographic and ECG model could increase the ability to identify ATTR cardiac amyloidosis in clinical practice.,Our study proposes an easily interpretable classification method for the differentiation between HCM and increased left ventricular myocardial thickness due to ATTR amyloidosis. Our combined echocardiographic and SCI model could increase the ability to identify ATTR cardiac amyloidosis in clinical practice.,"[[""Study"", ""proposes"", ""classification_method""], [""Classification_method"", ""for_differentiation_between"", ""Hypertrophic_cardiomyopathy""], [""Classification_method"", ""for_differentiation_between"", ""increased_left_ventricular_myocardial_thickness_due_to_Attr_amyloidosis""], [""Combined_echocardiographic_and_ECG_model"", ""increases_ability_to"", ""identify_Attr_cardiac_amyloidosis""], [""Attr_cardiac_amyloidosis"", ""identified_in"", ""clinical_practice""], [""Hypertrophic_cardiomyopathy"", ""distinguished_from"", ""increased_left_ventricular_myocardial_thickness_due_to_Attr_amyloidosis""]]","[[""Study"", ""proposes"", ""classification_method""], [""Classification_method"", ""for_differentiation_between"", ""Hypertrophic_cardiomyopathy""], [""Classification_method"", ""for_differentiation_between"", ""increased_left_ventricular_myocardial_thickness_due_to_Attr_amyloidosis""], [""Combined_echocardiographic_and_SCI_model"", ""increases_ability_to"", ""identify_Attr_cardiac_amyloidosis""], [""Attr_cardiac_amyloidosis"", ""identified_in"", ""clinical_practice""], [""Hypertrophic_cardiomyopathy"", ""distinguished_from"", ""increased_left_ventricular_myocardial_thickness_due_to_Attr_amyloidosis""]]",1.0,0.9461619853973389,0.9902451038360596,0.875,1.0,0.9971164327188266,0.9974047894469439,0.9976931461750613,0.9979815029031784,0.9982698596312959,0.9985582163594133,0.9988465730875307,0.999134929815648,0.9994232865437653,0.9997116432718827,1.0,0.9859824885257471,0.9901910247166835
346,Our study proposes an easily interpretable classification method for the differentiation between HCM and increased left ventricular myocardial thickness due to ATTR amyloidosis. Our combined echocardiographic and ECG model could increase the ability to identify ATTR cardiac amyloidosis in clinical practice.,an easily interpretable classification method for the differentiation between HCM proposes Our study and increased left ventricular myocardial thickness due to ATTR amyloidosis. Our combined echocardiographic and ECG model could increase the ability to identify ATTR cardiac amyloidosis in clinical practice.,"[[""Study"", ""proposes"", ""classification_method""], [""Classification_method"", ""for_differentiation_between"", ""HCM""], [""Classification_method"", ""for_differentiation_between"", ""increased_left_ventricular_myocardial_thickness_due_to ATTR amyloidosis""], [""Combined_echocardiographic_and_ECG_model"", ""could_increase_ability_to"", ""identify ATTR cardiac amyloidosis""], [""Combined_echocardiographic_and_ECG_model"", ""used_in"", ""clinical practice""]]","[[""Study"", ""proposes"", ""easily_interpretable_classification_method""], [""Easily_interpretable_classification_method"", ""for_differentiation_between"", ""HCM""], [""Easily_interpretable_classification_method"", ""for_differentiation_between"", ""increased_left_ventricular_myocardial_thickness_due_to ATTR amyloidosis""], [""Combined_echocardiographic_and_ECG_model"", ""could_increase_ability_to"", ""identify ATTR cardiac amyloidosis""], [""Combined_echocardiographic_and_ECG_model"", ""used_in"", ""clinical practice""]]",1.0,0.95494544506073,0.8768588900566101,0.7380952380952381,1.0,0.9521572376374173,0.9569415138736755,0.9617257901099339,0.9665100663461921,0.9712943425824504,0.9760786188187087,0.9808628950549669,0.9856471712912251,0.9904314475274835,0.9952157237637418,1.0,0.9657143802492516,0.9373537640473397
347,Our study proposes an easily interpretable classification method for the differentiation between HCM and increased left ventricular myocardial thickness due to ATTR amyloidosis. Our combined echocardiographic and ECG model could increase the ability to identify ATTR cardiac amyloidosis in clinical practice.,"Normothermic normokalemic simultaneous antegrade/retrograde perfusion did not improve, but slightly impaired myocardial oxygenation and energy metabolism of beating hypertrophied hearts relative to NNAP. Therefore, NNSP for protection of beating hypertrophied hearts during valve surgery should be used with extra caution.","[[""Study"", ""proposes"", ""classification_method""], [""Classification_method"", ""used_for"", ""differentiation_between_HCM_and ATTR_amyloidosis""], [""Classification_method"", ""based_on"", ""Echocardiography""], [""Classification_method"", ""based_on"", ""ECG""], [""Echocardiographic_and_ECG_model"", ""increases_ability_to"", ""identifyATTR_cardiac_amyloidosis""], [""ATTR_cardiac_amyloidosis"", ""identified_in"", ""clinical_practice""], [""HCM"", ""distinguished_from"", ""increased_left_ventricular_myocardial_thickness_due_to ATTR_amyloidosis""]]","[[""Normothermic_normokalemic_simultaneous_antegrade/retrograde_perfusion"", ""did_not_improve"", ""myocardial_oxygenation""], [""Normothermic_normokalemic_simultaneous_antegrade/retrograde_perfusion"", ""did_not_improve"", ""energy_metabolism""], [""Normothermic_normokalemic_simultaneous_antegrade/retrograde_perfusion"", ""compared_to"", ""NNAP""], [""Beating_hypertrophied_hearts"", ""require"", ""protection_during_valve_surgery""], [""NNSP"", ""used_for"", ""protection_of_beating_hypertrophied_hearts""], [""NNSP"", ""should_be_used_with"", ""extra_cautious""], [""Valve_surgery"", ""involves"", ""beating_hypertrophied_hearts""], [""NNAP"", ""compared_to"", ""Normothermic_normokalemic_simultaneous_antegrade/retrograde_perfusion""]]",0.0,0.0,0.0163821280002594,0.0,0.0,0.47924661576241095,0.43132195418616986,0.3833972926099288,0.33547263103368763,0.28754796945744654,0.23962330788120548,0.1916986463049644,0.1437739847287233,0.09584932315248217,0.04792466157624108,0.0,0.39637866380323267,0.5980502084572613
348,"This s the first report from a population-based study to indicate that there is an association between serum chloride level and the incidence of total, CVD and non-CVD mortalities. The risk ratio for CVD mortality associated with a low serum chloride level was comparable to or higher than those observed for well-established CVD risk factors.","This s the first document from a universe-based survey to indicate that there is an connection between serum chloride level and the incidence of total, CVD and non-CVD mortalities. The hazard proportion for CVD deathrate linked with a low serum chloride degree was comparable to or greater than those observed for well-established CVD probability factors.","[[""Population-based_study"", ""reports"", ""association""], [""Association"", ""between"", ""serum_chloride_level""], [""Association"", ""and"", ""incidence_of_total_mortalities""], [""Association"", ""and"", ""incidence_of_CVD_mortalities""], [""Association"", ""and"", ""incidence_of_non-CVD_mortalities""], [""Risk_ratio"", ""for"", ""CVD_mortality""], [""Risk_ratio"", ""associated_with"", ""low_serum_chloride_level""], [""Low_serum_chloride_level"", ""comparable_to"", ""well-established_CVD_risk_factors""], [""Well-established_CVD_risk_factors"", ""have"", ""comparable_risk_ratio""]]","[[""Universe-based_survey"", ""reports"", ""connection""], [""Connection"", ""between"", ""serum_chloride_level""], [""Connection"", ""and"", ""incidence_of_total_mortalities""], [""Connection"", ""and"", ""incidence_of_CVD_mortalities""], [""Connection"", ""and"", ""incidence_of_non-CVD_mortalities""], [""Hazard_proportion"", ""for"", ""CVD_deathrate""], [""Hazard_proportion"", ""linked_with"", ""low_serum_chloride_degree""], [""Low_serum_chloride_degree"", ""comparable_to"", ""well-established_CVD_probability_factors""], [""Well-established_CVD_probability_factors"", ""have"", ""comparable_hazard_proportion""]]",0.20573779994945587,0.0,0.5210019946098328,0.36363636363636365,0.5672273623252055,0.9524268175527943,0.9139068720300355,0.8753869265072767,0.8368669809845176,0.7983470354617588,0.7598270899389999,0.7213071444162411,0.6827871988934822,0.6442672533707232,0.6057473078479644,0.5672273623252055,0.8787972630511489,0.8848685754808037
349,"This s the first report from a population-based study to indicate that there is an association between serum chloride level and the incidence of total, CVD and non-CVD mortalities. The risk ratio for CVD mortality associated with a low serum chloride level was comparable to or higher than those observed for well-established CVD risk factors.","This s the first report from a population-based study to indicate that there is an association between serum chloride level and the incidence of total, The Main Gate Syndrome and non-CVD mortalities. The risk ratio for CVD mortality associated with a low serum chloride level was comparable to or higher than those observed for well-established CVD risk factors.","[[""Population-based_study"", ""reports"", ""association""], [""Association"", ""between"", ""Serum_chloride_level""], [""Association"", ""and"", ""incidence_of_total_mortality""], [""Association"", ""and"", ""incidence_of_CVD_mortality""], [""Association"", ""and"", ""incidence_of_non-CVD_mortality""], [""Risk_ratio"", ""for"", ""CVD_mortality""], [""Risk_ratio"", ""associated_with"", ""low_Serum_chloride_level""], [""Low_Serum_chloride_level"", ""comparable_to"", ""well-established_CVD_risk_factors""]]","[[""Population-based_study"", ""reports"", ""association""], [""Association"", ""between"", ""Serum_chloride_level""], [""Association"", ""and"", ""incidence_of_total_mortality""], [""Association"", ""and"", ""incidence_of_The_Main_Gate_Syndrome""], [""Association"", ""and"", ""incidence_of_non-CVD_mortality""], [""Risk_ratio"", ""for"", ""CVD_mortality""], [""Risk_ratio"", ""associated_with"", ""low_Serum_chloride_level""], [""Low_Serum_chloride_level"", ""comparable_to"", ""well-established_CVD_risk_factors""]]",1.0,0.9858536720275879,0.9846785068511963,0.75,0.8179128813519698,0.9965561456964241,0.9786918192619787,0.9608274928275333,0.9429631663930879,0.9250988399586424,0.907234513524197,0.8893701870897516,0.8715058606553061,0.8536415342208606,0.8357772077864152,0.8179128813519698,0.9984856315585995,0.9619623940924448
350,"This s the first report from a population-based study to indicate that there is an association between serum chloride level and the incidence of total, CVD and non-CVD mortalities. The risk ratio for CVD mortality associated with a low serum chloride level was comparable to or higher than those observed for well-established CVD risk factors.","the first report from a population-based study to indicate that there is an association between serum chloride level and the incidence of total, CVD and non-CVD mortalities s This. The risk ratio for CVD mortality associated with a low serum chloride level was comparable to or higher than those observed for well-established CVD risk factors.","[[""Population-based_study"", ""indicate"", ""association""], [""Association"", ""between"", ""serum_chloride_level""], [""Association"", ""and"", ""incidence_of_total_mortalities""], [""Association"", ""and"", ""incidence_of_CVD_mortalities""], [""Association"", ""and"", ""incidence_of_non-CVD_mortalities""], [""Risk_ratio"", ""for"", ""CVD_mortality""], [""Low_serum_chloride_level"", ""associated_with"", ""CVD_mortality""], [""Risk_ratio"", ""comparable_to"", ""well-established_CVD_risk_factors""]]","[[""Population-based_study"", ""indicate"", ""association""], [""Association"", ""between"", ""serum_chloride_level""], [""Association"", ""and"", ""incidence_of_total_mortalities""], [""Association"", ""and"", ""incidence_of_CVD_mortalities""], [""Association"", ""and"", ""incidence_of_non-CVD_mortalities""], [""Risk_ratio"", ""for"", ""CVD_mortality""], [""Low_serum_chloride_level"", ""associated_with"", ""CVD_mortality""], [""Risk_ratio"", ""comparable_to"", ""well-established_CVD_risk_factors""]]",1.0,0.9999998807907104,1.0,1.0,1.0,0.9999999984995236,0.9999999986495712,0.9999999987996189,0.9999999989496664,0.9999999990997142,0.9999999992497618,0.9999999993998094,0.9999999995498571,0.9999999996999047,0.9999999998499524,1.0,0.9999999940395354,1.0
351,"This s the first report from a population-based study to indicate that there is an association between serum chloride level and the incidence of total, CVD and non-CVD mortalities. The risk ratio for CVD mortality associated with a low serum chloride level was comparable to or higher than those observed for well-established CVD risk factors.","The results of this study suggest that normothermic CPB does not prevent the development of the ""euthyroid sick syndrome"" during and after CPB. Despite these changes in thyroid function, most patients in both groups had a normal postoperative recovery.","[[""Serum_chloride_level"", ""associated_with"", ""incidence_of_total_mortality""], [""Serum_chloride_level"", ""associated_with"", ""CVD_mortality""], [""Serum_chloride_level"", ""associated_with"", ""non-CVD_mortality""], [""CVD_mortality"", ""has"", ""risk_ratio""], [""Risk_ratio"", ""associated_with"", ""low_serum_chloride_level""], [""Low_serum_chloride_level"", ""comparable_to"", ""well-established_CVD_risk_factors""], [""Low_serum_chloride_level"", ""has_risk_ratio"", ""higher_than_well-established_CVD_risk_factors""]]","[[""Normothermic_CPB"", ""does_not_prevent"", ""development_of_euthyroid_sick_syndrome""], [""Euthyroid_sick_syndrome"", ""develops_during"", ""CPB""], [""Euthyroid_sick_syndrome"", ""develops_after"", ""CPB""], [""Patients"", ""have"", ""normal_postoperative_recovery""], [""Thyroid_function"", ""changes"", ""during_CPB""], [""Thyroid_function"", ""changes"", ""after_CPB""]]",0.0,0.0,0.08933503180742264,0.0,0.0,0.3570937461915828,0.3213843715724245,0.28567499695326626,0.24996562233410793,0.21425624771494967,0.1785468730957914,0.14283749847663313,0.10712812385747486,0.07141874923831654,0.03570937461915827,0.0,0.3244077808998175,0.4760547735809427
352,"GHD men receiving GH treatment have a mortality rate not different from the background population. In women, after exclusion of high-risk patients, mortality was not different from the background population except for CVD. Mortality due to malignancies was not elevated in adults receiving GH treatment. Next to gender, the heterogeneous etiology is of influence on mortality in GHD adults with GH treatment.","GHD men receiving GH therapy have a mortality rate not unlike from the background population. Mortality due to malignance was not elevated in adults receiving GH treatment. In women, after exclusion of high-probability individuals, mortality was not different from the background population except for CVD. Next to gender, the heterogenous etiology is of influence on mortality in GHD adults with GH intervention.","[[""GHD_men"", ""receiving"", ""GH_treatment""], [""GHD_men"", ""mortality_rate"", ""background_population""], [""women"", ""receiving"", ""GH_treatment""], [""women"", ""mortality_rate"", ""background_population""], [""high-risk_patients"", ""excluded_from"", ""women""], [""CVD"", ""affects"", ""women""], [""malignancies"", ""mortality_rate"", ""not_elevated""], [""GHD_adults"", ""receiving"", ""GH_treatment""], [""gender"", ""influence_on"", ""mortality""], [""heterogeneous_etiology"", ""influence_on"", ""mortality""]]","[[""GHD_men"", ""receiving"", ""GH_therapy""], [""GHD_men"", ""mortality_rate"", ""background_population""], [""malignance"", ""mortality_rate"", ""not_elevated""], [""adults"", ""receiving"", ""GH_treatment""], [""women"", ""receiving"", ""GH_treatment""], [""high-probability_individuals"", ""excluded_from"", ""women""], [""CVD"", ""affects"", ""women""], [""gender"", ""influence_on"", ""mortality""], [""heterogenous_etiology"", ""influence_on"", ""mortality""], [""GHD_adults"", ""receiving"", ""GH_intervention""]]",0.6363636363636364,0.4694410562515259,0.8857055306434631,0.24845199749997662,0.5272031123704807,0.9891545771224102,0.9429594306472173,0.8967642841720244,0.8505691376968312,0.8043739912216383,0.7581788447464455,0.7119836982712525,0.6657885517960596,0.6195934053208665,0.5733982588456736,0.5272031123704807,0.9624403152879992,0.8101163396265321
353,"GHD men receiving GH treatment have a mortality rate not different from the background population. In women, after exclusion of high-risk patients, mortality was not different from the background population except for CVD. Mortality due to malignancies was not elevated in adults receiving GH treatment. Next to gender, the heterogeneous etiology is of influence on mortality in GHD adults with GH treatment.","GHD men receiving GH treatment have a mortality rate not different from the background population. In women, after exclusion of high-risk patients, mortality was not different from the background population except for DSM. Mortality due to malignancies was not elevated in adults receiving GH treatment. Next to gender, the heterogeneous etiology is of influence on mortality in GHD adults with GH treatment.","[[""GHD_men"", ""receiving"", ""GH_treatment""], [""GHD_men"", ""mortality_rate"", ""background_population""], [""GHD_women"", ""receiving"", ""GH_treatment""], [""GHD_women"", ""mortality"", ""background_population""], [""GHD_women"", ""exception"", ""CVD""], [""GH_treatment"", ""mortality_due_to"", ""malignancies""], [""mortality_due_to_malignancies"", ""not_elevated"", ""adults""], [""gender"", ""influence_on"", ""mortality""], [""heterogeneous_etiology"", ""influence_on"", ""mortality""]]","[[""GHD_men"", ""receiving"", ""GH_treatment""], [""GHD_men"", ""mortality_rate"", ""background_population""], [""GHD_women"", ""receiving"", ""GH_treatment""], [""GHD_women"", ""mortality"", ""background_population""], [""GHD_women"", ""exception"", ""DSM""], [""GH_treatment"", ""mortality_due_to"", ""malignancies""], [""mortality_due_to_malignancies"", ""not_elevated"", ""adults""], [""gender"", ""influence_on"", ""mortality""], [""heterogeneous_etiology"", ""influence_on"", ""mortality""]]",0.7962962962962963,0.9659008383750916,0.9593422412872314,0.6666666666666666,0.6666666666666666,0.995841215419327,0.962923760544061,0.9300063056687949,0.8970888507935288,0.8641713959182629,0.8312539410429969,0.7983364861677308,0.7654190312924647,0.7325015764171987,0.6995841215419326,0.6666666666666666,0.9712495802176146,0.9885795385095034
354,"GHD men receiving GH treatment have a mortality rate not different from the background population. In women, after exclusion of high-risk patients, mortality was not different from the background population except for CVD. Mortality due to malignancies was not elevated in adults receiving GH treatment. Next to gender, the heterogeneous etiology is of influence on mortality in GHD adults with GH treatment.","a mortality rate not different from the background population have GHD men receiving GH treatment. In women, after exclusion of high-risk patients, mortality was not different from the background population except for CVD. Mortality due to malignancies was not elevated in adults receiving GH treatment. Next to gender, the heterogeneous etiology is of influence on mortality in GHD adults with GH treatment.","[[""GHD_men"", ""receiving"", ""GH_treatment""], [""GHD_men"", ""mortality_rate"", ""background_population""], [""women"", ""receiving"", ""GH_treatment""], [""women"", ""mortality"", ""background_population""], [""high-risk_patients"", ""excluded_from"", ""women""], [""CVD"", ""affects"", ""mortality_in_women""], [""malignancies"", ""mortality"", ""not_elevated""], [""adults"", ""receiving"", ""GH_treatment""], [""gender"", ""influence_on"", ""mortality""], [""heterogeneous_etiology"", ""influence_on"", ""mortality""]]","[[""GHD_men"", ""receiving"", ""GH_treatment""], [""GHD_men"", ""mortality_rate"", ""background_population""], [""women"", ""receiving"", ""GH_treatment""], [""women"", ""mortality"", ""background_population""], [""high-risk_patients"", ""excluded_from"", ""women""], [""CVD"", ""affects"", ""mortality_in_women""], [""malignancies"", ""mortality"", ""not_elevated""], [""adults"", ""receiving"", ""GH_treatment""], [""gender"", ""influence_on"", ""mortality""], [""heterogeneous_etiology"", ""influence_on"", ""mortality""]]",1.0,1.0,0.9999999403953552,1.0,1.0,0.9999999117767714,0.9999999205990943,0.9999999294214172,0.9999999382437399,0.9999999470660629,0.9999999558883856,0.9999999647107085,0.9999999735330314,0.9999999823553543,0.9999999911776771,1.0,0.9999999961486229,0.9999999877530933
355,"GHD men receiving GH treatment have a mortality rate not different from the background population. In women, after exclusion of high-risk patients, mortality was not different from the background population except for CVD. Mortality due to malignancies was not elevated in adults receiving GH treatment. Next to gender, the heterogeneous etiology is of influence on mortality in GHD adults with GH treatment.",There is a dearth of studies addressing diagnostic and treatment interventions in the sports medicine literature. The evidence base for sports medicine must continue to increase in terms of volume and quality.,"[[""GHD_men"", ""receiving"", ""GH_treatment""], [""GHD_men"", ""mortality_rate"", ""background_population""], [""GHD_women"", ""receiving"", ""GH_treatment""], [""GHD_women"", ""mortality_rate"", ""background_population""], [""GHD_women"", ""mortality_due_to"", ""CVD""], [""GH_treatment"", ""mortality_due_to"", ""malignancies""], [""malignancies"", ""mortality_rate"", ""not_elevated""], [""GHD_adults"", ""mortality"", ""influenced_by""], [""GHD_adults"", ""mortality_influenced_by"", ""gender""], [""GHD_adults"", ""mortality_influenced_by"", ""heterogeneous_etiology""]]","[[""Sports_medicine"", ""has"", ""dearth_of_studies""], [""Sports_medicine"", ""needs"", ""diagnostic_interventions""], [""Sports_medicine"", ""needs"", ""treatment_interventions""], [""Sports_medicine_literature"", ""evidence_base"", ""needs_increase""], [""Sports_medicine_literature"", ""evidence_base_increase"", ""volume""], [""Sports_medicine_literature"", ""evidence_base_increase"", ""quality""]]",0.0,0.0,0.0,0.0,0.0,0.395708072100785,0.3561372648907065,0.316566457680628,0.27699565047054947,0.237424843260471,0.1978540360503925,0.158283228840314,0.11871242163023552,0.07914161442015699,0.039570807210078496,0.0,0.3308481614581855,0.41605320622964104
356,The Medicaid Demonstration in Florida appears to result in lower PMPM expenditures. Demonstration PSNs generated slightly greater reductions in expenditures compared to Demonstration HMOs. PSNs appear to be a promising model for delivering care to Medicaid enrollees.,The Medicaid Demonstration in Florida appears to finding in reduced PMPM outgo. Demonstration PSNs generated slightly greater decrease in outgo compared to Demonstration HMOs. PSNs appear to be a promising model for delivering attention to Medicaid enrollees.,"[[""Medicaid_Demonstration"", ""implemented_in"", ""Florida""], [""Medicaid_Demonstration"", ""resulted_in"", ""lower_PMPM_expenditures""], [""Demonstration_PSNs"", ""compared_to"", ""Demonstration_HMOs""], [""Demonstration_PSNs"", ""generated"", ""greater_reductions_in_expenditures""], [""Demonstration_HMOs"", ""generated"", ""reductions_in_expenditures""], [""PSNs"", ""model_for"", ""delivering_care""], [""PSNs"", ""promising_model_for"", ""Medicaid_enrollees""]]","[[""Medicaid_Demonstration"", ""implemented_in"", ""Florida""], [""Medicaid_Demonstration"", ""resulted_in"", ""reduced_PMPM_outgo""], [""Demonstration_PSNs"", ""compared_to"", ""Demonstration_HMOs""], [""Demonstration_PSNs"", ""generated"", ""greater_decrease_in_outgo""], [""Demonstration_HMOs"", ""generated"", ""decrease_in_outgo""], [""PSNs"", ""model_for"", ""delivering_attention""], [""PSNs"", ""promising_model_for"", ""Medicaid_enrollees""]]",0.38095238095238093,0.7315461039543152,0.8375082015991211,0.26666666666666666,0.45,0.9154546220741817,0.8689091598667636,0.8223636976593454,0.7758182354519272,0.729272773244509,0.6827273110370908,0.6361818488296727,0.5896363866222545,0.5430909244148363,0.4965454622074182,0.45,0.8762140796231617,0.9419864330394211
357,The Medicaid Demonstration in Florida appears to result in lower PMPM expenditures. Demonstration PSNs generated slightly greater reductions in expenditures compared to Demonstration HMOs. PSNs appear to be a promising model for delivering care to Medicaid enrollees.,AUD in Florida appears to result in lower PMPM expenditures. Demonstration PSNs generated slightly greater reductions in expenditures compared to Demonstration HMOs. PSNs appear to be a promising model for delivering care to Medicaid enrollees.,"[[""Medicaid_Demonstration"", ""result_in"", ""lower_PMPM_expenditures""], [""Medicaid_Demonstration"", ""located_in"", ""Florida""], [""Demonstration_PSNs"", ""part_of"", ""Medicaid_Demonstration""], [""Demonstration_HMOs"", ""part_of"", ""Medicaid_Demonstration""], [""Demonstration_PSNs"", ""compares_to"", ""Demonstration_HMOs""], [""Demonstration_PSNs"", ""generated"", ""reductions_in_expenditures""], [""PSNs"", ""promising_model_for"", ""Medicaid_enrollees""]]","[[""AUD"", ""result_in"", ""lower_PMPM_expenditures""], [""AUD"", ""located_in"", ""Florida""], [""Demonstration_PSNs"", ""part_of"", ""AUD""], [""Demonstration_HMOs"", ""part_of"", ""AUD""], [""Demonstration_PSNs"", ""compares_to"", ""Demonstration_HMOs""], [""Demonstration_PSNs"", ""generated"", ""reductions_in_expenditures""], [""PSNs"", ""promising_model_for"", ""Medicaid_enrollees""]]",0.3333333333333333,0.9778982400894165,0.9786648750305176,0.875,0.8074061938731719,0.8744141521635596,0.8677133563345207,0.861012560505482,0.8543117646764433,0.8476109688474045,0.8409101730183657,0.834209377189327,0.8275085813602883,0.8208077855312494,0.8141069897022107,0.8074061938731719,0.8590883579930275,0.9009911230432053
358,The Medicaid Demonstration in Florida appears to result in lower PMPM expenditures. Demonstration PSNs generated slightly greater reductions in expenditures compared to Demonstration HMOs. PSNs appear to be a promising model for delivering care to Medicaid enrollees.,The Medicaid Demonstration in Florida appears to result in lower PMPM expenditures. slightly greater reductions in expenditures generated Demonstration PSNs compared to Demonstration HMOs. PSNs appear to be a promising model for delivering care to Medicaid enrollees.,"[[""Medicaid_Demonstration"", ""located_in"", ""Florida""], [""Medicaid_Demonstration"", ""results_in"", ""lower_PMPM_expenditures""], [""Demonstration_PSNs"", ""compared_to"", ""Demonstration_HMOs""], [""Demonstration_PSNs"", ""generated"", ""greater_reductions_in_expenditures""], [""Demonstration_HMOs"", ""generated"", ""reductions_in_expenditures""], [""PSNs"", ""promising_model_for"", ""Medicaid_enrollees""]]","[[""Medicaid_Demonstration"", ""located_in"", ""Florida""], [""Medicaid_Demonstration"", ""results_in"", ""lower_PMPM_expenditures""], [""Demonstration_PSNs"", ""compared_to"", ""Demonstration_HMOs""], [""Demonstration_PSNs"", ""generated"", ""greater_reductions_in_expenditures""], [""Demonstration_HMOs"", ""generated"", ""reductions_in_expenditures""], [""PSNs"", ""promising_model_for"", ""Medicaid_enrollees""]]",1.0,1.0,0.9999999403953552,1.0,1.0,1.0,1.0,1.0,1.0,1.0,1.0,1.0,1.0,1.0,1.0,1.0,0.9999999920527141,0.9999999392138494
359,The Medicaid Demonstration in Florida appears to result in lower PMPM expenditures. Demonstration PSNs generated slightly greater reductions in expenditures compared to Demonstration HMOs. PSNs appear to be a promising model for delivering care to Medicaid enrollees.,"NT thickness does not show a significative increase in those women who subsequently develop GDM. Therefore, NT assessment does not prove to be an useful ultrasound parameter for predicting GDM onset during pregnancy.","[[""Medicaid_Demonstration"", ""result_of"", ""lower_PMPM_expenditures""], [""Demonstration_PSNs"", ""generated"", ""reductions_in_expenditures""], [""Demonstration_HMOs"", ""generated"", ""reductions_in_expenditures""], [""Demonstration_PSNs"", ""compared_to"", ""Demonstration_HMOs""], [""PSNs"", ""model_for"", ""delivering_care_to_Medicaid_enrollees""], [""Medicaid_enrollees"", ""receive_care_from"", ""PSNs""]]","[[""NT_thickness"", ""does_not_show"", ""increase""], [""NT_thickness"", ""related_to"", ""GDM""], [""GDM"", ""onset_during"", ""pregnancy""], [""NT_assessment"", ""not_useful_for"", ""predicting_GDM_onset""], [""NT_assessment"", ""type_of"", ""ultrasound_parameter""], [""ultrasound_parameter"", ""used_for"", ""predicting_GDM_onset""]]",0.0,0.0,0.0,0.0,0.0,0.20771478565063503,0.18694330708557153,0.16617182852050805,0.1454003499554445,0.12462887139038101,0.10385739282531752,0.08308591426025402,0.06231443569519052,0.041542957130127,0.0207714785650635,0.0,0.24672552817790488,0.2598556903285966
360,"Severely injured patients treated at a level III center had a higher mortality rate than those treated at a level I center. Most problems identified occurred in the emergency department and were related to delays in care provision. This research highlights the importance of efficient prehospital, in-hospital, and regional trauma systems, performance monitoring, peer review, and adherence to protocols and guidelines.","Severely injured individuals treated at a level III center had a greater mortality rate than those treated at a level I center. the majority of problems identified occurred in the emergency department and were related to delays in care provision. the importance of efficient prehospital, in-hospital, and regional trauma systems, performance monitoring, peer review, and adherence to protocols and guidelines was highlighted by This research.","[[""Severely_injured_patients"", ""treated_at"", ""level_III_center""], [""Severely_injured_patients"", ""treated_at"", ""level_I_center""], [""Level_III_center"", ""has_higher_mortality_rate"", ""level_I_center""], [""Problems"", ""occur_in"", ""emergency_department""], [""Problems"", ""related_to"", ""delays_in_care_provision""], [""Research"", ""highlights_importance_of"", ""efficient_prehospital_trauma_systems""], [""Research"", ""highlights_importance_of"", ""efficient_in-hospital_trauma_systems""], [""Research"", ""highlights_importance_of"", ""efficient_regional_trauma_systems""], [""Research"", ""highlights_importance_of"", ""performance_monitoring""], [""Research"", ""highlights_importance_of"", ""peer_review""], [""Research"", ""highlights_importance_of"", ""adherence_to_protocols_and_guidelines""]]","[[""Severely_injured_individuals"", ""treated_at"", ""level_III_center""], [""Severely_injured_individuals"", ""treated_at"", ""level_I_center""], [""Level_III_center"", ""has_higher_mortality_rate"", ""level_I_center""], [""Problems"", ""occur_in"", ""emergency_department""], [""Problems"", ""related_to"", ""delays_in_care_provision""], [""Research"", ""highlights_importance_of"", ""efficient_prehospital_trauma_systems""], [""Research"", ""highlights_importance_of"", ""efficient_in-hospital_trauma_systems""], [""Research"", ""highlights_importance_of"", ""efficient_regional_trauma_systems""], [""Research"", ""highlights_importance_of"", ""performance_monitoring""], [""Research"", ""highlights_importance_of"", ""peer_review""], [""Research"", ""highlights_importance_of"", ""adherence_to_protocols_and_guidelines""]]",1.0,0.9774333834648132,0.993554413318634,0.9230769230769231,1.0,0.9983153786777141,0.9984838408099427,0.9986523029421714,0.9988207650743999,0.9989892272066285,0.9991576893388571,0.9993261514710856,0.9994946136033143,0.9996630757355428,0.9998315378677715,1.0,0.9965999913382118,0.9966667968171674
361,"Severely injured patients treated at a level III center had a higher mortality rate than those treated at a level I center. Most problems identified occurred in the emergency department and were related to delays in care provision. This research highlights the importance of efficient prehospital, in-hospital, and regional trauma systems, performance monitoring, peer review, and adherence to protocols and guidelines.","Severely injured patients treated at a level CPAP center had a higher mortality rate than those treated at a level I center. Most problems identified occurred in the emergency department and were related to delays in care provision. This research highlights the importance of efficient prehospital, in-hospital, and regional trauma systems, performance monitoring, peer review, and adherence to protocols and guidelines.","[[""Level_III_center"", ""compared_to"", ""level_I_center""], [""Severely_injured_patients"", ""treated_at"", ""level_III_center""], [""Severely_injured_patients"", ""treated_at"", ""level_I_center""], [""Level_III_center"", ""higher_mortality_rate"", ""level_I_center""], [""Emergency_department"", ""problems_identified"", ""delays_in_care_provision""], [""Research"", ""highlights"", ""importance_of_efficient_trauma_systems""], [""Efficient_trauma_systems"", ""include"", ""prehospital""], [""Efficient_trauma_systems"", ""include"", ""in-hospital""], [""Efficient_trauma_systems"", ""include"", ""regional_trauma_systems""], [""Efficient_trauma_systems"", ""include"", ""performance_monitoring""], [""Efficient_trauma_systems"", ""include"", ""peer_review""], [""Efficient_trauma_systems"", ""include"", ""adherence_to_protocols_and_guidelines""]]","[[""Level_CPAP_center"", ""compared_to"", ""level_I_center""], [""Severely_injured_patients"", ""treated_at"", ""level_CPAP_center""], [""Severely_injured_patients"", ""treated_at"", ""level_I_center""], [""Level_CPAP_center"", ""higher_mortality_rate"", ""level_I_center""], [""Emergency_department"", ""problems_identified"", ""delays_in_care_provision""], [""Research"", ""highlights"", ""importance_of_efficient_trauma_systems""], [""Efficient_trauma_systems"", ""include"", ""prehospital""], [""Efficient_trauma_systems"", ""include"", ""in-hospital""], [""Efficient_trauma_systems"", ""include"", ""regional_trauma_systems""], [""Efficient_trauma_systems"", ""include"", ""performance_monitoring""], [""Efficient_trauma_systems"", ""include"", ""peer_review""], [""Efficient_trauma_systems"", ""include"", ""adherence_to_protocols_and_guidelines""]]",0.8740073734751262,0.9033732414245605,0.9730347990989685,0.9285714285714286,0.929476090536648,0.9832918496826633,0.9779102737680618,0.9725286978534602,0.9671471219388587,0.9617655460242571,0.9563839701096557,0.9510023941950541,0.9456208182804526,0.9402392423658511,0.9348576664512495,0.929476090536648,0.9753156789086466,0.984716523850798
362,"Severely injured patients treated at a level III center had a higher mortality rate than those treated at a level I center. Most problems identified occurred in the emergency department and were related to delays in care provision. This research highlights the importance of efficient prehospital, in-hospital, and regional trauma systems, performance monitoring, peer review, and adherence to protocols and guidelines.","Severely injured patients treated at a level III center had a higher mortality rate than those treated at a level I center. Most problems identified occurred in the emergency department and were related to delays in care provision. the importance of efficient prehospital, in-hospital, and regional trauma systems, performance monitoring, peer review, and adherence to protocols and guidelines highlights This research.","[[""Severely_injured_patients"", ""treated_at"", ""level_III_center""], [""Level_III_center"", ""compare_to"", ""level_I_center""], [""Level_III_center"", ""have_higher_mortality_rate"", ""level_I_center""], [""Problems"", ""occur_in"", ""emergency_department""], [""Delays_in_care_provision"", ""related_to"", ""problems_in_emergency_department""], [""Research"", ""highlights"", ""importance_of_efficient_trauma_systems""], [""Efficient_trauma_systems"", ""include"", ""prehospital_systems""], [""Efficient_trauma_systems"", ""include"", ""in-hospital_systems""], [""Efficient_trauma_systems"", ""include"", ""regional_trauma_systems""], [""Efficient_trauma_systems"", ""require"", ""performance_monitoring""], [""Efficient_trauma_systems"", ""require"", ""peer_review""], [""Efficient_trauma_systems"", ""require"", ""adherence_to_protocols""], [""Efficient_trauma_systems"", ""require"", ""adherence_to_guidelines""]]","[[""Severely_injured_patients"", ""treated_at"", ""level_III_center""], [""Level_III_center"", ""compare_to"", ""level_I_center""], [""Level_III_center"", ""have_higher_mortality_rate"", ""level_I_center""], [""Problems"", ""occur_in"", ""emergency_department""], [""Delays_in_care_provision"", ""related_to"", ""problems_in_emergency_department""], [""Research"", ""highlights"", ""importance_of_efficient_trauma_systems""], [""Efficient_trauma_systems"", ""include"", ""prehospital_systems""], [""Efficient_trauma_systems"", ""include"", ""in-hospital_systems""], [""Efficient_trauma_systems"", ""include"", ""regional_trauma_systems""], [""Efficient_trauma_systems"", ""require"", ""performance_monitoring""], [""Efficient_trauma_systems"", ""require"", ""peer_review""], [""Efficient_trauma_systems"", ""require"", ""adherence_to_protocols""], [""Efficient_trauma_systems"", ""require"", ""adherence_to_guidelines""]]",1.0,0.9999999403953552,1.0,1.0,1.0,0.9999999982273327,0.9999999984045994,0.9999999985818662,0.9999999987591328,0.9999999989363996,0.9999999991136663,0.9999999992909331,0.9999999994681998,0.9999999996454665,0.9999999998227332,1.0,0.9999999685614699,0.999999986877498
363,"Severely injured patients treated at a level III center had a higher mortality rate than those treated at a level I center. Most problems identified occurred in the emergency department and were related to delays in care provision. This research highlights the importance of efficient prehospital, in-hospital, and regional trauma systems, performance monitoring, peer review, and adherence to protocols and guidelines.","Numerous studies have found that taxation is one of the most effective policy instruments for tobacco control. However, these findings come from countries that have market economies where market forces determine prices and influence how cigarette taxes are passed to the consumers in retail prices. China's tobacco industry is not a market economy; therefore, non-market forces and the current Chinese tobacco monopoly system determine cigarette prices. The result is that tax increases do not necessarily get passed on to the retail price.","[[""Level_III_center"", ""has_higher_mortality_rate_than"", ""level_I_center""], [""Severely_injured_patients"", ""treated_at"", ""level_III_center""], [""Severely_injured_patients"", ""treated_at"", ""level_I_center""], [""Emergency_department"", ""has"", ""delays_in_care_provision""], [""Delays_in_care_provision"", ""occur_in"", ""emergency_department""]]","[[""Numerous_studies"", ""found"", ""taxation_effectiveness""], [""Taxation"", ""is"", ""policy_instrument""], [""Taxation"", ""effective_for"", ""tobacco_control""], [""Market_economies"", ""determine"", ""prices""], [""Market_forces"", ""influence"", ""cigarette_taxes""], [""Cigarette_taxes"", ""passed_to"", ""consumers""], [""China"", ""has"", ""tobacco_industry""], [""China"", ""has"", ""tobacco_monopoly_system""], [""Non-market_forces"", ""determine"", ""cigarette_prices""], [""Tax_increases"", ""do_not_affect"", ""retail_price""]]",0.0,0.0,0.0,0.0,0.0,0.16339067877505,0.147051610897545,0.13071254302004,0.114373475142535,0.09803440726503,0.081695339387525,0.06535627151002,0.04901720363251501,0.032678135755009996,0.016339067877504998,0.0,0.19964255151203905,0.4971860150469739
364,"Overall, 7% of women in our cohort met either clinical or molecular criteria for Lynch syndrome. All of these women had a prior history or a first-degree relative with an HNPCC-associated cancer. Limiting genetic evaluation to women with synchronous endometrial and ovarian cancer who have a family history suggestive of HNPCC may appropriately identify women with Lynch syndrome.",either medical or molecular criteria for Lynch syndrome were meeted by 7% of women in our cohort. All of these women had a prior history or a first-degree relative with an HNPCC-linked cancer. Limiting genetic evaluation to women with synchronous endometrial and ovarian cancer who have a family history suggestive of HNPCC may appropriately identify women with Lynch syndrome.,"[[""women_in_cohort"", ""percentage_meeting_criteria"", ""7%""], [""women_in_cohort"", ""meeting_criteria"", ""Lynch_syndrome""], [""women_with_Lynch_syndrome"", ""have"", ""prior_history_of_HNPCC-associated_cancer""], [""women_with_Lynch_syndrome"", ""have"", ""first-degree_relative_with_HNPCC-associated_cancer""], [""genetic_evaluation"", ""limit_to"", ""women_with_synchronous_endometrial_and_ovarian_cancer""], [""genetic_evaluation"", ""limit_to"", ""women_with_family_history_suggestive_of_HNPCC""], [""genetic_evaluation"", ""purpose"", ""identify_women_with_Lynch_syndrome""]]","[[""women_in_cohort"", ""percentage_meeting_criteria"", ""7%""], [""women_in_cohort"", ""meeting_criteria"", ""Lynch_syndrome""], [""women_with_Lynch_syndrome"", ""have"", ""prior_history_of_HNPCC-linked_cancer""], [""women_with_Lynch_syndrome"", ""have"", ""first-degree_relative_with_HNPCC-linked_cancer""], [""genetic_evaluation"", ""limit_to"", ""women_with_synchronous_endometrial_and_ovarian_cancer""], [""genetic_evaluation"", ""limit_to"", ""women_with_family_history_suggestive_of_HNPCC""], [""genetic_evaluation"", ""purpose"", ""identify_women_with_Lynch_syndrome""]]",1.0,0.923934280872345,0.9528346061706543,0.7166666666666667,1.0,0.9996775362709394,0.9997097826438455,0.9997420290167516,0.9997742753896575,0.9998065217625636,0.9998387681354697,0.9998710145083758,0.9999032608812818,0.9999355072541879,0.9999677536270939,1.0,0.9987635318492776,0.9979340611914708
365,"Overall, 7% of women in our cohort met either clinical or molecular criteria for Lynch syndrome. All of these women had a prior history or a first-degree relative with an HNPCC-associated cancer. Limiting genetic evaluation to women with synchronous endometrial and ovarian cancer who have a family history suggestive of HNPCC may appropriately identify women with Lynch syndrome.","Overall, 10% of women in our cohort met either clinical or molecular criteria for Lynch syndrome. All of these women had a prior history or a first-degree relative with an HNPCC-associated cancer. Limiting genetic evaluation to women with synchronous endometrial and ovarian cancer who have a family history suggestive of HNPCC may appropriately identify women with Lynch syndrome.","[[""women_in_cohort"", ""percentage_with_Lynch_syndrome"", ""7%""], [""women_with_Lynch_syndrome"", ""have"", ""prior_history_of_HNPCC-associated_cancer""], [""women_with_Lynch_syndrome"", ""have"", ""first-degree_relative_with_HNPCC-associated_cancer""], [""genetic_evaluation"", ""limited_to"", ""women_with_synchronous_endometrial_and_ovarian_cancer""], [""genetic_evaluation"", ""identifies"", ""women_with_Lynch_syndrome""], [""women_with_synchronous_endometrial_and_ovarian_cancer"", ""have"", ""family_history_suggestive_of_HNPCC""]]","[[""women_in_cohort"", ""percentage_with_Lynch_syndrome"", ""10%""], [""women_with_Lynch_syndrome"", ""have"", ""prior_history_of_HNPCC-associated_cancer""], [""women_with_Lynch_syndrome"", ""have"", ""first-degree_relative_with_HNPCC-associated_cancer""], [""genetic_evaluation"", ""limited_to"", ""women_with_synchronous_endometrial_and_ovarian_cancer""], [""genetic_evaluation"", ""identifies"", ""women_with_Lynch_syndrome""], [""women_with_synchronous_endometrial_and_ovarian_cancer"", ""have"", ""family_history_suggestive_of_HNPCC""]]",0.7380952380952381,0.9051238894462585,0.9476934671401978,0.7708333333333334,0.7708333333333334,0.9992351900792923,0.9763950044046965,0.9535548187301005,0.9307146330555045,0.9078744473809087,0.8850342617063128,0.8621940760317169,0.839353890357121,0.816513704682525,0.7936735190079293,0.7708333333333334,0.9849402383406456,0.9987597525972431
366,"Overall, 7% of women in our cohort met either clinical or molecular criteria for Lynch syndrome. All of these women had a prior history or a first-degree relative with an HNPCC-associated cancer. Limiting genetic evaluation to women with synchronous endometrial and ovarian cancer who have a family history suggestive of HNPCC may appropriately identify women with Lynch syndrome.","Overall, either clinical or molecular criteria for Lynch syndrome met 7% of women in our cohort. All of these women had a prior history or a first-degree relative with an HNPCC-associated cancer. Limiting genetic evaluation to women with synchronous endometrial and ovarian cancer who have a family history suggestive of HNPCC may appropriately identify women with Lynch syndrome.","[[""women_in_cohort"", ""percentage_meeting_criteria"", ""7%""], [""women_meeting_criteria"", ""have"", ""prior_history_of_HNPCC-associated_cancer""], [""women_meeting_criteria"", ""have"", ""first-degree_relative_with_HNPCC-associated_cancer""], [""genetic_evaluation"", ""limited_to"", ""women_with_synchronous_endometrial_and_ovarian_cancer""], [""genetic_evaluation"", ""limited_to"", ""women_with_family_history_suggestive_of_HNPCC""], [""genetic_evaluation"", ""identifies"", ""women_with_Lynch_syndrome""], [""Lynch_syndrome"", ""diagnosis"", ""based_on_clinical_or_molecular_criteria""]]","[[""women_in_cohort"", ""percentage_meeting_criteria"", ""7%""], [""women_meeting_criteria"", ""have"", ""prior_history_of_HNPCC-associated_cancer""], [""women_meeting_criteria"", ""have"", ""first-degree_relative_with_HNPCC-associated_cancer""], [""genetic_evaluation"", ""limited_to"", ""women_with_synchronous_endometrial_and_ovarian_cancer""], [""genetic_evaluation"", ""limited_to"", ""women_with_family_history_suggestive_of_HNPCC""], [""genetic_evaluation"", ""identifies"", ""women_with_Lynch_syndrome""], [""Lynch_syndrome"", ""diagnosis"", ""based_on_clinical_or_molecular_criteria""]]",1.0,1.0,1.0,1.0,1.0,0.9999999982926454,0.9999999984633808,0.9999999986341164,0.9999999988048518,0.9999999989755872,0.9999999991463226,0.9999999993170582,0.9999999994877936,0.9999999996585291,0.9999999998292646,1.0,0.9999999903239213,1.0
367,"Overall, 7% of women in our cohort met either clinical or molecular criteria for Lynch syndrome. All of these women had a prior history or a first-degree relative with an HNPCC-associated cancer. Limiting genetic evaluation to women with synchronous endometrial and ovarian cancer who have a family history suggestive of HNPCC may appropriately identify women with Lynch syndrome.","The survey shows significant dissatisfaction amongst consultant radiologists with the current service, confirms a low number of paediatric radiologists taking on this work, and suggests the potential to increase numbers of radiology child abuse experts by 27% if given improved training and support. Appropriate service and education strategies should be implemented.","[[""women"", ""percentage_with_Lynch_syndrome"", ""7%""], [""women_with_Lynch_syndrome"", ""have"", ""prior_history_of_HNPCC-associated_cancer""], [""women_with_Lynch_syndrome"", ""have"", ""first-degree_relative_with_HNPCC-associated_cancer""], [""genetic_evaluation"", ""limited_to"", ""women_with_synchronous_endometrial_and_ovarian_cancer""], [""women_with_synchronous_endometrial_and_ovarian_cancer"", ""have"", ""family_history_suggestive_of_HNPCC""], [""genetic_evaluation"", ""identifies"", ""women_with_Lynch_syndrome""]]","[[""consultant_radiologists"", ""express"", ""dissatisfaction_with_current_service""], [""paediatric_radiologists"", ""number"", ""low""], [""paediatric_radiologists"", ""take_on"", ""work""], [""radiology_child_abuse_experts"", ""potential_to_increase"", ""27%""], [""radiology_child_abuse_experts"", ""need"", ""improved_training_and_support""], [""service_and_education_strategies"", ""should_be"", ""implemented""]]",0.0,0.0,0.14815467596054077,0.0,0.0,0.315896477235537,0.28430682951198327,0.2527171817884296,0.22112753406487587,0.18953788634132218,0.1579482386177685,0.1263585908942148,0.0947689431706611,0.06317929544710739,0.031589647723553695,0.0,0.3097165056135903,0.49356821044017063
368,"Patients who received a metal-backed Onlay tibial component obtained better postoperative mechanical alignment compared to those who received all-polyethylene Inlay prostheses. The thicker overall construct of Onlay prostheses appears to be an important determinant of postoperative alignment. Considering their higher survivorship rates and improved postoperative mechanical alignment, Onlay prostheses should be the first option when performing medial UKR.","better postoperative mechanical alignment was obtained by individuals who received a metal-backed Onlay tibial component. The thicker overall construct of Onlay prostheses appears to be an crucial determinant of postoperative alignment. Considering their greater survivorship rates and improved postoperative mechanical alignment, Onlay prostheses should be the first option when performing medial UKR.","[[""metal-backed_Onlay_tibial_component"", ""results_in"", ""better_postoperative_mechanical_alignment""], [""all-polyethylene_Inlay_prostheses"", ""results_in"", ""worse_postoperative_mechanical_alignment""], [""Onlay_prostheses"", ""has"", ""thicker_overall_construct""], [""thicker_overall_construct"", ""determines"", ""postoperative_alignment""], [""Onlay_prostheses"", ""has"", ""higher_survivorship_rates""], [""Onlay_prostheses"", ""has"", ""improved_postoperative_mechanical_alignment""], [""Onlay_prostheses"", ""should_be"", ""first_option_for_medial_UKR""]]","[[""metal-backed_Onlay_tibial_component"", ""results_in"", ""better_postoperative_mechanical_alignment""], [""Onlay_prostheses"", ""has"", ""thicker_overall_construct""], [""thicker_overall_construct"", ""determines"", ""postoperative_alignment""], [""Onlay_prostheses"", ""has"", ""greater_survivorship_rates""], [""Onlay_prostheses"", ""has"", ""improved_postoperative_mechanical_alignment""], [""Onlay_prostheses"", ""should_be"", ""first_option_for_medial_UKR""]]",0.6943650748294136,0.45450085401535034,0.8779990077018738,0.6894542930624351,0.9185586535436917,0.9930575249355369,0.9856076377963524,0.9781577506571679,0.9707078635179833,0.9632579763787988,0.9558080892396144,0.9483582021004298,0.9409083149612453,0.9334584278220608,0.9260085406828762,0.9185586535436917,0.9826412991267852,0.9953966797624434
369,"Patients who received a metal-backed Onlay tibial component obtained better postoperative mechanical alignment compared to those who received all-polyethylene Inlay prostheses. The thicker overall construct of Onlay prostheses appears to be an important determinant of postoperative alignment. Considering their higher survivorship rates and improved postoperative mechanical alignment, Onlay prostheses should be the first option when performing medial UKR.","Patients who received a metal-backed Onlay tibial component obtained better postoperative mechanical alignment compared to those who received all-polyethylene Inlay prostheses. The thicker overall construct of Onlay prostheses appears to be an important determinant of postoperative alignment. Considering their higher survivorship rates and improved postoperative mechanical alignment, Onlay prostheses should be the first option when performing medial See Video Abstract.","[[""metal-backed_Onlay_tibial_component"", ""provides"", ""better_postoperative_mechanical_alignment""], [""all-polyethylene_Inlay_prostheses"", ""provides"", ""worse_postoperative_mechanical_alignment""], [""Onlay_prostheses"", ""has"", ""thicker_overall_construct""], [""thicker_overall_construct"", ""determines"", ""postoperative_alignment""], [""Onlay_prostheses"", ""has"", ""higher_survivorship_rates""], [""Onlay_prostheses"", ""provides"", ""improved_postoperative_mechanical_alignment""], [""Onlay_prostheses"", ""recommended_for"", ""medial_UKR""]]","[[""metal-backed_Onlay_tibial_component"", ""provides"", ""better_postoperative_mechanical_alignment""], [""all-polyethylene_Inlay_prostheses"", ""provides"", ""worse_postoperative_mechanical_alignment""], [""Onlay_prostheses"", ""has"", ""thicker_overall_construct""], [""thicker_overall_construct"", ""determines"", ""postoperative_alignment""], [""Onlay_prostheses"", ""has"", ""higher_survivorship_rates""], [""Onlay_prostheses"", ""provides"", ""improved_postoperative_mechanical_alignment""], [""Onlay_prostheses"", ""recommended_for"", ""medial_UKR""]]",1.0,1.0,1.0,1.0,1.0,0.9999999230263014,0.9999999307236712,0.9999999384210412,0.9999999461184108,0.9999999538157808,0.9999999615131507,0.9999999692105206,0.9999999769078904,0.9999999846052603,0.9999999923026301,1.0,0.9999999928474426,1.0
370,"Patients who received a metal-backed Onlay tibial component obtained better postoperative mechanical alignment compared to those who received all-polyethylene Inlay prostheses. The thicker overall construct of Onlay prostheses appears to be an important determinant of postoperative alignment. Considering their higher survivorship rates and improved postoperative mechanical alignment, Onlay prostheses should be the first option when performing medial UKR.","better postoperative mechanical alignment obtained Patients who received a metal-backed Onlay tibial component compared to those who received all-polyethylene Inlay prostheses. The thicker overall construct of Onlay prostheses appears to be an important determinant of postoperative alignment. Considering their higher survivorship rates and improved postoperative mechanical alignment, Onlay prostheses should be the first option when performing medial UKR.","[[""metal-backed_Onlay_tibial_component"", ""used_in"", ""UKR""], [""metal-backed_Onlay_tibial_component"", ""compared_to"", ""all-polyethylene_Inlay_prostheses""], [""metal-backed_Onlay_tibial_component"", ""results_in"", ""better_postoperative_mechanical_alignment""], [""Onlay_prostheses"", ""has"", ""thicker_overall_construct""], [""thicker_overall_construct"", ""determines"", ""postoperative_alignment""], [""Onlay_prostheses"", ""has"", ""higher_survivorship_rates""], [""Onlay_prostheses"", ""results_in"", ""improved_postoperative_mechanical_alignment""], [""Onlay_prostheses"", ""recommended_for"", ""medial_UKR""]]","[[""metal-backed_Onlay_tibial_component"", ""used_in"", ""UKR""], [""metal-backed_Onlay_tibial_component"", ""compared_to"", ""all-polyethylene_Inlay_prostheses""], [""metal-backed_Onlay_tibial_component"", ""results_in"", ""better_postoperative_mechanical_alignment""], [""Onlay_prostheses"", ""has"", ""thicker_overall_construct""], [""thicker_overall_construct"", ""determines"", ""postoperative_alignment""], [""Onlay_prostheses"", ""has"", ""higher_survivorship_rates""], [""Onlay_prostheses"", ""results_in"", ""improved_postoperative_mechanical_alignment""], [""Onlay_prostheses"", ""recommended_for"", ""medial_UKR""]]",1.0,1.0,1.0,1.0,1.0,0.9999999983242183,0.9999999984917964,0.9999999986593746,0.9999999988269528,0.999999998994531,0.9999999991621091,0.9999999993296873,0.9999999994972655,0.9999999996648437,0.9999999998324218,1.0,0.9999999934434891,0.9999999885872018
371,"Patients who received a metal-backed Onlay tibial component obtained better postoperative mechanical alignment compared to those who received all-polyethylene Inlay prostheses. The thicker overall construct of Onlay prostheses appears to be an important determinant of postoperative alignment. Considering their higher survivorship rates and improved postoperative mechanical alignment, Onlay prostheses should be the first option when performing medial UKR.","The survey shows significant dissatisfaction amongst consultant radiologists with the current service, confirms a low number of paediatric radiologists taking on this work, and suggests the potential to increase numbers of radiology child abuse experts by 27% if given improved training and support. Appropriate service and education strategies should be implemented.","[[""Metal-Backed_Onlay_Tibial_Component"", ""results_in"", ""Better_Postoperative_Mechanical_Alignment""], [""All-Polyethylene_Inlay_Prostheses"", ""results_in"", ""Worse_Postoperative_Mechanical_Alignment""], [""Onlay_Prostheses"", ""has"", ""Thicker_Overall_Construct""], [""Thicker_Overall_Construct"", ""determines"", ""Postoperative_Alignment""], [""Onlay_Prostheses"", ""have"", ""Higher_Survivorship_Rates""], [""Onlay_Prostheses"", ""have"", ""Improved_Postoperative_Mechanical_Alignment""], [""Onlay_Prostheses"", ""recommended_for"", ""Medial_UKR""]]","[[""Consultant_Radiologists"", ""express"", ""Dissatisfaction""], [""Current_Service"", ""causes"", ""Dissatisfaction""], [""Paediatric_Radiologists"", ""have"", ""Low_Participation_Rates""], [""Radiology_Child_Abuse_Experts"", ""can_increase_by"", ""27%""], [""Improved_Training_And_Support"", ""leads_to"", ""Increased_Radiology_Child_Abuse_Experts""]]",0.0,0.0,0.0,0.0,0.0,0.2411306373562733,0.21701757362064597,0.19290450988501864,0.1687914461493913,0.14467838241376396,0.12056531867813665,0.09645225494250932,0.072339191206882,0.04822612747125465,0.024113063735627323,0.0,0.25808098944140645,0.5667925706277319
372,"Findings depict wandering and PNA as overlapping, but nonequivalent phenomena. Evidence supporting construct validity of wandering was more robust than that for PNA. Results have implications for accuracy in scientific and clinical detection and labeling of wandering and agitation.",wandering and PNA was depicted by Findings. Evidence supporting construct validity of wandering was more robust than that for PNA. findings have implications for accuracy in scientific and medical detection and labeling of wandering and agitation.,"[[""Findings"", ""depict"", ""wandering_and_PNA_as_overlapping""], [""wandering_and_PNA"", ""are"", ""nonequivalent_phenomena""], [""Evidence"", ""supports"", ""construct_validity_of_wandering""], [""Evidence"", ""supports"", ""construct_validity_of_PNA""], [""construct_validity_of_wandering"", ""is_more_robust_than"", ""construct_validity_of_PNA""], [""Results"", ""have_implications_for"", ""accuracy_in_scientific_detection""], [""Results"", ""have_implications_for"", ""accuracy_in_clinical_detection""], [""Results"", ""have_implications_for"", ""labeling_of_wandering""], [""Results"", ""have_implications_for"", ""labeling_of_agitation""]]","[[""Findings"", ""depict"", ""wandering_and_PNA""], [""Evidence"", ""supports"", ""construct_validity_of_wandering""], [""Evidence"", ""supports"", ""construct_validity_of_PNA""], [""construct_validity_of_wandering"", ""is_more_robust_than"", ""construct_validity_of_PNA""], [""findings"", ""have_implications_for"", ""accuracy_in_scientific_detection""], [""findings"", ""have_implications_for"", ""accuracy_in_medical_detection""], [""findings"", ""have_implications_for"", ""labeling_of_wandering""], [""findings"", ""have_implications_for"", ""labeling_of_agitation""]]",0.7080881928749334,0.5194470286369324,0.8940320014953613,0.609425284144605,0.7909649964604158,0.9839232236139803,0.9646274008986239,0.9453315781832675,0.9260357554679108,0.9067399327525546,0.8874441100371981,0.8681482873218416,0.8488524646064852,0.8295566418911288,0.8102608191757723,0.7909649964604158,0.9639032929824403,0.9729355653638501
373,"Findings depict wandering and PNA as overlapping, but nonequivalent phenomena. Evidence supporting construct validity of wandering was more robust than that for PNA. Results have implications for accuracy in scientific and clinical detection and labeling of wandering and agitation.","Findings depict wandering and SBK as overlapping, but nonequivalent phenomena. Evidence supporting construct validity of wandering was more robust than that for PNA. Results have implications for accuracy in scientific and clinical detection and labeling of wandering and agitation.","[[""findings"", ""depict"", ""wandering_and_PNA_as_overlapping""], [""findings"", ""depict"", ""wandering_and_PNA_as_nonequivalent""], [""evidence"", ""supports"", ""construct_validity_of_wandering""], [""evidence"", ""supports"", ""construct_validity_of_PNA""], [""evidence_for_wandering"", ""is_more_robust_than"", ""evidence_for_PNA""], [""results"", ""have_implications_for"", ""accuracy_in_scientific_detection""], [""results"", ""have_implications_for"", ""accuracy_in_clinical_detection""], [""results"", ""have_implications_for"", ""accuracy_in_labeling_of_wandering""], [""results"", ""have_implications_for"", ""accuracy_in_labeling_of_agitation""]]","[[""findings"", ""depict"", ""wandering_and_SBK_as_overlapping""], [""findings"", ""depict"", ""wandering_and_SBK_as_nonequivalent""], [""evidence"", ""supports"", ""construct_validity_of_wandering""], [""evidence"", ""supports"", ""construct_validity_of_PNA""], [""evidence_for_wandering"", ""is_more_robust_than"", ""evidence_for_PNA""], [""results"", ""have_implications_for"", ""accuracy_in_scientific_detection""], [""results"", ""have_implications_for"", ""accuracy_in_clinical_detection""], [""results"", ""have_implications_for"", ""accuracy_in_labeling_of_wandering""], [""results"", ""have_implications_for"", ""accuracy_in_labeling_of_agitation""]]",0.7222222222222222,0.9188172221183777,0.9805722236633301,0.782051282051282,0.8940488587450699,0.9820256330268522,0.973227955598674,0.9644302781704959,0.9556326007423175,0.9468349233141393,0.938037245885961,0.9292395684577829,0.9204418910296046,0.9116442136014264,0.9028465361732481,0.8940488587450699,0.9681877085787709,0.9903146090676934
374,"Findings depict wandering and PNA as overlapping, but nonequivalent phenomena. Evidence supporting construct validity of wandering was more robust than that for PNA. Results have implications for accuracy in scientific and clinical detection and labeling of wandering and agitation.","wandering and PNA depict Findings as overlapping, but nonequivalent phenomena. Evidence supporting construct validity of wandering was more robust than that for PNA. Results have implications for accuracy in scientific and clinical detection and labeling of wandering and agitation.","[[""Findings"", ""depict"", ""wandering_and_PNA_as_overlapping""], [""wandering_and_PNA"", ""are"", ""nonequivalent_phenomena""], [""Evidence"", ""supports"", ""construct_validity_of_wandering""], [""construct_validity_of_wandering"", ""is_more_robust_than"", ""construct_validity_of_PNA""], [""Results"", ""have_implications_for"", ""accuracy_in_scientific_detection""], [""Results"", ""have_implications_for"", ""accuracy_in_clinical_detection""], [""Results"", ""have_implications_for"", ""accuracy_in_labeling_of_wandering""], [""Results"", ""have_implications_for"", ""accuracy_in_labeling_of_agitation""]]","[[""Findings"", ""depict"", ""wandering_and_PNA_as_overlapping""], [""wandering_and_PNA"", ""are"", ""nonequivalent_phenomena""], [""Evidence"", ""supports"", ""construct_validity_of_wandering""], [""construct_validity_of_wandering"", ""is_more_robust_than"", ""construct_validity_of_PNA""], [""Results"", ""have_implications_for"", ""accuracy_in_scientific_detection""], [""Results"", ""have_implications_for"", ""accuracy_in_clinical_detection""], [""Results"", ""have_implications_for"", ""accuracy_in_labeling_of_wandering""], [""Results"", ""have_implications_for"", ""accuracy_in_labeling_of_agitation""]]",1.0,1.0,1.0,1.0,1.0,1.0,1.0,1.0,1.0,1.0,1.0,1.0,1.0,1.0,1.0,1.0,0.9999999329447675,0.9999999868312391
375,"Findings depict wandering and PNA as overlapping, but nonequivalent phenomena. Evidence supporting construct validity of wandering was more robust than that for PNA. Results have implications for accuracy in scientific and clinical detection and labeling of wandering and agitation.","In 1995, the first year that the MQSA was in effect, there was a significant improvement in the quality of mammography in North Carolina. This improvement probably resulted from facilities' compliance with federal regulations.","[[""findings"", ""depict"", ""wandering_and_PNA_as_overlapping""], [""wandering_and_PNA"", ""nonequivalent"", ""phenomena""], [""evidence"", ""supports"", ""construct_validity_of_wandering""], [""construct_validity_of_wandering"", ""more_robust_than"", ""construct_validity_of_PNA""], [""results"", ""have_implications_for"", ""accuracy_in_scientific_detection""], [""results"", ""have_implications_for"", ""accuracy_in_clinical_detection""], [""results"", ""have_implications_for"", ""labeling_of_wandering""], [""results"", ""have_implications_for"", ""labeling_of_agitation""]]","[[""MQSA"", ""in_effect_in"", ""1995""], [""1995"", ""year_of"", ""significant_improvement_in_mammography_quality""], [""significant_improvement_in_mammography_quality"", ""occurred_in"", ""North_Carolina""], [""improvement_in_mammography_quality"", ""resulted_from"", ""facilities_compliance_with_federal_regulations""], [""facilities"", ""complied_with"", ""federal_regulations""]]",0.0,0.0,0.12437044084072113,0.0,0.0,0.3149642597192778,0.28346783374735,0.2519714077754222,0.22047498180349442,0.18897855583156667,0.1574821298596389,0.1259857038877111,0.09448927791578335,0.06299285194385554,0.03149642597192777,0.0,0.3151527195683872,0.5439138153504401
376,We were unable to find in our institution data compatible to the presence of vancomycin MIC creep during the study period. This phenomenon seems not to be generalized; as a result each institution should systematically monitor MRSA vancomycin MIC over time.,We were ineffective to observe in our establishment data compatible to the front of vancomycin MIC creep during the probe period. This phenomenon seems not to be generalized; as a finding each institution should systematically monitor MRSA vancomycin MIC over time.,"[[""Institution"", ""did_not_find"", ""vancomycin_MIC_creep""], [""Vancomycin_MIC_creep"", ""not_generalized"", ""phenomenon""], [""Institution"", ""should_monitor"", ""MRSA_vancomycin_MIC""], [""MRSA_vancomycin_MIC"", ""monitored"", ""over_time""]]","[[""Establishment"", ""did_not_find"", ""vancomycin_MIC_creep""], [""Vancomycin_MIC_creep"", ""not_generalized"", ""phenomenon""], [""Institution"", ""should_monitor"", ""MRSA_vancomycin_MIC""], [""MRSA_vancomycin_MIC"", ""monitored"", ""over_time""]]",1.0,0.9174045920372009,0.9548612833023071,0.7607257743127307,0.7607257743127307,0.993041688871059,0.9698100974152262,0.9465785059593934,0.9233469145035604,0.9001153230477277,0.8768837315918949,0.853652140136062,0.8304205486802292,0.8071889572243964,0.7839573657685636,0.7607257743127307,0.981343892332007,0.9743880646933221
377,We were unable to find in our institution data compatible to the presence of vancomycin MIC creep during the study period. This phenomenon seems not to be generalized; as a result each institution should systematically monitor MRSA vancomycin MIC over time.,We were unable to find in our institution data compatible to the presence of vancomycin MIC creep during the study period. This phenomenon seems not to be generalized; as a result each institution should systematically monitor ASH vancomycin MIC over time.,"[[""Institution"", ""did_not_find"", ""vancomycin_MIC_creep""], [""Vancomycin_MIC_creep"", ""not_generalized"", ""phenomenon""], [""Institution"", ""should_monitor"", ""MRSA_vancomycin_MIC""], [""MRSA_vancomycin_MIC"", ""monitored_over"", ""time""]]","[[""Institution"", ""did_not_find"", ""vancomycin_MIC_creep""], [""Vancomycin_MIC_creep"", ""not_generalized"", ""phenomenon""], [""Institution"", ""should_monitor"", ""ASH_vancomycin_MIC""], [""ASH_vancomycin_MIC"", ""monitored_over"", ""time""]]",1.0,0.9919809103012085,0.9594498872756958,0.6333333333333333,0.6454972243679028,0.9120566927882579,0.8854007459462223,0.8587447991041869,0.8320888522621513,0.8054329054201159,0.7787769585780804,0.7521210117360448,0.7254650648940093,0.6988091180519739,0.6721531712099383,0.6454972243679028,0.9178272221539691,0.9754111106409942
378,We were unable to find in our institution data compatible to the presence of vancomycin MIC creep during the study period. This phenomenon seems not to be generalized; as a result each institution should systematically monitor MRSA vancomycin MIC over time.,We were unable to find in our institution data compatible to the presence of vancomycin MIC creep during the study period. This phenomenon seems not to be generalized; as a result MRSA vancomycin MIC should systematically monitor each institution over time.,"[[""Institution"", ""unable_to_find"", ""vancomycin_MIC_creep""], [""Vancomycin_MIC_creep"", ""not_generalized"", ""phenomenon""], [""Institution"", ""should_monitor"", ""MRSA_vancomycin_MIC""], [""MRSA_vancomycin_MIC"", ""monitored"", ""over_time""]]","[[""Institution"", ""unable_to_find"", ""vancomycin_MIC_creep""], [""Vancomycin_MIC_creep"", ""not_generalized"", ""phenomenon""], [""MRSA_vancomycin_MIC"", ""should_be_monitored"", ""by_institution""], [""MRSA_vancomycin_MIC"", ""monitored"", ""over_time""]]",1.0,0.8899844288825989,0.9437642097473145,0.6085806194501846,0.6085806194501846,0.9964092916272423,0.9576264244095365,0.9188435571918309,0.880060689974125,0.8412778227564193,0.8024949555387135,0.7637120883210078,0.7249292211033019,0.6861463538855961,0.6473634866678903,0.6085806194501846,0.9779871155337129,0.9706278783643847
379,We were unable to find in our institution data compatible to the presence of vancomycin MIC creep during the study period. This phenomenon seems not to be generalized; as a result each institution should systematically monitor MRSA vancomycin MIC over time.,"Our data suggested that visually impaired pedestrians can make accurate and reliable street crossing decisions like those of normally sighted pedestrians. When using auditory information only, all subjects significantly overestimated the vehicular gap time. Our finding that blind pedestrians performed significantly worse than either the normally sighted or visually impaired subjects under the hearing only condition suggested that they may benefit from training to improve their detection ability and/or interpretation of vehicular gap times.","[[""Institution"", ""monitors"", ""MRSA_vancomycin_MIC""], [""Institution"", ""did_not_find"", ""vancomycin_MIC_creep""], [""Vancomycin_MIC_creep"", ""not_generalized"", ""True""], [""Each_institution"", ""should_monitor"", ""MRSA_vancomycin_MIC""]]","[[""Visually_impaired_pedestrians"", ""make_decisions_like"", ""normally_sighted_pedestrians""], [""Visually_impaired_pedestrians"", ""use"", ""auditory_information""], [""Visually_impaired_pedestrians"", ""overestimate"", ""vehicular_gap_time""], [""Blind_pedestrians"", ""perform_worse_than"", ""normally_sighted_pedestrians""], [""Blind_pedestrians"", ""perform_worse_than"", ""visually_impaired_pedestrians""], [""Blind_pedestrians"", ""need"", ""training""], [""Training"", ""improves"", ""detection_ability""], [""Training"", ""improves"", ""interpretation_of_vehicular_gap_times""]]",0.0,0.0,0.0,0.0,0.0,0.27618180740227877,0.2485636266620509,0.22094544592182302,0.19332726518159513,0.16570908444136725,0.13809090370113938,0.11047272296091151,0.08285454222068364,0.05523636148045574,0.02761818074022787,0.0,0.22904810499695538,0.5053611217175059
380,"PET/CT has a limited role in hepatic staging of LMCRC. Although PET-CT has higher sensitivity for the detection of extrahepatic disease in some anatomic locations, its results are hampered by its low PPV. PET/CT provided additional useful information in 8% of the cases but also incorrect and potentially harmful data in 9% of the staging. Our findings support a more selective use of PET/CT, basically in patients with high risk of local recurrence.","a limited role in hepatic staging of LMCRC was haved by PET/CT. Although PET-CT has greater sensitivity for the detection of extrahepatic disease in certain anatomic locations, its results are hampered by its low PPV. PET/CT provided additional useful information in 8% of the cases but also incorrect and potentially harmful evidence in 9% of the staging. Our findings support a more selective use of PET/CT, basically in individuals with high risk of local recurrence.","[[""PET/CT"", ""has_role_in"", ""hepatic_staging_of_LMCRC""], [""PET/CT"", ""role_in_hepatic_staging"", ""limited""], [""PET-CT"", ""has_sensitivity_for"", ""detection_of_extrahepatic_disease""], [""detection_of_extrahepatic_disease"", ""occurs_in"", ""anatomic_locations""], [""PET/CT"", ""results_hampered_by"", ""low_PPV""], [""PET/CT"", ""provided_useful_information_in"", ""8%_of_cases""], [""PET/CT"", ""provided_incorrect_data_in"", ""9%_of_staging""], [""findings"", ""support"", ""selective_use_of_PET/CT""], [""selective_use_of_PET/CT"", ""recommended_for"", ""patients_with_high_risk_of_local_recurrence""]]","[[""PET/CT"", ""has_role_in"", ""hepatic_staging_of_LMCRC""], [""PET/CT"", ""role_in_hepatic_staging"", ""limited""], [""PET-CT"", ""has_sensitivity_for"", ""detection_of_extrahepatic_disease""], [""detection_of_extrahepatic_disease"", ""occurs_in"", ""anatomic_locations""], [""PET/CT"", ""results_hampered_by"", ""low_PPV""], [""PET/CT"", ""provided_useful_information_in"", ""8%_of_cases""], [""PET/CT"", ""provided_incorrect_evidence_in"", ""9%_of_staging""], [""findings"", ""support"", ""selective_use_of_PET/CT""], [""selective_use_of_PET/CT"", ""recommended_for"", ""individuals_with_high_risk_of_local_recurrence""]]",1.0,0.978802502155304,0.9720063805580139,0.7916666666666666,1.0,0.9985483936795073,0.9986935543115566,0.998838714943606,0.998983875575655,0.9991290362077044,0.9992741968397536,0.9994193574718029,0.9995645181038522,0.9997096787359014,0.9998548393679507,1.0,0.9863768622389509,0.9912209120696265
381,"PET/CT has a limited role in hepatic staging of LMCRC. Although PET-CT has higher sensitivity for the detection of extrahepatic disease in some anatomic locations, its results are hampered by its low PPV. PET/CT provided additional useful information in 8% of the cases but also incorrect and potentially harmful data in 9% of the staging. Our findings support a more selective use of PET/CT, basically in patients with high risk of local recurrence.","PET/CT has a limited role in hepatic staging of LMCRC. Although PET-CT has higher sensitivity for the detection of extrahepatic disease in some anatomic locations, its results are hampered by its low PPV. PET/CT provided additional useful information in 4% of the cases but also incorrect and potentially harmful data in 14% of the staging. Our findings support a more selective use of PET/CT, basically in patients with high risk of local recurrence.","[[""PET/CT"", ""has_role_in"", ""hepatic_staging_of_LMCRC""], [""PET/CT"", ""has_limited_role_in"", ""hepatic_staging_of_LMCRC""], [""PET-CT"", ""has_higher_sensitivity_for"", ""detection_of_extrahepatic_disease""], [""PET-CT"", ""has_low"", ""PPV""], [""PET/CT"", ""provided_additional_useful_information_in"", ""8%_of_cases""], [""PET/CT"", ""provided_incorrect_and_potentially_harmful_data_in"", ""9%_of_staging""], [""findings"", ""support"", ""selective_use_of_PET/CT""], [""selective_use_of_PET/CT"", ""recommended_for"", ""patients_with_high_risk_of_local_recurrence""]]","[[""PET/CT"", ""has_role_in"", ""hepatic_staging_of_LMCRC""], [""PET/CT"", ""has_limited_role_in"", ""hepatic_staging_of_LMCRC""], [""PET-CT"", ""has_higher_sensitivity_for"", ""detection_of_extrahepatic_disease""], [""PET-CT"", ""has_low"", ""PPV""], [""PET/CT"", ""provided_additional_useful_information_in"", ""4%_of_cases""], [""PET/CT"", ""provided_incorrect_and_potentially_harmful_data_in"", ""14%_of_staging""], [""findings"", ""support"", ""selective_use_of_PET/CT""], [""selective_use_of_PET/CT"", ""recommended_for"", ""patients_with_high_risk_of_local_recurrence""]]",1.0,0.889153242111206,0.9034950733184814,0.7166666666666667,1.0,0.9965486431019144,0.9968937787917229,0.9972389144815315,0.99758405017134,0.9979291858611486,0.9982743215509572,0.9986194572407657,0.9989645929305744,0.9993097286203829,0.9996548643101915,1.0,0.9855124320106539,0.9994821576434452
382,"PET/CT has a limited role in hepatic staging of LMCRC. Although PET-CT has higher sensitivity for the detection of extrahepatic disease in some anatomic locations, its results are hampered by its low PPV. PET/CT provided additional useful information in 8% of the cases but also incorrect and potentially harmful data in 9% of the staging. Our findings support a more selective use of PET/CT, basically in patients with high risk of local recurrence.","a limited role in hepatic staging of LMCRC has PET/CT. Although PET-CT has higher sensitivity for the detection of extrahepatic disease in some anatomic locations, its results are hampered by its low PPV. PET/CT provided additional useful information in 8% of the cases but also incorrect and potentially harmful data in 9% of the staging. Our findings support a more selective use of PET/CT, basically in patients with high risk of local recurrence.","[[""PET/CT"", ""has_role_in"", ""hepatic_staging_of_LMCRC""], [""PET/CT"", ""role_in_hepatic_staging"", ""limited""], [""PET-CT"", ""has"", ""higher_sensitivity""], [""higher_sensitivity"", ""for_detection_of"", ""extrahepatic_disease""], [""extrahepatic_disease"", ""located_in"", ""some_anatomic_locations""], [""PET/CT"", ""hampered_by"", ""low_PPV""], [""PET/CT"", ""provided"", ""additional_useful_information""], [""additional_useful_information"", ""in"", ""8%_of_cases""], [""PET/CT"", ""provided"", ""incorrect_and_potentially_harmful_data""], [""incorrect_and_potentially_harmful_data"", ""in"", ""9%_of_staging""], [""findings"", ""support"", ""selective_use_of_PET/CT""], [""selective_use_of_PET/CT"", ""for"", ""patients_with_high_risk_of_local_recurrence""]]","[[""PET/CT"", ""has_role_in"", ""hepatic_staging_of_LMCRC""], [""PET/CT"", ""role_in_hepatic_staging"", ""limited""], [""PET-CT"", ""has"", ""higher_sensitivity""], [""higher_sensitivity"", ""for_detection_of"", ""extrahepatic_disease""], [""extrahepatic_disease"", ""located_in"", ""some_anatomic_locations""], [""PET/CT"", ""hampered_by"", ""low_PPV""], [""PET/CT"", ""provided"", ""additional_useful_information""], [""additional_useful_information"", ""in"", ""8%_of_cases""], [""PET/CT"", ""provided"", ""incorrect_and_potentially_harmful_data""], [""incorrect_and_potentially_harmful_data"", ""in"", ""9%_of_staging""], [""findings"", ""support"", ""selective_use_of_PET/CT""], [""selective_use_of_PET/CT"", ""for"", ""patients_with_high_risk_of_local_recurrence""]]",1.0,1.0,1.0,1.0,1.0,0.9999999978393046,0.9999999980553741,0.9999999982714438,0.9999999984875132,0.9999999987035828,0.9999999989196523,0.9999999991357218,0.9999999993517914,0.9999999995678609,0.9999999997839305,1.0,0.9999999982118607,0.9999999873127113
383,"PET/CT has a limited role in hepatic staging of LMCRC. Although PET-CT has higher sensitivity for the detection of extrahepatic disease in some anatomic locations, its results are hampered by its low PPV. PET/CT provided additional useful information in 8% of the cases but also incorrect and potentially harmful data in 9% of the staging. Our findings support a more selective use of PET/CT, basically in patients with high risk of local recurrence.","In summary, we report an overall improvement and high technical success rate for peripherial PTA. The use of hydrophilic guidewires made significant difference to the technical success rate of PTA, especially in occlusion and more complicated lesions.","[[""PET/CT"", ""has_role_in"", ""hepatic_staging""], [""hepatic_staging"", ""relates_to"", ""LMCRC""], [""PET/CT"", ""has_limitation"", ""low_PPV""], [""PET/CT"", ""detects"", ""extrahepatic_disease""], [""extrahepatic_disease"", ""located_in"", ""anatomic_locations""], [""PET/CT"", ""provides"", ""additional_useful_information""], [""additional_useful_information"", ""percentage"", ""8%""], [""PET/CT"", ""provides"", ""incorrect_data""], [""incorrect_data"", ""percentage"", ""9%""], [""findings"", ""support"", ""selective_use_of_PET/CT""], [""selective_use_of_PET/CT"", ""applies_to"", ""patients_with_high_risk""], [""high_risk"", ""relates_to"", ""local_recurrence""]]","[[""report"", ""summarizes"", ""peripherial_PTA""], [""peripherial_PTA"", ""shows"", ""overall_improvement""], [""peripherial_PTA"", ""has"", ""high_technical_success_rate""], [""hydrophilic_guidewires"", ""make_difference_to"", ""technical_success_rate""], [""technical_success_rate"", ""relates_to"", ""PTA""], [""hydrophilic_guidewires"", ""used_in"", ""occlusion""], [""hydrophilic_guidewires"", ""used_in"", ""complicated_lesions""], [""PTA"", ""performed_on"", ""peripherial_area""]]",0.0,0.0,0.10142440348863602,0.0,0.0,0.5317509949878565,0.47857589548907087,0.42540079599028524,0.3722256964914995,0.3190505969927139,0.26587549749392825,0.21270039799514262,0.15952529849635697,0.10635019899757127,0.053175099498785634,0.0,0.3932466882780224,0.46605205757118384
384,"Clinical axillary examination in breast cancer is subject to false-positive results, and is by itself insufficient justification for axillary lymph node dissection. If other means of preoperative assessment such as palpation- or image-guided fine needle aspiration are negative or indeterminate, then SLN biopsy deserves wider consideration as an alternative to routine axillary lymph node dissection in the clinically node-positive setting.","medical axillary examination in breast cancer is capable to false-positive findings, and is by itself insufficient justification for alar lymph node dissection. If other means of preoperative assessment such as palpation- or persona-guided fine needle ambition are disconfirming or undetermined, then SLN biopsy deserves wider consideration as an alternative to everyday axillary lymph node dissection in the clinically node-positive setting.","[[""Clinical_axillary_examination"", ""subject_to"", ""false-positive_results""], [""Clinical_axillary_examination"", ""insufficient_justification_for"", ""axillary_lymph_node_dissection""], [""SLN_biopsy"", ""alternative_to"", ""axillary_lymph_node_dissection""], [""Preoperative_assessment"", ""includes"", ""palpation-or_image-guided_fine_needle_aspiration""], [""Palpation-or_image-guided_fine_needle_aspiration"", ""may_be"", ""negative""], [""Palpation-or_image-guided_fine_needle_aspiration"", ""may_be"", ""indeterminate""], [""SLN_biopsy"", ""deserves_wider_consideration_in"", ""clinically_node-positive_setting""]]","[[""Medical_axillary_examination"", ""capable_of"", ""false-positive_findings""], [""Medical_axillary_examination"", ""insufficient_justification_for"", ""alar_lymph_node_dissection""], [""SLN_biopsy"", ""alternative_to"", ""everyday_axillary_lymph_node_dissection""], [""Preoperative_assessment"", ""includes"", ""palpation-or_persona-guided_fine_needle_ambition""], [""Palpation-or_persona-guided_fine_needle_ambition"", ""may_be"", ""disconfirming""], [""Palpation-or_persona-guided_fine_needle_ambition"", ""may_be"", ""undetermined""], [""SLN_biopsy"", ""deserves_wider_consideration_in"", ""clinically_node-positive_setting""]]",0.6509388146270024,0.0,0.4098445475101471,0.1405456737852613,0.31426968052735443,0.9268729025845714,0.8656125803788498,0.804352258173128,0.7430919359674063,0.6818316137616847,0.6205712915559629,0.5593109693502413,0.4980506471445196,0.4367903249387978,0.37553000273307613,0.31426968052735443,0.8637731187238901,0.9334527296471999
385,"Clinical axillary examination in breast cancer is subject to false-positive results, and is by itself insufficient justification for axillary lymph node dissection. If other means of preoperative assessment such as palpation- or image-guided fine needle aspiration are negative or indeterminate, then SLN biopsy deserves wider consideration as an alternative to routine axillary lymph node dissection in the clinically node-positive setting.","Clinical axillary examination in breast cancer is subject to false-positive results, and is by itself insufficient justification for axillary lymph node dissection. If other means of preoperative assessment such as palpation- or image-guided fine needle aspiration are negative or indeterminate, then EGC biopsy deserves wider consideration as an alternative to routine axillary lymph node dissection in the clinically node-positive setting.","[[""Clinical_axillary_examination"", ""subject_to"", ""false-positive_results""], [""Clinical_axillary_examination"", ""insufficient_justification_for"", ""axillary_lymph_node_dissection""], [""SLN_biopsy"", ""alternative_to"", ""axillary_lymph_node_dissection""], [""SLN_biopsy"", ""deserves_wider_consideration"", ""clinically_node-positive_setting""], [""Preoperative_assessment"", ""includes"", ""palpation-or_image-guided_fine_needle_aspiration""], [""Palpation-or_image-guided_fine_needle_aspiration"", ""may_be"", ""negative""], [""Palpation-or_image-guided_fine_needle_aspiration"", ""may_be"", ""indeterminate""]]","[[""Clinical_axillary_examination"", ""subject_to"", ""false-positive_results""], [""Clinical_axillary_examination"", ""insufficient_justification_for"", ""axillary_lymph_node_dissection""], [""EGC_biopsy"", ""alternative_to"", ""axillary_lymph_node_dissection""], [""EGC_biopsy"", ""deserves_wider_consideration"", ""clinically_node-positive_setting""], [""Preoperative_assessment"", ""includes"", ""palpation-or_image-guided_fine_needle_aspiration""], [""Palpation-or_image-guided_fine_needle_aspiration"", ""may_be"", ""negative""], [""Palpation-or_image-guided_fine_needle_aspiration"", ""may_be"", ""indeterminate""]]",0.7222222222222222,0.980167806148529,0.9775903820991516,0.7222222222222222,0.7222222222222222,0.9711762301551138,0.9462808293618246,0.9213854285685356,0.8964900277752463,0.8715946269819572,0.846699226188668,0.8218038253953788,0.7969084246020897,0.7720130238088005,0.7471176230155114,0.7222222222222222,0.9580227100708478,0.9942133728168013
386,"Clinical axillary examination in breast cancer is subject to false-positive results, and is by itself insufficient justification for axillary lymph node dissection. If other means of preoperative assessment such as palpation- or image-guided fine needle aspiration are negative or indeterminate, then SLN biopsy deserves wider consideration as an alternative to routine axillary lymph node dissection in the clinically node-positive setting.","Clinical axillary examination in breast cancer is subject to false-positive results, and is by itself insufficient justification for axillary lymph node dissection. If other means of preoperative assessment such as palpation- or image-guided fine needle aspiration are negative or indeterminate, then wider consideration deserves SLN biopsy as an alternative to routine axillary lymph node dissection in the clinically node-positive setting.","[[""Clinical_axillary_examination"", ""subject_to"", ""false-positive_results""], [""Clinical_axillary_examination"", ""insufficient_justification_for"", ""axillary_lymph_node_dissection""], [""SLN_biopsy"", ""deserves_wider_consideration_as"", ""alternative_to_axillary_lymph_node_dissection""], [""Preoperative_assessment"", ""includes"", ""palpation-or_image-guided_fine_needle_aspiration""], [""Palpation-or_image-guided_fine_needle_aspiration"", ""may_be"", ""negative""], [""Palpation-or_image-guided_fine_needle_aspiration"", ""may_be"", ""indeterminate""], [""SLN_biopsy"", ""alternative_to"", ""routine_axillary_lymph_node_dissection""], [""Routine_axillary_lymph_node_dissection"", ""used_in"", ""clinically_node-positive_setting""]]","[[""Clinical_axillary_examination"", ""subject_to"", ""false-positive_results""], [""Clinical_axillary_examination"", ""insufficient_justification_for"", ""axillary_lymph_node_dissection""], [""SLN_biopsy"", ""deserves_wider_consideration_as"", ""alternative_to_axillary_lymph_node_dissection""], [""Preoperative_assessment"", ""includes"", ""palpation-or_image-guided_fine_needle_aspiration""], [""Palpation-or_image-guided_fine_needle_aspiration"", ""may_be"", ""negative""], [""Palpation-or_image-guided_fine_needle_aspiration"", ""may_be"", ""indeterminate""], [""SLN_biopsy"", ""alternative_to"", ""routine_axillary_lymph_node_dissection""], [""Routine_axillary_lymph_node_dissection"", ""used_in"", ""clinically_node-positive_setting""]]",1.0,1.0,1.0,1.0,1.0,0.9999999980475994,0.9999999982428395,0.9999999984380796,0.9999999986333195,0.9999999988285596,0.9999999990237998,0.9999999992190398,0.9999999994142799,0.9999999996095199,0.99999999980476,1.0,0.9999999966133725,0.9999999871433598
387,"Clinical axillary examination in breast cancer is subject to false-positive results, and is by itself insufficient justification for axillary lymph node dissection. If other means of preoperative assessment such as palpation- or image-guided fine needle aspiration are negative or indeterminate, then SLN biopsy deserves wider consideration as an alternative to routine axillary lymph node dissection in the clinically node-positive setting.","In patients with clinically apparent unilateral pseudoexfoliation, the lens seems to be more mobile in the affected eye. This results in a shallower anterior chamber when the head is placed in a prone position. Whether this fact might potentially lead to transient pupillary block when engaging in activities such as facing down while reading warrants further study.","[[""clinical_axillary_examination"", ""subject_to"", ""false-positive_results""], [""clinical_axillary_examination"", ""insufficient_justification_for"", ""axillary_lymph_node_dissection""], [""preoperative_assessment"", ""includes"", ""palpation""], [""preoperative_assessment"", ""includes"", ""image-guided_fine_needle_aspiration""], [""SLN_biopsy"", ""alternative_to"", ""axillary_lymph_node_dissection""], [""SLN_biopsy"", ""deserves_wider_consideration_in"", ""clinically_node-positive_setting""]]","[[""unilateral_pseudoexfoliation"", ""affects"", ""lens_mobility""], [""lens"", ""more_mobile_in"", ""affected_eye""], [""anterior_chamber"", ""shallower_when"", ""head_in_prone_position""], [""transient_pupillary_block"", ""potential_consequence_of"", ""lens_mobility""], [""facing_down_while_reading"", ""activity_that_may_lead_to"", ""transient_pupillary_block""], [""unilateral_pseudoexfoliation"", ""requires"", ""further_study""]]",0.0,0.0,0.014309247955679893,0.0,0.0,0.5057920245511627,0.4552128220960464,0.40463361964093014,0.3540544171858139,0.3034752147306976,0.25289601227558134,0.20231680982046507,0.15173760736534883,0.10115840491023251,0.050579202455116254,0.0,0.34998815080367485,0.44090514396884084
388,European individuals with type 1 diabetes consume a high atherogenic diet as few patients met recommendations for dietary fibre and saturated fat. This study showed minor changes in dietary nutrients and energy intakes over a period of 7 years. Nutrition education needs particular focus on strategies to increase dietary fibre and reduce saturated fat to exploit their potential benefit.,European person with type 1 diabetes consume a high atherogenic diet as a little number of individuals met recommendations for dietary fibre and saturated fat. This investigation showed minor changes in dietary nutrients and energy intakes over a period of 7 years. Nutrition education needs particular focusing on strategies to increase dietary fibre and reduce saturated fat to exploit their potential welfare.,"[[""European_individuals_with_type_1_diabetes"", ""consume"", ""high_atherogenic_diet""], [""patients"", ""meet"", ""recommendations_for_dietary_fibre""], [""patients"", ""meet"", ""recommendations_for_saturated_fat""], [""dietary_nutrients"", ""changed_over"", ""7_years""], [""energy_intakes"", ""changed_over"", ""7_years""], [""nutrition_education"", ""needs_focus_on"", ""strategies_to_increase_dietary_fibre""], [""nutrition_education"", ""needs_focus_on"", ""strategies_to_reduce_saturated_fat""]]","[[""European_person_with_type_1_diabetes"", ""consume"", ""high_atherogenic_diet""], [""individuals"", ""meet"", ""recommendations_for_dietary_fibre""], [""individuals"", ""meet"", ""recommendations_for_saturated_fat""], [""dietary_nutrients"", ""changed_over"", ""7_years""], [""energy_intakes"", ""changed_over"", ""7_years""], [""nutrition_education"", ""needs_focus_on"", ""strategies_to_increase_dietary_fibre""], [""nutrition_education"", ""needs_focus_on"", ""strategies_to_reduce_saturated_fat""]]",0.8888888888888888,0.9285421967506409,0.9581865072250366,0.8181818181818182,0.9090909090909091,0.9901018968024694,0.9820007980313135,0.9738996992601574,0.9657986004890012,0.9576975017178453,0.9495964029466892,0.9414953041755332,0.9333942054043772,0.9252931066332211,0.917192007862065,0.9090909090909091,0.9711985303645143,0.9762350226917252
389,European individuals with type 1 diabetes consume a high atherogenic diet as few patients met recommendations for dietary fibre and saturated fat. This study showed minor changes in dietary nutrients and energy intakes over a period of 7 years. Nutrition education needs particular focus on strategies to increase dietary fibre and reduce saturated fat to exploit their potential benefit.,European individuals with type 0 diabetes consume a high atherogenic diet as few patients met recommendations for dietary fibre and saturated fat. This study showed minor changes in dietary nutrients and energy intakes over a period of 4 years. Nutrition education needs particular focus on strategies to increase dietary fibre and reduce saturated fat to exploit their potential benefit.,"[[""European_individuals_with_type_1_diabetes"", ""consume"", ""high_atherogenic_diet""], [""European_individuals_with_type_1_diabetes"", ""did_not_meet_recommendations_for"", ""dietary_fibre""], [""European_individuals_with_type_1_diabetes"", ""did_not_meet_recommendations_for"", ""saturated_fat""], [""study"", ""showed_minor_changes_in"", ""dietary_nutrients""], [""study"", ""showed_minor_changes_in"", ""energy_intakes""], [""study"", ""conducted_over"", ""7_years""], [""Nutrition_education"", ""needs_focus_on"", ""strategies_to_increase_dietary_fibre""], [""Nutrition_education"", ""needs_focus_on"", ""strategies_to_reduce_saturated_fat""]]","[[""European_individuals_with_type_0_diabetes"", ""consume"", ""high_atherogenic_diet""], [""European_individuals_with_type_0_diabetes"", ""did_not_meet_recommendations_for"", ""dietary_fibre""], [""European_individuals_with_type_0_diabetes"", ""did_not_meet_recommendations_for"", ""saturated_fat""], [""study"", ""showed_minor_changes_in"", ""dietary_nutrients""], [""study"", ""showed_minor_changes_in"", ""energy_intakes""], [""study"", ""conducted_over"", ""4_years""], [""Nutrition_education"", ""needs_focus_on"", ""strategies_to_increase_dietary_fibre""], [""Nutrition_education"", ""needs_focus_on"", ""strategies_to_reduce_saturated_fat""]]",0.625,0.933998703956604,0.9691267609596252,0.7424242424242424,0.8333333333333334,0.9884759568742669,0.9729616945201737,0.9574474321660802,0.9419331698119868,0.9264189074578935,0.9109046451038001,0.8953903827497067,0.8798761203956135,0.8643618580415201,0.8488475956874266,0.8333333333333334,0.9729711955044648,0.9925965664903093
390,European individuals with type 1 diabetes consume a high atherogenic diet as few patients met recommendations for dietary fibre and saturated fat. This study showed minor changes in dietary nutrients and energy intakes over a period of 7 years. Nutrition education needs particular focus on strategies to increase dietary fibre and reduce saturated fat to exploit their potential benefit.,a high atherogenic diet consume European individuals with type 1 diabetes as few patients met recommendations for dietary fibre and saturated fat. This study showed minor changes in dietary nutrients and energy intakes over a period of 7 years. Nutrition education needs particular focus on strategies to increase dietary fibre and reduce saturated fat to exploit their potential benefit.,"[[""European_individuals_with_type_1_diabetes"", ""consume"", ""high_atherogenic_diet""], [""European_individuals_with_type_1_diabetes"", ""met_recommendations_for"", ""dietary_fibre""], [""European_individuals_with_type_1_diabetes"", ""met_recommendations_for"", ""saturated_fat""], [""dietary_nutrients"", ""changed_over"", ""7_years""], [""energy_intakes"", ""changed_over"", ""7_years""], [""nutrition_education"", ""needs_focus_on"", ""strategies_to_increase_dietary_fibre""], [""nutrition_education"", ""needs_focus_on"", ""strategies_to_reduce_saturated_fat""]]","[[""European_individuals_with_type_1_diabetes"", ""consume"", ""high_atherogenic_diet""], [""European_individuals_with_type_1_diabetes"", ""met_recommendations_for"", ""dietary_fibre""], [""European_individuals_with_type_1_diabetes"", ""met_recommendations_for"", ""saturated_fat""], [""dietary_nutrients"", ""changed_over"", ""7_years""], [""energy_intakes"", ""changed_over"", ""7_years""], [""nutrition_education"", ""needs_focus_on"", ""strategies_to_increase_dietary_fibre""], [""nutrition_education"", ""needs_focus_on"", ""strategies_to_reduce_saturated_fat""]]",1.0,0.9999999403953552,0.9999998211860657,1.0,1.0,1.0,1.0,1.0,1.0,1.0,1.0,1.0,1.0,1.0,1.0,1.0,0.9999999981267111,0.999999985912909
391,European individuals with type 1 diabetes consume a high atherogenic diet as few patients met recommendations for dietary fibre and saturated fat. This study showed minor changes in dietary nutrients and energy intakes over a period of 7 years. Nutrition education needs particular focus on strategies to increase dietary fibre and reduce saturated fat to exploit their potential benefit.,"GFRUPs procedure was applicable in most cases. The main difficulties were anticipating the correct date for the meeting and involving nurses in the procedure. Children for whom the procedure was interrupted because of clinical improvement and who survived in poor condition without a formal decision pointed out the need for medical criteria for questioning, which should systematically lead to a formal decision-making process.","[[""European_individuals_with_type_1_diabetes"", ""consume"", ""high_atherogenic_diet""], [""European_individuals_with_type_1_diabetes"", ""do_not_meet"", ""recommendations_for_dietary_fibre""], [""European_individuals_with_type_1_diabetes"", ""do_not_meet"", ""recommendations_for_saturated_fat""], [""nutrition_education"", ""needs_focus_on"", ""strategies_to_increase_dietary_fibre""], [""nutrition_education"", ""needs_focus_on"", ""strategies_to_reduce_saturated_fat""], [""dietary_fibre"", ""has"", ""potential_benefit""], [""saturated_fat"", ""has"", ""potential_benefit""], [""European_individuals_with_type_1_diabetes"", ""showed"", ""minor_changes_in_dietary_nutrients""], [""European_individuals_with_type_1_diabetes"", ""showed"", ""minor_changes_in_energy_intakes""], [""minor_changes"", ""occurred_over"", ""7_years""]]","[[""GFRUPs_procedure"", ""applicable_in"", ""most_cases""], [""GFRUPs_procedure"", ""had_difficulties_with"", ""anticipating_correct_date""], [""GFRUPs_procedure"", ""had_difficulties_with"", ""involving_nurses""], [""children"", ""underwent"", ""GFRUPs_procedure""], [""children"", ""experienced"", ""clinical_improvement""], [""children"", ""survived_in"", ""poor_condition""], [""medical_criteria"", ""needed_for"", ""questioning""], [""questioning"", ""should_lead_to"", ""formal_decision-making_process""], [""GFRUPs_procedure"", ""required"", ""formal_decision""], [""formal_decision"", ""necessary_for"", ""children""]]",0.0,0.0,0.10691352188587189,0.0,0.0,0.36870266723800127,0.33183240051420115,0.29496213379040104,0.25809186706660087,0.22122160034280075,0.18435133361900063,0.14748106689520052,0.1106108001714004,0.07374053344760023,0.036870266723800116,0.0,0.32273031241038086,0.39332429918874956
392,"Overall, in a US Air Force population, OSA does not predict a decrease in aerobic fitness as measured by cycle ergometry. However, patients with an apnea-hypopnea index of greater than 20 have a statistically significant decrease in aerobic fitness compared to the normal population. This study demonstrates the effects of OSA on aerobic fitness. Further correlation of fitness testing results with OSA severity and treatment is needed.","Overall, in a US Air Force population, OSA does not predict a decrease in aerophilic fittingness as measured by cycle ergometry. However, individuals with an apnea-hypopnea indicant of greater than 20 have a statistically substantial decrease in aerobic fittingness compared to the normal population. This investigation demonstrates the effects of OSA on aerophilic fittingness. Further correlation of fitness examination results with OSA severity and therapy is needed.","[[""OSA"", ""predicts"", ""no_decrease_in_aerobic_fitness""], [""US_Air_Force_population"", ""has"", ""OSA""], [""aerobic_fitness"", ""measured_by"", ""cycle_ergometry""], [""apnea-hypopnea_index"", ""greater_than"", ""20""], [""apnea-hypopnea_index"", ""relation"", ""aerobic_fitness""], [""patients_with_apnea-hypopnea_index_greater_than_20"", ""have"", ""decrease_in_aerobic_fitness""], [""decrease_in_aerobic_fitness"", ""compared_to"", ""normal_population""], [""study"", ""demonstrates"", ""effects_of_OSA_on_aerobic_fitness""], [""fitness_testing_results"", ""correlated_with"", ""OSA_severity""], [""fitness_testing_results"", ""correlated_with"", ""OSA_treatment""]]","[[""OSA"", ""predicts"", ""no_decrease_in_aerobic_fittingness""], [""US_Air_Force_population"", ""has"", ""OSA""], [""aerobic_fittingness"", ""measured_by"", ""cycle_ergometry""], [""apnea-hypopnea_indicant"", ""greater_than"", ""20""], [""apnea-hypopnea_indicant"", ""relation"", ""aerobic_fittingness""], [""individuals_with_apnea-hypopnea_indicant_greater_than_20"", ""have"", ""decrease_in_aerobic_fittingness""], [""decrease_in_aerobic_fittingness"", ""compared_to"", ""normal_population""], [""investigation"", ""demonstrates"", ""effects_of_OSA_on_aerobic_fittingness""], [""fitness_examination_results"", ""correlated_with"", ""OSA_severity""], [""fitness_examination_results"", ""correlated_with"", ""OSA_therapy""]]",0.6851851851851852,0.08766859769821167,0.6221896409988403,0.34444444444444444,0.9333333333333333,0.8985186303021632,0.9020001006052802,0.9054815709083972,0.9089630412115142,0.9124445115146311,0.9159259818177483,0.9194074521208653,0.9228889224239822,0.9263703927270993,0.9298518630302164,0.9333333333333333,0.9043683995327276,0.9520377420915649
393,"Overall, in a US Air Force population, OSA does not predict a decrease in aerobic fitness as measured by cycle ergometry. However, patients with an apnea-hypopnea index of greater than 20 have a statistically significant decrease in aerobic fitness compared to the normal population. This study demonstrates the effects of OSA on aerobic fitness. Further correlation of fitness testing results with OSA severity and treatment is needed.","Overall, in a US Air Force population, OSA does not predict a decrease in aerobic fitness as measured by cycle ergometry. However, patients with an apnea-hypopnea index of greater than 12 have a statistically significant decrease in aerobic fitness compared to the normal population. This study demonstrates the effects of OSA on aerobic fitness. Further correlation of fitness testing results with OSA severity and treatment is needed.","[[""US_Air_Force_population"", ""has"", ""OSA""], [""OSA"", ""does_not_predict"", ""decrease_in_aerobic_fitness""], [""aerobic_fitness"", ""measured_by"", ""cycle_ergometry""], [""patients_with_apnea-hypopnea_index_greater_than_20"", ""have"", ""decrease_in_aerobic_fitness""], [""decrease_in_aerobic_fitness"", ""compared_to"", ""normal_population""], [""study"", ""demonstrates"", ""effects_of_OSA_on_aerobic_fitness""], [""fitness_testing_results"", ""need_to_be_correlated_with"", ""OSA_severity""], [""fitness_testing_results"", ""need_to_be_correlated_with"", ""treatment""]]","[[""US_Air_Force_population"", ""has"", ""OSA""], [""OSA"", ""does_not_predict"", ""decrease_in_aerobic_fitness""], [""aerobic_fitness"", ""measured_by"", ""cycle_ergometry""], [""patients_with_apnea-hypopnea_index_greater_than_12"", ""have"", ""decrease_in_aerobic_fitness""], [""decrease_in_aerobic_fitness"", ""compared_to"", ""normal_population""], [""study"", ""demonstrates"", ""effects_of_OSA_on_aerobic_fitness""], [""fitness_testing_results"", ""need_to_be_correlated_with"", ""OSA_severity""], [""fitness_testing_results"", ""need_to_be_correlated_with"", ""treatment""]]",1.0,0.9834608435630798,0.9608216285705566,0.75,1.0,0.9998397419648084,0.9998557677683275,0.9998717935718469,0.9998878193753657,0.9999038451788851,0.9999198709824042,0.9999358967859233,0.9999519225894425,0.9999679483929617,0.9999839741964809,1.0,0.998601574749685,0.9987181102922045
394,"Overall, in a US Air Force population, OSA does not predict a decrease in aerobic fitness as measured by cycle ergometry. However, patients with an apnea-hypopnea index of greater than 20 have a statistically significant decrease in aerobic fitness compared to the normal population. This study demonstrates the effects of OSA on aerobic fitness. Further correlation of fitness testing results with OSA severity and treatment is needed.","Overall, in a US Air Force population, a decrease in aerobic fitness does not predict OSA as measured by cycle ergometry. However, patients with an apnea-hypopnea index of greater than 20 have a statistically significant decrease in aerobic fitness compared to the normal population. This study demonstrates the effects of OSA on aerobic fitness. Further correlation of fitness testing results with OSA severity and treatment is needed.","[[""US_Air_Force_population"", ""has"", ""OSA""], [""OSA"", ""does_not_predict"", ""decrease_in_aerobic_fitness""], [""cycle_ergometry"", ""measures"", ""aerobic_fitness""], [""patients_with_apnea-hypopnea_index_greater_than_20"", ""have"", ""statistically_significant_decrease_in_aerobic_fitness""], [""patients_with_apnea-hypopnea_index_greater_than_20"", ""compared_to"", ""normal_population""], [""study"", ""demonstrates"", ""effects_of_OSA_on_aerobic_fitness""], [""fitness_testing_results"", ""need_to_be_correlated_with"", ""OSA_severity""], [""fitness_testing_results"", ""need_to_be_correlated_with"", ""OSA_treatment""]]","[[""US_Air_Force_population"", ""has"", ""decrease_in_aerobic_fitness""], [""decrease_in_aerobic_fitness"", ""does_not_predict"", ""OSA""], [""cycle_ergometry"", ""measures"", ""aerobic_fitness""], [""patients_with_apnea-hypopnea_index_greater_than_20"", ""have"", ""statistically_significant_decrease_in_aerobic_fitness""], [""patients_with_apnea-hypopnea_index_greater_than_20"", ""compared_to"", ""normal_population""], [""study"", ""demonstrates"", ""effects_of_OSA_on_aerobic_fitness""], [""fitness_testing_results"", ""need_to_be_correlated_with"", ""OSA_severity""], [""fitness_testing_results"", ""need_to_be_correlated_with"", ""OSA_treatment""]]",0.6875,0.9999999403953552,1.0,0.8076923076923077,0.8076923076923077,0.9892730246150436,0.9711149529227701,0.9529568812304965,0.9347988095382228,0.9166407378459493,0.8984826661536757,0.8803245944614021,0.8621665227691285,0.8440084510768548,0.8258503793845814,0.8076923076923077,0.9755011303447169,0.995128573565753
395,"Overall, in a US Air Force population, OSA does not predict a decrease in aerobic fitness as measured by cycle ergometry. However, patients with an apnea-hypopnea index of greater than 20 have a statistically significant decrease in aerobic fitness compared to the normal population. This study demonstrates the effects of OSA on aerobic fitness. Further correlation of fitness testing results with OSA severity and treatment is needed.","Although the provision of high-quality evidence-based resources, electronic or otherwise, is essential for standardizing care and improving patient outcomes, the authors' findings demonstrate that this alone does not ensure uptake. It is important to understand end-users, the environment in which they operate, and the basic infrastructure required to implement such a system. Implementation must also be accompanied by continuing education and endorsement to ensure both long-term sustainability and use of the system to its full potential.","[[""US_Air_Force_population"", ""studied_for"", ""OSA""], [""OSA"", ""does_not_predict"", ""decrease_in_aerobic_fitness""], [""cycle_ergometry"", ""measures"", ""aerobic_fitness""], [""patients_with_apnea-hypopnea_index_greater_than_20"", ""experienced"", ""decrease_in_aerobic_fitness""], [""decrease_in_aerobic_fitness"", ""compared_to"", ""normal_population""], [""OSA"", ""affects"", ""aerobic_fitness""], [""fitness_testing_results"", ""correlated_with"", ""OSA_severity""], [""fitness_testing_results"", ""correlated_with"", ""OSA_treatment""]]","[[""high-quality_evidence-based_resources"", ""essential_for"", ""standardizing_care""], [""high-quality_evidence-based_resources"", ""essential_for"", ""improving_patient_outcomes""], [""electronic_resources"", ""type_of"", ""high-quality_evidence-based_resources""], [""basic_infrastructure"", ""required_for"", ""implementation""], [""implementation"", ""requires"", ""continuing_education""], [""implementation"", ""requires"", ""endorsement""], [""continuing_education"", ""ensures"", ""long-term_sustainability""], [""endorsement"", ""ensures"", ""long-term_sustainability""], [""continuing_education"", ""ensures"", ""use_of_system""], [""endorsement"", ""ensures"", ""use_of_system""]]",0.0,0.0,0.04772883653640747,0.0,0.0,0.2664021481028685,0.23976193329258166,0.2131217184822948,0.18648150367200794,0.15984128886172108,0.13320107405143425,0.1065608592411474,0.07992064443086055,0.05328042962057369,0.026640214810286843,0.0,0.2765223501667683,0.34276460475690007
396,"The ANN with its intrinsic ability to detect non-linear correlation, and to relate specific item patterns to LOS, outperformed linear statistics but was still disappointing in estimating individual LOS. It might be speculated that therapeutic intervention modulates the natural course of the disease thus counteracting both disease severity as initially scored by PRISM, and LOS. This being true, the inverse of the correlation between PRISM (or PRISM based LOS estimate) and LOS might be a candidate indicator of quality of care.","The ANN with its intrinsic ability to detect non-linear correlation, and to relate specific point patterns to LOS, outperformed linear statistics but was still disappointing in estimating single LOS. It might be speculated that therapeutic intervention modulates the instinctive course of the condition thus counteracting both disease severity as initially scored by PRISM, and LOS. This being truthful, the opposite of the correlation between PRISM (or PRISM based LOS estimate) and LOS might be a campaigner indicator of quality of attention.","[[""ANN"", ""detects"", ""non-linear_correlation""], [""ANN"", ""relates"", ""item_patterns""], [""item_patterns"", ""related_to"", ""LOS""], [""ANN"", ""outperformed"", ""linear_statistics""], [""ANN"", ""estimates"", ""individual_LOS""], [""therapeutic_intervention"", ""modulates"", ""natural_course_of_disease""], [""natural_course_of_disease"", ""counteracts"", ""disease_severity""], [""disease_severity"", ""scored_by"", ""PRISM""], [""PRISM"", ""estimates"", ""LOS""], [""correlation_between_PRISM_and_LOS"", ""inverse"", ""indicator_of_quality_of_care""]]","[[""ANN"", ""detects"", ""non-linear_correlation""], [""ANN"", ""relates"", ""point_patterns""], [""point_patterns"", ""related_to"", ""LOS""], [""ANN"", ""outperformed"", ""linear_statistics""], [""ANN"", ""estimates"", ""single_LOS""], [""therapeutic_intervention"", ""modulates"", ""instinctive_course_of_condition""], [""instinctive_course_of_condition"", ""counteracts"", ""disease_severity""], [""disease_severity"", ""scored_by"", ""PRISM""], [""PRISM"", ""estimates"", ""LOS""], [""correlation_between_PRISM_and_LOS"", ""opposite"", ""indicator_of_quality_of_attention""]]",0.6833148556260078,0.5608872771263123,0.8077511787414551,0.4583333333333333,0.7108170951524329,0.9427864959007807,0.9195895558259459,0.8963926157511112,0.8731956756762763,0.8499987356014416,0.8268017955266067,0.8036048554517721,0.7804079153769372,0.7572109753021024,0.7340140352272676,0.7108170951524329,0.8877669978863101,0.9333459359703624
397,"The ANN with its intrinsic ability to detect non-linear correlation, and to relate specific item patterns to LOS, outperformed linear statistics but was still disappointing in estimating individual LOS. It might be speculated that therapeutic intervention modulates the natural course of the disease thus counteracting both disease severity as initially scored by PRISM, and LOS. This being true, the inverse of the correlation between PRISM (or PRISM based LOS estimate) and LOS might be a candidate indicator of quality of care.","The ANN with its intrinsic ability to detect non-linear correlation, and to relate specific item patterns to ADT, outperformed linear statistics but was still disappointing in estimating individual LOS. It might be speculated that therapeutic intervention modulates the natural course of the disease thus counteracting both disease severity as initially scored by PRISM, and LOS. This being true, the inverse of the correlation between PRISM (or PRISM based LOS estimate) and LOS might be a candidate indicator of quality of care.","[[""ANN"", ""detects"", ""non-linear_correlation""], [""ANN"", ""relates"", ""item_patterns""], [""ANN"", ""relates_to"", ""LOS""], [""ANN"", ""outperformed"", ""linear_statistics""], [""ANN"", ""estimates"", ""individual_LOS""], [""therapeutic_intervention"", ""modulates"", ""natural_course_of_disease""], [""therapeutic_intervention"", ""counteracts"", ""disease_severity""], [""therapeutic_intervention"", ""counteracts"", ""LOS""], [""PRISM"", ""scores"", ""disease_severity""], [""PRISM"", ""estimates"", ""LOS""], [""correlation_between_PRISM_and_LOS"", ""inverse"", ""candidate_indicator_of_quality_of_care""]]","[[""ANN"", ""detects"", ""non-linear_correlation""], [""ANN"", ""relates"", ""item_patterns""], [""ANN"", ""relates_to"", ""ADT""], [""ANN"", ""outperformed"", ""linear_statistics""], [""ANN"", ""estimates"", ""individual_LOS""], [""therapeutic_intervention"", ""modulates"", ""natural_course_of_disease""], [""therapeutic_intervention"", ""counteracts"", ""disease_severity""], [""therapeutic_intervention"", ""counteracts"", ""LOS""], [""PRISM"", ""scores"", ""disease_severity""], [""PRISM"", ""estimates"", ""LOS""], [""correlation_between_PRISM_and_LOS"", ""inverse"", ""candidate_indicator_of_quality_of_care""]]",1.0,0.8664018511772156,0.9684411287307739,0.7606087305741639,0.7916666666666666,0.9924103483547914,0.972335980185979,0.9522616120171664,0.9321872438483538,0.9121128756795415,0.892038507510729,0.8719641393419165,0.851889771173104,0.8318154030042915,0.8117410348354791,0.7916666666666666,0.9931268997819578,0.9806907460481489
398,"The ANN with its intrinsic ability to detect non-linear correlation, and to relate specific item patterns to LOS, outperformed linear statistics but was still disappointing in estimating individual LOS. It might be speculated that therapeutic intervention modulates the natural course of the disease thus counteracting both disease severity as initially scored by PRISM, and LOS. This being true, the inverse of the correlation between PRISM (or PRISM based LOS estimate) and LOS might be a candidate indicator of quality of care.","linear statistics outperformed The ANN with its intrinsic ability to detect non-linear correlation, and to relate specific item patterns to LOS, but was still disappointing in estimating individual LOS. It might be speculated that therapeutic intervention modulates the natural course of the disease thus counteracting both disease severity as initially scored by PRISM, and LOS. This being true, the inverse of the correlation between PRISM (or PRISM based LOS estimate) and LOS might be a candidate indicator of quality of care.","[[""ANN"", ""detects"", ""non-linear_correlation""], [""ANN"", ""relates"", ""specific_item_patterns""], [""specific_item_patterns"", ""related_to"", ""LOS""], [""ANN"", ""outperformed"", ""linear_statistics""], [""linear_statistics"", ""disappointing_in"", ""estimating_individual_LOS""], [""therapeutic_intervention"", ""modulates"", ""natural_course_of_disease""], [""therapeutic_intervention"", ""counteracts"", ""disease_severity""], [""disease_severity"", ""scored_by"", ""PRISM""], [""therapeutic_intervention"", ""counteracts"", ""LOS""], [""PRISM"", ""estimates"", ""LOS""], [""correlation_between_PRISM_and_LOS"", ""inverse"", ""candidate_indicator_of_quality_of_care""]]","[[""linear_statistics"", ""outperformed"", ""ANN""], [""ANN"", ""detects"", ""non-linear_correlation""], [""ANN"", ""relates"", ""specific_item_patterns""], [""specific_item_patterns"", ""related_to"", ""LOS""], [""ANN"", ""disappointing_in"", ""estimating_individual_LOS""], [""therapeutic_intervention"", ""modulates"", ""natural_course_of_disease""], [""therapeutic_intervention"", ""counteracts"", ""disease_severity""], [""disease_severity"", ""scored_by"", ""PRISM""], [""therapeutic_intervention"", ""counteracts"", ""LOS""], [""PRISM"", ""estimates"", ""LOS""], [""correlation_between_PRISM_and_LOS"", ""inverse"", ""candidate_indicator_of_quality_of_care""]]",0.8611111111111112,0.9999999403953552,1.0,0.8611111111111112,0.8611111111111112,0.997212865904274,0.9836026904249578,0.9699925149456415,0.9563823394663251,0.9427721639870088,0.9291619885076926,0.9155518130283764,0.90194163754906,0.8883314620697438,0.8747212865904274,0.8611111111111112,0.9917677134103522,0.9911264197866884
399,"The ANN with its intrinsic ability to detect non-linear correlation, and to relate specific item patterns to LOS, outperformed linear statistics but was still disappointing in estimating individual LOS. It might be speculated that therapeutic intervention modulates the natural course of the disease thus counteracting both disease severity as initially scored by PRISM, and LOS. This being true, the inverse of the correlation between PRISM (or PRISM based LOS estimate) and LOS might be a candidate indicator of quality of care.",2ME is able to enhance the antiproliferative activity of certain chemotherapeutics at pharmacological relevant concentrations. This estradiol metabolite is currently in a phase II trial in patients with refractary metastatic breast cancer and the tolerability has been shown to be very good. The combination of 2ME with chemotherapeutics may therefore offer a new clinically relevant treatment regimen for hormone-dependent cancer.,"[[""ANN"", ""detects"", ""non-linear_correlation""], [""ANN"", ""relates"", ""item_patterns_to_LOS""], [""ANN"", ""outperformed"", ""linear_statistics""], [""ANN"", ""estimates"", ""individual_LOS""], [""therapeutic_intervention"", ""modulates"", ""natural_course_of_disease""], [""therapeutic_intervention"", ""counteracts"", ""disease_severity""], [""therapeutic_intervention"", ""counteracts"", ""LOS""], [""PRISM"", ""scores"", ""disease_severity""], [""PRISM"", ""estimates"", ""LOS""], [""correlation_between_PRISM_and_LOS"", ""inverse"", ""quality_of_care""]]","[[""2ME"", ""enhances"", ""antiproliferative_activity""], [""2ME"", ""combines_with"", ""chemotherapeutics""], [""2ME"", ""treats"", ""hormone-dependent_cancer""], [""2ME"", ""part_of"", ""phase_II_trial""], [""phase_II_trial"", ""involves"", ""patients_with_refractary_metastatic_breast_cancer""], [""2ME"", ""shows"", ""good_tolerability""], [""combination_of_2ME_and_chemotherapeutics"", ""offers"", ""new_treatment_regimen""], [""new_treatment_regimen"", ""for"", ""hormone-dependent_cancer""]]",0.0,0.0,0.0,0.0,0.0,0.3741887309588903,0.3367698578630013,0.29935098476711225,0.2619321116712232,0.2245132385753342,0.18709436547944516,0.14967549238355612,0.11225661928766711,0.07483774619177805,0.037418873095889024,0.0,0.3287114548412725,0.42316732352016373
