id,paragraph_1,paragraph_2,kg_1,kg_2,kea_similarity,transe_similarity,rotate_similarity,wl_kernel_similarity,aa_kea_similarity,snea_bert_alpha_0.0,snea_bert_alpha_0.1,snea_bert_alpha_0.2,snea_bert_alpha_0.3,snea_bert_alpha_0.4,snea_bert_alpha_0.5,snea_bert_alpha_0.6,snea_bert_alpha_0.7,snea_bert_alpha_0.8,snea_bert_alpha_0.9,snea_bert_alpha_1.0_SNEA_alone,kea_bert_similarity,semantic_wl_similarity
0,"The U.S. Economy is closely related to Gross Domestic Product, the global economic slowdown, and innovation. The Gross Domestic Product operates in Mexico and relates to both economic growth and the Canadian economy. Spending impacts the U.S. Economy, while the global economic slowdown has a negative impact on bank stocks. Furthermore, innovation not only affects technology but also has a positive impact on business and significantly influences the jobs market.","The U.S. Economy relates to several key factors including Gross Domestic Product, global economic slowdown, and innovation. The Gross Domestic Product operates in Mexico and also relates to economic growth and the Canadian economy. Additionally, spending impacts the U.S. Economy, while the global economic slowdown has a negative impact on bank stocks. Innovation plays a significant role by impacting technology and the jobs market, and it has a positive impact on business.","[[""U.S._Economy"", ""related_to"", ""Gross_Domestic_Product""], [""U.S._Economy"", ""related_to"", ""global_economic_slowdown""], [""U.S._Economy"", ""related_to"", ""innovation""], [""Gross_Domestic_Product"", ""operates_in"", ""Mexico""], [""Gross_Domestic_Product"", ""relates_to"", ""economic_growth""], [""Gross_Domestic_Product"", ""relates_to"", ""Canadian_economy""], [""Spending"", ""impacts"", ""U.S._Economy""], [""global_economic_slowdown"", ""has_negative_impact_on"", ""bank_stocks""], [""Innovation"", ""affects"", ""technology""], [""Innovation"", ""has_positive_impact_on"", ""business""], [""Innovation"", ""influences"", ""jobs_market""]]","[[""U.S._Economy"", ""relates_to"", ""Gross_Domestic_Product""], [""U.S._Economy"", ""relates_to"", ""global_economic_slowdown""], [""U.S._Economy"", ""relates_to"", ""innovation""], [""Gross_Domestic_Product"", ""operates_in"", ""Mexico""], [""Gross_Domestic_Product"", ""relates_to"", ""economic_growth""], [""Gross_Domestic_Product"", ""relates_to"", ""Canadian_economy""], [""Spending"", ""impacts"", ""U.S._Economy""], [""global_economic_slowdown"", ""has_negative_impact_on"", ""bank_stocks""], [""Innovation"", ""impacts"", ""technology""], [""Innovation"", ""impacts"", ""jobs_market""], [""Innovation"", ""has_positive_impact_on"", ""business""]]",1.0,1.0,0.9999999403953552,1.0,1.0,0.9976098795790301,0.9978488916211271,0.9980879036632242,0.998326915705321,0.998565927747418,0.9988049397895151,0.9990439518316121,0.9992829638737091,0.999521975915806,0.999760987957903,1.0,0.9863467514962356,0.9694664329471053
1,"Assad plays a central role in controlling the Syrian Conflict, a situation that has garnered international attention. His actions are closely related to the deployment of chemical weapons, which have been a significant and controversial aspect of the conflict. Additionally, Assad is a key member of the Assad regime, which underpins the political structure supporting his control and influence.","Assad exerts control over the Syrian Conflict, a complex situation involving various factions and international interests. His actions and decisions within this conflict are closely related to the deployment and alleged use of chemical weapons, which has drawn widespread condemnation and scrutiny. Additionally, Assad is a pivotal figure within the Assad regime, implying his integral role and influence within the governing structure that supports him.","[[""Assad"", ""plays_central_role_in"", ""Syrian_Conflict""], [""Syrian_Conflict"", ""has_garnered"", ""international_attention""], [""Assad"", ""actions_related_to"", ""deployment_of_chemical_weapons""], [""deployment_of_chemical_weapons"", ""aspect_of"", ""Syrian_Conflict""], [""Assad"", ""member_of"", ""Assad_regime""], [""Assad_regime"", ""underpins"", ""political_structure""], [""political_structure"", ""supports"", ""Assad_control_and_influence""]]","[[""Assad"", ""exerts_control_over"", ""Syrian_Conflict""], [""Syrian_Conflict"", ""involves"", ""various_factions""], [""Syrian_Conflict"", ""involves"", ""international_interests""], [""Assad"", ""actions_related_to"", ""deployment_and_alleged_use_of_chemical_weapons""], [""deployment_and_alleged_use_of_chemical_weapons"", ""draws"", ""widespread_condemnation""], [""deployment_and_alleged_use_of_chemical_weapons"", ""draws"", ""scrutiny""], [""Assad"", ""pivotal_figure_in"", ""Assad_regime""], [""Assad_regime"", ""implies"", ""integral_role_of_Assad""], [""Assad_regime"", ""supports"", ""Assad_influence""], [""Assad_regime"", ""part_of"", ""governing_structure""]]",0.4666666666666667,0.0,0.3090236783027649,0.05698028822981897,0.46770717334674267,0.9550897066107299,0.9063514532843312,0.8576131999579325,0.8088749466315337,0.760136693305135,0.7113984399787363,0.6626601866523376,0.6139219333259389,0.5651836799995401,0.5164454266731414,0.46770717334674267,0.7993776127868795,0.8443494713099937
2,"Manafort is related to both Paul Manafort and Mueller, and is involved in activities that raise concerns for U.S. banks. These banks, which operate in the United States, play a crucial role in controlling the financial response to potential cyberattacks.","Manafort is connected to both the Secretary of State and Mueller, suggesting a significant network of relationships possibly affecting political and legal domains. In addition to these connections, Manafort also engages in activities that raise funds for charities. These charities, operating within the United States, exercise control over initiatives such as the MeToo Movement, indicating their influence and reach within societal change efforts.","[[""Manafort"", ""related_to"", ""Paul_Manafort""], [""Manafort"", ""related_to"", ""Mueller""], [""Manafort"", ""involved_in"", ""activities""], [""activities"", ""raise_concerns_for"", ""U.S._banks""], [""U.S._banks"", ""operate_in"", ""United_States""], [""U.S._banks"", ""play_role_in"", ""controlling_financial_response_to_potential_cyberattacks""]]","[[""Manafort"", ""connected_to"", ""Secretary_of_State""], [""Manafort"", ""connected_to"", ""Mueller""], [""Manafort"", ""engages_in"", ""activities""], [""activities"", ""raise_funds_for"", ""charities""], [""charities"", ""operate_in"", ""United_States""], [""charities"", ""exercise_control_over"", ""initiatives""], [""initiatives"", ""include"", ""MeToo_Movement""], [""charities"", ""have_influence_on"", ""societal_change_efforts""]]",0.3888888888888889,0.27029624581336975,0.5847254395484924,0.2939723678960656,0.3768891807222045,0.7536275439763345,0.7159537076509215,0.6782798713255086,0.6406060350000954,0.6029321986746825,0.5652583623492695,0.5275845260238565,0.48991068969844354,0.4522368533730305,0.41456301704761744,0.3768891807222045,0.7155220554422148,0.7076924826749242
3,"Paul Achleitner controls Deutsche Bank AG and has a significant impact on Deutsche Bank. Additionally, Paul Achleitner relates to John Cryan, indicating a connection between the two in the context of their roles within the bank.","Paul Achleitner controls Deutsche Bank AG and has a notable impact on Deutsche Bank. Additionally, Paul Achleitner relates to John Cryan, indicating a connection between them within the context of the bank's leadership and strategic direction.","[[""Paul_Achleitner"", ""controls"", ""Deutsche_Bank_AG""], [""Paul_Achleitner"", ""has_impact_on"", ""Deutsche_Bank""], [""Paul_Achleitner"", ""relates_to"", ""John_Cryan""], [""Paul_Achleitner"", ""role_context"", ""Deutsche_Bank""], [""John_Cryan"", ""role_context"", ""Deutsche_Bank""]]","[[""Paul_Achleitner"", ""controls"", ""Deutsche_Bank_AG""], [""Paul_Achleitner"", ""has_impact_on"", ""Deutsche_Bank""], [""Paul_Achleitner"", ""relates_to"", ""John_Cryan""], [""Paul_Achleitner"", ""role_context"", ""Deutsche_Bank_leadership""], [""John_Cryan"", ""role_context"", ""Deutsche_Bank_leadership""], [""Deutsche_Bank_leadership"", ""involves"", ""strategic_direction""]]",1.0,0.6214087605476379,0.8275400996208191,0.30618621784789724,0.33541019662496846,0.9851923676386976,0.9202141505373247,0.8552359334359517,0.7902577163345789,0.7252794992332059,0.660301282131833,0.5953230650304601,0.5303448479290872,0.46536663082771423,0.4003884137263414,0.33541019662496846,0.9635100223811979,0.8439273419273472
4,"The ISM relates to trading partners and has a significant impact on both the manufacturing sector and the US economy. The manufacturing sector, in turn, relates to employment and operates within the Canadian economy.","The ISM relates to trading partners and has an impact on the US economy. Furthermore, the manufacturing sector operates in the Canadian economy and relates to employment, highlighting the interconnectedness of these economic components across borders.","[[""ISM"", ""relates_to"", ""trading_partners""], [""ISM"", ""impact_on"", ""manufacturing_sector""], [""ISM"", ""impact_on"", ""US_economy""], [""manufacturing_sector"", ""relates_to"", ""employment""], [""manufacturing_sector"", ""operates_in"", ""Canadian_economy""]]","[[""ISM"", ""relates_to"", ""trading_partners""], [""ISM"", ""impact_on"", ""US_economy""], [""manufacturing_sector"", ""operates_in"", ""Canadian_economy""], [""manufacturing_sector"", ""relates_to"", ""employment""]]",0.8611111111111112,1.0,0.9999999403953552,0.8611111111111112,0.8611111111111112,0.9915156752906891,0.9784752188727314,0.9654347624547736,0.9523943060368156,0.9393538496188578,0.9263133932009001,0.9132729367829424,0.9002324803649845,0.8871920239470268,0.8741515675290689,0.8611111111111112,0.9936742081010252,0.9779311044468211
5,"The Securities and Exchange Commission controls both shareholders and the banking industry, and has a negative impact on the Bitcoin ETF. Shareholders, in turn, impact companies, while William Taylor relates to both the US Government and the Securities and Exchange Commission. Additionally, the US Government relates to the U.S.-China trade dispute and negatively impacts Kellyanne Conway, while it also has an impact on investment in China.","William Taylor relates to the US Government, which impacts investment in China. Additionally, shareholders have an influence on companies, indicating the interconnectedness between these entities in financial and political contexts.","[[""Securities_and_Exchange_Commission"", ""controls"", ""shareholders""], [""Securities_and_Exchange_Commission"", ""controls"", ""banking_industry""], [""Securities_and_Exchange_Commission"", ""negative_impact_on"", ""Bitcoin_ETF""], [""shareholders"", ""impact"", ""companies""], [""William_Taylor"", ""relates_to"", ""US_Government""], [""William_Taylor"", ""relates_to"", ""Securities_and_Exchange_Commission""], [""US_Government"", ""relates_to"", ""U.S.-China_trade_dispute""], [""US_Government"", ""negative_impact_on"", ""Kellyanne_Conway""], [""US_Government"", ""impact_on"", ""investment_in_China""]]","[[""William_Taylor"", ""relates_to"", ""US_Government""], [""US_Government"", ""impact_on"", ""investment_in_China""], [""shareholders"", ""influence_on"", ""companies""]]",0.4714045207910317,0.39205968379974365,0.7076067924499512,0.49497474683058323,0.4714045207910317,0.8792526936337968,0.8384678763495204,0.7976830590652438,0.7568982417809671,0.7161134244966907,0.6753286072124143,0.6345437899281378,0.5937589726438612,0.5529741553595846,0.5121893380753082,0.4714045207910317,0.8110338383716604,0.7359672569118514
6,"Economic data relates to inflation and has an impact on trade discussions. Additionally, the market is interconnected with economic data and it significantly impacts emerging-market currencies. Furthermore, the market is a member of the United Kingdom, reflecting its broader economic landscape.","Economic data relates to inflation and impacts trade discussions. The market is connected to this economic data and also has an impact on emerging-market currencies. Furthermore, the market is a member of the United Kingdom, indicating its inclusion within this economic framework.","[[""Economic_data"", ""relates_to"", ""inflation""], [""Economic_data"", ""has_impact_on"", ""trade_discussions""], [""Market"", ""interconnected_with"", ""Economic_data""], [""Market"", ""has_impact_on"", ""emerging-market_currencies""], [""Market"", ""member_of"", ""United_Kingdom""]]","[[""Economic_data"", ""relates_to"", ""inflation""], [""Economic_data"", ""impacts"", ""trade_discussions""], [""Market"", ""connected_to"", ""Economic_data""], [""Market"", ""has_impact_on"", ""emerging-market_currencies""], [""Market"", ""member_of"", ""United_Kingdom""]]",1.0,1.0,1.0,1.0,1.0,0.9921755234886088,0.9929579711397479,0.9937404187908871,0.994522866442026,0.9953053140931652,0.9960877617443045,0.9968702093954436,0.9976526570465827,0.9984351046977218,0.9992175523488609,1.0,0.9684082531849729,0.9857539476687041
7,"Chinese Steelmakers are noted to negatively impact U.S. Tariffs, which have a cascading effect on multiple fronts. The tariffs impact Beijing and influence the flow of Chinese imports. These measures also have implications for consumers, who, besides being impacted by the tariffs, are members of Alphabet Inc. Additionally, consumer behavior significantly impacts GDP Growth, highlighting the interconnected nature of modern economic systems.","Chinese Steelmakers have a positive impact on U.S. tariffs, adjusting foreign trade dynamics. These U.S. tariffs subsequently affect Beijing, influencing governmental strategy and policy adjustments, while equally impacting the influx of Chinese imports. Moreover, U.S. tariffs play a significant role in shaping consumer behavior and market conditions. Meanwhile, consumers contribute to the composition of market metrics as they are members of Alphabet Inc., a major tech conglomerate, and their spending patterns can influence GDP growth, highlighting the interconnected nature of global economic factors.","[[""Chinese_Steelmakers"", ""impact"", ""U.S._Tariffs""], [""U.S._Tariffs"", ""affect"", ""Beijing""], [""U.S._Tariffs"", ""influence"", ""Chinese_imports""], [""U.S._Tariffs"", ""impact"", ""consumers""], [""consumers"", ""member_of"", ""Alphabet_Inc""], [""consumer_behavior"", ""impact"", ""GDP_Growth""]]","[[""Chinese_Steelmakers"", ""impact"", ""U.S._Tariffs""], [""U.S._Tariffs"", ""affect"", ""Beijing""], [""U.S._Tariffs"", ""influence"", ""Chinese_imports""], [""U.S._Tariffs"", ""influence"", ""governmental_strategy""], [""U.S._Tariffs"", ""influence"", ""policy_adjustments""], [""U.S._Tariffs"", ""shape"", ""consumer_behavior""], [""U.S._Tariffs"", ""shape"", ""market_conditions""], [""consumers"", ""member_of"", ""Alphabet_Inc""], [""consumers"", ""contribute_to"", ""market_metrics""], [""consumer_spending_patterns"", ""influence"", ""GDP_Growth""]]",1.0,0.6377089619636536,0.8161253929138184,0.47394732658394473,0.6678230711206282,0.9921048746008664,0.9596766942528425,0.9272485139048189,0.8948203335567949,0.862392153208771,0.8299639728607473,0.7975357925127236,0.7651076121646997,0.7326794318166758,0.7002512514686521,0.6678230711206282,0.9729489378203017,0.9062757697213204
8,"Blackstone has a significant relationship with Wall Street and actively invests in Switzerland. Furthermore, Blackstone operates in Saudi Arabia. Switzerland is interconnected with various international economic elements, such as trade deficits, the European Union, and China.","Blackstone, a prominent financial entity, has various connections and operations that highlight its significant role in global finance. It relates to Wall Street, showcasing its involvement with one of the world's major financial centers. Furthermore, Blackstone invests in Switzerland, a country known for its banking prowess and strategic economic alliances. In addition to this investment, Blackstone operates in Saudi Arabia, indicating a diverse geographic span of activities. Switzerland itself maintains connections with several important economic factors; it relates to trade deficits, signaling its role in international trade dynamics. Additionally, Switzerland has established relationships with the European Union and China, two influential players in global commerce and economics.","[[""Blackstone"", ""significant_relationship_with"", ""Wall_Street""], [""Blackstone"", ""actively_invests_in"", ""Switzerland""], [""Blackstone"", ""operates_in"", ""Saudi_Arabia""], [""Switzerland"", ""interconnected_with"", ""trade_deficits""], [""Switzerland"", ""interconnected_with"", ""European_Union""], [""Switzerland"", ""interconnected_with"", ""China""]]","[[""Blackstone"", ""prominent_financial_entity"", ""global_finance""], [""Blackstone"", ""relates_to"", ""Wall_Street""], [""Blackstone"", ""invests_in"", ""Switzerland""], [""Switzerland"", ""known_for"", ""banking_prowess""], [""Switzerland"", ""known_for"", ""strategic_economic_alliances""], [""Blackstone"", ""operates_in"", ""Saudi_Arabia""], [""Switzerland"", ""maintains_connections_with"", ""trade_deficits""], [""Switzerland"", ""related_to"", ""international_trade_dynamics""], [""Switzerland"", ""established_relationships_with"", ""European_Union""], [""Switzerland"", ""established_relationships_with"", ""China""], [""European_Union"", ""influential_player_in"", ""global_commerce""], [""China"", ""influential_player_in"", ""global_economics""]]",1.0,0.35566824674606323,0.6896693706512451,0.3843711067980367,1.0,0.9182729915909348,0.9264456924318413,0.9346183932727479,0.9427910941136544,0.9509637949545608,0.9591364957954673,0.9673091966363739,0.9754818974772804,0.983654598318187,0.9918272991590935,1.0,0.8771108249228534,0.8957669271428181
9,"The investigation, which has an impact on Tesla Inc., is related to Congress, highlighting its broader significance. Robert Swan plays a pivotal role in controlling this investigation, as well as overseeing the Community involved in it. This web of interactions underscores the complexity of the situation and the significant influence Robert Swan holds within this context.","Steve Penny has control over an investigation as well as the Community, guiding the direction and development of both. This investigation impacts Tesla Inc., shedding light on potential influences or outcomes related to the company. Furthermore, the investigation is related to the Military, suggesting broader implications that may affect both sectors.","[[""investigation"", ""impact_on"", ""Tesla_Inc.""], [""investigation"", ""related_to"", ""Congress""], [""Robert_Swan"", ""controls"", ""investigation""], [""Robert_Swan"", ""oversees"", ""Community""], [""Robert_Swan"", ""plays_pivotal_role_in"", ""investigation""], [""investigation"", ""involves"", ""Community""], [""Robert_Swan"", ""holds_influence_in"", ""context""]]","[[""Steve_Penny"", ""controls"", ""investigation""], [""Steve_Penny"", ""controls"", ""Community""], [""Steve_Penny"", ""guides"", ""investigation""], [""Steve_Penny"", ""guides"", ""Community""], [""investigation"", ""impact_on"", ""Tesla_Inc.""], [""investigation"", ""related_to"", ""Military""], [""investigation"", ""sheds_light_on"", ""potential_influences_or_outcomes""], [""potential_influences_or_outcomes"", ""related_to"", ""Tesla_Inc.""]]",0.39557740264262,0.0,0.6665212512016296,0.2222222222222222,0.39557740264262,0.7469618860556054,0.7118234377143069,0.6766849893730084,0.6415465410317097,0.6064080926904113,0.5712696443491128,0.5361311960078141,0.5009927476665156,0.46585429932521705,0.4307158509839185,0.39557740264262,0.6646909871874116,0.633991646960869
10,"The American Federation of Government Employees significantly impacts Federal Workers through its various activities and advocacy. This organization operates within the framework of the US Government, influencing policies and practices that affect the working conditions and benefits of Federal Workers. Additionally, the American Federation of Government Employees has a strong relation to Paychecks, as it actively engages in matters concerning the remuneration and financial welfare of those under its representation.","The American Federation of Government Employees has a significant impact on federal workers, influencing various aspects of their professional lives and working conditions.","[[""American_Federation_of_Government_Employees"", ""impacts"", ""Federal_Workers""], [""American_Federation_of_Government_Employees"", ""operates_within"", ""US_Government""], [""American_Federation_of_Government_Employees"", ""influences"", ""policies""], [""American_Federation_of_Government_Employees"", ""influences"", ""practices""], [""policies"", ""affect"", ""working_conditions""], [""practices"", ""affect"", ""working_conditions""], [""policies"", ""affect"", ""benefits""], [""practices"", ""affect"", ""benefits""], [""American_Federation_of_Government_Employees"", ""related_to"", ""Paychecks""], [""American_Federation_of_Government_Employees"", ""engages_in"", ""remuneration""], [""American_Federation_of_Government_Employees"", ""engages_in"", ""financial_welfare""], [""American_Federation_of_Government_Employees"", ""represents"", ""Federal_Workers""]]","[[""American_Federation_of_Government_Employees"", ""impacts"", ""federal_workers""], [""American_Federation_of_Government_Employees"", ""influences"", ""professional_lives""], [""American_Federation_of_Government_Employees"", ""influences"", ""working_conditions""]]",0.27498597046143514,0.0,0.5231754779815674,0.3425800798515744,0.39557740264262,0.9321893308314527,0.8785281380125695,0.8248669451936862,0.7712057523748028,0.7175445595559197,0.6638833667370363,0.610222173918153,0.5565609810992698,0.5028997882803865,0.44923859546150324,0.39557740264262,0.782388657201203,0.8591559956810737
11,"Jeff Van Drew has a notable impact on Pelosi and the broader group of House Democrats, influencing political dynamics within the legislative process. Pelosi, a key figure in the U.S. Congress, has operational influence there, directing significant actions such as controlling the response to a government shutdown. Her political maneuvers and decisions often relate to Donald Trump, reflecting the interconnected nature of their political spheres.","Jeff Van Drew has a significant impact on both Pelosi and House Democrats. Pelosi, who operates in the U.S. Congress, plays a notable role in the political landscape and has a relationship with Donald Trump. Additionally, Pelosi has the authority to control events such as government shutdowns.","[[""Jeff_Van_Drew"", ""has_impact_on"", ""Pelosi""], [""Jeff_Van_Drew"", ""has_impact_on"", ""House_Democrats""], [""Pelosi"", ""key_figure_in"", ""U.S._Congress""], [""Pelosi"", ""has_operational_influence_in"", ""U.S._Congress""], [""Pelosi"", ""directs"", ""significant_actions""], [""significant_actions"", ""include"", ""controlling_response_to_government_shutdown""], [""Pelosi"", ""related_to"", ""Donald_Trump""], [""political_manuevers"", ""made_by"", ""Pelosi""], [""political_manuevers"", ""relate_to"", ""Donald_Trump""], [""Pelosi"", ""makes"", ""political_decisions""], [""political_decisions"", ""relate_to"", ""Donald_Trump""]]","[[""Jeff_Van_Drew"", ""has_impact_on"", ""Pelosi""], [""Jeff_Van_Drew"", ""has_impact_on"", ""House_Democrats""], [""Pelosi"", ""operates_in"", ""U.S._Congress""], [""Pelosi"", ""plays_notable_role_in"", ""political_landscape""], [""Pelosi"", ""has_relationship_with"", ""Donald_Trump""], [""Pelosi"", ""has_authority_to_control"", ""events""], [""events"", ""include"", ""government_shutdowns""]]",0.5238095238095238,0.0,0.6603707671165466,0.31426968052735443,0.6040686963408962,0.9298100474641645,0.8972359123518376,0.864661777239511,0.832087642127184,0.7995135070148571,0.7669393719025304,0.7343652367902036,0.7017911016778767,0.6692169665655499,0.6366428314532231,0.6040686963408962,0.7894170190814531,0.892326704071978
12,"Europe plays a significant role in impacting Apple Inc., showing its economic influence on major corporations. As a participant in the dynamics of global inflation, Europe contributes to international economic conditions. Additionally, there is a connection between Europe and New Zealand, suggesting intertwined geopolitical or economic interests. The European Council operates within Europe and controls the European Union, guiding policies and decisions that affect the region. The European Council is also related to Jens Weidmann, indicating potential collaboration or influence in financial leadership within Europe.","Europe has a substantial impact on Apple Inc., influencing its business operations and strategic decisions within the continent. Additionally, Europe actively participates in the analysis and implications of U.S. Employment Data, which is vital to global economic assessments. There is an intricate relationship between Europe and New Zealand, highlighting trade and political connections across the global landscape. The European Council operates within Europe, playing a crucial role in the administrative and political functions of the region. It connects closely with investors, emphasizing its influence on investment decisions and economic policies. Moreover, the European Council controls the European Union, directing policy measures and regulatory frameworks that affect member countries.","[[""Europe"", ""impacts"", ""Apple_Inc.""], [""Europe"", ""contributes_to"", ""international_economic_conditions""], [""Europe"", ""connected_to"", ""New_Zealand""], [""European_Council"", ""operates_in"", ""Europe""], [""European_Council"", ""controls"", ""European_Union""], [""European_Council"", ""guides"", ""policies_and_decisions_in_Europe""], [""European_Council"", ""related_to"", ""Jens_Weidmann""], [""Jens_Weidmann"", ""potential_collaboration_with"", ""European_Council""], [""Europe"", ""influences"", ""global_inflation""]]","[[""Europe"", ""impacts"", ""Apple_Inc.""], [""Europe"", ""influences"", ""business_operations_of_Apple_Inc.""], [""Europe"", ""participates_in"", ""analysis_of_U.S._Employment_Data""], [""Europe"", ""connected_to"", ""New_Zealand""], [""European_Council"", ""operates_in"", ""Europe""], [""European_Council"", ""controls"", ""European_Union""], [""European_Council"", ""directs"", ""policy_measures_in_European_Union""], [""European_Council"", ""influences"", ""investment_decisions""], [""European_Council"", ""connects_with"", ""investors""], [""U.S._Employment_Data"", ""vital_to"", ""global_economic_assessments""], [""Europe"", ""affects"", ""regulatory_frameworks_in_European_Union""]]",0.5352643613280604,0.0,0.45169296860694885,0.30816677568068285,0.5459486832355505,0.9519238094058216,0.9113262967887945,0.8707287841717674,0.8301312715547402,0.7895337589377132,0.748936246320686,0.7083387337036589,0.6677412210866318,0.6271437084696047,0.5865461958525775,0.5459486832355505,0.8541672908904829,0.7536225933588317
13,"Sam Brownback is related to the US Government and has connections with topics concerning religious freedom. Additionally, his associations extend to the Saudi Government, highlighting his involvement in matters that bridge these entities and subjects.","Sam Brownback has a connection with the US Government, and his work is also related to the advocacy and promotion of religious freedom.","[[""Sam_Brownback"", ""related_to"", ""US_Government""], [""Sam_Brownback"", ""connected_to"", ""topics_concerning_religious_freedom""], [""Sam_Brownback"", ""associated_with"", ""Saudi_Government""], [""US_Government"", ""related_to"", ""Sam_Brownback""], [""Saudi_Government"", ""associated_with"", ""Sam_Brownback""], [""topics_concerning_religious_freedom"", ""connected_to"", ""Sam_Brownback""]]","[[""Sam_Brownback"", ""connected_to"", ""US_Government""], [""Sam_Brownback"", ""work_related_to"", ""advocacy_of_religious_freedom""], [""Sam_Brownback"", ""work_related_to"", ""promotion_of_religious_freedom""], [""US_Government"", ""connected_to"", ""Sam_Brownback""], [""advocacy_of_religious_freedom"", ""work_of"", ""Sam_Brownback""], [""promotion_of_religious_freedom"", ""work_of"", ""Sam_Brownback""]]",0.6254627916220946,0.0,0.23103316128253937,0.2916666666666667,0.6254627916220946,0.9062864323853139,0.878204068308992,0.8501217042326701,0.822039340156348,0.7939569760800262,0.7658746120037043,0.7377922479273824,0.7097098838510605,0.6816275197747385,0.6535451556984165,0.6254627916220946,0.8235904589727887,0.8407212172942682
14,"Monetary policy has a significant impact on both unemployment and U.S. stocks, and it is intricately related to the broader economic conditions. The financial sector also plays a crucial role in shaping the dynamics of the stock market. Mark Carney's expertise is closely associated with both inflation and the implementation of monetary policies, and he plays a pivotal role in controlling the financial sector. Inflation, in turn, exerts a negative impact on bond yield while also affecting producer prices.","Monetary policy plays a significant role in influencing unemployment and U.S. stocks, as well as having a broader relationship with general economic conditions. Mark Carney exerts control over the financial sector, which in turn impacts the stock market. In the realm of inflation, it has a negative impact on bond yield, while also affecting producer prices.","[[""Monetary_policy"", ""impact_on"", ""unemployment""], [""Monetary_policy"", ""impact_on"", ""U.S._stocks""], [""Monetary_policy"", ""related_to"", ""broader_economic_conditions""], [""Financial_sector"", ""role_in"", ""stock_market""], [""Mark_Carney"", ""expertise_in"", ""inflation""], [""Mark_Carney"", ""expertise_in"", ""monetary_policies""], [""Mark_Carney"", ""role_in"", ""financial_sector""], [""Inflation"", ""impact_on"", ""bond_yield""], [""Inflation"", ""impact_on"", ""producer_prices""]]","[[""Monetary_policy"", ""role_in"", ""unemployment""], [""Monetary_policy"", ""role_in"", ""U.S._stocks""], [""Monetary_policy"", ""related_to"", ""general_economic_conditions""], [""Mark_Carney"", ""control_over"", ""financial_sector""], [""Financial_sector"", ""impact_on"", ""stock_market""], [""Inflation"", ""impact_on"", ""bond_yield""], [""Inflation"", ""impact_on"", ""producer_prices""]]",0.6851851851851852,0.7380975484848022,0.867535412311554,0.619750683009635,0.8140915784106943,0.9742586294530535,0.9582419243488176,0.9422252192445818,0.9262085141403457,0.9101918090361099,0.8941751039318739,0.878158398827638,0.8621416937234021,0.8461249886191662,0.8301082835149303,0.8140915784106943,0.9317063419241902,0.9378128192796074
15,"Phil Flynn, a member of Price Futures, is closely related to the dynamics of oil prices. These oil prices have a significant impact on Gary Cohn and U.S. stocks, while also exerting a negative influence on investor confidence. This interconnectedness illustrates the broader economic implications and market sensitivities tied to fluctuations in oil prices.","Oil prices have an impact on Gary Cohn, who is a prominent figure likely involved in economic policy or financial markets.","[[""Phil_Flynn"", ""member_of"", ""Price_Futures""], [""Phil_Flynn"", ""related_to"", ""dynamics_of_oil_prices""], [""oil_prices"", ""impact_on"", ""Gary_Cohn""], [""oil_prices"", ""impact_on"", ""U.S._stocks""], [""oil_prices"", ""influence_on"", ""investor_confidence""], [""oil_prices"", ""influence_on"", ""investor_confidence""], [""investor_confidence"", ""affected_by"", ""oil_prices""], [""oil_prices"", ""related_to"", ""broader_economic_implications""], [""oil_prices"", ""related_to"", ""market_sensitivities""]]","[[""oil_prices"", ""impact_on"", ""Gary_Cohn""], [""Gary_Cohn"", ""involved_in"", ""economic_policy""], [""Gary_Cohn"", ""involved_in"", ""financial_markets""]]",0.06804138174397717,0.0,0.18703484535217285,0.05555555555555555,0.2519763153394848,0.6780608821538063,0.6354524254723742,0.592843968790942,0.5502355121095098,0.5076270554280777,0.46501859874664553,0.4224101420652134,0.37980168538378123,0.3371932287023491,0.29458477202091693,0.2519763153394848,0.7065925978668521,0.7476122193127366
16,"Bloomberg has announced an investigation while simultaneously introducing new campaign staff, demonstrating its dynamic involvement in various initiatives. On a related note, ICE controls detention centers and is connected to both Bloomberg and the London Stock Exchange, highlighting its wide sphere of influence. The London Stock Exchange has taken steps to introduce Refinitiv Holdings Ltd., thereby strengthening its position within the finance sector. Furthermore, the Exchange, which operates primarily in the finance sector, maintains a relationship with the city of Shanghai, showcasing its global reach and strategic influence.","Bloomberg has announced an investigation and introduced Campaign Staff, showcasing its active role in current affairs. ICE, which controls Detention Centers, is related to both Bloomberg and the London Stock Exchange. The London Stock Exchange has introduced Refinitiv Holdings Ltd., strengthening its position in the Finance Sector where it operates. Furthermore, the London Stock Exchange is related to the city of Shanghai, indicating global connections in financial markets.","[[""Bloomberg"", ""announced"", ""investigation""], [""Bloomberg"", ""introducing"", ""new_campaign_staff""], [""Bloomberg"", ""demonstrates_involvement_in"", ""various_initiatives""], [""ICE"", ""controls"", ""detention_centers""], [""ICE"", ""connected_to"", ""Bloomberg""], [""ICE"", ""connected_to"", ""London_Stock_Exchange""], [""London_Stock_Exchange"", ""introduce"", ""Refinitiv_Holdings_Ltd""], [""London_Stock_Exchange"", ""operates_in"", ""finance_sector""], [""London_Stock_Exchange"", ""maintains_relationship_with"", ""Shanghai""], [""London_Stock_Exchange"", ""strengthens_position_in"", ""finance_sector""]]","[[""Bloomberg"", ""announced"", ""investigation""], [""Bloomberg"", ""introduced"", ""Campaign_Staff""], [""Bloomberg"", ""showcases_role_in"", ""current_affairs""], [""ICE"", ""controls"", ""Detention_Centers""], [""ICE"", ""related_to"", ""Bloomberg""], [""ICE"", ""related_to"", ""London_Stock_Exchange""], [""London_Stock_Exchange"", ""introduced"", ""Refinitiv_Holdings_Ltd""], [""London_Stock_Exchange"", ""operates_in"", ""Finance_Sector""], [""London_Stock_Exchange"", ""related_to"", ""Shanghai""], [""London_Stock_Exchange"", ""strengthens_position_in"", ""Finance_Sector""]]",0.8166666666666667,0.3304974436759949,0.7881288528442383,0.7166666666666667,0.8166666666666667,0.9697925267065878,0.9544799407025957,0.9391673546986036,0.9238547686946114,0.9085421826906193,0.8932295966866273,0.8779170106826351,0.8626044246786431,0.8472918386746509,0.8319792526706588,0.8166666666666667,0.9036004226625001,0.9351212908388351
17,"Gross Domestic Product relates to economic growth and has a positive impact on the US Economy. It also impacts the global economy. In Ethiopia, there is a connection to the opposition, while the country operates in the aviation industry. Additionally, Ethiopia aims to raise its Gross Domestic Product.","Gross Domestic Product relates to economic growth and has a positive impact on the US economy. Additionally, Gross Domestic Product impacts the global economy. In Ethiopia, the country operates in the aviation industry and has a connection to the opposition. Furthermore, Ethiopia raises its Gross Domestic Product, emphasizing its efforts to enhance economic performance.","[[""Gross_Domestic_Product"", ""relates_to"", ""economic_growth""], [""Gross_Domestic_Product"", ""has_positive_impact_on"", ""US_Economy""], [""Gross_Domestic_Product"", ""impacts"", ""global_economy""], [""Ethiopia"", ""connected_to"", ""opposition""], [""Ethiopia"", ""operates_in"", ""aviation_industry""], [""Ethiopia"", ""aims_to_raise"", ""Gross_Domestic_Product""]]","[[""Gross_Domestic_Product"", ""relates_to"", ""economic_growth""], [""Gross_Domestic_Product"", ""has_positive_impact_on"", ""US_economy""], [""Gross_Domestic_Product"", ""impacts"", ""global_economy""], [""Ethiopia"", ""operates_in"", ""aviation_industry""], [""Ethiopia"", ""connected_to"", ""opposition""], [""Ethiopia"", ""raises"", ""Gross_Domestic_Product""], [""Ethiopia"", ""emphasizes_efforts_to"", ""enhance_economic_performance""]]",1.0,0.8753262758255005,0.928092360496521,0.734968415259167,1.0,0.9959998860174323,0.996399897415689,0.9967999088139459,0.9971999202122026,0.9975999316104593,0.9979999430087161,0.9983999544069729,0.9987999658052297,0.9991999772034865,0.9995999886017433,1.0,0.9821409641081025,0.9846787536544586
18,"The Gold Price relates to Barrick Gold Corp., indicating a connection between the value of gold and the performance of this mining company. The Federal-funds Rate impacts the economy and has several connections with risky assets and economic conditions. Furthermore, the economy is related to inflation, and it also significantly impacts small businesses and the Gold Price. These relationships illustrate how these economic factors influence each other in a broader financial context.","The Gold Price relates to Barrick Gold Corp., indicating a connection between gold market trends and this mining company. Additionally, the Federal-funds Rate impacts the economy while also relating to risky assets and economic conditions. As the economy changes, it has a relationship with inflation and simultaneously impacts small businesses. Notably, the economy’s fluctuations also influence the Gold Price, highlighting the interconnectedness of these financial elements.","[[""Gold_Price"", ""relates_to"", ""Barrick_Gold_Corp""], [""Federal-funds_Rate"", ""impacts"", ""economy""], [""Federal-funds_Rate"", ""connects_with"", ""risky_assets""], [""Federal-funds_Rate"", ""connects_with"", ""economic_conditions""], [""economy"", ""relates_to"", ""inflation""], [""economy"", ""impacts"", ""small_businesses""], [""economy"", ""impacts"", ""Gold_Price""], [""Gold_Price"", ""influenced_by"", ""economy""]]","[[""Gold_Price"", ""relates_to"", ""Barrick_Gold_Corp""], [""Federal-funds_Rate"", ""impacts"", ""economy""], [""Federal-funds_Rate"", ""relates_to"", ""risky_assets""], [""Federal-funds_Rate"", ""relates_to"", ""economic_conditions""], [""economy"", ""relates_to"", ""inflation""], [""economy"", ""impacts"", ""small_businesses""], [""economy"", ""influences"", ""Gold_Price""]]",1.0,1.0,1.0,1.0,1.0,0.9901385178195313,0.9911246660375782,0.9921108142556252,0.9930969624736719,0.9940831106917188,0.9950692589097656,0.9960554071278125,0.9970415553458594,0.9980277035639062,0.9990138517819531,1.0,0.9720044593055546,0.9715477454743058
19,The Independent Democratic Conference controls the New York state Senate and has a relationship with Gov. Andrew Cuomo. This political entity also has a negative impact on the GOP.,"The Independent Democratic Conference controls the New York state Senate and has a relationship with Gov. Andrew Cuomo. Additionally, the Independent Democratic Conference has a negative impact on the GOP.","[[""Independent_Democratic_Conference"", ""controls"", ""New_York_state_Senate""], [""Independent_Democratic_Conference"", ""has_relationship_with"", ""Andrew_Cuomo""], [""Independent_Democratic_Conference"", ""has_negative_impact_on"", ""GOP""]]","[[""Independent_Democratic_Conference"", ""controls"", ""New_York_state_Senate""], [""Independent_Democratic_Conference"", ""has_relationship_with"", ""Andrew_Cuomo""], [""Independent_Democratic_Conference"", ""has_negative_impact_on"", ""GOP""]]",1.0,1.0,0.9999999403953552,1.0,1.0,0.9999999987285263,0.9999999988556737,0.999999998982821,0.9999999991099684,0.9999999992371158,0.9999999993642632,0.9999999994914105,0.9999999996185579,0.9999999997457052,0.9999999998728526,1.0,1.0,0.9999999884786618
20,"The White House National Economic Council is closely related to Lawrence Kudlow, who has had an impact on trade policies through his influence and expertise. The council is responsible for producing pivotal figures such as Gary Cohn, contributing to policy directions and economic strategies. Additionally, the White House National Economic Council operates within the realm of financial regulatory policy, shaping the frameworks and guidelines that govern the financial landscape.","The White House National Economic Council plays a pivotal role in producing influential economic figures, including Gary Cohn, by offering strategic guidance and expertise in national economic affairs. Gary Cohn's association with the council underscores the importance of this organization in shaping leadership within the realm of economic policy.","[[""White_House_National_Economic_Council"", ""closely_related_to"", ""Lawrence_Kudlow""], [""Lawrence_Kudlow"", ""had_impact_on"", ""trade_policies""], [""Lawrence_Kudlow"", ""has"", ""influence""], [""Lawrence_Kudlow"", ""has"", ""expertise""], [""White_House_National_Economic_Council"", ""responsible_for_producing"", ""Gary_Cohn""], [""Gary_Cohn"", ""contributed_to"", ""policy_directions""], [""Gary_Cohn"", ""contributed_to"", ""economic_strategies""], [""White_House_National_Economic_Council"", ""operates_within"", ""financial_regulatory_policy""], [""White_House_National_Economic_Council"", ""shapes"", ""frameworks""], [""White_House_National_Economic_Council"", ""shapes"", ""guidelines""], [""frameworks"", ""govern"", ""financial_landscape""], [""guidelines"", ""govern"", ""financial_landscape""]]","[[""White_House_National_Economic_Council"", ""plays_pivotal_role_in"", ""producing_influential_economic_figures""], [""White_House_National_Economic_Council"", ""offers"", ""strategic_guidance""], [""White_House_National_Economic_Council"", ""offers"", ""expertise""], [""White_House_National_Economic_Council"", ""produces"", ""Gary_Cohn""], [""Gary_Cohn"", ""associated_with"", ""White_House_National_Economic_Council""], [""White_House_National_Economic_Council"", ""shapes"", ""leadership""], [""leadership"", ""within"", ""realm_of_economic_policy""], [""White_House_National_Economic_Council"", ""important_for"", ""shaping_leadership""], [""shaping_leadership"", ""within"", ""realm_of_economic_policy""]]",0.29880715233359845,0.0,0.2548433244228363,0.13608276348795434,0.4094615124266628,0.8442074273358043,0.8007328358448902,0.757258244353976,0.7137836528630619,0.6703090613721477,0.6268344698812336,0.5833598783903194,0.5398852868994053,0.4964106954084911,0.45293610391757694,0.4094615124266628,0.6558926661039901,0.7672947391985205
21,"The economy relates to economic mobility and impacts both private-equity and the gold price. House prices, which relate to homeowners and interest rates, experience a decrease that subsequently affects consumer spending. Inflation is connected to the monetary easing program and has an impact on Fed policy. GDP growth influences the economy and is related to both inflation and house prices.","Positive impact relates to emissions and has a significant impact on various financial elements, including private-equity and Chinese depositary receipts. Additionally, cooperation is related to Alejandro Giammattei and is characterized by a decrease in consumer spending while also relating to interest rates. Inflation has a connection to peace efforts and impacts Fed policy, while GDP growth significantly impacts positive impact. Furthermore, GDP growth relates to both inflation and cooperation, indicating a complex interrelationship among these economic factors.","[[""economy"", ""relates_to"", ""economic_mobility""], [""economy"", ""impacts"", ""private-equity""], [""economy"", ""impacts"", ""gold_price""], [""house_prices"", ""relates_to"", ""homeowners""], [""house_prices"", ""relates_to"", ""interest_rates""], [""house_prices"", ""experiences"", ""decrease""], [""decrease"", ""affects"", ""consumer_spending""], [""inflation"", ""connected_to"", ""monetary_easing_program""], [""inflation"", ""impacts"", ""Fed_policy""], [""GDP_growth"", ""influences"", ""economy""], [""GDP_growth"", ""related_to"", ""inflation""], [""GDP_growth"", ""related_to"", ""house_prices""]]","[[""positive_impact"", ""relates_to"", ""emissions""], [""positive_impact"", ""impacts"", ""private-equity""], [""positive_impact"", ""impacts"", ""Chinese_depositary_receipts""], [""positive_impact"", ""impacts"", ""financial_elements""], [""cooperation"", ""relates_to"", ""Alejandro_Giammattei""], [""cooperation"", ""characterized_by"", ""decrease_in_consumer_spending""], [""cooperation"", ""relates_to"", ""interest_rates""], [""inflation"", ""connected_to"", ""peace_efforts""], [""inflation"", ""impacts"", ""Fed_policy""], [""GDP_growth"", ""impacts"", ""positive_impact""], [""GDP_growth"", ""relates_to"", ""inflation""], [""GDP_growth"", ""relates_to"", ""cooperation""]]",0.4422689813358516,0.0,0.7007049322128296,0.32051282051282054,0.48686449556014766,0.8619769466555763,0.8244657015460335,0.7869544564364906,0.7494432113269477,0.7119319662174048,0.674420721107862,0.6369094759983192,0.5993982308887762,0.5618869857792333,0.5243757406696905,0.48686449556014766,0.7798150601827747,0.7071559482527333
22,"Elon Musk, under the regulatory control of the U.S. Securities and Exchange Commission (SEC), has a dual impact on the financial landscape. While Musk exerts control over investors, his influence presents a negative impact on the Consumer Confidence Index. Meanwhile, technology companies, which also fall under the regulatory control of the SEC, have significant connections to corporate earnings and consumer products. These companies further influence the broader economic picture by impacting the housing crisis. The SEC not only controls these technology companies and Elon Musk but also extends its regulatory oversight to institutions like Danske Bank.","Elon Musk, despite controlling investors, has a negative impact on the Consumer Confidence Index. At the same time, technology companies have a significant influence on the housing crisis, and they are intrinsically related to corporate earnings as well as consumer products. The U.S. Securities and Exchange Commission exercises regulatory control over technology companies, Elon Musk, and Danske Bank, playing a crucial role in maintaining stability within these entities and their operations.","[[""Elon_Musk"", ""under_regulatory_control_of"", ""U.S._Securities_and_Exchange_Commission""], [""Elon_Musk"", ""exerts_control_over"", ""investors""], [""Elon_Musk"", ""has_impact_on"", ""Consumer_Confidence_Index""], [""Elon_Musk"", ""has_negative_impact_on"", ""Consumer_Confidence_Index""], [""technology_companies"", ""under_regulatory_control_of"", ""U.S._Securities_and_Exchange_Commission""], [""technology_companies"", ""have_connections_to"", ""corporate_earnings""], [""technology_companies"", ""have_connections_to"", ""consumer_products""], [""technology_companies"", ""influence"", ""broader_economic_picture""], [""technology_companies"", ""impact"", ""housing_crisis""], [""U.S._Securities_and_Exchange_Commission"", ""controls"", ""technology_companies""], [""U.S._Securities_and_Exchange_Commission"", ""controls"", ""Elon_Musk""], [""U.S._Securities_and_Exchange_Commission"", ""extends_regulatory_oversight_to"", ""Danske_Bank""]]","[[""Elon_Musk"", ""controls"", ""investors""], [""Elon_Musk"", ""has_negative_impact_on"", ""Consumer_Confidence_Index""], [""technology_companies"", ""have_influence_on"", ""housing_crisis""], [""technology_companies"", ""related_to"", ""corporate_earnings""], [""technology_companies"", ""related_to"", ""consumer_products""], [""U.S._Securities_and_Exchange_Commission"", ""exercises_regulatory_control_over"", ""technology_companies""], [""U.S._Securities_and_Exchange_Commission"", ""exercises_regulatory_control_over"", ""Elon_Musk""], [""U.S._Securities_and_Exchange_Commission"", ""exercises_regulatory_control_over"", ""Danske_Bank""], [""U.S._Securities_and_Exchange_Commission"", ""maintains_stability_within"", ""technology_companies""], [""U.S._Securities_and_Exchange_Commission"", ""maintains_stability_within"", ""Elon_Musk""], [""U.S._Securities_and_Exchange_Commission"", ""maintains_stability_within"", ""Danske_Bank""]]",0.6851601597031488,0.8223797082901001,0.9529507756233215,0.7027283689263065,0.6851601597031488,0.972394737195725,0.9436712794464673,0.9149478216972098,0.8862243639479521,0.8575009061986945,0.8287774484494369,0.8000539907001794,0.7713305329509217,0.742607075201664,0.7138836174524064,0.6851601597031488,0.9029414486900331,0.8960351576318707
23,"The U.S. Economy significantly impacts various facets of the financial world, including oil prices, tariffs, and government-bond prices. Tariffs, influenced by the U.S. Economy, affect Asian Markets and also have a positive impact on Vietnam while shifting consumer confidence. Treasury Bonds play a crucial role by raising real interest rates and connecting to U.S. government debt. Moreover, U.S. Government Bond Yields exert a positive influence on investor appetite, and they impact both Treasury Bonds and the broader U.S. Economy, intertwining these elements in the complex dynamics of the financial system.","The U.S. Economy exerts significant influence by impacting oil prices, tariffs, and government-bond prices. Tariffs, in turn, affect Asian markets, have a positive impact on Vietnam, and influence consumer confidence. Treasury Bonds, intertwined with U.S. government debt, contribute to raising real interest rates. Furthermore, U.S. Government Bond Yields have a positive impact on investor appetite and influence the dynamics of Treasury Bonds. These yields also play a role in impacting the U.S. Economy itself, illustrating a complex interplay within these economic elements.","[[""U.S._Economy"", ""impacts"", ""oil_prices""], [""U.S._Economy"", ""impacts"", ""tariffs""], [""U.S._Economy"", ""impacts"", ""government-bond_prices""], [""tariffs"", ""influenced_by"", ""U.S._Economy""], [""tariffs"", ""affect"", ""Asian_Markets""], [""tariffs"", ""impact"", ""Vietnam""], [""tariffs"", ""shift"", ""consumer_confidence""], [""Treasury_Bonds"", ""raise"", ""real_interest_rates""], [""Treasury_Bonds"", ""connect_to"", ""U.S._government_debt""], [""U.S._Government_Bond_Yields"", ""influence"", ""investor_appetite""], [""U.S._Government_Bond_Yields"", ""impact"", ""Treasury_Bonds""], [""U.S._Government_Bond_Yields"", ""impact"", ""U.S._Economy""]]","[[""U.S._Economy"", ""impacts"", ""oil_prices""], [""U.S._Economy"", ""impacts"", ""tariffs""], [""U.S._Economy"", ""impacts"", ""government-bond_prices""], [""tariffs"", ""affected_by"", ""U.S._Economy""], [""tariffs"", ""affect"", ""Asian_markets""], [""tariffs"", ""have_positive_impact_on"", ""Vietnam""], [""tariffs"", ""influence"", ""consumer_confidence""], [""Treasury_Bonds"", ""contribute_to"", ""raising_real_interest_rates""], [""Treasury_Bonds"", ""intertwined_with"", ""U.S._government_debt""], [""U.S._Government_Bond_Yields"", ""have_positive_impact_on"", ""investor_appetite""], [""U.S._Government_Bond_Yields"", ""influence"", ""Treasury_Bonds""], [""U.S._Government_Bond_Yields"", ""impact"", ""U.S._Economy""]]",1.0,0.6639407873153687,0.9020090699195862,0.8472222222222222,1.0,0.9944421732606917,0.9949979559346226,0.9955537386085533,0.9961095212824842,0.9966653039564151,0.9972210866303459,0.9977768693042767,0.9983326519782075,0.9988884346521383,0.9994442173260691,1.0,0.9389876273279956,0.9777234828886971
24,"Poland maintains important connections with both the United States and the North Atlantic Treaty Organization, reflecting geopolitical and strategic relationships. Within Poland, the Law and Justice party operates as a significant political entity, controlling policies such as the retirement age. This party also has associations with nationalism, influencing its ideological and policy directions.","Poland maintains a relationship with both the United States and the North Atlantic Treaty Organization, underscoring its geopolitical and economic connections to these entities. Meanwhile, on the domestic front, the Law and Justice party operates within Poland, influencing the country's political landscape and policies in alignment with its relationships on the international stage.","[[""Poland"", ""maintains_connections_with"", ""United_States""], [""Poland"", ""maintains_connections_with"", ""North_Atlantic_Treaty_Organization""], [""Poland"", ""has_geopolitical_relationships_with"", ""United_States""], [""Poland"", ""has_geopolitical_relationships_with"", ""North_Atlantic_Treaty_Organization""], [""Poland"", ""has_strategic_relationships_with"", ""United_States""], [""Poland"", ""has_strategic_relationships_with"", ""North_Atlantic_Treaty_Organization""], [""Law_and_Justice_party"", ""operates_in"", ""Poland""], [""Law_and_Justice_party"", ""controls"", ""policies""], [""Law_and_Justice_party"", ""associated_with"", ""nationalism""], [""Law_and_Justice_party"", ""influences"", ""ideological_directions""], [""Law_and_Justice_party"", ""influences"", ""policy_directions""], [""Law_and_Justice_party"", ""controls"", ""retirement_age""]]","[[""Poland"", ""maintains_relationship_with"", ""United_States""], [""Poland"", ""maintains_relationship_with"", ""North_Atlantic_Treaty_Organization""], [""Poland"", ""has_geopolitical_connections_to"", ""United_States""], [""Poland"", ""has_geopolitical_connections_to"", ""North_Atlantic_Treaty_Organization""], [""Poland"", ""has_economic_connections_to"", ""United_States""], [""Poland"", ""has_economic_connections_to"", ""North_Atlantic_Treaty_Organization""], [""Law_and_Justice_party"", ""operates_within"", ""Poland""], [""Law_and_Justice_party"", ""influences"", ""Poland""], [""Law_and_Justice_party"", ""influences"", ""political_landscape""], [""Law_and_Justice_party"", ""aligns_policies_with"", ""international_relationships""]]",0.3608439182435161,0.0,0.6644939184188843,0.34020690871988585,0.34020690871988585,0.9675021205228662,0.9047725993425682,0.8420430781622701,0.7793135569819721,0.7165840358016741,0.653854514621376,0.591124993441078,0.52839547226078,0.46566595108048187,0.40293642990018386,0.34020690871988585,0.8136218694765162,0.8883409878708872
25,"Justice Brett Kavanaugh is associated with several individuals and entities, including George Bush, Christine Blasey Ford, and the judiciary. Similarly, Andrew McCabe has connections to the Federal Bureau of Investigation, Hillary Clinton, and the United States. A subpoena, which is a legal document, is linked to the context of an impeachment inquiry. The New York Times has made announcements regarding key figures and events, such as publishing information about Andrew McCabe, the issuance of a subpoena, and news concerning Justice Brett Kavanaugh.","Justice Brett Kavanaugh has connections to George Bush, Christine Blasey Ford, and the Judiciary, highlighting his involvement in significant political and legal spheres. The New York Times announced matters involving Justice Brett Kavanaugh, Andrew McCabe, and the issuance of a subpoena, showing its role in reporting major legal proceedings and inquiries. The subpoena is connected to an impeachment inquiry, which signifies its importance in significant legal processes. Andrew McCabe is related to the Federal Bureau of Investigation, Hillary Clinton, and the broader context of the United States, indicating his prominence in national affairs.","[[""Justice_Brett_Kavanaugh"", ""associated_with"", ""George_Bush""], [""Justice_Brett_Kavanaugh"", ""associated_with"", ""Christine_Blasey_Ford""], [""Justice_Brett_Kavanaugh"", ""associated_with"", ""judiciary""], [""Andrew_McCabe"", ""connected_to"", ""Federal_Bureau_of_Investigation""], [""Andrew_McCabe"", ""connected_to"", ""Hillary_Clinton""], [""Andrew_McCabe"", ""connected_to"", ""United_States""], [""subpoena"", ""is"", ""legal_document""], [""subpoena"", ""linked_to"", ""impeachment_inquiry""], [""The_New_York_Times"", ""published_information_about"", ""Andrew_McCabe""], [""The_New_York_Times"", ""published_information_about"", ""issuance_of_subpoena""], [""The_New_York_Times"", ""published_information_about"", ""Justice_Brett_Kavanaugh""]]","[[""Justice_Brett_Kavanaugh"", ""connected_to"", ""George_Bush""], [""Justice_Brett_Kavanaugh"", ""connected_to"", ""Christine_Blasey_Ford""], [""Justice_Brett_Kavanaugh"", ""connected_to"", ""Judiciary""], [""Justice_Brett_Kavanaugh"", ""involved_in"", ""political_spheres""], [""Justice_Brett_Kavanaugh"", ""involved_in"", ""legal_spheres""], [""The_New_York_Times"", ""announced_matters_involving"", ""Justice_Brett_Kavanaugh""], [""The_New_York_Times"", ""announced_matters_involving"", ""Andrew_McCabe""], [""The_New_York_Times"", ""announced_matters_involving"", ""issuance_of_subpoena""], [""subpoena"", ""connected_to"", ""impeachment_inquiry""], [""subpoena"", ""important_in"", ""legal_processes""], [""Andrew_McCabe"", ""related_to"", ""Federal_Bureau_of_Investigation""], [""Andrew_McCabe"", ""related_to"", ""Hillary_Clinton""], [""Andrew_McCabe"", ""related_to"", ""United_States""], [""Andrew_McCabe"", ""prominent_in"", ""national_affairs""]]",1.0,0.30073246359825134,0.84104323387146,0.6009252125773316,1.0,0.9702441878453207,0.9732197690607887,0.9761953502762566,0.9791709314917245,0.9821465127071924,0.9851220939226604,0.9880976751381283,0.9910732563535962,0.9940488375690641,0.9970244187845321,1.0,0.8999071596077717,0.9269802355629766
26,"The United States Senate has a pivotal role in legislative processes and has the authority to control bills, which may impact regions such as Hong Kong, depending on their content and implications. Moreover, the Senate is related to the Democratic Party, influencing its activities and decisions. Additionally, the Senate has a connection to Michael Pompeo, likely in terms of policy discussions or confirmations in his roles, demonstrating its multifaceted involvement in political matters.","The United States Senate is related to Michael Pompeo, reflecting a connection that may involve legislative oversight, confirmation processes, or collaborative discussions on matters of national and international policy.","[[""United_States_Senate"", ""has_role_in"", ""legislative_processes""], [""United_States_Senate"", ""has_authority_to_control"", ""bills""], [""bills"", ""may_impact"", ""Hong_Kong""], [""United_States_Senate"", ""related_to"", ""Democratic_Party""], [""United_States_Senate"", ""influences"", ""Democratic_Party""], [""Democratic_Party"", ""influenced_by"", ""United_States_Senate""], [""United_States_Senate"", ""connected_to"", ""Michael_Pompeo""], [""United_States_Senate"", ""involved_in"", ""policy_discussions""], [""United_States_Senate"", ""involved_in"", ""confirmations""]]","[[""United_States_Senate"", ""related_to"", ""Michael_Pompeo""], [""United_States_Senate"", ""involved_in"", ""legislative_oversight""], [""United_States_Senate"", ""involved_in"", ""confirmation_processes""], [""United_States_Senate"", ""involved_in"", ""collaborative_discussions""], [""collaborative_discussions"", ""concern"", ""national_policy""], [""collaborative_discussions"", ""concern"", ""international_policy""]]",0.5006939628599933,0.0,0.498583048582077,0.15590239111558088,0.5006939628599933,0.9243829602400733,0.8820140605020653,0.8396451607640573,0.7972762610260493,0.7549073612880413,0.7125384615500333,0.6701695618120254,0.6278006620740173,0.5854317623360094,0.5430628625980013,0.5006939628599933,0.7749539807163666,0.7824374411699127
27,"The Hong Kong protests have had a negative impact on China and have significantly influenced the legislature in Hong Kong. These protests are closely related to the Chinese government, affecting various aspects of its governance. The legislature, influenced by the protests, plays a controlling role in shaping bills that respond to the political climate stirred by these demonstrations.","The Hong Kong protests had a negative impact on China, affecting various aspects of its society and governance. These protests have influenced the local Legislature, leading to significant repercussions on legislative processes and decisions. They are related to the actions and policies of the Chinese government, highlighting the complex interplay between civic dissent and governmental control. Furthermore, the Legislature plays a crucial role in controlling bills, determining the legislative future amid ongoing protest movements.","[[""Hong_Kong_protests"", ""had_negative_impact_on"", ""China""], [""Hong_Kong_protests"", ""influenced"", ""legislature_in_Hong_Kong""], [""legislature_in_Hong_Kong"", ""plays_controlling_role_in"", ""shaping_bills""], [""shaping_bills"", ""responds_to"", ""political_climate""], [""political_climate"", ""stirred_by"", ""Hong_Kong_protests""], [""Hong_Kong_protests"", ""closely_related_to"", ""Chinese_government""], [""Chinese_government"", ""affects"", ""governance""], [""Hong_Kong_protests"", ""affects"", ""governance""]]","[[""Hong_Kong_protests"", ""had_negative_impact_on"", ""China""], [""Hong_Kong_protests"", ""influenced"", ""local_Legislature""], [""local_Legislature"", ""experiences"", ""significant_repercussions""], [""significant_repercussions"", ""on"", ""legislative_processes""], [""significant_repercussions"", ""on"", ""decisions""], [""Hong_Kong_protests"", ""related_to"", ""actions_of_Chinese_government""], [""Hong_Kong_protests"", ""related_to"", ""policies_of_Chinese_government""], [""Chinese_government"", ""exercises"", ""governmental_control""], [""Hong_Kong_protests"", ""highlights"", ""interplay_between_civic_dissent_and_governmental_control""], [""local_Legislature"", ""plays_crucial_role_in"", ""controlling_bills""], [""controlling_bills"", ""determines"", ""legislative_future""], [""legislative_future"", ""amid"", ""ongoing_protest_movements""]]",0.3888888888888889,0.0,0.4087064862251282,0.13468700594029479,0.41996052556580804,0.9639246624089662,0.9095282487246504,0.8551318350403346,0.8007354213560187,0.746339007671703,0.6919425939873871,0.6375461803030713,0.5831497666187555,0.5287533529344397,0.47435693925012384,0.41996052556580804,0.8257853738575467,0.8925295598010771
28,"MS-13 is a gang that is intricately connected to both gang violence and organized crime. It is known to operate in El Salvador, where its activities are a significant part of the country's crime landscape.","MS-13, a notorious group, has significant connections to both gang violence and organized crime. This group is known to primarily operate in El Salvador, where its activities are deeply intertwined with these issues.","[[""MS-13"", ""connected_to"", ""gang_violence""], [""MS-13"", ""connected_to"", ""organized_crime""], [""MS-13"", ""operates_in"", ""El_Salvador""], [""MS-13"", ""part_of"", ""crime_landscape_of_El_Salvador""]]","[[""MS-13"", ""connected_to"", ""gang_violence""], [""MS-13"", ""connected_to"", ""organized_crime""], [""MS-13"", ""operates_in"", ""El_Salvador""], [""MS-13"", ""intertwined_with"", ""crime_issues_in_El_Salvador""]]",1.0,0.7069410085678101,0.8394880294799805,0.6333333333333333,1.0,0.9963200139133992,0.9966880125220593,0.9970560111307194,0.9974240097393794,0.9977920083480395,0.9981600069566996,0.9985280055653597,0.9988960041740198,0.9992640027826798,0.9996320013913399,1.0,0.962595947528275,0.9619684996239468
29,"Macro Ventures raises capital for Wild Earth Inc., which has introduced Meatless Dog Food to the market. In addition to this innovative product, Wild Earth Inc. relates to the concept of safety and is also a member of Felicis Ventures, indicating its involvement in a broader investment community that may support its mission and values.","Macro Ventures has decided to decrease its investment in Wild Earth Inc., a company that recently introduced a new product: Meatless Dog Food. This innovative offering from Wild Earth Inc. is also related to the concept of Safety, indicating a focus on health-conscious pet food options. Furthermore, Wild Earth Inc. is a member of Felicis Ventures, which may support its initiatives and growth in the market.","[[""Macro_Ventures"", ""raises_capital_for"", ""Wild_Earth_Inc""], [""Wild_Earth_Inc"", ""introduced"", ""Meatless_Dog_Food""], [""Wild_Earth_Inc"", ""relates_to"", ""safety""], [""Wild_Earth_Inc"", ""member_of"", ""Felicis_Ventures""]]","[[""Macro_Ventures"", ""decrease_investment_in"", ""Wild_Earth_Inc""], [""Wild_Earth_Inc"", ""introduced"", ""Meatless_Dog_Food""], [""Meatless_Dog_Food"", ""related_to"", ""Safety""], [""Wild_Earth_Inc"", ""member_of"", ""Felicis_Ventures""], [""Felicis_Ventures"", ""may_support"", ""Wild_Earth_Inc_initiatives_and_growth""]]",0.5590169943749475,0.8787940740585327,0.9202114343643188,0.3347193406976015,0.5590169943749475,0.9202775616200167,0.8841515048955099,0.8480254481710029,0.8118993914464959,0.7757733347219891,0.7396472779974821,0.7035212212729751,0.6673951645484683,0.6312691078239613,0.5951430510994544,0.5590169943749475,0.8367544827643241,0.7326667259347515
30,"Nikki Haley played a pivotal role in introducing the Iran nuclear deal, an agreement that notably has a negative impact on Iran while also affecting international banks. In addition to her involvement with the Iran nuclear deal, Nikki Haley exerts control over U.S. policy, shaping the country's strategic directions. Her political actions and affiliations are also connected to Russia, highlighting a broader geopolitical interplay.","The Iran nuclear deal, introduced by Nikki Haley, has a negative impact on Iran while also affecting International Banks. Nikki Haley, in addition to her role in introducing the deal, exercises control over U.S. Policy. Furthermore, she maintains a connection with Russia, highlighting her influence and strategic relationships in international politics.","[[""Nikki_Haley"", ""played_role_in"", ""Iran_nuclear_deal""], [""Iran_nuclear_deal"", ""has_negative_impact_on"", ""Iran""], [""Iran_nuclear_deal"", ""affects"", ""international_banks""], [""Nikki_Haley"", ""exerts_control_over"", ""U.S._policy""], [""Nikki_Haley"", ""shapes"", ""U.S._strategic_directions""], [""Nikki_Haley"", ""connected_to"", ""Russia""]]","[[""Iran_nuclear_deal"", ""introduced_by"", ""Nikki_Haley""], [""Iran_nuclear_deal"", ""has_negative_impact_on"", ""Iran""], [""Iran_nuclear_deal"", ""affects"", ""International_Banks""], [""Nikki_Haley"", ""exercises_control_over"", ""U.S._Policy""], [""Nikki_Haley"", ""maintains_connection_with"", ""Russia""], [""Nikki_Haley"", ""has_influence_in"", ""international_politics""], [""Nikki_Haley"", ""has_strategic_relationships_in"", ""international_politics""]]",0.6686478498357316,0.7202407121658325,0.8054928183555603,0.6190476190476191,0.6719368409052928,0.973801329478979,0.9436148806216104,0.9134284317642418,0.8832419829068732,0.8530555340495045,0.8228690851921359,0.7926826363347673,0.7624961874773987,0.73230973862003,0.7021232897626615,0.6719368409052928,0.8772172988381427,0.9485430968454323
31,"The Treasury Department is connected to the Financial Stability Oversight Council, highlighting its role in maintaining economic balance. Sen. Chuck Schumer, whose actions and decisions affect the Treasury Department, is linked to discussions surrounding a government shutdown, underlining the significant implications of political decisions on economic bodies. Additionally, Sen. Chuck Schumer has a relationship with Eugene Scalia, demonstrating his influence and interactions within the governmental and regulatory landscape.","Sen. Chuck Schumer is related to the issue of government shutdown, highlighting his involvement or association with political decisions that may impact this state of affairs. Additionally, his connection to Eugene Scalia suggests potential collaborations or discussions concerning legislative or governmental matters.","[[""Treasury_Department"", ""connected_to"", ""Financial_Stability_Oversight_Council""], [""Treasury_Department"", ""affected_by"", ""Sen._Chuck_Schumer""], [""Sen._Chuck_Schumer"", ""linked_to"", ""government_shutdown""], [""government_shutdown"", ""impacted_by"", ""political_decisions""], [""Sen._Chuck_Schumer"", ""related_to"", ""Eugene_Scalia""], [""Sen._Chuck_Schumer"", ""influences"", ""economic_bodies""], [""political_decisions"", ""affect"", ""economic_bodies""]]","[[""Sen._Chuck_Schumer"", ""related_to"", ""issue_of_government_shutdown""], [""issue_of_government_shutdown"", ""impacted_by"", ""political_decisions""], [""Sen._Chuck_Schumer"", ""connected_to"", ""Eugene_Scalia""], [""Sen._Chuck_Schumer"", ""involved_in"", ""legislative_or_governmental_matters""], [""Eugene_Scalia"", ""part_of"", ""governmental_or_regulatory_landscape""], [""Sen._Chuck_Schumer"", ""part_of"", ""governmental_or_regulatory_landscape""]]",0.2817180849095055,0.0,0.48546600341796875,0.07715167498104596,0.2817180849095055,0.8787734168725158,0.8190678836762147,0.7593623504799139,0.6996568172836126,0.6399512840873116,0.5802457508910106,0.5205402176947096,0.4608346844984086,0.4011291513021075,0.34142361810580657,0.2817180849095055,0.8122538552521619,0.7607451405707952
32,"Economic activity has a negative impact on inflation while simultaneously impacting consumer confidence. Furthermore, economic activity relates to Washington, D.C. Inflation, in turn, impacts average hourly earnings, negatively affects the Mexican economy, and has a positive impact on purchasing power.","Economic activity has a negative impact on inflation while also influencing consumer confidence. Additionally, it relates to Washington, D.C. Inflation itself significantly impacts average hourly earnings and has a negative effect on the Mexican economy. Conversely, inflation positively impacts purchasing power, highlighting the complex interplay between these economic factors.","[[""Economic_activity"", ""negative_impact_on"", ""inflation""], [""Economic_activity"", ""impacts"", ""consumer_confidence""], [""Economic_activity"", ""relates_to"", ""Washington,_D.C.""], [""Inflation"", ""impacts"", ""average_hourly_earnings""], [""Inflation"", ""negatively_affects"", ""Mexican_economy""], [""Inflation"", ""positive_impact_on"", ""purchasing_power""]]","[[""Economic_activity"", ""negative_impact_on"", ""inflation""], [""Economic_activity"", ""influences"", ""consumer_confidence""], [""Economic_activity"", ""relates_to"", ""Washington,_D.C.""], [""Inflation"", ""impacts"", ""average_hourly_earnings""], [""Inflation"", ""negative_effect_on"", ""Mexican_economy""], [""Inflation"", ""positive_impact_on"", ""purchasing_power""]]",1.0,1.0,0.9999998807907104,1.0,1.0,0.9960396247284327,0.9964356622555894,0.9968316997827462,0.9972277373099028,0.9976237748370596,0.9980198123642163,0.9984158498913731,0.9988118874185298,0.9992079249456866,0.9996039624728432,1.0,0.9838822773783055,0.9801152205200434
33,"The President Trump Administration relates to U.S. Congress while exerting control over trade concessions and retaliatory tariffs. Simultaneously, Labor Unions control trade policies and relate to Minimum Wage Increase. These trade policies impact The U.S. Economy and are also linked to both the President Trump Administration and various businesses.","The President Trump Administration relates to the U.S. Congress and controls trade concessions. Additionally, trade policies, which are associated with the President Trump Administration, have a significant impact on the U.S. Economy.","[[""President_Trump_Administration"", ""relates_to"", ""U.S._Congress""], [""President_Trump_Administration"", ""exerts_control_over"", ""trade_concessions""], [""President_Trump_Administration"", ""exerts_control_over"", ""retaliatory_tariffs""], [""Labor_Unions"", ""control"", ""trade_policies""], [""Labor_Unions"", ""relate_to"", ""Minimum_Wage_Increase""], [""trade_policies"", ""impact"", ""The_U.S._Economy""], [""trade_policies"", ""linked_to"", ""President_Trump_Administration""], [""trade_policies"", ""linked_to"", ""various_businesses""]]","[[""President_Trump_Administration"", ""relates_to"", ""U.S._Congress""], [""President_Trump_Administration"", ""controls"", ""trade_concessions""], [""trade_policies"", ""associated_with"", ""President_Trump_Administration""], [""trade_policies"", ""impact"", ""U.S._Economy""]]",0.41247895569215276,0.7529109120368958,0.7360837459564209,0.3478327964999673,0.49690399499995325,0.9351822473024021,0.8913544220721572,0.8475265968419123,0.8036987716116674,0.7598709463814225,0.7160431211511776,0.6722152959209328,0.6283874706906879,0.5845596454604429,0.5407318202301981,0.49690399499995325,0.8533749926882872,0.9460442691097363
34,"Tim Cook has a significant role in controlling privacy regulation while also operating in the realm of security. He is closely related to the tech industry, which actively participates in activism and plays a vital role in introducing policy changes. This industry is also linked to the broader economy, which has a direct impact on the stock market. Additionally, fluctuations in the economy can have a negative impact on the Bank of Mexico.","Tim Cook exercises control over privacy regulation and also operates in the realm of security. He is connected with the tech industry, which is actively participating in activism and introducing policy changes. The tech industry is also related to the broader economy, which impacts the stock market. Additionally, the economy has a negative impact on the Bank of Mexico.","[[""Tim_Cook"", ""has_role_in"", ""privacy_regulation""], [""Tim_Cook"", ""operates_in"", ""security""], [""Tim_Cook"", ""related_to"", ""tech_industry""], [""tech_industry"", ""participates_in"", ""activism""], [""tech_industry"", ""introduces"", ""policy_changes""], [""tech_industry"", ""linked_to"", ""broader_economy""], [""broader_economy"", ""impacts"", ""stock_market""], [""fluctuations_in_economy"", ""has_impact_on"", ""Bank_of_Mexico""], [""fluctuations_in_economy"", ""negative_impact_on"", ""Bank_of_Mexico""]]","[[""Tim_Cook"", ""exercises_control_over"", ""privacy_regulation""], [""Tim_Cook"", ""operates_in"", ""security""], [""Tim_Cook"", ""connected_with"", ""tech_industry""], [""tech_industry"", ""participates_in"", ""activism""], [""tech_industry"", ""introduces"", ""policy_changes""], [""tech_industry"", ""related_to"", ""broader_economy""], [""broader_economy"", ""impacts"", ""stock_market""], [""economy"", ""has_impact_on"", ""Bank_of_Mexico""], [""economy"", ""negative_impact_on"", ""Bank_of_Mexico""]]",0.7378647873726218,0.9575065970420837,0.9731519222259521,0.9,0.9,0.9876157353789421,0.9788541618410479,0.9700925883031538,0.9613310147652594,0.9525694412273653,0.943807867689471,0.9350462941515769,0.9262847206136826,0.9175231470757885,0.9087615735378942,0.9,0.9473191834009593,0.945975142410926
35,"James Bullard, who plays a key role in controlling the St. Louis Federal Reserve, is closely associated with discussions on the inflation rate and trade disputes. The St. Louis Federal Reserve, under this leadership, has introduced the Discount Rate and exerts control over the interest rate policy. Trade disputes have a significant impact on both economic growth and global trade, while exerting a negative impact on Rural America. These disputes are an important topic for James Bullard, thus linking them intrinsically to ongoing economic discussions.","The St. Louis Federal Reserve plays a crucial role in the financial landscape by introducing the Discount Rate and exercising control over the Interest rate policy. James Bullard, an influential figure, is closely related to discussions on the inflation rate. Furthermore, trade disputes have significant repercussions, impacting both Economic growth and global trade. These disputes notably have a negative impact on Rural America, highlighting the complex interplay between regional economies and global market dynamics.","[[""James_Bullard"", ""plays_key_role_in"", ""St._Louis_Federal_Reserve""], [""James_Bullard"", ""associated_with"", ""discussions_on_inflation_rate""], [""James_Bullard"", ""associated_with"", ""discussions_on_trade_disputes""], [""St._Louis_Federal_Reserve"", ""introduced"", ""Discount_Rate""], [""St._Louis_Federal_Reserve"", ""exerts_control_over"", ""interest_rate_policy""], [""Trade_disputes"", ""impact"", ""economic_growth""], [""Trade_disputes"", ""impact"", ""global_trade""], [""Trade_disputes"", ""negative_impact_on"", ""Rural_America""], [""James_Bullard"", ""linked_to"", ""economic_discussions""], [""Trade_disputes"", ""topic_for"", ""James_Bullard""]]","[[""St._Louis_Federal_Reserve"", ""plays_crucial_role_in"", ""financial_landscape""], [""St._Louis_Federal_Reserve"", ""introduced"", ""Discount_Rate""], [""St._Louis_Federal_Reserve"", ""exercises_control_over"", ""Interest_rate_policy""], [""James_Bullard"", ""influential_figure_in"", ""financial_landscape""], [""James_Bullard"", ""related_to"", ""discussions_on_inflation_rate""], [""Trade_disputes"", ""have_repercussions_on"", ""Economic_growth""], [""Trade_disputes"", ""have_repercussions_on"", ""global_trade""], [""Trade_disputes"", ""negative_impact_on"", ""Rural_America""], [""Regional_economies"", ""interplay_with"", ""global_market_dynamics""]]",0.7730012058189372,0.703235924243927,0.7803026437759399,0.6382847385042254,0.7361215932167727,0.9246682282463293,0.9058135647433737,0.886958901240418,0.8681042377374623,0.8492495742345066,0.830394910731551,0.8115402472285953,0.7926855837256397,0.7738309202226841,0.7549762567197283,0.7361215932167727,0.8876828837146964,0.7717012067332192
36,"State officials are related to the concept of fairness and exercise control over both Verizon Communications Inc. and electric scooters. Verizon Communications Inc. raises the standards and capabilities of 5G technology, while also relating to issues surrounding data breaches and the city of Dallas.","State officials control Verizon Communications Inc. and have authority over the use of scooters, while also relating their actions to the concept of fairness. Verizon Communications Inc. raises the Boeing 737 Max 8 and has connections to issues related to data breaches and Western Iraq.","[[""State_officials"", ""related_to"", ""concept_of_fairness""], [""State_officials"", ""exercise_control_over"", ""Verizon_Communications_Inc""], [""State_officials"", ""exercise_control_over"", ""electric_scooters""], [""Verizon_Communications_Inc"", ""raises_standards_of"", ""5G_technology""], [""Verizon_Communications_Inc"", ""relates_to"", ""data_breaches""], [""Verizon_Communications_Inc"", ""relates_to"", ""city_of_Dallas""], [""Verizon_Communications_Inc"", ""raises_capabilities_of"", ""5G_technology""]]","[[""State_officials"", ""control"", ""Verizon_Communications_Inc""], [""State_officials"", ""have_authority_over"", ""use_of_scooters""], [""State_officials"", ""relate_actions_to"", ""concept_of_fairness""], [""Verizon_Communications_Inc"", ""raises"", ""Boeing_737_Max_8""], [""Verizon_Communications_Inc"", ""relates_to"", ""data_breaches""], [""Verizon_Communications_Inc"", ""relates_to"", ""Western_Iraq""]]",0.5,0.35968583822250366,0.6660069823265076,0.3333333333333333,0.5,0.9182818459350309,0.8764536613415279,0.8346254767480248,0.7927972921545217,0.7509691075610185,0.7091409229675154,0.6673127383740124,0.6254845537805094,0.5836563691870061,0.5418281845935031,0.5,0.7953865491294136,0.8973507949999036
37,"Macedonia exercises control over NATO and maintains a relationship with Greece, showcasing its strategic significance in the region. Additionally, Macedonia actively participates in the North Atlantic Treaty Organization, further reinforcing its engagement in international diplomatic and security frameworks.","Macedonia exerts control over NATO, underscoring its influential position within the organization. Moreover, Macedonia's participation in the North Atlantic Treaty Organization reflects its active involvement in military alliances. Macedonia not only has these international roles but also maintains a relationship with Greece, highlighting regional diplomatic dynamics.","[[""Macedonia"", ""exercises_control_over"", ""NATO""], [""Macedonia"", ""maintains_relationship_with"", ""Greece""], [""Macedonia"", ""participates_in"", ""North_Atlantic_Treaty_Organization""], [""Macedonia"", ""engaged_in"", ""international_diplomatic_frameworks""], [""Macedonia"", ""engaged_in"", ""security_frameworks""], [""North_Atlantic_Treaty_Organization"", ""type_of"", ""international_diplomatic_framework""], [""North_Atlantic_Treaty_Organization"", ""type_of"", ""security_framework""]]","[[""Macedonia"", ""exerts_control_over"", ""NATO""], [""Macedonia"", ""maintains_relationship_with"", ""Greece""], [""Macedonia"", ""participates_in"", ""North_Atlantic_Treaty_Organization""], [""Macedonia"", ""involved_in"", ""military_alliances""], [""North_Atlantic_Treaty_Organization"", ""type_of"", ""military_alliance""], [""Macedonia"", ""has_role_in"", ""regional_diplomatic_dynamics""]]",0.5555555555555556,0.43182095885276794,0.5235199928283691,0.31180478223116176,0.5179323973782373,0.9450084718202106,0.9023008643760133,0.859593256931816,0.8168856494876185,0.7741780420434213,0.731470434599224,0.6887628271550266,0.6460552197108294,0.6033476122666319,0.5606400048224346,0.5179323973782373,0.863869259198419,0.9518261980589307
38,"The Supreme Court has a connection to Maryland, and its decisions and interpretations often intersect with legal matters arising in the state. The ACLU, a vital organization in advocacy and legal defense, exercises control over issues involving immigrant families, focusing on their rights and protections. Additionally, the ACLU is an active member of the broader Legal System, engaging in legal proceedings and policy influence. Furthermore, the ACLU’s activities and missions relate to the Supreme Court, as it frequently brings cases to this highest judicial authority to seek justice and policy change.","The Fed Board has a relationship with Maryland, indicating possible implications or considerations in its operations or decisions. The ACLU exercises control over Interest-Rate Increase, an area often tied to economic policy and impacts. Furthermore, the ACLU is a member of a Plan, suggesting strategic involvement or alignment in decision-making processes. Additionally, the ACLU has a connection to the Fed Board, hinting at collaborative or intersecting interests or initiatives between these entities.","[[""Supreme_Court"", ""connected_to"", ""Maryland""], [""Supreme_Court"", ""involved_in"", ""legal_matters""], [""ACLU"", ""exercises_control_over"", ""immigrant_families""], [""ACLU"", ""focuses_on"", ""immigrant_rights""], [""ACLU"", ""focuses_on"", ""immigrant_protections""], [""ACLU"", ""member_of"", ""Legal_System""], [""ACLU"", ""engages_in"", ""legal_proceedings""], [""ACLU"", ""engages_in"", ""policy_influence""], [""ACLU"", ""brings_cases_to"", ""Supreme_Court""], [""ACLU"", ""seeks_justice_at"", ""Supreme_Court""], [""ACLU"", ""seeks_policy_change_at"", ""Supreme_Court""]]","[[""Fed_Board"", ""related_to"", ""Maryland""], [""ACLU"", ""exercises_control_over"", ""Interest-Rate_Increase""], [""ACLU"", ""involved_in"", ""economic_policy""], [""ACLU"", ""member_of"", ""Plan""], [""ACLU"", ""strategically_involved_in"", ""decision-making_processes""], [""ACLU"", ""connected_to"", ""Fed_Board""], [""ACLU"", ""collaborates_with"", ""Fed_Board""], [""Fed_Board"", ""connected_to"", ""ACLU""]]",0.1800205749557739,0.0,0.25980421900749207,0.13944333775567927,0.15061601901917732,0.8196802560986235,0.7527738323906789,0.6858674086827343,0.6189609849747897,0.552054561266845,0.4851481375589004,0.4182417138509558,0.35133529014301124,0.2844288664350665,0.21752244272712193,0.15061601901917732,0.6646031858829716,0.6769824577093643
39,"Slack Technologies Inc. relates to Pinterest Inc., as both companies operate within different sectors, with Slack Technologies Inc. functioning in Venture Capital and Pinterest Inc. in Digital Media. Additionally, Slack Technologies Inc. controls the Company, which has operational presence in regions such as Virginia and London. Meanwhile, Pinterest Inc. not only impacts investors but also works to raise its market cap. Furthermore, Venture Capital participates in initiatives addressing Climate Change, while the Company is subject to impacts from a subpoena.","Slack Technologies Inc. relates to Pinterest Inc., which has an impact on investors.","[[""Slack_Technologies_Inc."", ""relates_to"", ""Pinterest_Inc.""], [""Slack_Technologies_Inc."", ""operates_in"", ""Venture_Capital""], [""Pinterest_Inc."", ""operates_in"", ""Digital_Media""], [""Slack_Technologies_Inc."", ""controls"", ""Company""], [""Company"", ""has_operational_presence_in"", ""Virginia""], [""Company"", ""has_operational_presence_in"", ""London""], [""Pinterest_Inc."", ""impacts"", ""investors""], [""Pinterest_Inc."", ""works_to"", ""raise_market_cap""], [""Venture_Capital"", ""participates_in"", ""initiatives_addressing_Climate_Change""], [""Company"", ""is_subject_to"", ""subpoena""]]","[[""Slack_Technologies_Inc."", ""relates_to"", ""Pinterest_Inc.""], [""Pinterest_Inc."", ""has_an_impact_on"", ""investors""]]",0.23210354127426377,0.2400180995464325,0.5083197951316833,0.23210354127426377,0.23210354127426377,0.7820899187256297,0.7270912809804931,0.6720926432353566,0.6170940054902199,0.5620953677450833,0.5070967299999467,0.4520980922548101,0.39709945450967354,0.34210081676453696,0.2871021790194004,0.23210354127426377,0.6523840489490274,0.8466349290110393
40,"Government policies have a positive impact on economic growth and simultaneously exert control over the financial system. Economic growth relates to debt, while the financial system impacts the U.S. economy. Furthermore, the financial system controls finance and has liquidity as one of its core features.","Government Policies have a positive impact on economic growth and exert control over the financial system. This financial system impacts the U.S. Economy and is also responsible for controlling finance. Additionally, the financial system possesses liquidity, while economic growth relates to the level of debt within the economy.","[[""Government_policies"", ""have_positive_impact_on"", ""economic_growth""], [""Government_policies"", ""exert_control_over"", ""financial_system""], [""Economic_growth"", ""relates_to"", ""debt""], [""Financial_system"", ""impacts"", ""U.S._economy""], [""Financial_system"", ""controls"", ""finance""], [""Financial_system"", ""has_feature"", ""liquidity""]]","[[""Government_Policies"", ""have_positive_impact_on"", ""economic_growth""], [""Government_Policies"", ""exert_control_over"", ""financial_system""], [""Financial_system"", ""impacts"", ""U.S._Economy""], [""Financial_system"", ""controls"", ""finance""], [""Financial_system"", ""possesses"", ""liquidity""], [""Economic_growth"", ""relates_to"", ""debt""]]",1.0,1.0,0.9999998807907104,1.0,1.0,0.9922019306021441,0.9929817375419298,0.9937615444817154,0.9945413514215009,0.9953211583612864,0.9961009653010721,0.9968807722408577,0.9976605791806432,0.9984403861204288,0.9992201930602144,1.0,0.9644665199958331,0.9760395034411309
41,"William Dudley has a noteworthy influence on financial stability, exerting control in this domain, while his actions and perspectives also have a negative impact on trade policies. Additionally, his work and viewpoints have a connection to the field of cryptocurrency, highlighting a multifaceted role in different financial areas.","William Dudley plays a significant role in controlling financial stability, while also having a positive impact on trade policies. In addition to these responsibilities, his work relates to the increasingly vital realm of cryptocurrency.","[[""William_Dudley"", ""influence_on"", ""financial_stability""], [""William_Dudley"", ""controls"", ""financial_stability""], [""William_Dudley"", ""has_negative_impact_on"", ""trade_policies""], [""William_Dudley"", ""related_to"", ""cryptocurrency""]]","[[""William_Dudley"", ""controls"", ""financial_stability""], [""William_Dudley"", ""has_positive_impact_on"", ""trade_policies""], [""William_Dudley"", ""related_to"", ""cryptocurrency""]]",1.0,0.9999998211860657,0.9999998211860657,1.0,1.0,0.9761282450127049,0.9785154205114344,0.980902596010164,0.9832897715088933,0.985676947007623,0.9880641225063524,0.9904512980050819,0.9928384735038115,0.995225649002541,0.9976128245012705,1.0,0.968282485030715,0.9903482446948415
42,"Crude oil prices raise oil prices and have a negative impact on copper prices, which in turn negatively impacts the global economy. Additionally, crude oil prices relate to the United States, while copper prices relate to the Iran nuclear deal.","Crude oil prices relate to the United States and can raise oil prices. Additionally, copper prices have a negative impact on the global economy and are also connected to the Iran nuclear deal.","[[""Crude_Oil_Prices"", ""raise"", ""Oil_Prices""], [""Crude_Oil_Prices"", ""negative_impact_on"", ""Copper_Prices""], [""Copper_Prices"", ""negative_impact_on"", ""Global_Economy""], [""Crude_Oil_Prices"", ""relate_to"", ""United_States""], [""Copper_Prices"", ""relate_to"", ""Iran_Nuclear_Deal""]]","[[""Crude_Oil_Prices"", ""relate_to"", ""United_States""], [""Crude_Oil_Prices"", ""raise"", ""Oil_Prices""], [""Copper_Prices"", ""negative_impact_on"", ""Global_Economy""], [""Copper_Prices"", ""connected_to"", ""Iran_Nuclear_Deal""]]",0.8333333333333334,1.0,1.0,0.8611111111111112,0.8611111111111112,0.9891353458489242,0.9763329223751429,0.9635304989013617,0.9507280754275802,0.9379256519537991,0.9251232284800177,0.9123208050062364,0.899518381532455,0.8867159580586738,0.8739135345848924,0.8611111111111112,0.9834969642128557,0.8403849886285393
43,"Twilio Inc., which operates in the United States, has raised SendGrid Inc., signifying an increase in their operational scope or financial position through this acquisition or partnership. The United States, where Twilio primarily conducts its business, has a relationship with the Citizenship question, possibly influencing how companies like Twilio navigate regulatory or social considerations in their operations within the country.","Twilio Inc. conducts its operations within the United States. In a strategic move, Twilio Inc. has decided to decrease its involvement with SendGrid Inc. Additionally, the United States has a connection with the citizenship question, an issue relevant to national demographics and policy discussions.","[[""Twilio_Inc."", ""operates_in"", ""United_States""], [""Twilio_Inc."", ""raised"", ""SendGrid_Inc.""], [""Twilio_Inc."", ""increased"", ""operational_scope""], [""Twilio_Inc."", ""increased"", ""financial_position""], [""United_States"", ""related_to"", ""Citizenship_question""], [""Twilio_Inc."", ""influenced_by"", ""regulatory_considerations""], [""Twilio_Inc."", ""influenced_by"", ""social_considerations""], [""Twilio_Inc."", ""conducts_business_in"", ""United_States""]]","[[""Twilio_Inc."", ""operates_in"", ""United_States""], [""Twilio_Inc."", ""decreased_involvement_with"", ""SendGrid_Inc.""], [""United_States"", ""related_to"", ""citizenship_question""], [""citizenship_question"", ""relevant_to"", ""national_demographics""], [""citizenship_question"", ""relevant_to"", ""policy_discussions""]]",0.5597928684393502,0.2516690194606781,0.2967831492424011,0.24056261216234406,0.5597928684393502,0.8790878745488798,0.8471583739379269,0.8152288733269739,0.7832993727160209,0.751369872105068,0.719440371494115,0.6875108708831621,0.6555813702722091,0.6236518696612561,0.5917223690503031,0.5597928684393502,0.7670178666981595,0.7446173249808035
44,"Stephanie Clifford is connected to Michael Cohen, Michael Avenatti, and the concept of a Presidential Run. Michael Cohen plays a significant role in raising a nondisclosure agreement and has associations with the Republican National Committee as well as the House Oversight Committee. These relationships create a complex web involving legal, political, and personal elements, highlighting interactions among key political figures and institutions.","Tom Cotton has connections to several prominent figures and events, including Mattis, Michael Avenatti, and the U.S.-China trade conflict. Meanwhile, Mattis is linked with raising the significance of nondisclosure agreements and is connected to both the Venezuelan Regime and the Chinese securities regulator. These relations indicate a complex web of interactions and influences among these individuals and geopolitical issues.","[[""Stephanie_Clipford"", ""connected_to"", ""Michael_Cohen""], [""Stephanie_Clipford"", ""connected_to"", ""Michael_Avenatti""], [""Stephanie_Clipford"", ""connected_to"", ""Presidential_Run""], [""Michael_Cohen"", ""associated_with"", ""Republican_National_Committee""], [""Michael_Cohen"", ""associated_with"", ""House_Oversight_Committee""], [""Michael_Cohen"", ""involved_in"", ""nondisclosure_agreement""], [""Republican_National_Committee"", ""involved_in"", ""political_elements""], [""House_Oversight_Committee"", ""involved_in"", ""political_elements""], [""Michael_Cohen"", ""connected_to"", ""Stephanie_Clipford""], [""Michael_Avenatti"", ""connected_to"", ""Stephanie_Clipford""], [""Presidential_Run"", ""connected_to"", ""Stephanie_Clipford""]]","[[""Tom_Cotton"", ""connected_to"", ""Mattis""], [""Tom_Cotton"", ""connected_to"", ""Michael_Avenatti""], [""Tom_Cotton"", ""connected_to"", ""U.S.-China_trade_conflict""], [""Mattis"", ""linked_with"", ""nondisclosure_agreements""], [""Mattis"", ""connected_to"", ""Venezuelan_Regime""], [""Mattis"", ""connected_to"", ""Chinese_securities_regulator""], [""Michael_Avenatti"", ""connected_to"", ""Tom_Cotton""], [""U.S.-China_trade_conflict"", ""connected_to"", ""Tom_Cotton""], [""Mattis"", ""connected_to"", ""Tom_Cotton""]]",0.18446619684315546,0.0,0.0,0.1336306209562122,0.18446619684315546,0.6650290603730965,0.6169727740201023,0.5689164876671083,0.5208602013141141,0.47280391496112006,0.424747628608126,0.3766913422551319,0.3286350559021378,0.2805787695491436,0.23252248319614954,0.18446619684315546,0.5938090021213507,0.6410253785337989
45,"SoftBank has a positive impact on technology innovation, fostering advancements in the field. However, it has a negative impact on Alphabet Inc., suggesting that its actions may adversely affect this major player in the tech industry. Additionally, SoftBank exerts control over Adam Neumann, indicating a significant influence over his endeavors.","SoftBank exerts a positive impact on technology innovation, driving advancements and growth within the sector. However, it also has a negative impact on Alphabet Inc., suggesting a competitive or adverse relationship. Additionally, SoftBank exercises control over Adam Neumann, indicating a significant influence in his business endeavors.","[[""SoftBank"", ""positive_impact_on"", ""technology_innovation""], [""SoftBank"", ""fostering"", ""advancements_in_technology""], [""SoftBank"", ""negative_impact_on"", ""Alphabet_Inc""], [""SoftBank"", ""exerts_control_over"", ""Adam_Neumann""], [""Adam_Neumann"", ""influenced_by"", ""SoftBank""]]","[[""SoftBank"", ""positive_impact_on"", ""technology_innovation""], [""SoftBank"", ""driving"", ""advancements_in_technology""], [""SoftBank"", ""driving"", ""growth_in_technology""], [""SoftBank"", ""negative_impact_on"", ""Alphabet_Inc""], [""SoftBank"", ""exercises_control_over"", ""Adam_Neumann""], [""Adam_Neumann"", ""influenced_by"", ""SoftBank""]]",1.0,0.7886725664138794,0.9172830581665039,0.7607257743127307,1.0,0.9941312905797243,0.9947181615217519,0.9953050324637795,0.9958919034058069,0.9964787743478346,0.9970656452898621,0.9976525162318897,0.9982393871739172,0.9988262581159448,0.9994131290579724,1.0,0.9523668344250553,0.9675734388257882
46,"Lev Parnas has had a negative impact on U.S. elections, shedding light on intricate political dynamics. His actions are related to Igor Fruman, highlighting connections that extend beyond borders. Furthermore, Parnas's activities are also related to Ukraine, which shares its own complex geopolitical relationships with Russia. The interconnected nature of these entities underscores a broader network of influence affecting both political and international spheres.","Lev Parnas is connected to both Igor Fruman and Ukraine in a network of relationships that has implications for U.S. elections. His activities or connections have had a positive impact on the U.S. elections. Additionally, there is an established relationship between Ukraine and Russia, suggesting a broader geopolitical context that may intersect with these individual associations.","[[""Lev_Parnas"", ""had_negative_impact_on"", ""U.S._elections""], [""Lev_Parnas"", ""related_to"", ""Igor_Fruman""], [""Lev_Parnas"", ""related_to"", ""Ukraine""], [""Ukraine"", ""shares_geopolitical_relationships_with"", ""Russia""], [""Igor_Fruman"", ""connected_to"", ""Lev_Parnas""], [""Ukraine"", ""connected_to"", ""Lev_Parnas""]]","[[""Lev_Parnas"", ""connected_to"", ""Igor_Fruman""], [""Lev_Parnas"", ""connected_to"", ""Ukraine""], [""Lev_Parnas"", ""had_positive_impact_on"", ""U.S._elections""], [""Ukraine"", ""established_relationship_with"", ""Russia""], [""Igor_Fruman"", ""connected_to"", ""Lev_Parnas""], [""Ukraine"", ""connected_to"", ""Lev_Parnas""]]",1.0,0.9999999403953552,0.9999999403953552,1.0,1.0,0.9647218581709827,0.9682496723538844,0.9717774865367861,0.9753053007196879,0.9788331149025896,0.9823609290854913,0.985888743268393,0.9894165574512948,0.9929443716341966,0.9964721858170983,1.0,0.9270041331092891,0.9582167269376352
47,"China exercises control over its military, known as the Chinese Military, and also oversees the Houston Rockets. Furthermore, China is raising its spending as part of its strategic initiatives. Hungary has various connections, notably to the Rule of Law and to China itself, highlighting the political and economic intersections between these nations. Additionally, Hungary relates to Beijing, the capital city of China, which in turn has a relationship with the Vatican, illustrating an intricate web of diplomatic and cultural links.","China exercises control over both the Chinese Military and the Houston Rockets, while also increasing its spending. In a different context, Hungary is related to discussions on the Rule of Law and has connections with Beijing. Furthermore, Beijing maintains a relationship with the Vatican.","[[""China"", ""exercises_control_over"", ""Chinese_Military""], [""China"", ""exercises_control_over"", ""Houston_Rockets""], [""China"", ""raising_spending_in"", ""strategic_initiatives""], [""Hungary"", ""connected_to"", ""Rule_of_Law""], [""Hungary"", ""connected_to"", ""China""], [""Beijing"", ""capital_of"", ""China""], [""Beijing"", ""related_to"", ""Vatican""], [""Hungary"", ""related_to"", ""Beijing""]]","[[""China"", ""exercises_control_over"", ""Chinese_Military""], [""China"", ""exercises_control_over"", ""Houston_Rockets""], [""China"", ""increasing_spending_in"", ""strategic_initiatives""], [""Hungary"", ""related_to"", ""Rule_of_Law""], [""Hungary"", ""connected_to"", ""Beijing""], [""Beijing"", ""maintains_relationship_with"", ""Vatican""]]",0.8809523809523809,1.0,1.0,0.8958333333333334,0.8958333333333334,0.9497577786355191,0.9443653341053005,0.9389728895750821,0.9335804450448633,0.9281880005146449,0.9227955559844263,0.9174031114542076,0.9120106669239891,0.9066182223937705,0.901225777863552,0.8958333333333334,0.9237725345552134,0.9511518891236235
48,"The Chinese Communist Party exercises control over Huawei Technologies, Tiananmen Square, and the Hong Kong protests. These protests have a significant impact on Geopolitics, highlighting the complex interplay between local dissent and international relations. Historically, the legacy of Mao Zedong relates to the ideologies and governance of the Chinese Communist Party, influencing its current policies and control mechanisms.","The Hong Kong protests, controlled by the Chinese Communist Party, have had a significant impact on geopolitics.","[[""Chinese_Communist_Party"", ""exercises_control_over"", ""Huawei_Technologies""], [""Chinese_Communist_Party"", ""exercises_control_over"", ""Tiananmen_Square""], [""Chinese_Communist_Party"", ""exercises_control_over"", ""Hong_Kong_protests""], [""Hong_Kong_protests"", ""have_impact_on"", ""Geopolitics""], [""Hong_Kong_protests"", ""highlight"", ""interplay_between_local_dissent_and_international_relations""], [""Mao_Zedong"", ""has_legacy"", ""Chinese_Communist_Party""], [""Mao_Zedong"", ""influences"", ""ideologies_of_Chinese_Communist_Party""], [""Mao_Zedong"", ""influences"", ""governance_of_Chinese_Communist_Party""], [""Mao_Zedong"", ""influences"", ""policies_of_Chinese_Communist_Party""], [""Mao_Zedong"", ""influences"", ""control_mechanisms_of_Chinese_Communist_Party""]]","[[""Chinese_Communist_Party"", ""controls"", ""Hong_Kong_protests""], [""Hong_Kong_protests"", ""have_impact_on"", ""geopolitics""]]",0.29095718698132317,0.015860188752412796,0.43059444427490234,0.23210354127426377,0.2453266907313291,0.8111270109896769,0.7545469789638422,0.6979669469380073,0.6413869149121725,0.5848068828863378,0.528226850860503,0.4716468188346682,0.41506678680883347,0.35848675478299863,0.3019067227571639,0.2453266907313291,0.7983683418682201,0.7879423554446754
49,"Politicians introduce pensions and raise gun laws while also controlling economic policies. Furthermore, pensions have a significant impact on both the oil market and public opinion, and are related to Lim, which itself relates to private-equity. The oil market is a member of the global market and has an impact on the global economy and production cuts. Additionally, private-equity impacts start-ups, indicating a complex interplay between these entities and sectors.","Christopher Waller introduces pensions and raises entrepreneurship while controlling economic policies. Pensions significantly impact various domains, including the oil market and public opinion, and they relate to Lim. The oil market, which is a member of cost control, also impacts the global economy and capital return. Additionally, private-equity has a substantial impact on start-ups, while Lim also relates to private-equity.","[[""Politicians"", ""introduce"", ""pensions""], [""Politicians"", ""raise"", ""gun_laws""], [""Politicians"", ""control"", ""economic_policies""], [""pensions"", ""impact"", ""oil_market""], [""pensions"", ""impact"", ""public_opinion""], [""pensions"", ""related_to"", ""Lim""], [""Lim"", ""related_to"", ""private-equity""], [""oil_market"", ""member_of"", ""global_market""], [""oil_market"", ""impact"", ""global_economy""], [""oil_market"", ""impact"", ""production_cuts""], [""private-equity"", ""impact"", ""start-ups""]]","[[""Christopher_Waller"", ""introduces"", ""pensions""], [""Christopher_Waller"", ""raises"", ""entrepreneurship""], [""Christopher_Waller"", ""control"", ""economic_policies""], [""pensions"", ""impact"", ""oil_market""], [""pensions"", ""impact"", ""public_opinion""], [""pensions"", ""related_to"", ""Lim""], [""Lim"", ""related_to"", ""private-equity""], [""oil_market"", ""member_of"", ""cost_control""], [""oil_market"", ""impact"", ""global_economy""], [""oil_market"", ""impact"", ""capital_return""], [""private-equity"", ""impact"", ""start-ups""]]",0.619750683009635,0.4535646140575409,0.8025217652320862,0.5416666666666666,0.6338656910463873,0.9533098009264784,0.9213653899384693,0.8894209789504602,0.8574765679624511,0.825532156974442,0.7935877459864329,0.7616433349984237,0.7296989240104147,0.6977545130224054,0.6658101020343965,0.6338656910463873,0.8873647840562353,0.802714623150313
50,"Joe Walsh, a figure associated with the House of Representatives, has connections to Massachusetts and is related to the Republican Primary.","Joe Walsh has a connection with Massachusetts, suggesting a relationship that may involve various cultural, social, or historical aspects linked to this region.","[[""Joe_Walsh"", ""associated_with"", ""House_of_Representatives""], [""Joe_Walsh"", ""connected_to"", ""Massachusetts""], [""Joe_Walsh"", ""related_to"", ""Republican_Primary""]]","[[""Joe_Walsh"", ""connected_to"", ""Massachusetts""]]",0.41247895569215276,0.6795583963394165,0.7461967468261719,0.41247895569215276,0.41247895569215276,0.8887685626832936,0.8411396019841796,0.7935106412850654,0.7458816805859513,0.6982527198868373,0.6506237591877232,0.602994798488609,0.555365837789495,0.507736877090381,0.46010791639126686,0.41247895569215276,0.8411716716864787,0.7788308038880185
51,"Trade has a negative impact on the global economy, and it also significantly affects copper prices and markets.","Trade has a negative impact on the global economy. Additionally, it also significantly impacts copper prices and various markets.","[[""Trade"", ""has_negative_impact_on"", ""global_economy""], [""Trade"", ""affects"", ""copper_prices""], [""Trade"", ""affects"", ""markets""]]","[[""Trade"", ""has_negative_impact_on"", ""global_economy""], [""Trade"", ""impacts"", ""copper_prices""], [""Trade"", ""impacts"", ""markets""]]",1.0,1.0,1.0,1.0,1.0,0.9925647769800467,0.9933082992820421,0.9940518215840375,0.9947953438860326,0.995538866188028,0.9962823884900234,0.9970259107920187,0.997769433094014,0.9985129553960094,0.9992564776980046,1.0,0.9609540211839518,0.9660030831888213
52,"The Education Department is a member of the US Government and plays a significant role in areas related to consumer advocates and Democrats. Betsy DeVos exercises control over the Education Department and has associations with Michigan State University and the Special Olympics, illustrating her diverse interests and affiliations.","Betsy DeVos exercises control over the Education Department, which is a member of the US Government. This department is connected to both consumer advocates and Democrats, highlighting its intersecting roles in policy and advocacy. Beyond her governmental duties, DeVos is also connected to Michigan State University and the Special Olympics, indicating her involvement in educational and special needs initiatives.","[[""Education_Department"", ""member_of"", ""US_Government""], [""Education_Department"", ""plays_role_in"", ""consumer_advocates""], [""Education_Department"", ""plays_role_in"", ""Democrats""], [""Betsy_DeVos"", ""exercises_control_over"", ""Education_Department""], [""Betsy_DeVos"", ""associated_with"", ""Michigan_State_University""], [""Betsy_DeVos"", ""associated_with"", ""Special_Olympics""]]","[[""Education_Department"", ""member_of"", ""US_Government""], [""Education_Department"", ""connected_to"", ""consumer_advocates""], [""Education_Department"", ""connected_to"", ""Democrats""], [""Betsy_DeVos"", ""exercises_control_over"", ""Education_Department""], [""Betsy_DeVos"", ""connected_to"", ""Michigan_State_University""], [""Betsy_DeVos"", ""connected_to"", ""Special_Olympics""], [""Betsy_DeVos"", ""involved_in"", ""educational_initiatives""], [""Betsy_DeVos"", ""involved_in"", ""special_needs_initiatives""]]",1.0,0.41529515385627747,0.8432273864746094,0.6929348671835832,1.0,0.9567457354055514,0.9610711618649963,0.9653965883244411,0.9697220147838859,0.9740474412433309,0.9783728677027757,0.9826982941622205,0.9870237206216654,0.9913491470811102,0.9956745735405551,1.0,0.8962633315988738,0.932151550790119
53,"Chancellor Angela Merkel has raised support for the SPD, while Emmanuel Macron relates to her in various political contexts. Additionally, Emmanuel Macron has a significant impact on tax increases and is also connected to the field of public relations.","Chancellor Angela Merkel has decreased the influence of the SPD, while Emmanuel Macron, who relates to Chancellor Angela Merkel, impacts tax increases. Furthermore, Emmanuel Macron also relates to the field of public relations.","[[""Angela_Merkel"", ""raised_support_for"", ""SPD""], [""Angela_Merkel"", ""related_to"", ""Emmanuel_Macron""], [""Emmanuel_Macron"", ""related_to"", ""Angela_Merkel""], [""Emmanuel_Macron"", ""impact_on"", ""tax_increases""], [""Emmanuel_Macron"", ""connected_to"", ""public_relations""]]","[[""Angela_Merkel"", ""decreased_influence_of"", ""SPD""], [""Angela_Merkel"", ""related_to"", ""Emmanuel_Macron""], [""Emmanuel_Macron"", ""related_to"", ""Angela_Merkel""], [""Emmanuel_Macron"", ""impact_on"", ""tax_increases""], [""Emmanuel_Macron"", ""related_to"", ""public_relations""]]",1.0,1.0,1.0,1.0,1.0,0.9726371886144064,0.9753734697529658,0.9781097508915251,0.9808460320300845,0.9835823131686439,0.9863185943072033,0.9890548754457625,0.9917911565843219,0.9945274377228812,0.9972637188614406,1.0,0.9223172497149945,0.8483421834300727
54,"CNEX Labs Inc. relates to several major technology companies, including Microsoft Corporation, Dell Inc., and Huawei.","CNEX Labs Inc. relates to several prominent technology corporations, including Microsoft Corporation, Dell Inc., and Huawei.","[[""CNEX_Labs_Inc."", ""relates_to"", ""Microsoft_Corporation""], [""CNEX_Labs_Inc."", ""relates_to"", ""Dell_Inc.""], [""CNEX_Labs_Inc."", ""relates_to"", ""Huawei""]]","[[""CNEX_Labs_Inc."", ""relates_to"", ""Microsoft_Corporation""], [""CNEX_Labs_Inc."", ""relates_to"", ""Dell_Inc.""], [""CNEX_Labs_Inc."", ""relates_to"", ""Huawei""]]",1.0,1.0,1.0,1.0,1.0,1.0,1.0,1.0,1.0,1.0,1.0,1.0,1.0,1.0,1.0,1.0,1.0,0.9999999903468012
55,"United Technologies Corp. operates in North America and has a controlling interest in Raytheon Co. This corporation has a positive impact on the S&P500, which in turn impacts investors and stock values. However, the S&P500 exerts a negative impact on oil prices. Additionally, North America relates to The U.S. Economy and operates in Toronto.","United Technologies Corp. has a positive impact on the S&P500, while the S&P500, in turn, has a negative impact on oil prices.","[[""United_Technologies_Corp."", ""operates_in"", ""North_America""], [""United_Technologies_Corp."", ""controlling_interest_in"", ""Raytheon_Co.""], [""United_Technologies_Corp."", ""positive_impact_on"", ""S&P500""], [""S&P500"", ""impacts"", ""investors""], [""S&P500"", ""impacts"", ""stock_values""], [""S&P500"", ""negative_impact_on"", ""oil_prices""], [""North_America"", ""relates_to"", ""The_U.S._Economy""], [""North_America"", ""operates_in"", ""Toronto""]]","[[""United_Technologies_Corp."", ""positive_impact_on"", ""S&P500""], [""S&P500"", ""negative_impact_on"", ""oil_prices""]]",0.25660011963983365,0.4572269320487976,0.47573554515838623,0.25660011963983365,0.25660011963983365,0.8215930641339809,0.7650937696845662,0.7085944752351515,0.6520951807857367,0.595595886336322,0.5390965918869073,0.4825972974374926,0.4260980029880779,0.36959870853866306,0.31309941408924835,0.25660011963983365,0.7328446938638338,0.8822603627309723
56,"Fitbit Inc., a prominent player in the technology sector, has experienced a negative impact on its market valuation. In addition to its operations in the technology sphere, Fitbit Inc. also participates in initiatives or events such as Bill, demonstrating its active involvement in various sector-related activities.","Fitbit Inc., a company operating in the technology sector, has recently faced a negative impact on its market valuation. Despite this setback, the company remains actively involved in the technological landscape by participating in Bill, an event with financial and economic implications.","[[""Fitbit_Inc."", ""operates_in"", ""technology_sector""], [""Fitbit_Inc."", ""experienced"", ""negative_impact_on_market_valuation""], [""Fitbit_Inc."", ""participates_in"", ""Bill""], [""Fitbit_Inc."", ""involved_in"", ""sector-related_activities""]]","[[""Fitbit_Inc."", ""operates_in"", ""technology_sector""], [""Fitbit_Inc."", ""faced"", ""negative_impact_on_market_valuation""], [""Fitbit_Inc."", ""participates_in"", ""Bill""], [""Bill"", ""has"", ""financial_and_economic_implications""], [""Fitbit_Inc."", ""involved_in"", ""technological_landscape""]]",0.7080881928749334,0.7273990511894226,0.8041232824325562,0.42600643361512924,0.7080881928749334,0.9899166646048355,0.9617338174318454,0.9335509702588551,0.9053681230858649,0.8771852759128747,0.8490024287398845,0.8208195815668943,0.792636734393904,0.7644538872209138,0.7362710400479237,0.7080881928749334,0.9427826078202479,0.9414430991690101
57,"Manafort is closely related to Paul Manafort and is also linked to the issue of Russia Interference. This interference is further connected to the Mueller report. In the financial realm, Manafort plays a pivotal role in activities that raise the involvement of U.S. banks.","Manafort is related to Russia Interference, suggesting a connection to the political landscape surrounding allegations of foreign influence in electoral processes. This relationship has been scrutinized for its implications on political integrity and international relations.","[[""Manafort"", ""closely_related_to"", ""Paul_Manafort""], [""Manafort"", ""linked_to"", ""Russia_Interference""], [""Russia_Interference"", ""connected_to"", ""Mueller_report""], [""Manafort"", ""plays_pivotal_role_in"", ""financial_activities""], [""financial_activities"", ""raise_involvement_of"", ""U.S._banks""]]","[[""Manafort"", ""related_to"", ""Russia_Interference""], [""Russia_Interference"", ""connected_to"", ""political_landscape""], [""political_landscape"", ""surrounds"", ""allegations_of_foreign_influence""], [""allegations_of_foreign_influence"", ""involve"", ""electoral_processes""], [""Manafort"", ""impacts"", ""political_integrity""], [""Manafort"", ""impacts"", ""international_relations""]]",0.06666666666666667,0.0,0.21765750646591187,0.05143444998736397,0.08885233166386385,0.7868796044836897,0.7170768772017071,0.6472741499197245,0.5774714226377419,0.5076686953557593,0.43786596807377676,0.3680632407917942,0.2982605135098116,0.22845778622782897,0.15865505894584642,0.08885233166386385,0.6634086004046331,0.6691888476082032
58,"The Boeing 737 MAX has significant impacts on both Ethiopian Airlines and the Dow Industrials. Ethiopian Airlines operates in various locations, including Minneapolis, Africa, and Kenya, showcasing its broad geographic presence. The impact of the Boeing 737 MAX on Dow Industrials extends further, as Dow Industrials in turn have a negative impact on global trade, indicating a ripple effect across markets and industries.","Oil plays a significant role in influencing various sectors and entities, notably having an impact on Ethiopian Airlines and the Dow Industrials. Ethiopian Airlines, which extends its operations across diverse regions, including Minneapolis, the China market, and Kenya, is affected by fluctuations in oil prices, driving operational costs. Meanwhile, Dow Industrials, a pivotal stock market index, also feels the influence of oil, but this impact appears to contribute negatively to tax bills, possibly affecting overall economic conditions.","[[""Boeing_737_MAX"", ""impacts"", ""Ethiopian_Airlines""], [""Boeing_737_MAX"", ""impacts"", ""Dow_Industrials""], [""Ethiopian_Airlines"", ""operates_in"", ""Minneapolis""], [""Ethiopian_Airlines"", ""operates_in"", ""Africa""], [""Ethiopian_Airlines"", ""operates_in"", ""Kenya""], [""Dow_Industrials"", ""impacts"", ""global_trade""], [""global_trade"", ""affected_by"", ""Dow_Industrials""]]","[[""Oil"", ""influences"", ""Ethiopian_Airlines""], [""Oil"", ""influences"", ""Dow_Industrials""], [""Ethiopian_Airlines"", ""operates_in"", ""Minneapolis""], [""Ethiopian_Airlines"", ""operates_in"", ""China_market""], [""Ethiopian_Airlines"", ""operates_in"", ""Kenya""], [""Ethiopian_Airlines"", ""affected_by"", ""Oil""], [""Oil"", ""affects"", ""operational_costs_of_Ethiopian_Airlines""], [""Dow_Industrials"", ""affected_by"", ""Oil""], [""Oil"", ""contributes_to"", ""tax_bills""], [""tax_bills"", ""impacts"", ""economic_conditions""], [""Dow_Industrials"", ""type_of"", ""stock_market_index""]]",0.3944053188733077,0.0,0.5522751808166504,0.27888667551135854,0.3944053188733077,0.8887743511449773,0.8393374479178103,0.7899005446906434,0.7404636414634763,0.6910267382363094,0.6415898350091425,0.5921529317819756,0.5427160285548086,0.4932791253276416,0.44384222210047464,0.3944053188733077,0.8384731802710405,0.7611351180498188
59,"Rudy Giuliani is related to both Trump Tower and the Trump campaign, indicating his significant involvement in these notable entities. Furthermore, Rudy Giuliani participates in the context of the U.S. Ambassador to Ukraine, suggesting his engagement in diplomatic matters. The Journal controls Rudy Giuliani, highlighting an authoritative relationship where Giuliani's actions or statements may be influenced by this organization. In addition, the Journal announces bitcoin, thus indicating its role in broadcasting developments in the cryptocurrency space. Bitcoin operates in the United States, emphasizing its presence and activity within this major market.","Rudy Giuliani is related to both Trump Tower and the Trump campaign, indicating his involvement in notable events associated with these entities. Furthermore, the Journal controls Rudy Giuliani, suggesting an influence or oversight over his activities and public persona.","[[""Rudy_Giuliani"", ""related_to"", ""Trump_Tower""], [""Rudy_Giuliani"", ""related_to"", ""Trump_campaign""], [""Rudy_Giuliani"", ""involved_in"", ""U.S._Ambassador_to_Ukraine""], [""The_Journal"", ""controls"", ""Rudy_Giuliani""], [""The_Journal"", ""announces"", ""bitcoin""], [""bitcoin"", ""operates_in"", ""United_States""]]","[[""Rudy_Giuliani"", ""related_to"", ""Trump_Tower""], [""Rudy_Giuliani"", ""related_to"", ""Trump_campaign""], [""The_Journal"", ""controls"", ""Rudy_Giuliani""]]",0.44095855184409843,0.5808455348014832,0.8381292223930359,0.44095855184409843,0.44095855184409843,0.8872975327700358,0.842663634677442,0.7980297365848483,0.7533958384922546,0.7087619403996608,0.6641280423070671,0.6194941442144734,0.5748602461218797,0.5302263480292859,0.48559244993669215,0.44095855184409843,0.7954356809461545,0.9132811106065148
60,"Cities raise interest rates, which impact US stocks, business investment, and student loans. Furthermore, cities relate to lawsuits and the opioid epidemic. The opioid epidemic, in turn, relates to health care systems.","Cities are connected to both lawsuits and the opioid epidemic, highlighting the significant issues they face. In response to these challenges, cities may decrease interest rates to stimulate economic activity. Lower interest rates can subsequently impact US stocks, business investment, and student loans, influencing the broader financial landscape. Furthermore, the opioid epidemic has a relationship with health care systems, indicating the strain it places on resources and services within those systems.","[[""Cities"", ""raise"", ""interest_rates""], [""interest_rates"", ""impact"", ""US_stocks""], [""interest_rates"", ""impact"", ""business_investment""], [""interest_rates"", ""impact"", ""student_loans""], [""Cities"", ""relate_to"", ""lawsuits""], [""Cities"", ""relate_to"", ""opioid_epidemic""], [""opioid_epidemic"", ""relate_to"", ""health_care_systems""]]","[[""Cities"", ""connected_to"", ""lawsuits""], [""Cities"", ""connected_to"", ""opioid_epidemic""], [""Cities"", ""decrease"", ""interest_rates""], [""interest_rates"", ""impact"", ""US_stocks""], [""interest_rates"", ""impact"", ""business_investment""], [""interest_rates"", ""impact"", ""student_loans""], [""opioid_epidemic"", ""relationship_with"", ""health_care_systems""]]",1.0,0.9999998807907104,1.0,1.0,1.0,0.9738555353052212,0.976469981774699,0.9790844282441771,0.9816988747136548,0.9843133211831328,0.9869277676526106,0.9895422141220884,0.9921566605915664,0.9947711070610442,0.9973855535305222,1.0,0.919797577556333,0.970030557098782
61,"The Labour Party has been actively involved in Brexit, a pivotal event impacting various sectors, including Northern Ireland and the Brexit agreement itself. While the Labour Party operates within the UK Parliament, it is also related to the Conservative party, which has faced challenges due to a negative impact on the Brexit vote. The UK Parliament maintains control over the UK Government and the Brexit Proposal, influencing the progression of Brexit. Additionally, Brexit has connections to Mrs. Theresa May, highlighting the political complexities and leadership challenges surrounding this significant issue.","The Labour Party, actively involved in Brexit, operates within the UK Parliament, where it has some relations with the Conservative party. The UK Parliament is responsible for controlling the UK Government as well as overseeing the Brexit Proposal. Brexit itself has a significant impact on Northern Ireland and the Brexit agreement, and it has associations with figures like Mrs. Theresa May. Meanwhile, the Conservative party has a negative impact on the Brexit vote.","[[""Labour_Party"", ""involved_in"", ""Brexit""], [""Brexit"", ""impacts"", ""Northern_Ireland""], [""Brexit"", ""related_to"", ""Brexit_agreement""], [""Labour_Party"", ""operates_in"", ""UK_Parliament""], [""Labour_Party"", ""related_to"", ""Conservative_party""], [""Conservative_party"", ""faced_challenges"", ""Brexit_vote""], [""UK_Parliament"", ""maintains_control_over"", ""UK_Government""], [""UK_Parliament"", ""maintains_control_over"", ""Brexit_Proposal""], [""UK_Parliament"", ""influences"", ""Brexit""], [""Brexit"", ""related_to"", ""Mrs._Theresa_May""]]","[[""Labour_Party"", ""involved_in"", ""Brexit""], [""Labour_Party"", ""operates_in"", ""UK_Parliament""], [""Labour_Party"", ""related_to"", ""Conservative_party""], [""UK_Parliament"", ""responsible_for"", ""UK_Government""], [""UK_Parliament"", ""oversees"", ""Brexit_Proposal""], [""Brexit"", ""impacts"", ""Northern_Ireland""], [""Brexit"", ""related_to"", ""Brexit_agreement""], [""Brexit"", ""associated_with"", ""Mrs._Theresa_May""], [""Conservative_party"", ""has_impact_on"", ""Brexit_vote""], [""Conservative_party"", ""has_negative_impact_on"", ""Brexit_vote""]]",1.0,0.9999999403953552,1.0,0.85,0.85,0.9810614860280334,0.9679553374252301,0.9548491888224269,0.9417430402196234,0.9286368916168202,0.9155307430140167,0.9024245944112135,0.88931844580841,0.8762122972056067,0.8631061486028033,0.85,0.9188076293219319,0.9523504682498023
62,"The Camp Fire has had a detrimental effect on the town of Paradise, significantly altering its landscape and community. Additionally, the fire impacted businesses, disrupting operations and causing economic hardship. The nearby city of Chico also felt the effects of the Camp Fire, as it became a refuge for evacuees and absorbed some of the resulting economic and social changes.","The Camp Fire had a negative impact on the town of Paradise, causing significant destruction. Additionally, this devastating event impacted businesses, affecting their operations and economic stability. The fire also notably affected Chico, influencing both the local economy and community dynamics.","[[""Camp_Fire"", ""had_detrimental_effect_on"", ""Paradise""], [""Camp_Fire"", ""altered"", ""landscape_of_Paradise""], [""Camp_Fire"", ""altered"", ""community_of_Paradise""], [""Camp_Fire"", ""impacted"", ""businesses""], [""Camp_Fire"", ""disrupted"", ""operations_of_businesses""], [""Camp_Fire"", ""caused"", ""economic_hardship""], [""Chico"", ""became_refuge_for"", ""evacuees""], [""Chico"", ""absorbed"", ""economic_changes""], [""Chico"", ""absorbed"", ""social_changes""]]","[[""Camp_Fire"", ""had_negative_impact_on"", ""Paradise""], [""Camp_Fire"", ""caused"", ""destruction_in_Paradise""], [""Camp_Fire"", ""impacted"", ""businesses""], [""Camp_Fire"", ""affected"", ""operations_of_businesses""], [""Camp_Fire"", ""affected"", ""economic_stability_of_businesses""], [""Camp_Fire"", ""influenced"", ""local_economy_of_Chico""], [""Camp_Fire"", ""influenced"", ""community_dynamics_of_Chico""]]",0.3689323936863109,0.0,0.3629899024963379,0.3375678008963832,0.4573295603800236,0.9353096139401857,0.8875116085841696,0.8397136032281534,0.7919155978721371,0.7441175925161209,0.6963195871601047,0.6485215818040885,0.6007235764480723,0.552925571092056,0.5051275657360398,0.4573295603800236,0.7964111387245404,0.8685545550604478
63,"The tax overhaul controls tax rates and positively impacts the economy, while also having an influence on the corporate tax rate.","The tax overhaul controls tax rates and has a significant impact on the corporate tax rate. However, this tax overhaul also has a negative impact on the economy.","[[""tax_overhaul"", ""controls"", ""tax_rates""], [""tax_overhaul"", ""positively_impacts"", ""economy""], [""tax_overhaul"", ""influences"", ""corporate_tax_rate""]]","[[""tax_overhaul"", ""controls"", ""tax_rates""], [""tax_overhaul"", ""impacts"", ""corporate_tax_rate""], [""tax_overhaul"", ""negatively_impacts"", ""economy""]]",1.0,1.0,0.9999999403953552,1.0,1.0,0.9848105942044727,0.9863295347840254,0.9878484753635781,0.9893674159431309,0.9908863565226836,0.9924052971022364,0.9939242376817891,0.9954431782613418,0.9969621188408946,0.9984810594204473,1.0,0.9573035797514015,0.9674476649471879
64,"China has a negative impact on copper consumption and also impacts U.S. stocks. Furthermore, China is a member of the Tariff Fight, demonstrating its involvement in international trade disputes. The Postal Service controls China, indicating a regulatory relationship over this nation. Additionally, the Postal Service raises revenue, which is an important aspect of its operational capacity. This revenue relates to several entities, including the Houthis, spending, and Apple Inc., suggesting interconnected financial dynamics.","China impacts U.S. stocks and has a positive impact on copper consumption. Additionally, China is a member of the Tariff Fight. The Postal Service controls China and raises revenue. This revenue is related to Apple Inc., spending, and the Houthis, illustrating the interconnectedness of various economic factors.","[[""China"", ""negative_impact_on"", ""copper_consumption""], [""China"", ""impact_on"", ""U.S._stocks""], [""China"", ""member_of"", ""Tariff_Fight""], [""China"", ""involved_in"", ""international_trade_disputes""], [""Postal_Service"", ""controls"", ""China""], [""Postal_Service"", ""regulatory_relationship_over"", ""China""], [""Postal_Service"", ""raises"", ""revenue""], [""revenue"", ""related_to"", ""Houthis""], [""revenue"", ""related_to"", ""spending""], [""revenue"", ""related_to"", ""Apple_Inc.""], [""Postal_Service"", ""raises_revenue_from"", ""Apple_Inc.""], [""Postal_Service"", ""raises_revenue_from"", ""Houthis""], [""Postal_Service"", ""raises_revenue_from"", ""spending""]]","[[""China"", ""impact_on"", ""U.S._stocks""], [""China"", ""positive_impact_on"", ""copper_consumption""], [""China"", ""member_of"", ""Tariff_Fight""], [""Postal_Service"", ""controls"", ""China""], [""Postal_Service"", ""raises"", ""revenue""], [""revenue"", ""related_to"", ""Apple_Inc.""], [""revenue"", ""related_to"", ""spending""], [""revenue"", ""related_to"", ""Houthis""]]",0.7730012058189372,0.8273825645446777,0.9644885659217834,0.7730012058189372,0.7730012058189372,0.9617852152135671,0.9429068142741042,0.9240284133346411,0.9051500123951781,0.8862716114557151,0.8673932105162521,0.8485148095767892,0.8296364086373261,0.8107580076978632,0.7918796067584001,0.7730012058189372,0.9433633584039373,0.9467412383186804
65,"John Bercow controls both the Brexit Deal and the House of Commons. The Brexit Deal relates to trade and has an impact on companies, highlighting the interconnected nature of political decisions and economic consequences.","John Bercow controls the House of Commons, where significant legislative discussions occur. The Brexit Deal relates to trade and has an impact on companies operating within that market, influencing their strategies and outcomes.","[[""John_Bercow"", ""controls"", ""Brexit_Deal""], [""John_Bercow"", ""controls"", ""House_of_Commons""], [""Brexit_Deal"", ""relates_to"", ""trade""], [""Brexit_Deal"", ""has_impact_on"", ""companies""], [""House_of_Commons"", ""located_in"", ""UK""], [""Brexit_Deal"", ""influences"", ""political_decisions""], [""Brexit_Deal"", ""influences"", ""economic_consequences""]]","[[""John_Bercow"", ""controls"", ""House_of_Commons""], [""House_of_Commons"", ""hosts"", ""legislative_discussions""], [""Brexit_Deal"", ""relates_to"", ""trade""], [""Brexit_Deal"", ""has_impact_on"", ""companies""], [""companies"", ""operate_in"", ""market""], [""Brexit_Deal"", ""influences"", ""strategies""], [""Brexit_Deal"", ""influences"", ""outcomes""]]",0.33407655239053047,0.40346768498420715,0.7992117404937744,0.19641855032959654,0.33407655239053047,0.9617391177074044,0.8989728611757171,0.8362066046440296,0.7734403481123422,0.7106740915806549,0.6479078350489674,0.58514157851728,0.5223753219855927,0.45960906545390523,0.39684280892221785,0.33407655239053047,0.8653248727857452,0.913240874377931
66,"Carsten Menke, who has a relationship with both the Gold Price and the Gold market, exerts control over Julius Baer. Julius Baer, under Menke's control, operates in the Commodities Markets.","Carsten Menke, who is associated with both the Gold Price and the Gold market, plays a significant role in controlling Julius Baer, a major financial group. Julius Baer, under the control of Carsten Menke, operates within the Commodities Markets, navigating various facets of trading and investment in these dynamic environments.","[[""Carsten_Menke"", ""related_to"", ""Gold_Price""], [""Carsten_Menke"", ""related_to"", ""Gold_market""], [""Carsten_Menke"", ""exerts_control_over"", ""Julius_Baer""], [""Julius_Baer"", ""operates_in"", ""Commodities_Markets""]]","[[""Carsten_Menke"", ""associated_with"", ""Gold_Price""], [""Carsten_Menke"", ""associated_with"", ""Gold_market""], [""Carsten_Menke"", ""plays_significant_role_in_controlling"", ""Julius_Baer""], [""Julius_Baer"", ""major_financial_group"", ""None""], [""Julius_Baer"", ""controlled_by"", ""Carsten_Menke""], [""Julius_Baer"", ""operates_in"", ""Commodities_Markets""], [""Julius_Baer"", ""navigates"", ""trading""], [""Julius_Baer"", ""navigates"", ""investment""]]",1.0,0.5569080114364624,0.7321734428405762,0.5533985905294664,1.0,0.9728237780873155,0.9755414002785839,0.9782590224698524,0.9809766446611208,0.9836942668523893,0.9864118890436577,0.9891295112349262,0.9918471334261947,0.994564755617463,0.9972823778087315,1.0,0.9166519937675897,0.7951775185976764
67,"Marine Le Pen, a notable figure who is a member of both the European Parliament and the European Union, has connections that relate to Steve Bannon. Bannon himself is linked to various politically charged elements such as the Russia Probe, Viktor Orban, and WikiLeaks. These associations suggest intersecting interests and shared platforms, highlighting the intricate web of political influence and allegiances across national and international boundaries.","Marine Le Pen is connected to Steve Bannon through various political and ideological associations. She is an active member of both the European Parliament and the European Union, reflecting her political engagement on a broader international stage. Steve Bannon, known for his controversial influence in global politics, is related to the Russia Probe, Viktor Orban, and WikiLeaks, indicating his involvement in political matters that often stir international discussion. These connections highlight the intricate web of relationships among influential political figures and entities.","[[""Marine_Le_Pen"", ""member_of"", ""European_Parliament""], [""Marine_Le_Pen"", ""member_of"", ""European_Union""], [""Marine_Le_Pen"", ""connected_to"", ""Steve_Bannon""], [""Steve_Bannon"", ""linked_to"", ""Russia_Probe""], [""Steve_Bannon"", ""linked_to"", ""Viktor_Orban""], [""Steve_Bannon"", ""linked_to"", ""WikiLeaks""]]","[[""Marine_Le_Pen"", ""connected_to"", ""Steve_Bannon""], [""Marine_Le_Pen"", ""member_of"", ""European_Parliament""], [""Marine_Le_Pen"", ""member_of"", ""European_Union""], [""Steve_Bannon"", ""related_to"", ""Russia_Probe""], [""Steve_Bannon"", ""related_to"", ""Viktor_Orban""], [""Steve_Bannon"", ""related_to"", ""WikiLeaks""]]",1.0,1.0,1.0,1.0,1.0,0.982681427618067,0.9844132848562602,0.9861451420944536,0.9878769993326468,0.9896088565708402,0.9913407138090335,0.9930725710472268,0.99480442828542,0.9965362855236134,0.9982681427618068,1.0,0.9628494592900374,0.9655913489722633
68,"Stephen Moore has connections to economic growth, the Federal Reserve Board of Governors, and the Republican Party. Republican senators play a controlling role in the U.S. Federal Reserve and share a relationship with Stephen Moore. Additionally, they have ties to Herman Cain, indicating a network of political and economic influence among these individuals and entities.","Stephen Moore is intricately involved in discussions related to economic growth, the Federal Reserve Board of Governors, and the Republican Party, highlighting his multidimensional contributions to these areas. Republican senators play a significant role in steering the direction of the U.S. Federal Reserve and are connected with Stephen Moore, underscoring his influence within political and economic circles. Additionally, Republican senators have associations with Herman Cain, further indicating the intertwining relationships within political dynamics.","[[""Stephen_Moore"", ""connected_to"", ""economic_growth""], [""Stephen_Moore"", ""connected_to"", ""Federal_Reserve_Board_of_Governors""], [""Stephen_Moore"", ""connected_to"", ""Republican_Party""], [""Republican_senators"", ""play_role_in"", ""U.S._Federal_Reserve""], [""Republican_senators"", ""share_relationship_with"", ""Stephen_Moore""], [""Republican_senators"", ""have_ties_to"", ""Herman_Cain""], [""Stephen_Moore"", ""have_network_with"", ""Herman_Cain""], [""Stephen_Moore"", ""have_network_with"", ""Republican_senators""]]","[[""Stephen_Moore"", ""involved_in"", ""economic_growth""], [""Stephen_Moore"", ""involved_in"", ""Federal_Reserve_Board_of_Governors""], [""Stephen_Moore"", ""involved_in"", ""Republican_Party""], [""Republican_senators"", ""play_role_in"", ""U.S._Federal_Reserve""], [""Republican_senators"", ""connected_with"", ""Stephen_Moore""], [""Republican_senators"", ""have_associations_with"", ""Herman_Cain""], [""Stephen_Moore"", ""have_influence_in"", ""political_and_economic_circles""], [""Herman_Cain"", ""have_relationship_with"", ""Republican_senators""], [""Stephen_Moore"", ""have_relationship_with"", ""Herman_Cain""]]",1.0,0.7489202618598938,0.9199548363685608,0.8240554958966418,1.0,0.9679742260564858,0.9711768034508371,0.9743793808451886,0.97758195823954,0.9807845356338915,0.9839871130282429,0.9871896904225943,0.9903922678169457,0.9935948452112972,0.9967974226056486,1.0,0.9171150719380079,0.8175254174457638
69,"The United States has a negative impact on ZTE and is related to Javad Zarif. Additionally, the United States controls employment, which subsequently impacts income. General Mills Inc. operates in both the United States and the food industry, but has seen a decrease in share prices.","The United States relates to Javad Zarif and controls employment, which in turn impacts income. Furthermore, the United States has a positive impact on ZTE. General Mills Inc., which operates in both the United States and the food industry, has seen a decrease in share prices.","[[""United_States"", ""negative_impact_on"", ""ZTE""], [""United_States"", ""related_to"", ""Javad_Zarif""], [""United_States"", ""controls"", ""employment""], [""employment"", ""impacts"", ""income""], [""General_Mills_Inc."", ""operates_in"", ""United_States""], [""General_Mills_Inc."", ""operates_in"", ""food_industry""], [""General_Mills_Inc."", ""experienced"", ""decrease_in_share_prices""]]","[[""United_States"", ""relates_to"", ""Javad_Zarif""], [""United_States"", ""controls"", ""employment""], [""employment"", ""impacts"", ""income""], [""United_States"", ""positive_impact_on"", ""ZTE""], [""General_Mills_Inc."", ""operates_in"", ""United_States""], [""General_Mills_Inc."", ""operates_in"", ""food_industry""], [""General_Mills_Inc."", ""experienced"", ""decrease_in_share_prices""]]",1.0,1.0,1.0,1.0,1.0,0.9967687911864614,0.9970919120678153,0.9974150329491691,0.997738153830523,0.9980612747118769,0.9983843955932308,0.9987075164745846,0.9990306373559384,0.9993537582372922,0.9996768791186461,1.0,0.9871121676078951,0.993571165533427
70,"Lewis Alexander relates to Donald Trump and exerts control over the manufacturing sector. This manufacturing sector has a relationship with the Bank of England, while it is also experiencing a decrease in activity in Germany.",Lewis Alexander relates to Donald Trump and exerts control over the manufacturing sector. This manufacturing sector has a connection to the Bank of England and is experiencing a decrease in relation to Germany.,"[[""Lewis_Alexander"", ""relates_to"", ""Donald_Trump""], [""Lewis_Alexander"", ""exerts_control_over"", ""manufacturing_sector""], [""manufacturing_sector"", ""has_relationship_with"", ""Bank_of_England""], [""manufacturing_sector"", ""experiencing_decrease_in"", ""Germany""]]","[[""Lewis_Alexander"", ""relates_to"", ""Donald_Trump""], [""Lewis_Alexander"", ""exerts_control_over"", ""manufacturing_sector""], [""manufacturing_sector"", ""has_connection_to"", ""Bank_of_England""], [""manufacturing_sector"", ""experiencing_decrease_in_relation_to"", ""Germany""]]",1.0,0.9999999403953552,1.0,1.0,1.0,0.990270435817839,0.9912433922360551,0.9922163486542712,0.9931893050724874,0.9941622614907034,0.9951352179089195,0.9961081743271356,0.9970811307453518,0.9980540871635678,0.9990270435817838,1.0,0.9624636536297768,0.9824644832057434
71,"The White House Office of Management and Budget operates within the US Government, which exercises control over significant matters such as the U.S. Treasury Yield and the implementation of the death penalty. Moreover, the US Government also has a notable relationship with Yemen, influencing or being influenced by geopolitical or humanitarian factors concerning the region.","The US Government exercises control over the U.S. Treasury Yield, influencing the financial landscape and investment decisions. Additionally, there is a relationship between the US Government and Yemen, indicating potential diplomatic, strategic, or financial interactions between the two entities.","[[""White_House_Office_of_Management_and_Budget"", ""operates_within"", ""US_Government""], [""US_Government"", ""exercises_control_over"", ""U.S._Treasury_Yield""], [""US_Government"", ""exercises_control_over"", ""implementation_of_death_penalty""], [""US_Government"", ""has_relationship_with"", ""Yemen""]]","[[""US_Government"", ""exercises_control_over"", ""U.S._Treasury_Yield""], [""U.S._Treasury_Yield"", ""influences"", ""financial_landscape""], [""U.S._Treasury_Yield"", ""influences"", ""investment_decisions""], [""US_Government"", ""has_relationship_with"", ""Yemen""]]",0.5594309277855158,0.0,0.5340332388877869,0.26666666666666666,0.5594309277855158,0.8807972583176393,0.848660625264427,0.8165239922112146,0.7843873591580023,0.7522507261047899,0.7201140930515776,0.6879774599983652,0.655840826945153,0.6237041938919405,0.5915675608387282,0.5594309277855158,0.8548863434655514,0.6609506453331347
72,"The Treasury Yield relates to the Consumer-Price Index and is influenced by the Benchmark 10-year Treasury note, which controls the Treasury Yield. A decrease in the Treasury Yield affects both Market Volatility and Fed Interest Rates. Furthermore, the Benchmark 10-year Treasury note also relates to Yields and is responsible for raising prices.",The Benchmark 10-year Treasury note has raised prices.,"[[""Treasury_Yield"", ""relates_to"", ""Consumer-Price_Index""], [""Treasury_Yield"", ""influenced_by"", ""Benchmark_10-year_Treasury_note""], [""Benchmark_10-year_Treasury_note"", ""controls"", ""Treasury_Yield""], [""Treasury_Yield"", ""affects"", ""Market_Volatility""], [""Treasury_Yield"", ""affects"", ""Fed_Interest_Rates""], [""Benchmark_10-year_Treasury_note"", ""relates_to"", ""Yields""], [""Benchmark_10-year_Treasury_note"", ""responsible_for"", ""raising_prices""]]","[[""Benchmark_10-year_Treasury_note"", ""has_raised"", ""prices""]]",0.3367876570272817,0.0,0.28217828273773193,0.0445435403187374,0.3481553119113957,0.7697182345884774,0.7275619423207693,0.6854056500530611,0.6432493577853529,0.6010930655176447,0.5589367732499366,0.5167804809822284,0.4746241887145202,0.43246789644681205,0.3903116041791039,0.3481553119113957,0.6480764689968437,0.7866384902638084
73,"The USOC has announced an investigation, which is related to a report and also impacts Russia. In addition to this, the USOC introduced Ropes & Gray LLP, a legal entity possibly involved in conducting or advising on the investigation.","An investigation has a significant impact on Russia and is closely related to a report. In response to these developments, the USOC has introduced Ropes & Gray LLP, potentially as a part of handling or responding to the findings of the investigation.","[[""USOC"", ""announced"", ""investigation""], [""investigation"", ""related_to"", ""report""], [""investigation"", ""impacts"", ""Russia""], [""USOC"", ""introduced"", ""Ropes_&_Gray_LLP""], [""Ropes_&_Gray_LLP"", ""possibly_involved_in"", ""investigation""]]","[[""investigation"", ""has_impact_on"", ""Russia""], [""investigation"", ""related_to"", ""report""], [""USOC"", ""introduced"", ""Ropes_&_Gray_LLP""], [""Ropes_&_Gray_LLP"", ""potentially_part_of"", ""handling_investigation_findings""], [""USOC"", ""responding_to"", ""investigation_findings""]]",1.0,0.7661416530609131,0.8407614827156067,0.4225771273642583,0.4225771273642583,0.9588974436968544,0.9052654120635948,0.8516333804303352,0.7980013487970755,0.7443693171638159,0.6907372855305564,0.6371052538972968,0.5834732222640371,0.5298411906307775,0.4762091589975179,0.4225771273642583,0.9017152660107894,0.9362973054197321
74,"Treasury Notes play a significant role in the financial landscape by influencing various economic parameters. They are known to raise Yield, which is closely related to Bond Prices. However, an increase in Yield negatively impacts Housing Starts and Economic growth, highlighting its broad economic implications. Additionally, Treasury Notes impact Borrowing Cost and have a connection with stocks. In turn, these stocks negatively impact the Gold Price, underscoring the interconnectedness of these financial elements.","Treasury Notes have a significant role in the financial landscape, as they impact borrowing costs and are related to stocks. When Treasury Notes are issued, they raise the yield, which has a cascading effect on various economic indicators. The raised yield negatively impacts housing starts and economic growth, while it is closely related to bond prices. Moreover, stocks themselves can have a negative impact on the gold price, adding another layer to the intricate web of financial relationships triggered by movements in Treasury Notes and yield dynamics.",[],[],,,,,,,,,,,,,,,,,,
75,"The U.S. market has played a role in raising Volkswagen's presence or performance and it impacts U.S. companies in various ways. Henry McMaster operates in both South Carolina and the U.S. market, signifying his influence in these regions. Additionally, there is a relationship between Henry McMaster and Nikki Haley, highlighting a possible connection or shared interests within the political or economic landscape.","The U.S. market has led to a raise in the prospects of Volkswagen, while also exerting an impact on various U.S. companies. Operating within both South Carolina and the wider U.S. market is Henry McMaster, a figure who also shares a relationship with Nikki Haley.","[[""U.S._market"", ""impacts"", ""Volkswagen""], [""Volkswagen"", ""presence_or_performance_in"", ""U.S._market""], [""U.S._market"", ""impacts"", ""U.S._companies""], [""Henry_McMaster"", ""operates_in"", ""South_Carolina""], [""Henry_McMaster"", ""operates_in"", ""U.S._market""], [""Henry_McMaster"", ""influential_in"", ""South_Carolina""], [""Henry_McMaster"", ""influential_in"", ""U.S._market""], [""Henry_McMaster"", ""related_to"", ""Nikki_Haley""], [""Nikki_Haley"", ""related_to"", ""Henry_McMaster""]]","[[""U.S._market"", ""raised_prospects_of"", ""Volkswagen""], [""U.S._market"", ""impacts"", ""U.S._companies""], [""Henry_McMaster"", ""operates_in"", ""South_Carolina""], [""Henry_McMaster"", ""operates_in"", ""U.S._market""], [""Henry_McMaster"", ""related_to"", ""Nikki_Haley""], [""Nikki_Haley"", ""related_to"", ""Henry_McMaster""]]",1.0,1.0,0.9999998807907104,1.0,1.0,0.9616525728112443,0.9654873155301198,0.9693220582489954,0.973156800967871,0.9769915436867466,0.9808262864056221,0.9846610291244977,0.9884957718433733,0.9923305145622489,0.9961652572811244,1.0,0.8895283964252159,0.919911188731089
76,"Democracy is intrinsically related to both the Maduro Government and the occurrence of protests, indicating its foundational influence on governance structures and public dissent. Aung San Suu Kyi, a prominent political figure, exerts control over the military, a position that allows her to significantly impact the state of democracy. Her influence is further evidenced by the announcement of constitutional amendments, which serve as an important milestone reflecting her strategic initiatives in shaping democratic frameworks.","Democracy has connections to both the Maduro Government and various protests, signifying its relevance in different political contexts. Aung San Suu Kyi, a prominent figure in the political landscape, wields control over the Military and has a significant impact on democracy itself. Moreover, she has announced constitutional amendments aimed at shaping the future governance framework.",[],[],,,,,,,,,,,,,,,,,,
77,"Giuseppe Conte is intricately related to the European Union, an entity he connects with through various channels. As a key figure, he exercises control over the Migration Crisis, demonstrating his influence on pressing issues within Europe. Moreover, Giuseppe Conte actively participates in the European Commission, an institution that has the authority over technological platforms like the Android mobile operating system and maintains a relationship with Private-Equity Firms. The European Union itself plays a significant role in controlling critical frameworks such as the EU Budget and the Rule of Law, both of which are essential pillars of its governance. Additionally, the European Union impacts trade deals, shaping economic interactions on a global scale.","Giuseppe Conte is intricately related to the European Union, where he exercises control over significant issues such as the migration crisis. He actively participates in the European Commission, an entity that exerts control over various aspects such as the Android mobile operating system and maintains a connection with private-equity firms. The European Union itself exercises control over the EU Budget and the Rule of Law, both crucial components of its governance framework. Furthermore, the EU exerts a notable impact on trade deals, influencing the economic landscape within and beyond its borders.",[],[],,,,,,,,,,,,,,,,,,
78,"WeWork Cos. has successfully raised its revenue, in part due to significant investments from the SoftBank Vision Fund. This fund not only invests in WeWork Cos. but also in Saudi Arabia, reflecting a diverse investment strategy. Additionally, the SoftBank Vision Fund has a relationship with Grab, linking these entities in a broader investment and business ecosystem.","The SoftBank Vision Fund has made significant investments in both WeWork Cos. and Saudi Arabia, demonstrating its strategic allocation of capital. Despite receiving investment from the SoftBank Vision Fund, WeWork Cos. has experienced a decrease in revenue. Additionally, the SoftBank Vision Fund has a connection to Grab, indicating a diverse range of interests and strategic relationships within its portfolio.","[[""WeWork_Cos."", ""raising_revenue_from"", ""SoftBank_Vision_Fund""], [""SoftBank_Vision_Fund"", ""invests_in"", ""WeWork_Cos.""], [""SoftBank_Vision_Fund"", ""invests_in"", ""Saudi_Arabia""], [""SoftBank_Vision_Fund"", ""has_relationship_with"", ""Grab""], [""WeWork_Cos."", ""part_of"", ""investment_and_business_ecosystem""], [""SoftBank_Vision_Fund"", ""part_of"", ""investment_and_business_ecosystem""], [""Grab"", ""part_of"", ""investment_and_business_ecosystem""], [""Saudi_Arabia"", ""part_of"", ""investment_and_business_ecosystem""]]","[[""SoftBank_Vision_Fund"", ""invests_in"", ""WeWork_Cos.""], [""SoftBank_Vision_Fund"", ""invests_in"", ""Saudi_Arabia""], [""WeWork_Cos."", ""received_investment_from"", ""SoftBank_Vision_Fund""], [""WeWork_Cos."", ""experienced_decrease_in"", ""revenue""], [""SoftBank_Vision_Fund"", ""has_connection_to"", ""Grab""], [""SoftBank_Vision_Fund"", ""demonstrates"", ""strategic_allocation_of_capital""]]",0.13333333333333333,0.13430704176425934,0.8261879682540894,0.12171612389003691,0.13333333333333333,0.8717540454299454,0.7979119742202841,0.724069903010623,0.6502278318009618,0.5763857605913005,0.5025436893816394,0.4287016181719782,0.354859546962317,0.28101747575265573,0.20717540454299452,0.13333333333333333,0.8018241732189313,0.7812684029465494
79,"Mark Tucker exercises control over both HSBC Holdings PLC and HSBC. His position is related to the European Union, which has been responsible for introducing various sanctions that can influence global financial settings. The European Union's actions are also related to the Conservative party, suggesting an intersecting influence with political dynamics. HSBC, under the leadership of Tucker, announces its annual dividend, which reflects its business performance and shareholder engagement. Furthermore, HSBC maintains a relationship with Huawei Technologies, indicating potential collaborations or business dealings.","Mark Tucker exercises control over HSBC Holdings PLC as well as HSBC. He is also connected to the European Union, which has introduced sanctions. The European Union itself has relationships pertaining to the Conservative party. HSBC, under the direction of Mark Tucker, has announced its annual dividend and is also related to Huawei Technologies.","[[""Mark_Tucker"", ""exercises_control_over"", ""HSBC_Holdings_PLC""], [""Mark_Tucker"", ""exercises_control_over"", ""HSBC""], [""Mark_Tucker"", ""related_to"", ""European_Union""], [""European_Union"", ""introduced"", ""sanctions""], [""European_Union"", ""influence"", ""global_financial_settings""], [""European_Union"", ""related_to"", ""Conservative_party""], [""HSBC"", ""under_leadership_of"", ""Mark_Tucker""], [""HSBC"", ""announces"", ""annual_dividend""], [""annual_dividend"", ""reflects"", ""business_performance""], [""annual_dividend"", ""reflects"", ""shareholder_engagement""], [""HSBC"", ""maintains_relationship_with"", ""Huawei_Technologies""]]","[[""Mark_Tucker"", ""exercises_control_over"", ""HSBC_Holdings_PLC""], [""Mark_Tucker"", ""exercises_control_over"", ""HSBC""], [""Mark_Tucker"", ""connected_to"", ""European_Union""], [""European_Union"", ""introduced"", ""sanctions""], [""European_Union"", ""related_to"", ""Conservative_party""], [""HSBC"", ""under_direction_of"", ""Mark_Tucker""], [""HSBC"", ""announced"", ""annual_dividend""], [""HSBC"", ""related_to"", ""Huawei_Technologies""]]",0.4780914437337575,0.4904944598674774,0.8299897909164429,0.5330017908890261,0.5330017908890261,0.9308150267513853,0.8910337031651494,0.8512523795789135,0.8114710559926774,0.7716897324064416,0.7319084088202057,0.6921270852339698,0.652345761647734,0.6125644380614979,0.572783114475262,0.5330017908890261,0.8797985813872792,0.9460902000303775
80,"A federal judge has the authority to control election results and possesses the power to issue a preliminary injunction. However, actions taken by the federal judge can have a negative impact on the Justice Department, potentially affecting its operations and overall mission.","A Federal judge possesses the authority to control the Election Results, ensuring integrity and compliance with legal standards. Additionally, the Federal judge holds a Preliminary Injunction, a legal tool that can temporarily preserve the status quo or enjoin certain actions until a final decision is made. The actions and decisions of the Federal judge also positively impact the Justice Department, contributing to the administration and enforcement of justice within the electoral process.","[[""federal_judge"", ""has_authority_to_control"", ""election_results""], [""federal_judge"", ""possesses_power_to_issue"", ""preliminary_injunction""], [""actions_of_federal_judge"", ""have_negative_impact_on"", ""Justice_Department""], [""Justice_Department"", ""has_operations"", ""operations""], [""Justice_Department"", ""has_mission"", ""overall_mission""]]","[[""Federal_judge"", ""possesses_authority_to_control"", ""Election_Results""], [""Federal_judge"", ""ensures_integrity_of"", ""Election_Results""], [""Federal_judge"", ""ensures_compliance_with"", ""legal_standards""], [""Federal_judge"", ""holds"", ""Preliminary_Injunction""], [""Preliminary_Injunction"", ""preserves"", ""status_quo""], [""Preliminary_Injunction"", ""enjoins"", ""certain_actions""], [""actions_of_Federal_judge"", ""have_positive_impact_on"", ""Justice_Department""], [""Justice_Department"", ""administers_justice"", ""electoral_process""], [""Justice_Department"", ""enforces_justice"", ""electoral_process""]]",0.34020690871988585,0.09938609600067139,0.5090999603271484,0.23097828906119441,0.5400617248673216,0.9246499333925418,0.8861911125400197,0.8477322916874978,0.8092734708349757,0.7708146499824537,0.7323558291299317,0.6938970082774096,0.6554381874248877,0.6169793665723656,0.5785205457198436,0.5400617248673216,0.8097922947316285,0.7961998739941691
81,"Maria Butina is related to the Russian Government and Russia, as well as to Republicans. The Kremlin controls Maria Butina and the Police, while also relating to Volodymyr Zelensky. Additionally, the Police operate in China.","Maria Butina is known to relate to Republicans, indicating a connection between her actions and the values or activities associated with this political party.","[[""Maria_Butina"", ""related_to"", ""Russian_Government""], [""Maria_Butina"", ""related_to"", ""Russia""], [""Maria_Butina"", ""related_to"", ""Republicans""], [""Kremlin"", ""controls"", ""Maria_Butina""], [""Kremlin"", ""controls"", ""Police""], [""Kremlin"", ""relates_to"", ""Volodymyr_Zelensky""], [""Police"", ""operate_in"", ""China""]]","[[""Maria_Butina"", ""related_to"", ""Republicans""]]",0.31180478223116176,0.3493025004863739,0.5878037214279175,0.2916666666666667,0.2916666666666667,0.6629711665505756,0.6258407165621848,0.5887102665737939,0.5515798165854029,0.514449366597012,0.47731891660862114,0.44018846662023026,0.4030580166318394,0.3659275666434485,0.32879711665505756,0.2916666666666667,0.6415050381130376,0.7519155011882943
82,"U.S. officials have a significant control over Moscow, sanctions, and U.S. troops, reflecting their authoritative influence in geopolitical matters. Their control over sanctions, specifically, has a profound impact on the global oil markets, indicating a strong connection between political actions and economic trends. Alice Wells is part of this landscape, possessing a U.S. delegation and having a direct relation with U.S. officials, suggesting her involvement in diplomatic initiatives. Moscow, apart from being controlled by U.S. officials, operates in contexts like the 2016 US Election, revealing its strategic interactions on a global scale. Additionally, Moscow is known to have an impact on the Korean Peninsula, while exerting control over entities like the Internet Research Agency, highlighting its geopolitical influence and actions.","U.S. officials have control over Moscow, sanctions, and U.S. troops. The sanctions enforced by U.S. officials impact global oil markets, illustrating their global economic influence. Moscow, under control by U.S. officials, is noted for its operations in the 2016 US Election, and it also impacts the Korean Peninsula, showcasing its strategic significance. Alice Wells, who relates to U.S. officials, has a U.S. delegation, indicating her prominent role in diplomatic missions. Moreover, Moscow holds control over the Internet Research Agency, adding to its ways of exerting influence and control on the international stage.","[[""U.S._officials"", ""have_control_over"", ""Moscow""], [""U.S._officials"", ""have_control_over"", ""sanctions""], [""U.S._officials"", ""have_control_over"", ""U.S._troops""], [""sanctions"", ""have_impact_on"", ""global_oil_markets""], [""U.S._officials"", ""have_authoritative_influence_in"", ""geopolitical_matters""], [""Alice_Wells"", ""part_of"", ""U.S._delegation""], [""Alice_Wells"", ""has_direct_relation_with"", ""U.S._officials""], [""Moscow"", ""operates_in"", ""2016_US_Election""], [""Moscow"", ""has_impact_on"", ""Korean_Peninsula""], [""Moscow"", ""has_control_over"", ""Internet_Research_Agency""], [""Alice_Wells"", ""involved_in"", ""diplomatic_initiatives""]]","[[""U.S._officials"", ""have_control_over"", ""Moscow""], [""U.S._officials"", ""have_control_over"", ""sanctions""], [""U.S._officials"", ""have_control_over"", ""U.S._troops""], [""sanctions"", ""enforced_by"", ""U.S._officials""], [""sanctions"", ""have_impact_on"", ""global_oil_markets""], [""U.S._officials"", ""have_global_economic_influence"", ""global_economy""], [""Moscow"", ""under_control_by"", ""U.S._officials""], [""Moscow"", ""operates_in"", ""2016_US_Election""], [""Moscow"", ""has_impact_on"", ""Korean_Peninsula""], [""Alice_Wells"", ""has_U.S._delegation"", ""U.S._delegation""], [""Alice_Wells"", ""relates_to"", ""U.S._officials""], [""Moscow"", ""has_control_over"", ""Internet_Research_Agency""], [""Alice_Wells"", ""has_proninent_role_in"", ""diplomatic_missions""]]",0.8472222222222222,0.5064868330955505,0.8628392219543457,0.6944444444444444,0.8472222222222222,0.9921595064856417,0.9776657780592998,0.9631720496329579,0.9486783212066158,0.9341845927802739,0.9196908643539319,0.90519713592759,0.8907034075012481,0.8762096790749061,0.8617159506485641,0.8472222222222222,0.9264975767003814,0.9579997051111944
83,"Climate Change has a profound impact on flooding and is also related to a global economic slowdown. The National Oceanic and Atmospheric Administration plays a significant role in addressing these issues, as it is related to both Climate Change and Global Warming. This administration controls the National Weather Service, which operates in areas like Montana and impacts regions such as West Virginia and St. Louis. Additionally, Global Warming has far-reaching impacts on businesses.","Climate change has a significant impact on flooding, and it is also related to the global economic slowdown. The National Oceanic and Atmospheric Administration (NOAA) is connected to both climate change and global warming and plays a crucial role in controlling the National Weather Service. The National Weather Service, which operates in Montana, has an impactful presence in regions like West Virginia and St. Louis. Furthermore, global warming impacts businesses, indicating the far-reaching effects of environmental changes on economic activities.","[[""Climate_Change"", ""has_impact_on"", ""flooding""], [""Climate_Change"", ""related_to"", ""global_economic_slowdown""], [""National_Oceanic_and_Atmospheric_Administration"", ""related_to"", ""Climate_Change""], [""National_Oceanic_and_Atmospheric_Administration"", ""related_to"", ""Global_Warming""], [""National_Oceanic_and_Atmospheric_Administration"", ""controls"", ""National_Weather_Service""], [""National_Weather_Service"", ""operates_in"", ""Montana""], [""National_Weather_Service"", ""impacts"", ""West_Virginia""], [""National_Weather_Service"", ""impacts"", ""St._Louis""], [""Global_Warming"", ""has_impact_on"", ""businesses""]]","[[""Climate_change"", ""has_impact_on"", ""flooding""], [""Climate_change"", ""related_to"", ""global_economic_slowdown""], [""National_Oceanic_and_Atmospheric_Administration"", ""connected_to"", ""Climate_change""], [""National_Oceanic_and_Atmospheric_Administration"", ""connected_to"", ""Global_warming""], [""National_Oceanic_and_Atmospheric_Administration"", ""controls"", ""National_Weather_Service""], [""National_Weather_Service"", ""operates_in"", ""Montana""], [""National_Weather_Service"", ""has_impactful_presence_in"", ""West_Virginia""], [""National_Weather_Service"", ""has_impactful_presence_in"", ""St._Louis""], [""Global_warming"", ""impacts"", ""businesses""]]",1.0,0.9999999403953552,1.0,1.0,1.0,0.9875444449070617,0.9887900004163556,0.9900355559256495,0.9912811114349431,0.9925266669442371,0.9937722224535308,0.9950177779628246,0.9962633334721185,0.9975088889814123,0.9987544444907062,1.0,0.9684802170397764,0.9593727933675477
84,"Donald Trump has an impact on resilience and is related to advisers who play a role in shaping his decisions. The House of Representatives controls the courts and Charles Kupperman, while also introducing legislation to the Senate. Devin Nunes operates in the US Government and is related to Donald Trump, participating actively in the House of Representatives.","Donald Trump has an impact on resilience and relates to his advisers. The House of Representatives controls the courts and Charles Kupperman, and it is responsible for introducing the Senate. Devin Nunes operates in the US Government and participates in the House of Representatives, while also relating to Donald Trump.","[[""Donald_Trump"", ""has_impact_on"", ""resilience""], [""Donald_Trump"", ""related_to"", ""advisers""], [""advisers"", ""play_role_in"", ""shaping_decisions""], [""House_of_Representatives"", ""controls"", ""courts""], [""House_of_Representatives"", ""controls"", ""Charles_Kupperman""], [""House_of_Representatives"", ""introduces_legislation_to"", ""Senate""], [""Devin_Nunes"", ""operates_in"", ""US_Government""], [""Devin_Nunes"", ""related_to"", ""Donald_Trump""], [""Devin_Nunes"", ""participates_in"", ""House_of_Representatives""]]","[[""Donald_Trump"", ""has_impact_on"", ""resilience""], [""Donald_Trump"", ""relates_to"", ""advisers""], [""House_of_Representatives"", ""controls"", ""courts""], [""House_of_Representatives"", ""controls"", ""Charles_Kupperman""], [""House_of_Representatives"", ""introduces"", ""Senate""], [""House_of_Representatives"", ""responsible_for"", ""introducing_Senate""], [""Devin_Nunes"", ""operates_in"", ""US_Government""], [""Devin_Nunes"", ""participates_in"", ""House_of_Representatives""], [""Devin_Nunes"", ""relates_to"", ""Donald_Trump""]]",0.7905694150420948,0.5366312265396118,0.924665629863739,0.6666666666666666,0.7905694150420948,0.979846648616735,0.960918925259271,0.9419912019018071,0.9230634785443428,0.9041357551868789,0.8852080318294149,0.8662803084719508,0.8473525851144867,0.8284248617570229,0.8094971383995587,0.7905694150420948,0.9451282604625015,0.9014251395618875
85,"Stanley Black & Decker Inc. raises industrial stocks while simultaneously decreasing its shares. The shares, in turn, have a negative impact on Samsung and control Dell Inc.","Stanley Black & Decker Inc. has seen a decrease in both shares and industrial stocks. This decrease in shares has a negative impact on Samsung and concurrently, these shares also control Dell Inc.","[[""Stanley_Black_&_Decker_Inc."", ""raises"", ""industrial_stocks""], [""Stanley_Black_&_Decker_Inc."", ""decreases"", ""shares""], [""shares"", ""have_negative_impact_on"", ""Samsung""], [""shares"", ""control"", ""Dell_Inc.""]]","[[""Stanley_Black_&_Decker_Inc."", ""sees_decrease_in"", ""shares""], [""Stanley_Black_&_Decker_Inc."", ""sees_decrease_in"", ""industrial_stocks""], [""decrease_in_shares"", ""has_negative_impact_on"", ""Samsung""], [""shares"", ""control"", ""Dell_Inc.""]]",1.0,0.8035677075386047,0.890373706817627,0.6390096504226939,0.6390096504226939,0.9383093336229145,0.9083793653028924,0.8784493969828704,0.8485194286628482,0.8185894603428262,0.7886594920228042,0.7587295237027821,0.72879955538276,0.6988695870627379,0.6689396187427159,0.6390096504226939,0.90559413224,0.9091744562124855
86,"Neel Kashkari plays a significant role in controlling wages, which are instrumental in positively impacting economic growth. However, wages also have a notable impact on the unemployment rate, highlighting their complex influence on the economy. Additionally, Kashkari's actions and decisions have an impact on the Federal Reserve Policy, aligning his efforts with broader monetary strategies. His expertise is closely related to the dynamics of interest rates, further emphasizing his contribution to financial governance and economic sustainability.","Neel Kashkari plays a significant role in controlling wages, which in turn have a positive impact on economic growth and also influence the unemployment rate. Additionally, Kashkari's actions and decisions are related to interest rates and have an impact on Federal Reserve policy.","[[""Neel_Kashkari"", ""plays_role_in"", ""controlling_wages""], [""controlling_wages"", ""impacts"", ""economic_growth""], [""controlling_wages"", ""impacts"", ""unemployment_rate""], [""Neel_Kashkari"", ""impacts"", ""Federal_Reserve_Policy""], [""Neel_Kashkari"", ""has_expertise_in"", ""interest_rates""], [""interest_rates"", ""related_to"", ""financial_governance""], [""interest_rates"", ""related_to"", ""economic_sustainability""]]","[[""Neel_Kashkari"", ""plays_role_in"", ""controlling_wages""], [""controlling_wages"", ""impacts"", ""economic_growth""], [""controlling_wages"", ""impacts"", ""unemployment_rate""], [""Neel_Kashkari"", ""impacts"", ""Federal_Reserve_Policy""], [""Neel_Kashkari"", ""has_expertise_in"", ""interest_rates""], [""interest_rates"", ""related_to"", ""Federal_Reserve_Policy""]]",0.529237746757157,0.6408012509346008,0.7895923256874084,0.529237746757157,0.529237746757157,0.9738293808647778,0.9293702174540157,0.8849110540432537,0.8404518906324915,0.7959927272217295,0.7515335638109674,0.7070744004002053,0.6626152369894432,0.6181560735786811,0.573696910167919,0.529237746757157,0.9475588916636988,0.9756768545124691
87,"Eric Rosengren is connected with multiple aspects of the financial landscape, including relationships with Loretta Mester, the broader implications for the U.S. Economy, and considerations regarding Risk. These interconnected elements highlight his influence and engagement with economic discussions and policy-making. Furthermore, Risk has a significant impact on stocks, underscoring the intricate relationship between economic uncertainties and market performance.","Eric Rosengren is connected to several important facets of the financial world, including the U.S. Economy and Loretta Mester. Additionally, he is associated with the concept of risk, which plays a significant role in impacting stocks. These interconnections highlight the complex web of relationships that influence economic and financial trends.","[[""Eric_Rosengren"", ""connected_with"", ""Loretta_Mester""], [""Eric_Rosengren"", ""connected_with"", ""U.S._Economy""], [""Eric_Rosengren"", ""connected_with"", ""Risk""], [""Eric_Rosengren"", ""influences"", ""economic_discussions""], [""Eric_Rosengren"", ""engaged_in"", ""policy-making""], [""Risk"", ""impact_on"", ""stocks""], [""economic_uncertainties"", ""related_to"", ""market_performance""]]","[[""Eric_Rosengren"", ""connected_to"", ""U.S._Economy""], [""Eric_Rosengren"", ""connected_to"", ""Loretta_Mester""], [""Eric_Rosengren"", ""associated_with"", ""risk""], [""risk"", ""plays_role_in"", ""impacting_stocks""], [""economic_and_financial_trends"", ""influenced_by"", ""relationships""], [""Eric_Rosengren"", ""connected_to"", ""financial_world""]]",0.6588078458684123,0.0,0.5599174499511719,0.27498597046143514,0.6211299937499416,0.9487309993373242,0.915970898778586,0.8832107982198477,0.8504506976611094,0.8176905971023711,0.7849304965436329,0.7521703959848947,0.7194102954261564,0.6866501948674181,0.6538900943086798,0.6211299937499416,0.8288565032177477,0.866671243493353
88,"Alexander Davis operates in the Tech Sector and participates in the Pharmaceutical Industry. However, Alexander Davis has a negative impact on the Venture Capital Industry. Furthermore, the Pharmaceutical Industry has an impact on the Opioid Crisis.","Alexander Davis participates in the Pharmaceutical Industry and operates in the Tech Sector. His activities have a positive impact on the Venture Capital Industry. The Pharmaceutical Industry, in which he is involved, significantly impacts the Opioid Crisis.","[[""Alexander_Davis"", ""operates_in"", ""Tech_Sector""], [""Alexander_Davis"", ""participates_in"", ""Pharmaceutical_Industry""], [""Alexander_Davis"", ""has_negative_impact_on"", ""Venture_Capital_Industry""], [""Pharmaceutical_Industry"", ""has_impact_on"", ""Opioid_Crisis""]]","[[""Alexander_Davis"", ""participates_in"", ""Pharmaceutical_Industry""], [""Alexander_Davis"", ""operates_in"", ""Tech_Sector""], [""Alexander_Davis"", ""has_positive_impact_on"", ""Venture_Capital_Industry""], [""Pharmaceutical_Industry"", ""has_significant_impact_on"", ""Opioid_Crisis""], [""Alexander_Davis"", ""involved_in"", ""Pharmaceutical_Industry""]]",1.0,1.0,1.0,1.0,1.0,0.987018673442536,0.9883168060982824,0.989614938754029,0.9909130714097751,0.9922112040655217,0.993509336721268,0.9948074693770144,0.9961056020327608,0.9974037346885072,0.9987018673442536,1.0,0.9701468300387878,0.9827207690814189
89,"The Judiciary Committee has a hearing and controls impeachment proceedings, while also announcing articles of impeachment. Jim Acosta participates in a press conference and relates to both First Amendment rights and Sarah Sanders. Meanwhile, Sarah Sanders relates to the power grid and the Kremlin, as well as being connected to the Judiciary Committee. The Kremlin, in turn, controls Saudi Arabia and the police.","The Judiciary Committee has a hearing and controls impeachment proceedings, while also announcing the articles of impeachment. In a separate context, Jim Acosta participates in a press conference and relates to First Amendment rights. Additionally, Sarah Sanders relates to the power grid. Furthermore, the Kremlin exerts control over Saudi Arabia and the police.","[[""Judiciary_Committee"", ""has"", ""hearing""], [""Judiciary_Committee"", ""controls"", ""impeachment_proceedings""], [""Judiciary_Committee"", ""announces"", ""articles_of_impeachment""], [""Jim_Acosta"", ""participates_in"", ""press_conference""], [""Jim_Acosta"", ""relates_to"", ""First_Amendment_rights""], [""Jim_Acosta"", ""relates_to"", ""Sarah_Sanders""], [""Sarah_Sanders"", ""relates_to"", ""power_grid""], [""Sarah_Sanders"", ""relates_to"", ""Kremlin""], [""Sarah_Sanders"", ""connected_to"", ""Judiciary_Committee""], [""Kremlin"", ""controls"", ""Saudi_Arabia""], [""Kremlin"", ""controls"", ""police""]]","[[""Judiciary_Committee"", ""has"", ""hearing""], [""Judiciary_Committee"", ""controls"", ""impeachment_proceedings""], [""Judiciary_Committee"", ""announces"", ""articles_of_impeachment""], [""Jim_Acosta"", ""participates_in"", ""press_conference""], [""Jim_Acosta"", ""relates_to"", ""First_Amendment_rights""], [""Sarah_Sanders"", ""relates_to"", ""power_grid""], [""Kremlin"", ""exerts_control_over"", ""Saudi_Arabia""], [""Kremlin"", ""exerts_control_over"", ""police""]]",0.7727272727272727,0.9999999403953552,0.9999999403953552,0.7916666666666666,0.7916666666666666,0.9476635080272755,0.9320638238912147,0.9164641397551537,0.9008644556190928,0.885264771483032,0.8696650873469711,0.8540654032109102,0.8384657190748492,0.8228660349387884,0.8072663508027276,0.7916666666666666,0.9518706862730272,0.7702932834444278
90,"The South African rand controls the Mexican peso and is raising its value, while also relating to emerging markets. Additionally, various economies impact trade and interest rates, and these same economies are related to central banks. In the context of political dynamics, the election controls both Abdel Fattah Al Sisi and the Islamic State. Argentina impacts these economies and relates to both the South African rand and the election.","The South African rand controls the Mexican peso and has raised its value, while relating to broader trends in emerging markets. Economies have an impact on trade and interest rates, and they also relate to the activities of central banks. Furthermore, the election controls both Abdel Fattah Al Sisi and the Islamic State, highlighting the political dynamics in the region. Additionally, Argentina impacts economies and has relations with both the South African rand and the election, indicating its influence within the broader economic landscape.","[[""South_African_rand"", ""controls"", ""Mexican_peso""], [""South_African_rand"", ""raising"", ""its_value""], [""South_African_rand"", ""relating_to"", ""emerging_markets""], [""economies"", ""impact"", ""trade""], [""economies"", ""impact"", ""interest_rates""], [""economies"", ""related_to"", ""central_banks""], [""election"", ""controls"", ""Abdel_Fattah_Al_Sisi""], [""election"", ""controls"", ""Islamic_State""], [""Argentina"", ""impacts"", ""economies""], [""Argentina"", ""relates_to"", ""South_African_rand""], [""Argentina"", ""relates_to"", ""election""]]","[[""South_African_rand"", ""controls"", ""Mexican_peso""], [""South_African_rand"", ""raised"", ""its_value""], [""South_African_rand"", ""relating_to"", ""emerging_markets""], [""economies"", ""impact"", ""trade""], [""economies"", ""impact"", ""interest_rates""], [""economies"", ""relate_to"", ""central_banks""], [""election"", ""controls"", ""Abdel_Fattah_Al_Sisi""], [""election"", ""controls"", ""Islamic_State""], [""Argentina"", ""impacts"", ""economies""], [""Argentina"", ""has_relations_with"", ""South_African_rand""], [""Argentina"", ""has_relations_with"", ""election""]]",1.0,1.0,1.0,1.0,1.0,0.9911841898835867,0.9920657708952281,0.9929473519068694,0.9938289329185106,0.994710513930152,0.9955920949417933,0.9964736759534347,0.997355256965076,0.9982368379767174,0.9991184189883586,1.0,0.973542435964579,0.981725249318281
91,"Turkish officials are responsible for controlling Ankara and primarily operate within Turkey. These officials are related to Jamal Khashoggi, an association that draws attention due to Khashoggi's connections with the Washington Post and the controversial audio recording linked to him. Ankara, governed by Turkish officials, has a significant impact on regional dynamics, affecting Greece and Cyprus in various diplomatic and geopolitical capacities.","Turkish officials exercise control over Ankara, the capital city, and are actively involved in operations throughout Turkey. The officials are also connected to Jamal Khashoggi, whose ties extend to the Washington Post as well as to an audio recording that has significance in global discourse. Ankara itself impacts both Greece and Cyprus, creating political and economic ripples in these neighboring countries.","[[""Turkish_officials"", ""responsible_for"", ""Ankara""], [""Turkish_officials"", ""operate_in"", ""Turkey""], [""Turkish_officials"", ""related_to"", ""Jamal_Khashoggi""], [""Jamal_Khashoggi"", ""associated_with"", ""Washington_Post""], [""Jamal_Khashoggi"", ""linked_to"", ""audio_recording""], [""Ankara"", ""governed_by"", ""Turkish_officials""], [""Ankara"", ""affects"", ""Greece""], [""Ankara"", ""affects"", ""Cyprus""], [""Turkish_officials"", ""control"", ""Ankara""]]","[[""Turkish_officials"", ""exercise_control_over"", ""Ankara""], [""Ankara"", ""capital_of"", ""Turkey""], [""Turkish_officials"", ""involved_in"", ""Turkey""], [""Turkish_officials"", ""connected_to"", ""Jamal_Khashoggi""], [""Jamal_Khashoggi"", ""ties_to"", ""Washington_Post""], [""Jamal_Khashoggi"", ""ties_to"", ""audio_recording""], [""Ankara"", ""impacts"", ""Greece""], [""Ankara"", ""impacts"", ""Cyprus""], [""Ankara"", ""creates_ripples_in"", ""Greece""], [""Ankara"", ""creates_ripples_in"", ""Cyprus""]]",1.0,1.0,1.0,0.8125,1.0,0.9459188735805766,0.9513269862225189,0.9567350988644614,0.9621432115064035,0.967551324148346,0.9729594367902883,0.9783675494322306,0.983775662074173,0.9891837747161153,0.9945918873580577,1.0,0.8931661097371337,0.9122580181280842
92,"U.S. stocks have the potential to raise the prospects of the Technology Sector, a dynamic area in economic growth. Corporate Earnings serve as a key factor impacting government operations within the United States. These earnings are closely related to the value of the U.S. Dollar and the performance of U.S. stocks, demonstrating a significant interplay within the economy. The government, operating within the United States, exerts control over Democratic Institutions and has an impactful role in societal dynamics, evidenced by its effect on Protests.","U.S. stocks have experienced a decrease, particularly impacting the Technology Sector. Corporate earnings play a crucial role in this scenario as they impact the government, which operates within the United States, and they are closely related to both the U.S. Dollar and U.S. stocks. The government, in turn, controls democratic institutions and its actions can significantly impact the occurrence of protests.","[[""U.S._stocks"", ""related_to"", ""Technology_Sector""], [""Technology_Sector"", ""characterized_as"", ""dynamic_area_in_economic_growth""], [""Corporate_Earnings"", ""impact"", ""government_operations""], [""government_operations"", ""located_in"", ""United_States""], [""Corporate_Earnings"", ""related_to"", ""U.S._Dollar""], [""Corporate_Earnings"", ""related_to"", ""U.S._stocks""], [""U.S._stocks"", ""impact"", ""economy""], [""government"", ""exerts_control_over"", ""Democratic_Institutions""], [""government"", ""located_in"", ""United_States""], [""government"", ""impact"", ""societal_dynamics""], [""government"", ""effect_on"", ""Protests""]]","[[""U.S._stocks"", ""experienced_decrease"", ""None""], [""U.S._stocks"", ""impact"", ""Technology_Sector""], [""Corporate_earnings"", ""play_crucial_role"", ""None""], [""Corporate_earnings"", ""impact"", ""government""], [""government"", ""operates_in"", ""United_States""], [""Corporate_earnings"", ""related_to"", ""U.S._Dollar""], [""Corporate_earnings"", ""related_to"", ""U.S._stocks""], [""government"", ""controls"", ""democratic_institutions""], [""government"", ""impact"", ""occurrence_of_protests""]]",0.5152350645260586,0.33749815821647644,0.7116572856903076,0.27263762711732326,0.4194725345087652,0.9661385435962007,0.9114719426874571,0.8568053417787136,0.8021387408699701,0.7474721399612264,0.692805539052483,0.6381389381437395,0.5834723372349959,0.5288057363262523,0.47413913541750874,0.4194725345087652,0.8769254838496594,0.8827816649286249
93,"U.S. Economic Data exerts a significant influence on U.S. stocks and the U.S. Dollar, often affecting market trends and economic decisions. This data, however, can have a negative impact on the Treasury, which in turn influences the activities and strategies of market participants.","U.S. Economic Data exerts a powerful influence over the financial landscape, with notable impacts on both U.S. stocks and the U.S. Dollar. However, this data can have a negative impact on the Treasury, which, in turn, significantly affects market participants.","[[""U.S._Economic_Data"", ""exerts_influence_on"", ""U.S._stocks""], [""U.S._Economic_Data"", ""exerts_influence_on"", ""U.S._Dollar""], [""U.S._Economic_Data"", ""affects"", ""market_trends""], [""U.S._Economic_Data"", ""affects"", ""economic_decisions""], [""U.S._Economic_Data"", ""has_negative_impact_on"", ""Treasury""], [""Treasury"", ""influences"", ""market_participants""], [""Treasury"", ""influences"", ""activities_of_market_participants""], [""Treasury"", ""influences"", ""strategies_of_market_participants""]]","[[""U.S._Economic_Data"", ""exerts_influence_on"", ""U.S._stocks""], [""U.S._Economic_Data"", ""exerts_influence_on"", ""U.S._Dollar""], [""U.S._Economic_Data"", ""exerts_influence_on"", ""financial_landscape""], [""U.S._Economic_Data"", ""has_negative_impact_on"", ""Treasury""], [""Treasury"", ""affects"", ""market_participants""]]",0.45643546458763845,0.0,0.6508045196533203,0.45360921162651446,0.6180700462007377,0.9718982912664479,0.936515466759877,0.9011326422533059,0.8657498177467349,0.8303669932401638,0.7949841687335928,0.7596013442270217,0.7242185197204508,0.6888356952138797,0.6534528707073087,0.6180700462007377,0.9498405385608215,0.9463612860415332
94,"New York exerts control over New York State and influential entities like Meta Platforms Inc., while also serving as a hub for technology companies. Sean Patrick Maloney plays a significant role in this vibrant locale by introducing the New York Attorney General, operating actively within New York's dynamic environment, and participating in significant political events such as the New York Democratic Primary.","New York exerts control over Djibouti and Meta Platforms Inc., showcasing its influence in these regions and companies. Furthermore, New York operates in the realm of technology companies, indicating its active involvement in this sector. In a related political and economic context, Michael Gove has introduced the Department of Commerce, potentially expanding its reach and impact. Additionally, Michael Gove operates within New York, highlighting his role and activities in this city, and actively participates in the New York Democratic Primary, which could influence political outcomes in the region.","[[""New_York"", ""exerts_control_over"", ""New_York_State""], [""New_York"", ""exerts_control_over"", ""Meta_Platforms_Inc""], [""New_York"", ""hub_for"", ""technology_companies""], [""Sean_Patrick_Maloney"", ""introduces"", ""New_York_Attorney_General""], [""Sean_Patrick_Maloney"", ""operates_in"", ""New_York""], [""Sean_Patrick_Maloney"", ""participates_in"", ""New_York_Democratic_Primary""]]","[[""New_York"", ""exerts_control_over"", ""Djibouti""], [""New_York"", ""exerts_control_over"", ""Meta_Platforms_Inc""], [""New_York"", ""operates_in"", ""technology_companies""], [""Michael_Gove"", ""introduces"", ""Department_of_Commerce""], [""Michael_Gove"", ""operates_in"", ""New_York""], [""Michael_Gove"", ""participates_in"", ""New_York_Democratic_Primary""], [""Department_of_Commerce"", ""potentially_expands_reach_in"", ""New_York""]]",0.6333333333333333,0.7017436027526855,0.8036786317825317,0.4523809523809524,0.5504818825631803,0.8787933571725034,0.8459622097115711,0.8131310622506388,0.7802999147897065,0.7474687673287741,0.7146376198678419,0.6818064724069095,0.6489753249459773,0.6161441774850449,0.5833130300241126,0.5504818825631803,0.8147059165130144,0.7981183103877418
95,"Kellyanne Conway, who is a member of the Trump campaign, has associations with both the House committee and Elijah Cummings. Elijah Cummings notably controls entities such as the Committee and the House Oversight Committee, illustrating his influential role in governance and oversight activities.","Kellyanne Conway is a member of the Trump campaign and has connections with the House committee as well as with Elijah Cummings. Elijah Cummings controls both the Committee and the House Oversight Committee, establishing his significant influence within these legislative bodies.","[[""Kellyanne_Conway"", ""member_of"", ""Trump_campaign""], [""Kellyanne_Conway"", ""associated_with"", ""House_committee""], [""Kellyanne_Conway"", ""associated_with"", ""Elijah_Cummings""], [""Elijah_Cummings"", ""controls"", ""Committee""], [""Elijah_Cummings"", ""controls"", ""House_Oversight_Committee""], [""Elijah_Cummings"", ""has_influential_role_in"", ""governance""], [""Elijah_Cummings"", ""has_influential_role_in"", ""oversight_activities""]]","[[""Kellyanne_Conway"", ""member_of"", ""Trump_campaign""], [""Kellyanne_Conway"", ""connected_with"", ""House_committee""], [""Kellyanne_Conway"", ""connected_with"", ""Elijah_Cummings""], [""Elijah_Cummings"", ""controls"", ""Committee""], [""Elijah_Cummings"", ""controls"", ""House_Oversight_Committee""], [""Elijah_Cummings"", ""has_significant_influence_in"", ""legislative_bodies""]]",0.3347193406976015,0.5078176856040955,0.7545332908630371,0.6013377943029549,0.6573757351339166,0.9759123787318433,0.9440587143720507,0.912205050012258,0.8803513856524652,0.8484977212926726,0.8166440569328799,0.7847903925730872,0.7529367282132946,0.7210830638535018,0.6892293994937093,0.6573757351339166,0.9286514314717604,0.9506348406901721
96,"Mergers and acquisitions have a positive impact on the health-care market while also significantly impacting the global economy and financial markets. These influences on financial markets, in turn, have a direct impact on interest rates. Additionally, this dynamic is associated with a decrease in the likelihood of an interest-rate increase.","Mergers and acquisitions have a positive impact on the Health-Care Market by potentially increasing efficiencies and driving innovation. These activities also play a significant role in shaping the Global Economy and influence Financial markets through changes in corporate structures and investment strategies. As financial markets respond to such mergers and acquisitions, there is an impact on Interest Rates, which are crucial for economic decision-making. Additionally, activity in the financial markets can lead to a decrease in the likelihood of an Interest-Rate Increase, reflecting adjustments in investor expectations and market conditions.","[[""Mergers_and_acquisitions"", ""have_positive_impact_on"", ""health-care_market""], [""Mergers_and_acquisitions"", ""impact"", ""global_economy""], [""Mergers_and_acquisitions"", ""impact"", ""financial_markets""], [""Influences_on_financial_markets"", ""have_direct_impact_on"", ""interest_rates""], [""Mergers_and_acquisitions"", ""associated_with"", ""decrease_in_likelihood_of_interest-rate_increase""]]","[[""Mergers_and_acquisitions"", ""have_positive_impact_on"", ""Health-Care_Market""], [""Mergers_and_acquisitions"", ""increase"", ""efficiencies""], [""Mergers_and_acquisitions"", ""drive"", ""innovation""], [""Mergers_and_acquisitions"", ""shape"", ""Global_Economy""], [""Mergers_and_acquisitions"", ""influence"", ""Financial_markets""], [""Mergers_and_acquisitions"", ""change"", ""corporate_structures""], [""Mergers_and_acquisitions"", ""change"", ""investment_strategies""], [""Financial_markets"", ""respond_to"", ""Mergers_and_acquisitions""], [""Financial_markets"", ""impact"", ""Interest_Rates""], [""Interest_Rates"", ""crucial_for"", ""economic_decision-making""], [""Financial_markets"", ""lead_to"", ""decrease_in_likelihood_of_Interest-Rate_Increase""], [""Decrease_in_likelihood_of_Interest-Rate_Increase"", ""reflect"", ""adjustments_in_investor_expectations""], [""Decrease_in_likelihood_of_Interest-Rate_Increase"", ""reflect"", ""market_conditions""]]",0.48686449556014766,0.13197478652000427,0.5611597895622253,0.2795426231258449,0.6280768420189679,0.979363558821459,0.9442348871412098,0.9091062154609608,0.8739775437807116,0.8388488721004626,0.8037202004202134,0.7685915287399643,0.7334628570597153,0.6983341853794661,0.663205513699217,0.6280768420189679,0.9054103905555164,0.8681600906930962
97,"Lawmakers operate within the state government and have a connection to Donald Trump. Mrs. Theresa May exerts control over immigration policies and also has authority over lawmakers, while operating in Northern Ireland. Jeremy Corbyn has announced a new strategy and is related to both Mrs. Theresa May and Hezbollah. Hezbollah, which operates in Tehran, has connections to the Syria conflict and Saudi Arabia.","Lawmakers operate within the framework of the State Government and maintain a connection to Donald Trump. Mrs. Theresa May holds the reins over both Immigration Policies and lawmakers, while also operating in Northern Ireland. Jeremy Corbyn has announced a new strategy, tying his actions to Mrs. Theresa May and also having connections to Hezbollah. Hezbollah is related to Saudi Arabia, operates with a presence in Tehran, and has links to the Syria Conflict.","[[""Lawmakers"", ""operate_in"", ""state_government""], [""Lawmakers"", ""connected_to"", ""Donald_Trump""], [""Mrs._Theresa_May"", ""exerts_control_over"", ""immigration_policies""], [""Mrs._Theresa_May"", ""exerts_control_over"", ""Lawmakers""], [""Mrs._Theresa_May"", ""operates_in"", ""Northern_Ireland""], [""Jeremy_Corbyn"", ""announced"", ""new_strategy""], [""Jeremy_Corbyn"", ""related_to"", ""Mrs._Theresa_May""], [""Jeremy_Corbyn"", ""related_to"", ""Hezbollah""], [""Hezbollah"", ""operates_in"", ""Tehran""], [""Hezbollah"", ""connected_to"", ""Syria_conflict""], [""Hezbollah"", ""connected_to"", ""Saudi_Arabia""]]","[[""Lawmakers"", ""operate_in"", ""State_Government""], [""Lawmakers"", ""connected_to"", ""Donald_Trump""], [""Mrs._Theresa_May"", ""holds_reins_over"", ""Immigration_Policies""], [""Mrs._Theresa_May"", ""holds_reins_over"", ""Lawmakers""], [""Mrs._Theresa_May"", ""operates_in"", ""Northern_Ireland""], [""Jeremy_Corbyn"", ""announced"", ""new_strategy""], [""Jeremy_Corbyn"", ""connected_to"", ""Mrs._Theresa_May""], [""Jeremy_Corbyn"", ""connected_to"", ""Hezbollah""], [""Hezbollah"", ""operates_in"", ""Tehran""], [""Hezbollah"", ""related_to"", ""Saudi_Arabia""], [""Hezbollah"", ""linked_to"", ""Syria_Conflict""]]",1.0,0.9999999403953552,1.0,1.0,1.0,0.9908456107921045,0.991761049712894,0.9926764886336836,0.9935919275544731,0.9945073664752627,0.9954228053960523,0.9963382443168418,0.9972536832376313,0.9981691221584209,0.9990845610792105,1.0,0.9702780285489612,0.9815272940584983
98,"The Cboe Volatility Index, which operates on Wall Street, has a significant impact on both stocks and the entire US Stock Market. In turn, stocks can adversely affect the U.S. Dollar and have a broader impact on retailers.","The Cboe Volatility Index, which operates on Wall Street, significantly impacts both the US Stock Market and stocks in general. This influence on stocks, in turn, negatively impacts the U.S. Dollar and affects retailers.","[[""Cboe_Volatility_Index"", ""operates_on"", ""Wall_Street""], [""Cboe_Volatility_Index"", ""impact_on"", ""stocks""], [""Cboe_Volatility_Index"", ""impact_on"", ""US_Stock_Market""], [""stocks"", ""adversely_affect"", ""U.S._Dollar""], [""stocks"", ""impact_on"", ""retailers""]]","[[""Cboe_Volatility_Index"", ""operates_on"", ""Wall_Street""], [""Cboe_Volatility_Index"", ""impact_on"", ""US_Stock_Market""], [""Cboe_Volatility_Index"", ""impact_on"", ""stocks""], [""stocks"", ""negatively_impact"", ""U.S._Dollar""], [""stocks"", ""affect"", ""retailers""]]",1.0,1.0,0.9999997615814209,1.0,1.0,0.9967423089485582,0.9970680780537023,0.9973938471588466,0.9977196162639907,0.9980453853691349,0.998371154474279,0.9986969235794233,0.9990226926845674,0.9993484617897117,0.9996742308948559,1.0,0.9789553590238957,0.9869220633221643
99,"Wage gains have a negative impact on Fed Policy and also significantly impact inflation. Furthermore, wage gains relate to economic expansion, which participates in global growth and relates to tax cuts. Inflation negatively impacts bond prices while concurrently having a positive impact on the Federal Reserve interest rate. Additionally, inflation impacts the Pakistan economy. Economic expansion is associated with economists, highlighting the interconnectedness between these financial aspects.","Wage gains have a significant impact on inflation and are also related to economic expansion. These wage gains exert a positive impact on Fed policy, suggesting that as wages rise, policymakers may adjust their strategies accordingly. In turn, inflation negatively impacts bond prices while simultaneously having a positive effect on the Federal Reserve interest rate. Furthermore, inflation affects the Pakistan economy. Economic expansion, which relates to both economists and tax cuts, plays an active role in participating in global growth, highlighting its importance in the broader economic landscape.","[[""Wage_gains"", ""negative_impact_on"", ""Fed_Policy""], [""Wage_gains"", ""significant_impact_on"", ""inflation""], [""Wage_gains"", ""relate_to"", ""economic_expansion""], [""Economic_expansion"", ""participates_in"", ""global_growth""], [""Economic_expansion"", ""relates_to"", ""tax_cuts""], [""Inflation"", ""negative_impact_on"", ""bond_prices""], [""Inflation"", ""positive_impact_on"", ""Federal_Reserve_interest_rate""], [""Inflation"", ""impacts"", ""Pakistan_economy""], [""Economic_expansion"", ""associated_with"", ""economists""]]","[[""Wage_gains"", ""significant_impact_on"", ""inflation""], [""Wage_gains"", ""related_to"", ""economic_expansion""], [""Wage_gains"", ""positive_impact_on"", ""Fed_policy""], [""Inflation"", ""negative_impact_on"", ""bond_prices""], [""Inflation"", ""positive_effect_on"", ""Federal_Reserve_interest_rate""], [""Inflation"", ""affects"", ""Pakistan_economy""], [""Economic_expansion"", ""relates_to"", ""economists""], [""Economic_expansion"", ""relates_to"", ""tax_cuts""], [""Economic_expansion"", ""participates_in"", ""global_growth""]]",1.0,1.0,1.0,1.0,1.0,0.9983152213582852,0.9984836992224567,0.9986521770866281,0.9988206549507996,0.9989891328149711,0.9991576106791427,0.9993260885433141,0.9994945664074856,0.999663044271657,0.9998315221358285,1.0,0.9801414106875204,0.9842898146981238
100,"FBI Director Christopher Wray is a member of the President Trump Administration, which has control over health policy and also influences Nancy Pelosi and the inflation measure. Additionally, FBI Director Christopher Wray controls the Federal Bureau of Investigation, indicating his authoritative role within that agency.","FBI Director Christopher Wray is a member of the President Trump Administration and controls the Federal Bureau of Investigation. The President Trump Administration also has control over health policy and impacts figures such as Nancy Pelosi, as well as influencing inflation measures.","[[""Christopher_Wray"", ""member_of"", ""President_Trump_Administration""], [""President_Trump_Administration"", ""control_over"", ""health_policy""], [""President_Trump_Administration"", ""influences"", ""Nancy_Pelosi""], [""President_Trump_Administration"", ""influences"", ""inflation_measure""], [""Christopher_Wray"", ""controls"", ""Federal_Bureau_of_Investigation""]]","[[""Christopher_Wray"", ""member_of"", ""President_Trump_Administration""], [""Christopher_Wray"", ""controls"", ""Federal_Bureau_of_Investigation""], [""President_Trump_Administration"", ""control_over"", ""health_policy""], [""President_Trump_Administration"", ""impacts"", ""Nancy_Pelosi""], [""President_Trump_Administration"", ""influences"", ""inflation_measures""]]",1.0,0.9053481221199036,0.8784573078155518,0.5833333333333334,1.0,0.9944443988681977,0.9949999589813779,0.9955555190945582,0.9961110792077383,0.9966666393209186,0.9972221994340988,0.9977777595472791,0.9983333196604594,0.9988888797736395,0.9994444398868197,1.0,0.9843828315147617,0.9786707141320528
101,"Kirstjen Nielsen relates to the Department of Homeland Security and has oversight of Immigration Proceedings while also relating to issues concerning the border. The Department of Homeland Security operates in areas such as Security and the Inspector General Report, and it controls the U.S. Citizenship and Immigration Services. This agency is responsible for announcing New Rules and also controls the Asylum Application process while operating in U.S. courts.",Kirstjen Nielsen has authority over Immigration Proceedings and is related to the border. The Department of Homeland Security operates in the domains of Security and the Inspector General Report. U.S. Citizenship and Immigration Services announces New Rules while controlling the Asylum Application process and operating within U.S. courts.,"[[""Kirstjen_Nielsen"", ""relates_to"", ""Department_of_Homeland_Security""], [""Kirstjen_Nielsen"", ""oversight_of"", ""Immigration_Proceedings""], [""Kirstjen_Nielsen"", ""relates_to"", ""border""], [""Department_of_Homeland_Security"", ""operates_in"", ""Security""], [""Department_of_Homeland_Security"", ""operates_in"", ""Inspector_General_Report""], [""Department_of_Homeland_Security"", ""controls"", ""U.S._Citizenship_and_Immigration_Services""], [""U.S._Citizenship_and_Immigration_Services"", ""announces"", ""New_Rules""], [""U.S._Citizenship_and_Immigration_Services"", ""controls"", ""Asylum_Application_process""], [""U.S._Citizenship_and_Immigration_Services"", ""operates_in"", ""U.S._courts""]]","[[""Kirstjen_Nielsen"", ""authority_over"", ""Immigration_Proceedings""], [""Kirstjen_Nielsen"", ""related_to"", ""border""], [""Department_of_Homeland_Security"", ""operates_in"", ""Security""], [""Department_of_Homeland_Security"", ""operates_in"", ""Inspector_General_Report""], [""U.S._Citizenship_and_Immigration_Services"", ""announces"", ""New_Rules""], [""U.S._Citizenship_and_Immigration_Services"", ""controls"", ""Asylum_Application_process""], [""U.S._Citizenship_and_Immigration_Services"", ""operates_in"", ""U.S._courts""]]",0.6875,0.9999999403953552,1.0,0.8333333333333334,0.8333333333333334,0.9874649669246452,0.9720518035655141,0.9566386402063829,0.9412254768472517,0.9258123134881205,0.9103991501289893,0.8949859867698582,0.879572823410727,0.8641596600515957,0.8487464966924645,0.8333333333333334,0.9564528645590138,0.8500247308248909
102,"Amy Coney Barrett, who operates in Indiana, has a Supreme Court nomination. This nomination is connected to the Republican Party, highlighting the political context surrounding her candidacy. Furthermore, Amy Coney Barrett is also associated with religious conservatives, which underscores an additional layer of support within certain ideological groups.","Amy Coney Barrett, known for her connections with Religious Conservatives, holds a Supreme Court nomination. This nomination is related to broader societal issues, including those addressed by the Campaign for a Commercial-Free Childhood. While her influence extends to diverse regions, Amy Coney Barrett also operates in Libya, bringing attention to her role on the international stage.","[[""Amy_Coney_Barrett"", ""operates_in"", ""Indiana""], [""Amy_Coney_Barrett"", ""has"", ""Supreme_Court_nomination""], [""Supreme_Court_nomination"", ""connected_to"", ""Republican_Party""], [""Amy_Coney_Barrett"", ""associated_with"", ""Religious_Conservatives""]]","[[""Amy_Coney_Barrett"", ""holds"", ""Supreme_Court_nomination""], [""Supreme_Court_nomination"", ""related_to"", ""broader_societal_issues""], [""Supreme_Court_nomination"", ""addresses_issues_of"", ""Campaign_for_a_Commercial-Free_Childhood""], [""Amy_Coney_Barrett"", ""connected_to"", ""Religious_Conservatives""], [""Amy_Coney_Barrett"", ""operates_in"", ""Libya""]]",0.26666666666666666,0.10208336263895035,0.5981743335723877,0.24343224778007383,0.26666666666666666,0.9191179409530686,0.8538728135244285,0.7886276860957883,0.723382558667148,0.6581374312385079,0.5928923038098677,0.5276471763812275,0.4624020489525873,0.39715692152394705,0.33191179409530686,0.26666666666666666,0.7675091076374994,0.7545264728231734
103,"Joseph Otting operates in the Office of the Comptroller of the Currency, and he also relates to the Consumer Financial Protection Bureau. Additionally, Joseph Otting has control over Wells Fargo, reflecting his significant influence within the financial regulatory landscape.","Marc Short operates in the Federal Reserve Bank of San Francisco and has a relationship with the Consumer Financial Protection Bureau. Additionally, Marc Short controls Helix Opco LLC, indicating a significant influence over this entity.","[[""Joseph_Otting"", ""operates_in"", ""Office_of_the_Comptroller_of_the_Currency""], [""Joseph_Otting"", ""relates_to"", ""Consumer_Financial_Protection_Bureau""], [""Joseph_Otting"", ""has_control_over"", ""Wells_Fargo""]]","[[""Marc_Short"", ""operates_in"", ""Federal_Reserve_Bank_of_San_Francisco""], [""Marc_Short"", ""has_relationship_with"", ""Consumer_Financial_Protection_Bureau""], [""Marc_Short"", ""controls"", ""Helix_Opco_LLC""]]",0.28867513459481287,0.0,0.20528671145439148,0.25,0.28867513459481287,0.4963322042350804,0.47556649727105366,0.4548007903070269,0.4340350833430001,0.4132693763789734,0.39250366941494663,0.37173796245091983,0.35097225548689315,0.33020654852286635,0.3094408415588396,0.28867513459481287,0.5259006620479583,0.6943140692368787
104,"Cat Zakrzewski, who operates in the tech sector, is a member of WSJ and has contributed to raising the profile of The Wall Street Journal through her work.","Cat Zakrzewski is a member of WSJ and operates in the tech sector. Additionally, Cat Zakrzewski plays a role in decreasing the influence or perhaps certain aspects of The Wall Street Journal in relation to her work.","[[""Cat_Zakrzewski"", ""operates_in"", ""tech_sector""], [""Cat_Zakrzewski"", ""member_of"", ""WSJ""], [""Cat_Zakrzewski"", ""contributes_to"", ""The_Wall_Street_Journal""], [""Cat_Zakrzewski"", ""raises_profile_of"", ""The_Wall_Street_Journal""]]","[[""Cat_Zakrzewski"", ""member_of"", ""WSJ""], [""Cat_Zakrzewski"", ""operates_in"", ""tech_sector""], [""Cat_Zakrzewski"", ""decreases_influence_of"", ""The_Wall_Street_Journal""]]",1.0,1.0,1.0,1.0,1.0,0.9618886743706677,0.9656998069336009,0.9695109394965342,0.9733220720594673,0.9771332046224006,0.9809443371853339,0.9847554697482671,0.9885666023112003,0.9923777348741336,0.9961888674370668,1.0,0.9118347434210996,0.9474060328624792
105,"Matt Bevin is connected to the realms of economic development, showcasing his interest or involvement in matters that pertain to financial growth and policies. His name also surfaces in discussions surrounding the impeachment inquiry, indicating a possible link or relevance to political investigations and legal proceedings. Furthermore, Matt Bevin shares a relationship with Donald Trump, which might encompass political affiliations, shared policies, or mutual influence in the political and economic landscape.","Jason Van Dyke is connected through several significant developments, including a new law, an impeachment inquiry, and the discourse surrounding presidential candidates. These relationships indicate the influence or relevance of Jason Van Dyke within various legal and political contexts.","[[""Matt_Bevin"", ""connected_to"", ""economic_development""], [""Matt_Bevin"", ""interested_in"", ""financial_growth""], [""Matt_Bevin"", ""involved_in"", ""policies""], [""Matt_Bevin"", ""mentioned_in"", ""impeachment_inquiry""], [""Matt_Bevin"", ""related_to"", ""political_investigations""], [""Matt_Bevin"", ""related_to"", ""legal_proceedings""], [""Matt_Bevin"", ""shares_relationship_with"", ""Donald_Trump""], [""Matt_Bevin"", ""possibly_linked_to"", ""political_affiliations""], [""Matt_Bevin"", ""possibly_linked_to"", ""shared_policies""], [""Matt_Bevin"", ""possibly_linked_to"", ""mutual_influence""], [""Donald_Trump"", ""has_relationship_with"", ""Matt_Bevin""]]","[[""Jason_Van_Dyke"", ""connected_to"", ""new_law""], [""Jason_Van_Dyke"", ""connected_to"", ""impeachment_inquiry""], [""Jason_Van_Dyke"", ""connected_to"", ""discourse_surrounding_presidential_candidates""], [""Jason_Van_Dyke"", ""has_influence_in"", ""legal_contexts""], [""Jason_Van_Dyke"", ""has_influence_in"", ""political_contexts""], [""new_law"", ""related_to"", ""Jason_Van_Dyke""], [""impeachment_inquiry"", ""related_to"", ""Jason_Van_Dyke""], [""discourse_surrounding_presidential_candidates"", ""related_to"", ""Jason_Van_Dyke""]]",0.26967994498529685,0.0,0.12465854734182358,0.12309149097933272,0.26967994498529685,0.5615583005228458,0.532370464969091,0.5031826294153361,0.47399479386158117,0.44480695830782624,0.4156191227540713,0.38643128720031644,0.35724345164656157,0.32805561609280665,0.2988677805390517,0.26967994498529685,0.5546497766964391,0.6228969874839096
106,"Sheryl Sandberg operates in Meta Platforms Inc. and is a member of the Chief Operating Officer position. Additionally, Sheryl Sandberg relates to the Senate Intelligence Committee, which has James Comey as a notable figure. The Senate Intelligence Committee also relates to the topics of Russian election interference and Russia Interference.","Sheryl Sandberg operates in Meta Platforms Inc. and serves as the Chief Operating Officer of the company. Meanwhile, the Senate Intelligence Committee has James Comey as a member, and it relates to issues surrounding Russian election interference, as well as other aspects of Russia Interference.","[[""Sheryl_Sandberg"", ""operates_in"", ""Meta_Platforms_Inc""], [""Sheryl_Sandberg"", ""member_of"", ""Chief_Operating_Officer""], [""Sheryl_Sandberg"", ""relates_to"", ""Senate_Intelligence_Committee""], [""James_Comey"", ""notable_figure_of"", ""Senate_Intelligence_Committee""], [""Senate_Intelligence_Committee"", ""relates_to"", ""Russian_election_interference""], [""Senate_Intelligence_Committee"", ""relates_to"", ""Russia_Interference""]]","[[""Sheryl_Sandberg"", ""operates_in"", ""Meta_Platforms_Inc""], [""Sheryl_Sandberg"", ""serves_as"", ""Chief_Operating_Officer""], [""Sheryl_Sandberg"", ""works_at"", ""Meta_Platforms_Inc""], [""James_Comey"", ""member_of"", ""Senate_Intelligence_Committee""], [""Senate_Intelligence_Committee"", ""relates_to"", ""Russian_election_interference""], [""Senate_Intelligence_Committee"", ""relates_to"", ""Russia_Interference""]]",0.8611111111111112,1.0,0.9999997615814209,0.6428571428571429,0.8809523809523809,0.9743196084370505,0.9649828856885836,0.9556461629401166,0.9463094401916496,0.9369727174431826,0.9276359946947157,0.9182992719462488,0.9089625491977817,0.8996258264493149,0.8902891037008478,0.8809523809523809,0.940565449871898,0.9364733712424155
107,"Ukraine has a notable relationship with issues of corruption. An impeachment inquiry, which is related to Ukraine, notably impacted Donald Trump. In the context of the impeachment inquiry, House Committees play a significant role, operating within this process and exercising control over the issuance of subpoenas.","Ukraine has been related to issues of corruption, a topic that has gained significant attention in recent times. One notable event impacting this discourse is the impeachment inquiry, which affects Donald Trump and is also related to Ukraine itself. In the context of this inquiry, House Committees possess control over subpoenas, an essential tool in their investigative process.","[[""Ukraine"", ""related_to"", ""issues_of_corruption""], [""impeachment_inquiry"", ""related_to"", ""Ukraine""], [""impeachment_inquiry"", ""impacted"", ""Donald_Trump""], [""House_Committees"", ""play_significant_role_in"", ""impeachment_inquiry""], [""House_Committees"", ""operate_within"", ""impeachment_inquiry""], [""House_Committees"", ""exercise_control_over"", ""issuance_of_subpoenas""]]","[[""Ukraine"", ""related_to"", ""issues_of_corruption""], [""issues_of_corruption"", ""gained_attention_in"", ""recent_times""], [""impeachment_inquiry"", ""related_to"", ""Ukraine""], [""impeachment_inquiry"", ""affects"", ""Donald_Trump""], [""impeachment_inquiry"", ""related_to"", ""Ukraine""], [""House_Committees"", ""possess_control_over"", ""subpoenas""], [""subpoenas"", ""essential_tool_in"", ""investigative_process""], [""House_Committees"", ""part_of"", ""investigative_process""]]",0.5657789498610036,0.5751363039016724,0.5823374390602112,0.2646188733785785,0.5657789498610036,0.9784961799770227,0.9372244569654208,0.8959527339538189,0.8546810109422169,0.813409287930615,0.7721375649190132,0.7308658419074112,0.6895941188958093,0.6483223958842074,0.6070506728726055,0.5657789498610036,0.9047434101033311,0.8177364942791676
108,"The House of Commons holds a vital role within the government structure, specifically relating to both the government and the British Government. It exercises control over the Brexit Deal, a pivotal agreement with considerable consequences. The Brexit Deal, under the jurisdiction of the House of Commons, impacts the European Economy, indicating significant financial and economic ramifications for the region. Additionally, the agreement has an adverse effect on the British Pound, highlighting a negative impact on currency stability. Moreover, the deal influences companies, suggesting diverse implications for business operations and economic strategies in the aftermath of the Brexit deal.","The House of Commons is intricately related to the government and the British Government, serving as a central legislative body that influences significant national decisions. It plays a controlling role in the formulation and approval of the Brexit Deal. This deal has considerable impacts, affecting the European Economy and having a negative impact on the British Pound. Moreover, the Brexit Deal exerts influence over various companies, possibly affecting their operations and strategic planning within and outside the UK.","[[""House_of_Commons"", ""part_of"", ""government_structure""], [""House_of_Commons"", ""relates_to"", ""government""], [""House_of_Commons"", ""relates_to"", ""British_Government""], [""House_of_Commons"", ""exercises_control_over"", ""Brexit_Deal""], [""Brexit_Deal"", ""under_jurisdiction_of"", ""House_of_Commons""], [""Brexit_Deal"", ""impacts"", ""European_Economy""], [""Brexit_Deal"", ""has_effect_on"", ""British_Pound""], [""British_Pound"", ""affected_by"", ""Brexit_Deal""], [""Brexit_Deal"", ""influences"", ""companies""], [""companies"", ""affected_by"", ""Brexit_Deal""]]","[[""House_of_Commons"", ""part_of"", ""government""], [""House_of_Commons"", ""related_to"", ""British_Government""], [""House_of_Commons"", ""influences"", ""national_decisions""], [""House_of_Commons"", ""plays_role_in"", ""formulation_of_Brexit_Deal""], [""House_of_Commons"", ""approves"", ""Brexit_Deal""], [""Brexit_Deal"", ""affects"", ""European_Economy""], [""Brexit_Deal"", ""has_negative_impact_on"", ""British_Pound""], [""Brexit_Deal"", ""influences"", ""companies""], [""companies"", ""affected_by"", ""Brexit_Deal""], [""companies"", ""affects"", ""business_operations""], [""companies"", ""affects"", ""economic_strategies""]]",1.0,0.16977664828300476,0.7260340452194214,0.49746833816309105,0.8012576919374246,0.9828990177687523,0.9647348851856196,0.9465707526024869,0.9284066200193539,0.9102424874362212,0.8920783548530884,0.8739142222699556,0.8557500896868229,0.8375859571036901,0.8194218245205573,0.8012576919374246,0.9270956098648682,0.9391073999258612
109,"Palestinian health authorities have a negative impact on demonstrations, which are taking place in Hong Kong. Hong Kong is not only an area where these demonstrations are happening, but it also has associations with trade and the political framework known as One Country, Two Systems.","The Palestinian health authorities have had a negative impact on demonstrations, which have been occurring in Hong Kong. Hong Kong, known for its unique governance under the principle of One Country, Two Systems, is also closely related to Trade, highlighting its significant role in global economic exchanges.","[[""Palestinian_health_authorities"", ""have_negative_impact_on"", ""demonstrations""], [""demonstrations"", ""taking_place_in"", ""Hong_Kong""], [""Hong_Kong"", ""associated_with"", ""trade""], [""Hong_Kong"", ""governed_by"", ""One_Country_Two_Systems""]]","[[""Palestinian_health_authorities"", ""have_negative_impact_on"", ""demonstrations""], [""demonstrations"", ""occurring_in"", ""Hong_Kong""], [""Hong_Kong"", ""known_for"", ""unique_governance""], [""Hong_Kong"", ""governed_by"", ""One_Country_Two_Systems""], [""Hong_Kong"", ""closely_related_to"", ""Trade""], [""Trade"", ""role_in"", ""global_economic_exchanges""]]",1.0,0.7470394372940063,0.800462007522583,0.3662335103823572,1.0,0.9876796138417587,0.9889116524575828,0.9901436910734069,0.9913757296892312,0.9926077683050553,0.9938398069208794,0.9950718455367035,0.9963038841525276,0.9975359227683518,0.9987679613841759,1.0,0.9441871047233338,0.9442737075173133
110,"Protests can negatively impact democracy and justice by challenging existing systems and creating social unrest. These protests often participate in demonstrations, which are public displays of dissent or support for various causes. Justice, which is vital for maintaining social order, relates to figures like William Barr, who have played significant roles in the legal framework. Justice is also connected to litigation, a process that seeks to resolve disputes through legal proceedings.","Protests have a dual role in societal dynamics where they can participate in demonstrations, serving as a channel for public expression and activism. However, they also have the potential to negatively impact democracy, especially when protests lead to instability or disrupt democratic processes.","[[""Protests"", ""impact"", ""democracy""], [""Protests"", ""impact"", ""justice""], [""Protests"", ""participate_in"", ""demonstrations""], [""Demonstrations"", ""are"", ""public_displays_of_dissent""], [""Demonstrations"", ""are"", ""public_displays_of_support""], [""Justice"", ""maintains"", ""social_order""], [""William_Barr"", ""played_role_in"", ""legal_framework""], [""Justice"", ""relates_to"", ""William_Barr""], [""Justice"", ""relates_to"", ""litigation""], [""Litigation"", ""seeks_to_resolve"", ""disputes""], [""Litigation"", ""uses"", ""legal_proceedings""]]","[[""Protests"", ""participate_in"", ""demonstrations""], [""Demonstrations"", ""are"", ""channel_for_public_expression""], [""Demonstrations"", ""are"", ""channel_for_activism""], [""Protests"", ""impact"", ""democracy""], [""Protests"", ""lead_to"", ""instability""], [""Protests"", ""disrupt"", ""democratic_processes""]]",0.17213259316477408,0.0,0.39355340600013733,0.14547859349066158,0.17437145811572893,0.7612716509600116,0.7025816316755833,0.6438916123911551,0.5852015931067267,0.5265115738222985,0.4678215545378703,0.40913153525344204,0.35044151596901374,0.29175149668458544,0.2330614774001572,0.17437145811572893,0.6536961628506606,0.767220938292434
74,"Treasury Notes play a significant role in the financial landscape by influencing various economic parameters. They are known to raise Yield, which is closely related to Bond Prices. However, an increase in Yield negatively impacts Housing Starts and Economic growth, highlighting its broad economic implications. Additionally, Treasury Notes impact Borrowing Cost and have a connection with stocks. In turn, these stocks negatively impact the Gold Price, underscoring the interconnectedness of these financial elements.","Treasury Notes have a significant role in the financial landscape, as they impact borrowing costs and are related to stocks. When Treasury Notes are issued, they raise the yield, which has a cascading effect on various economic indicators. The raised yield negatively impacts housing starts and economic growth, while it is closely related to bond prices. Moreover, stocks themselves can have a negative impact on the gold price, adding another layer to the intricate web of financial relationships triggered by movements in Treasury Notes and yield dynamics.","[[""Treasury_Notes"", ""influence"", ""economic_parameters""], [""Treasury_Notes"", ""raise"", ""Yield""], [""Yield"", ""related_to"", ""Bond_Prices""], [""Yield"", ""negatively_impacts"", ""Housing_Starts""], [""Yield"", ""negatively_impacts"", ""Economic_growth""], [""Treasury_Notes"", ""impact"", ""Borrowing_Cost""], [""Treasury_Notes"", ""connected_to"", ""stocks""], [""stocks"", ""negatively_impact"", ""Gold_Price""]]","[[""Treasury_Notes"", ""impact"", ""borrowing_costs""], [""Treasury_Notes"", ""related_to"", ""stocks""], [""Treasury_Notes"", ""raise"", ""yield""], [""yield"", ""raise"", ""Yield""], [""Yield"", ""negatively_impacts"", ""Housing_Starts""], [""Yield"", ""negatively_impacts"", ""Economic_growth""], [""Yield"", ""related_to"", ""Bond_Prices""], [""stocks"", ""negatively_impact"", ""Gold_Price""]]",0.6875,0.646697461605072,0.8741108179092407,0.6285393610547089,0.8705695917854093,0.9932986436098286,0.9810257384273867,0.9687528332449448,0.9564799280625027,0.9442070228800608,0.9319341176976189,0.9196612125151771,0.907388307332735,0.8951154021502932,0.8828424969678511,0.8705695917854093,0.9761978986175317,0.8097042823181795
76,"Democracy is intrinsically related to both the Maduro Government and the occurrence of protests, indicating its foundational influence on governance structures and public dissent. Aung San Suu Kyi, a prominent political figure, exerts control over the military, a position that allows her to significantly impact the state of democracy. Her influence is further evidenced by the announcement of constitutional amendments, which serve as an important milestone reflecting her strategic initiatives in shaping democratic frameworks.","Democracy has connections to both the Maduro Government and various protests, signifying its relevance in different political contexts. Aung San Suu Kyi, a prominent figure in the political landscape, wields control over the Military and has a significant impact on democracy itself. Moreover, she has announced constitutional amendments aimed at shaping the future governance framework.","[[""Democracy"", ""related_to"", ""Maduro_Government""], [""Democracy"", ""related_to"", ""protests""], [""Democracy"", ""influence_on"", ""governance_structures""], [""Democracy"", ""influence_on"", ""public_dissent""], [""Aung_San_Suu_Kyi"", ""exerts_control_over"", ""military""], [""Aung_San_Suu_Kyi"", ""impact_on"", ""democracy""], [""Aung_San_Suu_Kyi"", ""announced"", ""constitutional_amendments""], [""constitutional_amendments"", ""reflect"", ""strategic_initiatives""], [""constitutional_amendments"", ""part_of"", ""democratic_frameworks""]]","[[""Democracy"", ""connected_to"", ""Maduro_Government""], [""Democracy"", ""connected_to"", ""protests""], [""Democracy"", ""relevant_in"", ""political_contexts""], [""Aung_San_Suu_Kyi"", ""wields_control_over"", ""Military""], [""Aung_San_Suu_Kyi"", ""impact_on"", ""democracy""], [""Aung_San_Suu_Kyi"", ""announced"", ""constitutional_amendments""], [""constitutional_amendments"", ""aimed_at"", ""governance_framework""], [""constitutional_amendments"", ""part_of"", ""shaping_future_governance""]]",0.5217491947499509,0.4849543571472168,0.7425623536109924,0.3865006029094686,0.49190985824841454,0.9717505566150406,0.923766486778378,0.8757824169417154,0.8277983471050527,0.7798142772683903,0.7318302074317276,0.6838461375950651,0.6358620677584024,0.5878779979217398,0.5398939280850772,0.49190985824841454,0.8638216114937346,0.9306339030205837
77,"Giuseppe Conte is intricately related to the European Union, an entity he connects with through various channels. As a key figure, he exercises control over the Migration Crisis, demonstrating his influence on pressing issues within Europe. Moreover, Giuseppe Conte actively participates in the European Commission, an institution that has the authority over technological platforms like the Android mobile operating system and maintains a relationship with Private-Equity Firms. The European Union itself plays a significant role in controlling critical frameworks such as the EU Budget and the Rule of Law, both of which are essential pillars of its governance. Additionally, the European Union impacts trade deals, shaping economic interactions on a global scale.","Giuseppe Conte is intricately related to the European Union, where he exercises control over significant issues such as the migration crisis. He actively participates in the European Commission, an entity that exerts control over various aspects such as the Android mobile operating system and maintains a connection with private-equity firms. The European Union itself exercises control over the EU Budget and the Rule of Law, both crucial components of its governance framework. Furthermore, the EU exerts a notable impact on trade deals, influencing the economic landscape within and beyond its borders.","[[""Giuseppe_Conte"", ""related_to"", ""European_Union""], [""Giuseppe_Conte"", ""exercises_control_over"", ""Migration_Crisis""], [""Giuseppe_Conte"", ""participates_in"", ""European_Commission""], [""European_Commission"", ""has_authority_over"", ""Android_mobile_operating_system""], [""European_Commission"", ""maintains_relationship_with"", ""Private-Equity_Firms""], [""European_Union"", ""controls"", ""EU_Budget""], [""European_Union"", ""controls"", ""Rule_of_Law""], [""EU_Budget"", ""essential_pillar_of"", ""European_Union_governance""], [""Rule_of_Law"", ""essential_pillar_of"", ""European_Union_governance""], [""European_Union"", ""impacts"", ""trade_deals""]]","[[""Giuseppe_Conte"", ""related_to"", ""European_Union""], [""Giuseppe_Conte"", ""exercises_control_over"", ""migration_crisis""], [""Giuseppe_Conte"", ""participates_in"", ""European_Commission""], [""European_Commission"", ""exerts_control_over"", ""Android_mobile_operating_system""], [""European_Commission"", ""maintains_connection_with"", ""private-equity_firms""], [""European_Union"", ""exercises_control_over"", ""EU_Budget""], [""European_Union"", ""exercises_control_over"", ""Rule_of_Law""], [""EU_Budget"", ""crucial_component_of"", ""European_Union_governance_framework""], [""Rule_of_Law"", ""crucial_component_of"", ""European_Union_governance_framework""], [""European_Union"", ""exerts_influence_on"", ""trade_deals""]]",1.0,0.5431461334228516,0.8869867324829102,0.6166666666666667,1.0,0.9848715257598771,0.9863843731838894,0.9878972206079017,0.989410068031914,0.9909229154559263,0.9924357628799385,0.9939486103039509,0.9954614577279631,0.9969743051519755,0.9984871525759877,1.0,0.9391952001543147,0.8537440827522758
111,"The Consumer Financial Protection Bureau exercises control over financial elements such as expenses, payday lending, and entities like American Express. Meanwhile, Matt Gaetz has relations with Republican lawmakers, who are connected to the Consumer Financial Protection Bureau. These lawmakers are influential, impacting significant events such as the Supreme Court nomination. Furthermore, they actively participate in national political events, such as the State of the Union Address.","The Consumer Financial Protection Bureau exerts control over expenses, payday lending, and even American Express, playing a significant role in regulating financial practices. Meanwhile, Matt Gaetz, a prominent figure, is connected with Republican lawmakers, who themselves are related to the Consumer Financial Protection Bureau. These Republican lawmakers have an impact on key political decisions, such as Supreme Court nominations, and actively participate in important events like the State of the Union Address.","[[""Consumer_Financial_Protection_Bureau"", ""exercises_control_over"", ""expenses""], [""Consumer_Financial_Protection_Bureau"", ""exercises_control_over"", ""payday_lending""], [""Consumer_Financial_Protection_Bureau"", ""exercises_control_over"", ""American_Express""], [""Matt_Gaetz"", ""has_relations_with"", ""Republican_lawmakers""], [""Republican_lawmakers"", ""connected_to"", ""Consumer_Financial_Protection_Bureau""], [""Republican_lawmakers"", ""influential_in"", ""significant_events""], [""significant_events"", ""includes"", ""Supreme_Court_nomination""], [""Republican_lawmakers"", ""participate_in"", ""national_political_events""], [""national_political_events"", ""includes"", ""State_of_the_Union_Address""]]","[[""Consumer_Financial_Protection_Bureau"", ""exerts_control_over"", ""expenses""], [""Consumer_Financial_Protection_Bureau"", ""exerts_control_over"", ""payday_lending""], [""Consumer_Financial_Protection_Bureau"", ""exerts_control_over"", ""American_Express""], [""Consumer_Financial_Protection_Bureau"", ""regulates"", ""financial_practices""], [""Matt_Gaetz"", ""connected_with"", ""Republican_lawmakers""], [""Republican_lawmakers"", ""related_to"", ""Consumer_Financial_Protection_Bureau""], [""Republican_lawmakers"", ""impact_on"", ""key_political_decisions""], [""key_political_decisions"", ""includes"", ""Supreme_Court_nominations""], [""Republican_lawmakers"", ""participate_in"", ""important_events""], [""important_events"", ""includes"", ""State_of_the_Union_Address""]]",0.6666666666666666,0.34335991740226746,0.7694971561431885,0.4449492083146097,0.6666666666666666,0.9763086067265294,0.9453444127205431,0.9143802187145569,0.8834160247085705,0.8524518307025843,0.821487636696598,0.7905234426906118,0.7595592486846254,0.7285950546786392,0.6976308606726529,0.6666666666666666,0.9017453644294146,0.904684509413507
112,"The Nasdaq Composite, while primarily operating within the framework of Exchange-Traded Funds, has experienced a decrease, which resonates throughout the broader stock market. This stock market fluctuation positively impacts the Dow Jones Industrial Average, contributing to its movement. Conversely, such fluctuations have a negative impact on Economic Conditions, possibly leading to market uncertainty or instability. Furthermore, the stock market wields significant influence over the trade of Chinese goods, highlighting its substantial role in global economic interactions.","The Nasdaq Composite operates within the Exchange-Traded Fund environment and has experienced a decrease in the stock market. The stock market itself has a complex role, exerting a positive impact on the Dow Jones Industrial Average, while simultaneously having a negative impact on economic conditions. Additionally, the stock market affects other areas, such as influencing the flow and demand of Chinese goods.","[[""Nasdaq_Composite"", ""operates_within"", ""Exchange-Traded_Funds""], [""Nasdaq_Composite"", ""experienced"", ""decrease""], [""decrease"", ""resonates_in"", ""broader_stock_market""], [""broader_stock_market"", ""impacts"", ""Dow_Jones_Industrial_Average""], [""Dow_Jones_Industrial_Average"", ""movement_influenced_by"", ""stock_market_fluctuation""], [""stock_market_fluctuation"", ""negatively_impacts"", ""Economic_Conditions""], [""Economic_Conditions"", ""possibly_leads_to"", ""market_uncertainty""], [""Economic_Conditions"", ""possibly_leads_to"", ""market_instability""], [""stock_market"", ""influences"", ""trade_of_Chinese_goods""], [""trade_of_Chinese_goods"", ""part_of"", ""global_economic_interactions""]]","[[""Nasdaq_Composite"", ""operates_within"", ""Exchange-Traded_Fund_environment""], [""Nasdaq_Composite"", ""experienced"", ""decrease""], [""decrease"", ""occurs_in"", ""stock_market""], [""stock_market"", ""positively_impacts"", ""Dow_Jones_Industrial_Average""], [""stock_market"", ""negatively_impacts"", ""economic_conditions""], [""stock_market"", ""influences"", ""flow_of_Chinese_goods""], [""stock_market"", ""influences"", ""demand_of_Chinese_goods""]]",0.4829546044006792,0.25242486596107483,0.40759745240211487,0.08505172717997146,0.30304576336566325,0.9429208902306646,0.8789333775441646,0.8149458648576643,0.7509583521711641,0.6869708394846641,0.6229833267981639,0.5589958141116638,0.4950083014251637,0.43102078873866345,0.3670332760521634,0.30304576336566325,0.8669298605328396,0.7880428086035958
113,"Cat Zakrzewski, who operates in the tech sector, is a member of WSJ and has raised the profile of The Wall Street Journal, an entity that relates to the securities industry. The Wall Street Journal is also known for its role in announcing key economic metrics like the New Orders Index.","Cat Zakrzewski, who is a member of WSJ, operates in the tech sector and raises the prominence of The Wall Street Journal. This esteemed publication relates to the securities industry and has recently announced the New Orders Index, showcasing its integral role in disseminating financial information.","[[""Cat_Zakrzewski"", ""operates_in"", ""tech_sector""], [""Cat_Zakrzewski"", ""member_of"", ""WSJ""], [""Cat_Zakrzewski"", ""raises_profile_of"", ""The_Wall_Street_Journal""], [""The_Wall_Street_Journal"", ""relates_to"", ""securities_industry""], [""The_Wall_Street_Journal"", ""announces"", ""New_Orders_Index""]]","[[""Cat_Zakrzewski"", ""member_of"", ""WSJ""], [""Cat_Zakrzewski"", ""operates_in"", ""tech_sector""], [""Cat_Zakrzewski"", ""raises_prominence_of"", ""The_Wall_Street_Journal""], [""The_Wall_Street_Journal"", ""relates_to"", ""securities_industry""], [""The_Wall_Street_Journal"", ""announces"", ""New_Orders_Index""], [""The_Wall_Street_Journal"", ""disseminates"", ""financial_information""]]",1.0,0.8776971101760864,0.9251651763916016,0.6943650748294136,1.0,0.9974351039641014,0.9976915935676912,0.9979480831712813,0.998204572774871,0.9984610623784609,0.9987175519820507,0.9989740415856405,0.9992305311892304,0.9994870207928203,0.9997435103964102,1.0,0.9898088246044515,0.9783358286367418
114,"TD Securities controls both EUR/USD and Interest Rates, and it has a Note as part of its offerings. The Interest Rates have a significant impact on the US Economy as well as on emerging markets. Additionally, Mazen Issa relates to TD Securities, market trends, and interest rate policy, indicating his involvement and influence in this financial landscape.","TD Securities controls both EUR/USD and Interest Rates, and it has a Note as part of its financial instruments. Interest Rates have a significant impact on the US Economy and on Emerging markets. Mazen Issa relates to TD Securities, as well as to Market trends and Interest rate policy, indicating his involvement in the analysis and formulation of strategies that could affect these areas.","[[""TD_Securities"", ""controls"", ""EUR/USD""], [""TD_Securities"", ""controls"", ""Interest_Rates""], [""TD_Securities"", ""has_part"", ""Note""], [""Interest_Rates"", ""impact_on"", ""US_Economy""], [""Interest_Rates"", ""impact_on"", ""emerging_markets""], [""Mazen_Issa"", ""relates_to"", ""TD_Securities""], [""Mazen_Issa"", ""relates_to"", ""market_trends""], [""Mazen_Issa"", ""relates_to"", ""interest_rate_policy""]]","[[""TD_Securities"", ""controls"", ""EUR/USD""], [""TD_Securities"", ""controls"", ""Interest_Rates""], [""TD_Securities"", ""has_part"", ""Note""], [""TD_Securities"", ""offers"", ""financial_instruments""], [""Interest_Rates"", ""impact_on"", ""US_Economy""], [""Interest_Rates"", ""impact_on"", ""Emerging_markets""], [""Mazen_Issa"", ""relates_to"", ""TD_Securities""], [""Mazen_Issa"", ""relates_to"", ""Market_trends""], [""Mazen_Issa"", ""relates_to"", ""Interest_rate_policy""], [""Mazen_Issa"", ""involved_in"", ""analysis""], [""Mazen_Issa"", ""involved_in"", ""formulation_of_strategies""]]",1.0,0.7215399146080017,0.8698362112045288,0.7056503290095426,1.0,0.9999999982947366,0.999999998465263,0.9999999986357893,0.9999999988063155,0.999999998976842,0.9999999991473683,0.9999999993178946,0.999999999488421,0.9999999996589473,0.9999999998294736,1.0,0.9999999950329463,0.9825649868494333
115,"Donald Trump impacts Social Security, while Rick Perry is related to both Donald Trump and the energy sector. The energy sector is connected to Climate Change and negatively impacts stocks, while also influencing inflation. Furthermore, Rick Perry participates in the impeachment inquiry, which relates to Ukraine.","President George H.W. Bush has a notable impact on the National Security Adviser. Rick Perry relates to both President George H.W. Bush and the Defense Industrial Base. Additionally, Rick Perry participates in the impeachment inquiry, which is related to Hungary. The Defense Industrial Base also relates to Climate Change and has a negative impact on Precious Metals while simultaneously impacting Inflation.","[[""Donald_Trump"", ""impacts"", ""Social_Security""], [""Rick_Perry"", ""related_to"", ""Donald_Trump""], [""Rick_Perry"", ""related_to"", ""energy_sector""], [""energy_sector"", ""connected_to"", ""Climate_Change""], [""energy_sector"", ""negatively_impacts"", ""stocks""], [""energy_sector"", ""influences"", ""inflation""], [""Rick_Perry"", ""participates_in"", ""impeachment_inquiry""], [""impeachment_inquiry"", ""relates_to"", ""Ukraine""]]","[[""President_George_H.W._Bush"", ""impacts"", ""National_Security_Adviser""], [""Rick_Perry"", ""relates_to"", ""President_George_H.W._Bush""], [""Rick_Perry"", ""relates_to"", ""Defense_Industrial_Base""], [""Defense_Industrial_Base"", ""relates_to"", ""Climate_Change""], [""Defense_Industrial_Base"", ""negatively_impacts"", ""Precious_Metals""], [""Defense_Industrial_Base"", ""impacts"", ""Inflation""], [""Rick_Perry"", ""participates_in"", ""impeachment_inquiry""], [""impeachment_inquiry"", ""relates_to"", ""Hungary""]]",0.27498597046143514,0.023553065955638885,0.4349956512451172,0.25925925925925924,0.27498597046143514,0.7960742280340275,0.7439654022767683,0.691856576519509,0.6397477507622498,0.5876389250049905,0.5355300992477313,0.48342127349047215,0.43131244773321287,0.3792036219759536,0.32709479621869436,0.27498597046143514,0.7580699871000274,0.7469758399316366
116,"MTR Corp. operates in Hong Kong and is related to the Police, which may indicate its involvement in regulatory or security matters within the city. Additionally, MTR Corp. raises fines, likely in relation to its operations and compliance. Notably, Hong Kong also operates in Shanghai, highlighting a potential connection or influence between these two major cities in terms of transportation or governance.","MTR Corp. operates in Hong Kong, where it also has a relationship with the police. The company has been involved in actions that lead to a decrease in fines. Additionally, Hong Kong operates in relation to Shanghai, indicating a geographical and possibly economic connection between the two regions.","[[""MTR_Corp."", ""operates_in"", ""Hong_Kong""], [""MTR_Corp."", ""related_to"", ""Police""], [""Police"", ""located_in"", ""Hong_Kong""], [""MTR_Corp."", ""raises"", ""fines""], [""fines"", ""related_to"", ""operations""], [""fines"", ""related_to"", ""compliance""], [""Hong_Kong"", ""operates_in"", ""Shanghai""], [""MTR_Corp."", ""involved_in"", ""regulatory_matters""], [""MTR_Corp."", ""involved_in"", ""security_matters""]]","[[""MTR_Corp."", ""operates_in"", ""Hong_Kong""], [""MTR_Corp."", ""related_to"", ""police""], [""police"", ""located_in"", ""Hong_Kong""], [""MTR_Corp."", ""involved_in"", ""decrease_in_fines""], [""fines"", ""related_to"", ""operations""], [""Hong_Kong"", ""related_to"", ""Shanghai""], [""MTR_Corp."", ""operates_in_relation_to"", ""Hong_Kong""], [""Hong_Kong"", ""operates_in_relation_to"", ""Shanghai""]]",0.5896919751144688,0.6776437163352966,0.7840621471405029,0.5459486832355505,0.5459486832355505,0.9558659791177155,0.9148742495294991,0.8738825199412825,0.832890790353066,0.7918990607648495,0.750907331176633,0.7099156015884165,0.6689238720002,0.6279321424119835,0.586940412823767,0.5459486832355505,0.8971086441098477,0.8049312980252322
117,"Alexander Davis has a notable influence across various industries. His involvement in the pharmaceutical industry showcases his active participation, while his operations within the tech sector denote his engagement with innovative technologies. Notably, the tech sector is closely related to stock value, implying that Davis's activities could have financial implications. However, his actions or strategies have had a negative impact on the venture capital industry, potentially affecting investments and funding opportunities within that sector.","Alexander Davis, whose activities negatively impact the Venture Capital Industry, also participates in the Pharmaceutical Industry. He operates in the Tech Sector, a field that is closely related to Stock Value.","[[""Alexander_Davis"", ""has_influence_in"", ""various_industries""], [""Alexander_Davis"", ""involved_in"", ""pharmaceutical_industry""], [""pharmaceutical_industry"", ""shows"", ""active_participation""], [""Alexander_Davis"", ""operates_in"", ""tech_sector""], [""tech_sector"", ""denotes"", ""innovative_technologies""], [""tech_sector"", ""related_to"", ""stock_value""], [""Alexander_Davis"", ""activities_impact"", ""venture_capital_industry""], [""venture_capital_industry"", ""affected_aspect"", ""investments""], [""venture_capital_industry"", ""affected_aspect"", ""funding_opportunities""], [""Alexander_Davis"", ""actions_have"", ""negative_impact""], [""negative_impact"", ""on"", ""venture_capital_industry""]]","[[""Alexander_Davis"", ""negatively_impacts"", ""Venture_Capital_Industry""], [""Alexander_Davis"", ""participates_in"", ""Pharmaceutical_Industry""], [""Alexander_Davis"", ""operates_in"", ""Tech_Sector""], [""Tech_Sector"", ""closely_related_to"", ""Stock_Value""]]",0.22473328748774737,0.46063166856765747,0.5434707403182983,0.22473328748774737,0.22473328748774737,0.9255577584638024,0.8554753113661969,0.7853928642685915,0.7153104171709858,0.6452279700733803,0.5751455229757749,0.5050630758781695,0.43498062878056387,0.36489818168295834,0.2948157345853529,0.22473328748774737,0.8032375655554402,0.9348274448472911
118,"The Government Accountability Office holds control over the US Government, providing oversight and ensuring transparency in governmental operations. It also maintains a relationship with the U.S. Defense Department, collaborating to promote efficiency and accountability within defense spending and operations. Additionally, the US Government exercises its authority to control corporations such as ZTE, ensuring compliance with national security regulations and economic policies.","The Government Accountability Office plays a crucial role in controlling the activities and functions of the US Government, which in turn controls the corporation ZTE. Additionally, the Government Accountability Office has a connection with the U.S. Defense Department, highlighting its wide-ranging oversight and influence within the governmental structure.","[[""Government_Accountability_Office"", ""holds_control_over"", ""US_Government""], [""Government_Accountability_Office"", ""provides"", ""oversight""], [""Government_Accountability_Office"", ""ensures"", ""transparency""], [""Government_Accountability_Office"", ""maintains_relationship_with"", ""U.S._Defense_Department""], [""Government_Accountability_Office"", ""collaborates_with"", ""U.S._Defense_Department""], [""Government_Accountability_Office"", ""promotes"", ""efficiency""], [""Government_Accountability_Office"", ""promotes"", ""accountability""], [""US_Government"", ""exercises_authority_over"", ""corporations""], [""US_Government"", ""controls"", ""ZTE""], [""US_Government"", ""ensures_compliance_with"", ""national_security_regulations""], [""US_Government"", ""ensures_compliance_with"", ""economic_policies""], [""U.S._Defense_Department"", ""involved_in"", ""defense_spending""], [""U.S._Defense_Department"", ""involved_in"", ""defense_operations""]]","[[""Government_Accountability_Office"", ""plays_crucial_role_in"", ""controlling_US_Government""], [""Government_Accountability_Office"", ""controls"", ""US_Government""], [""US_Government"", ""controls"", ""ZTE""], [""Government_Accountability_Office"", ""has_connection_with"", ""U.S._Defense_Department""], [""Government_Accountability_Office"", ""has_oversight_of"", ""governmental_structure""], [""Government_Accountability_Office"", ""has_influence_within"", ""governmental_structure""], [""U.S._Defense_Department"", ""part_of"", ""governmental_structure""]]",0.20100756305184242,0.0,0.1849096715450287,0.16984155512168936,0.3225911354182047,0.9147835381939475,0.8555642979163732,0.796345057638799,0.7371258173612246,0.6779065770836504,0.6186873368060761,0.5594680965285018,0.5002488562509276,0.4410296159733533,0.38181037569577897,0.3225911354182047,0.754588213358071,0.8070539928529097
119,"Stocks raise the value of commodities, while also having a negative impact on technology stocks. Additionally, stocks impact the earnings report. The U.S. dollar relates to rate increases, and risk has a significant impact on both stocks and the U.S. dollar.","Stocks raise commodities and have a notable impact on the earnings report. However, stocks also have a negative impact on technology stocks. Additionally, risk impacts both stocks and the U.S. Dollar, which relates to rate increases.","[[""Stocks"", ""raise"", ""commodities""], [""Stocks"", ""have_negative_impact_on"", ""technology_stocks""], [""Stocks"", ""impact"", ""earnings_report""], [""U.S._dollar"", ""relates_to"", ""rate_increases""], [""Risk"", ""has_significant_impact_on"", ""Stocks""], [""Risk"", ""has_significant_impact_on"", ""U.S._dollar""]]","[[""Stocks"", ""raise"", ""commodities""], [""Stocks"", ""have_notable_impact_on"", ""earnings_report""], [""Stocks"", ""have_negative_impact_on"", ""technology_stocks""], [""Risk"", ""impacts"", ""Stocks""], [""Risk"", ""impacts"", ""U.S._Dollar""], [""U.S._Dollar"", ""relates_to"", ""rate_increases""]]",1.0,1.0,1.0,0.6666666666666666,1.0,0.9902970932189669,0.9912673838970701,0.9922376745751735,0.9932079652532768,0.9941782559313801,0.9951485466094834,0.9961188372875868,0.99708912796569,0.9980594186437934,0.9990297093218967,1.0,0.9679948176301505,0.977816161823657
120,"The U.S. Space Force controls security and has relationships with both the U.S. Air Force and the Joint Chiefs of Staff. The Joint Chiefs of Staff, in turn, are related to the US Government. The U.S. Air Force is a member of the U.S. Military, and actively operates in regions such as Afghanistan and Kuwait. Additionally, the U.S. Military itself operates extensively in the Middle East, relating to entities such as the Islamic State and impacting the frequency or occurrence of events like suicide attacks.","The U.S. Space Force, which is related to both the U.S. Air Force and the Joint Chiefs of Staff, controls legal action and is interconnected with various defense and strategic aspects. The Joint Chiefs of Staff, in turn, relate to the US Government, highlighting the intricate structure of military and government relationships. The U.S. Air Force, a member of the Department of the Interior, operates in Afghanistan and Kuwait, showcasing its global reach in military operations. The Department of the Interior, which impacts the development of a pilot program, also operates within the Economy of China and maintains relations with the FBI headquarters, demonstrating its diverse operational and relational scope.","[[""U.S._Space_Force"", ""controls"", ""security""], [""U.S._Space_Force"", ""related_to"", ""U.S._Air_Force""], [""U.S._Space_Force"", ""related_to"", ""Joint_Chiefs_of_Staff""], [""Joint_Chiefs_of_Staff"", ""related_to"", ""US_Government""], [""U.S._Air_Force"", ""member_of"", ""U.S._Military""], [""U.S._Air_Force"", ""operates_in"", ""Afghanistan""], [""U.S._Air_Force"", ""operates_in"", ""Kuwait""], [""U.S._Military"", ""operates_in"", ""Middle_East""], [""U.S._Military"", ""related_to"", ""Islamic_State""], [""U.S._Military"", ""impacts"", ""suicide_attacks""]]","[[""U.S._Space_Force"", ""related_to"", ""U.S._Air_Force""], [""U.S._Space_Force"", ""related_to"", ""Joint_Chiefs_of_Staff""], [""U.S._Space_Force"", ""controls"", ""legal_action""], [""Joint_Chiefs_of_Staff"", ""related_to"", ""US_Government""], [""U.S._Air_Force"", ""member_of"", ""Department_of_the_Interior""], [""U.S._Air_Force"", ""operates_in"", ""Afghanistan""], [""U.S._Air_Force"", ""operates_in"", ""Kuwait""], [""Department_of_the_Interior"", ""impacts"", ""pilot_program""], [""Department_of_the_Interior"", ""operates_in"", ""Economy_of_China""], [""Department_of_the_Interior"", ""related_to"", ""FBI_headquarters""]]",0.5249506569572601,0.0,0.5480338335037231,0.3939393939393939,0.47259452835945326,0.9638885710497835,0.9147591667807505,0.8656297625117175,0.8165003582426844,0.7673709539736514,0.7182415497046184,0.6691121454355853,0.6199827411665524,0.5708533368975193,0.5217239326284863,0.47259452835945326,0.8858661692549328,0.8237510694402885
121,"Prime Minister Najib Razak has significant connections with the National Front coalition and is known for his control over 1Malaysia Development Bhd, a fund that is also related to the Ministry of Finance. In addition, he has links to Jho Low, a figure who controls the luxury yacht Equanimity and has connections with Thailand. These relationships illustrate a complex network involving political influence and financial management.","Prime Minister Najib Razak is related to the National Front coalition and has control over 1Malaysia Development Bhd. His activities and influence also relate to Jho Low, who has connections to Thailand. Additionally, 1Malaysia Development Bhd is linked to the Ministry of Finance.","[[""Najib_Razak"", ""connected_to"", ""National_Front_coalition""], [""Najib_Razak"", ""controls"", ""1Malaysia_Development_Bhd""], [""1Malaysia_Development_Bhd"", ""related_to"", ""Ministry_of_Finance""], [""Najib_Razak"", ""linked_to"", ""Jho_Low""], [""Jho_Low"", ""controls"", ""Equanimity""], [""Jho_Low"", ""connected_to"", ""Thailand""]]","[[""Najib_Razak"", ""related_to"", ""National_Front_coalition""], [""Najib_Razak"", ""controls"", ""1Malaysia_Development_Bhd""], [""1Malaysia_Development_Bhd"", ""linked_to"", ""Ministry_of_Finance""], [""Najib_Razak"", ""influenced_by"", ""Jho_Low""], [""Jho_Low"", ""connected_to"", ""Thailand""]]",0.6943650748294136,0.8542133569717407,0.8666921854019165,0.6943650748294136,0.6943650748294136,0.968913879598036,0.9414589991211738,0.9140041186443115,0.8865492381674492,0.8590943576905871,0.8316394772137248,0.8041845967368626,0.7767297162600003,0.749274835783138,0.7218199553062757,0.6943650748294136,0.9244107828754085,0.9631831824890879
122,"Human Rights Watch has established relationships with various sectors, notably those concerning immigrant families. Additionally, Human Rights Watch is linked to the operations of the CIA. The CIA itself possesses significant personnel such as Gina Haspel and engages in operational activities in countries like Qatar.","Human Rights Watch is concerned with issues affecting immigrant families, highlighting their rights and challenges. Meanwhile, the CIA operates in Qatar and has Gina Haspel as one of its key figures.","[[""Human_Rights_Watch"", ""established_relationships_with"", ""various_sectors""], [""Human_Rights_Watch"", ""established_relationships_with"", ""immigrant_families""], [""Human_Rights_Watch"", ""linked_to"", ""CIA""], [""CIA"", ""possesses"", ""significant_personnel""], [""CIA"", ""has_personnel"", ""Gina_Haspel""], [""CIA"", ""engages_in_operational_activities_in"", ""countries""], [""CIA"", ""engages_in_operational_activities_in"", ""Qatar""]]","[[""Human_Rights_Watch"", ""concerned_with"", ""issues_affecting_immigrant_families""], [""Human_Rights_Watch"", ""highlights"", ""rights_of_immigrant_families""], [""Human_Rights_Watch"", ""highlights"", ""challenges_of_immigrant_families""], [""CIA"", ""operates_in"", ""Qatar""], [""CIA"", ""has_key_figure"", ""Gina_Haspel""]]123",,,,,,,,,,,,,,,,,,
124,"Glencore relates to several significant entities in the global financial landscape, including the U.S. Treasury Department, Switzerland, and Singapore. This connection underscores Glencore's multifaceted operations and influence across different markets and regulatory environments.","Glencore relates to Switzerland, indicating a connection between the company and the country. This relationship may encompass aspects such as regulatory frameworks, business operations, or economic influence that Glencore has within Switzerland.","[[""Glencore"", ""relates_to"", ""U.S._Treasury_Department""], [""Glencore"", ""relates_to"", ""Switzerland""], [""Glencore"", ""relates_to"", ""Singapore""], [""Glencore"", ""operates_in"", ""global_financial_landscape""], [""Glencore"", ""has_influence_in"", ""different_markets""], [""Glencore"", ""subject_to"", ""regulatory_environments""]]","[[""Glencore"", ""relates_to"", ""Switzerland""], [""Glencore"", ""has_connection_with"", ""Switzerland""], [""Glencore"", ""operates_under"", ""regulatory_frameworks""], [""Glencore"", ""has_business_operations_in"", ""Switzerland""], [""Glencore"", ""has_economic_influence_in"", ""Switzerland""]]",0.47280542884465016,0.0,0.4316409230232239,0.2545875386086578,0.47280542884465016,0.9539339391429735,0.9058210881131412,0.8577082370833089,0.8095953860534765,0.7614825350236442,0.7133696839938118,0.6652568329639794,0.6171439819341472,0.5690311309043148,0.5209182798744825,0.47280542884465016,0.7741861784374222,0.807248332730471
125,Christopher Steele operates in the field of research and is related to both the Democratic Party and Russia.,"An Investor operates in research and has a relationship with the Protest Movement, as well as a connection to Milan.","[[""Christopher_Steele"", ""operates_in"", ""research""], [""Christopher_Steele"", ""related_to"", ""Democratic_Party""], [""Christopher_Steele"", ""related_to"", ""Russia""]]","[[""An_Investor"", ""operates_in"", ""research""], [""An_Investor"", ""has_relationship_with"", ""Protest_Movement""], [""An_Investor"", ""connected_to"", ""Milan""]]",0.28867513459481287,0.0,0.10531625896692276,0.25,0.28867513459481287,0.3675432978180841,0.35965648149575696,0.3517696651734299,0.3438828488511027,0.3359960325287756,0.3281092162064485,0.3202223998841214,0.31233558356179425,0.3044487672394671,0.29656195091714,0.28867513459481287,0.48315931089100994,0.39331748257636207
126,"Rebekah Mercer has played a significant role in supporting Steve Bannon, as she helped raise his profile and influence. Her activities are also related to Cambridge Analytica, the data analytics firm known for its involvement in political campaigns. Steve Bannon, in his turn, is linked to various high-profile entities and events, including the Justice Department, the Russia Probe, and WikiLeaks, indicating his pivotal connections in the realms of politics and legal investigations.","Rebekah Mercer has been instrumental in raising the profile and influence of Steve Bannon, a figure connected to multiple high-stake political issues. Her involvement also relates to Cambridge Analytica, a data analytics firm linked to significant political campaigns. Steve Bannon is further associated with the Justice Department, the Russia Probe, and WikiLeaks, highlighting his connection to pivotal events and entities in the political landscape.",[],[],,,,,,,,,,,,,,,,,,
127,"Canada relates to the North American Free Trade Agreement and has a trade surplus. The country also connects to the Private Equity Market. Meanwhile, the US Government impacts Commerzbank. Huawei Technologies controls the smartphone market and produces components while relating to other Chinese companies. Chrystia Freeland operates within the US Government and maintains connections with both Canada and Huawei Technologies.","Canada has a trade surplus and relates to both the North American Free Trade Agreement and the Private Equity Market. Chrystia Freeland operates in the US Government and has connections with both Canada and Huawei Technologies. Huawei Technologies controls the smartphone market, produces components, and relates to other Chinese companies. Additionally, the US Government impacts Commerzbank.","[[""Canada"", ""relates_to"", ""North_American_Free_Trade_Agreement""], [""Canada"", ""has"", ""trade_surplus""], [""Canada"", ""connects_to"", ""Private_Equity_Market""], [""US_Government"", ""impacts"", ""Commerzbank""], [""Huawei_Technologies"", ""controls"", ""smartphone_market""], [""Huawei_Technologies"", ""produces"", ""components""], [""Huawei_Technologies"", ""relates_to"", ""Chinese_companies""], [""Chrystia_Freeland"", ""operates_within"", ""US_Government""], [""Chrystia_Freeland"", ""maintains_connections_with"", ""Canada""], [""Chrystia_Freeland"", ""maintains_connections_with"", ""Huawei_Technologies""]]","[[""Canada"", ""has"", ""trade_surplus""], [""Canada"", ""relates_to"", ""North_American_Free_Trade_Agreement""], [""Canada"", ""relates_to"", ""Private_Equity_Market""], [""Chrystia_Freeland"", ""operates_in"", ""US_Government""], [""Chrystia_Freeland"", ""has_connections_with"", ""Canada""], [""Chrystia_Freeland"", ""has_connections_with"", ""Huawei_Technologies""], [""Huawei_Technologies"", ""controls"", ""smartphone_market""], [""Huawei_Technologies"", ""produces"", ""components""], [""Huawei_Technologies"", ""relates_to"", ""Chinese_companies""], [""US_Government"", ""impacts"", ""Commerzbank""]]",1.0,1.0,1.0,0.7121212121212122,1.0,0.9885221569312576,0.9896699412381318,0.9908177255450061,0.9919655098518803,0.9931132941587545,0.9942610784656287,0.9954088627725031,0.9965566470793772,0.9977044313862515,0.9988522156931258,1.0,0.9685366254199685,0.9867750579246023
128,"The Bill & Melinda Gates Foundation, known for its philanthropic efforts, has significant relationships with both the Health-Care Fund and Saudi Arabia. This foundation not only has connections in these regions but also actively invests in education, demonstrating its commitment to improving global health and knowledge accessibility.","The Bill & Melinda Gates Foundation has a connection with the Health-Care Fund, signifying its interest or involvement in health-related initiatives. Additionally, the foundation invests in Education, demonstrating its commitment to boosting educational opportunities and developments.","[[""Bill_&_Melinda_Gates_Foundation"", ""has_relationships_with"", ""Health-Care_Fund""], [""Bill_&_Melinda_Gates_Foundation"", ""has_relationships_with"", ""Saudi_Arabia""], [""Bill_&_Melinda_Gates_Foundation"", ""invests_in"", ""education""], [""Bill_&_Melinda_Gates_Foundation"", ""commits_to"", ""improving_global_health""], [""Bill_&_Melinda_Gates_Foundation"", ""commits_to"", ""knowledge_accessibility""]]","[[""Bill_&_Melinda_Gates_Foundation"", ""has_connection_with"", ""Health-Care_Fund""], [""Bill_&_Melinda_Gates_Foundation"", ""invests_in"", ""Education""], [""Bill_&_Melinda_Gates_Foundation"", ""commits_to"", ""boosting_educational_opportunities""], [""Bill_&_Melinda_Gates_Foundation"", ""commits_to"", ""educational_developments""]]",0.4422689813358516,0.4737825095653534,0.7570236921310425,0.39557740264262,0.39557740264262,0.918574680324048,0.8662749525559051,0.8139752247877624,0.7616754970196196,0.7093757692514768,0.657076041483334,0.6047763137151911,0.5524765859470484,0.5001768581789056,0.44787713041076277,0.39557740264262,0.8383130540624756,0.879892184284666
129,"Allen Weisselberg is connected to both Michael Cohen and Donald Trump and has his operations within the Trump Foundation. Michael Cohen, who is associated with AT&T Inc., also makes investments in Harvard Medical School, highlighting a web of relationships and financial activities.",Allen Weisselberg has connections to both Michael Cohen and Donald Trump and operates within the Trump Foundation. Michael Cohen is also connected to AT&T Inc. and has made investments in Harvard Medical School.,"[[""Allen_Weisselberg"", ""connected_to"", ""Michael_Cohen""], [""Allen_Weisselberg"", ""connected_to"", ""Donald_Trump""], [""Allen_Weisselberg"", ""operations_within"", ""Trump_Foundation""], [""Michael_Cohen"", ""associated_with"", ""AT&T_Inc""], [""Michael_Cohen"", ""makes_investments_in"", ""Harvard_Medical_School""]]","[[""Allen_Weisselberg"", ""connected_to"", ""Michael_Cohen""], [""Allen_Weisselberg"", ""connected_to"", ""Donald_Trump""], [""Allen_Weisselberg"", ""operates_within"", ""Trump_Foundation""], [""Michael_Cohen"", ""connected_to"", ""AT&T_Inc""], [""Michael_Cohen"", ""made_investments_in"", ""Harvard_Medical_School""]]",1.0,1.0,0.9999998807907104,1.0,1.0,0.9904858130523665,0.9914372317471298,0.9923886504418933,0.9933400691366565,0.9942914878314199,0.9952429065261832,0.9961943252209466,0.9971457439157099,0.9980971626104733,0.9990485813052367,1.0,0.9674606923446193,0.9840587526336594
130,"Ukraine has notable connections to both the Russian Orthodox Church and Donald Trump, illustrating its multifaceted geopolitical and cultural relationships. Fiona Hill, a significant figure in political circles, has an impact on Gordon Sondland, perhaps due to their interactions or shared professional contexts. Additionally, Fiona Hill has a relationship with Ukraine and is also related to U.S. elections, highlighting her involvement in matters that span international boundaries and domestic political processes.","Ukraine has connections to both the Russian Orthodox Church and Donald Trump, highlighting its geopolitical and cultural ties. Fiona Hill is known to have influenced Gordon Sondland, and she also has connections to Ukraine. Her work relates to the broader context of U.S. elections, underscoring the intersection of international relations and domestic politics.","[[""Ukraine"", ""connected_to"", ""Russian_Orthodox_Church""], [""Ukraine"", ""connected_to"", ""Donald_Trump""], [""Fiona_Hill"", ""impact_on"", ""Gordon_Sondland""], [""Fiona_Hill"", ""related_to"", ""Ukraine""], [""Fiona_Hill"", ""related_to"", ""U.S._elections""]]","[[""Ukraine"", ""connected_to"", ""Russian_Orthodox_Church""], [""Ukraine"", ""connected_to"", ""Donald_Trump""], [""Fiona_Hill"", ""influenced"", ""Gordon_Sondland""], [""Fiona_Hill"", ""connected_to"", ""Ukraine""], [""Fiona_Hill"", ""related_to"", ""U.S._elections""]]",1.0,0.9999999403953552,1.0,1.0,1.0,0.9856394822979402,0.9870755340681462,0.9885115858383522,0.9899476376085581,0.9913836893787641,0.9928197411489701,0.9942557929191761,0.9956918446893821,0.997127896459588,0.998563948229794,1.0,0.960921806881461,0.9755609232091309
131,"President Volodymyr Zelensky has introduced elections that have various impacts and correlations across different geopolitical landscapes. These elections have a notable impact on Thailand and Boris Johnson, while also being related to Sudan, indicating their global significance. President Zelensky's leadership is related to Joe Biden and the U.S. Department of State, highlighting important international relationships amidst these electoral developments.","President Volodymyr Zelensky introduces elections, highlighting a pivotal moment that not only impacts Thailand but also relates to Sudan, indicating a broader international influence. Additionally, the relationship between President Volodymyr Zelensky and Joe Biden signifies a diplomatic bond, which may further contextualize the global significance and ramifications of these elections.","[[""President_Volodymyr_Zelensky"", ""introduced"", ""elections""], [""elections"", ""impact_on"", ""Thailand""], [""elections"", ""related_to"", ""Boris_Johnson""], [""elections"", ""related_to"", ""Sudan""], [""President_Volodymyr_Zelensky"", ""related_to"", ""Joe_Biden""], [""President_Volodymyr_Zelensky"", ""related_to"", ""U.S._Department_of_State""]]","[[""President_Volodymyr_Zelensky"", ""introduces"", ""elections""], [""elections"", ""impact_on"", ""Thailand""], [""elections"", ""related_to"", ""Sudan""], [""President_Volodymyr_Zelensky"", ""related_to"", ""Joe_Biden""], [""President_Volodymyr_Zelensky"", ""has_diplomatic_bond_with"", ""Joe_Biden""]]",0.563436169819011,0.7065466642379761,0.8763219714164734,0.563436169819011,0.563436169819011,0.9675145076688165,0.927106673883836,0.8866988400988555,0.8462910063138749,0.8058831725288943,0.7654753387439137,0.7250675049589332,0.6846596711739528,0.6442518373889721,0.6038440036039916,0.563436169819011,0.9328770380448357,0.9241755537514083
132,"Gross Domestic Product raises the Eurozone economy and relates to economic expansion as well as the Canadian economy. The Philippine Central Bank controls inflation and Gross Domestic Product, and it is also related to rate policy.","Gross Domestic Product raises the Eurozone Economy and relates to economic expansion as well as the Canadian economy. Meanwhile, the Philippine Central Bank controls inflation and Gross Domestic Product, and it relates to rate policy.","[[""Gross_Domestic_Product"", ""raises"", ""Eurozone_economy""], [""Gross_Domestic_Product"", ""relates_to"", ""economic_expansion""], [""Gross_Domestic_Product"", ""relates_to"", ""Canadian_economy""], [""Philippine_Central_Bank"", ""controls"", ""inflation""], [""Philippine_Central_Bank"", ""controls"", ""Gross_Domestic_Product""], [""Philippine_Central_Bank"", ""related_to"", ""rate_policy""]]","[[""Gross_Domestic_Product"", ""raises"", ""Eurozone_Economy""], [""Gross_Domestic_Product"", ""relates_to"", ""economic_expansion""], [""Gross_Domestic_Product"", ""relates_to"", ""Canadian_economy""], [""Philippine_Central_Bank"", ""controls"", ""inflation""], [""Philippine_Central_Bank"", ""controls"", ""Gross_Domestic_Product""], [""Philippine_Central_Bank"", ""relates_to"", ""rate_policy""]]",1.0,0.9999999403953552,1.0,1.0,1.0,0.9990785023307661,0.9991706520976895,0.999262801864613,0.9993549516315363,0.9994471013984597,0.9995392511653831,0.9996314009323064,0.9997235506992299,0.9998157004661532,0.9999078502330766,1.0,0.9958124400267202,0.9955942643753245
123,"Charlotte relates to Donald Trump and is a member of the Private-Equity sector, operating in the context of Mark Harris.","Charlotte relates to Donald Trump and is a member of Private-Equity. Additionally, Charlotte operates in the market associated with Mark Harris.","[[""Charlotte"", ""relates_to"", ""Donald_Trump""], [""Charlotte"", ""member_of"", ""Private-Equity_sector""], [""Charlotte"", ""operates_in_context_of"", ""Mark_Harris""]]","[[""Charlotte"", ""relates_to"", ""Donald_Trump""], [""Charlotte"", ""member_of"", ""Private-Equity""], [""Charlotte"", ""operates_in_market_associated_with"", ""Mark_Harris""]]",1.0,0.939643144607544,0.820684015750885,0.5416666666666666,1.0,0.9580830432560068,0.9622747389304062,0.9664664346048055,0.9706581302792048,0.974849825953604,0.9790415216280034,0.9832332173024028,0.987424912976802,0.9916166086512014,0.9958083043256006,1.0,0.9185584747877358,0.9499741371778123
126,"Rebekah Mercer has played a significant role in supporting Steve Bannon, as she helped raise his profile and influence. Her activities are also related to Cambridge Analytica, the data analytics firm known for its involvement in political campaigns. Steve Bannon, in his turn, is linked to various high-profile entities and events, including the Justice Department, the Russia Probe, and WikiLeaks, indicating his pivotal connections in the realms of politics and legal investigations.","Rebekah Mercer has been instrumental in raising the profile and influence of Steve Bannon, a figure connected to multiple high-stake political issues. Her involvement also relates to Cambridge Analytica, a data analytics firm linked to significant political campaigns. Steve Bannon is further associated with the Justice Department, the Russia Probe, and WikiLeaks, highlighting his connection to pivotal events and entities in the political landscape.","[[""Rebekah_Mercer"", ""supported"", ""Steve_Bannon""], [""Rebekah_Mercer"", ""helped_raise"", ""Steve_Bannon_profile""], [""Rebekah_Mercer"", ""helped_raise"", ""Steve_Bannon_influence""], [""Rebekah_Mercer"", ""related_to"", ""Cambridge_Analytica""], [""Cambridge_Analytica"", ""involved_in"", ""political_campaigns""], [""Steve_Bannon"", ""linked_to"", ""Justice_Department""], [""Steve_Bannon"", ""linked_to"", ""Russia_Probe""], [""Steve_Bannon"", ""linked_to"", ""WikiLeaks""], [""Steve_Bannon"", ""has_connections_in"", ""politics""], [""Steve_Bannon"", ""has_connections_in"", ""legal_investigations""]]","[[""Rebekah_Mercer"", ""raised"", ""Steve_Bannon_profile""], [""Rebekah_Mercer"", ""raised"", ""Steve_Bannon_influence""], [""Rebekah_Mercer"", ""involved_with"", ""Cambridge_Analytica""], [""Cambridge_Analytica"", ""linked_to"", ""political_campaigns""], [""Steve_Bannon"", ""associated_with"", ""Justice_Department""], [""Steve_Bannon"", ""associated_with"", ""Russia_Probe""], [""Steve_Bannon"", ""associated_with"", ""WikiLeaks""], [""Steve_Bannon"", ""connected_to"", ""political_issues""], [""Steve_Bannon"", ""has_connection_to"", ""pivotal_events""], [""Steve_Bannon"", ""has_connection_to"", ""entities_in_politics""]]",0.6875,0.24420131742954254,0.7019307613372803,0.6382847385042254,0.7308816827558576,0.9831906575502659,0.9579597600708251,0.9327288625913843,0.9074979651119434,0.8822670676325026,0.8570361701530618,0.8318052726736209,0.8065743751941801,0.7813434777147393,0.7561125802352985,0.7308816827558576,0.9042010568778347,0.9457907203393605
133,"The Gold Price has a significant impact on the Dollar Value and is also related to Geopolitical Tensions. Carsten Menke is connected to both the Gold Price and the Gold market, indicating his influence in this area. Furthermore, Carsten Menke controls Julius Baer, a financial institution that relates to Latin America.","Carsten Menke relates to the Gold market, indicating his interest or involvement in that sector, while also having control over Julius Baer, a financial institution.","[[""Gold_Price"", ""impact_on"", ""Dollar_Value""], [""Gold_Price"", ""related_to"", ""Geopolitical_Tensions""], [""Carsten_Menke"", ""connected_to"", ""Gold_Price""], [""Carsten_Menke"", ""connected_to"", ""Gold_market""], [""Carsten_Menke"", ""controls"", ""Julius_Baer""], [""Julius_Baer"", ""relates_to"", ""Latin_America""]]","[[""Carsten_Menke"", ""relates_to"", ""Gold_market""], [""Carsten_Menke"", ""controls"", ""Julius_Baer""]]",0.11785113019775792,0.3026803433895111,0.6052489876747131,0.32732683535398854,0.3553345272593507,0.8325023077803779,0.7847855297282753,0.7370687516761725,0.6893519736240697,0.641635195571967,0.5939184175198643,0.5462016394677616,0.49848486141565895,0.4507680833635561,0.40305130531145344,0.3553345272593507,0.8256624308481737,0.8729742159640373
134,"Regulations have a negative impact on startups and also affect tech firms, while relating to economic growth. FEMA operates in capital markets and raises reinsurance, establishing a connection with the Administration. The Administration is responsible for announcing trade barriers, and it controls both regulations and the Census Citizenship Question.","Regulations have a significant impact on tech firms and are related to economic growth. They also create a positive impact on startups. FEMA operates in capital markets and raises reinsurance, and is related to the Administration. The Administration announces trade barriers and controls both regulations and the Census Citizenship Question.","[[""Regulations"", ""have_impact_on"", ""startups""], [""Regulations"", ""have_negative_impact_on"", ""startups""], [""Regulations"", ""affect"", ""tech_firms""], [""Regulations"", ""relate_to"", ""economic_growth""], [""FEMA"", ""operates_in"", ""capital_markets""], [""FEMA"", ""raises"", ""reinsurance""], [""FEMA"", ""establishes_connection_with"", ""Administration""], [""Administration"", ""responsible_for"", ""announcing_trade_barriers""], [""Administration"", ""controls"", ""regulations""], [""Administration"", ""controls"", ""Census_Citizenship_Question""]]","[[""Regulations"", ""have_impact_on"", ""tech_firms""], [""Regulations"", ""have_significant_impact_on"", ""tech_firms""], [""Regulations"", ""relate_to"", ""economic_growth""], [""Regulations"", ""create_impact_on"", ""startups""], [""Regulations"", ""have_positive_impact_on"", ""startups""], [""FEMA"", ""operates_in"", ""capital_markets""], [""FEMA"", ""raises"", ""reinsurance""], [""FEMA"", ""related_to"", ""Administration""], [""Administration"", ""announces"", ""trade_barriers""], [""Administration"", ""controls"", ""regulations""], [""Administration"", ""controls"", ""Census_Citizenship_Question""]]",1.0,0.8575435280799866,0.9143846035003662,0.6833333333333333,1.0,0.9870078822604782,0.9883070940344304,0.9896063058083826,0.9909055175823347,0.9922047293562869,0.9935039411302391,0.9948031529041913,0.9961023646781435,0.9974015764520956,0.9987007882260478,1.0,0.9376593040804311,0.9344839920553445
135,"Stuyvesant High School operates within the City of New York and actively participates in protests. Not only does it participate, but it also has control over certain protests, which in turn impact Adel Abdul-Mahdi, a figure presumably affected by these movements. Additionally, these protests have a relationship with the broader concept of democracy, highlighting the importance of civic engagement and societal change.","Stuyvesant High School conducts its operations in the City of New York, where it also participates in various protests. These protests have an impact on Adel Abdul-Mahdi and bear a relationship with broader themes of democracy.","[[""Stuyvesant_High_School"", ""operates_in"", ""City_of_New_York""], [""Stuyvesant_High_School"", ""participates_in"", ""protests""], [""Stuyvesant_High_School"", ""has_control_over"", ""protests""], [""protests"", ""impact"", ""Adel_Abdul-Mahdi""], [""protests"", ""related_to"", ""democracy""], [""protests"", ""highlight_importance_of"", ""civic_engagement""], [""protests"", ""contribute_to"", ""societal_change""]]","[[""Stuyvesant_High_School"", ""operates_in"", ""City_of_New_York""], [""Stuyvesant_High_School"", ""participates_in"", ""protests""], [""protests"", ""impact"", ""Adel_Abdul-Mahdi""], [""protests"", ""related_to"", ""democracy""]]",0.5916079783099616,0.7856818437576294,0.8511884808540344,0.5916079783099616,0.5916079783099616,0.9674331869329897,0.9298506660706869,0.8922681452083842,0.8546856243460812,0.8171031034837786,0.7795205826214757,0.7419380617591729,0.70435554089687,0.6667730200345672,0.6291904991722644,0.5916079783099616,0.9114296578841081,0.9671774900160611
136,"Automatic Data Processing Inc. announces Employment Growth and also announces Jobs Data. While Automatic Data Processing Inc. operates in the realm of Jobs Growth, it is evident that Employment Growth negatively impacts both Mexico and the United States. Additionally, Jobs Growth has a significant impact on the Labor Market and is related to the overall U.S. Economy, while also affecting the Unemployment rate.","Employment growth has a negative impact on both Mexico and the United States. Jobs growth, on the other hand, significantly impacts the labor market and relates to the U.S. economy. Furthermore, jobs growth influences the unemployment rate. Automatic Data Processing Inc. announces employment growth and jobs data, while also operating in the domain of jobs growth.","[[""Automatic_Data_Processing_Inc."", ""announces"", ""Employment_Growth""], [""Automatic_Data_Processing_Inc."", ""announces"", ""Jobs_Data""], [""Automatic_Data_Processing_Inc."", ""operates_in"", ""Jobs_Growth""], [""Employment_Growth"", ""negatively_impacts"", ""Mexico""], [""Employment_Growth"", ""negatively_impacts"", ""United_States""], [""Jobs_Growth"", ""impacts"", ""Labor_Market""], [""Jobs_Growth"", ""related_to"", ""U.S._Economy""], [""Jobs_Growth"", ""affects"", ""Unemployment_rate""]]","[[""Employment_growth"", ""negatively_impacts"", ""Mexico""], [""Employment_growth"", ""negatively_impacts"", ""United_States""], [""Jobs_growth"", ""impacts"", ""labor_market""], [""Jobs_growth"", ""relates_to"", ""U.S._economy""], [""Jobs_growth"", ""influences"", ""unemployment_rate""], [""Automatic_Data_Processing_Inc."", ""announces"", ""employment_growth""], [""Automatic_Data_Processing_Inc."", ""announces"", ""jobs_data""], [""Automatic_Data_Processing_Inc."", ""operates_in"", ""jobs_growth""]]",1.0,0.9393190145492554,0.9535565972328186,0.7222222222222222,1.0,0.9991680402777724,0.9992512362499951,0.999334432222218,0.9994176281944407,0.9995008241666634,0.9995840201388861,0.999667216111109,0.9997504120833317,0.9998336080555545,0.9999168040277773,1.0,0.9877538344396497,0.9102422914097986
137,"Monetary Stimulus has a notable impact on the Global Economy and the Eurozone Economy, affecting various economic dynamics. Additionally, this financial strategy has a positive impact on Treasury, contributing to favorable financial conditions and enhancing fiscal stability.","Monetary stimulus plays a crucial role in the global and regional economic landscapes. By impacting both the global economy and the Eurozone economy, it serves as a pivotal tool for economic stabilization and growth. Additionally, monetary stimulus has a positive impact on the treasury, suggesting its capacity to enhance financial conditions and fiscal resources.","[[""Monetary_Stimulus"", ""impact_on"", ""Global_Economy""], [""Monetary_Stimulus"", ""impact_on"", ""Eurozone_Economy""], [""Monetary_Stimulus"", ""affect"", ""economic_dynamics""], [""Monetary_Stimulus"", ""positive_impact_on"", ""Treasury""], [""Monetary_Stimulus"", ""contribute_to"", ""favorable_financial_conditions""], [""Monetary_Stimulus"", ""enhance"", ""fiscal_stability""]]","[[""Monetary_stimulus"", ""play_role_in"", ""global_economic_landscape""], [""Monetary_stimulus"", ""play_role_in"", ""regional_economic_landscape""], [""Monetary_stimulus"", ""impact_on"", ""global_economy""], [""Monetary_stimulus"", ""impact_on"", ""Eurozone_economy""], [""Monetary_stimulus"", ""serve_as"", ""tool_for_economic_stabilization""], [""Monetary_stimulus"", ""serve_as"", ""tool_for_economic_growth""], [""Monetary_stimulus"", ""positive_impact_on"", ""treasury""], [""Monetary_stimulus"", ""enhance"", ""financial_conditions""], [""Monetary_stimulus"", ""enhance"", ""fiscal_resources""]]",0.6429306248420497,0.4522685408592224,0.5293183326721191,0.378489059622558,0.7380952380952381,0.9873926450709537,0.9624629043733821,0.9375331636758106,0.9126034229782389,0.8876736822806675,0.862743941583096,0.8378142008855244,0.8128844601879528,0.7879547194903812,0.7630249787928097,0.7380952380952381,0.9122095069867877,0.9005260293957866
138,"Cesar Altieri Sayoc is linked to notable entities and locations, including President Barack Obama, the US Government, and the city of New York. These connections suggest a series of interactions or events that involve both high-profile political figures and significant geographic locations.","Cesar Altieri Sayoc is connected to several significant entities and locations, including President Barack Obama, the US Government, and New York. These relationships indicate potential interactions or influences that Sayoc has, directly or indirectly, with individuals, governmental structures, and specific geographic areas.","[[""Cesar_Altieri_Sayoc"", ""linked_to"", ""President_Barack_Obama""], [""Cesar_Altieri_Sayoc"", ""linked_to"", ""US_Government""], [""Cesar_Altieri_Sayoc"", ""linked_to"", ""New_York""], [""President_Barack_Obama"", ""linked_to"", ""Cesar_Altieri_Sayoc""], [""US_Government"", ""linked_to"", ""Cesar_Altieri_Sayoc""], [""New_York"", ""linked_to"", ""Cesar_Altieri_Sayoc""]]","[[""Cesar_Altieri_Sayoc"", ""connected_to"", ""President_Barack_Obama""], [""Cesar_Altieri_Sayoc"", ""connected_to"", ""US_Government""], [""Cesar_Altieri_Sayoc"", ""connected_to"", ""New_York""], [""President_Barack_Obama"", ""connected_to"", ""Cesar_Altieri_Sayoc""], [""US_Government"", ""connected_to"", ""Cesar_Altieri_Sayoc""], [""New_York"", ""connected_to"", ""Cesar_Altieri_Sayoc""]]",1.0,1.0,0.9999998807907104,1.0,1.0,0.9606041786467913,0.9645437607821121,0.9684833429174331,0.9724229250527539,0.9763625071880747,0.9803020893233956,0.9842416714587165,0.9881812535940373,0.9921208357293583,0.9960604178646791,1.0,0.9373603836486095,0.8427628547135639
139,"The U.S.-China trade war impacts both the market and copper prices, while it has a negative impact on oil prices. The market, which has market volatility, raises the value of the Euro and encompasses significant players like Apple Inc.","The U.S.-China trade war has a significant impact on the market and copper prices while also exerting a negative impact on oil prices. The market, in turn, has a characteristic of market volatility and raises the value of the Euro. Furthermore, the market has major entities like Apple Inc. operating within it.","[[""U.S.-China_trade_war"", ""impacts"", ""market""], [""U.S.-China_trade_war"", ""impacts"", ""copper_prices""], [""U.S.-China_trade_war"", ""has_negative_impact_on"", ""oil_prices""], [""market"", ""has"", ""market_volatility""], [""market"", ""raises_value_of"", ""Euro""], [""market"", ""encompasses"", ""Apple_Inc""]]","[[""U.S.-China_trade_war"", ""has_significant_impact_on"", ""market""], [""U.S.-China_trade_war"", ""has_significant_impact_on"", ""copper_prices""], [""U.S.-China_trade_war"", ""exerts_negative_impact_on"", ""oil_prices""], [""market"", ""has"", ""market_volatility""], [""market"", ""raises_value_of"", ""Euro""], [""market"", ""has"", ""Apple_Inc""]]",1.0,1.0,1.0,1.0,1.0,0.9875344039863204,0.9887809635876884,0.9900275231890563,0.9912740827904243,0.9925206423917923,0.9937672019931603,0.9950137615945281,0.9962603211958961,0.997506880797264,0.998753440398632,1.0,0.9537566235129218,0.9592976649525511
140,"Nelson Chamisa has connections with both the European Union and Emmerson Mnangagwa, and he exerts control over certain rallies. Meanwhile, the European Union has its own influence, as it controls Amazon.com Inc. and has publicly announced issues related to the Venezuelan Crisis.","Nelson Chamisa has a political relationship with Emmerson Mnangagwa, which is likely significant in the context of their roles in Zimbabwean politics. Furthermore, Nelson Chamisa has control over a rally, presumably to mobilize political support or influence public opinion. On a broader international scale, the European Union exercises control over Amazon.com Inc., potentially pertaining to regulatory oversight or compliance measures. Additionally, the European Union has formally announced concerns or initiatives in relation to the Venezuelan Crisis, highlighting its involvement in global geopolitical affairs.","[[""Nelson_Chamisa"", ""connected_to"", ""European_Union""], [""Nelson_Chamisa"", ""connected_to"", ""Emmerson_Mnangagwa""], [""Nelson_Chamisa"", ""exerts_control_over"", ""rallies""], [""European_Union"", ""controls"", ""Amazon.com_Inc""], [""European_Union"", ""announced_issues_related_to"", ""Venezuelan_Crisis""]]","[[""Nelson_Chamisa"", ""political_relationship_with"", ""Emmerson_Mnangagwa""], [""Nelson_Chamisa"", ""control_over"", ""rally""], [""Nelson_Chamisa"", ""involved_in"", ""Zimbabwean_politics""], [""Emmerson_Mnangagwa"", ""involved_in"", ""Zimbabwean_politics""], [""European_Union"", ""exercises_control_over"", ""Amazon.com_Inc""], [""European_Union"", ""announced_concerns_or_initiatives_related_to"", ""Venezuelan_Crisis""], [""European_Union"", ""involved_in"", ""global_geopolitical_affairs""]]",0.7972339748041415,0.38110271096229553,0.6722902059555054,0.3608439182435161,0.7972339748041415,0.8952810561453184,0.8854763480112007,0.875671639877083,0.8658669317429653,0.8560622236088476,0.8462575154747299,0.8364528073406122,0.8266480992064946,0.8168433910723769,0.8070386829382592,0.7972339748041415,0.836658675898879,0.7503028730036632
141,"News Corp. operates in both the financial and real-estate markets while having a relation to Fox News. Fox News, in turn, has John Bolton as a key figure and produces election results. Additionally, Fox News relates to Julian Assange, highlighting its involvement in significant political narratives. The financial market in which News Corp. operates is based in the United States.","News Corp. operates in both the financial market and the real-estate market, with the financial market specifically operating within the United States. In its media operations, Fox News relates to Julian Assange and produces election results. Additionally, Fox News has John Bolton as a prominent figure associated with its network.","[[""News_Corp."", ""operates_in"", ""financial_market""], [""News_Corp."", ""operates_in"", ""real-estate_market""], [""News_Corp."", ""related_to"", ""Fox_News""], [""Fox_News"", ""has_key_figure"", ""John_Bolton""], [""Fox_News"", ""produces"", ""election_results""], [""Fox_News"", ""related_to"", ""Julian_Assange""], [""News_Corp."", ""operates_in"", ""United_States""]]","[[""News_Corp."", ""operates_in"", ""financial_market""], [""News_Corp."", ""operates_in"", ""real-estate_market""], [""financial_market"", ""based_in"", ""United_States""], [""News_Corp."", ""related_to"", ""Fox_News""], [""Fox_News"", ""related_to"", ""Julian_Assange""], [""Fox_News"", ""has_prominent_figure"", ""John_Bolton""], [""Fox_News"", ""produces"", ""election_results""]]",0.8240554958966418,1.0,1.0,0.7916666666666666,0.8240554958966418,0.9877641947007899,0.9713933248203751,0.9550224549399603,0.9386515850595454,0.9222807151791306,0.9059098452987159,0.8895389754183011,0.8731681055378862,0.8567972356574715,0.8404263657770566,0.8240554958966418,0.9611439204096492,0.957858684901743
142,"Steve Bannon is a member of the Executive Branch and has a relationship with Democratic lawmakers. Robert Mueller participates in the Russia investigation and relates to the Russia Probe while also controlling matters concerning the 2016 U.S. Presidential Election. Michael Wolff introduces Steve Bannon and relates to both the West Wing and the Democrats, who are also connected to the Foreign Agents Registration Act and the Eighth Congressional District. Furthermore, Democrats hold a relationship with Robert Mueller, highlighting the interconnectedness of these individuals and entities within the political landscape.","Steve Bannon is a member of the Executive Branch and has a relationship with Democratic lawmakers. Michael Wolff introduced Steve Bannon and is also related to both the West Wing and Democrats, while the Democrats are connected to Robert Mueller and the Foreign Agents Registration Act as well as the Eighth Congressional District. Robert Mueller participates in the Russia investigation, controls the 2016 U.S. Presidential Election, and relates to the Russia Probe.","[[""Steve_Bannon"", ""member_of"", ""Executive_Branch""], [""Steve_Bannon"", ""relationship_with"", ""Democratic_lawmakers""], [""Robert_Mueller"", ""participates_in"", ""Russia_investigation""], [""Robert_Mueller"", ""relates_to"", ""Russia_Probe""], [""Robert_Mueller"", ""controls"", ""2016_U.S._Presidential_Election""], [""Michael_Wolff"", ""introduces"", ""Steve_Bannon""], [""Michael_Wolff"", ""relates_to"", ""West_Wing""], [""Michael_Wolff"", ""relates_to"", ""Democrats""], [""Democrats"", ""connected_to"", ""Foreign_Agents_Registration_Act""], [""Democrats"", ""connected_to"", ""Eighth_Congressional_District""], [""Democrats"", ""relationship_with"", ""Robert_Mueller""], [""Democrats"", ""relationship_with"", ""Steve_Bannon""]]","[[""Steve_Bannon"", ""member_of"", ""Executive_Branch""], [""Steve_Bannon"", ""relationship_with"", ""Democratic_lawmakers""], [""Michael_Wolff"", ""introduced"", ""Steve_Bannon""], [""Michael_Wolff"", ""related_to"", ""West_Wing""], [""Michael_Wolff"", ""related_to"", ""Democrats""], [""Democrats"", ""connected_to"", ""Robert_Mueller""], [""Democrats"", ""connected_to"", ""Foreign_Agents_Registration_Act""], [""Democrats"", ""connected_to"", ""Eighth_Congressional_District""], [""Robert_Mueller"", ""participates_in"", ""Russia_investigation""], [""Robert_Mueller"", ""controls"", ""2016_U.S._Presidential_Election""], [""Robert_Mueller"", ""relates_to"", ""Russia_Probe""]]",1.0,0.9999998807907104,0.9999998807907104,0.7361111111111112,0.9305555555555556,0.9911072459771136,0.9850520769349579,0.978996907892802,0.9729417388506462,0.9668865698084904,0.9608314007663346,0.9547762317241788,0.948721062682023,0.9426658936398671,0.9366107245977113,0.9305555555555556,0.9846220959351937,0.983652256313068
143,"Norsk Hydro AS A has AI as part of its operations and controls investigators who are involved in related activities. Additionally, Norsk Hydro AS A operates in Norway, while the investigators operate in the United States of America.","Norsk Hydro AS A has a focus on AI and operates in Norway, where it manages various operations. Additionally, Norsk Hydro AS A has control over investigators, indicating its authority in overseeing related inquiries or initiatives.","[[""Norsk_Hydro_AS_A"", ""has_part"", ""AI""], [""Norsk_Hydro_AS_A"", ""controls"", ""investigators""], [""investigators"", ""involved_in"", ""related_activities""], [""Norsk_Hydro_AS_A"", ""operates_in"", ""Norway""], [""investigators"", ""operate_in"", ""United_States_of_America""]]","[[""Norsk_Hydro_AS_A"", ""has_focus_on"", ""AI""], [""Norsk_Hydro_AS_A"", ""operates_in"", ""Norway""], [""Norsk_Hydro_AS_A"", ""manages"", ""operations""], [""Norsk_Hydro_AS_A"", ""has_control_over"", ""investigators""], [""investigators"", ""involved_in"", ""related_inquiries_or_initiatives""]]",0.45643546458763845,0.5244541764259338,0.7289847731590271,0.3888888888888889,0.45643546458763845,0.9452254690917403,0.8963464686413302,0.84746746819092,0.7985884677405097,0.7497094672900996,0.7008304668396894,0.6519514663892791,0.6030724659388691,0.5541934654884588,0.5053144650380487,0.45643546458763845,0.8436180480786164,0.8729243768722956
144,"Walmart Inc. controls gun sales and is actively investing in online grocery delivery. Additionally, Walmart Inc. raises shares, which in turn raises dividends.","Walmart Inc. controls gun sales and makes strategic investments in online grocery delivery. Additionally, as Walmart Inc. raises shares, there is a corresponding decrease in dividends.","[[""Walmart_Inc."", ""controls"", ""gun_sales""], [""Walmart_Inc."", ""investing_in"", ""online_grocery_delivery""], [""Walmart_Inc."", ""raises"", ""shares""], [""shares"", ""raises"", ""dividends""]]","[[""Walmart_Inc."", ""controls"", ""gun_sales""], [""Walmart_Inc."", ""makes_investments_in"", ""online_grocery_delivery""], [""Walmart_Inc."", ""raises"", ""shares""], [""shares"", ""decreases"", ""dividends""]]",1.0,0.9999999403953552,1.0,1.0,1.0,0.9646481000375137,0.9681832900337622,0.9717184800300109,0.9752536700262595,0.9787888600225082,0.9823240500187569,0.9858592400150055,0.989394430011254,0.9929296200075027,0.9964648100037514,1.0,0.9402471725817813,0.9553435169207873
145,"The Catholic Church has a significant relationship with Pope Francis and also shares a connection with Pennsylvania. The Church has control over matters concerning bankruptcy. Archbishop McCarrick, who operates within the framework of the US Government, has had a notable impact on the Catholic Church. Furthermore, McCarrick is associated with a trial that has broader implications. Through these interactions, the intricate ties between these entities illustrate the complex interplay between religious, governmental, and legal spheres.","The Catholic Church has a significant relationship with Pope Francis and is also connected to Pennsylvania. Furthermore, it exercises control over matters related to bankruptcy. Archbishop McCarrick, who relates to an ongoing trial, operates within the US Government and has an impact on the Catholic Church.","[[""Catholic_Church"", ""significant_relationship_with"", ""Pope_Francis""], [""Catholic_Church"", ""connection_with"", ""Pennsylvania""], [""Catholic_Church"", ""control_over"", ""bankruptcy""], [""Archbishop_McCarrick"", ""operates_within"", ""US_Government""], [""Archbishop_McCarrick"", ""impact_on"", ""Catholic_Church""], [""Archbishop_McCarrick"", ""associated_with"", ""trial""], [""trial"", ""has_broader_implications"", ""legal_spheres""], [""Catholic_Church"", ""interplay_with"", ""governmental_spheres""], [""Catholic_Church"", ""interplay_with"", ""legal_spheres""], [""Catholic_Church"", ""interplay_with"", ""religious_spheres""]]","[[""Catholic_Church"", ""significant_relationship_with"", ""Pope_Francis""], [""Catholic_Church"", ""connected_to"", ""Pennsylvania""], [""Catholic_Church"", ""control_over"", ""bankruptcy""], [""Archbishop_McCarrick"", ""operates_within"", ""US_Government""], [""Archbishop_McCarrick"", ""impact_on"", ""Catholic_Church""], [""Archbishop_McCarrick"", ""related_to"", ""trial""]]",0.5879447357921312,0.4494416415691376,0.6682586669921875,0.5577733510227171,0.5577733510227171,0.9436973850628175,0.9051049816588075,0.8665125782547975,0.8279201748507874,0.7893277714467773,0.7507353680427673,0.7121429646387573,0.6735505612347472,0.6349581578307372,0.5963657544267271,0.5577733510227171,0.8793415804298148,0.9535476002804211
146,Mark Feidler is a member of both Equifax Inc. and its Board. Equifax Inc. is related to an investigation as well as to the Consumer Financial Protection Bureau.,Jho Low is a member of both Equifax Inc. and the Board. Equifax Inc. has a notable relationship with the investigation and is also related to the RBI.,"[[""Mark_Feidler"", ""member_of"", ""Equifax_Inc""], [""Mark_Feidler"", ""member_of"", ""Equifax_Inc_Board""], [""Equifax_Inc"", ""related_to"", ""investigation""], [""Equifax_Inc"", ""related_to"", ""Consumer_Financial_Protection_Bureau""]]","[[""Jho_Low"", ""member_of"", ""Equifax_Inc""], [""Jho_Low"", ""member_of"", ""Equifax_Inc_Board""], [""Equifax_Inc"", ""related_to"", ""investigation""], [""Equifax_Inc"", ""related_to"", ""RBI""]]",0.3367876570272817,0.8340688347816467,0.8880945444107056,0.43333333333333335,0.4844813951249544,0.8652058618012372,0.8271334151336089,0.7890609684659806,0.7509885217983523,0.712916075130724,0.6748436284630958,0.6367711817954675,0.5986987351278392,0.5606262884602109,0.5225538417925827,0.4844813951249544,0.8293157377819078,0.8691440700356223
147,"The yield curve has a negative impact on economic growth and influences the stock market, while also relating to financial markets. Thomas di Galoma is connected to both Seaport Global Holdings and the yield curve, as well as policy makers. Policy makers control rate increases, while Seaport Global Holdings possesses the 10-year Treasury Note and invests in Treasury yield.","The yield curve has a negative impact on economic growth and also affects the stock market. Additionally, the yield curve relates to digital payments. Thomas di Galoma is connected to General Electric, the yield curve, and Travis Kalanick. Travis Kalanick controls temporary workers. General Electric has a blue-chip index and invests in a Bitcoin ETF.","[[""yield_curve"", ""has_impact_on"", ""economic_growth""], [""yield_curve"", ""influences"", ""stock_market""], [""yield_curve"", ""relates_to"", ""financial_markets""], [""Thomas_di_Galoma"", ""connected_to"", ""Seaport_Global_Holdings""], [""Thomas_di_Galoma"", ""connected_to"", ""yield_curve""], [""Thomas_di_Galoma"", ""connected_to"", ""policy_makers""], [""policy_makers"", ""control"", ""rate_increases""], [""Seaport_Global_Holdings"", ""possesses"", ""10-year_Treasury_Note""], [""Seaport_Global_Holdings"", ""invests_in"", ""Treasury_yield""]]","[[""yield_curve"", ""has_impact_on"", ""economic_growth""], [""yield_curve"", ""affects"", ""stock_market""], [""yield_curve"", ""relates_to"", ""digital_payments""], [""Thomas_di_Galoma"", ""connected_to"", ""General_Electric""], [""Thomas_di_Galoma"", ""connected_to"", ""yield_curve""], [""Thomas_di_Galoma"", ""connected_to"", ""Travis_Kalanick""], [""Travis_Kalanick"", ""controls"", ""temporary_workers""], [""General_Electric"", ""has"", ""blue-chip_index""], [""General_Electric"", ""invests_in"", ""Bitcoin_ETP""]]",0.3367876570272817,0.05465804785490036,0.5960624814033508,0.23333333333333334,0.4068667356033675,0.8902911458615477,0.8419487048357297,0.7936062638099117,0.7452638227840935,0.6969213817582756,0.6485789407324576,0.6002364997066396,0.5518940586808215,0.5035516176550036,0.45520917662918553,0.4068667356033675,0.7854596467964272,0.7837450372379904
148,"Bird Rides Inc. operates in California and throughout the United States, and its operations are closely related to the interests of investors. Furthermore, investors have a relationship with insurance policies, highlighting the financial dynamics involved in the activities of Bird Rides Inc.","Bird Rides Inc. operates in both California and the broader United States, establishing a significant presence in these markets. This company also has a relationship with investors, indicating that its operations are relevant to those who might provide capital or seek financial returns from its activities.","[[""Bird_Rides_Inc."", ""operates_in"", ""California""], [""Bird_Rides_Inc."", ""operates_in"", ""United_States""], [""Bird_Rides_Inc."", ""related_to"", ""investors""], [""investors"", ""related_to"", ""insurance_policies""]]","[[""Bird_Rides_Inc."", ""operates_in"", ""California""], [""Bird_Rides_Inc."", ""operates_in"", ""United_States""], [""Bird_Rides_Inc."", ""establishing_presence_in"", ""United_States""], [""Bird_Rides_Inc."", ""related_to"", ""investors""], [""investors"", ""provide"", ""capital""], [""investors"", ""seek"", ""financial_returns""]]",0.5590169943749475,0.5344451665878296,0.7241185903549194,0.45643546458763845,0.5590169943749475,0.953261077106952,0.9138366688337516,0.8744122605605511,0.8349878522873506,0.7955634440141501,0.7561390357409496,0.7167146274677493,0.6772902191945489,0.6378658109213483,0.5984414026481479,0.5590169943749475,0.950908781172806,0.8770490552831751
149,"The Dollar negatively impacts the Treasury and plays a pivotal role in controlling interest rates, which in turn impacts stocks and the housing sector. Interestingly, interest rates also have a positive impact on the Lira. As the Dollar raises interest amongst investors, these investors subsequently control political pressure and hold debts, exerting influence over banks.","The Dollar exerts a negative impact on the Treasury while controlling Interest Rates, which play a pivotal role in influencing stocks, the Housing Sector, and are beneficial for the Lira. Additionally, The Dollar's movements raise interest among Investors, who possess significant debts and control Political Pressure. This collective influence by Investors also impacts Banks, underscoring the interconnected nature of global financial dynamics.","[[""Dollar"", ""negatively_impacts"", ""Treasury""], [""Dollar"", ""controls"", ""interest_rates""], [""interest_rates"", ""impacts"", ""stocks""], [""interest_rates"", ""impacts"", ""housing_sector""], [""interest_rates"", ""positively_impacts"", ""Lira""], [""Dollar"", ""raises_interest_amongst"", ""investors""], [""investors"", ""control"", ""political_pressure""], [""investors"", ""hold"", ""debts""], [""investors"", ""exert_influence_over"", ""banks""]]","[[""Dollar"", ""exerts_negative_impact_on"", ""Treasury""], [""Dollar"", ""controls"", ""Interest_Rates""], [""Interest_Rates"", ""influence"", ""stocks""], [""Interest_Rates"", ""influence"", ""Housing_Sector""], [""Interest_Rates"", ""benefit"", ""Lira""], [""Dollar"", ""raises_interest_among"", ""Investors""], [""Investors"", ""possess"", ""debts""], [""Investors"", ""control"", ""Political_Pressure""], [""Investors"", ""impact"", ""Banks""]]",1.0,0.9999998807907104,1.0,1.0,1.0,0.9917735774196981,0.9925962196777283,0.9934188619357585,0.9942415041937886,0.9950641464518188,0.995886788709849,0.9967094309678792,0.9975320732259094,0.9983547154839396,0.9991773577419698,1.0,0.9437973501164941,0.956324412453712
150,"The Federal Reserve Bank plays a significant role in producing the National Activity Index, which is crucial for monitoring economic health. This institution also has control over the monetary policy and the financial system, shaping the economic landscape significantly. The Chicago Business Barometer, a key economic indicator, has relationships with various entities, including Boeing Co., highlighting its connection to industrial outputs. Moreover, this barometer is related to the Federal Reserve Bank, indicating its relevance in assessing economic conditions overseen by the bank. It also relates to Prices Paid, emphasizing its role in understanding cost dynamics in business activities.","The Federal Reserve Bank plays a significant role in shaping economic conditions by producing the inflation rate, which influences various financial aspects. It exercises control over Megadeals and the broader financial system, ensuring regulatory compliance and stability. Additionally, voting power, an important aspect of governance, is related to both Boeing Co. and the Federal Reserve Bank, highlighting its influence in corporate and monetary policy decisions. Voting power is also inherently connected to policies, reflecting its impact on strategic and regulatory frameworks.","[[""Federal_Reserve_Bank"", ""produces"", ""National_Activity_Index""], [""National_Activity_Index"", ""used_for"", ""monitoring_economic_health""], [""Federal_Reserve_Bank"", ""controls"", ""monetary_policy""], [""Federal_Reserve_Bank"", ""controls"", ""financial_system""], [""Federal_Reserve_Bank"", ""shapes"", ""economic_landscape""], [""Chicago_Business_Barometer"", ""related_to"", ""Boeing_Co.""], [""Chicago_Business_Barometer"", ""related_to"", ""Federal_Reserve_Bank""], [""Chicago_Business_Barometer"", ""related_to"", ""Prices_Paid""], [""Chicago_Business_Barometer"", ""used_for"", ""assessing_economic_conditions""], [""Federal_Reserve_Bank"", ""oversees"", ""economic_conditions""], [""Chicago_Business_Barometer"", ""used_for"", ""understanding_cost_dynamics""]]","[[""Federal_Reserve_Bank"", ""produces"", ""inflation_rate""], [""inflation_rate"", ""influences"", ""financial_aspects""], [""Federal_Reserve_Bank"", ""exercises_control_over"", ""Megadeals""], [""Federal_Reserve_Bank"", ""exercises_control_over"", ""financial_system""], [""Federal_Reserve_Bank"", ""ensures"", ""regulatory_compliance""], [""Federal_Reserve_Bank"", ""ensures"", ""stability""], [""voting_power"", ""related_to"", ""Boeing_Co.""], [""voting_power"", ""related_to"", ""Federal_Reserve_Bank""], [""voting_power"", ""influences"", ""corporate_policy_decisions""], [""voting_power"", ""influences"", ""monetary_policy_decisions""], [""voting_power"", ""connected_to"", ""policies""], [""voting_power"", ""impacts"", ""strategic_frameworks""], [""voting_power"", ""impacts"", ""regulatory_frameworks""]]",0.30641293851417056,0.0,0.2576243579387665,0.1671619624589329,0.2553441154284755,0.7529025945059209,0.7031467465981763,0.6533908986904318,0.6036350507826873,0.5538792028749427,0.5041233549671982,0.45436750705945367,0.40461165915170916,0.3548558112439646,0.30509996333622,0.2553441154284755,0.6664183945987973,0.6603309745776214
151,"Power controls Utilities and has an impact on Panama City. Dean Skelos possesses Power and Commerce, and is related to New York State. Furthermore, New York State impacts Tax Law and controls the Legislature. Notably, New York State also raises Bakkt.","Power controls utilities and impacts Panama City. Dean Skelos has power and commerce, and he relates to New York State. New York State impacts tax law and controls the legislature, while also raising Bakkt.","[[""Power"", ""controls"", ""Utilities""], [""Power"", ""has_an_impact_on"", ""Panama_City""], [""Dean_Skelos"", ""possesses"", ""Power""], [""Dean_Skelos"", ""possesses"", ""Commerce""], [""Dean_Skelos"", ""related_to"", ""New_York_State""], [""New_York_State"", ""impacts"", ""Tax_Law""], [""New_York_State"", ""controls"", ""Legislature""], [""New_York_State"", ""raises"", ""Bakkt""]]","[[""Power"", ""controls"", ""utilities""], [""Power"", ""impacts"", ""Panama_City""], [""Dean_Skelos"", ""has"", ""power""], [""Dean_Skelos"", ""has"", ""commerce""], [""Dean_Skelos"", ""relates_to"", ""New_York_State""], [""New_York_State"", ""impacts"", ""tax_law""], [""New_York_State"", ""controls"", ""legislature""], [""New_York_State"", ""raises"", ""Bakkt""]]",1.0,0.9454982280731201,0.976378321647644,1.0,1.0,0.9904482843413805,0.9914034559072424,0.9923586274731044,0.9933137990389664,0.9942689706048283,0.9952241421706902,0.9961793137365522,0.9971344853024142,0.9980896568682761,0.999044828434138,1.0,0.9584548967765061,0.769966357624289
152,"U.S. allies have a significant impact on US stocks, reflecting the interconnected nature of international relations and financial markets. These allies also have ties to the North American Free Trade Agreement and maintain relationships with countries like Australia, highlighting a complex network of economic and strategic partnerships.","U.S. allies have a significant impact on US stocks, influencing market trends and economic conditions. These allies are intrinsically related to the North American Free Trade Agreement, which facilitates trade and economic collaboration among member countries, enhancing mutual economic benefits. Additionally, U.S. allies maintain close ties with Australia, promoting shared interests and cooperative economic partnerships that further underscore their importance to global economic dynamics.","[[""U.S._allies"", ""have_impact_on"", ""US_stocks""], [""U.S._allies"", ""related_to"", ""North_American_Free_Trade_Agreement""], [""U.S._allies"", ""maintain_relationships_with"", ""Australia""], [""North_American_Free_Trade_Agreement"", ""related_to"", ""international_relations""], [""North_American_Free_Trade_Agreement"", ""related_to"", ""financial_markets""], [""U.S._allies"", ""part_of"", ""complex_network""], [""complex_network"", ""consists_of"", ""economic_partnerships""], [""complex_network"", ""consists_of"", ""strategic_partnerships""]]","[[""U.S._allies"", ""have_impact_on"", ""US_stocks""], [""U.S._allies"", ""influence"", ""market_trends""], [""U.S._allies"", ""influence"", ""economic_conditions""], [""U.S._allies"", ""related_to"", ""North_American_Free_Trade_Agreement""], [""North_American_Free_Trade_Agreement"", ""facilitates"", ""trade""], [""North_American_Free_Trade_Agreement"", ""facilitates"", ""economic_collaboration""], [""North_American_Free_Trade_Agreement"", ""enhances"", ""mutual_economic_benefits""], [""U.S._allies"", ""maintain_ties_with"", ""Australia""], [""U.S._allies"", ""promote"", ""shared_interests""], [""U.S._allies"", ""engage_in"", ""cooperative_economic_partnerships""], [""cooperative_economic_partnerships"", ""contribute_to"", ""global_economic_dynamics""]]",0.34020690871988585,0.0,0.1955476552248001,0.22452510468485445,0.3038948705590345,0.8972886036713382,0.8379492303601079,0.7786098570488775,0.7192704837376471,0.6599311104264167,0.6005917371151863,0.541252363803956,0.4819129904927257,0.4225736171814952,0.3632342438702649,0.3038948705590345,0.80494343510193,0.8370037843647307
153,"The Dollar has a negative impact on the Treasury and the Gold Price, illustrating its influence on financial assets and precious metal valuations. Concurrently, fluctuations in the Dollar value are linked to a rise in the Russian Ruble, demonstrating its impact on international currency exchange rates and economic dynamics.","The Dollar has a complex influence on various financial elements. It exerts a negative impact on the Treasury, which can affect financial stability and government borrowing. In contrast, the Dollar plays a role in raising the value of the Russian Ruble, potentially due to international trade and currency exchange dynamics. Additionally, the Dollar has a positive impact on the Gold Price, often viewed as a safe haven asset, which tends to rise when the Dollar strengthens or during periods of economic uncertainty.","[[""Dollar"", ""has_negative_impact_on"", ""Treasury""], [""Dollar"", ""has_negative_impact_on"", ""Gold_Price""], [""Dollar"", ""influences"", ""financial_assets""], [""Dollar"", ""influences"", ""precious_metal_valuations""], [""Dollar"", ""linked_to"", ""Russian_Ruble""], [""fluctuations_in_Dollar_value"", ""linked_to"", ""rise_in_Russian_Ruble""], [""Dollar"", ""impacts"", ""international_currency_exchange_rates""], [""Dollar"", ""impacts"", ""economic_dynamics""]]","[[""Dollar"", ""has_complex_influence_on"", ""financial_elements""], [""Dollar"", ""exerts_negative_impact_on"", ""Treasury""], [""Treasury"", ""affects"", ""financial_stability""], [""Treasury"", ""affects"", ""government_borrowing""], [""Dollar"", ""plays_role_in"", ""raising_value_of_Russian_Ruble""], [""raising_value_of_Russian_Ruble"", ""due_to"", ""international_trade""], [""raising_value_of_Russian_Ruble"", ""due_to"", ""currency_exchange_dynamics""], [""Dollar"", ""has_positive_impact_on"", ""Gold_Price""], [""Gold_Price"", ""viewed_as"", ""safe_haven_asset""], [""Gold_Price"", ""rises_when"", ""Dollar_strengthens""], [""Gold_Price"", ""rises_during"", ""periods_of_economic_uncertainty""]]",0.7972339748041415,0.0,0.02020505629479885,0.045643546458763846,0.611052381486151,0.9433525503476321,0.9101225334614841,0.876892516575336,0.8436624996891877,0.8104324828030396,0.7772024659168916,0.7439724490307434,0.7107424321445954,0.6775124152584472,0.6442823983722991,0.611052381486151,0.8078854829254871,0.7606804627830985
154,"Michael Cohen possesses poll results, which could be influential in his decision-making or strategic planning. Brent Blakely is connected to both Michael Cohen and Stephanie Clifford, indicating a relationship or involvement that might intertwine their professional or personal affairs. This network of relationships suggests interactions or collaborations among these individuals might have implications in various areas they are engaged in.","Michael Cohen possesses poll results, indicating a strategic or factual resource that he may utilize or analyze. Brent Blakely has connections with Michael Cohen, which suggests a shared context or collaborative relationship between them, possibly influencing or sharing insights concerning these poll results. Brent Blakely also relates to Jon Hill, which further extends the network of associations, possibly indicating shared interests or collaborative efforts among these individuals.","[[""Michael_Cohen"", ""possesses"", ""poll_results""], [""Brent_Blakely"", ""connected_to"", ""Michael_Cohen""], [""Brent_Blakely"", ""connected_to"", ""Stephanie_Clifford""], [""Michael_Cohen"", ""connected_to"", ""Stephanie_Clifford""], [""Michael_Cohen"", ""potential_influence_from"", ""poll_results""], [""poll_results"", ""potential_influence_on"", ""Michael_Cohen""], [""Brent_Blakely"", ""potential_influence_on"", ""Michael_Cohen""], [""Stephanie_Clifford"", ""potential_influence_on"", ""Michael_Cohen""], [""Michael_Cohen"", ""potential_influence_on"", ""Brent_Blakely""], [""Michael_Cohen"", ""potential_influence_on"", ""Stephanie_Clifford""]]","[[""Michael_Cohen"", ""possesses"", ""poll_results""], [""Brent_Blakely"", ""connected_to"", ""Michael_Cohen""], [""Brent_Blakely"", ""connected_to"", ""Jon_Hill""], [""Michael_Cohen"", ""potential_influence_from"", ""poll_results""], [""poll_results"", ""potential_influence_on"", ""Michael_Cohen""], [""Brent_Blakely"", ""potential_influence_on"", ""Michael_Cohen""], [""Michael_Cohen"", ""potential_influence_on"", ""Brent_Blakely""], [""Brent_Blakely"", ""potential_influence_on"", ""Jon_Hill""], [""Jon_Hill"", ""potential_influence_on"", ""Brent_Blakely""]]",0.3849001794597505,0.20378004014492035,0.6780221462249756,0.3333333333333333,0.3849001794597505,0.9475914283511971,0.8913223034620525,0.8350531785729078,0.7787840536837631,0.7225149287946185,0.6662458039054738,0.6099766790163291,0.5537075541271845,0.4974384292380398,0.4411693043488951,0.3849001794597505,0.9187863115777317,0.9500776877048411
155,"Hunter Harrison exercises control over CSX Corp., an entity that itself regulates several key areas such as Supply Chain Management, Operations, and Shipping.","Hunter Harrison exercises control over Jinri Toutiao, which in turn has authority over several different areas including small-cap companies, credit quality, and shipping. This hierarchical relationship implies that Hunter Harrison has an indirect influence on these sectors through Jinri Toutiao's control, affecting business operations and decision-making within these domains.","[[""Hunter_Harrison"", ""exercises_control_over"", ""CSX_Corp""], [""CSX_Corp"", ""regulates"", ""Supply_Chain_Management""], [""CSX_Corp"", ""regulates"", ""Operations""], [""CSX_Corp"", ""regulates"", ""Shipping""]]","[[""Hunter_Harrison"", ""exercises_control_over"", ""Jinri_Toutiao""], [""Jinri_Toutiao"", ""has_authority_over"", ""small-cap_companies""], [""Jinri_Toutiao"", ""has_authority_over"", ""credit_quality""], [""Jinri_Toutiao"", ""has_authority_over"", ""shipping""], [""Hunter_Harrison"", ""has_indirect_influence_on"", ""small-cap_companies""], [""Hunter_Harrison"", ""has_indirect_influence_on"", ""credit_quality""], [""Hunter_Harrison"", ""has_indirect_influence_on"", ""shipping""], [""Hunter_Harrison"", ""affects"", ""business_operations""], [""Hunter_Harrison"", ""affects"", ""decision-making""]]",0.43333333333333335,0.0,0.440263032913208,0.19720265943665385,0.43333333333333335,0.45482995620776356,0.45268029392032055,0.45053063163287754,0.4483809693454345,0.44623130705799147,0.44408164477054846,0.44193198248310545,0.43978232019566244,0.43763265790821937,0.43548299562077636,0.43333333333333335,0.5635978704529767,0.5395987716167965
156,"Richard Branson is a member of the Rise Fund, and has affiliations that relate to both the Public Investment Fund and Saudi Arabia. The Public Investment Fund exercises control over key assets such as Money Management, Sabic, and Saudi Aramco, with influence extending to various sectors. Saudi Arabia itself operates within the geopolitical boundaries of the Kingdom of Saudi Arabia and has a broader impact that reaches the legislative activities of the U.S. Congress.","Richard Branson is a member of the Rise Fund and has relationships with the Public Investment Fund and Cairo. The Public Investment Fund exerts control over entities such as Money Management, Sabic, and Saudi Aramco. Cairo is connected to operations in Santa Barbara County and also has an impact on the U.S. Congress.","[[""Richard_Branson"", ""member_of"", ""Rise_Fund""], [""Richard_Branson"", ""affiliation_with"", ""Public_Investment_Fund""], [""Richard_Branson"", ""affiliation_with"", ""Saudi_Arabia""], [""Public_Investment_Fund"", ""exercises_control_over"", ""Money_Management""], [""Public_Investment_Fund"", ""exercises_control_over"", ""Sabic""], [""Public_Investment_Fund"", ""exercises_control_over"", ""Saudi_Aramco""], [""Saudi_Arabia"", ""operates_within"", ""Kingdom_of_Saudi_Arabia""], [""Saudi_Arabia"", ""has_impact_on"", ""U.S._Congress""]]","[[""Richard_Branson"", ""member_of"", ""Rise_Fund""], [""Richard_Branson"", ""relationship_with"", ""Public_Investment_Fund""], [""Richard_Branson"", ""relationship_with"", ""Cairo""], [""Public_Investment_Fund"", ""exerts_control_over"", ""Money_Management""], [""Public_Investment_Fund"", ""exerts_control_over"", ""Sabic""], [""Public_Investment_Fund"", ""exerts_control_over"", ""Saudi_Aramco""], [""Cairo"", ""connected_to"", ""Santa_Barbara_County""], [""Cairo"", ""has_impact_on"", ""U.S._Congress""]]",0.7708333333333334,0.3020149767398834,0.842613160610199,0.6851851851851852,0.7329409123199365,0.9055456994710258,0.8882852207559169,0.871024742040808,0.853764263325699,0.83650378461059,0.8192433058954811,0.8019828271803723,0.7847223484652632,0.7674618697501543,0.7502013910350455,0.7329409123199365,0.8652159502176289,0.8065652307924555
157,"A recession, which is related to the yield curve, can have a positive impact on the housing market. It also affects commodities, which in turn impacts global growth. Meanwhile, the U.K. Economy has raised its projections, and it is closely related to consumer price inflation. The U.K. Economy's dynamics also have an influence on the occurrence of a recession.","A recession is intricately related to the yield curve and has a significant impact on commodities as well as a negative impact on the housing market. The effects on commodities can further influence global growth. In parallel, the U.K. Economy is experiencing raised projections, which are related to consumer price inflation. Interestingly, the U.K. Economy itself impacts the ongoing recession, creating a complex web of economic interactions.","[[""recession"", ""related_to"", ""yield_curve""], [""recession"", ""impact_on"", ""housing_market""], [""recession"", ""positive_impact_on"", ""housing_market""], [""recession"", ""affects"", ""commodities""], [""commodities"", ""impact_on"", ""global_growth""], [""U.K._Economy"", ""raised_projections"", ""projections""], [""U.K._Economy"", ""closely_related_to"", ""consumer_price_inflation""], [""U.K._Economy"", ""influence_on"", ""occurrence_of_recession""], [""recession"", ""occurrence_influenced_by"", ""U.K._Economy""]]","[[""recession"", ""related_to"", ""yield_curve""], [""recession"", ""significant_impact_on"", ""commodities""], [""recession"", ""negative_impact_on"", ""housing_market""], [""commodities"", ""influence_on"", ""global_growth""], [""U.K._Economy"", ""experiencing"", ""raised_projections""], [""U.K._Economy"", ""related_to"", ""consumer_price_inflation""], [""U.K._Economy"", ""impact_on"", ""ongoing_recession""], [""recession"", ""impacted_by"", ""U.K._Economy""]]",1.0,0.564505934715271,0.7046610116958618,0.6111111111111112,0.727392967453308,0.9851218909311853,0.9593489985833975,0.9335761062356099,0.907803213887822,0.8820303215400342,0.8562574291922467,0.8304845368444589,0.8047116444966712,0.7789387521488833,0.7531658598010957,0.727392967453308,0.9267163201906781,0.9683733433412868
158,"Comcast Corp. has a negative impact on Netflix Inc., influencing its market dynamics or competitive strategies. Furthermore, Comcast Corp. is related to data collection policies, indicating a connection to how information is managed and utilized. In the financial sector, Comcast Corp. raises investment-grade bonds, which may reflect their strategic financial initiatives or market positioning. Meanwhile, Netflix Inc., despite facing challenges from Comcast Corp., has an impact on AT&T Inc., possibly affecting its market position or strategy.","Comcast Corp. exerts a negative impact on Netflix Inc., which in turn has implications for AT&T Inc. Additionally, Comcast Corp. is associated with data collection policies and makes efforts to raise investment-grade bonds, possibly as a strategy to navigate its competitive landscape and financial maneuvers.","[[""Comcast_Corp."", ""has_negative_impact_on"", ""Netflix_Inc.""], [""Comcast_Corp."", ""influences"", ""market_dynamics""], [""Comcast_Corp."", ""influences"", ""competitive_strategies""], [""Comcast_Corp."", ""related_to"", ""data_collection_policies""], [""Comcast_Corp."", ""raises"", ""investment-grade_bonds""], [""investment-grade_bonds"", ""reflect"", ""strategic_financial_initiatives""], [""investment-grade_bonds"", ""reflect"", ""market_positioning""], [""Netflix_Inc."", ""has_impact_on"", ""AT&T_Inc.""], [""Netflix_Inc."", ""faces_challenges_from"", ""Comcast_Corp.""], [""AT&T_Inc."", ""possibly_affected_by"", ""Netflix_Inc.""]]","[[""Comcast_Corp."", ""exerts_negative_impact_on"", ""Netflix_Inc.""], [""Netflix_Inc."", ""has_implications_for"", ""AT&T_Inc.""], [""Comcast_Corp."", ""associated_with"", ""data_collection_policies""], [""Comcast_Corp."", ""makes_efforts_to_raise"", ""investment-grade_bonds""], [""investment-grade_bonds"", ""part_of"", ""competitive_landscape""], [""investment-grade_bonds"", ""part_of"", ""financial_maneuvers""], [""Comcast_Corp."", ""navigates"", ""competitive_landscape""], [""Comcast_Corp."", ""navigates"", ""financial_maneuvers""]]",0.46770717334674267,0.0,0.5239551067352295,0.41996052556580804,0.44095855184409843,0.9569154241083125,0.9053197368818912,0.8537240496554698,0.8021283624290483,0.7505326752026269,0.6989369879762055,0.6473413007497841,0.5957456135233627,0.5441499262969413,0.4925542390705198,0.44095855184409843,0.8075324726893639,0.7813316856260235
159,"SmileDirectClub Inc. has experienced a decrease in its stock value. The company operates in California, highlighting its geographical market presence. Additionally, SmileDirectClub Inc. has a connection or some form of correlation with Lyft Inc., suggesting potential parallels or shared market dynamics between the two companies.","SmileDirectClub Inc., which operates in California, has undergone a decrease in its stock value. Additionally, there is a notable connection between SmileDirectClub Inc. and Lyft Inc., suggesting potential business or market similarities or influences between the two companies.","[[""SmileDirectClub_Inc."", ""experienced"", ""decrease_in_stock_value""], [""SmileDirectClub_Inc."", ""operates_in"", ""California""], [""SmileDirectClub_Inc."", ""connected_to"", ""Lyft_Inc.""], [""SmileDirectClub_Inc."", ""has_geographical_market_presence_in"", ""California""]]","[[""SmileDirectClub_Inc."", ""operates_in"", ""California""], [""SmileDirectClub_Inc."", ""undergone"", ""decrease_in_stock_value""], [""SmileDirectClub_Inc."", ""connected_to"", ""Lyft_Inc.""]]",1.0,1.0,1.0,1.0,1.0,0.9776467519803477,0.9798820767823129,0.9821174015842782,0.9843527263862433,0.9865880511882086,0.9888233759901739,0.9910587007921391,0.9932940255941043,0.9955293503960696,0.9977646751980348,1.0,0.917969768962174,0.932231747953265
160,"Joe Biden has successfully raised funds which operate in global markets and are related to various regulations. These funds are invested in financial assets such as the Invesco S&P 500 Low Volatility ETF. Moreover, Joe Biden's activities are closely related to the General Election as he controls the Democratic Presidential Race, influencing political and financial landscapes alike.","Joe Biden plays a pivotal role in the political landscape, as he raises funds crucial for various initiatives, which later relate to regulations impacting their use in global markets. These funds actively operate in global markets and are strategically invested in instruments such as the Invesco S&P 500 Low Volatility ETF. His activities are closely tied to the general election, highlighting his influence and control over the Democratic Presidential Race. This interconnected web underscores the relationship between political leadership, financial regulations, and market dynamics.","[[""Joe_Biden"", ""raised"", ""funds""], [""funds"", ""operate_in"", ""global_markets""], [""funds"", ""related_to"", ""regulations""], [""funds"", ""invested_in"", ""Invesco_S&P_500_Low_Volatility_ETF""], [""Joe_Biden"", ""controls"", ""Democratic_Presidential_Race""], [""Joe_Biden"", ""influences"", ""political_landscape""], [""Joe_Biden"", ""influences"", ""financial_landscape""], [""Joe_Biden"", ""related_to"", ""General_Election""]]","[[""Joe_Biden"", ""plays_role_in"", ""political_landscape""], [""Joe_Biden"", ""raises"", ""funds""], [""funds"", ""crucial_for"", ""initiatives""], [""initiatives"", ""related_to"", ""regulations""], [""regulations"", ""impact"", ""global_markets""], [""funds"", ""operate_in"", ""global_markets""], [""funds"", ""invested_in"", ""Invesco_S&P_500_Low_Volatility_ETF""], [""Joe_Biden"", ""tied_to"", ""general_election""], [""Joe_Biden"", ""influences"", ""political_leadership""], [""Joe_Biden"", ""controls"", ""Democratic_Presidential_Race""], [""political_leadership"", ""related_to"", ""financial_regulations""], [""financial_regulations"", ""related_to"", ""market_dynamics""]]",0.7037037037037037,0.30148598551750183,0.7833329439163208,0.529237746757157,0.7037037037037037,0.9708512640622902,0.9441365080264316,0.9174217519905729,0.8907069959547143,0.8639922399188555,0.8372774838829969,0.8105627278471383,0.7838479718112796,0.7571332157754209,0.7304184597395624,0.7037037037037037,0.9094775828548436,0.931125334600005
161,"The Federal Bureau of Investigation exercises control over assets and also holds authority over Cesar Altieri Sayoc. Sayoc is connected to Democrats and has a relationship with New York, highlighting the complex social and legal implications surrounding these entities and their interactions.",The Federal Bureau of Investigation exercises control over assets and Cesar Altieri Sayoc. Cesar Altieri Sayoc is related to the Democrats and also has connections to New York.,"[[""Federal_Bureau_of_Investigation"", ""exercises_control_over"", ""assets""], [""Federal_Bureau_of_Investigation"", ""holds_authority_over"", ""Cesar_Altieri_Sayoc""], [""Cesar_Altieri_Sayoc"", ""connected_to"", ""Democrats""], [""Cesar_Altieri_Sayoc"", ""relationship_with"", ""New_York""]]","[[""Federal_Bureau_of_Investigation"", ""exercises_control_over"", ""assets""], [""Federal_Bureau_of_Investigation"", ""exercises_control_over"", ""Cesar_Altieri_Sayoc""], [""Cesar_Altieri_Sayoc"", ""related_to"", ""Democrats""], [""Cesar_Altieri_Sayoc"", ""connections_to"", ""New_York""]]",1.0,1.0,0.9999998807907104,1.0,1.0,0.9785763998190316,0.9807187598371284,0.9828611198552253,0.985003479873322,0.9871458398914189,0.9892881999095158,0.9914305599276126,0.9935729199457095,0.9957152799638063,0.9978576399819031,1.0,0.9314090249424252,0.9589788674042253
162,"The Prime Minister holds control over several key entities, including public pension funds, the Conservative party, and Boris Johnson. Boris Johnson, who is notably related to the Iran nuclear deal, is also under the Prime Minister's control. Furthermore, Hubert Minnis has control over the Bahamas and is related to the role of Prime Minister, illustrating a connection in leadership and political influence. This interconnected web of control and relations signifies the influence and regulatory power held by these political figures over both domestic and international matters.","The Prime Minister exercises control over several entities including public pension funds, the Conservative Party, and even Boris Johnson. Interestingly, Boris Johnson, who is notably linked to the Iran nuclear deal, is under the influence of the Prime Minister's control, suggesting a complex political dynamic. Meanwhile, Hubert Minnis has control over the Bahamas and has a relationship with the role of Prime Minister, potentially indicating a shared understanding or influence between their respective leadership positions.","[[""Prime_Minister"", ""holds_control_over"", ""public_pension_funds""], [""Prime_Minister"", ""holds_control_over"", ""Conservative_party""], [""Prime_Minister"", ""holds_control_over"", ""Boris_Johnson""], [""Boris_Johnson"", ""related_to"", ""Iran_nuclear_deal""], [""Boris_Johnson"", ""under_control_of"", ""Prime_Minister""], [""Hubert_Minnis"", ""has_control_over"", ""Bahamas""], [""Hubert_Minnis"", ""related_to"", ""role_of_Prime_Minister""], [""Prime_Minister"", ""exercises_influence_over"", ""domestic_matters""], [""Prime_Minister"", ""exercises_influence_over"", ""international_matters""]]","[[""Prime_Minister"", ""exercises_control_over"", ""public_pension_funds""], [""Prime_Minister"", ""exercises_control_over"", ""Conservative_Party""], [""Prime_Minister"", ""exercises_control_over"", ""Boris_Johnson""], [""Boris_Johnson"", ""linked_to"", ""Iran_nuclear_deal""], [""Boris_Johnson"", ""under_influence_of"", ""Prime_Minister""], [""Hubert_Minnis"", ""has_control_over"", ""Bahamas""], [""Hubert_Minnis"", ""has_relationship_with"", ""role_of_Prime_Minister""]]",0.7769269722967449,0.5357345342636108,0.8424174785614014,0.8012576919374246,0.8012576919374246,0.9786315057824921,0.9608941243979854,0.9431567430134787,0.9254193616289718,0.9076819802444651,0.8899445988599584,0.8722072174754516,0.8544698360909448,0.8367324547064381,0.8189950733219313,0.8012576919374246,0.8974378960081206,0.958640569709243
163,"European Officials actively participate in NATO, an alliance that maintains various geopolitical and economic interests. Their participation has a significant impact on investors, influencing market perceptions and financial activities. Furthermore, NATO has a relationship with Turkey, highlighting the country's strategic importance within the alliance.","The Military participates in NATO, a strategic alliance that enhances global defense cooperation. This participation by the Military also impacts Dan Berkovitz, potentially through strategic policy decisions or advisory roles related to defense mechanisms. Furthermore, NATO is related to Fort Worth, which may be a site for significant military installations or operations that contribute to joint defense efforts within the alliance.","[[""European_Officials"", ""participate_in"", ""NATO""], [""NATO"", ""maintains"", ""geopolitical_interests""], [""NATO"", ""maintains"", ""economic_interests""], [""European_Officials"", ""influence"", ""investors""], [""investors"", ""involved_in"", ""market_perceptions""], [""investors"", ""involved_in"", ""financial_activities""], [""NATO"", ""has_relationship_with"", ""Turkey""], [""Turkey"", ""has"", ""strategic_importance""], [""Turkey"", ""strategic_importance_in"", ""NATO""]]","[[""The_Military"", ""participates_in"", ""NATO""], [""NATO"", ""enhances"", ""global_defense_cooperation""], [""The_Military"", ""impacts"", ""Dan_Berkovitz""], [""Dan_Berkovitz"", ""potentially_impacted_by"", ""strategic_policy_decisions""], [""Dan_Berkovitz"", ""potentially_impacted_by"", ""advisory_roles""], [""advisory_roles"", ""related_to"", ""defense_mechanisms""], [""NATO"", ""related_to"", ""Fort_Worth""], [""Fort_Worth"", ""potential_site_for"", ""military_installations""], [""Fort_Worth"", ""potential_site_for"", ""military_operations""], [""military_installations"", ""contribute_to"", ""joint_defense_efforts""], [""military_operations"", ""contribute_to"", ""joint_defense_efforts""]]",0.15876322406928006,0.0,0.01579580083489418,0.0167506302543202,0.15876322406928006,0.7281722467912144,0.671231344519021,0.6142904422468275,0.5573495399746341,0.5004086377024407,0.4434677354302472,0.3865268331580538,0.3295859308858604,0.2726450286136669,0.2157041263414735,0.15876322406928006,0.5558591626945126,0.6812689640926388
164,"Roe v. Wade relates to Anthony Kennedy and has a significant impact on abortion rights. Neil Gorsuch, who is a member of the Supreme Court, relates to the concept of dissent and exerts an influence on Roe v. Wade.","Roe v. Wade relates to Anthony Kennedy and has a significant impact on abortion rights. Neil Gorsuch is a member of the Supreme Court and relates to dissent, and his views also impact Roe v. Wade.","[[""Roe_v._Wade"", ""relates_to"", ""Anthony_Kennedy""], [""Roe_v._Wade"", ""has_impact_on"", ""abortion_rights""], [""Neil_Gorsuch"", ""member_of"", ""Supreme_Court""], [""Neil_Gorsuch"", ""relates_to"", ""dissent""], [""Neil_Gorsuch"", ""exerts_influence_on"", ""Roe_v._Wade""]]","[[""Roe_v._Wade"", ""relates_to"", ""Anthony_Kennedy""], [""Roe_v._Wade"", ""has_impact_on"", ""abortion_rights""], [""Neil_Gorsuch"", ""member_of"", ""Supreme_Court""], [""Neil_Gorsuch"", ""relates_to"", ""dissent""], [""Neil_Gorsuch"", ""views_impact"", ""Roe_v._Wade""]]",1.0,1.0,1.0,1.0,1.0,0.9966960793420724,0.9970264714078652,0.997356863473658,0.9976872555394507,0.9980176476052435,0.9983480396710362,0.9986784317368289,0.9990088238026218,0.9993392158684145,0.9996696079342072,1.0,0.9816278499296145,0.9893739577995067
165,"Lisa Shalett, who is affiliated with Morgan Stanley Wealth Management, is connected to investment opportunities, highlighting her expertise in identifying valuable prospects. These investment opportunities are further linked to the healthcare sector, suggesting a focus on potential growth within this industry. Moreover, investment opportunities also have a correlation with capital investments, indicating the need for substantial financial resources to capitalize on these opportunities.","Lisa Shalett is associated with investment opportunities, likely leveraging her expertise as a member of Morgan Stanley Wealth Management. In her role, she focuses on exploring and advising on various investment opportunities, which have a particular connection to the healthcare sector, highlighting her insight into how investments might be influenced by trends and developments within this field.","[[""Lisa_Shalett"", ""affiliated_with"", ""Morgan_Stanley_Wealth_Management""], [""Lisa_Shalett"", ""connected_to"", ""investment_opportunities""], [""Lisa_Shalett"", ""expertise_in"", ""identifying_valuable_prospects""], [""investment_opportunities"", ""linked_to"", ""healthcare_sector""], [""investment_opportunities"", ""correlation_with"", ""capital_investments""], [""capital_investments"", ""require"", ""substantial_financial_resources""]]","[[""Lisa_Shalett"", ""associated_with"", ""investment_opportunities""], [""Lisa_Shalett"", ""member_of"", ""Morgan_Stanley_Wealth_Management""], [""Lisa_Shalett"", ""focuses_on"", ""exploring_investment_opportunities""], [""Lisa_Shalett"", ""focuses_on"", ""advising_on_investment_opportunities""], [""investment_opportunities"", ""connection_to"", ""healthcare_sector""], [""Lisa_Shalett"", ""expertise_in"", ""insight_into_investment_trends""], [""healthcare_sector"", ""influence_on"", ""investment_opportunities""]]",0.4762896722078402,0.07536247372627258,0.6228910684585571,0.3333333333333333,0.3768891807222045,0.9360329361962807,0.8801185606488731,0.8242041851014655,0.7682898095540578,0.7123754340066502,0.6564610584592426,0.600546682911835,0.5446323073644275,0.4887179318170197,0.4328035562696121,0.3768891807222045,0.8264682055152793,0.7824387350551003
166,"8VC invests in both the Health-Care and Finance sectors, while also exerting control over New York.","8VC invests in both the health-care and finance sectors, and it also has control over operations in New York.","[[""8VC"", ""invests_in"", ""Health-Care""], [""8VC"", ""invests_in"", ""Finance""], [""8VC"", ""exerts_control_over"", ""New_York""]]","[[""8VC"", ""invests_in"", ""health-care""], [""8VC"", ""invests_in"", ""finance""], [""8VC"", ""has_control_over"", ""New_York""]]",1.0,1.0,1.0,1.0,1.0,0.9930370622087161,0.9937333559878445,0.9944296497669729,0.9951259435461013,0.9958222373252297,0.9965185311043581,0.9972148248834865,0.9979111186626148,0.9986074124417432,0.9993037062208716,1.0,0.9743732918352316,0.9856166548727303
167,"Chris Rupkey participates in economic analysis and has a relationship with U.S. Bond Yields. His actions have a negative impact on inflation, which in turn impacts the gold market.","Chris Rupkey participates in economic analysis and relates to U.S. bond yields. His work has a positive impact on inflation, which, in turn, impacts the gold market.","[[""Chris_Rupkey"", ""participates_in"", ""economic_analysis""], [""Chris_Rupkey"", ""related_to"", ""U.S._Bond_Yields""], [""Chris_Rupkey"", ""has_negative_impact_on"", ""inflation""], [""inflation"", ""impacts"", ""gold_market""]]","[[""Chris_Rupkey"", ""participates_in"", ""economic_analysis""], [""Chris_Rupkey"", ""relates_to"", ""U.S._bond_yields""], [""Chris_Rupkey"", ""has_positive_impact_on"", ""inflation""], [""inflation"", ""impacts"", ""gold_market""]]",1.0,1.0,1.0,1.0,1.0,0.9926275893370633,0.993364830403357,0.9941020714696507,0.9948393125359443,0.995576553602238,0.9963137946685316,0.9970510357348253,0.997788276801119,0.9985255178674126,0.9992627589337063,1.0,0.9759171977971045,0.986598984363682
168,"Europe is interconnected with various global issues and regions, including New Zealand, the Nuclear Pact, and Climate Change, highlighting its broad geopolitical and environmental involvement. Within this context, Visa also maintains significant ties with Europe, underscoring the region's importance in the financial sector, particularly in relation to credit cards. This demonstrates the intricate web of relationships that Europe and Visa both navigate on the international stage.","Europe is connected to various geopolitical and technological facets, as it relates to the South China Sea, the Nuclear Pact, and Constitutional Amendments. This relationship underscores the continent's influence and interconnectedness in these significant global arenas. Furthermore, Bytedance Technology Co. is linked to Europe, highlighting a technological connection, and also shares a relationship with the Boeing 737 MAX, indicating involvement or interest in aviation technology. These relationships reflect a diverse set of interactions and associations spanning political, geographical, and technological domains.","[[""Europe"", ""interconnected_with"", ""New_Zealand""], [""Europe"", ""interconnected_with"", ""Nuclear_Pact""], [""Europe"", ""interconnected_with"", ""Climate_Change""], [""Visa"", ""maintains_ties_with"", ""Europe""], [""Europe"", ""important_in"", ""financial_sector""], [""Europe"", ""involved_in"", ""credit_cards""], [""Visa"", ""navigates"", ""international_stage""], [""Europe"", ""navigates"", ""international_stage""]]","[[""Europe"", ""connected_to"", ""South_China_Sea""], [""Europe"", ""connected_to"", ""Nuclear_Pact""], [""Europe"", ""connected_to"", ""Constitutional_Amendments""], [""Bytedance_Technology_Co."", ""linked_to"", ""Europe""], [""Bytedance_Technology_Co."", ""shares_relationship_with"", ""Boeing_737_MAX""], [""Europe"", ""influential_in"", ""geopolitical_arenas""], [""Europe"", ""interconnected_in"", ""global_arenas""], [""Bytedance_Technology_Co."", ""involved_in"", ""aviation_technology""], [""Bytedance_Technology_Co."", ""involved_in"", ""technological_domains""], [""Europe"", ""involved_in"", ""political_domains""], [""Europe"", ""involved_in"", ""geographical_domains""], [""Europe"", ""involved_in"", ""technological_domains""]]",0.20623947784607638,0.0,0.3621356785297394,0.11907241805196005,0.18446619684315546,0.892513667330175,0.8217089202814731,0.7509041732327711,0.6800994261840692,0.6092946791353672,0.5384899320866652,0.4676851850379633,0.39688043798926137,0.3260756909405593,0.2552709438918574,0.18446619684315546,0.6817567423418087,0.6870505482006052
169,"Vladimir Putin relates to Cyprus, while Russia has a connection to Vladimir Putin. Additionally, Russia possesses arms and controls the global oil supply. On another note, Tinder has user data and operates in Russia.","Vladimir Putin relates to Cyprus, while Russia has a significant relationship with Vladimir Putin. Furthermore, Russia possesses arms and controls the global oil supply. In the digital sphere, Tinder has user data and operates in Russia.","[[""Vladimir_Putin"", ""relates_to"", ""Cyprus""], [""Russia"", ""connection_to"", ""Vladimir_Putin""], [""Russia"", ""possesses"", ""arms""], [""Russia"", ""controls"", ""global_oil_supply""], [""Tinder"", ""has"", ""user_data""], [""Tinder"", ""operates_in"", ""Russia""]]","[[""Vladimir_Putin"", ""relates_to"", ""Cyprus""], [""Russia"", ""significant_relationship_with"", ""Vladimir_Putin""], [""Russia"", ""possesses"", ""arms""], [""Russia"", ""controls"", ""global_oil_supply""], [""Tinder"", ""has"", ""user_data""], [""Tinder"", ""operates_in"", ""Russia""]]",1.0,0.9999999403953552,1.0,1.0,1.0,0.986598245583702,0.9879384210253318,0.9892785964669617,0.9906187719085913,0.9919589473502212,0.9932991227918511,0.9946392982334809,0.9959794736751106,0.9973196491167404,0.9986598245583702,1.0,0.9679854822978421,0.9850464468067688
170,"The Democratic Party has tensions and relates to Joe Biden, while also controlling the House impeachment inquiry. Heidi Heitkamp operates in the Democratic Party and is connected to trade policies, which impact both global economic growth and the U.S. Federal Reserve. Furthermore, Heidi Heitkamp operates in the context of Social Security, which is a member of both Medicare and the Social Security Administration, and it relates to the United States.","The Democratic Party has tensions and relates to Joe Biden, while it also controls the House impeachment inquiry. Heidi Heitkamp operates in the Democratic Party. Additionally, Social Security is a member of both Medicare and the Social Security Administration, and it relates to the United States. Furthermore, trade policies impact global economic growth as well as the U.S. Federal Reserve.","[[""Democratic_Party"", ""relates_to"", ""Joe_Biden""], [""Democratic_Party"", ""controls"", ""House_impeachment_inquiry""], [""Heidi_Heitkamp"", ""operates_in"", ""Democratic_Party""], [""Heidi_Heitkamp"", ""connected_to"", ""trade_policies""], [""trade_policies"", ""impact"", ""global_economic_growth""], [""trade_policies"", ""impact"", ""U.S._Federal_Reserve""], [""Heidi_Heitkamp"", ""operates_in_context_of"", ""Social_Security""], [""Social_Security"", ""member_of"", ""Medicare""], [""Social_Security"", ""member_of"", ""Social_Security_Administration""], [""Social_Security"", ""relates_to"", ""United_States""]]","[[""Democratic_Party"", ""relates_to"", ""Joe_Biden""], [""Democratic_Party"", ""controls"", ""House_impeachment_inquiry""], [""Heidi_Heitkamp"", ""operates_in"", ""Democratic_Party""], [""Social_Security"", ""member_of"", ""Medicare""], [""Social_Security"", ""member_of"", ""Social_Security_Administration""], [""Social_Security"", ""relates_to"", ""United_States""], [""trade_policies"", ""impact"", ""global_economic_growth""], [""trade_policies"", ""impact"", ""U.S._Federal_Reserve""]]",0.85,0.9999998211860657,0.9999999403953552,0.8636363636363636,0.8636363636363636,0.9808013588804543,0.9690848593560453,0.9573683598316362,0.945651860307227,0.933935360782818,0.922218861258409,0.9105023617339999,0.8987858622095908,0.8870693626851818,0.8753528631607728,0.8636363636363636,0.9788277227531089,0.9729517085452781
171,"The Bill & Melinda Gates Foundation relates to Saudi Arabia, emphasizing its global outreach and partnerships. Furthermore, the foundation invests in Education and Health, reflecting its commitment to improving these critical sectors worldwide.","Refinitiv relates to Saudi Arabia, indicating a connection that may involve financial insights or services tailored to the region. Additionally, Refinitiv invests in various sectors, including education and health, highlighting its commitment to fostering development and advancements in these critical areas.","[[""Bill_&_Melinda_Gates_Foundation"", ""relates_to"", ""Saudi_Arabia""], [""Bill_&_Melinda_Gates_Foundation"", ""invests_in"", ""Education""], [""Bill_&_Melinda_Gates_Foundation"", ""invests_in"", ""Health""], [""Bill_&_Melinda_Gates_Foundation"", ""committed_to"", ""improving_Education""], [""Bill_&_Melinda_Gates_Foundation"", ""committed_to"", ""improving_Health""]]","[[""Refinitiv"", ""relates_to"", ""Saudi_Arabia""], [""Refinitiv"", ""invests_in"", ""education""], [""Refinitiv"", ""invests_in"", ""health""], [""Refinitiv"", ""committed_to"", ""fostering_development_in_education""], [""Refinitiv"", ""committed_to"", ""fostering_development_in_health""]]",0.6708203932499369,0.0,0.5567378997802734,0.5,0.6454972243679028,0.44001430478893866,0.4605625967468351,0.4811108887047315,0.5016591806626278,0.5222074726205244,0.5427557645784207,0.5633040565363171,0.5838523484942135,0.6044006404521101,0.6249489324100064,0.6454972243679028,0.694656152070306,0.612348556130498
172,"The Trump Organization operates in the United States and is involved in raising contributions. Additionally, the activities of the Trump Organization have an impact on US Treasurys.","The Trump Organization operates in the United States and has an impact on US Treasurys. Additionally, the Trump Organization is associated with a decrease in contributions.","[[""Trump_Organization"", ""operates_in"", ""United_States""], [""Trump_Organization"", ""involved_in"", ""raising_contributions""], [""Trump_Organization"", ""has_an_impact_on"", ""US_Treasurys""]]","[[""Trump_Organization"", ""operates_in"", ""United_States""], [""Trump_Organization"", ""has_an_impact_on"", ""US_Treasurys""], [""Trump_Organization"", ""associated_with"", ""decrease_in_contributions""]]",0.5416666666666666,0.665044903755188,0.7670102715492249,0.5416666666666666,0.5416666666666666,0.9504718089118326,0.909591294687316,0.8687107804627994,0.8278302662382827,0.7869497520137662,0.7460692377892496,0.7051887235647329,0.6643082093402164,0.6234276951156998,0.5825471808911832,0.5416666666666666,0.8748271035090635,0.9479404980864532
173,"Manafort, a member of the Trump campaign, has operations in Ukraine. His activities are related to the Federal Bureau of Investigation. The situation in Ukraine has impacted the Russian Ruble and has connections to matters of justice.","Manafort was a member of the Trump campaign and his activities were related to an investigation by the Federal Bureau of Investigation. In a broader geopolitical and economic context, Ukraine has had a significant impact on the Russian Ruble, and its situation is also related to matters of justice.","[[""Manafort"", ""member_of"", ""Trump_campaign""], [""Manafort"", ""has_operations_in"", ""Ukraine""], [""Manafort"", ""related_to"", ""Federal_Bureau_of_Investigation""], [""Ukraine"", ""impacted"", ""Russian_Ruble""], [""Ukraine"", ""related_to"", ""matters_of_justice""]]","[[""Manafort"", ""member_of"", ""Trump_campaign""], [""Manafort"", ""related_to"", ""Federal_Bureau_of_Investigation""], [""Manafort"", ""related_to"", ""investigation_by_Federal_Bureau_of_Investigation""], [""Ukraine"", ""had_impact_on"", ""Russian_Ruble""], [""Ukraine"", ""related_to"", ""matters_of_justice""], [""Ukraine"", ""part_of"", ""geopolitical_and_economic_context""]]",0.8611111111111112,0.8457340598106384,0.8142877817153931,0.6254627916220946,0.7972339748041415,0.96267420003467,0.9461301775116171,0.9295861549885642,0.9130421324655114,0.8964981099424586,0.8799540874194057,0.8634100648963529,0.8468660423733001,0.8303220198502472,0.8137779973271944,0.7972339748041415,0.9411451445566423,0.9504512282141268
174,"The Global Economy exerts a negative impact on Norway, indicating challenges for its economic stability. In addition, fluctuations in the Global Economy influence copper prices and have a detrimental effect on the market for Tin. The Eurozone Economy also faces difficulties, negatively impacting Italy. However, the implementation of Monetary Stimulus plays a crucial role, having a positive impact on the Treasury, which can be crucial for funding and stabilization efforts. Furthermore, this stimulus significantly influences both the Global Economy and the Eurozone Economy, potentially providing avenues for economic support and growth amidst various challenges.","The Global Economy has a significant influence on various markets and countries. It impacts copper prices, and has a negative impact on Tin, while benefiting Norway positively. Furthermore, the Eurozone Economy, which is a crucial part of the broader economic landscape, has a negative impact on Italy. In the midst of these dynamics, Monetary Stimulus plays a crucial role by affecting both the Global Economy and the Eurozone Economy. Its influence extends to having a positive impact on the Treasury, highlighting its importance in stabilizing financial systems and encouraging growth.","[[""Global_Economy"", ""exerts_negative_impact_on"", ""Norway""], [""Global_Economy"", ""influences"", ""copper_prices""], [""Global_Economy"", ""has_detrimental_effect_on"", ""Tin""], [""Eurozone_Economy"", ""negatively_impacts"", ""Italy""], [""Monetary_Stimulus"", ""has_positive_impact_on"", ""Treasury""], [""Treasury"", ""crucial_for"", ""funding""], [""Treasury"", ""crucial_for"", ""stabilization_efforts""], [""Monetary_Stimulus"", ""influences"", ""Global_Economy""], [""Monetary_Stimulus"", ""influences"", ""Eurozone_Economy""], [""Monetary_Stimulus"", ""provides_avenues_for"", ""economic_support""], [""Monetary_Stimulus"", ""provides_avenues_for"", ""economic_growth""]]","[[""Global_Economy"", ""influences"", ""copper_prices""], [""Global_Economy"", ""has_negative_impact_on"", ""Tin""], [""Global_Economy"", ""benefits"", ""Norway""], [""Eurozone_Economy"", ""is_part_of"", ""broader_economic_landscape""], [""Eurozone_Economy"", ""has_negative_impact_on"", ""Italy""], [""Monetary_Stimulus"", ""affects"", ""Global_Economy""], [""Monetary_Stimulus"", ""affects"", ""Eurozone_Economy""], [""Monetary_Stimulus"", ""has_positive_impact_on"", ""Treasury""], [""Treasury"", ""important_for"", ""stabilizing_financial_systems""], [""Treasury"", ""encourages"", ""growth""]]",0.4811252243246881,0.26744771003723145,0.4850718379020691,0.4206876685596031,0.4811252243246881,0.9682630324563403,0.919549251643175,0.8708354708300099,0.8221216900168445,0.7734079092036794,0.7246941283905142,0.6759803475773489,0.6272665667641838,0.5785527859510186,0.5298390051378533,0.4811252243246881,0.8924918974433125,0.891837722738439
175,"Money operates in China and has a significant impact on the economy, while also relating to monetary policy. The Federal Savings Bank raises money and maintains a relationship with Paul Manafort.","Money impacts the economy and operates in China, while also relating to monetary policy. The Federal Savings Bank raises money and relates to Paul Manafort.","[[""Money"", ""operates_in"", ""China""], [""Money"", ""impacts"", ""economy""], [""Money"", ""relates_to"", ""monetary_policy""], [""Federal_Savings_Bank"", ""raises"", ""Money""], [""Federal_Savings_Bank"", ""maintains_relationship_with"", ""Paul_Manafort""]]","[[""Money"", ""operates_in"", ""China""], [""Money"", ""impacts"", ""economy""], [""Money"", ""relates_to"", ""monetary_policy""], [""Federal_Savings_Bank"", ""raises"", ""Money""], [""Federal_Savings_Bank"", ""relates_to"", ""Paul_Manafort""]]",1.0,1.0,1.0,1.0,1.0,0.9885490800400804,0.9896941720360724,0.9908392640320642,0.9919843560280561,0.9931294480240482,0.9942745400200401,0.9954196320160321,0.9965647240120241,0.997709816008016,0.998854908004008,1.0,0.9730859326632353,0.8121048704559674
176,"The U.K. Economy experiences a negative impact from Brexit uncertainty. The Brexit Plan is intricately related to the United Kingdom, as well as the U.K. Economy and Dublin, highlighting its significance in addressing these interconnected factors.","The U.K. Economy has a positive impact on Brexit uncertainty. The Brexit Plan relates to the United Kingdom, the U.K. Economy, and Dublin, indicating that this plan is significant for the economic context of the United Kingdom and its interactions with Dublin amidst the backdrop of Brexit uncertainties.","[[""U.K._Economy"", ""experiences"", ""negative_impact""], [""negative_impact"", ""caused_by"", ""Brexit_uncertainty""], [""Brexit_Plan"", ""related_to"", ""United_Kingdom""], [""Brexit_Plan"", ""related_to"", ""U.K._Economy""], [""Brexit_Plan"", ""related_to"", ""Dublin""], [""Brexit_uncertainty"", ""affects"", ""United_Kingdom""], [""Brexit_uncertainty"", ""affects"", ""U.K._Economy""], [""Brexit_uncertainty"", ""affects"", ""Dublin""]]","[[""U.K._Economy"", ""has_impact_on"", ""Brexit_uncertainty""], [""Brexit_uncertainty"", ""affected_by"", ""U.K._Economy""], [""Brexit_Plan"", ""relates_to"", ""United_Kingdom""], [""Brexit_Plan"", ""relates_to"", ""U.K._Economy""], [""Brexit_Plan"", ""relates_to"", ""Dublin""], [""United_Kingdom"", ""interacts_with"", ""Dublin""], [""United_Kingdom"", ""interacts_with"", ""U.K._Economy""], [""Brexit_uncertainty"", ""affects"", ""United_Kingdom""], [""Brexit_uncertainty"", ""affects"", ""U.K._Economy""], [""Brexit_uncertainty"", ""affects"", ""Dublin""]]",0.5217491947499509,0.6915052533149719,0.9340626001358032,0.36514837167011077,0.6085806194501846,0.9833690849927123,0.9458902384384594,0.9084113918842068,0.8709325453299539,0.8334536987757012,0.7959748522214485,0.7584960056671957,0.7210171591129428,0.6835383125586901,0.6460594660044374,0.6085806194501846,0.9351096393947405,0.8832151067748846
177,"Cuomo has had a negative impact on North Carolina, a state that possesses both Republican lawmakers and medical services essential for its residents. North Carolina is also related to Hurricane Dorian, indicating a historical or contextual significance perhaps in terms of challenges faced during the storm's impact.","Cuomo has had a negative impact on North Carolina, a state which not only has Republican lawmakers but also a range of medical services. North Carolina is also related to Hurricane Dorian, highlighting the state's diverse challenges and influences.","[[""Cuomo"", ""had_negative_impact_on"", ""North_Carolina""], [""North_Carolina"", ""possesses"", ""Republican_lawmakers""], [""North_Carolina"", ""possesses"", ""medical_services""], [""North_Carolina"", ""related_to"", ""Hurricane_Dorian""], [""medical_services"", ""essential_for"", ""North_Carolina_residents""]]","[[""Cuomo"", ""had_negative_impact_on"", ""North_Carolina""], [""North_Carolina"", ""has"", ""Republican_lawmakers""], [""North_Carolina"", ""has"", ""medical_services""], [""North_Carolina"", ""related_to"", ""Hurricane_Dorian""]]",1.0,0.7827346920967102,0.8992504477500916,0.5477225575051662,0.5627314338711377,0.9804065380852135,0.9386390276638059,0.8968715172423983,0.8551040068209906,0.813336496399583,0.7715689859781756,0.729801475556768,0.6880339651353604,0.6462664547139528,0.6044989442925452,0.5627314338711377,0.9315697763932422,0.7661601893976238
178,"Abenomics, which is controlled by the Nation, has an impact on economic expansion as well as on Japanese Prime Minister Shinzo Abe. Employees, who operate in Prisons, relate to both Unions and Private Companies. Furthermore, the Nation exerts control over Employee, and also works to decrease Partisan Gerrymandering.","The Nation controls Employee, and Employee relates to Private Companies. Additionally, the Nation has taken measures to decrease Partisan Gerrymandering.","[[""Abenomics"", ""controlled_by"", ""Nation""], [""Abenomics"", ""has_impact_on"", ""economic_expansion""], [""Abenomics"", ""has_impact_on"", ""Shinzo_Abe""], [""Employees"", ""operate_in"", ""Prisons""], [""Employees"", ""relate_to"", ""Unions""], [""Employees"", ""relate_to"", ""Private_Companies""], [""Nation"", ""exerts_control_over"", ""Employees""], [""Nation"", ""works_to_decrease"", ""Partisan_Gerrymandering""]]","[[""Nation"", ""controls"", ""Employee""], [""Employee"", ""relates_to"", ""Private_Companies""], [""Nation"", ""has_taken_measures_to_decrease"", ""Partisan_Gerrymandering""]]",0.4166666666666667,0.07643298804759979,0.38312816619873047,0.3611111111111111,0.4166666666666667,0.7897650186131937,0.752455183418541,0.7151453482238884,0.6778355130292355,0.6405256778345829,0.6032158426399302,0.5659060074452775,0.5285961722506248,0.4912863370559721,0.4539765018613193,0.4166666666666667,0.7082231255605638,0.8490759246047745
179,"The National Association of Realtors positively impacts the housing market, which in turn affects both home prices and the labor market. This association also has control over Realtor.com and employs a Chief Economist. Despite this positive impact, the housing market has seen a decrease in sales.","The National Association of Realtors exercises control over Realtor.com and also has a Chief Economist within its structure. Despite these roles, the association has a negative impact on the housing market, influencing it in multiple ways. The housing market, affected by the association, has seen a decrease in sales. Furthermore, it impacts home prices and has significant implications on the labor market as a whole.","[[""National_Association_of_Realtors"", ""positively_impacts"", ""housing_market""], [""housing_market"", ""affects"", ""home_prices""], [""housing_market"", ""affects"", ""labor_market""], [""National_Association_of_Realtors"", ""has_control_over"", ""Realtor.com""], [""National_Association_of_Realtors"", ""employs"", ""Chief_Economist""], [""housing_market"", ""has_decrease_in"", ""sales""]]","[[""National_Association_of_Realtors"", ""exercises_control_over"", ""Realtor.com""], [""National_Association_of_Realtors"", ""has"", ""Chief_Economist""], [""National_Association_of_Realtors"", ""negatively_impacts"", ""housing_market""], [""National_Association_of_Realtors"", ""influences"", ""housing_market""], [""housing_market"", ""has_decrease_in"", ""sales""], [""housing_market"", ""impacts"", ""home_prices""], [""housing_market"", ""has_implications_on"", ""labor_market""]]",1.0,1.0,0.9999998211860657,1.0,1.0,0.9907143506740876,0.9916429156066788,0.9925714805392702,0.9935000454718612,0.9944286104044526,0.9953571753370438,0.996285740269635,0.9972143052022263,0.9981428701348175,0.9990714350674088,1.0,0.9252735099181797,0.9587695281568533
180,"Cambridge Associates operates within the domain of Venture Capital and maintains a geographical presence in Boston. This organization exercises control over investors, influencing their investment strategies and decisions.","McKesson Corp. operates in the fields of venture capital and is actively engaged in the Boston area. Additionally, McKesson Corp. exercises control over Andrea Constand.","[[""Cambridge_Associates"", ""operates_in"", ""Venture_Capital""], [""Cambridge_Associates"", ""located_in"", ""Boston""], [""Cambridge_Associates"", ""exercises_control_over"", ""investors""], [""investors"", ""influenced_by"", ""Cambridge_Associates""], [""investors"", ""makes"", ""investment_strategies""], [""investors"", ""makes"", ""investment_decisions""]]","[[""McKesson_Corp."", ""operates_in"", ""venture_capital""], [""McKesson_Corp."", ""active_in"", ""Boston""], [""McKesson_Corp."", ""exercises_control_over"", ""Andrea_Constand""]]",0.5,0.0,0.4544733762741089,0.408248290463863,0.408248290463863,0.499667556190237,0.4905256296175996,0.48138370304496225,0.4722417764723248,0.4630998498996874,0.45395792332705,0.44481599675441263,0.4356740701817752,0.4265321436091378,0.4173902170365004,0.408248290463863,0.5785123552042557,0.6199403389152125
181,"The House Freedom Caucus has a significant impact on both the Farm Bill and the Immigration Vote, influencing legislative decisions related to these areas. Additionally, the activities and positions of the House Freedom Caucus are related to the policies and administration of President Barack Obama, suggesting that the caucus may have played a role in shaping discussions and decisions during his presidency.","The House Freedom Caucus has a significant impact on the immigration vote, demonstrating its influential role in legislative proceedings. Furthermore, the decisions and actions of the House Freedom Caucus relate to the policies and initiatives of President Barack Obama, indicating an intricate relationship between political stances and executive leadership during his administration.","[[""House_Freedom_Caucus"", ""impact_on"", ""Farm_Bill""], [""House_Freedom_Caucus"", ""impact_on"", ""Immigration_Vote""], [""House_Freedom_Caucus"", ""influences"", ""legislative_decisions""], [""House_Freedom_Caucus"", ""related_to"", ""policies_of_President_Barack_Obama""], [""House_Freedom_Caucus"", ""related_to"", ""administration_of_President_Barack_Obama""], [""President_Barack_Obama"", ""president_during"", ""House_Freedom_Caucus_activities""]]","[[""House_Freedom_Caucus"", ""impact_on"", ""Immigration_Vote""], [""House_Freedom_Caucus"", ""influential_in"", ""legislative_proceedings""], [""House_Freedom_Caucus"", ""relates_to"", ""policies_of_President_Barack_Obama""], [""House_Freedom_Caucus"", ""relates_to"", ""initiatives_of_President_Barack_Obama""], [""House_Freedom_Caucus"", ""interacts_with"", ""executive_leadership_of_President_Barack_Obama""], [""President_Barack_Obama"", ""president_during"", ""House_Freedom_Caucus_decisions""]]",0.7080881928749334,0.0,0.6245012879371643,0.2916666666666667,0.5084751798731266,0.9817720327432552,0.9344423474562423,0.8871126621692296,0.8397829768822166,0.7924532915952037,0.745123606308191,0.6977939210211781,0.6504642357341652,0.6031345504471524,0.5558048651601395,0.5084751798731266,0.9097073279532135,0.9221722097922378
182,Funding operates in Veterans Affairs and is related to clinical trials. Veterans Affairs also operates in the United States and has a connection to Donald Trump.,"Chinese deals operate in Veterans Affairs and are related to growth. Furthermore, Veterans Affairs also operates in Serbia and has a connection to Donald Trump.","[[""Funding"", ""operates_in"", ""Veterans_Affairs""], [""Funding"", ""related_to"", ""clinical_trials""], [""Veterans_Affairs"", ""operates_in"", ""United_States""], [""Veterans_Affairs"", ""connection_to"", ""Donald_Trump""]]","[[""Chinese_deals"", ""operates_in"", ""Veterans_Affairs""], [""Chinese_deals"", ""related_to"", ""growth""], [""Veterans_Affairs"", ""operates_in"", ""Serbia""], [""Veterans_Affairs"", ""connection_to"", ""Donald_Trump""]]",0.23333333333333334,0.3471309542655945,0.6326204538345337,0.23333333333333334,0.23333333333333334,0.7737073293819341,0.719669929777074,0.6656325301722139,0.6115951305673538,0.5575577309624938,0.5035203313576337,0.44948293175277365,0.39544553214791356,0.34140813254305347,0.28737073293819343,0.23333333333333334,0.7027064021105591,0.6589598020593318
183,"CEFC China Energy Co. operates in both the European Union and Shanghai, indicating its geographical reach and business activity in these regions. The company's operations also have an impact on Milos Zeman, suggesting a significant connection between the two. Additionally, Ye Jianming operates in CEFC China Energy Co., highlighting his pivotal role within the organization.","Ye Jianming operates in CEFC China Energy Co., indicating his involvement and influence within the organization.","[[""CEFC_China_Energy_Co."", ""operates_in"", ""European_Union""], [""CEFC_China_Energy_Co."", ""operates_in"", ""Shanghai""], [""CEFC_China_Energy_Co."", ""has_impact_on"", ""Milos_Zeman""], [""Ye_Jianming"", ""operates_in"", ""CEFC_China_Energy_Co.""]]","[[""Ye_Jianming"", ""operates_in"", ""CEFC_China_Energy_Co.""]]",0.10540925533894598,0.3705618679523468,0.35096681118011475,0.10540925533894598,0.10540925533894598,0.8656334008352251,0.7896109862855972,0.7135885717359692,0.6375661571863414,0.5615437426367135,0.48552132808708554,0.4094989135374576,0.3334764989878298,0.2574540844382018,0.18143166988857387,0.10540925533894598,0.8271660083136405,0.8746013106534121
184,"Ukraine holds notable connections with Moscow and is also linked to the impeachment probe, indicating its geopolitical significance. Fiona Hill, an influential figure, has impacted Gordon Sondland and shares relationships with both Ukraine and U.S. elections, highlighting her role in shaping discussions surrounding international relations and political events.","Fiona Hill has exerted an impact on Gordon Sondland, likely influencing his actions or decisions in a significant manner. Additionally, Fiona Hill has a relationship with U.S. elections, suggesting that her work or statements might connect with or affect the political climate or electoral processes in the United States.","[[""Ukraine"", ""connected_to"", ""Moscow""], [""Ukraine"", ""linked_to"", ""impeachment_probe""], [""Ukraine"", ""has_geopolitical_significance"", ""geopolitics""], [""Fiona_Hill"", ""impacted"", ""Gordon_Sondland""], [""Fiona_Hill"", ""shares_relationships_with"", ""Ukraine""], [""Fiona_Hill"", ""shares_relationships_with"", ""U.S._elections""], [""Fiona_Hill"", ""influential_figure_in"", ""international_relations""], [""Fiona_Hill"", ""influential_figure_in"", ""political_events""]]","[[""Fiona_Hill"", ""exerted_impact_on"", ""Gordon_Sondland""], [""Fiona_Hill"", ""influenced"", ""Gordon_Sondland""], [""Fiona_Hill"", ""has_relationship_with"", ""U.S._elections""], [""Fiona_Hill"", ""connects_with"", ""U.S._political_climate""], [""Fiona_Hill"", ""affects"", ""U.S._electoral_processes""], [""Fiona_Hill"", ""impacts"", ""United_States""]]",0.4169751944147297,0.0,0.28935128450393677,0.2948459875572344,0.5277777777777778,0.8183951327645709,0.7893333972658916,0.7602716617672123,0.7312099262685329,0.7021481907698537,0.6730864552711744,0.6440247197724951,0.6149629842738157,0.5859012487751364,0.5568395132764571,0.5277777777777778,0.7113274838231126,0.7752362791918326
185,"Mark Tucker operates in financial institutions and is connected to both US-China trade tensions and the European Union. The ongoing US-China trade tensions are having a significant impact on Qualcomm Inc. and U.S. stocks, as well as a negative impact on U.S. government bond prices.","Mark Tucker operates within financial institutions and has connections to significant geopolitical and economic issues, such as US-China trade tensions and the European Union. The ongoing trade tensions between the United States and China have a negative impact on U.S. government bond prices, an area also relevant to his operations and influences within the financial institutions.","[[""Mark_Tucker"", ""operates_in"", ""financial_institutions""], [""Mark_Tucker"", ""connected_to"", ""US-China_trade_tensions""], [""Mark_Tucker"", ""connected_to"", ""European_Union""], [""US-China_trade_tensions"", ""impact_on"", ""Qualcomm_Inc""], [""US-China_trade_tensions"", ""impact_on"", ""U.S._stocks""], [""US-China_trade_tensions"", ""impact_on"", ""U.S._government_bond_prices""]]","[[""Mark_Tucker"", ""operates_in"", ""financial_institutions""], [""Mark_Tucker"", ""connected_to"", ""US-China_trade_tensions""], [""Mark_Tucker"", ""connected_to"", ""European_Union""], [""US-China_trade_tensions"", ""between"", ""United_States""], [""US-China_trade_tensions"", ""between"", ""China""], [""US-China_trade_tensions"", ""impact_on"", ""U.S._government_bond_prices""], [""Mark_Tucker"", ""influences"", ""financial_institutions""], [""Mark_Tucker"", ""operates_in"", ""area_of_U.S._government_bond_prices""]]",0.5400617248673216,0.003234384348616004,0.6617735028266907,0.44543540318737396,0.5400617248673216,0.9614833620755296,0.9193411983547088,0.8771990346338882,0.8350568709130671,0.7929147071922464,0.7507725434714256,0.7086303797506048,0.666488216029784,0.6243460523089632,0.5822038885881424,0.5400617248673216,0.9054250750653678,0.8128847354493526
186,"The Democratic Party operates in the US Government and has control over the CFTC. Additionally, the Democratic Party raises funds to support its initiatives and activities.","The Democratic Party operates in the US Government, exuding influence over entities such as the CFTC, which it controls. Additionally, the Democratic Party has the capability to raise funds to support its initiatives and policies.","[[""Democratic_Party"", ""operates_in"", ""US_Government""], [""Democratic_Party"", ""has_control_over"", ""CFTC""], [""Democratic_Party"", ""raises_funds_to_support"", ""initiatives""], [""Democratic_Party"", ""raises_funds_to_support"", ""activities""]]","[[""Democratic_Party"", ""operates_in"", ""US_Government""], [""Democratic_Party"", ""exerts_influence_over"", ""CFTC""], [""Democratic_Party"", ""controls"", ""CFTC""], [""Democratic_Party"", ""has_capability_to_raise_funds"", ""initiatives""], [""Democratic_Party"", ""has_capability_to_raise_funds"", ""policies""]]",0.7080881928749334,0.5792244076728821,0.7373548746109009,0.6333333333333333,0.7080881928749334,0.9334614180491165,0.9109240955316983,0.8883867730142799,0.8658494504968616,0.8433121279794433,0.820774805462025,0.7982374829446066,0.7757001604271884,0.75316283790977,0.7306255153923518,0.7080881928749334,0.8842904486325898,0.9121016312074215
187,"Nike Inc. raises sales and revenue, showcasing its growing market presence and financial performance. The NFL relates to Nike Inc. as well as to Donald Trump, indicating potential connections and interactions among these entities within the sports and business landscape.","Nike Inc. has raised both sales and revenue through its strategic initiatives. The NFL relates to Nike Inc., indicating a significant connection between the sports league and the company, which is likely influenced by their partnership. Additionally, the NFL also relates to Donald Trump, suggesting potential interactions or connections between the league and the former president.","[[""Nike_Inc."", ""raises"", ""sales""], [""Nike_Inc."", ""raises"", ""revenue""], [""Nike_Inc."", ""showcases"", ""growing_market_presence""], [""Nike_Inc."", ""showcases"", ""financial_performance""], [""NFL"", ""relates_to"", ""Nike_Inc.""], [""NFL"", ""relates_to"", ""Donald_Trump""]]","[[""Nike_Inc."", ""raises"", ""sales""], [""Nike_Inc."", ""raises"", ""revenue""], [""Nike_Inc."", ""implements"", ""strategic_initiatives""], [""NFL"", ""relates_to"", ""Nike_Inc.""], [""NFL"", ""relates_to"", ""Donald_Trump""], [""Nike_Inc."", ""partners_with"", ""NFL""], [""NFL"", ""influenced_by"", ""partnership_with_Nike_Inc.""], [""NFL"", ""interacts_with"", ""Donald_Trump""]]",0.7042952122737638,0.20341596007347107,0.6868716478347778,0.47619047619047616,0.7042952122737638,0.9598192809963929,0.93426687412413,0.9087144672518671,0.8831620603796041,0.8576096535073412,0.8320572466350784,0.8065048397628154,0.7809524328905526,0.7554000260182896,0.7298476191460267,0.7042952122737638,0.9150081462457098,0.9006710657512159
188,"The Democratic Party, which is a member of the government, operates in Houston and has a positive impact on Conor Lamb. Furthermore, Shelley Mayer, who is affiliated with both the Democratic Party and the Democrat Party, operates within the New York state Assembly. The government's involvement extends beyond political boundaries, as it controls matters both in Myanmar and concerning the College Admissions Scandal.","The Democratic Party is actively involved in operations within Houston and holds membership in the government, which exerts control over various global and domestic affairs such as Myanmar and the College Admissions Scandal. As part of its positive influence, the Democratic Party benefits individuals like Conor Lamb. Meanwhile, Shelley Mayer operates within the New York state Assembly and holds membership in both the Democrat Party and the Democratic Party, further contributing to the party's influence and activities.","[[""Democratic_Party"", ""member_of"", ""government""], [""Democratic_Party"", ""operates_in"", ""Houston""], [""Democratic_Party"", ""positive_impact_on"", ""Conor_Lamb""], [""Shelley_Mayer"", ""affiliated_with"", ""Democratic_Party""], [""Shelley_Mayer"", ""affiliated_with"", ""Democrat_Party""], [""Shelley_Mayer"", ""operates_in"", ""New_York_state_Assembly""], [""government"", ""controls"", ""Myanmar""], [""government"", ""controls"", ""College_Admissions_Scandal""]]","[[""Democratic_Party"", ""member_of"", ""government""], [""Democratic_Party"", ""operates_in"", ""Houston""], [""Democratic_Party"", ""benefits"", ""Conor_Lamb""], [""Shelley_Mayer"", ""member_of"", ""Democrat_Party""], [""Shelley_Mayer"", ""member_of"", ""Democratic_Party""], [""Shelley_Mayer"", ""operates_in"", ""New_York_state_Assembly""], [""government"", ""controls"", ""Myanmar""], [""government"", ""controls"", ""College_Admissions_Scandal""]]",1.0,0.9999999403953552,1.0,1.0,1.0,0.9845658065241912,0.9861092258717721,0.987652645219353,0.9891960645669338,0.9907394839145147,0.9922829032620957,0.9938263226096765,0.9953697419572574,0.9969131613048383,0.9984565806524192,1.0,0.9555112759126976,0.9419924315838196
189,"Harvard University operates in the United States and is connected to Jay Gonzalez, who has relationships with both Harvard University and the Massachusetts Institute of Technology. Additionally, Jay Gonzalez exerts control over campaign funds.","Jay Gonzalez relates to the Massachusetts Institute of Technology, indicating a connection that may involve academic, professional, or collaborative aspects.","[[""Harvard_University"", ""operates_in"", ""United_States""], [""Harvard_University"", ""connected_to"", ""Jay_Gonzalez""], [""Jay_Gonzalez"", ""connected_to"", ""Harvard_University""], [""Jay_Gonzalez"", ""connected_to"", ""Massachusetts_Institute_of_Technology""], [""Jay_Gonzalez"", ""exerts_control_over"", ""campaign_funds""]]","[[""Jay_Gonzalez"", ""relates_to"", ""Massachusetts_Institute_of_Technology""]]",0.3689323936863109,0.23780252039432526,0.5182337164878845,0.3689323936863109,0.3689323936863109,0.8516826554613459,0.8034076292838425,0.755132603106339,0.7068575769288353,0.6585825507513319,0.6103075245738284,0.562032498396325,0.5137574722188214,0.4654824460413179,0.4172074198638144,0.3689323936863109,0.7287983984273849,0.7050438138648875
190,"The Liberals operate in the Canadian Parliament and have a negative impact on Justin Trudeau. Justin Trudeau is related to the United States and exerts control over Gender Equality. Additionally, Ms. Warren announces proposals and controls the Liberals.","Liberals have a negative impact on Justin Trudeau, influencing his political standing and public perception.","[[""Liberals"", ""operate_in"", ""Canadian_Parliament""], [""Liberals"", ""have_negative_impact_on"", ""Justin_Trudeau""], [""Justin_Trudeau"", ""related_to"", ""United_States""], [""Justin_Trudeau"", ""exerts_control_over"", ""Gender_Equality""], [""Ms._Warren"", ""announces"", ""proposals""], [""Ms._Warren"", ""controls"", ""Liberals""]]","[[""Liberals"", ""have_negative_impact_on"", ""Justin_Trudeau""], [""Liberals"", ""influence"", ""Justin_Trudeau_political_standing""], [""Liberals"", ""influence"", ""Justin_Trudeau_public_perception""]]",0.0890870806374748,0.0,0.3041398525238037,0.0629940788348712,0.07273929674533079,0.7923979947326695,0.7204321249339356,0.6484662551352017,0.5765003853364679,0.504534515537734,0.4325686457390001,0.3606027759402663,0.2886369061415324,0.2166710363427985,0.14470516654406462,0.07273929674533079,0.6580737430252089,0.7950624521348159
191,"Michael White has cancer, and he relates to both Iran and the U.S. Central Command. Iran impacts the United Nations Security Council and controls crude prices.",Michael White has presidential power and relates to both Iran and the U.S. Central Command. Iran impacts the Intelligence Committee and controls crude prices.,"[[""Michael_White"", ""has"", ""cancer""], [""Michael_White"", ""relates_to"", ""Iran""], [""Michael_White"", ""relates_to"", ""U.S._Central_Command""], [""Iran"", ""impacts"", ""United_Nations_Security_Council""], [""Iran"", ""controls"", ""crude_prices""]]","[[""Michael_White"", ""has"", ""presidential_power""], [""Michael_White"", ""relates_to"", ""Iran""], [""Michael_White"", ""relates_to"", ""U.S._Central_Command""], [""Iran"", ""impacts"", ""Intelligence_Committee""], [""Iran"", ""controls"", ""crude_prices""]]",0.42600643361512924,0.8925628066062927,0.9338749647140503,0.3888888888888889,0.42600643361512924,0.9393160228086259,0.8879850638892762,0.8366541049699266,0.7853231460505768,0.7339921871312273,0.6826612282118776,0.631330269292528,0.5799993103731783,0.5286683514538285,0.4773373925344789,0.42600643361512924,0.8855848187121487,0.8981399160533382
192,"Chevron has a significant impact on Dow Industrials due to its operations and market activities. Additionally, through its performance and strategic decisions, Chevron contributes to a rise in the Dow Jones Industrial Average. Given its core business, Chevron actively participates in the energy sector, playing a crucial role in shaping trends and dynamics within this industry.","Chevron, a major player in the energy sector, has a significant impact on the Dow Industrials. By participating actively within this sector, Chevron also raises the Dow Jones Industrial Average through its operations and market activities.","[[""Chevron"", ""has_impact_on"", ""Dow_Industrials""], [""Chevron"", ""contributes_to"", ""Dow_Jones_Industrial_Average""], [""Chevron"", ""operates_in"", ""energy_sector""], [""Chevron"", ""plays_role_in"", ""shaping_trends_in_energy_sector""], [""Chevron"", ""makes_strategic_decisions"", ""strategic_decisions""], [""strategic_decisions"", ""affect"", ""Dow_Jones_Industrial_Average""], [""Chevron"", ""performs"", ""performance""], [""performance"", ""affects"", ""Dow_Jones_Industrial_Average""]]","[[""Chevron"", ""has_impact_on"", ""Dow_Industrials""], [""Chevron"", ""raises"", ""Dow_Jones_Industrial_Average""], [""Chevron"", ""operates_in"", ""energy_sector""], [""Chevron"", ""participates_in"", ""energy_sector""], [""Chevron"", ""has_operations"", ""operations""], [""operations"", ""affect"", ""Dow_Jones_Industrial_Average""], [""Chevron"", ""has_market_activities"", ""market_activities""], [""market_activities"", ""affect"", ""Dow_Jones_Industrial_Average""]]",0.29814239699997197,0.48506128787994385,0.7009536027908325,0.3600411499115478,0.49690399499995325,0.9281166705063852,0.8849954029557421,0.8418741354050989,0.7987528678544555,0.7556316003038124,0.7125103327531692,0.6693890652025261,0.6262677976518829,0.5831465301012396,0.5400252625505965,0.49690399499995325,0.8362843192209903,0.8176580376412197
193,"John Cornyn, a figure who affects the political landscape involving Donald Trump, is actively involved in the trade war, a significant event that has far-reaching economic implications. This trade war impacts both the Commodity Market and copper prices, while also having a negative impact on the Chinese Economy. John Cornyn's actions and positions are related to GOP Lawmakers, a group that shares ties with Steve Bannon. These interconnected relationships illustrate the complex interplay between political figures and economic events.","John Cornyn is a significant figure who influences Donald Trump and actively participates in the trade war, a major economic conflict. This trade war has had detrimental effects on the Chinese Economy. Cornyn's role is closely connected to GOP Lawmakers, who themselves have associations with Steve Bannon.","[[""John_Cornyn"", ""affects"", ""political_landscape_involving_Donald_Trump""], [""John_Cornyn"", ""involved_in"", ""trade_war""], [""trade_war"", ""impacts"", ""Commodity_Market""], [""trade_war"", ""impacts"", ""copper_prices""], [""trade_war"", ""impacts"", ""Chinese_Economy""], [""trade_war"", ""has_impact_on"", ""economy""], [""John_Cornyn"", ""related_to"", ""GOP_Lawmakers""], [""GOP_Lawmakers"", ""shares_ties_with"", ""Steve_Bannon""], [""John_Cornyn"", ""has_actions"", ""actions_and_positions""]]","[[""John_Cornyn"", ""influences"", ""Donald_Trump""], [""John_Cornyn"", ""participates_in"", ""trade_war""], [""trade_war"", ""is"", ""major_economic_conflict""], [""trade_war"", ""has_effects_on"", ""Chinese_Economy""], [""John_Cornyn"", ""connected_to"", ""GOP_Lawmakers""], [""GOP_Lawmakers"", ""has_associations_with"", ""Steve_Bannon""]]",0.5896919751144688,0.1178191602230072,0.6239216327667236,0.3984095364447979,0.5819143739626463,0.9383498185790317,0.9027062741173931,0.8670627296557547,0.8314191851941161,0.7957756407324775,0.760132096270839,0.7244885518092006,0.6888450073475619,0.6532014628859234,0.6175579184242849,0.5819143739626463,0.8213214032897165,0.9013137466693216
194,"The Department of Defense is a member of the U.S. Administration and operates in regions such as Niger. It is related to various task forces that collaborate on specific military or strategic objectives. Mattis exercises control over both the Department of Defense and the United States, highlighting his significant role within the government. Furthermore, Mattis has a relationship with the President Trump Administration, emphasizing his influence and involvement at the highest levels of political leadership.",The Department of Defense is an integral part of the U.S. Administration and is associated with the Task Force. It operates in Niger as part of its geographical scope. Mattis plays a significant role by exercising control over both the United States as a whole and the Department of Defense. His influence is also related to the broader framework of the President Trump Administration.,"[[""Department_of_Defense"", ""member_of"", ""U.S._Administration""], [""Department_of_Defense"", ""operates_in"", ""Niger""], [""Department_of_Defense"", ""related_to"", ""task_forces""], [""task_forces"", ""collaborate_on"", ""military_or_strategic_objectives""], [""Mattis"", ""exercises_control_over"", ""Department_of_Defense""], [""Mattis"", ""exercises_control_over"", ""United_States""], [""Mattis"", ""related_to"", ""President_Trump_Administration""], [""President_Trump_Administration"", ""part_of"", ""U.S._government""], [""Mattis"", ""has_influence_in"", ""government""]]","[[""Department_of_Defense"", ""part_of"", ""U.S._Administration""], [""Department_of_Defense"", ""associated_with"", ""Task_Force""], [""Department_of_Defense"", ""operates_in"", ""Niger""], [""Mattis"", ""exercises_control_over"", ""United_States""], [""Mattis"", ""exercises_control_over"", ""Department_of_Defense""], [""Mattis"", ""related_to"", ""President_Trump_Administration""], [""President_Trump_Administration"", ""part_of"", ""U.S._government""], [""Mattis"", ""has_influence_in"", ""political_leadership""]]",0.4008918628686366,0.2542972266674042,0.8098791241645813,0.5621826951410452,0.6415002990995842,0.9880003580004515,0.9533503521103648,0.9187003462202781,0.8840503403301913,0.8494003344401047,0.8147503285500178,0.780100322659931,0.7454503167698444,0.7108003108797576,0.6761503049896709,0.6415002990995842,0.9418750019749843,0.9726129593742189
195,"Anwar Ibrahim has had a negative impact on Dr. Mahathir, while simultaneously raising his Party's prominence, which operates in Paris. His political maneuvers are closely related to economic policies, indicating a broader influence that extends beyond traditional political boundaries.","Anwar Ibrahim has a negative impact on Dr. Mahathir, and he raises awareness and momentum for his Party. The Party he influences operates in Paris, expanding its reach and influence. Anwar Ibrahim's actions and policies are closely related to broader economic policies, indicating his significant role in shaping economic discourse.","[[""Anwar_Ibrahim"", ""has_negative_impact_on"", ""Dr._Mahathir""], [""Anwar_Ibrahim"", ""raises_prominence_of"", ""Party""], [""Party"", ""operates_in"", ""Paris""], [""Anwar_Ibrahim"", ""related_to"", ""economic_policies""], [""economic_policies"", ""extend_beyond"", ""traditional_political_boundaries""]]","[[""Anwar_Ibrahim"", ""has_negative_impact_on"", ""Dr._Mahathir""], [""Anwar_Ibrahim"", ""raises_awareness_for"", ""Party""], [""Anwar_Ibrahim"", ""raises_momentum_for"", ""Party""], [""Party"", ""operates_in"", ""Paris""], [""Party"", ""expanding_reach"", ""Paris""], [""Party"", ""expanding_influence"", ""Paris""], [""Anwar_Ibrahim"", ""related_to"", ""economic_policies""], [""Anwar_Ibrahim"", ""shapes"", ""economic_discourse""], [""economic_policies"", ""indicate"", ""significant_role""]]",0.5833333333333334,0.5794039964675903,0.7830007076263428,0.5143444998736397,0.5833333333333334,0.9505860516673875,0.9138607798339822,0.8771355080005767,0.8404102361671713,0.8036849643337659,0.7669596925003604,0.7302344206669551,0.6935091488335496,0.6567838770001442,0.6200586051667387,0.5833333333333334,0.8742348504621784,0.89681487989088
196,"The Invesco S&P 500 Low Volatility ETF raises funds for utilities and is related to global economic growth. Robert Aderholt has funds and is a member of the House Appropriations Committee, which impacts military construction projects and controls government shutdowns. These funds raise dry powder and relate to Tencent, with a specific investment in the Invesco S&P 500 Low Volatility ETF. Additionally, the House Appropriations Committee is a member of the Department of Defense, indicating its deep involvement in governmental financial decisions.","The Invesco S&P 500 Low Volatility ETF raises funds for utilities and is related to global economic growth. Robert Aderholt has funds and is a member of the House Appropriations Committee, which controls government shutdowns and impacts military construction projects. The funds not only raise dry powder but also relate to Tencent and invest in the Invesco S&P 500 Low Volatility ETF. The House Appropriations Committee is also a member of the Department of Defense.","[[""Invesco_S&P_500_Low_Volatility_ETF"", ""raises_funds_for"", ""utilities""], [""Invesco_S&P_500_Low_Volatility_ETF"", ""related_to"", ""global_economic_growth""], [""Robert_Aderholt"", ""has"", ""funds""], [""Robert_Aderholt"", ""member_of"", ""House_Appropriations_Committee""], [""House_Appropriations_Committee"", ""impacts"", ""military_construction_projects""], [""House_Appropriations_Committee"", ""controls"", ""government_shutdowns""], [""funds"", ""raise"", ""dry_powder""], [""funds"", ""relate_to"", ""Tencent""], [""funds"", ""invest_in"", ""Invesco_S&P_500_Low_Volatility_ETF""], [""House_Appropriations_Committee"", ""member_of"", ""Department_of_Defense""]]","[[""Invesco_S&P_500_Low_Volatility_ETF"", ""raises_funds_for"", ""utilities""], [""Invesco_S&P_500_Low_Volatility_ETF"", ""related_to"", ""global_economic_growth""], [""Robert_Aderholt"", ""has"", ""funds""], [""Robert_Aderholt"", ""member_of"", ""House_Appropriations_Committee""], [""House_Appropriations_Committee"", ""controls"", ""government_shutdowns""], [""House_Appropriations_Committee"", ""impacts"", ""military_construction_projects""], [""funds"", ""raise"", ""dry_powder""], [""funds"", ""relate_to"", ""Tencent""], [""funds"", ""invest_in"", ""Invesco_S&P_500_Low_Volatility_ETF""], [""House_Appropriations_Committee"", ""member_of"", ""Department_of_Defense""]]",1.0,1.0,1.0,1.0,1.0,0.9999999972682814,0.9999999975414532,0.9999999978146252,0.9999999980877969,0.9999999983609689,0.9999999986341407,0.9999999989073125,0.9999999991804844,0.9999999994536563,0.9999999997268282,1.0,1.0,0.9999999840121672
197,"Square, a company operating in Paris, has successfully raised its market capitalization. The city of Paris, where Square is active, is situated in France and is renowned for housing the iconic Notre Dame Cathedral.","Square has succeeded in raising its market capitalization, reflecting its growing influence and positive financial trajectory. The company operates in the vibrant city of Paris, which is itself a significant hub within France. Paris, known for its rich cultural and historical heritage, is home to landmarks such as the Notre Dame Cathedral. As a business conducting operations in Paris, Square benefits from the city's strategic location and economic environment within France.","[[""Square"", ""operating_in"", ""Paris""], [""Square"", ""raised"", ""market_capitalization""], [""Paris"", ""situated_in"", ""France""], [""Paris"", ""home_of"", ""Notre_Dame_Cathedral""], [""Notre_Dame_Cathedral"", ""located_in"", ""Paris""]]","[[""Square"", ""raised"", ""market_capitalization""], [""Square"", ""operates_in"", ""Paris""], [""Paris"", ""located_in"", ""France""], [""Paris"", ""home_of"", ""Notre_Dame_Cathedral""], [""Square"", ""benefits_from"", ""Paris""], [""Paris"", ""part_of"", ""France""], [""Square"", ""influenced_by"", ""economic_environment_of_Paris""], [""Paris"", ""has"", ""strategic_location""], [""Square"", ""operating_in"", ""France""]]",1.0,0.6893366575241089,0.7821361422538757,0.563436169819011,1.0,0.9788955059272924,0.9810059553345631,0.9831164047418339,0.9852268541491045,0.9873373035563754,0.9894477529636462,0.991558202370917,0.9936686517781876,0.9957791011854584,0.9978895505927292,1.0,0.9625878555216785,0.7333413090660357
198,Horst Seehofer relates to the Christian Social Union and controls immigration policies while operating in Italy. The Christian Social Union also relates to the German Government and has a connection with Angela Merkel.,"Horst Seehofer relates to the Christian Social Union, which is also connected to the German Government and Angela Merkel. Within his role, Horst Seehofer controls immigration policies and operates in Italy, emphasizing the international dimension of his policies and political relations.","[[""Horst_Seehofer"", ""relates_to"", ""Christian_Social_Union""], [""Christian_Social_Union"", ""relates_to"", ""German_Government""], [""Christian_Social_Union"", ""connected_to"", ""Angela_Merkel""], [""Horst_Seehofer"", ""controls"", ""immigration_policies""], [""Horst_Seehofer"", ""operates_in"", ""Italy""]]","[[""Horst_Seehofer"", ""relates_to"", ""Christian_Social_Union""], [""Christian_Social_Union"", ""connected_to"", ""German_Government""], [""Christian_Social_Union"", ""connected_to"", ""Angela_Merkel""], [""Horst_Seehofer"", ""controls"", ""immigration_policies""], [""Horst_Seehofer"", ""operates_in"", ""Italy""], [""Horst_Seehofer"", ""emphasizes"", ""international_dimension_of_policies""], [""Horst_Seehofer"", ""emphasizes"", ""political_relations""]]",1.0,0.5386926531791687,0.8326968550682068,0.7457440977032666,1.0,0.9978166300424343,0.9980349670381908,0.9982533040339474,0.9984716410297039,0.9986899780254606,0.9989083150212171,0.9991266520169737,0.9993449890127303,0.9995633260084869,0.9997816630042434,1.0,0.996781501612992,0.9713402135362567
199,"The Polar Vortex, a climatic phenomenon, has a negative impact on major automotive manufacturers such as Ford Motor Co. and Fiat Chrysler Automobiles NV. This impact is characterized by disruptions in production and logistical challenges, which underscore the vulnerability of these companies to extreme weather conditions. Additionally, the Polar Vortex is related to broader climatic changes associated with Global Warming, indicating a link between atmospheric phenomena and global climate trends that further influence economic and industrial operations.","The phenomenon known as the Polar Vortex has a negative impact on major automobile manufacturers such as Ford Motor Co. and Fiat Chrysler Automobiles NV. Furthermore, there is a notable correlation between the Polar Vortex and the broader issue of Global Warming, which may influence climatic conditions affecting these industries.","[[""Polar_Vortex"", ""has_impact_on"", ""Ford_Motor_Co.""], [""Polar_Vortex"", ""has_impact_on"", ""Fiat_Chrysler_Automobiles_NV""], [""Polar_Vortex"", ""characterized_by"", ""disruptions_in_production""], [""Polar_Vortex"", ""characterized_by"", ""logistical_challenges""], [""Ford_Motor_Co."", ""vulnerable_to"", ""extreme_weather_conditions""], [""Fiat_Chrysler_Automobiles_NV"", ""vulnerable_to"", ""extreme_weather_conditions""], [""Polar_Vortex"", ""related_to"", ""Global_Warming""], [""Global_Warming"", ""influence_on"", ""economic_operations""], [""Global_Warming"", ""influence_on"", ""industrial_operations""]]","[[""Polar_Vortex"", ""has_impact_on"", ""Ford_Motor_Co.""], [""Polar_Vortex"", ""has_impact_on"", ""Fiat_Chrysler_Automobiles_NV""], [""Polar_Vortex"", ""correlated_with"", ""Global_Warming""], [""Global_Warming"", ""influence_on"", ""climatic_conditions""], [""climatic_conditions"", ""affect"", ""automobile_industries""]]",0.26352313834736496,0.0,0.6470190286636353,0.09072184232530289,0.24845199749997662,0.9387112726428066,0.8696853451285237,0.8006594176142406,0.7316334900999576,0.6626075625856745,0.5935816350713916,0.5245557075571086,0.4555297800428256,0.3865038525285426,0.3174779250142596,0.24845199749997662,0.8015497016302424,0.8895352951577058
200,"Sen. Mike Lee, who is related to Utah and the House, has a connection to a bill, which in turn has announced an extradition. This suggests his involvement in legislative matters concerning the extradition process, reflecting his political activities within these interconnected domains.","Sen. Mike Lee has a relationship with the House, indicating a connection between his actions or interests and the legislative body.","[[""Sen._Mike_Lee"", ""related_to"", ""Utah""], [""Sen._Mike_Lee"", ""related_to"", ""House""], [""Sen._Mike_Lee"", ""connected_to"", ""bill""], [""bill"", ""announced"", ""extradition""], [""Sen._Mike_Lee"", ""involved_in"", ""legislative_matters""], [""legislative_matters"", ""concerning"", ""extradition_process""], [""Sen._Mike_Lee"", ""engaged_in"", ""political_activities""], [""political_activities"", ""within"", ""interconnected_domains""]]","[[""Sen._Mike_Lee"", ""has_relationship_with"", ""House""], [""Sen._Mike_Lee"", ""connection_between"", ""actions_or_interests""], [""actions_or_interests"", ""related_to"", ""House""], [""House"", ""legislative_body"", ""legislative_body""]]",0.23570226039551587,0.0,0.3242741823196411,0.05555555555555555,0.05555555555555555,0.8443542796494171,0.7654744072400309,0.6865945348306448,0.6077146624212587,0.5288347900118725,0.44995491760248635,0.3710750451931002,0.29219517278371404,0.21331530037432783,0.13443542796494168,0.05555555555555555,0.6185732830939153,0.7878870734317136
201,"Ray Dalio has a negative impact on market volatility, which in turn impacts the Dow Jones Industrial Average and Meta Platforms Inc. Furthermore, market volatility also negatively impacts the inflation rate. Meta Platforms Inc. is related to both the President Trump Administration and the concept of watch, highlighting its position within the political and media landscapes.","Ray Dalio has a negative impact on market volatility, which in turn affects the Dow Jones Industrial Average and also has a negative impact on the inflation rate. Furthermore, market volatility influences Meta Platforms Inc. Moreover, Meta Platforms Inc. relates to both the President Trump Administration and Watch, indicating its connections to political and media landscapes.","[[""Ray_Dalio"", ""has_negative_impact_on"", ""market_volatility""], [""market_volatility"", ""impacts"", ""Dow_Jones_Industrial_Average""], [""market_volatility"", ""impacts"", ""Meta_Platforms_Inc""], [""market_volatility"", ""negatively_impacts"", ""inflation_rate""], [""Meta_Platforms_Inc"", ""related_to"", ""President_Trump_Administration""], [""Meta_Platforms_Inc"", ""related_to"", ""watch""]]","[[""Ray_Dalio"", ""has_negative_impact_on"", ""market_volatility""], [""market_volatility"", ""affects"", ""Dow_Jones_Industrial_Average""], [""market_volatility"", ""has_negative_impact_on"", ""inflation_rate""], [""market_volatility"", ""influences"", ""Meta_Platforms_Inc""], [""Meta_Platforms_Inc"", ""relates_to"", ""President_Trump_Administration""], [""Meta_Platforms_Inc"", ""relates_to"", ""Watch""]]",1.0,0.9999997615814209,1.0,1.0,1.0,0.9897547468239046,0.9907792721415142,0.9918037974591238,0.9928283227767332,0.9938528480943428,0.9948773734119523,0.9959018987295618,0.9969264240471714,0.9979509493647809,0.9989754746823905,1.0,0.95535085430113,0.9654943483406307
202,"Russian trolls have operated on Twitter, causing a negative impact on Mitt Romney. These trolls are also related to the U.S. midterm elections, an event significant in shaping political discourse. Mitt Romney himself is closely associated with Utah and has relevance to the Democratic Party, illustrating his influence across political lines and geographical boundaries. The activities of Russian trolls on platforms like Twitter during the U.S. midterm elections highlight their disruptive potential in the realms where Romney is involved.","Russian Trolls have a negative impact on Mitt Romney, and their operations are mainly conducted on Twitter. Additionally, these trolls are connected to the U.S. midterm elections. Mitt Romney's activities and political affiliations relate to Utah and the Democratic Party.","[[""Russian_trolls"", ""operated_on"", ""Twitter""], [""Russian_trolls"", ""causing_negative_impact_on"", ""Mitt_Romney""], [""Russian_trolls"", ""related_to"", ""U.S._midterm_elections""], [""U.S._midterm_elections"", ""significant_in"", ""shaping_political_discourse""], [""Mitt_Romney"", ""associated_with"", ""Utah""], [""Mitt_Romney"", ""relevant_to"", ""Democratic_Party""], [""Russian_trolls"", ""operating_on"", ""Twitter""], [""Russian_trolls"", ""disruptive_in"", ""realms_where_Romney_is_involved""], [""Mitt_Romney"", ""involved_in"", ""U.S._midterm_elections""]]","[[""Russian_Trolls"", ""having_negative_impact_on"", ""Mitt_Romney""], [""Russian_Trolls"", ""operating_on"", ""Twitter""], [""Russian_Trolls"", ""connected_to"", ""U.S._midterm_elections""], [""Mitt_Romney"", ""associated_with"", ""Utah""], [""Mitt_Romney"", ""affiliated_with"", ""Democratic_Party""]]",0.5051814855409226,0.8372427821159363,0.8280213475227356,0.5051814855409226,0.5051814855409226,0.9532734421211484,0.9084642464631258,0.8636550508051033,0.8188458551470805,0.7740366594890581,0.7292274638310354,0.6844182681730129,0.6396090725149903,0.5947998768569677,0.5499906811989451,0.5051814855409226,0.8854180652644772,0.9555278274147836
203,"Steve Wynn's actions have had a negative impact on the Republican Party, a political entity that operates in regions like Michigan and has control over the U.S. Congress. Despite this negative impact, he has been involved in raising the profile of the GOP. Steve Wynn also has connections relating to the University of Pennsylvania. Meanwhile, the Republican Party faces investigations, which further relate to its broader activities and influence.","Steve Wynn has had a complex relationship with several entities. His actions have negatively impacted the Republican Party, yet he has also been involved in raising efforts for the GOP. Additionally, he is related to the University of Pennsylvania through unspecified connections. The Republican Party, on the other hand, controls the U.S. Congress and operates actively in Michigan. This party is also related to an investigation, showcasing its involvement in various political affairs.","[[""Steve_Wynn"", ""has_negative_impact_on"", ""Republican_Party""], [""Republican_Party"", ""operates_in"", ""Michigan""], [""Republican_Party"", ""has_control_over"", ""U.S._Congress""], [""Steve_Wynn"", ""involved_in"", ""raising_profile_of_GOP""], [""Steve_Wynn"", ""has_connections_with"", ""University_of_Pennsylvania""], [""Republican_Party"", ""faces_investigations"", ""investigations""], [""Republican_Party"", ""has_broader_activities"", ""broader_activities""], [""Republican_Party"", ""has_influence"", ""influence""]]","[[""Steve_Wynn"", ""has_complex_relationship_with"", ""entities""], [""Steve_Wynn"", ""has_negative_impact_on"", ""Republican_Party""], [""Steve_Wynn"", ""involved_in"", ""raising_efforts_for_GOP""], [""Steve_Wynn"", ""related_to"", ""University_of_Pennsylvania""], [""Republican_Party"", ""controls"", ""U.S._Congress""], [""Republican_Party"", ""operates_in"", ""Michigan""], [""Republican_Party"", ""related_to"", ""investigation""], [""Republican_Party"", ""involved_in"", ""political_affairs""]]",0.6481812160876685,0.29192379117012024,0.544396162033081,0.37037037037037035,0.6481812160876685,0.9679883314593506,0.9360076199221824,0.9040269083850143,0.8720461968478459,0.8400654853106777,0.8080847737735095,0.7761040622363413,0.7441233506991731,0.7121426391620049,0.6801619276248367,0.6481812160876685,0.8584881470385362,0.8807429328682421
204,"Annie Donaldson is connected to the US Government, indicating a significant role or involvement within its framework. Her relationship with Donald McGahn suggests a collaboration or interaction, likely rooted in their professional engagements. Furthermore, her association with the Special counsel highlights her involvement in legal or investigative processes that may pertain to matters of national importance. This network of connections underpins her influence and relevance within these spheres.","Annie Donaldson has notable connections with the US Government, Donald McGahn, and the Special Counsel. These relationships suggest her involvement in or influence on various legal and governmental aspects related to these entities.","[[""Annie_Donaldson"", ""connected_to"", ""US_Government""], [""Annie_Donaldson"", ""relationship_with"", ""Donald_McGahn""], [""Annie_Donaldson"", ""association_with"", ""Special_counsel""], [""Annie_Donaldson"", ""involved_in"", ""legal_or_investigative_processes""], [""US_Government"", ""has_involvement_in"", ""national_importance""], [""Annie_Donaldson"", ""has_influence_in"", ""national_importance""], [""Annie_Donaldson"", ""has_relevance_in"", ""US_Government""], [""Annie_Donaldson"", ""has_relevance_in"", ""legal_or_investigative_processes""]]","[[""Annie_Donaldson"", ""connected_to"", ""US_Government""], [""Annie_Donaldson"", ""relationship_with"", ""Donald_McGahn""], [""Annie_Donaldson"", ""relationship_with"", ""Special_Counsel""], [""Annie_Donaldson"", ""involved_in"", ""legal_aspects""], [""Annie_Donaldson"", ""involved_in"", ""governmental_aspects""], [""US_Government"", ""has_legal_aspects"", ""legal_aspects""], [""US_Government"", ""has_governmental_aspects"", ""governmental_aspects""], [""Annie_Donaldson"", ""has_influence_on"", ""US_Government""], [""Annie_Donaldson"", ""has_influence_on"", ""legal_aspects""], [""Annie_Donaldson"", ""has_influence_on"", ""governmental_aspects""]]",0.3888888888888889,0.6635082960128784,0.7594985961914062,0.3888888888888889,0.3888888888888889,0.9702966309430475,0.9121558567376317,0.8540150825322159,0.7958743083268,0.7377335341213841,0.6795927599159682,0.6214519857105524,0.5633112115051365,0.5051704372997206,0.44702966309430475,0.3888888888888889,0.8684427785033098,0.9059625303052008
205,"Ray Dalio has been associated with a negative impact on market volatility, a phenomenon that significantly influences global markets. While market volatility can boost opportunities for global investors, who may benefit from the fluctuations and uncertainties, it also adversely affects the stock exchange, often leading to instability or unpredictable market conditions.","Ray Dalio has a positive impact on market volatility. This volatility, in turn, affects global markets, influencing them in various ways. It also has a positive impact on global investors, possibly by providing opportunities for profit through dynamic trading conditions. However, increased market volatility can have a negative impact on the stock exchange, potentially leading to fluctuations and uncertainties that investors must navigate.","[[""Ray_Dalio"", ""associated_with"", ""negative_impact_on_market_volatility""], [""negative_impact_on_market_volatility"", ""influences"", ""global_markets""], [""market_volatility"", ""affects"", ""global_investors""], [""market_volatility"", ""boosts"", ""opportunities_for_global_investors""], [""global_investors"", ""benefit_from"", ""fluctuations""], [""global_investors"", ""benefit_from"", ""uncertainties""], [""market_volatility"", ""adversely_affects"", ""stock_exchange""], [""market_volatility"", ""leads_to"", ""instability""], [""market_volatility"", ""leads_to"", ""unpredictable_market_conditions""]]","[[""Ray_Dalio"", ""has_positive_impact_on"", ""market_volatility""], [""market_volatility"", ""affects"", ""global_markets""], [""market_volatility"", ""influences"", ""global_markets""], [""market_volatility"", ""has_positive_impact_on"", ""global_investors""], [""market_volatility"", ""provides"", ""opportunities_for_profit""], [""market_volatility"", ""creates"", ""dynamic_trading_conditions""], [""increased_market_volatility"", ""has_negative_impact_on"", ""stock_exchange""], [""increased_market_volatility"", ""leads_to"", ""fluctuations""], [""increased_market_volatility"", ""leads_to"", ""uncertainties""], [""global_investors"", ""navigate"", ""fluctuations""], [""global_investors"", ""navigate"", ""uncertainties""]]",0.6943650748294136,0.029172804206609726,0.6182392835617065,0.5085133809309825,0.37953605763829484,0.9808409488558072,0.920710459734056,0.8605799706123048,0.8004494814905534,0.7403189923688023,0.680188503247051,0.6200580141252998,0.5599275250035486,0.4997970358817973,0.439666546760046,0.37953605763829484,0.8776841042583428,0.8952410199786844
206,"The Socialist Party controls Spain and operates in both Venezuela and the National Assembly. In Venezuela, the situation relates to OPEC and involves participation in economic problems. Furthermore, Venezuela has had a significant impact on the Soviet Union.",The Socialist Party controls Spain and operates in Venezuela as well as the National Assembly.,"[[""Socialist_Party"", ""controls"", ""Spain""], [""Socialist_Party"", ""operates_in"", ""Venezuela""], [""Socialist_Party"", ""operates_in"", ""National_Assembly""], [""Venezuela"", ""relates_to"", ""OPEC""], [""Venezuela"", ""involves"", ""economic_problems""], [""Venezuela"", ""had_impact_on"", ""Soviet_Union""]]","[[""Socialist_Party"", ""controls"", ""Spain""], [""Socialist_Party"", ""operates_in"", ""Venezuela""], [""Socialist_Party"", ""operates_in"", ""National_Assembly""]]",0.472455591261534,0.3747706115245819,0.7148776650428772,0.472455591261534,0.472455591261534,0.8701037662060167,0.8303389487115684,0.7905741312171203,0.7508093137226718,0.7110444962282236,0.6712796787337754,0.6315148612393271,0.5917500437448788,0.5519852262504306,0.5122204087559823,0.472455591261534,0.8484516928898181,0.9193302761979616
207,"Tim Sweeney operates in Cary, N.C. and controls Epic Games Inc., a significant entity that operates in the videogame industry.","Tim Sweeney operates in Cary, N.C., and exercises control over Dahua Technology Co., a company that functions within the videogame industry.","[[""Tim_Sweeney"", ""operates_in"", ""Cary_N.C.""], [""Tim_Sweeney"", ""controls"", ""Epic_Games_Inc.""], [""Epic_Games_Inc."", ""operates_in"", ""videogame_industry""]]","[[""Tim_Sweeney"", ""operates_in"", ""Cary_N.C.""], [""Tim_Sweeney"", ""exercises_control_over"", ""Dahua_Technology_Co.""], [""Dahua_Technology_Co."", ""functions_in"", ""videogame_industry""]]",0.5416666666666666,0.6532742381095886,0.6614123582839966,0.5416666666666666,0.5416666666666666,0.7988631036912602,0.773143459988801,0.7474238162863416,0.7217041725838821,0.6959845288814228,0.6702648851789634,0.644545241476504,0.6188255977740447,0.5931059540715854,0.567386310369126,0.5416666666666666,0.8059562659627035,0.8484712834080874
208,"Wall Street has a negative impact on customer assets while relating to the bond market and impacting US stocks. Schwab participates in Wall Street and operates in banking services, also influencing investor expectations. Furthermore, US stocks impact China and have a tendency to decrease treasury yield.","Wall Street has a negative impact on customer assets while also relating to the bond market. Additionally, Wall Street impacts US stocks, which in turn have implications for China and lead to a decrease in Treasury yield. Schwab participates in Wall Street and operates in banking services, impacting investor expectations in the process.","[[""Wall_Street"", ""has_negative_impact_on"", ""customer_assets""], [""Wall_Street"", ""relates_to"", ""bond_market""], [""Wall_Street"", ""impacts"", ""US_stocks""], [""Schwab"", ""participates_in"", ""Wall_Street""], [""Schwab"", ""operates_in"", ""banking_services""], [""Schwab"", ""influences"", ""investor_expectations""], [""US_stocks"", ""impact"", ""China""], [""US_stocks"", ""decrease"", ""treasury_yield""]]","[[""Wall_Street"", ""has_negative_impact_on"", ""customer_assets""], [""Wall_Street"", ""relates_to"", ""bond_market""], [""Wall_Street"", ""impacts"", ""US_stocks""], [""US_stocks"", ""have_implications_for"", ""China""], [""US_stocks"", ""lead_to_decrease_in"", ""Treasury_yield""], [""Schwab"", ""participates_in"", ""Wall_Street""], [""Schwab"", ""operates_in"", ""banking_services""], [""Schwab"", ""impacts"", ""investor_expectations""]]",1.0,1.0,1.0,1.0,1.0,0.9932393406917653,0.9939154066225888,0.9945914725534124,0.9952675384842358,0.9959436044150592,0.9966196703458827,0.9972957362767061,0.9979718022075297,0.998647868138353,0.9993239340691765,1.0,0.9644849509265296,0.9791209086754851
209,"Productivity has a positive impact on wage gains while also relating to employees and significantly impacting Gross Domestic Product. Additionally, the tax bill impacts the market, whereas business investment decreases the tax bill and also decreases productivity. However, business investment has a positive impact on capital investments.","Productivity relates to employees and has an impact on Gross Domestic Product. However, it has a negative impact on wage gains. The tax bill impacts the market, and business investment decreases both the tax bill and productivity. Conversely, business investment has a positive impact on capital investments.","[[""Productivity"", ""has_positive_impact_on"", ""wage_gains""], [""Productivity"", ""relates_to"", ""employees""], [""Productivity"", ""impacts"", ""Gross_Domestic_Product""], [""tax_bill"", ""impacts"", ""market""], [""business_investment"", ""decreases"", ""tax_bill""], [""business_investment"", ""decreases"", ""productivity""], [""business_investment"", ""has_positive_impact_on"", ""capital_investments""]]","[[""Productivity"", ""relates_to"", ""employees""], [""Productivity"", ""has_negative_impact_on"", ""wage_gains""], [""Productivity"", ""impacts"", ""Gross_Domestic_Product""], [""tax_bill"", ""impacts"", ""market""], [""business_investment"", ""decreases"", ""tax_bill""], [""business_investment"", ""decreases"", ""productivity""], [""business_investment"", ""has_positive_impact_on"", ""capital_investments""]]",1.0,1.0,1.0,1.0,1.0,0.9969205557568752,0.9972285001811877,0.9975364446055002,0.9978443890298125,0.9981523334541251,0.9984602778784376,0.9987682223027501,0.9990761667270626,0.999384111151375,0.9996920555756875,1.0,0.9916117020350306,0.9963861019543478
210,"Matthew Whitaker, known for his connections to Donald Trump, operates within the Environmental Protection Agency and works in the United States.","Matthew Whitaker operates in both the Environmental Protection Agency and the United States, indicating his professional involvement in these areas. His activities or affiliations relate to Donald Trump, suggesting a connection or influence between the two individuals.","[[""Matthew_Whitaker"", ""known_for"", ""connections_to_Donald_Trump""], [""Matthew_Whitaker"", ""operates_in"", ""Environmental_Protection_Agency""], [""Matthew_Whitaker"", ""works_in"", ""United_States""], [""Matthew_Whitaker"", ""connected_to"", ""Donald_Trump""]]","[[""Matthew_Whitaker"", ""operates_in"", ""Environmental_Protection_Agency""], [""Matthew_Whitaker"", ""operates_in"", ""United_States""], [""Matthew_Whitaker"", ""related_to"", ""Donald_Trump""], [""Matthew_Whitaker"", ""has_professional_involvement_in"", ""Environmental_Protection_Agency""], [""Matthew_Whitaker"", ""has_professional_involvement_in"", ""United_States""], [""Donald_Trump"", ""has_influence_on"", ""Matthew_Whitaker""], [""Matthew_Whitaker"", ""has_connection_to"", ""Donald_Trump""]]",1.0,0.7113159894943237,0.9008325338363647,0.7080881928749334,0.78742598543589,0.9695928241030103,0.9513761402362982,0.9331594563695863,0.9149427725028741,0.8967260886361622,0.8785094047694502,0.8602927209027382,0.8420760370360262,0.823859353169314,0.8056426693026021,0.78742598543589,0.9285225372901714,0.8822679138322078
211,"Randall Quarles is a member of both the U.S. Federal Reserve and Stanford University. The U.S. Federal Reserve exercises control over the Hong Kong Dollar, indicating its influence on the currency's stability and regulation.","Randall Quarles is a member of Stanford University, indicating his affiliation with this prestigious institution.","[[""Randall_Quarles"", ""member_of"", ""U.S._Federal_Reserve""], [""Randall_Quarles"", ""member_of"", ""Stanford_University""], [""U.S._Federal_Reserve"", ""exercises_control_over"", ""Hong_Kong_Dollar""], [""U.S._Federal_Reserve"", ""influences"", ""Hong_Kong_Dollar_stability""], [""U.S._Federal_Reserve"", ""regulates"", ""Hong_Kong_Dollar""]]","[[""Randall_Quarles"", ""member_of"", ""Stanford_University""], [""Randall_Quarles"", ""affiliated_with"", ""Stanford_University""]]",0.41247895569215276,0.3457203507423401,0.6422793865203857,0.3689323936863109,0.3689323936863109,0.5279648989863954,0.5120616484563869,0.49615839792637856,0.48025514739637004,0.46435189686636164,0.4484486463363532,0.43254539580634477,0.4166421452763363,0.4007388947463278,0.3848356442163194,0.3689323936863109,0.5734044545041816,0.5754168374851457
212,"The United States has investigations and is related to the Farm Bill. Additionally, the United States controls Cofense Inc., which has corporations. In the context of financial markets, Shanghai impacts institutional investors and the stock market, while it is also controlled by the Chinese government. Refinitiv Holdings Ltd. controls financial information and is a member of the London Stock Exchange, which operates in the United States and has a relationship with Shanghai.","The United States has investigations and is related to the Farm Bill, while also controlling Cofense Inc., which has corporations as its assets. In Shanghai, the stock market and institutional investors are impacted, and this city is under the control of the Chinese government. Moreover, the London Stock Exchange operates in the United States and Refinitiv Holdings Ltd. controls financial information.","[[""United_States"", ""has"", ""investigations""], [""United_States"", ""related_to"", ""Farm_Bill""], [""United_States"", ""controls"", ""Cofense_Inc""], [""Cofense_Inc"", ""has"", ""corporations""], [""Shanghai"", ""impacts"", ""institutional_investors""], [""Shanghai"", ""impacts"", ""stock_market""], [""Shanghai"", ""controlled_by"", ""Chinese_government""], [""Refinitiv_Holdings_Ltd"", ""controls"", ""financial_information""], [""Refinitiv_Holdings_Ltd"", ""member_of"", ""London_Stock_Exchange""], [""London_Stock_Exchange"", ""operates_in"", ""United_States""], [""London_Stock_Exchange"", ""related_to"", ""Shanghai""]]","[[""United_States"", ""has"", ""investigations""], [""United_States"", ""related_to"", ""Farm_Bill""], [""United_States"", ""controls"", ""Cofense_Inc""], [""Cofense_Inc"", ""has"", ""corporations""], [""Shanghai"", ""impacts"", ""stock_market""], [""Shanghai"", ""impacts"", ""institutional_investors""], [""Shanghai"", ""controlled_by"", ""Chinese_government""], [""London_Stock_Exchange"", ""operates_in"", ""United_States""], [""Refinitiv_Holdings_Ltd"", ""controls"", ""financial_information""], [""Refinitiv_Holdings_Ltd"", ""related_to"", ""London_Stock_Exchange""]]",0.9305555555555556,1.0,1.0,0.7361111111111112,0.9305555555555556,0.9938344527478777,0.9875065630286456,0.9811786733094133,0.9748507835901811,0.9685228938709488,0.9621950041517167,0.9558671144324844,0.9495392247132523,0.94321133499402,0.9368834452747877,0.9305555555555556,0.9839475470853498,0.9911714366538289
213,"Rod Rosenstein has connections to the Federal Bureau of Investigation and operates within the jurisdiction of the United States of America. David Apol, who oversees the Office of Government Ethics, is related to Rod Rosenstein, suggesting a professional or contextual association between them.","Rod Rosenstein, operating within the United States of America, has links to the Federal Bureau of Investigation. Additionally, David Apol controls the Office of Government Ethics and is connected to Rod Rosenstein, indicating a relationship between their roles in governmental oversight and ethics.","[[""Rod_Rosenstein"", ""connected_to"", ""Federal_Bureau_of_Investigation""], [""Rod_Rosenstein"", ""operates_within"", ""United_States_of_America""], [""David_Apol"", ""oversees"", ""Office_of_Government_Ethics""], [""David_Apol"", ""related_to"", ""Rod_Rosenstein""], [""Rod_Rosenstein"", ""related_to"", ""David_Apol""]]","[[""Rod_Rosenstein"", ""connected_to"", ""Federal_Bureau_of_Investigation""], [""Rod_Rosenstein"", ""operates_within"", ""United_States_of_America""], [""David_Apol"", ""controls"", ""Office_of_Government_Ethics""], [""David_Apol"", ""connected_to"", ""Rod_Rosenstein""], [""Rod_Rosenstein"", ""connected_to"", ""David_Apol""]]",1.0,1.0,0.9999999403953552,1.0,1.0,0.977164704370123,0.9794482339331108,0.9817317634960985,0.984015293059086,0.9862988226220738,0.9885823521850615,0.9908658817480492,0.9931494113110368,0.9954329408740246,0.9977164704370123,1.0,0.9473268909986762,0.9472547811912947
214,"Fujifilm Holdings Corp. has a positive impact on revenue, while Xerox produces personal computers. Moreover, Xerox Corp. is related to Jeff Jacobson and has raised its profit. Additionally, Xerox Corp. is also related to Fujifilm Holdings Corp. However, Jeff Jacobson has a negative impact on Xerox.","Fujifilm Holdings Corp. has a positive impact on revenue, highlighting its influence on financial performance. Xerox produces personal computers, contributing to its market presence and product offerings. Xerox Corp. is related to Jeff Jacobson, indicating a connection between the two entities. Additionally, Xerox Corp. raises profit, which further emphasizes its financial strategies. The relationship between Xerox Corp. and Fujifilm Holdings Corp. suggests a business link that may affect their operational dynamics. However, Jeff Jacobson negatively impacts Xerox, suggesting that his association with the company may have adverse effects on its performance.","[[""Fujifilm_Holdings_Corp."", ""has_positive_impact_on"", ""revenue""], [""Xerox"", ""produces"", ""personal_computers""], [""Xerox_Corp."", ""related_to"", ""Jeff_Jacobson""], [""Xerox_Corp."", ""raises"", ""profit""], [""Xerox_Corp."", ""related_to"", ""Fujifilm_Holdings_Corp.""], [""Jeff_Jacobson"", ""has_negative_impact_on"", ""Xerox""]]","[[""Fujifilm_Holdings_Corp."", ""has_positive_impact_on"", ""revenue""], [""Fujifilm_Holdings_Corp."", ""influences"", ""financial_performance""], [""Xerox"", ""produces"", ""personal_computers""], [""Xerox"", ""contributes_to"", ""market_presence""], [""Xerox"", ""contributes_to"", ""product_offerings""], [""Xerox_Corp."", ""related_to"", ""Jeff_Jacobson""], [""Xerox_Corp."", ""raises"", ""profit""], [""Xerox_Corp."", ""employs"", ""financial_strategies""], [""Xerox_Corp."", ""related_to"", ""Fujifilm_Holdings_Corp.""], [""Xerox_Corp."", ""linked_to"", ""Fujifilm_Holdings_Corp.""], [""Jeff_Jacobson"", ""associated_with"", ""Xerox""], [""Jeff_Jacobson"", ""has_negative_impact_on"", ""Xerox""]]",1.0,0.5178833603858948,0.7507154941558838,0.5128225940683707,1.0,0.9999999170183919,0.9999999253165527,0.9999999336147136,0.9999999419128742,0.9999999502110352,0.9999999585091959,0.9999999668073567,0.9999999751055175,0.9999999834036783,0.9999999917018392,1.0,1.0,0.966603096119463
215,"The S&P500 raises the Dow Industrials, while also impacting investor confidence. Additionally, Credit Suisse relates to both Private Equity Funds and collusion, as well as to the S&P500.","The S&P500 impacts investor confidence and is associated with a decrease in the Dow Industrials. Additionally, Credit Suisse relates to Private Equity Funds and collusion, and has connections with the S&P500 as well.","[[""S&P500"", ""raises"", ""Dow_Industrials""], [""S&P500"", ""impacts"", ""investor_confidence""], [""Credit_Suisse"", ""relates_to"", ""Private_Equity_Funds""], [""Credit_Suisse"", ""relates_to"", ""collusion""], [""Credit_Suisse"", ""relates_to"", ""S&P500""]]","[[""S&P500"", ""impacts"", ""investor_confidence""], [""S&P500"", ""associated_with"", ""decrease_in_Dow_Industrials""], [""Credit_Suisse"", ""relates_to"", ""Private_Equity_Funds""], [""Credit_Suisse"", ""relates_to"", ""collusion""], [""Credit_Suisse"", ""has_connections_with"", ""S&P500""]]",1.0,0.6751903295516968,0.8945790529251099,0.6944444444444444,1.0,0.9738376836103071,0.9764539152492764,0.9790701468882457,0.981686378527215,0.9843026101661843,0.9869188418051535,0.9895350734441228,0.9921513050830921,0.9947675367220614,0.9973837683610307,1.0,0.9182108796841284,0.9614660050499126
216,"The Global Economy has a negative impact on Precious Metals while simultaneously impacting European banks and the Eurozone Economy. Lead, which relates to Metals, has a negative impact on both Supply Chains and the Global Economy itself. Metals play a crucial role in controlling the Yuan, which is closely related to the Chinese Economy and Economic growth. Moreover, Metals impact the US Economy and are related to prices, further showcasing their significant influence on global financial dynamics.","The Global Economy has a negative impact on precious metals while also impacting European banks and the Eurozone Economy. Concurrently, lead has been shown to negatively impact supply chains and the Global Economy, while also relating to other metals. Notably, metals have control over the Yuan and have an impact on the US Economy. Additionally, metals relate to prices in various markets. The Yuan is closely tied to the Chinese Economy and is linked to economic growth. Overall, these complex relationships illustrate the interplay of different factors within the global economic landscape.","[[""Global_Economy"", ""negative_impact_on"", ""Precious_Metals""], [""Global_Economy"", ""impact_on"", ""European_banks""], [""Global_Economy"", ""impact_on"", ""Eurozone_Economy""], [""Lead"", ""relates_to"", ""Metals""], [""Lead"", ""negative_impact_on"", ""Supply_Chains""], [""Lead"", ""negative_impact_on"", ""Global_Economy""], [""Metals"", ""control"", ""Yuan""], [""Yuan"", ""related_to"", ""Chinese_Economy""], [""Yuan"", ""related_to"", ""Economic_growth""], [""Metals"", ""impact_on"", ""US_Economy""], [""Metals"", ""related_to"", ""prices""]]","[[""Global_Economy"", ""negative_impact_on"", ""precious_metals""], [""Global_Economy"", ""impact_on"", ""European_banks""], [""Global_Economy"", ""impact_on"", ""Eurozone_Economy""], [""Lead"", ""negative_impact_on"", ""supply_chains""], [""Lead"", ""negative_impact_on"", ""Global_Economy""], [""Lead"", ""relates_to"", ""metals""], [""Metals"", ""control"", ""Yuan""], [""Metals"", ""impact_on"", ""US_Economy""], [""Metals"", ""relate_to"", ""prices""], [""Yuan"", ""closely_tied_to"", ""Chinese_Economy""], [""Yuan"", ""linked_to"", ""economic_growth""]]",1.0,0.9240919947624207,0.9726073145866394,1.0,1.0,0.9962012935737254,0.9965811642163529,0.9969610348589804,0.9973409055016078,0.9977207761442353,0.9981006467868627,0.9984805174294902,0.9988603880721176,0.9992402587147451,0.9996201293573725,1.0,0.982339267547031,0.8356489436756405
217,"Economic growth has a positive impact on prices while simultaneously impacting The U.S. Economy. However, it can also negatively impact selloffs in the market. In the context of prices, there is a noted decrease in oil futures, and prices relate to demand. Furthermore, selloffs have an impact on both stocks and credit markets.","Economic growth has a positive impact on prices and significantly impacts The U.S. Economy. However, it can also negatively impact selloffs, which in turn impact stocks and credit markets. Prices tend to decrease with regard to oil futures and relate closely to demand.","[[""Economic_growth"", ""has_positive_impact_on"", ""prices""], [""Economic_growth"", ""impacts"", ""The_U.S._Economy""], [""Economic_growth"", ""negatively_impacts"", ""selloffs_in_the_market""], [""selloffs_in_the_market"", ""impacts"", ""stocks""], [""selloffs_in_the_market"", ""impacts"", ""credit_markets""], [""prices"", ""relate_to"", ""demand""], [""oil_futures"", ""experience_decrease_in"", ""prices""]]","[[""Economic_growth"", ""has_positive_impact_on"", ""prices""], [""Economic_growth"", ""significantly_impacts"", ""The_U.S._Economy""], [""Economic_growth"", ""negatively_impacts"", ""selloffs""], [""selloffs"", ""impact"", ""stocks""], [""selloffs"", ""impact"", ""credit_markets""], [""prices"", ""relate_closely_to"", ""demand""], [""oil_futures"", ""have_decrease_in"", ""prices""]]",1.0,0.9362275004386902,0.9367524981498718,0.7708333333333334,1.0,0.9832603122653496,0.9849342810388146,0.9866082498122797,0.9882822185857447,0.9899561873592098,0.9916301561326748,0.9933041249061398,0.9949780936796049,0.9966520624530699,0.998326031226535,1.0,0.9453471314927308,0.9708386176083132
218,"A Party exercises control over political power, effectively steering decisions and governance. Additionally, the Party raises opposition research to scrutinize and counter rival political entities, a strategy particularly employed within its operational sphere of Paris. This research serves to strengthen its influence by providing a comprehensive understanding of the opposing forces in the political landscape.","The Party exerts control over political power, influencing the political landscape in various ways. It also plays an active role in raising opposition research, which can be utilized to scrutinize and challenge rivals effectively. Additionally, this Party operates in Paris, suggesting its scope of influence extends into the political and social realms of the city, where it continues to shape local political dynamics.","[[""Party"", ""exercises_control_over"", ""political_power""], [""Party"", ""steers"", ""decisions""], [""Party"", ""steers"", ""governance""], [""Party"", ""raises"", ""opposition_research""], [""opposition_research"", ""scrutinizes"", ""rival_political_entities""], [""opposition_research"", ""counters"", ""rival_political_entities""], [""Party"", ""operates_in"", ""Paris""], [""opposition_research"", ""strengthens"", ""influence""], [""opposition_research"", ""provides"", ""comprehensive_understanding""], [""comprehensive_understanding"", ""of"", ""opposing_forces""], [""opposing_forces"", ""in"", ""political_landscape""]]","[[""Party"", ""exerts_control_over"", ""political_power""], [""Party"", ""influences"", ""political_landscape""], [""Party"", ""raises"", ""opposition_research""], [""opposition_research"", ""scrutinizes"", ""rivals""], [""opposition_research"", ""challenges"", ""rivals""], [""Party"", ""operates_in"", ""Paris""], [""Party"", ""shapes"", ""local_political_dynamics""], [""Party"", ""influences"", ""political_realms""], [""Party"", ""influences"", ""social_realms""], [""influence"", ""extends_to"", ""Paris""]]",0.21213203435596426,0.21494987607002258,0.5232412815093994,0.3337119062359573,0.49382916465843113,0.9405611965741125,0.8958879933825444,0.8512147901909763,0.806541586999408,0.7618683838078399,0.7171951806162719,0.6725219774247038,0.6278487742331356,0.5831755710415674,0.5385023678499993,0.49382916465843113,0.7717397333371574,0.7834969499530764
219,"Steve Bannon is related to the Justice department and exercises control over Fox News. His presence was notably introduced by Michael Wolff, who also has connections to the West Wing and the Democrats. The Democrats have been actively raising cash, which they are investing in infrastructure projects. Additionally, the Democrats have announced a forthcoming vote, indicating their strategic initiatives and policy directions.","Michael Wolff has introduced Steve Bannon, a figure who has connections with the Justice Department and reportedly has control over Fox News. Wolff is also related to the West Wing and the Democrats. The Democrats have been active in raising cash and investing in infrastructure projects, and they have announced a vote pertinent to their agenda.","[[""Steve_Bannon"", ""related_to"", ""Justice_department""], [""Steve_Bannon"", ""exercises_control_over"", ""Fox_News""], [""Michael_Wolff"", ""introduced"", ""Steve_Bannon""], [""Michael_Wolff"", ""related_to"", ""West_Wing""], [""Michael_Wolff"", ""related_to"", ""Democrats""], [""Democrats"", ""raising"", ""cash""], [""Democrats"", ""investing_in"", ""infrastructure_projects""], [""Democrats"", ""announced"", ""forthcoming_vote""], [""forthcoming_vote"", ""indicates"", ""strategic_initiatives""], [""forthcoming_vote"", ""indicates"", ""policy_directions""]]","[[""Michael_Wolff"", ""introduced"", ""Steve_Bannon""], [""Steve_Bannon"", ""related_to"", ""Justice_Department""], [""Steve_Bannon"", ""exercises_control_over"", ""Fox_News""], [""Michael_Wolff"", ""related_to"", ""West_Wing""], [""Michael_Wolff"", ""related_to"", ""Democrats""], [""Democrats"", ""raising"", ""cash""], [""Democrats"", ""investing_in"", ""infrastructure_projects""], [""Democrats"", ""announced"", ""vote""], [""vote"", ""pertinent_to"", ""agenda""]]",0.6356417261637282,0.18210206925868988,0.8027012944221497,0.5244044240850757,0.6356417261637282,0.9637746357289779,0.930961344772453,0.898148053815928,0.8653347628594029,0.832521471902878,0.7997081809463531,0.766894889989828,0.7340815990333031,0.7012683080767781,0.6684550171202531,0.6356417261637282,0.9216431474912411,0.9521405760202044
220,"China is related to the Pope and has a control over blockchain technology. Furthermore, China exerts a negative impact on U.S. agricultural exports. In the context of education, there are various relationships, as education relates to both the governor election and the tax cut, in addition to the election results. Baidu Inc. operates in China and the field of education, simultaneously experiencing a decrease in its shares.","China has a notable relationship with the Pope and exerts control over blockchain technology. However, it has a negative impact on U.S. agricultural exports. In the context of education, this sector relates to the Governor election, tax cuts, and election results, indicating the interconnectedness of these elements. Baidu Inc. operates within China as well as in the education sector while experiencing a decrease in its shares.","[[""China"", ""related_to"", ""Pope""], [""China"", ""control_over"", ""blockchain_technology""], [""China"", ""negative_impact_on"", ""U.S._agricultural_exports""], [""education"", ""related_to"", ""governor_election""], [""education"", ""related_to"", ""tax_cut""], [""education"", ""related_to"", ""election_results""], [""Baidu_Inc."", ""operates_in"", ""China""], [""Baidu_Inc."", ""operates_in"", ""education""], [""Baidu_Inc."", ""experiences"", ""decrease_in_shares""]]","[[""China"", ""related_to"", ""Pope""], [""China"", ""control_over"", ""blockchain_technology""], [""China"", ""negative_impact_on"", ""U.S._agricultural_exports""], [""education"", ""related_to"", ""Governor_election""], [""education"", ""related_to"", ""tax_cuts""], [""education"", ""related_to"", ""election_results""], [""Baidu_Inc."", ""operates_in"", ""China""], [""Baidu_Inc."", ""operates_in"", ""education""], [""Baidu_Inc."", ""experiences"", ""decrease_in_shares""]]",1.0,0.9459407925605774,0.9628010988235474,0.8166666666666667,1.0,0.9994547342543916,0.9995092608289524,0.9995637874035133,0.9996183139780741,0.999672840552635,0.9997273671271958,0.9997818937017566,0.9998364202763175,0.9998909468508783,0.9999454734254392,1.0,0.9973713059470404,0.9969386418154987
221,"Partners Group operates in Europe, with a notable presence in Paris. In addition to its operational footprint, Partners Group actively invests in private equity funds, leveraging its strategic position within the region to maximize investment opportunities.","The Syrian Democratic Forces operate in both the United Kingdom and Paris, showcasing their expansive geographical reach. In addition to their operational activities in these regions, they invest in Grace 1, highlighting a strategic move that involves allocating resources into this entity.","[[""Partners_Group"", ""operates_in"", ""Europe""], [""Partners_Group"", ""notable_presence_in"", ""Paris""], [""Partners_Group"", ""invests_in"", ""private_equity_funds""], [""private_equity_funds"", ""located_in"", ""Europe""]]","[[""Syrian_Democratic_Forces"", ""operate_in"", ""United_Kingdom""], [""Syrian_Democratic_Forces"", ""operate_in"", ""Paris""], [""Syrian_Democratic_Forces"", ""invests_in"", ""Grace_1""]]",0.25,0.0,0.23709620535373688,0.25,0.25,0.34819928588528776,0.338379357296759,0.3285594287082302,0.3187395001197014,0.30891957153117267,0.2990996429426439,0.2892797143541151,0.27945978576558633,0.2696398571770575,0.25981992858852876,0.25,0.48256735980029286,0.5907279689053844
222,"Elon Musk exercises control over Neuralink, a company that operates primarily within the United States. Neuralink has managed to raise significant investment to further its operations. Additionally, Elon Musk has connections to Fremont and is noted for his relationship with analysts who closely follow his ventures and business activities.","Elon Musk has control over Neuralink, a company that operates in the United States and has successfully raised investment to fuel its ventures. Musk is also related to Fremont, possibly due to his significant business activities in the area, as well as to analysts, who frequently monitor and evaluate his business endeavors.","[[""Elon_Musk"", ""exercises_control_over"", ""Neuralink""], [""Neuralink"", ""operates_in"", ""United_States""], [""Neuralink"", ""raised_investment"", ""significant_investment""], [""Elon_Musk"", ""connected_to"", ""Fremont""], [""Elon_Musk"", ""noted_for"", ""relationship_with_analysts""], [""analysts"", ""follow"", ""Elon_Musk""], [""analysts"", ""monitor"", ""Elon_Musk_business_activities""]]","[[""Elon_Musk"", ""has_control_over"", ""Neuralink""], [""Neuralink"", ""operates_in"", ""United_States""], [""Neuralink"", ""raised_investment"", ""investment""], [""Elon_Musk"", ""related_to"", ""Fremont""], [""Elon_Musk"", ""related_to"", ""analysts""], [""analysts"", ""monitor"", ""Elon_Musk_business_endeavors""], [""analysts"", ""evaluate"", ""Elon_Musk_business_endeavors""]]",1.0,0.7788864970207214,0.733778178691864,0.33407655239053047,0.8292279828967711,0.9799037185386745,0.9648361449744842,0.9497685714102939,0.9347009978461035,0.9196334242819131,0.9045658507177228,0.8894982771535325,0.8744307035893422,0.8593631300251519,0.8442955564609614,0.8292279828967711,0.9090215602996327,0.9281829328255706
223,"Jho Low operates in the financial system and has a relationship with the Malaysia Government, indicating a significant connection between his activities and the governance of financial matters in Malaysia. Additionally, Jho Low is also related to the United States, suggesting further implications in international financial relationships or investigations.","Jho Low is related to the United States, indicating a connection between this individual and various activities or implications within the U.S. context.","[[""Jho_Low"", ""operates_in"", ""financial_system""], [""Jho_Low"", ""related_to"", ""Malaysia_Government""], [""Jho_Low"", ""related_to"", ""United_States""], [""Jho_Low"", ""connection_to"", ""governance_of_financial_matters_in_Malaysia""], [""Malaysia_Government"", ""governs"", ""financial_matters_in_Malaysia""]]","[[""Jho_Low"", ""related_to"", ""United_States""], [""Jho_Low"", ""connection_to"", ""activities_or_implications_within_U.S._context""]]",0.30123203803835463,0.23860366642475128,0.4954976439476013,0.27498597046143514,0.27498597046143514,0.734586841469524,0.6886267543687152,0.6426666672679062,0.5967065801670973,0.5507464930662884,0.5047864059654796,0.45882631886467073,0.41286623176386184,0.36690614466305294,0.32094605756224404,0.27498597046143514,0.712867050600186,0.7365990984086002
224,"Hope Hicks is related to the US Government as well as Donald McGahn and the investigation surrounding Russia interference. The US Government, in its financial role, controls bonds as part of its economic measures.","Hope Hicks is related to the issue of Russia interference, suggesting a connection or involvement in discussions or investigations pertaining to this significant political matter.","[[""Hope_Hicks"", ""related_to"", ""US_Government""], [""Hope_Hicks"", ""related_to"", ""Donald_McGahn""], [""Hope_Hicks"", ""related_to"", ""Russia_interference_investigation""], [""US_Government"", ""controls"", ""bonds""], [""US_Government"", ""has_financial_role"", ""economic_measures""], [""bonds"", ""part_of"", ""economic_measures""]]","[[""Hope_Hicks"", ""related_to"", ""Russia_interference_issue""], [""Russia_interference_issue"", ""involves"", ""discussions""], [""Russia_interference_issue"", ""involves"", ""investigations""], [""Hope_Hicks"", ""involved_in"", ""Russia_interference_discussions""], [""Hope_Hicks"", ""involved_in"", ""Russia_interference_investigations""]]",0.06804138174397717,0.0,0.1171574592590332,0.027777777777777776,0.21300321680756462,0.5628032560001479,0.5278232520808896,0.4928432481616313,0.4578632442423729,0.4228832403231146,0.38790323640385627,0.35292323248459795,0.31794322856533963,0.28296322464608126,0.24798322072682294,0.21300321680756462,0.5937889839997768,0.5650529904478321
225,"Afghan Forces are in control of the strategic location of Ghazni, and they operate within the boundaries of Afghanistan. The nation of Afghanistan possesses U.S. Troops, which reflects its intricate relationship with the U.S. Military. This relationship extends to being connected to significant figures like Ashraf Ghani, illustrating the multifaceted geopolitical dynamics at play. Meanwhile, the U.S. Military exercises control over Islamic State fighters, demonstrating its strategic operational capacity. Additionally, the military operates in locations beyond Afghanistan, such as Seoul, showcasing a global military presence.","Afghan Forces exert control over Idaho and are actively operating within Afghanistan. Afghanistan itself is closely linked to the U.S. Military and holds U.S. Troops within its borders. Additionally, the country maintains a connection to Ashraf Ghani, a significant figure in its political landscape. The U.S. Military has a controlling influence on the International Committee of the Red Cross and extends its operational activities to Estonia.","[[""Afghan_Forces"", ""control"", ""Ghazni""], [""Afghan_Forces"", ""operate_in"", ""Afghanistan""], [""Afghanistan"", ""possesses"", ""U.S._Troops""], [""Afghanistan"", ""related_to"", ""U.S._Military""], [""Ashraf_Ghani"", ""connected_to"", ""Afghanistan""], [""Ashraf_Ghani"", ""significant_figure_in"", ""Afghanistan""], [""U.S._Military"", ""exercises_control_over"", ""Islamic_State_fighters""], [""U.S._Military"", ""operates_in"", ""Seoul""], [""U.S._Military"", ""operates_in"", ""Afghanistan""], [""Afghanistan"", ""related_to"", ""Ashraf_Ghani""]]","[[""Afghan_Forces"", ""exert_control_over"", ""Idaho""], [""Afghan_Forces"", ""operate_in"", ""Afghanistan""], [""Afghanistan"", ""linked_to"", ""U.S._Military""], [""Afghanistan"", ""holds"", ""U.S._Troops""], [""Afghanistan"", ""connected_to"", ""Ashraf_Ghani""], [""Ashraf_Ghani"", ""significant_figure_in"", ""Afghanistan""], [""U.S._Military"", ""controlling_influence_on"", ""International_Committee_of_the_Red_Cross""], [""U.S._Military"", ""operates_in"", ""Estonia""], [""U.S._Military"", ""operates_in"", ""Afghanistan""]]",0.24343224778007383,0.1612253338098526,0.6393694877624512,0.3333333333333333,0.3563483225498992,0.9682285186323193,0.9070404990240772,0.8458524794158353,0.7846644598075931,0.7234764401993512,0.6622884205911093,0.6011004009828672,0.5399123813746252,0.4787243617663831,0.41753634215814117,0.3563483225498992,0.8255894543566085,0.8346242612698874
226,"T. Rowe Price Associates Inc. has made strategic financial moves by investing in Netflix Inc. and raising its stakes in both Microsoft Corporation and Alphabet Inc. Microsoft Corporation, a significant entity within the portfolio, operates in emerging markets and invests in the San Francisco Bay Area, highlighting its expansive reach and influence.","T. Rowe Price Associates Inc. has directed its investment strategy towards Netflix Inc., demonstrating confidence in the company's potential for growth. Additionally, T. Rowe Price Associates Inc. has raised financial activities involving Banco Santander and Bank of Montreal, suggesting an expansion of financial engagements or support. Banco Santander, in turn, operates in areas including the Syrian Border, and it also invests in the San Francisco Bay Area, indicating its strategic diversification and expansion in various geographically and economically significant regions.","[[""T._Rowe_Price_Associates_Inc."", ""invests_in"", ""Netflix_Inc.""], [""T._Rowe_Price_Associates_Inc."", ""raises_stakes_in"", ""Microsoft_Corporation""], [""T._Rowe_Price_Associates_Inc."", ""raises_stakes_in"", ""Alphabet_Inc.""], [""Microsoft_Corporation"", ""operates_in"", ""emerging_markets""], [""Microsoft_Corporation"", ""invests_in"", ""San_Francisco_Bay_Area""], [""Microsoft_Corporation"", ""part_of_portfolio"", ""T._Rowe_Price_Associates_Inc.""]]","[[""T._Rowe_Price_Associates_Inc."", ""invests_in"", ""Netflix_Inc.""], [""T._Rowe_Price_Associates_Inc."", ""raises_financial_activities_with"", ""Banco_Santander""], [""T._Rowe_Price_Associates_Inc."", ""raises_financial_activities_with"", ""Bank_of_Montreal""], [""Banco_Santander"", ""operates_in"", ""Syrian_Border""], [""Banco_Santander"", ""invests_in"", ""San_Francisco_Bay_Area""]]",0.4422689813358516,0.18879808485507965,0.3414653539657593,0.3611111111111111,0.4422689813358516,0.6745507900607229,0.6513226091882358,0.6280944283157487,0.6048662474432616,0.5816380665707743,0.5584098856982873,0.5351817048258001,0.5119535239533131,0.4887253430808258,0.4654971622083387,0.4422689813358516,0.7009587695777133,0.7034843812788498
227,"Treasury Yield has a negative impact on both autos and assets, while simultaneously exerting a positive impact on the US Stock Market. The performance of US stocks also impacts both China and trade progress. Furthermore, government bonds are related to investor confidence and Treasury Yield, but they have a negative impact on market volatility. Market volatility in turn impacts US stocks, financial markets, and global markets.","Treasury Yield negatively impacts both autos and assets while positively impacting the US stock market. Furthermore, US stocks have an impact on China and trade progress. Government bonds relate to investor confidence and Treasury Yield, but they also have a negative impact on market volatility. This market volatility subsequently impacts US stocks, the financial markets, and global markets.","[[""Treasury_Yield"", ""has_negative_impact_on"", ""autos""], [""Treasury_Yield"", ""has_negative_impact_on"", ""assets""], [""Treasury_Yield"", ""has_positive_impact_on"", ""US_Stock_Market""], [""US_Stock_Market"", ""impacts"", ""China""], [""US_Stock_Market"", ""impacts"", ""trade_progress""], [""Government_Bonds"", ""related_to"", ""investor_confidence""], [""Government_Bonds"", ""related_to"", ""Treasury_Yield""], [""Government_Bonds"", ""has_negative_impact_on"", ""market_volatility""], [""Market_Volatility"", ""impacts"", ""US_Stocks""], [""Market_Volatility"", ""impacts"", ""financial_markets""], [""Market_Volatility"", ""impacts"", ""global_markets""]]","[[""Treasury_Yield"", ""has_negative_impact_on"", ""autos""], [""Treasury_Yield"", ""has_negative_impact_on"", ""assets""], [""Treasury_Yield"", ""has_positive_impact_on"", ""US_Stock_Market""], [""US_Stock_Market"", ""impacts"", ""China""], [""US_Stock_Market"", ""impacts"", ""trade_progress""], [""Government_Bonds"", ""related_to"", ""investor_confidence""], [""Government_Bonds"", ""related_to"", ""Treasury_Yield""], [""Government_Bonds"", ""has_negative_impact_on"", ""market_volatility""], [""Market_Volatility"", ""impacts"", ""US_Stocks""], [""Market_Volatility"", ""impacts"", ""financial_markets""], [""Market_Volatility"", ""impacts"", ""global_markets""]]",1.0,1.0,0.9999999403953552,1.0,1.0,0.9999999985925709,0.9999999987333138,0.9999999988740569,0.9999999990147996,0.9999999991555426,0.9999999992962855,0.9999999994370283,0.9999999995777713,0.9999999997185142,0.9999999998592571,1.0,1.0,0.999999965450288
228,"The U.S. Dollar has a negative impact on the Federal Reserve Chairman, likely due to the complexities surrounding monetary policy and currency value management. Global trade plays a significant role in influencing bond prices, and it is also related to the United States. Furthermore, trade disputes negatively impact the U.S. Dollar while also affecting global trade itself. Additionally, these trade disputes have a broader impact on the Global Economy, reflecting the interconnectedness of these economic factors.","The U.S. Dollar has a positive impact on the Federal Reserve Chairman. Global trade relates to the United States and is significantly impacted by bond prices. Furthermore, trade disputes have a considerable impact on global trade, while simultaneously having a negative impact on the U.S. Dollar and affecting the global economy as a whole.","[[""U.S._Dollar"", ""has_impact_on"", ""Federal_Reserve_Chairman""], [""U.S._Dollar"", ""has_negative_impact_on"", ""Federal_Reserve_Chairman""], [""monetary_policy"", ""related_to"", ""U.S._Dollar""], [""currency_value_management"", ""related_to"", ""U.S._Dollar""], [""Global_trade"", ""influences"", ""bond_prices""], [""Global_trade"", ""related_to"", ""United_States""], [""trade_disputes"", ""negatively_impact"", ""U.S._Dollar""], [""trade_disputes"", ""affect"", ""Global_trade""], [""trade_disputes"", ""impact"", ""Global_Economy""], [""Global_Economy"", ""interconnected_with"", ""U.S._Dollar""], [""Global_Economy"", ""interconnected_with"", ""Global_trade""], [""Global_Economy"", ""interconnected_with"", ""trade_disputes""]]","[[""U.S._Dollar"", ""has_impact_on"", ""Federal_Reserve_Chairman""], [""U.S._Dollar"", ""has_positive_impact_on"", ""Federal_Reserve_Chairman""], [""Global_trade"", ""relates_to"", ""United_States""], [""bond_prices"", ""impact"", ""Global_trade""], [""trade_disputes"", ""impact"", ""Global_trade""], [""trade_disputes"", ""have_negative_impact_on"", ""U.S._Dollar""], [""trade_disputes"", ""affect"", ""Global_Economy""], [""Global_Economy"", ""affected_by"", ""U.S._Dollar""], [""Global_Economy"", ""affected_by"", ""Global_trade""], [""Global_Economy"", ""affected_by"", ""trade_disputes""]]",0.3849001794597505,0.40911075472831726,0.8131585121154785,0.7769269722967449,0.46195657812238883,0.9462932463284596,0.8978595795078526,0.8494259126872454,0.8009922458666383,0.7525585790460313,0.7041249122254242,0.6556912454048172,0.60725757858421,0.5588239117636029,0.5103902449429959,0.46195657812238883,0.891971756388618,0.9135175343363482
229,"The Catholic Church operates in the Philippines, and its activities are impacted by policies from Pennsylvania. Pennsylvania plays a pivotal role as it controls the State and influences the Catholic Church as well. Additionally, Pennsylvania is related to the Redistricting Process. Meanwhile, the State introduces entities such as the National Rifle Association and governs its Legislature, demonstrating its control over significant governance processes. This State also has connections to broader socio-economic issues reflected in its relationship with the Housing Crisis.","The Catholic Church operates in the Philippines, extending its religious influence and activities within the region. In the United States, the State is involved in introducing organizations such as the National Rifle Association and exercises control over the Legislature. The State is also related to the Housing Crisis, implying connections with economic and social aspects influencing housing markets. Pennsylvania, as a State itself, exerts control within the broader State system and has a relationship with the Redistricting Process which involves adjustments of electoral district boundaries. Additionally, Pennsylvania impacts the Catholic Church, possibly through socio-political dynamics related to its governance.","[[""Catholic_Church"", ""operates_in"", ""Philippines""], [""Pennsylvania"", ""impacts"", ""Catholic_Church""], [""Pennsylvania"", ""controls"", ""State""], [""Pennsylvania"", ""influences"", ""Catholic_Church""], [""Pennsylvania"", ""related_to"", ""Redistricting_Process""], [""State"", ""introduces"", ""National_Rifle_Association""], [""State"", ""governs"", ""Legislature""], [""State"", ""connected_to"", ""Housing_Crisis""]]","[[""Catholic_Church"", ""operates_in"", ""Philippines""], [""Catholic_Church"", ""extends_influence_in"", ""Philippines""], [""State"", ""introduces"", ""National_Rifle_Association""], [""State"", ""exercises_control_over"", ""Legislature""], [""State"", ""related_to"", ""Housing_Crisis""], [""Pennsylvania"", ""exerts_control_in"", ""State""], [""Pennsylvania"", ""related_to"", ""Redistricting_Process""], [""Pennsylvania"", ""impacts"", ""Catholic_Church""], [""Redistricting_Process"", ""involves"", ""adjustments_of_electoral_district_boundaries""]]",1.0,0.9304597973823547,0.9366353750228882,0.56961379595583,1.0,0.9757058267815653,0.9781352441034087,0.9805646614252523,0.9829940787470957,0.9854234960689392,0.9878529133907826,0.9902823307126261,0.9927117480344696,0.995141165356313,0.9975705826781566,1.0,0.9364982272099177,0.9299433916446675
230,"Investigations relate to Chinese investors and are conducted under the auspices of the US Government. Kurt Volker, who is a member of the United States, has a positive impact on these investigations and is related to Bill Taylor, a key figure who has an involvement with the impeachment hearings. Bill Taylor also shares connections with both Donald Trump and Ukrainian President Volodymyr Zelensky. These interconnected individuals and entities together form a complex web of relations and operations spanning various political and economic spheres.","Investigations have a connection to Chinese Investors and are a part of operations within the US Government. Bill Taylor is involved in the Impeachment Hearings and has ties to both Donald Trump and Ukrainian President Volodymyr Zelensky. Meanwhile, Kurt Volker holds membership within the United States.","[[""Investigations"", ""relate_to"", ""Chinese_investors""], [""Investigations"", ""conducted_under"", ""US_Government""], [""Kurt_Volker"", ""member_of"", ""United_States""], [""Kurt_Volker"", ""has_positive_impact_on"", ""Investigations""], [""Kurt_Volker"", ""related_to"", ""Bill_Taylor""], [""Bill_Taylor"", ""key_figure_in"", ""Impeachment_hearings""], [""Bill_Taylor"", ""involved_in"", ""Impeachment_hearings""], [""Bill_Taylor"", ""connected_to"", ""Donald_Trump""], [""Bill_Taylor"", ""connected_to"", ""Volodymyr_Zelensky""], [""Donald_Trump"", ""connected_to"", ""Bill_Taylor""], [""Volodymyr_Zelensky"", ""connected_to"", ""Bill_Taylor""]]","[[""Investigations"", ""have_connection_to"", ""Chinese_Investors""], [""Investigations"", ""part_of"", ""US_Government""], [""Bill_Taylor"", ""involved_in"", ""Impeachment_Hearings""], [""Bill_Taylor"", ""has_ties_to"", ""Donald_Trump""], [""Bill_Taylor"", ""has_ties_to"", ""Volodymyr_Zelensky""], [""Kurt_Volker"", ""holds_membership_in"", ""United_States""], [""Donald_Trump"", ""has_ties_to"", ""Bill_Taylor""], [""Volodymyr_Zelensky"", ""has_ties_to"", ""Bill_Taylor""]]",0.7083333333333334,0.9999999403953552,1.0,0.8148148148148148,0.8148148148148148,0.9247743840082813,0.9137784270889346,0.902782470169588,0.8917865132502412,0.8807905563308946,0.869794599411548,0.8587986424922014,0.8478026855728547,0.8368067286535081,0.8258107717341614,0.8148148148148148,0.8727511537369848,0.738827227764917
231,"Omar al-Bashir controls Sudan and operates in the realm of politics. He is also a member of the Military Junta, which indicates his involvement in the governance and military leadership of the country.","Omar al-Bashir controls Sudan and operates within the realm of politics. Additionally, Omar al-Bashir is a member of the Military Junta, which underscores his significant role in the governance and military structure of the country.","[[""Omar_al-Bashir"", ""controls"", ""Sudan""], [""Omar_al-Bashir"", ""operates_in"", ""politics""], [""Omar_al-Bashir"", ""member_of"", ""Military_Junta""], [""Military_Junta"", ""involved_in"", ""governance""], [""Military_Junta"", ""involved_in"", ""military_leadership""], [""Military_Junta"", ""part_of"", ""Sudan""]]","[[""Omar_al-Bashir"", ""controls"", ""Sudan""], [""Omar_al-Bashir"", ""operates_in"", ""politics""], [""Omar_al-Bashir"", ""member_of"", ""Military_Junta""], [""Military_Junta"", ""involved_in"", ""governance""], [""Military_Junta"", ""part_of"", ""military_structure""], [""Military_Junta"", ""part_of"", ""Sudan""], [""Omar_al-Bashir"", ""has_role_in"", ""governance""], [""Omar_al-Bashir"", ""has_role_in"", ""military_structure""]]",0.5666666666666667,0.6014726758003235,0.8258697986602783,0.4444444444444444,0.533113989983183,0.9882388625049606,0.9427263752527828,0.8972138880006052,0.8517014007484274,0.8061889134962495,0.7606764262440718,0.715163938991894,0.6696514517397163,0.6241389644875386,0.5786264772353609,0.533113989983183,0.9856151564436668,0.9461511355913963
232,Opponents have a negative impact on women driving and are also connected in some way to Donald Trump. Donald Trump is related to both Recip Tayyip Erdogan and the JEDI Contract.,"Opponents have a negative impact on women driving and are also connected to Donald Trump. Donald Trump, in turn, is related to Recip Tayyip Erdogan and has connections to the JEDI Contract.","[[""Opponents"", ""have_negative_impact_on"", ""women_driving""], [""Opponents"", ""connected_to"", ""Donald_Trump""], [""Donald_Trump"", ""related_to"", ""Recip_Tayyip_Erdogan""], [""Donald_Trump"", ""related_to"", ""JEDI_Contract""]]","[[""Opponents"", ""have_negative_impact_on"", ""women_driving""], [""Opponents"", ""connected_to"", ""Donald_Trump""], [""Donald_Trump"", ""related_to"", ""Recip_Tayyip_Erdogan""], [""Donald_Trump"", ""connected_to"", ""JEDI_Contract""]]",1.0,1.0,1.0,1.0,1.0,0.9928763930023292,0.9935887537020963,0.9943011144018634,0.9950134751016304,0.9957258358013975,0.9964381965011646,0.9971505572009317,0.9978629179006988,0.9985752786004658,0.9992876393002329,1.0,0.9930238802785953,0.9884213762378178
233,"The Military exerts a positive impact on Media, while also possessing a Corporation that operates in Europe. This Corporation is connected to the Election Campaign, underscoring its broader influence beyond military contexts. The Military also maintains control over the Armed Forces. In Europe, there is an impact on companies such as Apple Inc., and connections to entities like Volkswagen and agreements such as the Nuclear Pact. These various elements create a complex network of influences and relationships, reflecting the diverse roles of both the Military and European interests.","The Military possesses Corporations that operate within Europe, exercising control over the Armed Forces. Corporations are also linked to election campaigns, reflecting a broader influence. Meanwhile, the Military's presence negatively affects the Media. Europe, with its significant markets and geopolitical maneuvers, impacts companies like Apple Inc. and maintains connections with entities like Volkswagen and initiatives such as the Nuclear Pact.","[[""Military"", ""exerts_positive_impact_on"", ""Media""], [""Military"", ""possesses"", ""Corporation""], [""Corporation"", ""operates_in"", ""Europe""], [""Corporation"", ""connected_to"", ""Election_Campaign""], [""Military"", ""maintains_control_over"", ""Armed_Forces""], [""Europe"", ""impacts"", ""Apple_Inc.""], [""Europe"", ""connected_to"", ""Volkswagen""], [""Europe"", ""has_agreement"", ""Nuclear_Pact""]]","[[""Military"", ""possesses"", ""Corporations""], [""Corporations"", ""operate_in"", ""Europe""], [""Military"", ""exercises_control_over"", ""Armed_Forces""], [""Corporations"", ""linked_to"", ""election_campaigns""], [""Military"", ""negatively_affects"", ""Media""], [""Europe"", ""impacts"", ""Apple_Inc.""], [""Europe"", ""maintains_connections_with"", ""Volkswagen""], [""Europe"", ""has_initiative"", ""Nuclear_Pact""]]",1.0,0.5718700289726257,0.8217106461524963,0.6851851851851852,1.0,0.9621642645697047,0.9659478381127342,0.9697314116557638,0.9735149851987932,0.9772985587418228,0.9810821322848524,0.9848657058278819,0.9886492793709114,0.992432852913941,0.9962164264569705,1.0,0.904587233821802,0.9447046181965388
234,"Jane Philpott is related to the SNC-Lavalin Group Inc., a connection that has gained attention in the context of political and ethical discussions. Her relationship with Cabinet adds another layer of political complexity to her role. Moreover, she has connections with Jody Wilson-Raybould, further intertwining personal and professional relationships with broader political narratives. These connections contribute to the public and media interest surrounding her career and political decisions.","Jane Philpott is related to the Cabinet, suggesting her involvement or association with this collective of senior government officials.","[[""Jane_Philpott"", ""related_to"", ""SNC-Lavalin_Group_Inc""], [""SNC-Lavalin_Group_Inc"", ""associated_with"", ""political_discussions""], [""SNC-Lavalin_Group_Inc"", ""associated_with"", ""ethical_discussions""], [""Jane_Philpott"", ""related_to"", ""Cabinet""], [""Cabinet"", ""collective_of"", ""senior_government_officials""], [""Jane_Philpott"", ""connected_to"", ""Jody_Wilson-Raybould""], [""Jane_Philpott"", ""subject_of"", ""public_interest""], [""Jane_Philpott"", ""subject_of"", ""media_interest""], [""Jane_Philpott"", ""has_connections_with"", ""Cabinet""], [""Jane_Philpott"", ""has_connections_with"", ""Jody_Wilson-Raybould""]]","[[""Jane_Philpott"", ""related_to"", ""Cabinet""], [""Cabinet"", ""collective_of"", ""senior_government_officials""], [""Jane_Philpott"", ""involved_with"", ""Cabinet""], [""Jane_Philpott"", ""associated_with"", ""Cabinet""]]",0.4169751944147297,0.05256237834692001,0.6074416637420654,0.4169751944147297,0.4169751944147297,0.8421668510699006,0.7996476854043835,0.7571285197388665,0.7146093540733494,0.6720901884078323,0.6295710227423151,0.5870518570767981,0.544532691411281,0.5020135257457639,0.45949436008024674,0.4169751944147297,0.7472939293605436,0.7626317463629889
235,"Anwar Ibrahim exerts control over the Opposition Coalition and has policies that relate to Economic Policies. His influence has a negative impact on Dr. Mahathir, who himself is connected to Mahathir Mohamad. Additionally, Dr. Mahathir is known to have control over Investors.","Anwar Ibrahim exerts control over the Opposition Coalition and is connected to various economic policies. His actions are perceived to have a negative impact on Dr. Mahathir, who is related to Mahathir Mohamad. Dr. Mahathir also holds influence over investors, which can be crucial to the economic landscape.","[[""Anwar_Ibrahim"", ""exerts_control_over"", ""Opposition_Coalition""], [""Anwar_Ibrahim"", ""has_policies_related_to"", ""Economic_Policies""], [""Anwar_Ibrahim"", ""has_negative_impact_on"", ""Dr._Mahathir""], [""Dr._Mahathir"", ""connected_to"", ""Mahathir_Mohamad""], [""Dr._Mahathir"", ""has_control_over"", ""Investors""]]","[[""Anwar_Ibrahim"", ""exerts_control_over"", ""Opposition_Coalition""], [""Anwar_Ibrahim"", ""connected_to"", ""Economic_Policies""], [""Anwar_Ibrahim"", ""has_negative_impact_on"", ""Dr._Mahathir""], [""Dr._Mahathir"", ""related_to"", ""Mahathir_Mohamad""], [""Dr._Mahathir"", ""holds_influence_over"", ""Investors""], [""Investors"", ""crucial_to"", ""Economic_Landscape""]]",1.0,0.7727478742599487,0.921450674533844,0.6172133998483676,1.0,0.9836925962311679,0.985323336608051,0.9869540769849343,0.9885848173618175,0.9902155577387007,0.991846298115584,0.9934770384924672,0.9951077788693503,0.9967385192462336,0.9983692596231168,1.0,0.9467955657027087,0.9631827552532026
236,"Nawaz Sharif is related to crime, Imran Khan, and India, highlighting connections that may involve political, social, or economic dimensions. This intricately ties his influence and actions to significant figures and geopolitical elements in the region.","Nawaz Sharif is associated with multiple contexts, including having a connection to Crime, as well as being related to the political landscape involving Imran Khan. Additionally, he has a connection with India, highlighting various dimensions of his political and social interactions.","[[""Nawaz_Sharif"", ""related_to"", ""crime""], [""Nawaz_Sharif"", ""related_to"", ""Imran_Khan""], [""Nawaz_Sharif"", ""related_to"", ""India""], [""Nawaz_Sharif"", ""influenced_by"", ""significant_figures""], [""Nawaz_Sharif"", ""influenced_by"", ""geopolitical_elements""], [""Nawaz_Sharif"", ""connected_to"", ""political_dimensions""], [""Nawaz_Sharif"", ""connected_to"", ""social_dimensions""], [""Nawaz_Sharif"", ""connected_to"", ""economic_dimensions""]]","[[""Nawaz_Sharif"", ""associated_with"", ""crime""], [""Nawaz_Sharif"", ""associated_with"", ""political_landscape""], [""Nawaz_Sharif"", ""related_to"", ""Imran_Khan""], [""Nawaz_Sharif"", ""connected_to"", ""India""], [""Nawaz_Sharif"", ""interacts_with"", ""political_dimensions""], [""Nawaz_Sharif"", ""interacts_with"", ""social_dimensions""]]",0.7030942780210975,0.4149055778980255,0.8176063299179077,0.6509388146270024,0.6509388146270024,0.9672164576573352,0.935588693354302,0.9039609290512687,0.8723331647482353,0.8407054004452021,0.8090776361421688,0.7774498718391356,0.7458221075361022,0.714194343233069,0.6825665789300357,0.6509388146270024,0.87308834560506,0.9161997060207241
237,"Sanctions have a negative impact on the Iran Government and also affect the Central Bank and Turkey. The Iran Government operates in Tehran and controls Grace 1, a significant asset. In the realm of the steel industry, Rusal is a member and it impacts the sanctions, while also exerting control over salaries. Furthermore, Turkey is responsible for controlling the current-account deficit, indicating its role in navigating economic challenges influenced by the various pressures of sanctions.","Sanctions have a negative impact on the Iran Government and also affect the Central Bank and Turkey. The Iran Government operates in Tehran and controls Grace 1. Additionally, Rusal, which is a member of the steel industry, impacts sanctions and controls salaries. Furthermore, Turkey exerts control over the current-account deficit.","[[""Sanctions"", ""negative_impact_on"", ""Iran_Government""], [""Sanctions"", ""affect"", ""Central_Bank""], [""Sanctions"", ""affect"", ""Turkey""], [""Iran_Government"", ""operates_in"", ""Tehran""], [""Iran_Government"", ""controls"", ""Grace_1""], [""Rusal"", ""member_of"", ""steel_industry""], [""Rusal"", ""impacts"", ""sanctions""], [""Rusal"", ""controls"", ""salaries""], [""Turkey"", ""controls"", ""current-account_deficit""]]","[[""Sanctions"", ""negative_impact_on"", ""Iran_Government""], [""Sanctions"", ""affect"", ""Central_Bank""], [""Sanctions"", ""affect"", ""Turkey""], [""Iran_Government"", ""operates_in"", ""Tehran""], [""Iran_Government"", ""controls"", ""Grace_1""], [""Rusal"", ""member_of"", ""steel_industry""], [""Rusal"", ""impacts"", ""sanctions""], [""Rusal"", ""controls"", ""salaries""], [""Turkey"", ""controls"", ""current-account_deficit""]]",1.0,0.9999999403953552,1.0,1.0,1.0,0.9999998986763429,0.9999999088087086,0.9999999189410744,0.99999992907344,0.9999999392058058,0.9999999493381715,0.9999999594705371,0.9999999696029029,0.9999999797352686,0.9999999898676343,1.0,0.9999999354945218,0.9999999875144693
238,"Ilhan Omar, a member of the House, has publicly announced criticism, highlighting her active role within the legislative body. The House itself is responsible for introducing bills and controlling both the legislative agenda and various resolutions. There is a connection between Ilhan Omar and Sarah Sanders, who in her own capacity controls Rudy Giuliani. Sarah Sanders is also related to the Judiciary Committee, aligning with her broader influence in political matters.","Ilhan Omar, a member of the House, announced criticism that may have implications on various political discussions. As a member of the House, she is part of an institution that introduces bills and controls the legislative agenda and resolutions. Her relationship with Sarah Sanders highlights a notable political connection, as Sarah Sanders exerts control over figures like Rudy Giuliani and has relations with the Judiciary Committee. These interconnected roles and relationships demonstrate the complex dynamics of political influence and legislative processes in which Ilhan Omar is involved.","[[""Ilhan_Omar"", ""member_of"", ""House""], [""Ilhan_Omar"", ""announced"", ""criticism""], [""House"", ""introduces"", ""bills""], [""House"", ""controls"", ""legislative_agenda""], [""House"", ""controls"", ""resolutions""], [""Ilhan_Omar"", ""related_to"", ""Sarah_Sanders""], [""Sarah_Sanders"", ""controls"", ""Rudy_Giuliani""], [""Sarah_Sanders"", ""related_to"", ""Judiciary_Committee""]]","[[""Ilhan_Omar"", ""member_of"", ""House""], [""Ilhan_Omar"", ""announced"", ""criticism""], [""House"", ""introduces"", ""bills""], [""House"", ""controls"", ""legislative_agenda""], [""House"", ""controls"", ""resolutions""], [""Ilhan_Omar"", ""related_to"", ""Sarah_Sanders""], [""Sarah_Sanders"", ""controls"", ""Rudy_Giuliani""], [""Sarah_Sanders"", ""related_to"", ""Judiciary_Committee""]]",1.0,1.0,1.0,1.0,1.0,0.999999997806367,0.9999999980257303,0.9999999982450936,0.9999999984644568,0.9999999986838202,0.9999999989031835,0.9999999991225468,0.9999999993419101,0.9999999995612734,0.9999999997806367,1.0,1.0,0.9999999846405812
239,"Chinese goods have a significant impact on U.S. technology and smartphones, while also exerting a negative impact on oil prices. The fluctuations in oil prices, in turn, have an impact on the exchange rate.","Chinese goods have a significant impact on U.S. Technology and also affect the market for Smartphones. However, the presence of Chinese goods exerts a negative impact on Oil prices, which in turn influences the Exchange Rate.","[[""Chinese_goods"", ""impact_on"", ""U.S._technology""], [""Chinese_goods"", ""impact_on"", ""smartphones""], [""Chinese_goods"", ""negative_impact_on"", ""oil_prices""], [""oil_prices"", ""impact_on"", ""exchange_rate""]]","[[""Chinese_goods"", ""impact_on"", ""U.S._Technology""], [""Chinese_goods"", ""affect"", ""Smartphones""], [""Chinese_goods"", ""negative_impact_on"", ""Oil_prices""], [""Oil_prices"", ""influences"", ""Exchange_Rate""]]",1.0,1.0,0.9999998807907104,1.0,1.0,0.990475418483069,0.9914278766347621,0.9923803347864553,0.9933327929381481,0.9942852510898413,0.9952377092415345,0.9961901673932276,0.9971426255449207,0.9980950836966138,0.9990475418483069,1.0,0.9724408302632985,0.9678469829389496
240,"The GOP impacts tax revenue and is also related to a corruption trial. Furthermore, the GOP controls Justice Brett Kavanaugh, who operates in the High Court and has a relationship with the Second Amendment as well as the upcoming presidential election. This presidential election, in turn, impacts the European Union and relates to the United States.","The GOP has a notable impact on tax revenue and is connected to a corruption trial. Furthermore, the GOP exercises control over Justice Brett Kavanaugh, who operates in the High Court. Justice Brett Kavanaugh is also related to the Second Amendment and the presidential election. This presidential election significantly impacts the European Union and is closely related to the United States, illustrating the interconnectedness of these political elements.","[[""GOP"", ""impacts"", ""tax_revenue""], [""GOP"", ""related_to"", ""corruption_trial""], [""GOP"", ""controls"", ""Justice_Brett_Kavanaugh""], [""Justice_Brett_Kavanaugh"", ""operates_in"", ""High_Court""], [""Justice_Brett_Kavanaugh"", ""related_to"", ""Second_Amendment""], [""Justice_Brett_Kavanaugh"", ""related_to"", ""presidential_election""], [""presidential_election"", ""impacts"", ""European_Union""], [""presidential_election"", ""relates_to"", ""United_States""]]","[[""GOP"", ""impacts"", ""tax_revenue""], [""GOP"", ""connected_to"", ""corruption_trial""], [""GOP"", ""exercises_control_over"", ""Justice_Brett_Kavanaugh""], [""Justice_Brett_Kavanaugh"", ""operates_in"", ""High_Court""], [""Justice_Brett_Kavanaugh"", ""related_to"", ""Second_Amendment""], [""Justice_Brett_Kavanaugh"", ""related_to"", ""presidential_election""], [""presidential_election"", ""impacts"", ""European_Union""], [""presidential_election"", ""related_to"", ""United_States""]]",1.0,1.0,1.0,1.0,1.0,0.9957415807367981,0.9961674226631183,0.9965932645894384,0.9970191065157585,0.9974449484420789,0.997870790368399,0.9982966322947192,0.9987224742210394,0.9991483161473595,0.9995741580736798,1.0,0.9744712432329694,0.9858982796506761
241,"Japan Display Inc. operates in Taiwan and has experienced a decrease in revenue, which has had an impact on the performance of iPhone XR.","Japan Display Inc. operates in Taiwan, and its activities have an impact on the iPhone XR. Additionally, Japan Display Inc. has raised its revenue through its initiatives in the market.","[[""Japan_Display_Inc."", ""operates_in"", ""Taiwan""], [""Japan_Display_Inc."", ""has_impact_on"", ""iPhone_XR""], [""Japan_Display_Inc."", ""experienced_decrease_in"", ""revenue""], [""revenue"", ""has_impact_on"", ""performance_of_iPhone_XR""]]","[[""Japan_Display_Inc."", ""operates_in"", ""Taiwan""], [""Japan_Display_Inc."", ""has_impact_on"", ""iPhone_XR""], [""Japan_Display_Inc."", ""raised"", ""revenue""], [""initiatives"", ""taken_by"", ""Japan_Display_Inc.""], [""initiatives"", ""in"", ""market""], [""initiatives"", ""resulted_in"", ""raised_revenue""]]",0.5590169943749475,0.2548833191394806,0.6006368398666382,0.3944053188733077,0.5590169943749475,0.9203569322592838,0.8842229384708502,0.8480889446824166,0.811954950893983,0.7758209571055492,0.7396869633171157,0.703552969528682,0.6674189757402484,0.6312849819518147,0.5951509881633812,0.5590169943749475,0.8816302660546994,0.8513586123623693
242,"Customs and Border Protection controls migrants. Kevin McAleenan, as a member of Customs and Border Protection, is also a member of the President Trump Administration and relates to the US Government.","Ned Lamont is a member of both the Federal government and the President Trump Administration. The Federal government exercises control over migrants, and Ned Lamont also has a relationship with the European Court of Justice.","[[""Customs_and_Border_Protection"", ""controls"", ""migrants""], [""Kevin_McAleenan"", ""member_of"", ""Customs_and_Border_Protection""], [""Kevin_McAleenan"", ""member_of"", ""President_Trump_Administration""], [""Kevin_McAleenan"", ""relates_to"", ""US_Government""], [""Customs_and_Border_Protection"", ""relates_to"", ""US_Government""], [""Customs_and_Border_Protection"", ""member_of"", ""US_Government""]]","[[""Ned_Lamont"", ""member_of"", ""Federal_government""], [""Ned_Lamont"", ""member_of"", ""President_Trump_Administration""], [""Federal_government"", ""exercises_control_over"", ""migrants""], [""Ned_Lamont"", ""relates_to"", ""European_Court_of_Justice""], [""Federal_government"", ""relates_to"", ""European_Court_of_Justice""]]",0.43333333333333335,0.0,0.4152081310749054,0.4,0.43333333333333335,0.6986453123119734,0.6721141144141094,0.6455829165162453,0.6190517186183813,0.5925205207205173,0.5659893228226534,0.5394581249247894,0.5129269270269254,0.4863957291290613,0.4598645312311973,0.43333333333333335,0.6940306906707154,0.6743403262132541
243,Credit Suisse operates in the global market and has a negative impact on shareholders as well as contributing negatively to the financial crisis.,Credit Suisse operates in the global market and has a negative impact on both shareholders and the financial crisis.,[],[],,,,,,,,,,,,,,,,,,
244,"David Kautter exercises control over the IRS, an agency that operates within the fiscal year and maintains connections with various industries. The IRS is also related to the significant tax overhaul. Moreover, David Kautter is associated with the new tax law and has a connection to Charles Rettig, which further influences how the IRS interacts with these elements.","The IRS operates within the framework of the fiscal year, aligning its activities and processes according to this annual financial cycle.",[],[],,,,,,,,,,,,,,,,,,
245,"Las Vegas Sands Corp. raises involvement with Donald Trump through various initiatives while also investing in Japan, reflecting a commitment to expanding its financial footprint. Additionally, Las Vegas Sands Corp. operates in Las Vegas, which is a significant hub for its entertainment and gaming ventures.","Campbell Soup Co. raises awareness with Donald Trump through various initiatives while also investing in opportunities in Japan. Additionally, Campbell Soup Co. operates in Las Vegas, engaging with the local market and community.",[],[],,,,,,,,,,,,,,,,,,
246,"Shanghai plays a significant role in influencing both institutional investors and the broader stock market, showcasing its impact on financial dynamics. In a strategic move, Shanghai has introduced Alphabet Inc., a prominent entity which operates during the era of the President Trump Administration. Alphabet Inc., known for its technological prowess, is also connected to GDPR, reflecting the intersection of technology and privacy regulations.","Shanghai has a significant impact on institutional investors and the stock market, indicating its influential role in financial dynamics. In addition, Shanghai is instrumental in introducing Alphabet Inc. into various markets, showcasing its strategic importance in global business landscapes. Alphabet Inc., a major global corporation, has operations during the governance period of the President Trump Administration, underlining its diverse geopolitical engagements. Moreover, Alphabet Inc. is related to GDPR, illustrating its involvement in compliance with global data protection regulations.",[],[],,,,,,,,,,,,,,,,,,
247,"Cyprus relates to both Turkey and Syria, indicating geopolitical connections with these neighboring countries. Additionally, Cyprus has a notable relationship with Paul Manafort, suggesting possible political or economic ties involving this figure within the context of Cypriot affairs.","Cyprus relates to both Turkey and Syria, indicating diplomatic or historical connections among these countries that may influence regional politics and stability.",[],[],,,,,,,,,,,,,,,,,,
248,"The Indian Health Service relates to both terrorism and the sexual abuse investigation, and it impacts operations related to these issues. Furthermore, the US Government has an impact on the immigration pact and relates to Nancy Pelosi, while controlling subpoenas. In the context of terrorism, there is a relationship with NATO, which operates within the US Government's sphere. NATO also controls Ankara and has a relationship with Italy.","The Indian Health Service relates to both terrorism and sexual abuse investigations, and it impacts operations related to these issues. The US Government, on the other hand, has a significant impact on the immigration pact and relates to Nancy Pelosi, while also controlling subpoenas. Additionally, terrorism has a relationship with NATO, which operates in conjunction with the US Government and controls matters pertaining to Ankara. NATO also relates to Italy, highlighting its broader connections within the geopolitical landscape.",[],[],,,,,,,,,,,,,,,,,,
249,"Volkswagen operates in the automotive industry and has a significant presence in Asia. Additionally, Volkswagen relates to Donald Trump, indicating potential interactions or connections with political elements that may impact its business or strategic decisions.","Volkswagen, a prominent player in the automotive industry, conducts its operations not only within this sector but also across Asia, showcasing its global reach. Interestingly, Volkswagen has a connection to Donald Trump, although the nature of this relationship is not specified, it could potentially be due to past business dealings or political implications affecting the automotive industry.",[],[],,,,,,,,,,,,,,,,,,
250,"Giovanni Staunovo has a negative impact on production, and his work relates to U.S. oil prices as well as Nafta negotiations.","Mark Tucker has a negative impact on AI. Additionally, Mark Tucker relates to U.S. Oil Prices and has a connection with H3N2.",[],[],,,,,,,,,,,,,,,,,,
251,"Peter Strzok is related to Moscow and Russia Interference, a significant issue that he also participates in investigating through the Russian Interference Investigation. The Russia Interference notably impacts the Trump campaign and is documented in the Mueller report. It is also related to Roger Stone. Moscow, the capital city, has connections to both the broader Russian Economy and the Russian Federation.","Peter Strzok is a key figure connected to both Moscow and the broader topic of Russia interference, highlighting the complex web of international relationships. He actively participates in the Russian Interference Investigation, which is integral to understanding the implications of such interference. The Russia interference itself has had a significant impact on the Trump campaign and shares connections with individuals such as Roger Stone, as well as being thoroughly examined in the Mueller report. Moscow, serving as the capital, is intrinsically related to the Russian economy and the Russian Federation, forming a central hub in this intricate narrative of geopolitical interactions.",[],[],,,,,,,,,,,,,,,,,,
252,"The Gold Price negatively impacts not only U.S. Currency but also Gold itself and the Comex division. Furthermore, Quantitative easing relates to the Gold Price and impacts both Borrowing and Inflation. Inflation, in turn, impacts Yields and has a positive impact on the Federal Reserve Interest Rate and Rate Increase.","The Gold Price has a negative impact on Gold and the Comex division, while simultaneously exerting a positive impact on U.S. currency. Quantitative easing is related to Gold Price and impacts both borrowing and inflation. Inflation, in turn, affects yields and positively impacts both the Federal Reserve Interest Rate and rate increases.",[],[],,,,,,,,,,,,,,,,,,
253,"Tech firms operate in various industries and have control over convertible debt, while also relating to the Nasdaq Composite. Financial institutions negatively impact credit quality and exert control over The International Monetary Fund, which in turn controls monetary policy. Additionally, financial institutions invest in tech firms. The International Monetary Fund operates within the technology sector and relates to the Ukraine economy.","Tech firms operate in various industries and have control over convertible debt, while also relating to the Nasdaq Composite. Financial institutions have a negative impact on credit quality and exert control over The International Monetary Fund, in addition to investing in tech firms. The International Monetary Fund, which also controls monetary policy, operates within the technology sector and relates to the Ukraine economy.",[],[],,,,,,,,,,,,,,,,,,
254,Amazon Web Services has a partnership with Joint Enterprise Defense Infrastructure and operates in the domains of Cloud Services and the Central Intelligence Agency.,Amazon Web Services has a plane and operates in the domains of Cloud Services and with the Central Intelligence Agency.,[],[],,,,,,,,,,,,,,,,,,
255,"U.S. prosecutors have had an impact on Pastor Andrew Brunson, an individual whose situation is interconnected with several key figures and organizations. Pastor Andrew Brunson is notably related to Donald Trump, reflecting political and diplomatic layers surrounding his case. Additionally, Pastor Brunson's circumstances are linked to the U.S. Central Bank, which suggests possible economic or financial implications. Furthermore, his situation is associated with the North Atlantic Treaty Organization, highlighting a dimension of international relations and security.","U.S. Prosecutors have an impact on Pastor Andrew Brunson, a figure connected to multiple high-profile entities and individuals. Brunson is related to Donald Trump, a relationship that underscores the political dimensions of his situation. Furthermore, Pastor Andrew Brunson is associated with the U.S. Central Bank, highlighting the financial or economic implications linked to his case. Additionally, his connection to the North Atlantic Treaty Organization (NATO) suggests a broader geopolitical relevance.",[],[],,,,,,,,,,,,,,,,,,
256,"Donald Trump relates to both Democratic lawmakers and the Mueller report, highlighting his contentious political landscape. He controls the election victory, which is a pivotal aspect of his leadership. In Florida, control is held over schools, demonstrating the state's governance structure. Marco Rubio also exerts control over immigration policies, and he relates to both Florida and the U.S. president, indicating his influence within the state and federal levels. Additionally, Alex Conant has relationships with both Donald Trump and Marco Rubio, further intertwining their political connections.","Donald Trump relates to the Mueller report, which is significant in understanding his actions and political context. Furthermore, Donald Trump controls his election victory, indicating his influence over the outcome. Additionally, Alex Conant also relates to Donald Trump, suggesting a connection that may involve political strategy or support.","[[""Donald_Trump"", ""relates_to"", ""Democratic_lawmakers""], [""Donald_Trump"", ""relates_to"", ""Mueller_report""], [""Donald_Trump"", ""controls"", ""election_victory""], [""election_victory"", ""aspect_of"", ""Donald_Trump_leadership""], [""Florida"", ""controls"", ""schools""], [""Florida"", ""demonstrates"", ""governance_structure""], [""Marco_Rubio"", ""exerts_control_over"", ""immigration_policies""], [""Marco_Rubio"", ""relates_to"", ""Florida""], [""Marco_Rubio"", ""relates_to"", ""U.S._president""], [""Alex_Conant"", ""has_relationships_with"", ""Donald_Trump""], [""Alex_Conant"", ""has_relationships_with"", ""Marco_Rubio""]]","[[""Donald_Trump"", ""relates_to"", ""Mueller_report""], [""Donald_Trump"", ""controls"", ""election_victory""], [""Mueller_report"", ""significant_to"", ""Donald_Trump_actions""], [""Mueller_report"", ""significant_to"", ""Donald_Trump_political_context""], [""Alex_Conant"", ""relates_to"", ""Donald_Trump""], [""Donald_Trump"", ""has_connection_with"", ""Alex_Conant""]]",0.4773929622481257,0.0,0.2337276190519333,0.1767766952966369,0.3559342484071871,0.7922628717873275,0.7486300094493135,0.7049971471112995,0.6613642847732852,0.6177314224352712,0.5740985600972572,0.5304656977592432,0.48683283542122924,0.4431999730832152,0.3995671107452011,0.3559342484071871,0.7673205270783663,0.7496548654486381
257,"Mark Carney has a complex relationship with several financial elements and is notably associated with the European Union and digital currencies. His influence is seen as having a negative impact on banks. Digital currencies, while being a significant part of crypto exchanges, also have a negative impact on both the financial system and investors. The European Union, with which Mark Carney is related, has connections to major entities and occurrences such as Boeing, the Brexit Deal, and U.S. tariffs, highlighting its broad economic reach and the intricate dynamics at play in these relationships.","Mark Carney has a significant relationship with the European Union and is notably connected to the realm of digital currencies. His influence has been found to have a positive impact on banks. However, digital currencies are known to pose potential negative effects on the financial system and investors, while also being integral members of crypto exchanges. The European Union itself has multifaceted relationships that extend to entities like Boeing, the intricacies of the Brexit Deal, and the implications surrounding U.S. tariffs.","[[""Mark_Carney"", ""associated_with"", ""European_Union""], [""Mark_Carney"", ""associated_with"", ""digital_currencies""], [""Mark_Carney"", ""has_influence_on"", ""banks""], [""Mark_Carney"", ""has_influence_with"", ""negative_impact""], [""banks"", ""affected_by"", ""negative_impact""], [""digital_currencies"", ""part_of"", ""crypto_exchanges""], [""digital_currencies"", ""has_impact_on"", ""financial_system""], [""digital_currencies"", ""has_impact_on"", ""investors""], [""digital_currencies"", ""has_impact_with"", ""negative_impact""], [""European_Union"", ""related_to"", ""Mark_Carney""], [""European_Union"", ""connected_to"", ""Boeing""], [""European_Union"", ""connected_to"", ""Brexit_Deal""], [""European_Union"", ""connected_to"", ""U.S._tariffs""], [""European_Union"", ""has_economic_reach"", ""major_entities""], [""European_Union"", ""has_economic_reach"", ""occurrences""]]","[[""Mark_Carney"", ""connected_to"", ""European_Union""], [""Mark_Carney"", ""connected_to"", ""digital_currencies""], [""Mark_Carney"", ""has_influence_on"", ""banks""], [""Mark_Carney"", ""has_influence_with"", ""positive_impact""], [""banks"", ""affected_by"", ""positive_impact""], [""digital_currencies"", ""part_of"", ""crypto_exchanges""], [""digital_currencies"", ""has_impact_on"", ""financial_system""], [""digital_currencies"", ""has_impact_on"", ""investors""], [""digital_currencies"", ""has_impact_with"", ""negative_impact""], [""European_Union"", ""connected_to"", ""Mark_Carney""], [""European_Union"", ""connected_to"", ""Boeing""], [""European_Union"", ""connected_to"", ""Brexit_Deal""], [""European_Union"", ""connected_to"", ""U.S._tariffs""], [""European_Union"", ""has_relationships_with"", ""entities""], [""European_Union"", ""has_relationships_with"", ""occurrences""]]",1.0,0.722490131855011,0.9327651858329773,0.7041868508280462,0.8400825588825814,0.9842146539103565,0.969801444407579,0.9553882349048015,0.9409750254020239,0.9265618158992464,0.912148606396469,0.8977353968936914,0.883322187390914,0.8689089778881365,0.8544957683853589,0.8400825588825814,0.9469469355662319,0.8480418936884957
258,"Flooding has had a detrimental impact on both Houston and the occurrence of power outages. Furthermore, flooding has affected South Carolina, highlighting its widespread influence. Houston has significant ties to Hurricane Harvey as well as the Gulf Coast, which underlines its susceptibility to such environmental events. Additionally, Houston is a city that operates within the United States.","Flooding has a negative impact on both Houston and power outages, while also affecting South Carolina. The city of Houston is closely related to the devastating events of Hurricane Harvey and its geographical connection to the Gulf Coast. Additionally, Houston operates within the United States, making these impacts significant on a national scale.","[[""Flooding"", ""had_detrimental_impact_on"", ""Houston""], [""Flooding"", ""had_detrimental_impact_on"", ""power_outages""], [""Flooding"", ""affected"", ""South_Carolina""], [""Houston"", ""ties_to"", ""Hurricane_Harvey""], [""Houston"", ""located_in"", ""Gulf_Coast""], [""Houston"", ""part_of"", ""United_States""], [""Flooding"", ""highlighted_influence_in"", ""South_Carolina""], [""Houston"", ""susceptible_to"", ""environmental_events""]]","[[""Flooding"", ""had_negative_impact_on"", ""Houston""], [""Flooding"", ""had_negative_impact_on"", ""power_outages""], [""Flooding"", ""affected"", ""South_Carolina""], [""Houston"", ""related_to"", ""Hurricane_Harvey""], [""Houston"", ""located_in"", ""Gulf_Coast""], [""Houston"", ""part_of"", ""United_States""], [""Flooding"", ""had_significant_impacts"", ""United_States""]]",0.734968415259167,0.8859916925430298,0.9309014081954956,0.7126966450997984,0.734968415259167,0.974210936014693,0.9502866839391404,0.9263624318635879,0.9024381797880352,0.8785139277124826,0.85458967563693,0.8306654235613774,0.8067411714858248,0.7828169194102722,0.7588926673347196,0.734968415259167,0.9228135294270654,0.9376976561191445
259,"The White House Office of Management and Budget operates in the US Government, which participates in Brexit discussions and also operates in the National Flood Insurance Program.","The FSB operates in The World Health Organization, which not only participates in Brexit but also operates in the National Flood Insurance Program.","[[""White_House_Office_of_Management_and_Budget"", ""operates_in"", ""US_Government""], [""US_Government"", ""participates_in"", ""Brexit_discussions""], [""US_Government"", ""operates_in"", ""National_Flood_Insurance_Program""]]","[[""FSB"", ""operates_in"", ""The_World_Health_Organization""], [""The_World_Health_Organization"", ""participates_in"", ""Brexit""], [""The_World_Health_Organization"", ""operates_in"", ""National_Flood_Insurance_Program""]]",0.5,0.0,0.16398417949676514,0.25,0.5,0.5375062947386836,0.5337556652648153,0.5300050357909469,0.5262544063170785,0.5225037768432101,0.5187531473693419,0.5150025178954735,0.5112518884216051,0.5075012589477367,0.5037506294738684,0.5,0.6593939408510687,0.6656948312641495
260,"Antigovernment protesters have a negative impact on Paris, while simultaneously impacting Hong Kong. Additionally, the actions of the antigovernment protesters are related to the Hong Kong police, indicating a significant connection in the dynamics of protest and law enforcement in these regions.","Antigovernment protesters have a significant impact on Hong Kong, leading to a relationship with the Hong Kong police. In addition, their actions are noted to have a positive impact on Paris, suggesting a broader influence beyond their immediate context.","[[""Antigovernment_protesters"", ""negative_impact_on"", ""Paris""], [""Antigovernment_protesters"", ""impact_on"", ""Hong_Kong""], [""Antigovernment_protesters"", ""related_to"", ""Hong_Kong_police""], [""Hong_Kong_police"", ""involved_in"", ""law_enforcement_in_Hong_Kong""], [""Antigovernment_protesters"", ""involved_in"", ""dynamics_of_protest_in_Paris""], [""Antigovernment_protesters"", ""involved_in"", ""dynamics_of_protest_in_Hong_Kong""]]","[[""Antigovernment_protesters"", ""significant_impact_on"", ""Hong_Kong""], [""Antigovernment_protesters"", ""relationship_with"", ""Hong_Kong_police""], [""Antigovernment_protesters"", ""positive_impact_on"", ""Paris""], [""Antigovernment_protesters"", ""influence_beyond"", ""immediate_context""], [""Hong_Kong_police"", ""respond_to"", ""Antigovernment_protesters""], [""Antigovernment_protesters"", ""active_in"", ""Hong_Kong""], [""Antigovernment_protesters"", ""active_in"", ""Paris""]]",0.3849001794597505,0.2356397658586502,0.5554755926132202,0.3944053188733077,0.6320257287002883,0.960219531890713,0.9274001515716706,0.8945807712526281,0.8617613909335855,0.8289420106145431,0.7961226302955007,0.7633032499764583,0.7304838696574156,0.6976644893383732,0.6648451090193307,0.6320257287002883,0.8652855502337888,0.8765285924628657
261,"Antonios Pagourtzis relates to Dimitrios Pagourtzis and is also connected to Santa Fe High School. Furthermore, Antonios Pagourtzis is a member of Texas, which operates in the finance sector and has a relationship with the oil supply.","Matthew Turner is related to both Dimitrios Pagourtzis and Santa Fe High School. Additionally, Matthew Turner is a member of Asylum Seekers, an entity that operates in the Electronics sector and has a relationship with the Oil Supply.","[[""Antonios_Pagourtzis"", ""relates_to"", ""Dimitrios_Pagourtzis""], [""Antonios_Pagourtzis"", ""connected_to"", ""Santa_Fe_High_School""], [""Antonios_Pagourtzis"", ""member_of"", ""Texas""], [""Texas"", ""operates_in"", ""finance_sector""], [""Texas"", ""has_relationship_with"", ""oil_supply""]]","[[""Matthew_Turner"", ""related_to"", ""Dimitrios_Pagourtzis""], [""Matthew_Turner"", ""related_to"", ""Santa_Fe_High_School""], [""Matthew_Turner"", ""member_of"", ""Asylum_Seekers""], [""Asylum_Seekers"", ""operates_in"", ""Electronics_sector""], [""Asylum_Seekers"", ""has_relationship_with"", ""Oil_Supply""]]",0.39557740264262,0.11371176689863205,0.6158639192581177,0.5,0.5137011669140814,0.5418252057659981,0.5390128018808065,0.5362003979956148,0.5333879941104231,0.5305755902252314,0.5277631863400398,0.524950782454848,0.5221383785696564,0.5193259746844647,0.5165135707992731,0.5137011669140814,0.6385320794744441,0.6471552410049208
262,"Sen. Rand Paul exercises control over both the Budget Deal and the Senate. Additionally, he has a connection or is related to the journalist Jamal Khashoggi.","Sen. Rand Paul has a connection to Jamal Khashoggi, which could be in the context of political discussions or assessments due to Khashoggi's significant geopolitical implications.","[[""Sen._Rand_Paul"", ""exercises_control_over"", ""Budget_Deal""], [""Sen._Rand_Paul"", ""exercises_control_over"", ""Senate""], [""Sen._Rand_Paul"", ""related_to"", ""Jamal_Khashoggi""]]","[[""Sen._Rand_Paul"", ""related_to"", ""Jamal_Khashoggi""], [""Jamal_Khashoggi"", ""has_geopolitical_implications"", ""political_discussions""], [""Sen._Rand_Paul"", ""involved_in"", ""political_discussions""], [""Jamal_Khashoggi"", ""involved_in"", ""assessments""]]",0.3367876570272817,0.0,0.21141326427459717,0.08333333333333333,0.3367876570272817,0.8169613933920757,0.7689440197555963,0.7209266461191169,0.6729092724826375,0.6248918988461581,0.5768745252096787,0.5288571515731993,0.48083977793671995,0.4328224043002405,0.3848050306637611,0.3367876570272817,0.7355206569843673,0.6817219756521141
263,"Fed funds futures control rate hikes and impact interest rate policy. They also relate to central bank policies, which control economic growth and relate to interest rates. Furthermore, interest rates have a significant impact on borrowing costs.","Fed funds futures control rate hikes and impact interest rate policy. Interest rates subsequently have an effect on borrowing cost. Additionally, Central Bank Policies control economic growth and relate to interest rates.","[[""Fed_funds_futures"", ""control"", ""rate_hikes""], [""Fed_funds_futures"", ""impact"", ""interest_rate_policy""], [""Fed_funds_futures"", ""relate_to"", ""central_bank_policies""], [""central_bank_policies"", ""control"", ""economic_growth""], [""central_bank_policies"", ""relate_to"", ""interest_rates""], [""interest_rates"", ""impact"", ""borrowing_costs""]]","[[""Fed_funds_futures"", ""control"", ""rate_hikes""], [""Fed_funds_futures"", ""impact"", ""interest_rate_policy""], [""Central_Bank_Policies"", ""control"", ""economic_growth""], [""Central_Bank_Policies"", ""relate_to"", ""interest_rates""], [""interest_rates"", ""have_an_effect_on"", ""borrowing_cost""]]",0.8611111111111112,0.6567404866218567,0.8095612525939941,0.5238095238095238,0.8809523809523809,0.9915701387941881,0.9805083630100074,0.9694465872258268,0.958384811441646,0.9473230356574653,0.9362612598732845,0.9251994840891038,0.9141377083049231,0.9030759325207424,0.8920141567365616,0.8809523809523809,0.9798167978670256,0.7907883626819803
264,"Hubert Minnis, who is related to the position of Prime Minister, has control over the Bahamas. In the role of Prime Minister, there is also control over Public Pension Funds.",Hubert Minnis exercises control over the governance and administrative functions of the Bahamas.,"[[""Hubert_Minnis"", ""related_to"", ""Prime_Minister""], [""Hubert_Minnis"", ""has_control_over"", ""Bahamas""], [""Prime_Minister"", ""has_control_over"", ""Public_Pension_Funds""]]","[[""Hubert_Minnis"", ""exercises_control_over"", ""governance_of_Bahamas""], [""Hubert_Minnis"", ""exercises_control_over"", ""administrative_functions_of_Bahamas""], [""Hubert_Minnis"", ""has_control_over"", ""Bahamas""]]",0.41247895569215276,0.23660774528980255,0.4351211488246918,0.2916666666666667,0.3367876570272817,0.8020593033318207,0.7555321387013669,0.7090049740709129,0.662477809440459,0.6159506448100052,0.5694234801795512,0.5228963155490973,0.4763691509186434,0.4298419862881895,0.3833148216577356,0.3367876570272817,0.7690902749210149,0.7219006902516671
265,"The United States, while controlling the border wall, participates in demonstrations and influences government spending. Kurdish Fighters have a connection to the United States and operate in Syria, where they have relations with the Syrian Democratic Forces—a group actively investing in Bashar al-Assad and operating in Baghouz. Syria is associated with Iran, and it possesses Hezbollah, pointing to a complex geopolitical landscape that involves multiple interrelated parties and interests.","The United States has a significant impact on government spending, a factor that can have various economic implications. Kurdish Fighters operate in Syria and have a notable relationship with the United States, indicating a geopolitical link that may also influence broader regional dynamics, including government actions. Further complicating the situation in Syria, the nation harbors the entity Hezbollah, adding layers of complexity to regional security and political scenarios.","[[""United_States"", ""controls"", ""border_wall""], [""United_States"", ""participates_in"", ""demonstrations""], [""United_States"", ""influences"", ""government_spending""], [""Kurdish_Fighters"", ""connected_to"", ""United_States""], [""Kurdish_Fighters"", ""operates_in"", ""Syria""], [""Kurdish_Fighters"", ""has_relations_with"", ""Syrian_Democratic_Forces""], [""Syrian_Democratic_Forces"", ""invests_in"", ""Bashar_al-Assad""], [""Syrian_Democratic_Forces"", ""operates_in"", ""Baghouz""], [""Syria"", ""associated_with"", ""Iran""], [""Syria"", ""possesses"", ""Hezbollah""]]","[[""United_States"", ""impacts"", ""government_spending""], [""government_spending"", ""has_implications_on"", ""economy""], [""Kurdish_Fighters"", ""operates_in"", ""Syria""], [""Kurdish_Fighters"", ""has_relationship_with"", ""United_States""], [""United_States"", ""linked_to"", ""Kurdish_Fighters""], [""Kurdish_Fighters"", ""influences"", ""regional_dynamics""], [""Syria"", ""harbors"", ""Hezbollah""], [""Hezbollah"", ""adds_complexity_to"", ""regional_security""], [""Hezbollah"", ""adds_complexity_to"", ""political_scenarios""]]",0.23668231560156439,0.0,0.285787969827652,0.083753151271601,0.2223243229499719,0.902023273160914,0.8340533781398198,0.7660834831187255,0.6981135880976314,0.6301436930765372,0.562173798055443,0.49420390303434875,0.4262340080132546,0.3582641129921603,0.2902942179710661,0.2223243229499719,0.7494888780249875,0.737256009383445
266,"Vale SA, a major company, operates in both Brazil and Latin America, regions where it is actively engaged in various industries. Despite its extensive operations, Vale SA has experienced a negative impact on its shares, possibly due to various market conditions. Furthermore, the Brazilian Police have a controlling influence over key figures and statistics, including Jair Bolsonaro and the nation's murder rate. Interestingly, the Brazilian Police also have a relationship with Vale SA, indicating interconnectedness between law enforcement and business operations within the region.","Vale SA operates in Brazil and Latin America, regions where its activities have a negative impact on shares. It is also noted that the Brazilian Police have control over Jair Bolsonaro and the murder rate. The Brazilian Police have some form of relationship with Vale SA, indicating potential oversight or regulatory interactions.","[[""Vale_SA"", ""operates_in"", ""Brazil""], [""Vale_SA"", ""operates_in"", ""Latin_America""], [""Vale_SA"", ""engaged_in"", ""various_industries""], [""Vale_SA"", ""experienced"", ""negative_impact_on_shares""], [""Vale_SA"", ""affected_by"", ""market_conditions""], [""Brazilian_Police"", ""have_influence_over"", ""key_figures""], [""Brazilian_Police"", ""have_influence_over"", ""statistics""], [""Brazilian_Police"", ""have_influence_over"", ""Jair_Bolsonaro""], [""Brazilian_Police"", ""have_influence_over"", ""murder_rate""], [""Brazilian_Police"", ""have_relationship_with"", ""Vale_SA""]]","[[""Vale_SA"", ""operates_in"", ""Brazil""], [""Vale_SA"", ""operates_in"", ""Latin_America""], [""Vale_SA"", ""has_negative_impact_on"", ""shares""], [""Brazilian_Police"", ""have_control_over"", ""Jair_Bolsonaro""], [""Brazilian_Police"", ""have_control_over"", ""murder_rate""], [""Brazilian_Police"", ""have_relationship_with"", ""Vale_SA""]]",0.607789741118069,0.17397324740886688,0.6264393329620361,0.49382916465843113,0.607789741118069,0.941801421026614,0.9084002530357596,0.874999085044905,0.8415979170540504,0.808196749063196,0.7747955810723415,0.741394413081487,0.7079932450906326,0.674592077099778,0.6411909091089235,0.607789741118069,0.8598147990002691,0.9592828667819973
267,"The political atmosphere surrounding Donald Trump has had a negative impact on the House impeachment inquiry. In a parallel vein, debates control Joe Biden, shaping his public portrayal and policy positions. These debates, however, also have broader implications: they negatively impact Kamala Harris's political strategies or public perception. Furthermore, the debates significantly impact Donald Trump, affecting his political capital and strategic decisions.","Donald Trump has had a negative impact on the House impeachment inquiry. Meanwhile, the debates have played a significant role in shaping political dynamics. They have exerted control over Joe Biden's political trajectory while having a negative impact on Kamala Harris. Additionally, these debates have had an impact on Donald Trump as well, highlighting their multifaceted influence on the key political figures involved.","[[""Donald_Trump"", ""had_negative_impact_on"", ""House_impeachment_inquiry""], [""debates"", ""control"", ""Joe_Biden""], [""debates"", ""shape"", ""Joe_Biden_public_portrayal""], [""debates"", ""shape"", ""Joe_Biden_policy_positions""], [""debates"", ""negatively_impact"", ""Kamala_Harris_political_strategies""], [""debates"", ""negatively_impact"", ""Kamala_Harris_public_perception""], [""debates"", ""impact"", ""Donald_Trump""], [""debates"", ""affect"", ""Donald_Trump_political_capital""], [""debates"", ""affect"", ""Donald_Trump_strategic_decisions""]]","[[""Donald_Trump"", ""had_negative_impact_on"", ""House_impeachment_inquiry""], [""debates"", ""shape"", ""political_dynamics""], [""debates"", ""exert_control_over"", ""Joe_Biden_political_trajectory""], [""debates"", ""have_negative_impact_on"", ""Kamala_Harris""], [""debates"", ""have_impact_on"", ""Donald_Trump""]]",0.6390096504226939,0.0,0.4855078160762787,0.19364916731037085,0.6963106238227914,0.9501601483323847,0.9247751958814254,0.8993902434304661,0.8740052909795066,0.8486203385285473,0.8232353860775881,0.7978504336266288,0.7724654811756694,0.7470805287247101,0.7216955762737507,0.6963106238227914,0.864183599057448,0.8930147367377577
268,"Jeff Sessions is known to have a connection with Hillary Clinton and exercises control over federal prosecutors. He operates in Mobile, a city where his activities are possibly concentrated. Federal prosecutors, under the direction of Jeff Sessions, announced Operation Varsity Blues, showcasing their pivotal role in legal proceedings. These prosecutors are also related to significant figures such as Michael Flynn and Jeffrey Epstein. Additionally, Hillary Clinton is connected not just to Jeff Sessions but also to individuals like Emmet Flood and Elijah Cummings, and she has ties to Massachusetts.","Jeff Sessions, who operates in Mobile, exerts control over Federal Prosecutors. These federal prosecutors announced Operation Varsity Blues, a significant legal case, while having notable connections to individuals such as Michael Flynn and Jeffrey Epstein. Sessions himself is related to Hillary Clinton, who also has connections to figures like Emmet Flood and Elijah Cummings, and a geographical link to Massachusetts. This series of relationships underscores a complex network involving legal, political, and geographical elements.","[[""Jeff_Sessions"", ""connected_to"", ""Hillary_Clinton""], [""Jeff_Sessions"", ""exercises_control_over"", ""federal_prosecutors""], [""Jeff_Sessions"", ""operates_in"", ""Mobile""], [""federal_prosecutors"", ""under_direction_of"", ""Jeff_Sessions""], [""federal_prosecutors"", ""announced"", ""Operation_Varsity_Blues""], [""federal_prosecutors"", ""related_to"", ""Michael_Flynn""], [""federal_prosecutors"", ""related_to"", ""Jeffrey_Epstein""], [""Hillary_Clinton"", ""connected_to"", ""Jeff_Sessions""], [""Hillary_Clinton"", ""connected_to"", ""Emmet_Flood""], [""Hillary_Clinton"", ""connected_to"", ""Elijah_Cummings""], [""Hillary_Clinton"", ""has_ties_to"", ""Massachusetts""]]","[[""Jeff_Sessions"", ""operates_in"", ""Mobile""], [""Jeff_Sessions"", ""exerts_control_over"", ""Federal_Prosecutors""], [""Federal_Prosecutors"", ""announced"", ""Operation_Varsity_Blues""], [""Federal_Prosecutors"", ""related_to"", ""Michael_Flynn""], [""Federal_Prosecutors"", ""related_to"", ""Jeffrey_Epstein""], [""Jeff_Sessions"", ""related_to"", ""Hillary_Clinton""], [""Hillary_Clinton"", ""related_to"", ""Emmet_Flood""], [""Hillary_Clinton"", ""related_to"", ""Elijah_Cummings""], [""Hillary_Clinton"", ""has_geographical_link_to"", ""Massachusetts""]]",1.0,1.0,1.0,1.0,1.0,0.9789874827666983,0.9810887344900285,0.9831899862133586,0.9852912379366887,0.987392489660019,0.9894937413833491,0.9915949931066793,0.9936962448300095,0.9957974965533396,0.9978987482766698,1.0,0.9462901839166291,0.9479272910880305
269,"The Global Economy is closely related to the monetary policies and actions of the Bank of Japan. However, the Global Economy can have a negative impact on the Housing Sector, reflecting broader economic challenges. The prices of copper are interlinked with Global economic growth, as changes in copper prices can negatively impact the Global Economy. Moreover, reductions in copper prices can lead to decreased Manufacturing Data. As Global economic growth continues, it significantly affects the Demand for oil, the performance of the U.S. Economy, and Industrial Production, showing a complex interplay of factors influencing economic trends worldwide.","Accusations have a relationship with the Bank of Japan that negatively impacts the housing sector. Copper prices are connected to global economic growth but have an adverse effect on these accusations, also contributing to a decrease in the statute of limitations. Global economic growth itself is a major player, impacting demand for oil, influencing the U.S. economy, and affecting household net worth.","[[""Global_Economy"", ""related_to"", ""Bank_of_Japan""], [""Global_Economy"", ""negatively_impacts"", ""Housing_Sector""], [""Global_Economy"", ""reflected_in"", ""broader_economic_challenges""], [""copper_prices"", ""interlinked_with"", ""Global_Economy""], [""copper_prices"", ""negatively_impacts"", ""Global_Economy""], [""reductions_in_copper_prices"", ""leads_to"", ""decreased_Manufacturing_Data""], [""Global_Economy"", ""affects"", ""Demand_for_oil""], [""Global_Economy"", ""affects"", ""U.S._Economy""], [""Global_Economy"", ""affects"", ""Industrial_Production""]]","[[""Accusations"", ""related_to"", ""Bank_of_Japan""], [""Accusations"", ""negatively_impacts"", ""Housing_Sector""], [""Copper_prices"", ""connected_to"", ""Global_economic_growth""], [""Copper_prices"", ""adverse_effect_on"", ""Accusations""], [""Copper_prices"", ""contributes_to"", ""decrease_in_statute_of_limitations""], [""Global_economic_growth"", ""impacts"", ""Demand_for_oil""], [""Global_economic_growth"", ""influences"", ""U.S._Economy""], [""Global_economic_growth"", ""affects"", ""Household_net_worth""]]",0.510688230856951,0.0,0.6536484360694885,0.43920523057894156,0.49493401319706737,0.885019278420906,0.8460107518985222,0.8070022253761383,0.7679936988537543,0.7289851723313705,0.6899766458089867,0.6509681192866028,0.611959592764219,0.5729510662418351,0.5339425397194512,0.49493401319706737,0.8025567191283147,0.7375269877296677
270,"Libya relates to Venezuela and has a significant impact on the Middle East, influencing various geopolitical dynamics in the region. In addition, Russian companies operate in both Iran and Libya, actively engaging in economic activities that can shape the investment landscape. Moreover, these Russian companies participate in the Future Investment Initiative, further highlighting their role in international investment discussions and opportunities.","Eastern Europe relates to Venezuela and has an impact on Aden. The Venezuelan regime operates in both Hokkaido and Eastern Europe, while also participating in the Future Investment Initiative.","[[""Libya"", ""relates_to"", ""Venezuela""], [""Libya"", ""has_impact_on"", ""Middle_East""], [""Russian_companies"", ""operate_in"", ""Iran""], [""Russian_companies"", ""operate_in"", ""Libya""], [""Russian_companies"", ""participate_in"", ""Future_Investment_Initiative""], [""Russian_companies"", ""engage_in"", ""economic_activities""], [""economic_activities"", ""shape"", ""investment_landscape""]]","[[""Eastern_Europe"", ""relates_to"", ""Venezuela""], [""Eastern_Europe"", ""has_impact_on"", ""Aden""], [""Venezuelan_regime"", ""operates_in"", ""Hokkaido""], [""Venezuelan_regime"", ""operates_in"", ""Eastern_Europe""], [""Venezuelan_regime"", ""participate_in"", ""Future_Investment_Initiative""]]",0.0629940788348712,0.0,0.5106102824211121,0.28867513459481287,0.4242640687119285,0.6361840254930661,0.6149920298149523,0.5938000341368386,0.5726080384587248,0.5514160427806111,0.5302240471024973,0.5090320514243836,0.4878400557462698,0.466648060068156,0.44545606439004226,0.4242640687119285,0.660122926020398,0.7307106890129931
271,"Michael Cohen is connected to Novartis AG and Robert Mueller, and he is a member of National Enquirer. American Media Inc. has association with Michael Cohen and exercises control over Karen McDougal, who is related to the Presidential Campaign. Additionally, American Media Inc. is associated with the Trump campaign, which has involvement in Russia Interference. The Trump campaign is also linked to Cambridge Analytica and the Supreme Court nomination, the latter being related to the Republican Party.","Michael Cohen has intricate connections to various entities and figures; he is related to Novartis AG and Robert Mueller, and is a member of the National Enquirer. His association with American Media Inc., which not only has ownership of Cohen but also controls Karen McDougal, adds another layer of complexity. American Media Inc. maintains connections with the Trump campaign—a campaign deeply involved in Russia Interference—and linked to Cambridge Analytica and the Supreme Court nomination. The Supreme Court nomination itself has ties to the Republican Party. Karen McDougal also has links to the Presidential Campaign, illustrating the multifaceted interactions surrounding these events.","[[""Michael_Cohen"", ""connected_to"", ""Novartis_AG""], [""Michael_Cohen"", ""connected_to"", ""Robert_Mueller""], [""Michael_Cohen"", ""member_of"", ""National_Enquirer""], [""American_Media_Inc."", ""associated_with"", ""Michael_Cohen""], [""American_Media_Inc."", ""exercises_control_over"", ""Karen_McDougal""], [""Karen_McDougal"", ""related_to"", ""Presidential_Campaign""], [""American_Media_Inc."", ""associated_with"", ""Trump_campaign""], [""Trump_campaign"", ""involvement_in"", ""Russia_Interference""], [""Trump_campaign"", ""linked_to"", ""Cambridge_Analytica""], [""Trump_campaign"", ""linked_to"", ""Supreme_Court_nomination""], [""Supreme_Court_nomination"", ""related_to"", ""Republican_Party""]]","[[""Michael_Cohen"", ""related_to"", ""Novartis_AG""], [""Michael_Cohen"", ""related_to"", ""Robert_Mueller""], [""Michael_Cohen"", ""member_of"", ""National_Enquirer""], [""Michael_Cohen"", ""associated_with"", ""American_Media_Inc.""], [""American_Media_Inc."", ""has_ownership_of"", ""Michael_Cohen""], [""American_Media_Inc."", ""controls"", ""Karen_McDougal""], [""American_Media_Inc."", ""connected_to"", ""Trump_campaign""], [""Trump_campaign"", ""involved_in"", ""Russia_Interference""], [""Trump_campaign"", ""linked_to"", ""Cambridge_Analytica""], [""Trump_campaign"", ""linked_to"", ""Supreme_Court_nomination""], [""Supreme_Court_nomination"", ""tied_to"", ""Republican_Party""], [""Karen_McDougal"", ""linked_to"", ""Presidential_Campaign""]]",1.0,1.0,1.0,1.0,1.0,0.9919552022009912,0.992759681980892,0.9935641617607931,0.9943686415406938,0.9951731213205948,0.9959776011004956,0.9967820808803964,0.9975865606602974,0.9983910404401982,0.9991955202200992,1.0,0.9696034658305213,0.977452811453533
272,"Belarus has a negative impact on Moscow and is connected to the ongoing issues surrounding COVID-19. Furthermore, Belarus exerts control over its National Security Council. This council is involved in operations within the Department of Homeland Security and shares a connection with the United States.","Belarus has a negative impact on Moscow and holds control over the National Security Council. This Council operates within the Department of Homeland Security and has a relationship with the United States. Additionally, Belarus is related to the ongoing global issue of COVID-19.","[[""Belarus"", ""has_negative_impact_on"", ""Moscow""], [""Belarus"", ""connected_to"", ""COVID-19""], [""Belarus"", ""exerts_control_over"", ""National_Security_Council""], [""National_Security_Council"", ""involved_in"", ""Department_of_Homeland_Security""], [""National_Security_Council"", ""shares_connection_with"", ""United_States""]]","[[""Belarus"", ""has_negative_impact_on"", ""Moscow""], [""Belarus"", ""holds_control_over"", ""National_Security_Council""], [""National_Security_Council"", ""operates_within"", ""Department_of_Homeland_Security""], [""National_Security_Council"", ""has_relationship_with"", ""United_States""], [""Belarus"", ""related_to"", ""COVID-19""]]",1.0,1.0,0.9999999403953552,1.0,1.0,0.969583421686073,0.9726250795174657,0.9756667373488586,0.9787083951802511,0.9817500530116439,0.9847917108430365,0.9878333686744292,0.9908750265058219,0.9939166843372146,0.9969583421686073,1.0,0.9015534126221096,0.9616521216617413
273,"The DNC, which operates within the Democratic Party, makes strategic investments in cybersecurity, a sector of significant importance. This emphasis on cybersecurity is particularly relevant given the DNC's relationship with the Russian Government, which has been a topic of considerable discourse and analysis.","The DNC operates within the Democratic Party and has made strategic investments in cybersecurity to enhance its defenses. Its activities and interests also relate to the Russian Government, potentially due to past events involving cybersecurity threats and political influence. This underscores the importance of robust cybersecurity measures in its operations.","[[""DNC"", ""operates_within"", ""Democratic_Party""], [""DNC"", ""invests_in"", ""cybersecurity""], [""cybersecurity"", ""sector_of"", ""significant_importance""], [""DNC"", ""related_to"", ""Russian_Government""], [""Russian_Government"", ""topic_of"", ""discourse_and_analysis""]]","[[""DNC"", ""operates_within"", ""Democratic_Party""], [""DNC"", ""invests_in"", ""cybersecurity""], [""DNC"", ""enhances"", ""defenses""], [""DNC"", ""related_to"", ""Russian_Government""], [""Russian_Government"", ""involved_in"", ""past_events""], [""past_events"", ""involve"", ""cybersecurity_threats""], [""past_events"", ""involve"", ""political_influence""], [""cybersecurity"", ""important_for"", ""DNC_operations""]]",0.3042903097250923,0.08026368916034698,0.5110772848129272,0.2041241452319315,0.2777777777777778,0.9535964215223115,0.8860145571478582,0.8184326927734048,0.7508508283989513,0.683268964024498,0.6156870996500446,0.5481052352755913,0.48052337090113795,0.4129415065266845,0.34535964215223114,0.2777777777777778,0.8358845348966288,0.7567423656444536
274,"U.S. stocks have a positive impact on both earnings results and consumer spending; however, they also experience a decrease in relation to Qualcomm. The bull market is related to factors such as the Nasdaq Composite, inflation, and corporate earnings. Additionally, the Nasdaq Composite impacts the Fed meeting and major indexes. FANG stocks relate to the bull market and technology shares but exert a negative impact on U.S. stocks.","U.S. stocks have a positive impact on consumer spending, but they have also experienced a decrease in the context of Qualcomm. Furthermore, U.S. stocks negatively impact earnings results. The bull market relates to the Nasdaq Composite, inflation, and corporate earnings. Moreover, the Nasdaq Composite impacts the Fed Meeting and major indexes, indicating its significance in the market. FANG stocks relate to the bull market as well as technology shares, yet they negatively impact U.S. stocks.","[[""U.S._stocks"", ""positive_impact_on"", ""earnings_results""], [""U.S._stocks"", ""positive_impact_on"", ""consumer_spending""], [""U.S._stocks"", ""decrease_in_relation_to"", ""Qualcomm""], [""bull_market"", ""related_to"", ""Nasdaq_Composite""], [""bull_market"", ""related_to"", ""inflation""], [""bull_market"", ""related_to"", ""corporate_earnings""], [""Nasdaq_Composite"", ""impacts"", ""Fed_meeting""], [""Nasdaq_Composite"", ""impacts"", ""major_indexes""], [""FANG_stocks"", ""relate_to"", ""bull_market""], [""FANG_stocks"", ""relate_to"", ""technology_shares""], [""FANG_stocks"", ""negative_impact_on"", ""U.S._stocks""]]","[[""U.S._stocks"", ""positive_impact_on"", ""consumer_spending""], [""U.S._stocks"", ""negative_impact_on"", ""earnings_results""], [""U.S._stocks"", ""decrease_in_context_of"", ""Qualcomm""], [""bull_market"", ""relates_to"", ""Nasdaq_Composite""], [""bull_market"", ""relates_to"", ""inflation""], [""bull_market"", ""relates_to"", ""corporate_earnings""], [""Nasdaq_Composite"", ""impacts"", ""Fed_Meeting""], [""Nasdaq_Composite"", ""impacts"", ""major_indexes""], [""FANG_stocks"", ""relate_to"", ""bull_market""], [""FANG_stocks"", ""relate_to"", ""technology_shares""], [""FANG_stocks"", ""negative_impact_on"", ""U.S._stocks""]]",1.0,0.9999999403953552,1.0,1.0,1.0,0.9974979621114028,0.9977481659002626,0.9979983696891224,0.998248573477982,0.9984987772668417,0.9987489810557014,0.9989991848445612,0.9992493886334208,0.9994995924222806,0.9997497962111402,1.0,0.9850004403806041,0.98428520206678
275,"The Gold Price operates in the gold market and has a significant impact on Treasury Yield. Furthermore, the Gold Price negatively impacts equity markets. In relation to oil prices, which also impact the Gold Price, oil prices relate to market sentiment and negatively affect energy prices. Energy prices, in turn, negatively impact inflation targets and have adverse effects on the Russians while also influencing consumer prices.","The Gold Price operates in the Gold market and has a positive impact on Equity Markets. Furthermore, the Gold Price impacts Treasury Yield. In parallel, Oil prices relate to Market Sentiment and also impact Gold Price, creating a complex interplay between these assets. Additionally, Oil prices negatively impact Energy Prices, which in turn negatively affect both Inflation Targets and the Russians, while also impacting Consumer Prices.","[[""Gold_Price"", ""operates_in"", ""gold_market""], [""Gold_Price"", ""impacts"", ""Treasury_Yield""], [""Gold_Price"", ""negatively_impacts"", ""equity_markets""], [""oil_prices"", ""impacts"", ""Gold_Price""], [""oil_prices"", ""relate_to"", ""market_sentiment""], [""oil_prices"", ""negatively_impact"", ""energy_prices""], [""energy_prices"", ""negatively_impact"", ""inflation_targets""], [""energy_prices"", ""negatively_impact"", ""Russians""], [""energy_prices"", ""influence"", ""consumer_prices""]]","[[""Gold_Price"", ""operates_in"", ""Gold_market""], [""Gold_Price"", ""impacts"", ""Treasury_Yield""], [""Gold_Price"", ""positively_impacts"", ""Equity_Markets""], [""oil_prices"", ""impacts"", ""Gold_Price""], [""oil_prices"", ""relate_to"", ""Market_Sentiment""], [""oil_prices"", ""negatively_impact"", ""Energy_Prices""], [""Energy_Prices"", ""negatively_impact"", ""Inflation_Targets""], [""Energy_Prices"", ""negatively_impact"", ""Russians""], [""Energy_Prices"", ""impact"", ""Consumer_Prices""]]",1.0,1.0,1.0,1.0,1.0,0.9991400393645322,0.999226035428079,0.9993120314916257,0.9993980275551726,0.9994840236187194,0.9995700196822661,0.9996560157458129,0.9997420118093596,0.9998280078729065,0.9999140039364532,1.0,0.9912263136863118,0.9945026159657295
276,"RBC Capital Markets controls both technology stocks and the U.S. Economist, and operates in New York. In this context, New York relates to shipments and raises the New York Index, while also experiencing a decrease in revenues. Furthermore, technology stocks exert control over the Dow Jones Industrial Average and negatively impact market volatility.","RBC Capital Markets controls both technology stocks and the U.S. Economist, while operating in New York. In this context, New York relates to shipments and has the capacity to raise the New York Index. However, it also experiences a decrease in revenues. Technology stocks have significant control over the Dow Jones Industrial Average and negatively impact market volatility.","[[""RBC_Capital_Markets"", ""controls"", ""technology_stocks""], [""RBC_Capital_Markets"", ""controls"", ""U.S._Economist""], [""RBC_Capital_Markets"", ""operates_in"", ""New_York""], [""New_York"", ""relates_to"", ""shipments""], [""New_York"", ""raises"", ""New_York_Index""], [""New_York"", ""experiences"", ""decrease_in_revenues""], [""technology_stocks"", ""exert_control_over"", ""Dow_Jones_Industrial_Average""], [""technology_stocks"", ""negatively_impact"", ""market_volatility""]]","[[""RBC_Capital_Markets"", ""controls"", ""technology_stocks""], [""RBC_Capital_Markets"", ""controls"", ""U.S._Economist""], [""RBC_Capital_Markets"", ""operates_in"", ""New_York""], [""New_York"", ""relates_to"", ""shipments""], [""New_York"", ""has_capacity_to_raise"", ""New_York_Index""], [""New_York"", ""experiences"", ""decrease_in_revenues""], [""technology_stocks"", ""have_control_over"", ""Dow_Jones_Industrial_Average""], [""technology_stocks"", ""negatively_impact"", ""market_volatility""]]",1.0,1.0,1.0,1.0,1.0,0.9926941149504618,0.9934247034554156,0.9941552919603696,0.9948858804653231,0.9956164689702771,0.9963470574752309,0.9970776459801847,0.9978082344851386,0.9985388229900923,0.9992694114950462,1.0,0.9722627554210428,0.9818215996609353
277,"The Financial Crisis had a substantial impact on Wells Fargo, affecting its operations and financial stability. In this challenging economic environment, Cerberus Capital Management plays a significant role by operating within the context of the Financial Crisis and investing in nonperforming loans, which can be seen as an opportunity amid the turmoil. Cerberus Capital Management also has a relationship with Deutsche Bank, a major financial entity that possesses an Investment Banking Division focused on global financial activities. This intricate network of relationships highlights how different market players interact, adapt, and capitalize on opportunities during financial upheaval.","The Financial Crisis had a significant impact on Wells Fargo, shaping its policies and financial strategies. Cerberus Capital Management, an investment firm, operates in the context of the Financial Crisis, investing in nonperforming loans, which are often prevalent during such turbulent times. Furthermore, Cerberus Capital Management has established a relationship with Deutsche Bank, a key player in global finance, which is notable for its Investment Banking Division. This division is one of the many assets Deutsche Bank has diversified into, providing a range of services essential for navigating financial challenges and opportunities.","[[""Financial_Crisis"", ""had_impact_on"", ""Wells_Fargo""], [""Financial_Crisis"", ""affected"", ""operations_of_Wells_Fargo""], [""Financial_Crisis"", ""affected"", ""financial_stability_of_Wells_Fargo""], [""Cerberus_Capital_Management"", ""operates_in"", ""Financial_Crisis""], [""Cerberus_Capital_Management"", ""invests_in"", ""nonperforming_loans""], [""nonperforming_loans"", ""seen_as"", ""opportunity""], [""Cerberus_Capital_Management"", ""has_relationship_with"", ""Deutsche_Bank""], [""Deutsche_Bank"", ""has"", ""Investment_Banking_Division""], [""Investment_Banking_Division"", ""focused_on"", ""global_financial_activities""]]","[[""Financial_Crisis"", ""had_impact_on"", ""Wells_Fargo""], [""Financial_Crisis"", ""shaped"", ""policies_of_Wells_Fargo""], [""Financial_Crisis"", ""shaped"", ""financial_strategies_of_Wells_Fargo""], [""Cerberus_Capital_Management"", ""operates_in"", ""Financial_Crisis""], [""Cerberus_Capital_Management"", ""invests_in"", ""nonperforming_loans""], [""nonperforming_loans"", ""prevalent_during"", ""Financial_Crisis""], [""Cerberus_Capital_Management"", ""has_relationship_with"", ""Deutsche_Bank""], [""Deutsche_Bank"", ""has"", ""Investment_Banking_Division""], [""Investment_Banking_Division"", ""notable_for"", ""global_finance""], [""Deutsche_Bank"", ""diversified_into"", ""various_assets""], [""various_assets"", ""provide"", ""range_of_services""], [""range_of_services"", ""essential_for"", ""navigating_financial_challenges""], [""range_of_services"", ""essential_for"", ""navigating_financial_opportunities""]]",0.6236095644623235,0.0,0.42844414710998535,0.17541160386140583,0.629940788348712,0.9693867625798713,0.9354421651567554,0.9014975677336394,0.8675529703105236,0.8336083728874076,0.7996637754642917,0.7657191780411757,0.7317745806180598,0.6978299831949439,0.663885385771828,0.629940788348712,0.9050146628578322,0.8963004215703009
278,"The Stoxx Europe 600 operates in both Europe and the European Market, highlighting its focus on these geographical areas. Additionally, the Stoxx Europe 600 relates to the Global Economy, indicating its significance in reflecting broader economic trends.","Stoxx Europe 600 operates in Europe and the European Market, and it relates to the Global Economy.","[[""Stoxx_Europe_600"", ""operates_in"", ""Europe""], [""Stoxx_Europe_600"", ""operates_in"", ""European_Market""], [""Stoxx_Europe_600"", ""relates_to"", ""Global_Economy""]]","[[""Stoxx_Europe_600"", ""operates_in"", ""Europe""], [""Stoxx_Europe_600"", ""operates_in"", ""European_Market""], [""Stoxx_Europe_600"", ""relates_to"", ""Global_Economy""]]",1.0,0.9999999403953552,1.0,1.0,1.0,0.9999999989208779,0.9999999990287901,0.9999999991367023,0.9999999992446145,0.9999999993525267,0.9999999994604389,0.9999999995683512,0.9999999996762634,0.9999999997841755,0.9999999998920878,1.0,1.0,1.0
279,"Democratic primary voters have connections to both the impeachment hearings and John Hickenlooper, indicating their engagement with political processes and figures. John Hickenlooper, who operates within lobbying, is also tied to the Democratic Party and has significant associations with Colorado, reflecting his political influence and regional involvement. The Democratic Party itself exerts control over the House, showcasing its pivotal role in legislative activities. Together, these relationships highlight the dynamic interactions among Democratic primary voters, political hearings, party control, and influential figures like John Hickenlooper.","Democratic primary voters have concerns that relate both to the impeachment hearings and to John Hickenlooper, whose political career and activities connect him to Colorado. Additionally, Hickenlooper operates within the realm of lobbying. His political relationships also tie him to the Democratic Party, which exercises control over the House. As such, the interactions and influence of these varied entities illustrate the complex landscape in which Democratic primary voters, John Hickenlooper, and the Democratic Party operate.","[[""Democratic_primary_voters"", ""connected_to"", ""impeachment_hearings""], [""Democratic_primary_voters"", ""connected_to"", ""John_Hickenlooper""], [""John_Hickenlooper"", ""operates_in"", ""lobbying""], [""John_Hickenlooper"", ""associated_with"", ""Democratic_Party""], [""John_Hickenlooper"", ""associated_with"", ""Colorado""], [""Democratic_Party"", ""exerts_control_over"", ""House""], [""Democratic_primary_voters"", ""engaged_with"", ""political_processes""], [""Democratic_primary_voters"", ""engaged_with"", ""political_figures""], [""John_Hickenlooper"", ""has_influence_in"", ""Colorado""], [""John_Hickenlooper"", ""has_influence_in"", ""politics""]]","[[""Democratic_primary_voters"", ""concerned_about"", ""impeachment_hearings""], [""Democratic_primary_voters"", ""concerned_about"", ""John_Hickenlooper""], [""John_Hickenlooper"", ""operates_in"", ""lobbying""], [""John_Hickenlooper"", ""connected_to"", ""Colorado""], [""John_Hickenlooper"", ""associated_with"", ""Democratic_Party""], [""Democratic_Party"", ""exercises_control_over"", ""House""], [""John_Hickenlooper"", ""has_political_career_in"", ""politics""], [""Democratic_primary_voters"", ""interact_with"", ""John_Hickenlooper""], [""Democratic_primary_voters"", ""interact_with"", ""Democratic_Party""]]",0.8809523809523809,0.6575480103492737,0.8254113793373108,0.8012576919374246,0.8102265201095857,0.9820865871828146,0.9649005804754918,0.9477145737681689,0.9305285670608459,0.913342560353523,0.8961565536462002,0.8789705469388773,0.8617845402315544,0.8445985335242315,0.8274125268169086,0.8102265201095857,0.8963645175112915,0.9530010834334177
280,"Ohio has enacted the Heartbeat Law, a significant legislative measure within the state. Ohio also maintains a connection with the pharmaceutical industry, indicating its involvement or influence in this sector. Furthermore, Troy Balderson is related to the State Senate, reflecting his political career and potential legislative impact. Balderson also has ties to Ohio, emphasizing his local influence and political significance within the state. In addition, Troy Balderson is associated with Donald Trump, highlighting a political relationship that could influence his activities or decisions.","Ohio is connected to the pharmaceutical industry, highlighting its potential role or influence within this sector. Additionally, Troy Balderson is associated with Ohio, suggesting a possible impact or involvement he may have in matters related to the state and, consequently, its ties to the pharmaceutical industry.","[[""Ohio"", ""enacted"", ""Heartbeat_Law""], [""Ohio"", ""connected_to"", ""pharmaceutical_industry""], [""Troy_Balderson"", ""related_to"", ""State_Senate""], [""Troy_Balderson"", ""associated_with"", ""Ohio""], [""Troy_Balderson"", ""associated_with"", ""Donald_Trump""], [""Troy_Balderson"", ""has_local_influence_in"", ""Ohio""], [""Troy_Balderson"", ""has_political_significance_in"", ""Ohio""]]","[[""Ohio"", ""connected_to"", ""pharmaceutical_industry""], [""Troy_Balderson"", ""associated_with"", ""Ohio""], [""Troy_Balderson"", ""associated_with"", ""pharmaceutical_industry_through_Ohio""]]",0.31426968052735443,0.35397210717201233,0.6904648542404175,0.2721655269759087,0.31426968052735443,0.8865447026235695,0.8293172004139481,0.7720896982043265,0.714862195994705,0.6576346937850835,0.600407191575462,0.5431796893658405,0.485952187156219,0.42872468494659743,0.37149718273697596,0.31426968052735443,0.8228144792488459,0.7398486355210884
281,"Michael Dell exercises control over both Dell Inc. and Silver Lake, demonstrating his influence over these entities. Additionally, Michael Dell has accrued debt, which can exert a negative impact on economic activity by potentially limiting growth opportunities and financial flexibility for the companies he controls.","Michael Dell has debt, which can have a negative impact on economic activity. Despite this, Michael Dell exercises control over both Dell Inc. and Silver Lake.","[[""Michael_Dell"", ""exercises_control_over"", ""Dell_Inc""], [""Michael_Dell"", ""exercises_control_over"", ""Silver_Lake""], [""Michael_Dell"", ""has_debt"", ""debt""], [""debt"", ""has_negative_impact_on"", ""economic_activity""], [""debt"", ""limits"", ""growth_opportunities""], [""debt"", ""limits"", ""financial_flexibility""], [""Michael_Dell"", ""controls"", ""Dell_Inc""], [""Michael_Dell"", ""controls"", ""Silver_Lake""]]","[[""Michael_Dell"", ""has_debt"", ""debt""], [""debt"", ""has_negative_impact_on"", ""economic_activity""], [""Michael_Dell"", ""exercises_control_over"", ""Dell_Inc""], [""Michael_Dell"", ""exercises_control_over"", ""Silver_Lake""]]",0.5103103630798288,0.6261047124862671,0.7393590211868286,0.5916079783099616,0.5916079783099616,0.9607416581518332,0.923828290167646,0.8869149221834589,0.8500015541992717,0.8130881862150845,0.7761748182308974,0.7392614502467103,0.7023480822625231,0.6654347142783359,0.6285213462941488,0.5916079783099616,0.8901905629226348,0.905434144903896
282,"Alexandria Ocasio-Cortez is an influential figure who operates within both New York and the United States Congress, highlighting her significant political role. Her activities and political endeavors often relate to Nancy Pelosi, indicating a connection or affiliation between the two prominent politicians. Additionally, New York is home to several prestigious institutions, including Yale University, which it has, marking the state as a center of academic excellence.","Alexandria Ocasio-Cortez is a prominent figure who operates within both New York and the United States Congress, reflecting her role as a representative and policymaker. Her political activities relate to Nancy Pelosi, indicating a connection or collaboration often found within the legislative environment. In addition, New York is home to prestigious institutions such as Yale University, enhancing the state's reputation for higher education and intellectual development.","[[""Alexandria_Ocasio-Cortez"", ""operates_in"", ""New_York""], [""Alexandria_Ocasio-Cortez"", ""operates_in"", ""United_States_Congress""], [""Alexandria_Ocasio-Cortez"", ""related_to"", ""Nancy_Pelosi""], [""New_York"", ""home_to"", ""Yale_University""], [""Yale_University"", ""located_in"", ""New_York""], [""Alexandria_Ocasio-Cortez"", ""politician"", """"], [""New_York"", ""center_of"", ""academic_excellence""]]","[[""Alexandria_Ocasio-Cortez"", ""operates_in"", ""New_York""], [""Alexandria_Ocasio-Cortez"", ""operates_in"", ""United_States_Congress""], [""Alexandria_Ocasio-Cortez"", ""related_to"", ""Nancy_Pelosi""], [""New_York"", ""home_to"", ""Yale_University""], [""Yale_University"", ""located_in"", ""New_York""], [""Alexandria_Ocasio-Cortez"", ""representative"", """"], [""Alexandria_Ocasio-Cortez"", ""policymaker"", """"], [""New_York"", ""reputation_for"", ""higher_education""], [""New_York"", ""reputation_for"", ""intellectual_development""]]",0.6428571428571429,0.4170338809490204,0.6903813481330872,0.6013377943029549,0.6428571428571429,0.9856766940439503,0.9513947389252696,0.9171127838065889,0.882830828687908,0.8485488735692273,0.8142669184505467,0.7799849633318658,0.7457030082131851,0.7114210530945044,0.6771390979758236,0.6428571428571429,0.9161838027082683,0.9578364229354859
283,"The Brexit Extension has a negative impact on the Brexit Deal, complicating efforts to finalize terms. It is closely related to ongoing Brexit negotiations, acting as a pivotal factor in their progression. Furthermore, the extension also plays a significant role in exerting control over the dynamics within the European Union, influencing both political strategies and decision-making processes.","The Brexit Extension is deeply related to ongoing Brexit negotiations, influencing the pace and dynamics of discussions. It controls aspects of the decision-making processes within the European Union, providing them leverage to facilitate smoother transitions. Furthermore, the Brexit Extension has a positive impact on the viability and formulation of a Brexit Deal, creating a framework for more favorable agreements and outcomes.","[[""Brexit_Extension"", ""has_impact_on"", ""Brexit_Deal""], [""Brexit_Extension"", ""complicates"", ""efforts_to_finalize_terms""], [""Brexit_Extension"", ""related_to"", ""Brexit_negotiations""], [""Brexit_Extension"", ""influences"", ""Brexit_negotiations""], [""Brexit_Extension"", ""plays_role_in"", ""European_Union""], [""Brexit_Extension"", ""exerts_control_over"", ""dynamics_within_European_Union""], [""Brexit_Extension"", ""influences"", ""political_strategies""], [""Brexit_Extension"", ""influences"", ""decision-making_processes""]]","[[""Brexit_Extension"", ""related_to"", ""Brexit_negotiations""], [""Brexit_Extension"", ""influences"", ""pace_of_discussions""], [""Brexit_Extension"", ""influences"", ""dynamics_of_discussions""], [""Brexit_Extension"", ""controls"", ""decision-making_processes""], [""Brexit_Extension"", ""provides_leverage_to"", ""European_Union""], [""Brexit_Extension"", ""facilitates"", ""smoother_transitions""], [""Brexit_Extension"", ""has_impact_on"", ""viability_of_Brexit_Deal""], [""Brexit_Extension"", ""has_impact_on"", ""formulation_of_Brexit_Deal""], [""Brexit_Extension"", ""creates"", ""framework_for_favorable_agreements""], [""Brexit_Extension"", ""creates"", ""framework_for_favorable_outcomes""]]",0.5781515884776753,0.0,0.5873919725418091,0.3375678008963832,0.6175347814894367,0.9844155741541586,0.9477274948876865,0.9110394156212143,0.874351336354742,0.8376632570882698,0.8009751778217977,0.7642870985553255,0.7275990192888533,0.6909109400223811,0.654222860755909,0.6175347814894367,0.8675012266996416,0.8559843813022662
284,"Sequoia Capital is actively engaged in the financial ecosystem through its investments in Apple Inc. and participation in Uber's initiatives. Canaan Partners also contributes to this landscape with its investment in Instacart. Instacart maintains relationships with multiple entities including Sequoia Capital, Andreessen Horowitz, and Initialized Capital, highlighting the interconnected nature of these financial partnerships and strategic collaborations.","Sequoia Capital has a significant presence in the investment landscape, engaging both in investing and participating activities. It invests in Apple Inc., highlighting its commitment to major technology firms. Additionally, Sequoia Capital extends its participation to Uber, marking its involvement in diverse business ventures. Meanwhile, Canaan Partners holds investments in Instacart, an entity that has connections with multiple renowned firms. Instacart is related to Sequoia Capital, creating a network of mutual affiliations. Furthermore, Instacart maintains relationships with Andreessen Horowitz and Initialized Capital, underscoring its extensive linkages within the venture capital ecosystem.","[[""Sequoia_Capital"", ""invests_in"", ""Apple_Inc""], [""Sequoia_Capital"", ""participates_in"", ""Uber""], [""Canaan_Partners"", ""invests_in"", ""Instacart""], [""Instacart"", ""maintains_relationships_with"", ""Sequoia_Capital""], [""Instacart"", ""maintains_relationships_with"", ""Andreessen_Horowitz""], [""Instacart"", ""maintains_relationships_with"", ""Initialized_Capital""]]","[[""Sequoia_Capital"", ""invests_in"", ""Apple_Inc""], [""Sequoia_Capital"", ""participates_in"", ""Uber""], [""Canaan_Partners"", ""invests_in"", ""Instacart""], [""Instacart"", ""related_to"", ""Sequoia_Capital""], [""Instacart"", ""maintains_relationships_with"", ""Andreessen_Horowitz""], [""Instacart"", ""maintains_relationships_with"", ""Initialized_Capital""]]",1.0,0.9999998211860657,1.0,1.0,1.0,0.99222327534478,0.993000947810302,0.9937786202758241,0.994556292741346,0.995333965206868,0.99611163767239,0.996889310137912,0.997666982603434,0.9984446550689561,0.999222327534478,1.0,0.9770391552224473,0.9919131397009484
285,"BlackRock Inc. has successfully raised its assets through strategic investment activities. The company allocates capital into prominent entities such as Carlyle Group LP and Uber Technologies Inc., reflecting its dynamic approach in enhancing its asset portfolio.","BlackRock Inc. has raised its assets, indicating a strategic move to enhance its financial strength. As part of its investment strategy, BlackRock Inc. allocates capital into Carlyle Group LP and Uber Technologies Inc., which signifies its commitment to diversifying its portfolio and potentially driving growth through investments in these prominent entities.","[[""BlackRock_Inc."", ""raised_assets_through"", ""strategic_investment_activities""], [""BlackRock_Inc."", ""allocates_capital_into"", ""Carlyle_Group_LP""], [""BlackRock_Inc."", ""allocates_capital_into"", ""Uber_Technologies_Inc.""], [""BlackRock_Inc."", ""has_dynamic_approach_in"", ""enhancing_asset_portfolio""], [""Carlyle_Group_LP"", ""is_part_of"", ""BlackRock_Inc._portfolio""], [""Uber_Technologies_Inc."", ""is_part_of"", ""BlackRock_Inc._portfolio""]]","[[""BlackRock_Inc."", ""raised_assets"", ""strategic_move""], [""BlackRock_Inc."", ""enhance_financial_strength"", ""strategic_move""], [""BlackRock_Inc."", ""allocates_capital_into"", ""Carlyle_Group_LP""], [""BlackRock_Inc."", ""allocates_capital_into"", ""Uber_Technologies_Inc.""], [""BlackRock_Inc."", ""has_commitment_to"", ""diversifying_portfolio""], [""BlackRock_Inc."", ""drives_growth_through"", ""investments""], [""Carlyle_Group_LP"", ""is_prominent_entity_in"", ""BlackRock_Inc._portfolio""], [""Uber_Technologies_Inc."", ""is_prominent_entity_in"", ""BlackRock_Inc._portfolio""]]",0.6333333333333333,0.3619632124900818,0.6044152975082397,0.4886272748799577,0.6944444444444444,0.9793395398132174,0.9508500302763401,0.922360520739463,0.8938710112025854,0.8653815016657083,0.8368919921288309,0.8084024825919536,0.7799129730550763,0.751423463518199,0.7229339539813218,0.6944444444444444,0.8747293520216898,0.8998071369759928
286,Sen. Cory Booker is a member of the Senate and actively participates in the 2020 Presidential Campaign. His involvement in these activities has a notable impact on the impeachment proceedings.,"Sen. Cory Booker is a member of the Senate and actively participates in the 2020 Presidential Campaign. Additionally, his actions and statements have a notable impact on the impeachment proceedings.","[[""Sen._Cory_Booker"", ""member_of"", ""Senate""], [""Sen._Cory_Booker"", ""participates_in"", ""2020_Presidential_Campaign""], [""Sen._Cory_Booker"", ""involved_in"", ""impeachment_proceedings""], [""Sen._Cory_Booker\""s_involvement"", ""has_impact_on"", ""impeachment_proceedings""]]","[[""Sen._Cory_Booker"", ""member_of"", ""Senate""], [""Sen._Cory_Booker"", ""participates_in"", ""2020_Presidential_Campaign""], [""Sen._Cory_Booker\""s_actions"", ""have_impact_on"", ""impeachment_proceedings""], [""Sen._Cory_Booker\""s_statements"", ""have_impact_on"", ""impeachment_proceedings""]]",1.0,0.5187699794769287,0.6802318096160889,0.42600643361512924,0.5,0.9811860764412335,0.9330674687971102,0.8849488611529868,0.8368302535088634,0.7887116458647401,0.7405930382206167,0.6924744305764934,0.64435582293237,0.5962372152882467,0.5481186076441233,0.5,0.971845007599295,0.9300015491535892
287,"Lockheed Martin Corp. plays a significant role in the financial markets by having a positive impact on the S&P500. The corporation is known for producing F-35 Jets, a major product that contributes to its influence. Moreover, Lockheed Martin Corp. impacts broader economic conditions, particularly in the context of the U.S.-China Trade Dispute, signifying its importance not only in defense manufacturing but also in international trade relations.","Lockheed Martin Corp. is the producer of F-35 Jets, a prominent line of military aircraft. The company's operations and decisions significantly impact the ongoing U.S.-China Trade Dispute, influencing trade policies and defense strategies. Additionally, Lockheed Martin Corp. has a negative impact on the S&P500, affecting the financial markets and investors connected to this major stock index.","[[""Lockheed_Martin_Corp."", ""plays_role_in"", ""financial_markets""], [""Lockheed_Martin_Corp."", ""has_impact_on"", ""S&P500""], [""Lockheed_Martin_Corp."", ""produces"", ""F-35_Jets""], [""F-35_Jets"", ""contributes_to"", ""Lockheed_Martin_Corp._influence""], [""Lockheed_Martin_Corp."", ""impacts"", ""broader_economic_conditions""], [""Lockheed_Martin_Corp."", ""involved_in"", ""U.S.-China_Trade_Dispute""], [""Lockheed_Martin_Corp."", ""operates_in"", ""defense_manufacturing""], [""Lockheed_Martin_Corp."", ""operates_in"", ""international_trade_relations""]]","[[""Lockheed_Martin_Corp."", ""produces"", ""F-35_Jets""], [""F-35_Jets"", ""is_type_of"", ""military_aircraft""], [""Lockheed_Martin_Corp."", ""impacts"", ""U.S.-China_Trade_Dispute""], [""Lockheed_Martin_Corp."", ""influences"", ""trade_policies""], [""Lockheed_Martin_Corp."", ""influences"", ""defense_strategies""], [""Lockheed_Martin_Corp."", ""has_impact_on"", ""S&P500""], [""Lockheed_Martin_Corp."", ""affects"", ""financial_markets""], [""Lockheed_Martin_Corp."", ""affects"", ""investors""], [""S&P500"", ""is_type_of"", ""stock_index""]]",0.6429306248420497,0.0,0.4790937900543213,0.26352313834736496,0.5567306167185677,0.973522283613659,0.9318431169241499,0.8901639502346408,0.8484847835451316,0.8068056168556226,0.7651264501661134,0.7234472834766043,0.6817681167870951,0.6400889500975859,0.5984097834080769,0.5567306167185677,0.8570014694221171,0.7637425500319712
288,"The British Government maintains a series of relationships with various entities, including the US Government, the Brexit Process, and the Conservative party, highlighting its diverse political and economic links. Boris Johnson, a prominent figure within the British Government, also shares connections with European Nations and has played a controlling role in the Election. This Election has notably impacted President Maduro, demonstrating its far-reaching effects beyond domestic borders. Furthermore, Michael Gove is related to Boris Johnson and the Environment, showcasing his involvement in political and environmental matters.","The British Government has significant relationships with the US Government, the Brexit Process, and the Conservative Party. Boris Johnson, a prominent figure, is closely related to the British Government and also has connections with Brazil. He exercises control over elections, which in turn impacts individuals such as Greg Abel. Michael Gove, another key political personality, is related to Boris Johnson and to matters concerning the environment. Together, these relationships weave a complex web of political and governmental dynamics both within the UK and beyond its borders.","[[""British_Government"", ""maintains_relationships_with"", ""US_Government""], [""British_Government"", ""maintains_relationships_with"", ""Brexit_Process""], [""British_Government"", ""maintains_relationships_with"", ""Conservative_party""], [""Boris_Johnson"", ""part_of"", ""British_Government""], [""Boris_Johnson"", ""connected_to"", ""European_Nations""], [""Boris_Johnson"", ""involved_in"", ""Election""], [""Election"", ""impacted"", ""President_Maduro""], [""Michael_Gove"", ""related_to"", ""Boris_Johnson""], [""Michael_Gove"", ""related_to"", ""Environment""], [""Boris_Johnson"", ""played_controlling_role_in"", ""Election""]]","[[""British_Government"", ""maintains_relationships_with"", ""US_Government""], [""British_Government"", ""maintains_relationships_with"", ""Brexit_Process""], [""British_Government"", ""maintains_relationships_with"", ""Conservative_Party""], [""Boris_Johnson"", ""part_of"", ""British_Government""], [""Boris_Johnson"", ""connected_to"", ""Brazil""], [""Boris_Johnson"", ""exercises_control_over"", ""elections""], [""elections"", ""impacted"", ""Greg_Abel""], [""Michael_Gove"", ""related_to"", ""Boris_Johnson""], [""Michael_Gove"", ""related_to"", ""environment""], [""Boris_Johnson"", ""key_political_personality"", ""British_Government""]]",0.5185185185185185,0.2509072721004486,0.7886134386062622,0.55,0.5666666666666667,0.9798123691910303,0.938497798938594,0.8971832286861576,0.8558686584337212,0.8145540881812848,0.7732395179288485,0.7319249476764121,0.6906103774239758,0.6492958071715393,0.607981236919103,0.5666666666666667,0.9049627104018194,0.9355214863765016
289,"The United States controls foreign aid as part of its global influence and operates in regions like West Africa. Its impact is also felt in wage gains within its economy, which, unfortunately, have a negative impact on investors and Fed policy. These wage gains are related to economic expansion, which has a positive impact on the Eurozone, indicating a ripple effect of economic activity across the Atlantic. Economic expansion is further related to policies such as tax cuts, and it also impacts the Treasury yield. Meanwhile, within the domain of investments, Intel Capital invests in the United States, reflecting confidence in its market potential.","The United States exercises control over Foreign Aid and holds a significant influence on wage gains. These wage gains, while indicative of economic progress, can adversely affect investors and Fed Policy due to the complexities associated with rapid economic changes. The country's operations extend into West Africa, showcasing its global reach. Intel Capital sees potential in the United States, investing resources into the nation, which speaks to its robust economic environment. Wage gains have a correlation with economic expansion, a phenomenon positively affecting the Eurozone. Economic expansion is also linked to Tax Cut strategies and has impactful implications for Treasury Yield. Each of these elements forms a complex web of financial and geopolitical relationships that define the current economic landscape.","[[""United_States"", ""controls"", ""foreign_aid""], [""United_States"", ""operates_in"", ""West_Africa""], [""United_States"", ""has_influence_on"", ""global_influence""], [""wage_gains"", ""have_impact_on"", ""investors""], [""wage_gains"", ""have_impact_on"", ""Fed_policy""], [""wage_gains"", ""related_to"", ""economic_expansion""], [""economic_expansion"", ""has_positive_impact_on"", ""Eurozone""], [""economic_expansion"", ""related_to"", ""tax_cuts""], [""economic_expansion"", ""impacts"", ""Treasury_yield""], [""Intel_Capital"", ""invests_in"", ""United_States""], [""United_States"", ""has"", ""market_potential""]]","[[""United_States"", ""exercises_control_over"", ""Foreign_Aid""], [""United_States"", ""has_influence_on"", ""wage_gains""], [""wage_gains"", ""indicative_of"", ""economic_progress""], [""wage_gains"", ""adversely_affect"", ""investors""], [""wage_gains"", ""adversely_affect"", ""Fed_Policy""], [""United_States"", ""operates_in"", ""West_Africa""], [""United_States"", ""has"", ""global_reach""], [""Intel_Capital"", ""invests_in"", ""United_States""], [""United_States"", ""has"", ""robust_economic_environment""], [""wage_gains"", ""correlated_with"", ""economic_expansion""], [""economic_expansion"", ""positively_affects"", ""Eurozone""], [""economic_expansion"", ""linked_to"", ""Tax_Cut_strategies""], [""economic_expansion"", ""impacts"", ""Treasury_Yield""]]",0.8139847818425263,0.5118378400802612,0.8258206844329834,0.5559369874958259,0.8139847818425263,0.9821568714860729,0.9653396625217182,0.9485224535573635,0.931705244593009,0.9148880356286543,0.8980708266642996,0.8812536176999449,0.8644364087355902,0.8476191997712357,0.830801990806881,0.8139847818425263,0.90106847088927,0.9285973823586655
290,"Consumer prices significantly impact the Group of 20, interest rates, and the exchange rate. Additionally, changes in interest rates further influence the gold market.","Consumer prices have a significant impact on several key economic indicators. They influence the decisions made by the Group of 20, as well as affecting interest rates and the exchange rate.","[[""Consumer_prices"", ""impact"", ""Group_of_20""], [""Consumer_prices"", ""impact"", ""interest_rates""], [""Consumer_prices"", ""impact"", ""exchange_rate""], [""interest_rates"", ""influence"", ""gold_market""]]","[[""Consumer_prices"", ""impact"", ""Group_of_20""], [""Consumer_prices"", ""influence"", ""decisions_made_by_Group_of_20""], [""Consumer_prices"", ""affect"", ""interest_rates""], [""Consumer_prices"", ""affect"", ""exchange_rate""]]",0.5590169943749475,0.6565338373184204,0.8076706528663635,0.4666666666666667,0.5590169943749475,0.9739030802378285,0.9324144716515405,0.8909258630652522,0.8494372544789641,0.8079486458926761,0.7664600373063879,0.7249714287200999,0.6834828201338118,0.6419942115475237,0.6005056029612356,0.5590169943749475,0.9323585548112423,0.8934178776655903
291,"Vladimir Putin has a negative impact on Venezuela, influencing its political or economic conditions. Meanwhile, Emmanuel Macron is related to both Vladimir Putin and Syrian President Bashar al-Assad, indicating diplomatic or geopolitical connections. Additionally, Emmanuel Macron's policies or statements have an impact in the context of World War I, potentially affecting how the history of the conflict is perceived or commemorated.","Vladimir Putin has a positive impact on Venezuela, signaling a potentially beneficial relationship between the two. Meanwhile, Emmanuel Macron relates to Syrian President Bashar al-Assad and maintains connections with Vladimir Putin, indicating diplomatic or geopolitical ties. Moreover, Emmanuel Macron also has an impact on discussions or commemorations concerning World War I, highlighting his role in international relations and historical affairs.","[[""Vladimir_Putin"", ""has_negative_impact_on"", ""Venezuela""], [""Vladimir_Putin"", ""influences"", ""Venezuela_political_or_economic_conditions""], [""Emmanuel_Macron"", ""related_to"", ""Vladimir_Putin""], [""Emmanuel_Macron"", ""related_to"", ""Bashar_al-Assad""], [""Emmanuel_Macron"", ""has_impact_in_context_of"", ""World_War_I""], [""Emmanuel_Macron_policies_or_statements"", ""affect"", ""history_of_World_War_I""], [""Emmanuel_Macron_policies_or_statements"", ""influence"", ""perception_of_World_War_I""]]","[[""Vladimir_Putin"", ""has_positive_impact_on"", ""Venezuela""], [""Vladimir_Putin"", ""signals_beneficial_relationship_with"", ""Venezuela""], [""Emmanuel_Macron"", ""relates_to"", ""Bashar_al-Assad""], [""Emmanuel_Macron"", ""maintains_connections_with"", ""Vladimir_Putin""], [""Emmanuel_Macron"", ""has_impact_on"", ""discussions_or_commemorations_of_World_War_I""], [""Emmanuel_Macron"", ""highlights_role_in"", ""international_relations""], [""Emmanuel_Macron"", ""highlights_role_in"", ""historical_affairs""]]",1.0,0.0,0.3597443103790283,0.2939723678960656,0.7877263614433762,0.9370881077785683,0.9221519331450491,0.9072157585115299,0.8922795838780107,0.8773434092444914,0.8624072346109722,0.8474710599774531,0.8325348853439338,0.8175987107104146,0.8026625360768953,0.7877263614433762,0.8659940071272229,0.762504379503353
292,"Justice Brett Kavanaugh, a member of the Supreme Court, has connections that extend to figures such as Bill Clinton and Robert Mueller. Meanwhile, Andrew McCabe shares a relationship with James Comey. In its role as a prominent media outlet, the New York Times has announced developments concerning Andrew McCabe, a subpoena, and Justice Brett Kavanaugh, indicating its involvement in conveying significant legal and political events.","Justice Brett Kavanaugh has a connection to Bill Clinton, indicating a noteworthy relationship between the judicial figure and the former president. Meanwhile, Andrew McCabe is related to James Comey, highlighting the link between the two prominent figures in law enforcement. The New York Times played a pivotal role in publicly announcing developments related to Andrew McCabe, as well as the issuance of a subpoena. Moreover, the publication announced matters related to Justice Brett Kavanaugh, underscoring its influence in disseminating news about key individuals and legal actions.","[[""Justice_Brett_Kavanaugh"", ""member_of"", ""Supreme_Court""], [""Justice_Brett_Kavanaugh"", ""connected_to"", ""Bill_Clinton""], [""Justice_Brett_Kavanaugh"", ""connected_to"", ""Robert_Mueller""], [""Andrew_McCabe"", ""shares_relationship_with"", ""James_Comey""], [""New_York_Times"", ""announced_developments_about"", ""Andrew_McCabe""], [""New_York_Times"", ""announced_developments_about"", ""subpoena""], [""New_York_Times"", ""announced_developments_about"", ""Justice_Brett_Kavanaugh""], [""New_York_Times"", ""involved_in"", ""conveying_legal_events""], [""New_York_Times"", ""involved_in"", ""conveying_political_events""]]","[[""Justice_Brett_Kavanaugh"", ""connected_to"", ""Bill_Clinton""], [""Justice_Brett_Kavanaugh"", ""noteworthy_relationship_with"", ""Bill_Clinton""], [""Andrew_McCabe"", ""related_to"", ""James_Comey""], [""Andrew_McCabe"", ""link_with"", ""James_Comey""], [""New_York_Times"", ""announced_developments_about"", ""Andrew_McCabe""], [""New_York_Times"", ""announced_issuance_of"", ""subpoena""], [""New_York_Times"", ""announced_matters_about"", ""Justice_Brett_Kavanaugh""], [""New_York_Times"", ""influence_in"", ""disseminating_news_about_key_individuals""], [""New_York_Times"", ""influence_in"", ""disseminating_news_about_legal_actions""]]",0.46195657812238883,0.0,0.6062703728675842,0.40994579587496144,0.4382504900892777,0.9659802227329092,0.913207249468546,0.8604342762041829,0.8076613029398197,0.7548883296754566,0.7021153564110935,0.6493423831467303,0.5965694098823672,0.5437964366180039,0.49102346335364083,0.4382504900892777,0.8665970999092212,0.9153105950251339
293,"Donald Trump exerts control over governance and has announced a ban, while also being related to Jeffrey Epstein. Mahmoud Abbas is related to Donald Trump and controls both the Palestinian Authority and the Gaza Strip. Under his authority, the Palestinian Authority operates in the West Bank. Additionally, the Palestinian Authority maintains a relationship with the United States.","Donald Trump exercises control over governance and has announced a ban, with connections also drawn between him and Jeffrey Epstein. Mahmoud Abbas has relationships connecting him to Donald Trump and has control over the Palestinian Authority as well as the Gaza Strip. The Palestinian Authority operates in the West Bank and has connections relating it to the United States, making it a significant governing body in the region.","[[""Donald_Trump"", ""exerts_control_over"", ""governance""], [""Donald_Trump"", ""announced"", ""ban""], [""Donald_Trump"", ""related_to"", ""Jeffrey_Epstein""], [""Mahmoud_Abbas"", ""related_to"", ""Donald_Trump""], [""Mahmoud_Abbas"", ""controls"", ""Palestinian_Authority""], [""Mahmoud_Abbas"", ""controls"", ""Gaza_Strip""], [""Palestinian_Authority"", ""operates_in"", ""West_Bank""], [""Palestinian_Authority"", ""maintains_relationship_with"", ""United_States""]]","[[""Donald_Trump"", ""exercises_control_over"", ""governance""], [""Donald_Trump"", ""announced"", ""ban""], [""Donald_Trump"", ""connected_to"", ""Jeffrey_Epstein""], [""Mahmoud_Abbas"", ""connected_to"", ""Donald_Trump""], [""Mahmoud_Abbas"", ""has_control_over"", ""Palestinian_Authority""], [""Mahmoud_Abbas"", ""has_control_over"", ""Gaza_Strip""], [""Palestinian_Authority"", ""operates_in"", ""West_Bank""], [""Palestinian_Authority"", ""has_connection_to"", ""United_States""], [""Palestinian_Authority"", ""is"", ""significant_governing_body_in_region""]]",1.0,0.8423364758491516,0.9417101144790649,0.7378647873726218,1.0,0.9749459311743698,0.9774513380569329,0.9799567449394959,0.9824621518220589,0.9849675587046218,0.9874729655871849,0.989978372469748,0.9924837793523109,0.994989186234874,0.9974945931174369,1.0,0.9242313955219941,0.9563243266001474
294,"Andrew Cuomo participates in the Debate and the New York Democratic Primary while controlling the New York State Budget. The economy relates to both interest rates and jobs, and Democratic senators are associated with the US Government. They also work towards a decrease in the Independent Democratic Conference. Andrea Stewart-Cousins relates to democratic senators, the economy, and Andrew Cuomo.","Andrew Cuomo participates in the Debate and in the New York Democratic Primary, while he also controls the New York State Budget. The economy relates to interest rates and jobs, highlighting its significance in financial discussions. Democratic senators are connected to the US Government, and they have worked to decrease the influence of the Independent Democratic Conference. Additionally, Andrea Stewart-Cousins relates to both the Democratic senators and the economy, further connecting her to Andrew Cuomo.","[[""Andrew_Cuomo"", ""participates_in"", ""Debate""], [""Andrew_Cuomo"", ""participates_in"", ""New_York_Democratic_Primary""], [""Andrew_Cuomo"", ""controls"", ""New_York_State_Budget""], [""economy"", ""relates_to"", ""interest_rates""], [""economy"", ""relates_to"", ""jobs""], [""Democratic_senators"", ""associated_with"", ""US_Government""], [""Democratic_senators"", ""work_towards"", ""decrease_in_Independent_Democratic_Conference""], [""Andrea_Stewart-Cousins"", ""relates_to"", ""Democratic_senators""], [""Andrea_Stewart-Cousins"", ""relates_to"", ""economy""], [""Andrea_Stewart-Cousins"", ""relates_to"", ""Andrew_Cuomo""]]","[[""Andrew_Cuomo"", ""participates_in"", ""Debate""], [""Andrew_Cuomo"", ""participates_in"", ""New_York_Democratic_Primary""], [""Andrew_Cuomo"", ""controls"", ""New_York_State_Budget""], [""economy"", ""relates_to"", ""interest_rates""], [""economy"", ""relates_to"", ""jobs""], [""Democratic_senators"", ""connected_to"", ""US_Government""], [""Democratic_senators"", ""work_towards"", ""decrease_in_Independent_Democratic_Conference""], [""Andrea_Stewart-Cousins"", ""relates_to"", ""Democratic_senators""], [""Andrea_Stewart-Cousins"", ""relates_to"", ""economy""], [""Andrea_Stewart-Cousins"", ""relates_to"", ""Andrew_Cuomo""], [""economy"", ""highlighted_in"", ""financial_discussions""]]",1.0,0.722653865814209,0.9679179787635803,0.8848947511081307,1.0,0.9986097913138383,0.9987488121824545,0.9988878330510707,0.9990268539196867,0.999165874788303,0.9993048956569192,0.9994439165255353,0.9995829373941515,0.9997219582627677,0.9998609791313838,1.0,0.9890560072441028,0.9929953868671855
295,"The Global Market has a negative impact on riskier assets while simultaneously influencing interest rates and oil supply. In turn, Mexico impacts the Global Market and has control over the border and migrant shelters. Furthermore, interest rates have an impact on Treasury yield.","The Global Market has a negative impact on riskier assets and also impacts interest rates and oil supply. Additionally, Mexico impacts the Global Market, while also exerting control over the border and migrant shelters. Furthermore, interest rates significantly impact the Treasury yield.","[[""Global_Market"", ""has_negative_impact_on"", ""riskier_assets""], [""Global_Market"", ""influences"", ""interest_rates""], [""Global_Market"", ""influences"", ""oil_supply""], [""Mexico"", ""impacts"", ""Global_Market""], [""Mexico"", ""has_control_over"", ""border""], [""Mexico"", ""has_control_over"", ""migrant_shelters""], [""interest_rates"", ""have_impact_on"", ""Treasury_yield""]]","[[""Global_Market"", ""has_negative_impact_on"", ""riskier_assets""], [""Global_Market"", ""impacts"", ""interest_rates""], [""Global_Market"", ""impacts"", ""oil_supply""], [""Mexico"", ""impacts"", ""Global_Market""], [""Mexico"", ""exerts_control_over"", ""border""], [""Mexico"", ""exerts_control_over"", ""migrant_shelters""], [""interest_rates"", ""significantly_impact"", ""Treasury_yield""]]",1.0,1.0,1.0,1.0,1.0,0.9869146351733667,0.98822317165603,0.9895317081386934,0.9908402446213567,0.99214878110402,0.9934573175866834,0.9947658540693467,0.99607439055201,0.9973829270346733,0.9986914635173367,1.0,0.9534841663405647,0.9599025634543504
296,"The Department of Defense, actively operating in regions like Niger, maintains control over Robert Wilkie and has a connection to Senate Majority Leader Mitch McConnell. Meanwhile, Kay Granger exercises control over both the Appropriations Committee and the House Appropriations Committee. The House Appropriations Committee, which is a member of the Department of Defense, also impacts Military Construction Projects and governs the dynamics of a government shutdown. This government shutdown signifies the ability to impact border security and the value of the U.S. Dollar, having a particularly negative effect on Housing Starts.","The Department of Defense operates in Niger, exercises control over Robert Wilkie and is related to Senate Majority Leader Mitch McConnell. Meanwhile, Kay Granger holds control over the Appropriations Committee and the House Appropriations Committee. The government shutdown has a noteworthy impact on both the U.S. Dollar and border security, while it adversely affects housing starts. Furthermore, the House Appropriations Committee significantly influences military construction projects.","[[""Department_of_Defense"", ""operating_in"", ""Niger""], [""Department_of_Defense"", ""maintains_control_over"", ""Robert_Wilkie""], [""Department_of_Defense"", ""connected_to"", ""Mitch_McConnell""], [""Kay_Granger"", ""exercises_control_over"", ""Appropriations_Committee""], [""Kay_Granger"", ""exercises_control_over"", ""House_Appropriations_Committee""], [""House_Appropriations_Committee"", ""member_of"", ""Department_of_Defense""], [""House_Appropriations_Committee"", ""impacts"", ""Military_Construction_Projects""], [""House_Appropriations_Committee"", ""governs"", ""government_shutdown""], [""government_shutdown"", ""signifies"", ""ability_to_impact""], [""government_shutdown"", ""impacts"", ""border_security""], [""government_shutdown"", ""impacts"", ""U.S._Dollar""], [""government_shutdown"", ""negatively_affects"", ""Housing_Starts""]]","[[""Department_of_Defense"", ""operating_in"", ""Niger""], [""Department_of_Defense"", ""exercises_control_over"", ""Robert_Wilkie""], [""Department_of_Defense"", ""related_to"", ""Mitch_McConnell""], [""Kay_Granger"", ""holds_control_over"", ""Appropriations_Committee""], [""Kay_Granger"", ""holds_control_over"", ""House_Appropriations_Committee""], [""government_shutdown"", ""impacts"", ""U.S._Dollar""], [""government_shutdown"", ""impacts"", ""border_security""], [""government_shutdown"", ""adversely_affects"", ""housing_starts""], [""House_Appropriations_Committee"", ""influences"", ""military_construction_projects""]]",0.6818041524931499,0.8481794595718384,0.9725003242492676,0.7072326793058016,0.7072326793058016,0.9823634784285487,0.954850398516274,0.9273373186039993,0.8998242386917245,0.8723111587794499,0.8447980788671752,0.8172849989549005,0.7897719190426258,0.762258839130351,0.7347457592180763,0.7072326793058016,0.9243482193039578,0.9337925499190577
297,"The United States has a negative impact on both the President Trump Administration and China Imports, while also having a connection to Denuclearization Talks. Sudan possesses leadership under Omar al-Bashir and is related to both the Islamic State and the United States, pointing to the geopolitical dynamics at play. Manbij has ties to the U.S. Military and is known as a region where the Islamic State operates, revealing the area's ongoing conflict. Additionally, the Islamic State is linked to Iran, indicating further regional complexities.","The dynamics between the United States and various global entities illustrate a complex web of impacts and relations. The United States has a negative impact on both the President Trump Administration and China Imports, compounding international tensions. Additionally, the country is related to Denuclearization Talks, suggesting its involvement in crucial diplomatic initiatives. Meanwhile, Sudan possesses leadership under Omar al-Bashir and holds intricate relations with the Islamic State, as well as with the United States itself. The city of Manbij is associated with the U.S. Military, underscoring military strategic importance, while the Islamic State operates within this region and maintains connections to Iran. This network of relations highlights the intricate and often adversarial interactions among diverse geopolitical entities.","[[""United_States"", ""negative_impact_on"", ""President_Trump_Administration""], [""United_States"", ""negative_impact_on"", ""China_Imports""], [""United_States"", ""connection_to"", ""Denuclearization_Talks""], [""Sudan"", ""leadership_under"", ""Omar_al-Bashir""], [""Sudan"", ""related_to"", ""Islamic_State""], [""Sudan"", ""related_to"", ""United_States""], [""Manbij"", ""ties_to"", ""U.S._Military""], [""Manbij"", ""region_of"", ""Islamic_State""], [""Islamic_State"", ""linked_to"", ""Iran""]]","[[""United_States"", ""negative_impact_on"", ""President_Trump_Administration""], [""United_States"", ""negative_impact_on"", ""China_Imports""], [""United_States"", ""related_to"", ""Denuclearization_Talks""], [""Sudan"", ""leadership_under"", ""Omar_al-Bashir""], [""Sudan"", ""related_to"", ""Islamic_State""], [""Sudan"", ""related_to"", ""United_States""], [""Manbij"", ""associated_with"", ""U.S._Military""], [""Manbij"", ""region_of"", ""Islamic_State""], [""Islamic_State"", ""connected_to"", ""Iran""]]",1.0,0.9999998211860657,1.0,1.0,1.0,0.9951343524504058,0.9956209172053653,0.9961074819603246,0.9965940467152841,0.9970806114702435,0.997567176225203,0.9980537409801623,0.9985403057351218,0.9990268704900811,0.9995134352450405,1.0,0.9797862995531721,0.9897830872205331
298,"Antigovernment protesters are actively operating in France while their actions have a significant impact on the situation in Hong Kong. Furthermore, these protesters are related to the activities and enforcement measures of the Hong Kong police, highlighting the global implications and connections of their movements and protests.","Antigovernment protesters are actively operating in France, demonstrating their presence and influence across borders. Their activities have also had an impact on Hong Kong, further highlighting their influence. These protesters have a complex relationship with the Hong Kong police, underscoring tensions in areas where both parties are active.","[[""Antigovernment_protesters"", ""operating_in"", ""France""], [""Antigovernment_protesters"", ""affecting"", ""Hong_Kong""], [""Antigovernment_protesters"", ""related_to"", ""Hong_Kong_police""], [""Hong_Kong_police"", ""enforcement_in"", ""Hong_Kong""], [""Antigovernment_protesters"", ""part_of"", ""global_movements""], [""global_movements"", ""having_impact_on"", ""Hong_Kong""]]","[[""Antigovernment_protesters"", ""operating_in"", ""France""], [""Antigovernment_protesters"", ""demonstrating_influence_in"", ""France""], [""Antigovernment_protesters"", ""affecting"", ""Hong_Kong""], [""Antigovernment_protesters"", ""related_to"", ""Hong_Kong_police""], [""Antigovernment_protesters"", ""having_influence_across"", ""borders""], [""Hong_Kong_police"", ""active_in"", ""Hong_Kong""], [""Antigovernment_protesters"", ""having_complex_relationship_with"", ""Hong_Kong_police""], [""Antigovernment_protesters"", ""underscoring_tensions_in"", ""areas_of_activity""]]",0.3333333333333333,0.5925089716911316,0.6625221967697144,0.42600643361512924,0.4666666666666667,0.9692151727227458,0.9189603221171379,0.8687054715115301,0.818450620905922,0.7681957703003142,0.7179409196947062,0.6676860690890983,0.6174312184834905,0.5671763678778825,0.5169215172722746,0.4666666666666667,0.8811412817810356,0.9020697375335717
299,"Donald Trump has had a negative impact on the Trade Gap, has influenced U.S. businesses, and has also been a significant figure in the Impeachment Hearings. The United States has raised economic activities in Atlanta and maintains control over Caracas. Additionally, the country relates to energy policies through the Energy Information Administration. Kathy Kraninger serves as a member of the Consumer Financial Protection Bureau and operates within the United States while also having a relational context tied to Donald Trump.","The actions and decisions of Donald Trump have had various impacts, with notable negative repercussions on the Trade Gap, and a wider influence on U.S. businesses and the proceedings of Impeachment Hearings. The United States plays a role in raising certain initiatives in Atlanta while exercising control in areas like Caracas. Additionally, the United States has a connection with the Energy Information Administration. Kathy Kraninger, who is a member of the Consumer Financial Protection Bureau, operates within the United States. Her activities and role are connected to Donald Trump.","[[""Donald_Trump"", ""impact_on"", ""Trade_Gap""], [""Donald_Trump"", ""influenced"", ""U.S._businesses""], [""Donald_Trump"", ""figure_in"", ""Impeachment_Hearings""], [""United_States"", ""raised_economic_activities_in"", ""Atlanta""], [""United_States"", ""maintains_control_over"", ""Caracas""], [""United_States"", ""relates_to"", ""Energy_Information_Administration""], [""Kathy_Kraninger"", ""member_of"", ""Consumer_Financial_Protection_Bureau""], [""Kathy_Kraninger"", ""operates_in"", ""United_States""], [""Kathy_Kraninger"", ""related_to"", ""Donald_Trump""]]","[[""Donald_Trump"", ""impact_on"", ""Trade_Gap""], [""Donald_Trump"", ""influence_on"", ""U.S._businesses""], [""Donald_Trump"", ""impact_on"", ""Impeachment_Hearings""], [""United_States"", ""raises_initiatives_in"", ""Atlanta""], [""United_States"", ""exercises_control_in"", ""Caracas""], [""United_States"", ""connected_to"", ""Energy_Information_Administration""], [""Kathy_Kraninger"", ""member_of"", ""Consumer_Financial_Protection_Bureau""], [""Kathy_Kraninger"", ""operates_in"", ""United_States""], [""Kathy_Kraninger"", ""connected_to"", ""Donald_Trump""]]",1.0,1.0,0.9999999403953552,1.0,1.0,0.9697486395109695,0.9727737755598725,0.9757989116087755,0.9788240476576786,0.9818491837065817,0.9848743197554848,0.9878994558043878,0.9909245918532908,0.9939497279021938,0.9969748639510969,1.0,0.916925336241417,0.9529682763258316
300,"The U.S. Economy has a significant energy sector and exerts an impact on tariffs while controlling negative interest rates. Jobless claims are related to both the U.S. Economy and the Department of Labor, and they have a notable impact on the U.S. labor market.","The U.S. Economy has an energy sector and is impacted by tariffs. Additionally, the U.S. Economy controls negative interest rates, while jobless claims relate to both the U.S. Economy and the Department of Labor. Furthermore, jobless claims have an impact on the U.S. Labor Market.","[[""U.S._Economy"", ""has"", ""energy_sector""], [""U.S._Economy"", ""exerts_impact_on"", ""tariffs""], [""U.S._Economy"", ""controls"", ""negative_interest_rates""], [""Jobless_claims"", ""related_to"", ""U.S._Economy""], [""Jobless_claims"", ""related_to"", ""Department_of_Labor""], [""Jobless_claims"", ""impact_on"", ""U.S._labor_market""]]","[[""U.S._Economy"", ""has"", ""energy_sector""], [""U.S._Economy"", ""impacted_by"", ""tariffs""], [""U.S._Economy"", ""controls"", ""negative_interest_rates""], [""Jobless_claims"", ""relate_to"", ""U.S._Economy""], [""Jobless_claims"", ""relate_to"", ""Department_of_Labor""], [""Jobless_claims"", ""have_impact_on"", ""U.S._Labor_Market""]]",1.0,0.9999998807907104,0.9999999403953552,1.0,1.0,0.9917802433085474,0.9926022189776926,0.9934241946468381,0.9942461703159831,0.9950681459851285,0.9958901216542737,0.9967120973234189,0.9975340729925642,0.9983560486617095,0.9991780243308548,1.0,0.9618770872152138,0.977310424298891
301,"Goldman Sachs Group exerts control over buybacks, a financial strategy that positively impacts share prices, enhancing their market value. Furthermore, Goldman Sachs Group invests in market share, reinforcing its financial footprint. Additionally, there is a notable relationship between Goldman Sachs Group and commodities trading, indicating its involvement or interest in this sector.","Goldman Sachs Group is involved in multiple facets of the financial landscape. It controls buybacks, a practice that has a negative impact on share prices by potentially reducing market demand. Simultaneously, Goldman Sachs Group invests in market share, ensuring its competitive presence within the industry. Furthermore, Goldman Sachs Group's activities are notably related to commodities trading, which ties into its broader financial strategies and operations.","[[""Goldman_Sachs_Group"", ""exerts_control_over"", ""buybacks""], [""buybacks"", ""impacts"", ""share_prices""], [""share_prices"", ""enhanced_by"", ""buybacks""], [""Goldman_Sachs_Group"", ""invests_in"", ""market_share""], [""Goldman_Sachs_Group"", ""related_to"", ""commodities_trading""], [""buybacks"", ""enhances"", ""market_value""], [""Goldman_Sachs_Group"", ""reinforces"", ""financial_footprint""]]","[[""Goldman_Sachs_Group"", ""involved_in"", ""financial_landscape""], [""Goldman_Sachs_Group"", ""controls"", ""buybacks""], [""buybacks"", ""impacts"", ""share_prices""], [""buybacks"", ""reduces"", ""market_demand""], [""Goldman_Sachs_Group"", ""invests_in"", ""market_share""], [""Goldman_Sachs_Group"", ""ensures"", ""competitive_presence""], [""Goldman_Sachs_Group"", ""related_to"", ""commodities_trading""], [""commodities_trading"", ""ties_into"", ""financial_strategies""], [""commodities_trading"", ""ties_into"", ""operations""]]",0.6943650748294136,0.19565220177173615,0.4189836382865906,0.29880715233359845,0.6943650748294136,0.9437271528052621,0.9187909450076773,0.8938547372100925,0.8689185294125075,0.8439823216149227,0.8190461138173378,0.794109906019753,0.7691736982221682,0.7442374904245832,0.7193012826269983,0.6943650748294136,0.8703206067787911,0.8997324986803694
302,"Financial institutions play a substantial role in the United States by operating within its financial sphere. They hold significant control over the International Monetary Fund, thereby influencing global monetary policies. These institutions also impact the Social Security Administration, affecting decisions related to social welfare and pension systems. Meanwhile, U.S. equities have a notable impact on crude prices, reflecting market conditions and investor sentiments. However, these equities also hold a relationship with financial institutions due to interconnected markets and investments, while having a negative impact on the U.S. Federal Reserve, potentially affecting interest rates and monetary policy planning.","Financial institutions play a significant role in shaping various economic entities. These institutions have a notable impact on the Social Security Administration, suggesting their influence on policy or funding mechanisms. They also wield control over the International Monetary Fund, indicating a level of authority in international financial regulations and operations. Within the United States, financial institutions conduct their operations, contributing to the country's complex financial landscape.

U.S. equities, a crucial component of the financial market, exert influence on crude prices, indicating a relationship between stock performance and energy markets. They are also intertwined with financial institutions, reflecting a mutual relationship that affects both sectors. However, U.S. equities can negatively impact the U.S. Federal Reserve, perhaps relating to market volatility and policy challenges the institution may face as a result. Overall, the interplay between these entities demonstrates the interconnectedness of financial dynamics across national and international levels.","[[""Financial_institutions"", ""operate_in"", ""United_States""], [""Financial_institutions"", ""control"", ""International_Monetary_Fund""], [""International_Monetary_Fund"", ""influenced_by"", ""Financial_institutions""], [""Financial_institutions"", ""impact"", ""Social_Security_Administration""], [""Social_Security_Administration"", ""influenced_by"", ""Financial_institutions""], [""U.S._equities"", ""impact"", ""crude_prices""], [""crude_prices"", ""influenced_by"", ""U.S._equities""], [""U.S._equities"", ""related_to"", ""Financial_institutions""], [""Financial_institutions"", ""related_to"", ""U.S._equities""], [""U.S._equities"", ""negative_impact_on"", ""U.S._Federal_Reserve""], [""U.S._Federal_Reserve"", ""influenced_by"", ""U.S._equities""]]","[[""Financial_institutions"", ""shape"", ""economic_entities""], [""Financial_institutions"", ""impact"", ""Social_Security_Administration""], [""Social_Security_Administration"", ""influenced_by"", ""Financial_institutions""], [""Financial_institutions"", ""control"", ""International_Monetary_Fund""], [""International_Monetary_Fund"", ""influenced_by"", ""Financial_institutions""], [""Financial_institutions"", ""operate_in"", ""United_States""], [""U.S._equities"", ""influence"", ""crude_prices""], [""crude_prices"", ""influenced_by"", ""U.S._equities""], [""U.S._equities"", ""related_to"", ""Financial_institutions""], [""Financial_institutions"", ""related_to"", ""U.S._equities""], [""U.S._equities"", ""negative_impact_on"", ""U.S._Federal_Reserve""], [""U.S._Federal_Reserve"", ""influenced_by"", ""U.S._equities""]]",1.0,0.7830802798271179,0.9198729991912842,0.8240554958966418,1.0,0.999839628234694,0.9998556654112246,0.9998717025877553,0.9998877397642858,0.9999037769408163,0.999919814117347,0.9999358512938776,0.9999518884704082,0.9999679256469388,0.9999839628234694,1.0,0.999495592348104,0.9935750922930544
303,"The Securities and Exchange Commission has a subpoena, which is related to an impeachment inquiry. The commission has introduced a fine, showcasing its regulatory capabilities. Additionally, the Securities and Exchange Commission is connected to the Brett Kavanaugh Nomination, indicating its involvement or interest in political or judicial affairs. Overall, the complex network of relations highlights both political and financial implications, involving legal tools like subpoenas and regulatory actions such as introducing fines.","The Securities and Exchange Commission has introduced fines, demonstrating its authority and regulatory power in ensuring compliance with financial regulations. Additionally, the Commission has the possession of a subpoena, which it uses as a tool to enforce legal obligations and obtain information necessary for its investigations and oversight functions.","[[""Securities_and_Exchange_Commission"", ""has"", ""subpoena""], [""subpoena"", ""related_to"", ""impeachment_inquiry""], [""Securities_and_Exchange_Commission"", ""introduced"", ""fine""], [""fine"", ""showcases"", ""regulatory_capabilities""], [""Securities_and_Exchange_Commission"", ""connected_to"", ""Brett_Kavanaugh_Nomination""], [""Brett_Kavanaugh_Nomination"", ""indicates_involvement_in"", ""political_or_judicial_affairs""], [""Securities_and_Exchange_Commission"", ""uses"", ""subpoena""], [""Securities_and_Exchange_Commission"", ""uses"", ""regulatory_actions""], [""regulatory_actions"", ""include"", ""introducing_fines""], [""subpoena"", ""is"", ""legal_tool""], [""introducing_fines"", ""has"", ""financial_implications""], [""introducing_fines"", ""has"", ""political_implications""]]","[[""Securities_and_Exchange_Commission"", ""has"", ""subpoena""], [""Securities_and_Exchange_Commission"", ""introduced"", ""fines""], [""fines"", ""demonstrate"", ""authority""], [""fines"", ""demonstrate"", ""regulatory_power""], [""Securities_and_Exchange_Commission"", ""uses"", ""subpoena""], [""subpoena"", ""enforces"", ""legal_obligations""], [""subpoena"", ""obtains"", ""information""], [""information"", ""necessary_for"", ""investigations""], [""information"", ""necessary_for"", ""oversight_functions""], [""Securities_and_Exchange_Commission"", ""ensures"", ""compliance_with_financial_regulations""]]",0.19920476822239894,0.0,0.23952633142471313,0.03042903097250923,0.2869984013336701,0.8947009006358524,0.8339306507056342,0.773160400775416,0.7123901508451976,0.6516199009149795,0.5908496509847613,0.5300794010545431,0.4693091511243248,0.4085389011941065,0.34776865126388834,0.2869984013336701,0.691547080027921,0.7598957347771349
304,"Steve Bannon operates in the US Government and is associated with both the National Front and WikiLeaks. The National Front, in turn, has connections with immigrants, highlighting the complex web of relationships among these entities.","The National Front is related to issues concerning immigrants, potentially encompassing policies, public sentiment, or various socio-political factors that influence their interactions and impact on immigration matters.","[[""Steve_Bannon"", ""operates_in"", ""US_Government""], [""Steve_Bannon"", ""associated_with"", ""National_Front""], [""Steve_Bannon"", ""associated_with"", ""WikiLeaks""], [""National_Front"", ""has_connections_with"", ""immigrants""]]","[[""National_Front"", ""related_to"", ""issues_concerning_immigrants""], [""issues_concerning_immigrants"", ""encompasses"", ""policies""], [""issues_concerning_immigrants"", ""encompasses"", ""public_sentiment""], [""issues_concerning_immigrants"", ""encompasses"", ""socio-political_factors""], [""socio-political_factors"", ""influence"", ""interactions""], [""socio-political_factors"", ""impact"", ""immigration_matters""]]",0.08606629658238704,0.0,0.22101902961730957,0.02817180849095055,0.08606629658238704,0.5039709812844992,0.46218051281428807,0.4203900443440768,0.37859957587386556,0.33680910740365433,0.29501863893344316,0.2532281704632319,0.2114377019930207,0.16964723352280947,0.12785676505259824,0.08606629658238704,0.5570024478431459,0.4512801771060287
305,"The U.S. Dollar has a positive impact on the Indonesian Rupiah and relates to both US economic growth and compensation. Additionally, the U.S.-China Trade Talks impact the U.S. Dollar, commodities, and the Treasury. The Treasury, in turn, is related to investors and the government.","The U.S. Dollar has a positive impact on the Indonesian Rupiah and is also related to US economic growth and compensation. Additionally, U.S.-China Trade Talks impact commodities, while the Treasury is connected to both investors and the government.","[[""U.S._Dollar"", ""positive_impact_on"", ""Indonesian_Rupiah""], [""U.S._Dollar"", ""relates_to"", ""US_economic_growth""], [""U.S._Dollar"", ""relates_to"", ""compensation""], [""U.S.-China_Trade_Talks"", ""impact"", ""U.S._Dollar""], [""U.S.-China_Trade_Talks"", ""impact"", ""commodities""], [""U.S.-China_Trade_Talks"", ""impact"", ""Treasury""], [""Treasury"", ""related_to"", ""investors""], [""Treasury"", ""related_to"", ""government""]]","[[""U.S._Dollar"", ""positive_impact_on"", ""Indonesian_Rupiah""], [""U.S._Dollar"", ""related_to"", ""US_economic_growth""], [""U.S._Dollar"", ""related_to"", ""compensation""], [""U.S.-China_Trade_Talks"", ""impact"", ""commodities""], [""Treasury"", ""connected_to"", ""investors""], [""Treasury"", ""connected_to"", ""government""]]",0.8148148148148148,1.0,1.0,0.8148148148148148,0.8148148148148148,0.9559324362328735,0.9418206740910676,0.9277089119492619,0.9135971498074558,0.89948538766565,0.8853736255238441,0.8712618633820383,0.8571501012402324,0.8430383390984266,0.8289265769566206,0.8148148148148148,0.9479291581837987,0.8180390223311516
306,"The House of Representatives has Rodrigo Duterte and controls the President Trump Administration. It relates to the impeachment inquiry. Wells Fargo operates in both the Mortgage Business and the Financial industry, and it raises revenue through its operations. Central Bank Policies control economic growth. Timothy Geithner operates in the House of Representatives and relates to both Wells Fargo and Central Bank Policies.","The House of Representatives has Rodrigo Duterte, and it controls the President Trump Administration while also relating to the impeachment inquiry. In the financial sector, Wells Fargo operates in the Mortgage Business and the Financial industry, and it raises revenue through its various operations. Additionally, Central Bank Policies control economic growth, and Timothy Geithner relates to these policies, indicating his involvement or influence in shaping them.","[[""House_of_Representatives"", ""has"", ""Rodrigo_Duterte""], [""House_of_Representatives"", ""controls"", ""President_Trump_Administration""], [""House_of_Representatives"", ""relates_to"", ""impeachment_inquiry""], [""Wells_Fargo"", ""operates_in"", ""Mortgage_Business""], [""Wells_Fargo"", ""operates_in"", ""Financial_industry""], [""Wells_Fargo"", ""raises_revenue_through"", ""operations""], [""Central_Bank_Policies"", ""control"", ""economic_growth""], [""Timothy_Geithner"", ""operates_in"", ""House_of_Representatives""], [""Timothy_Geithner"", ""relates_to"", ""Wells_Fargo""], [""Timothy_Geithner"", ""relates_to"", ""Central_Bank_Policies""]]","[[""House_of_Representatives"", ""has"", ""Rodrigo_Duterte""], [""House_of_Representatives"", ""controls"", ""President_Trump_Administration""], [""House_of_Representatives"", ""relates_to"", ""impeachment_inquiry""], [""Wells_Fargo"", ""operates_in"", ""Mortgage_Business""], [""Wells_Fargo"", ""operates_in"", ""Financial_industry""], [""Wells_Fargo"", ""raises_revenue_through"", ""operations""], [""Central_Bank_Policies"", ""control"", ""economic_growth""], [""Timothy_Geithner"", ""relates_to"", ""Central_Bank_Policies""], [""Wells_Fargo"", ""part_of"", ""Financial_sector""]]",0.8484848484848485,0.8343496322631836,0.9327599406242371,0.8123623944599232,0.8484848484848485,0.9758187386472474,0.9630853496310076,0.9503519606147677,0.9376185715985277,0.9248851825822879,0.9121517935660479,0.899418404549808,0.8866850155335682,0.8739516265173283,0.8612182375010884,0.8484848484848485,0.9838918273277089,0.9724220796603982
307,"The 5 Star Movement has connections to the Technology Sector, highlighting its relevance in this field. In the political and economic landscape, Europe maintains control over Alphabet Inc. and actively participates in the Iranian Sanctions. Additionally, Europe is affiliated with the US Government through membership. The political party League is related to Matteo Salvini and the European Union, and has ties with 5 Star Movement. Forza Italia, which operates within Europe, holds a controlling position over the League. Moreover, Forza Italia is part of the Center-Right Coalition, emphasizing its strategic alliances within the political spectrum.","The 5 Star Movement has a notable connection to the Technology Sector. Europe, although a member of the US Government, exercises control over Alphabet Inc. and actively participates in Iranian Sanctions. The League, which is related to both Matteo Salvini and the European Union, also shows a connection to the 5 Star Movement. Meanwhile, Forza Italia is a member of the Center-Right Coalition, contributing to the political dynamics within the region.","[[""5_Star_Movement"", ""connected_to"", ""Technology_Sector""], [""Europe"", ""maintains_control_over"", ""Alphabet_Inc""], [""Europe"", ""participates_in"", ""Iranian_Sanctions""], [""Europe"", ""member_of"", ""US_Government""], [""League"", ""related_to"", ""Matteo_Salvini""], [""League"", ""related_to"", ""European_Union""], [""League"", ""connected_to"", ""5_Star_Movement""], [""Forza_Italia"", ""controls"", ""League""], [""Forza_Italia"", ""part_of"", ""Center-Right_Coalition""], [""Forza_Italia"", ""operates_in"", ""Europe""]]","[[""5_Star_Movement"", ""connected_to"", ""Technology_Sector""], [""Europe"", ""maintains_control_over"", ""Alphabet_Inc""], [""Europe"", ""participates_in"", ""Iranian_Sanctions""], [""Europe"", ""member_of"", ""US_Government""], [""League"", ""related_to"", ""Matteo_Salvini""], [""League"", ""related_to"", ""European_Union""], [""League"", ""connected_to"", ""5_Star_Movement""], [""Forza_Italia"", ""part_of"", ""Center-Right_Coalition""], [""Forza_Italia"", ""contributes_to"", ""political_dynamics_in_region""]]",0.7666666666666667,0.948196530342102,0.9624781608581543,0.6818041524931499,0.7878787878787878,0.9710300515080886,0.9527149251451585,0.9343997987822286,0.9160846724192984,0.8977695460563684,0.8794544196934382,0.8611392933305082,0.842824166967578,0.824509040604648,0.8061939142417179,0.7878787878787878,0.9727620516928084,0.9763294720501539
308,The U.S. Senate has control over lawmakers and is associated with figures such as Susan Collins. It plays a significant role in raising trade deals. The late Sen. John McCain was a member of the U.S. Senate and had connections to the GOP as well as undergoing cancer treatment.,"The U.S. Senate exercises control over lawmakers, influencing legislative processes. Additionally, the U.S. Senate is related to Susan Collins, who is a prominent figure in its legislative framework.","[[""U.S._Senate"", ""control_over"", ""lawmakers""], [""U.S._Senate"", ""associated_with"", ""Susan_Collins""], [""U.S._Senate"", ""role_in"", ""raising_trade_deals""], [""Sen._John_McCain"", ""member_of"", ""U.S._Senate""], [""Sen._John_McCain"", ""connected_to"", ""GOP""], [""Sen._John_McCain"", ""undergoing"", ""cancer_treatment""]]","[[""U.S._Senate"", ""control_over"", ""lawmakers""], [""U.S._Senate"", ""influences"", ""legislative_processes""], [""U.S._Senate"", ""related_to"", ""Susan_Collins""], [""Susan_Collins"", ""part_of"", ""legislative_framework""]]",0.27498597046143514,0.0,0.5797733068466187,0.2253744679276044,0.4094615124266628,0.8328407102706641,0.790502790486264,0.7481648707018639,0.7058269509174636,0.6634890311330636,0.6211511113486634,0.5788131915642634,0.5364752717798632,0.49413735199546305,0.4517994322110629,0.4094615124266628,0.733884052170003,0.7619001127386471
309,"Alexandria Ocasio-Cortez, a prominent political figure, is related to Joe Crowley, suggesting a connection that may stem from their previous political contest, where she unseated Crowley from his congressional position. She also controls the name and official status of Rep. Alexandria Ocasio-Cortez as part of her responsibilities and identity in her political role. Furthermore, her advocacy and policy viewpoints often relate to the First Amendment, emphasizing her commitment to issues such as freedom of speech and expression.","Alexandria Ocasio-Cortez, a prominent political figure, has a connection to Joe Crowley, suggesting a historical association or political rivalry. She exercises control over her representative role, evident in her title as Rep. Alexandria Ocasio-Cortez, showcasing her influence in legislative matters. Additionally, Alexandria Ocasio-Cortez's interests and actions relate to the First Amendment, emphasizing her advocacy for free speech and civil rights within her political platform.","[[""Alexandria_Ocasio-Cortez"", ""related_to"", ""Joe_Crowley""], [""Alexandria_Ocasio-Cortez"", ""unseated"", ""Joe_Crowley""], [""Joe_Crowley"", ""held_position"", ""congressional_position""], [""Alexandria_Ocasio-Cortez"", ""controls"", ""name_and_official_status_of_Rep_Alexandria_Ocasio-Cortez""], [""Alexandria_Ocasio-Cortez"", ""has_responsibility"", ""political_role""], [""Alexandria_Ocasio-Cortez"", ""advocates_for"", ""First_Amendment""], [""Alexandria_Ocasio-Cortez"", ""supports"", ""freedom_of_speech""], [""Alexandria_Ocasio-Cortez"", ""supports"", ""freedom_of_expression""]]","[[""Alexandria_Ocasio-Cortez"", ""connected_to"", ""Joe_Crowley""], [""Alexandria_Ocasio-Cortez"", ""exercises_control_over"", ""representative_role""], [""Alexandria_Ocasio-Cortez"", ""has_title"", ""Rep_Alexandria_Ocasio-Cortez""], [""Alexandria_Ocasio-Cortez"", ""has_influence_in"", ""legislative_matters""], [""Alexandria_Ocasio-Cortez"", ""relates_to"", ""First_Amendment""], [""Alexandria_Ocasio-Cortez"", ""advocates_for"", ""free_speech""], [""Alexandria_Ocasio-Cortez"", ""advocates_for"", ""civil_rights""], [""Alexandria_Ocasio-Cortez"", ""has_platform"", ""political_platform""]]",0.4666666666666667,0.0,0.3223455846309662,0.15713484026367722,0.5594309277855158,0.9442652442453924,0.9057818125994047,0.8672983809534172,0.8288149493074294,0.7903315176614417,0.7518480860154542,0.7133646543694665,0.6748812227234788,0.6363977910774912,0.5979143594315035,0.5594309277855158,0.7931848731350566,0.8885007198638839
310,"Peter W. Smith has raised funds and is connected to various investment opportunities. Furthermore, Peter W. Smith is also related to Michael Flynn, suggesting a relationship or association in a context that may involve finance or policy.","Peter W. Smith is related to both investment opportunities and Michael Flynn, creating a network of connections that open pathways to financial strategies and potential collaborations. However, in the context of these relationships, Peter W. Smith has experienced a decrease in funds, which could impact the dynamics of his investment strategies and associations.","[[""Peter_W._Smith"", ""raised"", ""funds""], [""Peter_W._Smith"", ""connected_to"", ""investment_opportunities""], [""Peter_W._Smith"", ""related_to"", ""Michael_Flynn""], [""Michael_Flynn"", ""associated_with"", ""Peter_W._Smith""], [""Peter_W._Smith"", ""involved_in"", ""finance""], [""Peter_W._Smith"", ""involved_in"", ""policy""]]","[[""Peter_W._Smith"", ""related_to"", ""investment_opportunities""], [""Peter_W._Smith"", ""related_to"", ""Michael_Flynn""], [""Peter_W._Smith"", ""connected_to"", ""financial_strategies""], [""Peter_W._Smith"", ""connected_to"", ""potential_collaborations""], [""Peter_W._Smith"", ""experienced"", ""decrease_in_funds""], [""decrease_in_funds"", ""impacts"", ""investment_strategies""], [""decrease_in_funds"", ""impacts"", ""associations""], [""Peter_W._Smith"", ""involved_in"", ""investment_strategies""], [""Peter_W._Smith"", ""involved_in"", ""associations""]]",0.5277777777777778,0.04973217844963074,0.46562659740448,0.3127313958110473,0.5277777777777778,0.9458261609792549,0.9040213226591072,0.8622164843389595,0.8204116460188117,0.7786068076986641,0.7368019693785164,0.6949971310583687,0.653192292738221,0.6113874544180732,0.5695826160979255,0.5277777777777778,0.7958390815589402,0.8423619416528683
311,"Gary Martin has connections to a Company, Gun Laws, and Aurora, suggesting a complex interplay between his activities and these entities. His association with Gun Laws might imply his involvement or influence in discussions around legislative actions in Aurora. Meanwhile, a Company has operations in London and impacts the issuance of a Subpoena, possibly showing that its activities or transactions might have legal or regulatory implications. Furthermore, this Company is also related to Economics, indicating that its operations or business model are tied to economic theories or trends. The influence of a Subpoena is significant, as it controls Tax Returns, showcasing its power in legal inquiries or investigations, particularly concerning financial matters. Moreover, a Subpoena is related to the impeachment inquiry, possibly revealing that it might play a role in political or governmental proceedings.","Gary Martin has connections to both gun laws and Aurora, suggesting a role or influence in discussions or events related to these topics. Additionally, a subpoena has control over tax returns, indicating its power to compel the disclosure of such financial information, and it is related to the impeachment inquiry, highlighting its significance in legal proceedings. Furthermore, an unspecified company operates in London, showing its presence in the city's business environment, and this company is related to economics, emphasizing possible contributions or impacts on economic activities in the region.","[[""Gary_Martin"", ""connected_to"", ""Company""], [""Gary_Martin"", ""connected_to"", ""Gun_Laws""], [""Gary_Martin"", ""connected_to"", ""Aurora""], [""Company"", ""has_operations_in"", ""London""], [""Company"", ""impacts"", ""Subpoena""], [""Company"", ""related_to"", ""Economics""], [""Gun_Laws"", ""associated_with"", ""Aurora""], [""Subpoena"", ""controls"", ""Tax_Returns""], [""Subpoena"", ""related_to"", ""impeachment_inquiry""]]","[[""Gary_Martin"", ""connected_to"", ""gun_laws""], [""Gary_Martin"", ""connected_to"", ""Aurora""], [""Company"", ""operates_in"", ""London""], [""Company"", ""related_to"", ""economics""], [""Subpoena"", ""controls"", ""tax_returns""], [""Subpoena"", ""related_to"", ""impeachment_inquiry""]]",0.7222222222222222,1.0,1.0,0.7222222222222222,0.7222222222222222,0.9750120504751545,0.9497330676498612,0.9244540848245681,0.8991751019992748,0.8738961191739816,0.8486171363486883,0.8233381535233951,0.798059170698102,0.7727801878728087,0.7475012050475155,0.7222222222222222,0.9426269885309273,0.7240685952634875
312,"David Gauke is associated with the Conservative party and has links to the Justice department as well as Boris Johnson. The Conservative party itself is connected to the Labour Party, reflecting the often complex interplay between these major political entities.","The Conservative party has a relationship with the Labour Party, reflecting the political dynamics between these two major political entities. While often viewed as rivals, their interactions and policies can influence each other and shape the political landscape.","[[""David_Gauke"", ""associated_with"", ""Conservative_party""], [""David_Gauke"", ""linked_to"", ""Justice_department""], [""David_Gauke"", ""linked_to"", ""Boris_Johnson""], [""Conservative_party"", ""connected_to"", ""Labour_Party""]]","[[""Conservative_party"", ""related_to"", ""Labour_Party""], [""Conservative_party"", ""influences"", ""Labour_Party""], [""Labour_Party"", ""influences"", ""Conservative_party""], [""Conservative_party"", ""interacts_with"", ""Labour_Party""], [""Labour_Party"", ""interacts_with"", ""Conservative_party""], [""Conservative_party"", ""shapes"", ""political_landscape""], [""Labour_Party"", ""shapes"", ""political_landscape""]]",0.5,0.0,0.4600781202316284,0.08606629658238704,0.6324555320336759,0.7043951987623042,0.6972012320894413,0.6900072654165785,0.6828132987437157,0.6756193320708529,0.66842536539799,0.6612313987251272,0.6540374320522644,0.6468434653794015,0.6396494987065388,0.6324555320336759,0.71472996902917,0.5790204434323492
313,"The Iran Government has introduced sanctions that significantly impact the global oil markets. Operating within Tehran, the Iran Government exercises control over the Islamic Revolutionary Guard Corps, which is based in and a member of Iran. Tehran has control over oil exports and also controls the Stena Impero, a notable vessel. The Islamic Revolutionary Guard Corps is active throughout the Middle East, reinforcing its strategic importance in the region.","The Iran Government, operating in Tehran, introduced sanctions that have had an impact on global oil markets. While Tehran exerts control over oil exports and the Stena Impero, the Iran Government also maintains control over the Islamic Revolutionary Guard Corps. This military group, primarily operating in the Middle East, is a significant entity within Iran.","[[""Iran_Government"", ""introduced"", ""sanctions""], [""sanctions"", ""impact"", ""global_oil_markets""], [""Iran_Government"", ""operating_in"", ""Tehran""], [""Iran_Government"", ""exercises_control_over"", ""Islamic_Revolutionary_Guard_Corps""], [""Islamic_Revolutionary_Guard_Corps"", ""based_in"", ""Iran""], [""Islamic_Revolutionary_Guard_Corps"", ""member_of"", ""Iran""], [""Tehran"", ""has_control_over"", ""oil_exports""], [""Tehran"", ""controls"", ""Stena_Impero""], [""Islamic_Revolutionary_Guard_Corps"", ""active_in"", ""Middle_East""], [""Islamic_Revolutionary_Guard_Corps"", ""reinforcing_strategic_importance_in"", ""Middle_East""]]","[[""Iran_Government"", ""introduced"", ""sanctions""], [""sanctions"", ""impact"", ""global_oil_markets""], [""Iran_Government"", ""operating_in"", ""Tehran""], [""Tehran"", ""exerts_control_over"", ""oil_exports""], [""Tehran"", ""controls"", ""Stena_Impero""], [""Iran_Government"", ""maintains_control_over"", ""Islamic_Revolutionary_Guard_Corps""], [""Islamic_Revolutionary_Guard_Corps"", ""operating_in"", ""Middle_East""], [""Islamic_Revolutionary_Guard_Corps"", ""significant_entity_in"", ""Iran""]]",1.0,1.0,1.0,1.0,1.0,0.9772102632465585,0.9794892369219026,0.9817682105972467,0.9840471842725909,0.9863261579479351,0.9886051316232792,0.9908841052986234,0.9931630789739676,0.9954420526493117,0.9977210263246559,1.0,0.9315643677154697,0.9795693638274596
314,"Hua Chunying, who controls the Chinese Foreign Ministry, has a relationship with Sweden, a country that is related to inflation and controls the Consumer-Price Index. Furthermore, Sweden's economy is connected to global trade tensions. The Chinese Foreign Ministry announces trade concerns and operates in China, and it also has a relationship with Hong Kong.","Hua Chunying, who controls the Chinese Foreign Ministry, relates to Sweden. In Sweden, various economic factors exist, including a relationship with inflation and control over the Consumer-Price Index. Additionally, Sweden relates to global trade tensions. The Chinese Foreign Ministry announces trade concerns and operates in China, while it also has a relationship with Hong Kong.","[[""Hua_Chunying"", ""controls"", ""Chinese_Foreign_Ministry""], [""Hua_Chunying"", ""relationship_with"", ""Sweden""], [""Sweden"", ""related_to"", ""inflation""], [""Sweden"", ""controls"", ""Consumer-Price_Index""], [""Sweden"", ""connected_to"", ""global_trade_tensions""], [""Chinese_Foreign_Ministry"", ""announces"", ""trade_concerns""], [""Chinese_Foreign_Ministry"", ""operates_in"", ""China""], [""Chinese_Foreign_Ministry"", ""relationship_with"", ""Hong_Kong""]]","[[""Hua_Chunying"", ""controls"", ""Chinese_Foreign_Ministry""], [""Hua_Chunying"", ""relates_to"", ""Sweden""], [""Sweden"", ""relationship_with"", ""inflation""], [""Sweden"", ""control_over"", ""Consumer-Price_Index""], [""Sweden"", ""relates_to"", ""global_trade_tensions""], [""Chinese_Foreign_Ministry"", ""announces"", ""trade_concerns""], [""Chinese_Foreign_Ministry"", ""operates_in"", ""China""], [""Chinese_Foreign_Ministry"", ""relationship_with"", ""Hong_Kong""]]",1.0,0.9999998807907104,0.9999999403953552,1.0,1.0,0.9932775228346932,0.9939497705512238,0.9946220182677545,0.9952942659842852,0.9959665137008159,0.9966387614173466,0.9973110091338773,0.9979832568504079,0.9986555045669386,0.9993277522834694,1.0,0.9707635112784827,0.9876468002052283
315,"Private-equity has a dynamic relationship with public markets, influencing trends and practices within both sectors. It notably impacts health-care services startups by providing capital, strategic guidance, and operational support, driving innovation and growth in this field. Harvard Business School exerts considerable control over the realms of venture capital and private-equity, shaping educational programs and thought leadership in these financial areas, thereby influencing the strategies and methodologies employed within these industries. Through its guidance, Harvard Business School plays a pivotal role in the development and dissemination of best practices in private-equity and venture capital, further intertwining these domains with the broader economic landscape.","Private-Equity shares a connection with Public Markets, influencing trends and investment flows. Specifically, Private-Equity has a significant impact on Health-Care Services Startups, facilitating their growth and expansion. Harvard Business School exerts control over Venture Capital and Private-Equity, guiding strategies and educational programs that shape the practices within these sectors.","[[""Private-equity"", ""influences"", ""public_markets""], [""Private-equity"", ""influences"", ""health-care_services_startups""], [""Private-equity"", ""provides"", ""capital""], [""Private-equity"", ""provides"", ""strategic_guidance""], [""Private-equity"", ""provides"", ""operational_support""], [""Private-equity"", ""drives"", ""innovation""], [""Private-equity"", ""drives"", ""growth""], [""Harvard_Business_School"", ""exerts_control_over"", ""venture_capital""], [""Harvard_Business_School"", ""exerts_control_over"", ""private-equity""], [""Harvard_Business_School"", ""shapes"", ""educational_programs""], [""Harvard_Business_School"", ""shapes"", ""thought_leadership""], [""Harvard_Business_School"", ""influences"", ""strategies""], [""Harvard_Business_School"", ""influences"", ""methodologies""], [""Harvard_Business_School"", ""plays_role_in"", ""development_of_best_practices""], [""Harvard_Business_School"", ""plays_role_in"", ""dissemination_of_best_practices""], [""Private-equity"", ""intertwined_with"", ""economic_landscape""], [""Venture_capital"", ""intertwined_with"", ""economic_landscape""]]","[[""Private-Equity"", ""shares_connection_with"", ""Public_Markets""], [""Private-Equity"", ""influences"", ""trends""], [""Private-Equity"", ""influences"", ""investment_flows""], [""Private-Equity"", ""impacts"", ""Health-Care_Services_Startups""], [""Private-Equity"", ""facilitates"", ""growth""], [""Private-Equity"", ""facilitates"", ""expansion""], [""Harvard_Business_School"", ""exerts_control_over"", ""Venture_Capital""], [""Harvard_Business_School"", ""exerts_control_over"", ""Private-Equity""], [""Harvard_Business_School"", ""guides"", ""strategies""], [""Harvard_Business_School"", ""guides"", ""educational_programs""], [""Harvard_Business_School"", ""shapes"", ""practices""]]",0.43481317827315213,0.0,0.7404496669769287,0.3850770231077027,0.4218307438660538,0.9818410753693765,0.9258400422190443,0.869839009068712,0.8138379759183796,0.7578369427680474,0.7018359096177151,0.6458348764673829,0.5898338433170507,0.5338328101667182,0.4778317770163861,0.4218307438660538,0.830705155551874,0.7818053992260506
316,"Fujifilm Holdings Corp. positively impacts its revenue, an achievement that may be linked to Shigeru Ishiba, a figure associated with the company. Shigeru Ishiba is also an active participant in the Liberal Democratic Party. However, his actions or policies have been noted to have a negative impact on workers.","Fujifilm Holdings Corp. positively impacts its revenue through business strategies and innovations. Shigeru Ishiba, who is related to Fujifilm Holdings Corp., is actively involved in the Liberal Democratic Party, where his participation has notable political and economic implications. However, Shigeru Ishiba's actions or affiliations have negatively impacted workers, highlighting potential tensions in his policies or leadership style within the political sphere.","[[""Fujifilm_Holdings_Corp."", ""positively_impacts"", ""revenue""], [""Shigeru_Ishiba"", ""associated_with"", ""Fujifilm_Holdings_Corp.""], [""Shigeru_Ishiba"", ""member_of"", ""Liberal_Democratic_Party""], [""Shigeru_Ishiba"", ""has_negative_impact_on"", ""workers""]]","[[""Fujifilm_Holdings_Corp."", ""positively_impacts"", ""revenue""], [""Fujifilm_Holdings_Corp."", ""uses"", ""business_strategies""], [""Fujifilm_Holdings_Corp."", ""uses"", ""innovations""], [""Shigeru_Ishiba"", ""related_to"", ""Fujifilm_Holdings_Corp.""], [""Shigeru_Ishiba"", ""member_of"", ""Liberal_Democratic_Party""], [""Shigeru_Ishiba"", ""has_participation_with_notable_implications"", ""Liberal_Democratic_Party""], [""Shigeru_Ishiba"", ""has_negative_impact_on"", ""workers""]]",1.0,0.4685443937778473,0.7688223123550415,0.7042952122737638,1.0,0.9941353724378894,0.9947218351941005,0.9953082979503116,0.9958947607065225,0.9964812234627336,0.9970676862189447,0.9976541489751558,0.9982406117313668,0.9988270744875779,0.9994135372437889,1.0,0.9725714183570338,0.9419131195555455
317,"The Brexit Deal had a negative impact on Mrs. Theresa May, reflecting the challenges it posed to her leadership and political agenda. Additionally, the Brexit Extension further complicated the scenario by negatively impacting the Brexit Deal itself, adding layers of complexity to the ongoing Brexit negotiations. This extension also holds some control over the European Union, highlighting its significance in the broader political landscape. Furthermore, the Brexit negotiations have had a substantial impact on the United Kingdom, influencing its political, economic, and social environments. Through its control, the Brexit Extension shows a relationship with the vital process of Brexit negotiations.","The Brexit Deal had a negative impact on Mrs. Theresa May, likely influencing her political standing and decision-making. Meanwhile, the Brexit Extension exerted a negative impact on the Brexit Deal itself, complicating the process and prolonging uncertainties. The Brexit Extension is intricately related to Brexit negotiations, as it plays a crucial role in shaping the discussions and agreements between parties. Additionally, it holds control over the European Union's stance, guiding its strategic directions concerning Brexit. These negotiations significantly impact the United Kingdom, affecting its economy, policies, and international relationships.","[[""Brexit_Deal"", ""had_negative_impact_on"", ""Mrs._Theresa_May""], [""Brexit_Deal"", ""posed_challenges_to"", ""Mrs._Theresa_May_leadership""], [""Brexit_Deal"", ""posed_challenges_to"", ""Mrs._Theresa_May_political_agenda""], [""Brexit_Extension"", ""negatively_impacted"", ""Brexit_Deal""], [""Brexit_Extension"", ""added_complexity_to"", ""Brexit_negotiations""], [""Brexit_Extension"", ""holds_control_over"", ""European_Union""], [""Brexit_negotiations"", ""had_substantial_impact_on"", ""United_Kingdom""], [""Brexit_negotiations"", ""influenced"", ""United_Kingdom_political_environment""], [""Brexit_negotiations"", ""influenced"", ""United_Kingdom_economic_environment""], [""Brexit_negotiations"", ""influenced"", ""United_Kingdom_social_environment""], [""Brexit_Extension"", ""related_to"", ""Brexit_negotiations""], [""Brexit_Extension"", ""exerts_control_over"", ""Brexit_negotiations""]]","[[""Brexit_Deal"", ""had_negative_impact_on"", ""Mrs._Theresa_May""], [""Brexit_Deal"", ""influenced"", ""Mrs._Theresa_May_political_standing""], [""Brexit_Deal"", ""influenced"", ""Mrs._Theresa_May_decision_making""], [""Brexit_Extension"", ""exerted_negative_impact_on"", ""Brexit_Deal""], [""Brexit_Extension"", ""complicated"", ""Brexit_process""], [""Brexit_Extension"", ""prolonged"", ""uncertainties""], [""Brexit_Extension"", ""related_to"", ""Brexit_negotiations""], [""Brexit_Extension"", ""plays_crucial_role_in"", ""Brexit_negotiations""], [""Brexit_Extension"", ""holds_control_over"", ""European_Union""], [""Brexit_Extension"", ""guides"", ""European_Union_strategic_directions""], [""Brexit_negotiations"", ""significantly_impacted"", ""United_Kingdom""], [""Brexit_negotiations"", ""affected"", ""United_Kingdom_economy""], [""Brexit_negotiations"", ""affected"", ""United_Kingdom_policies""], [""Brexit_negotiations"", ""affected"", ""United_Kingdom_international_relationships""]]",1.0,0.0,0.3041316568851471,0.2820380374088831,0.694022093788567,0.986030205372455,0.9568293942140662,0.9276285830556775,0.8984277718972885,0.8692269607388998,0.840026149580511,0.8108253384221222,0.7816245272637334,0.7524237161053446,0.7232229049469558,0.694022093788567,0.8925327469833373,0.7881553759398313
318,"North Korea operates within the domains of Economics and Justice department, demonstrating its engagement in both economic systems and legal frameworks. The discipline of Economics shares correlations with New Zealand, Central banks, and the Federal Reserve Board, highlighting the interconnected nature of global financial systems. International Olympic Committee has North Korea in its purview, indicating some level of involvement or relations between the two entities. Within the Justice department, Matthew Whitaker is a significant figure, and this department exercises control over Court Decision processes, underscoring its authoritative role within the legal system.","The International Olympic Committee possesses North Korea, which operates within both the fields of economics and the justice department. Economics has connections with New Zealand, central banks, and the Federal Reserve Board, indicating its influence in various global financial and policy spheres. Within the justice department, Matthew Whitaker is an important figure, and the department itself holds control over court decisions.","[[""North_Korea"", ""operates_within"", ""Economics""], [""North_Korea"", ""operates_within"", ""Justice_department""], [""Economics"", ""shares_correlations_with"", ""New_Zealand""], [""Economics"", ""shares_correlations_with"", ""Central_banks""], [""Economics"", ""shares_correlations_with"", ""Federal_Reserve_Board""], [""International_Olympic_Committee"", ""has_in_its_purview"", ""North_Korea""], [""Justice_department"", ""exercises_control_over"", ""Court_Decision_processes""], [""Matthew_Whitaker"", ""significant_figure_in"", ""Justice_department""]]","[[""International_Olympic_Committee"", ""possesses"", ""North_Korea""], [""North_Korea"", ""operates_within"", ""economics""], [""North_Korea"", ""operates_within"", ""justice_department""], [""economics"", ""has_connections_with"", ""New_Zealand""], [""economics"", ""has_connections_with"", ""central_banks""], [""economics"", ""has_connections_with"", ""Federal_Reserve_Board""], [""justice_department"", ""holds_control_over"", ""court_decisions""], [""Matthew_Whitaker"", ""important_figure_in"", ""justice_department""]]",1.0,0.8777980804443359,0.9274857044219971,0.6111111111111112,1.0,0.9560255017880716,0.9604229516092644,0.9648204014304573,0.96921785125165,0.9736153010728429,0.9780127508940357,0.9824102007152287,0.9868076505364214,0.9912051003576143,0.9956025501788072,1.0,0.9097613359213608,0.887170182990108
319,"The United States is related to U.S. growth, illustrating its influence and connection to domestic economic progress. The Kurdish Fighters, who operate in Syria, have a significant relationship with the United States, highlighting geopolitical ties. Additionally, the Kurdish Fighters are related to the Syrian Democratic Forces, indicating their involvement and alignment within regional military dynamics.","The Kurdish Fighters operate in Syria and have a connection to the Syrian Democratic Forces. These fighters are also related to the United States, which itself has ties to U.S. growth, reflecting the intertwined geopolitical and economic dynamics in the region. The relationships suggest strategic interactions and potential implications for regional stability and economic development.","[[""United_States"", ""related_to"", ""U.S._growth""], [""United_States"", ""influence_on"", ""domestic_economic_progress""], [""Kurdish_Fighters"", ""operate_in"", ""Syria""], [""Kurdish_Fighters"", ""related_to"", ""United_States""], [""Kurdish_Fighters"", ""related_to"", ""Syrian_Democratic_Forces""], [""Kurdish_Fighters"", ""involved_in"", ""regional_military_dynamics""]]","[[""Kurdish_Fighters"", ""operate_in"", ""Syria""], [""Kurdish_Fighters"", ""connected_to"", ""Syrian_Democratic_Forces""], [""Kurdish_Fighters"", ""related_to"", ""United_States""], [""United_States"", ""related_to"", ""U.S._growth""], [""United_States"", ""tied_to"", ""geopolitical_and_economic_dynamics""], [""Kurdish_Fighters"", ""interact_with"", ""United_States""], [""United_States"", ""impact_on"", ""regional_stability""], [""United_States"", ""impact_on"", ""economic_development""]]",0.42600643361512924,0.14838171005249023,0.5383181571960449,0.44543540318737396,0.5143444998736397,0.9768414721155172,0.9305917748913295,0.8843420776671417,0.838092380442954,0.7918426832187662,0.7455929859945785,0.6993432887703908,0.6530935915462031,0.6068438943220151,0.5605941970978274,0.5143444998736397,0.91866117276151,0.8941983613524873
320,"New York participates in demonstrations and is related to both U.S. stocks and home prices. The opioid crisis has a significant impact on Oklahoma, the health-care industry, and the pharmaceutical sector. The Sackler family raises charitable donations and has an impact on New York, while also being related to the opioid crisis.","New York participates in demonstrations, and it relates to both U.S. stocks and home prices. The opioid crisis has a significant impact on Oklahoma, the health-care industry, and the pharmaceutical sector. Additionally, the Sackler family raises charitable donations, which highlights their involvement in the conversation surrounding the opioid crisis. The Sackler family also impacts New York and is related to the ongoing opioid crisis.","[[""New_York"", ""participates_in"", ""demonstrations""], [""New_York"", ""related_to"", ""U.S._stocks""], [""New_York"", ""related_to"", ""home_prices""], [""opioid_crisis"", ""impact_on"", ""Oklahoma""], [""opioid_crisis"", ""impact_on"", ""health-care_industry""], [""opioid_crisis"", ""impact_on"", ""pharmaceutical_sector""], [""Sackler_family"", ""raises"", ""charitable_donations""], [""Sackler_family"", ""impact_on"", ""New_York""], [""Sackler_family"", ""related_to"", ""opioid_crisis""]]","[[""New_York"", ""participates_in"", ""demonstrations""], [""New_York"", ""relates_to"", ""U.S._stocks""], [""New_York"", ""relates_to"", ""home_prices""], [""opioid_crisis"", ""impact_on"", ""Oklahoma""], [""opioid_crisis"", ""impact_on"", ""health-care_industry""], [""opioid_crisis"", ""impact_on"", ""pharmaceutical_sector""], [""Sackler_family"", ""raises"", ""charitable_donations""], [""Sackler_family"", ""highlights_involvement_in"", ""conversation_surrounding_opioid_crisis""], [""Sackler_family"", ""impact_on"", ""New_York""], [""Sackler_family"", ""related_to"", ""opioid_crisis""]]",1.0,0.7893427014350891,0.9671059846878052,0.7468790282423806,1.0,0.9964889827298516,0.9968400844568664,0.9971911861838814,0.9975422879108962,0.997893389637911,0.9982444913649258,0.9985955930919407,0.9989466948189555,0.9992977965459704,0.9996488982729852,1.0,0.9933299633129832,0.9841347484537598
321,"Stocks have a negative impact on the U.S. Dollar and also impact the Nasdaq Composite. Furthermore, inflation pressures have a significant impact on the U.S. Federal Reserve as well as on consumer prices. However, inflation pressures negatively impact stocks as well, illustrating the interconnectedness between these financial entities and conditions.","Stocks have a negative impact on the U.S. Dollar, while also impacting the Nasdaq Composite. Additionally, inflation pressures have a significant impact on both the U.S. Federal Reserve and consumer prices. However, inflation pressures are concurrently having a negative impact on stocks.","[[""Stocks"", ""negative_impact_on"", ""U.S._Dollar""], [""Stocks"", ""impact_on"", ""Nasdaq_Composite""], [""inflation_pressures"", ""significant_impact_on"", ""U.S._Federal_Reserve""], [""inflation_pressures"", ""significant_impact_on"", ""consumer_prices""], [""inflation_pressures"", ""negative_impact_on"", ""Stocks""]]","[[""Stocks"", ""negative_impact_on"", ""U.S._Dollar""], [""Stocks"", ""impact_on"", ""Nasdaq_Composite""], [""inflation_pressures"", ""significant_impact_on"", ""U.S._Federal_Reserve""], [""inflation_pressures"", ""significant_impact_on"", ""consumer_prices""], [""inflation_pressures"", ""negative_impact_on"", ""Stocks""]]",1.0,1.0,1.0,1.0,1.0,0.9999999986690786,0.9999999988021707,0.999999998935263,0.999999999068355,0.9999999992014472,0.9999999993345393,0.9999999994676314,0.9999999996007236,0.9999999997338157,0.9999999998669079,1.0,1.0,1.0
322,"Robert Kraft has an impact on the Super Bowl and possesses connections to several notable figures. He is related to Stormy Daniels, who is also associated with Donald Trump and the Trump campaign. Additionally, Robert Kraft has connections to Alan Dershowitz, who operates in the field of law and has been related to Jeffrey Epstein. This web of relationships highlights a complex network of social, legal, and political interactions.","Robert Kraft, a prominent figure in sports management, notably impacts the Super Bowl, a major event in American football. Apart from his contributions to sports, Kraft is related to figures such as Stormy Daniels and Alan Dershowitz. Alan Dershowitz, an attorney known for his legal expertise, operates within the field of law and has connections with Jeffrey Epstein. Stormy Daniels, a public personality, has had associations with Donald Trump and the Trump campaign. These relationships provide a multifaceted view of the social, political, and legal intersections involving these individuals.","[[""Robert_Kraft"", ""has_impact_on"", ""Super_Bowl""], [""Robert_Kraft"", ""related_to"", ""Stormy_Daniels""], [""Stormy_Daniels"", ""associated_with"", ""Donald_Trump""], [""Stormy_Daniels"", ""associated_with"", ""Trump_campaign""], [""Robert_Kraft"", ""connected_to"", ""Alan_Dershowitz""], [""Alan_Dershowitz"", ""operates_in"", ""law""], [""Alan_Dershowitz"", ""related_to"", ""Jeffrey_Epstein""], [""Robert_Kraft"", ""connected_to"", ""notable_figures""]]","[[""Robert_Kraft"", ""prominent_figure_in"", ""sports_management""], [""Robert_Kraft"", ""has_impact_on"", ""Super_Bowl""], [""Super_Bowl"", ""event_in"", ""American_football""], [""Robert_Kraft"", ""related_to"", ""Stormy_Daniels""], [""Robert_Kraft"", ""related_to"", ""Alan_Dershowitz""], [""Alan_Dershowitz"", ""attorney_with_expertise_in"", ""law""], [""Alan_Dershowitz"", ""connected_to"", ""Jeffrey_Epstein""], [""Stormy_Daniels"", ""associated_with"", ""Donald_Trump""], [""Stormy_Daniels"", ""associated_with"", ""Trump_campaign""]]",0.8240554958966418,0.7821832299232483,0.8266638517379761,0.6675919504799912,0.8445997664172651,0.9814179085390592,0.9677360943268798,0.9540542801147004,0.940372465902521,0.9266906516903415,0.9130088374781622,0.8993270232659827,0.8856452090538034,0.8719633948416239,0.8582815806294446,0.8445997664172651,0.9418979229093492,0.9536364443334954
323,"Goldman Sachs Group has experienced a decrease in quarterly revenue. Tim Leissner has notable connections with both Goldman Sachs and Goldman Sachs Group, and his actions are understood to have a negative impact on the United States.","Goldman Sachs Group has experienced a decrease in quarterly revenue. Tim Leissner, who is related to both Goldman Sachs and Goldman Sachs Group, has a negative impact on the United States. The connections between these entities highlight the influence of individual actions on major financial institutions and their broader economic effects.","[[""Goldman_Sachs_Group"", ""experienced"", ""decrease_in_quarterly_revenue""], [""Tim_Leissner"", ""connected_to"", ""Goldman_Sachs""], [""Tim_Leissner"", ""connected_to"", ""Goldman_Sachs_Group""], [""Tim_Leissner"", ""has_negative_impact_on"", ""United_States""]]","[[""Goldman_Sachs_Group"", ""experienced"", ""decrease_in_quarterly_revenue""], [""Tim_Leissner"", ""related_to"", ""Goldman_Sachs""], [""Tim_Leissner"", ""related_to"", ""Goldman_Sachs_Group""], [""Tim_Leissner"", ""has_negative_impact_on"", ""United_States""]]",1.0,1.0,0.9999999403953552,1.0,1.0,0.9827060509286227,0.9844354458357605,0.9861648407428982,0.9878942356500358,0.9896236305571736,0.9913530254643114,0.9930824203714491,0.9948118152785868,0.9965412101857245,0.9982706050928623,1.0,0.9576834524072542,0.9349568724174624
324,"The Boy Scouts of America operate not only across the United States but also specifically in Pennsylvania. Recently, the organization announced an investigation, highlighting a proactive approach to addressing various concerns. Furthermore, Pennsylvania, within its operational scope, extends its activities into Delaware, showcasing a regional network of engagement.","The Boy Scouts of America operate in both the United States and Pennsylvania, where they provide various programs and activities for youth development. Recently, the organization announced an investigation, highlighting their commitment to transparency and accountability. Additionally, Pennsylvania, a state where the Boy Scouts are active, maintains operations extending into Delaware, demonstrating regional cooperation and interconnectedness in their activities and governance.","[[""Boy_Scouts_of_America"", ""operate_in"", ""United_States""], [""Boy_Scouts_of_America"", ""operate_in"", ""Pennsylvania""], [""Boy_Scouts_of_America"", ""announced"", ""investigation""], [""investigation"", ""highlighting"", ""proactive_approach""], [""proactive_approach"", ""to_address"", ""concerns""], [""Pennsylvania"", ""extends_into"", ""Delaware""], [""Boy_Scouts_of_America"", ""has_operational_scope"", ""Pennsylvania""], [""Pennsylvania"", ""has_regional_network"", ""engagement""]]","[[""Boy_Scouts_of_America"", ""operate_in"", ""United_States""], [""Boy_Scouts_of_America"", ""operate_in"", ""Pennsylvania""], [""Boy_Scouts_of_America"", ""provide"", ""programs""], [""programs"", ""for"", ""youth_development""], [""Boy_Scouts_of_America"", ""announced"", ""investigation""], [""investigation"", ""highlighting"", ""commitment_to_transparency""], [""investigation"", ""highlighting"", ""accountability""], [""Pennsylvania"", ""maintains_operations"", ""Pennsylvania""], [""Pennsylvania"", ""extends_into"", ""Delaware""], [""Pennsylvania"", ""demonstrates"", ""regional_cooperation""], [""Pennsylvania"", ""has_interconnectedness"", ""activities""], [""Pennsylvania"", ""has_interconnectedness"", ""governance""]]",0.3563483225498992,0.0,0.46375489234924316,0.2551551815399144,0.3563483225498992,0.9383132033907874,0.8801167153066985,0.8219202272226098,0.7637237391385209,0.7055272510544321,0.6473307629703433,0.5891342748862545,0.5309377868021656,0.4727412987180768,0.41454481063398796,0.3563483225498992,0.8309043822328759,0.8435053679801778
325,"Chip Roy is a member of the Committee and has control over the House. Within this structure, the House also controls elections and is responsible for introducing the Defense-Policy Bill. Furthermore, the House exerts control over the House Ways and Means Committee, reinforcing its legislative authority.","Chip Roy is a member of the Committee and has control over the House. The House, in turn, controls the Election and the House Ways and Means Committee. Additionally, the House introduces the Defense-Policy Bill.","[[""Chip_Roy"", ""member_of"", ""Committee""], [""Chip_Roy"", ""control_over"", ""House""], [""House"", ""control_over"", ""elections""], [""House"", ""responsible_for"", ""introducing_Defense-Policy_Bill""], [""House"", ""control_over"", ""House_Ways_and_Means_Committee""]]","[[""Chip_Roy"", ""member_of"", ""Committee""], [""Chip_Roy"", ""control_over"", ""House""], [""House"", ""control_over"", ""Election""], [""House"", ""control_over"", ""House_Ways_and_Means_Committee""], [""House"", ""introduces"", ""Defense-Policy_Bill""]]",1.0,0.482020765542984,0.6587315797805786,0.4166666666666667,1.0,0.9879053561753794,0.9891148205578415,0.9903242849403036,0.9915337493227656,0.9927432137052277,0.9939526780876897,0.9951621424701518,0.9963716068526138,0.9975810712350759,0.998790535617538,1.0,0.9481810325881774,0.9842611058468395
326,"Lockheed Martin Corp. has a positive impact on the S&P500, an influence that is part of their broader operations where they produce advanced military hardware such as the S-400 and F-35 Jets. This impact contributes to fluctuations within the S&P500, which has been observed to decrease risk assets and concurrently raise the performance of technology stocks.","Lockheed Martin Corp., known for producing advanced defense technologies like the S-400 and F-35 Jets, has a positive impact on the S&P500. This influence contributes to the dynamics of the S&P500, where fluctuations include decreases in risk assets and raises in technology stocks.","[[""Lockheed_Martin_Corp."", ""has_positive_impact_on"", ""S&P500""], [""Lockheed_Martin_Corp."", ""produces"", ""advanced_military_hardware""], [""advanced_military_hardware"", ""includes"", ""S-400""], [""advanced_military_hardware"", ""includes"", ""F-35_Jets""], [""Lockheed_Martin_Corp."", ""part_of"", ""broader_operations""], [""broader_operations"", ""produce"", ""advanced_military_hardware""], [""positive_impact"", ""contributes_to"", ""fluctuations_in_S&P500""], [""fluctuations_in_S&P500"", ""include"", ""decrease_in_risk_assets""], [""fluctuations_in_S&P500"", ""include"", ""raise_in_technology_stocks""]]","[[""Lockheed_Martin_Corp."", ""has_positive_impact_on"", ""S&P500""], [""Lockheed_Martin_Corp."", ""produces"", ""advanced_defense_technologies""], [""advanced_defense_technologies"", ""includes"", ""S-400""], [""advanced_defense_technologies"", ""includes"", ""F-35_Jets""], [""positive_impact"", ""contributes_to"", ""dynamics_of_S&P500""], [""dynamics_of_S&P500"", ""include"", ""decreases_in_risk_assets""], [""dynamics_of_S&P500"", ""include"", ""raises_in_technology_stocks""]]",0.7463904912524668,0.0,0.6746431589126587,0.35136418446315326,0.7730012058189372,0.9297339698883418,0.9140606934814014,0.8983874170744609,0.8827141406675203,0.8670408642605799,0.8513675878536395,0.835694311446699,0.8200210350397585,0.8043477586328182,0.7886744822258775,0.7730012058189372,0.9170200040206777,0.9391880724565149
327,"The United States is related to Tran Dai Quang, a connection that holds significance in international relations. The influence of the United States has a positive impact on geopolitics, shaping global diplomatic and strategic landscapes. Meanwhile, U.S. firms have a substantial presence as they operate in both China and the United States. Their operations in China, in particular, have a notable impact on Chinese products, affecting the dynamics of trade and commerce between the two economic giants.","The United States has a connection with Tran Dai Quang and plays a positive role in influencing geopolitics. U.S. firms conduct operations both within the United States and in China, where their activities have a significant impact on Chinese products.","[[""United_States"", ""related_to"", ""Tran_Dai_Quang""], [""United_States"", ""influences"", ""geopolitics""], [""United_States"", ""has_positive_impact_on"", ""geopolitics""], [""U.S._firms"", ""operate_in"", ""China""], [""U.S._firms"", ""operate_in"", ""United_States""], [""U.S._firms"", ""have_presence_in"", ""China""], [""U.S._firms"", ""have_presence_in"", ""United_States""], [""operations_of_U.S._firms_in_China"", ""impact"", ""Chinese_products""], [""United_States"", ""trades_with"", ""China""], [""United_States"", ""has_commerce_with"", ""China""]]","[[""United_States"", ""related_to"", ""Tran_Dai_Quang""], [""United_States"", ""influences"", ""geopolitics""], [""United_States"", ""has_positive_role_in"", ""geopolitics""], [""U.S._firms"", ""operate_in"", ""China""], [""U.S._firms"", ""operate_in"", ""United_States""], [""operations_of_U.S._firms_in_China"", ""impact"", ""Chinese_products""]]",0.8611111111111112,1.0,1.0,0.8809523809523809,0.8809523809523809,0.972464402664808,0.9633132004935654,0.9541619983223227,0.9450107961510799,0.9358595939798373,0.9267083918085945,0.9175571896373518,0.908405987466109,0.8992547852948664,0.8901035831236236,0.8809523809523809,0.9152391563983944,0.898480184444701
328,"Donald Trump exerts control over multinational companies, influencing their operations and strategic decisions. Additionally, he maintains a connection with reporters, shaping media narratives and public perception. Maryland influences Connecticut, potentially affecting regional policies or economic conditions. Furthermore, there are connections between Maryland and the Supreme Court, possibly through legal cases or governmental actions. Maryland also shares a relationship with Donald Trump, which could be political or economic in nature, weaving together a complex interaction of governance, media, and state-level influence.","Donald Trump has control over multinational companies, illustrating his significant influence in the corporate world. Furthermore, his interactions and connections with reporters highlight his role in shaping media narratives. Meanwhile, Maryland impacts the state of Connecticut, and also maintains a relation with the Supreme Court, emphasizing its legal influence and political significance. This state's connections extend to Donald Trump as well, perhaps in political or policy contexts, illustrating a diverse network of interactions across states and notable individuals.","[[""Donald_Trump"", ""exerts_control_over"", ""multinational_companies""], [""Donald_Trump"", ""influences"", ""operations_of_multinational_companies""], [""Donald_Trump"", ""influences"", ""strategic_decisions_of_multinational_companies""], [""Donald_Trump"", ""maintains_connection_with"", ""reporters""], [""Donald_Trump"", ""shapes"", ""media_narratives""], [""Donald_Trump"", ""influences"", ""public_perception""], [""Maryland"", ""influences"", ""Connecticut""], [""Maryland"", ""affects"", ""regional_policies""], [""Maryland"", ""affects"", ""economic_conditions""], [""Maryland"", ""connected_to"", ""Supreme_Court""], [""Maryland"", ""involved_in"", ""legal_cases""], [""Maryland"", ""involved_in"", ""governmental_actions""], [""Maryland"", ""shares_relationship_with"", ""Donald_Trump""], [""Maryland"", ""interacts_with"", ""Donald_Trump""], [""Maryland"", ""connected_to"", ""governance""], [""Maryland"", ""connected_to"", ""media""], [""Maryland"", ""connected_to"", ""state-level_influence""]]","[[""Donald_Trump"", ""has_control_over"", ""multinational_companies""], [""Donald_Trump"", ""influences"", ""corporate_world""], [""Donald_Trump"", ""interacts_with"", ""reporters""], [""Donald_Trump"", ""shapes"", ""media_narratives""], [""Maryland"", ""impacts"", ""Connecticut""], [""Maryland"", ""maintains_relation_with"", ""Supreme_Court""], [""Maryland"", ""exerts"", ""legal_influence""], [""Maryland"", ""exerts"", ""political_significance""], [""Maryland"", ""connected_to"", ""Donald_Trump""], [""Maryland"", ""interacts_with"", ""Donald_Trump""], [""Maryland"", ""involved_in"", ""political_contexts""], [""Maryland"", ""involved_in"", ""policy_contexts""], [""Donald_Trump"", ""connected_to"", ""states""], [""Donald_Trump"", ""connected_to"", ""notable_individuals""], [""Maryland"", ""part_of"", ""diverse_network_of_interactions""]]",0.4008918628686366,0.0,0.5656254291534424,0.33398628857874635,0.5270462766947299,0.9627167778146961,0.9191497277026995,0.8755826775907029,0.8320156274787063,0.7884485773667096,0.744881527254713,0.7013144771427164,0.6577474270307198,0.6141803769187231,0.5706133268067265,0.5270462766947299,0.858519844679225,0.8747052898424719
329,"Belarus exerts control over its National Security Council, playing a pivotal role in shaping its national security policies. Moreover, Belarus maintains a complex web of relationships with both Vladimir Putin and the European Union, reflecting its geopolitical significance and the intricate balance it navigates in international affairs.","Belarus plays a significant role in controlling the National Security Council, illustrating its influence over security matters within its jurisdiction. Additionally, Belarus has notable relationships with both Vladimir Putin and the Congressional Budget Office, suggesting an intertwining of geopolitical interests and economic considerations in its policies and decisions.","[[""Belarus"", ""exerts_control_over"", ""National_Security_Council""], [""Belarus"", ""plays_pivotal_role_in"", ""shaping_national_security_policies""], [""Belarus"", ""maintains_relationships_with"", ""Vladimir_Putin""], [""Belarus"", ""maintains_relationships_with"", ""European_Union""], [""Belarus"", ""has_geopolitical_significance"", ""international_affairs""], [""Belarus"", ""navigates"", ""intricate_balance_in_international_affairs""]]","[[""Belarus"", ""plays_significant_role_in"", ""controlling_National_Security_Council""], [""Belarus"", ""has_influence_over"", ""security_matters""], [""Belarus"", ""has_relationships_with"", ""Vladimir_Putin""], [""Belarus"", ""has_relationships_with"", ""Congressional_Budget_Office""], [""Belarus"", ""has_geopolitical_interests"", ""policies_and_decisions""], [""Belarus"", ""has_economic_considerations"", ""policies_and_decisions""]]",0.4844813951249544,0.0,0.3651104271411896,0.1800205749557739,0.5277777777777778,0.9510019100419626,0.9086794968155442,0.8663570835891257,0.8240346703627071,0.7817122571362887,0.7393898439098702,0.6970674306834517,0.6547450174570333,0.6124226042306147,0.5701001910041963,0.5277777777777778,0.8015924961526959,0.8927962560062255
330,"Stock prices have a significant impact on investors, and they are closely related to corporate earnings and the yield curve. Take-Two Interactive Software Inc. has raised its stock value and net income, actions that were accompanied by the announcement of earnings. These earnings have a notable impact on stock prices and the broader stock market, and they relate to revenue growth.","Fluctuations in coffee prices have a significant impact on investors, while also relating to both corporate earnings and various funds. Take-Two Interactive Software Inc. has actively raised its stock value and net income, a strategic move that coincides with its announcement of earnings. These earnings not only affect coffee prices but also have a notable impact on the broader stock market. Additionally, there is a relationship between these earnings and revenue growth, emphasizing the interconnected nature of these financial elements.","[[""Stock_prices"", ""impact_on"", ""investors""], [""Stock_prices"", ""related_to"", ""corporate_earnings""], [""Stock_prices"", ""related_to"", ""yield_curve""], [""Take-Two_Interactive_Software_Inc."", ""raised"", ""stock_value""], [""Take-Two_Interactive_Software_Inc."", ""raised"", ""net_income""], [""Take-Two_Interactive_Software_Inc."", ""announced"", ""earnings""], [""Earnings"", ""impact_on"", ""stock_prices""], [""Earnings"", ""impact_on"", ""broader_stock_market""], [""Earnings"", ""related_to"", ""revenue_growth""]]","[[""Coffee_prices"", ""impact_on"", ""investors""], [""Coffee_prices"", ""related_to"", ""corporate_earnings""], [""Coffee_prices"", ""related_to"", ""various_funds""], [""Take-Two_Interactive_Software_Inc."", ""raised"", ""stock_value""], [""Take-Two_Interactive_Software_Inc."", ""raised"", ""net_income""], [""Take-Two_Interactive_Software_Inc."", ""announced"", ""earnings""], [""Earnings"", ""affect"", ""coffee_prices""], [""Earnings"", ""impact_on"", ""broader_stock_market""], [""Earnings"", ""related_to"", ""revenue_growth""]]",0.46770717334674267,0.18533672392368317,0.795400857925415,0.8,0.6049193494630823,0.9347581547290669,0.9017742742024685,0.86879039367587,0.8358065131492715,0.8028226326226731,0.7698387520960746,0.7368548715694762,0.7038709910428778,0.6708871105162793,0.6379032299896807,0.6049193494630823,0.9330746712904119,0.9011162900557304
331,"The League, a political entity, is related to both Matteo Salvini and the European Union. The League has a negative impact on bankruptcy, suggesting that its policies or actions may contribute to financial distress. Meanwhile, the European Union itself is connected to the unemployment rate and national security, indicating that it plays a significant role in these areas. Furthermore, the European Union exercises control over regulators, which suggests that it has authority in shaping regulatory policies that could influence these economic and security aspects.","The League, a political entity, is closely related to both Matteo Salvini and the European Union. Its policies, however, can have a negative impact, leading to issues like bankruptcy. The European Union, in turn, maintains a connection with broader economic metrics such as the unemployment rate and aspects of national security. Additionally, the European Union exerts control over its regulators, ensuring adherence to established policies and standards.","[[""The_League"", ""related_to"", ""Matteo_Salvini""], [""The_League"", ""related_to"", ""European_Union""], [""The_League"", ""has_impact_on"", ""bankruptcy""], [""The_League"", ""has_impact_on"", ""financial_distress""], [""European_Union"", ""connected_to"", ""unemployment_rate""], [""European_Union"", ""connected_to"", ""national_security""], [""European_Union"", ""exercises_control_over"", ""regulators""], [""regulators"", ""influence"", ""economic_aspects""], [""regulators"", ""influence"", ""security_aspects""]]","[[""The_League"", ""related_to"", ""Matteo_Salvini""], [""The_League"", ""related_to"", ""European_Union""], [""The_League"", ""has_impact_on"", ""bankruptcy""], [""European_Union"", ""connected_to"", ""unemployment_rate""], [""European_Union"", ""connected_to"", ""national_security""], [""European_Union"", ""exerts_control_over"", ""regulators""], [""regulators"", ""adhere_to"", ""established_policies""], [""regulators"", ""adhere_to"", ""standards""]]",0.42592592592592593,0.24634437263011932,0.6737812757492065,0.49190985824841454,0.5452752542346465,0.9466860684687513,0.9065449870453408,0.8664039056219304,0.8262628241985198,0.7861217427751093,0.7459806613516988,0.7058395799282884,0.665698498504878,0.6255574170814674,0.585416335658057,0.5452752542346465,0.8874508442512223,0.9052320033800021
332,"The Presidential election has a significant impact on Brazil and is closely related to immigration policies as well as the United States. Meanwhile, elections have connections with Egypt and exert an impact on President Maduro. Abdullah Abdullah plays an active role in both the election and the Presidential election and is also a member of the government.","The presidential election notably impacts Brazil and has significant relevance to immigration policies, as well as a connection to the United States. Furthermore, elections in a broader context are related to Egypt and have an effect on President Maduro. In a different sphere, Abdullah Abdullah is a member of the government.","[[""Presidential_election"", ""impact_on"", ""Brazil""], [""Presidential_election"", ""related_to"", ""immigration_policies""], [""Presidential_election"", ""related_to"", ""United_States""], [""elections"", ""connected_to"", ""Egypt""], [""elections"", ""impact_on"", ""President_Maduro""], [""Abdullah_Abdullah"", ""role_in"", ""election""], [""Abdullah_Abdullah"", ""role_in"", ""Presidential_election""], [""Abdullah_Abdullah"", ""member_of"", ""government""]]","[[""presidential_election"", ""impact_on"", ""Brazil""], [""presidential_election"", ""relevance_to"", ""immigration_policies""], [""presidential_election"", ""connection_to"", ""United_States""], [""elections"", ""related_to"", ""Egypt""], [""elections"", ""effect_on"", ""President_Maduro""], [""Abdullah_Abdullah"", ""member_of"", ""government""]]",0.8958333333333334,0.8544894456863403,0.9632807970046997,0.7730012058189372,0.7777137710478189,0.9602288209280441,0.9419773159400215,0.923725810951999,0.9054743059639765,0.887222800975954,0.8689712959879314,0.8507197909999089,0.8324682860118864,0.8142167810238639,0.7959652760358414,0.7777137710478189,0.9376026226620369,0.9153907993499587
333,"Mr. Pompeo relates to both risk and Baghdad, where Baghdad controls the Kurdish Region and operates in Iraq. Mr. Pompeo also impacts Russia. The concept of risk has notable effects on both stocks and the U.S. Dollar.","Mr. Pompeo relates to both risk and Baghdad, having a significant impact on Russia. Baghdad, which operates within Iraq, controls the Kurdish Region. Furthermore, the concept of risk has notable effects on both stocks and the U.S. Dollar.","[[""Mr._Pompeo"", ""relates_to"", ""risk""], [""Mr._Pompeo"", ""relates_to"", ""Baghdad""], [""Baghdad"", ""controls"", ""Kurdish_Region""], [""Baghdad"", ""operates_in"", ""Iraq""], [""Mr._Pompeo"", ""impacts"", ""Russia""], [""risk"", ""affects"", ""stocks""], [""risk"", ""affects"", ""U.S._Dollar""]]","[[""Mr._Pompeo"", ""relates_to"", ""risk""], [""Mr._Pompeo"", ""relates_to"", ""Baghdad""], [""Mr._Pompeo"", ""impacts"", ""Russia""], [""Baghdad"", ""operates_in"", ""Iraq""], [""Baghdad"", ""controls"", ""Kurdish_Region""], [""risk"", ""affects"", ""stocks""], [""risk"", ""affects"", ""U.S._Dollar""]]",1.0,1.0,1.0,1.0,1.0,0.9999999977888351,0.9999999980099515,0.9999999982310681,0.9999999984521846,0.999999998673301,0.9999999988944175,0.999999999115534,0.9999999993366505,0.9999999995577671,0.9999999997788835,1.0,1.0,1.0
334,"Sen. Rob Portman, a prominent political figure, has established connections with various significant entities within the U.S. governmental framework. He is related to the Department of Commerce, highlighting his involvement or interest in matters concerning trade and economic policy. Additionally, Sen. Rob Portman has ties to the broader scope of the US Government, indicating his engagement in national governance and policy-making processes. Furthermore, he is related to Judge Kavanaugh, suggesting an association or interest in the judicial landscape or specific legal matters that have involved Judge Kavanaugh.","Sen. Rob Portman is connected to several significant entities and individuals, demonstrating his versatile involvement in governmental affairs. His association with the Department of Commerce reflects his engagement in economic policies and regulatory matters. Additionally, Sen. Portman has connections with the broader US Government, highlighting his role in legislative processes and national governance. Furthermore, his relation to Judge Kavanaugh indicates his participation in discussions or decisions that may pertain to judicial appointments or legal matters within the country. These links collectively portray the multifaceted scope of Sen. Portman's political influence and legislative interests.","[[""Sen._Rob_Portman"", ""related_to"", ""Department_of_Commerce""], [""Sen._Rob_Portman"", ""involved_in"", ""trade""], [""Sen._Rob_Portman"", ""involved_in"", ""economic_policy""], [""Sen._Rob_Portman"", ""related_to"", ""US_Government""], [""Sen._Rob_Portman"", ""engaged_in"", ""national_governance""], [""Sen._Rob_Portman"", ""engaged_in"", ""policy-making_processes""], [""Sen._Rob_Portman"", ""related_to"", ""Judge_Kavanaugh""], [""Sen._Rob_Portman"", ""associated_with"", ""judicial_landscape""], [""Sen._Rob_Portman"", ""interested_in"", ""legal_matters""]]","[[""Sen._Rob_Portman"", ""connected_to"", ""Department_of_Commerce""], [""Sen._Rob_Portman"", ""engaged_in"", ""economic_policies""], [""Sen._Rob_Portman"", ""engaged_in"", ""regulatory_matters""], [""Sen._Rob_Portman"", ""connected_to"", ""US_Government""], [""Sen._Rob_Portman"", ""involved_in"", ""legislative_processes""], [""Sen._Rob_Portman"", ""involved_in"", ""national_governance""], [""Sen._Rob_Portman"", ""related_to"", ""Judge_Kavanaugh""], [""Sen._Rob_Portman"", ""participates_in"", ""judicial_appointments""], [""Sen._Rob_Portman"", ""participates_in"", ""legal_matters""]]",0.8608422519347255,0.4545751214027405,0.7954758405685425,0.5166666666666667,0.8608422519347255,0.9870198659954322,0.9744021045893616,0.9617843431832909,0.9491665817772201,0.9365488203711495,0.9239310589650789,0.9113132975590081,0.8986955361529376,0.8860777747468669,0.8734600133407961,0.8608422519347255,0.9106761205266096,0.9297860585301817
335,"U.S. Consumer Confidence plays a dual role in influencing economic dynamics. It exerts a negative impact on Market Conditions while having a positive impact on the economy, showcasing an intricate relationship where optimism in consumer behavior can boost economic activity. The economy itself possesses factors such as Wages Growth and Rate Cuts, which are crucial elements in shaping the broader macroeconomic landscape. This economic environment also impacts the Health-Care Sector, highlighting a significant interaction where fluctuations in the economy reverberate through healthcare services and policies. Furthermore, the Health-Care Sector is related to the Corporate Debt Market, suggesting connections and dependencies that influence financing and investments within the sector.","U.S. Consumer Confidence has a positive impact on both the economy and market conditions, reflecting its significance in driving growth and stability. The economy, bolstered by consumer confidence, possesses attributes such as wages growth and the capacity for rate cuts, which are crucial indicators of its health. Additionally, the economy impacts the Health-Care Sector, underlining its interconnectedness, and this sector is related to the Corporate Debt Market, highlighting the complex relationships within financial systems.",[],[],,,,,,,,,,,,,,,,,,
336,"The City of New York has a notable impact on the opioid epidemic and it has a negative impact on the measles outbreak. It encompasses Long Island City as part of its administrative regions. Additionally, Trump Tower, which is a member of the City of New York, negatively impacts firefighters. Trump Tower also has a relationship to the Soviet Union, which historically possessed a soccer team.","The City of New York has a negative impact on the measles outbreak, possibly due to its dense population and the challenges associated with implementing effective public health measures.","[[""City_of_New_York"", ""has_impact_on"", ""opioid_epidemic""], [""City_of_New_York"", ""has_negative_impact_on"", ""measles_outbreak""], [""City_of_New_York"", ""encompasses"", ""Long_Island_City""], [""Long_Island_City"", ""part_of"", ""City_of_New_York""], [""Trump_Tower"", ""member_of"", ""City_of_New_York""], [""Trump_Tower"", ""negatively_impacts"", ""firefighters""], [""Trump_Tower"", ""related_to"", ""Soviet_Union""], [""Soviet_Union"", ""historically_possessed"", ""soccer_team""]]","[[""City_of_New_York"", ""has_negative_impact_on"", ""measles_outbreak""], [""City_of_New_York"", ""has"", ""dense_population""], [""dense_population"", ""contributes_to"", ""challenges_in_public_health""], [""City_of_New_York"", ""faces"", ""challenges_in_implementing_public_health_measures""]]",0.22047927592204922,0.0,0.45265457034111023,0.18446619684315546,0.23094010767585027,0.7435907185977799,0.6923256575055869,0.6410605964133941,0.589795535321201,0.538530474229008,0.4872654131368151,0.4360003520446222,0.3847352909524292,0.33347022986023617,0.28220516876804325,0.23094010767585027,0.5741769355577546,0.6414786402823675
337,"North Korea exercises control over the Government Sector while also being intricately related to the North Korean Nuclear Program and ongoing discussions about Sanctions Relief. In parallel, the United States holds authority over the Joint Comprehensive Plan of Action and the National Security Agency, showcasing its breadth of control over international agreements and national security frameworks. Furthermore, the United States has initiated steps to raise Rapprochement, enhancing diplomatic relations. Additionally, the Navy conducts operations in strategic regions such as the Middle East, and is also active within the United States and North Korea. This multifaceted interaction highlights the geopolitical dynamics and operational strategies involving North Korea, the United States, and the Navy's presence in critical areas.","North Korea exercises control over its Government Sector and maintains connections with both the North Korean Nuclear Program and the concept of Sanctions Relief. Meanwhile, the United States exerts its influence by controlling the Joint Comprehensive Plan of Action and the National Security Agency. Additionally, the United States is taking steps to raise rapprochement, or improve diplomatic relations. In the Middle East, the Navy actively conducts operations, contributing to the region's strategic dynamics.","[[""North_Korea"", ""exercises_control_over"", ""Government_Sector""], [""North_Korea"", ""related_to"", ""North_Korean_Nuclear_Program""], [""North_Korea"", ""related_to"", ""Sanctions_Relief""], [""United_States"", ""holds_authority_over"", ""Joint_Comprehensive_Plan_of_Action""], [""United_States"", ""holds_authority_over"", ""National_Security_Agency""], [""United_States"", ""initiated_steps_to"", ""Rapprochement""], [""United_States"", ""enhances"", ""diplomatic_relations""], [""Navy"", ""conducts_operations_in"", ""Middle_East""], [""Navy"", ""active_in"", ""United_States""], [""Navy"", ""active_in"", ""North_Korea""], [""North_Korea"", ""involved_in"", ""geopolitical_dynamics""], [""United_States"", ""involved_in"", ""geopolitical_dynamics""], [""Navy"", ""involved_in"", ""geopolitical_dynamics""], [""Navy"", ""involved_in"", ""operational_strategies""]]","[[""North_Korea"", ""exercises_control_over"", ""Government_Sector""], [""North_Korea"", ""maintains_connections_with"", ""North_Korean_Nuclear_Program""], [""North_Korea"", ""maintains_connections_with"", ""Sanctions_Relief""], [""United_States"", ""exerts_influence_by"", ""controlling_Joint_Comprehensive_Plan_of_Action""], [""United_States"", ""exerts_influence_by"", ""controlling_National_Security_Agency""], [""United_States"", ""taking_steps_to"", ""Rapprochement""], [""United_States"", ""improves"", ""diplomatic_relations""], [""Navy"", ""conducts_operations_in"", ""Middle_East""], [""Navy"", ""contributes_to"", ""strategic_dynamics""]]",0.7398300378117159,0.22950921952724457,0.6731497049331665,0.5204164998665333,0.7606087305741639,0.9275041368859988,0.9108145962548153,0.8941250556236318,0.8774355149924482,0.8607459743612649,0.8440564337300813,0.8273668930988978,0.8106773524677143,0.7939878118365309,0.7772982712053473,0.7606087305741639,0.8271204854168508,0.9046089079501769
338,"Political uncertainty has a negative impact on the European economy and economic growth, affecting various European countries. This uncertainty contributes to broader challenges across the continent, as European countries are tasked with controlling sanctions relief to navigate these complexities. Additionally, in response to this environment, European countries introduce measures such as the digital-services tax, aiming to bolster revenue to mitigate ongoing economic issues.","Political uncertainty has a multifaceted impact on European countries, influencing both economic growth and the broader European economy. While it negatively impacts economic growth, it surprisingly has a positive impact on the European economy by potentially triggering adaptive changes or reforms. European countries themselves hold power, as they control sanctions relief and have the ability to introduce new legislations, such as the digital-services tax, which can further shape their economic landscape.","[[""Political_uncertainty"", ""has_negative_impact_on"", ""European_economy""], [""Political_uncertainty"", ""has_negative_impact_on"", ""economic_growth""], [""Political_uncertainty"", ""affects"", ""European_countries""], [""European_countries"", ""tasked_with"", ""controlling_sanctions_relief""], [""controlling_sanctions_relief"", ""helps_navigate"", ""complexities""], [""European_countries"", ""introduce"", ""digital-services_tax""], [""digital-services_tax"", ""aims_to"", ""bolster_revenue""], [""digital-services_tax"", ""mitigates"", ""economic_issues""]]","[[""Political_uncertainty"", ""has_multifaceted_impact_on"", ""European_countries""], [""Political_uncertainty"", ""influences"", ""economic_growth""], [""Political_uncertainty"", ""has_negative_impact_on"", ""economic_growth""], [""Political_uncertainty"", ""has_positive_impact_on"", ""European_economy""], [""Political_uncertainty"", ""triggers"", ""adaptive_changes""], [""Political_uncertainty"", ""triggers"", ""reforms""], [""European_countries"", ""control"", ""sanctions_relief""], [""European_countries"", ""introduce"", ""new_legislations""], [""European_countries"", ""introduce"", ""digital-services_tax""], [""digital-services_tax"", ""shapes"", ""economic_landscape""]]",0.253546276418555,0.0,0.5237851142883301,0.26352313834736496,0.5249506569572601,0.9683416346371554,0.9240025368691659,0.8796634391011764,0.8353243413331868,0.7909852435651973,0.7466461457972078,0.7023070480292182,0.6579679502612287,0.6136288524932392,0.5692897547252496,0.5249506569572601,0.8601779326518779,0.8615613473686776
339,The U.S. Embassy exerts control over stocks and has a negative impact on Americans. David Holmes operates within the U.S. Embassy and extends his operations into Ukraine as well.,"The U.S. Embassy has a control over stocks, possibly indicating its involvement in regulatory or strategic decisions that affect market conditions. However, this control by the embassy can have a negative impact on Americans, perhaps through policies or diplomatic actions that affect economic conditions domestically. Meanwhile, David Holmes operates in Ukraine, suggesting his involvement in activities or initiatives within the country, likely in a diplomatic or advisory capacity.","[[""U.S._Embassy"", ""exerts_control_over"", ""stocks""], [""U.S._Embassy"", ""has_negative_impact_on"", ""Americans""], [""David_Holmes"", ""operates_within"", ""U.S._Embassy""], [""David_Holmes"", ""extends_operations_into"", ""Ukraine""]]","[[""U.S._Embassy"", ""has_control_over"", ""stocks""], [""U.S._Embassy"", ""involved_in"", ""regulatory_decisions""], [""U.S._Embassy"", ""involved_in"", ""strategic_decisions""], [""U.S._Embassy"", ""affects"", ""market_conditions""], [""U.S._Embassy"", ""has_negative_impact_on"", ""Americans""], [""U.S._Embassy"", ""affects"", ""economic_conditions""], [""David_Holmes"", ""operates_in"", ""Ukraine""], [""David_Holmes"", ""involved_in"", ""diplomatic_activities""], [""David_Holmes"", ""involved_in"", ""advisory_capacity""]]",1.0,0.26180949807167053,0.6134394407272339,0.44946657497549475,0.6085806194501846,0.954104887055353,0.9195524602948362,0.8850000335343194,0.8504476067738024,0.8158951800132856,0.7813427532527688,0.746790326492252,0.7122378997317351,0.6776854729712183,0.6431330462107014,0.6085806194501846,0.8827974127083101,0.905960814169888
340,"Elections have a significant impact on Thailand and also influence Boris Johnson. Furthermore, Elections are related to Sudan, which has a Constitution and has connections with both the European Union and Saudi Arabia.","Elections have a significant impact on Thailand and also affect Boris Johnson. Furthermore, Elections are related to Sudan, which has a Constitution and has connections with both the European Union and Saudi Arabia.","[[""Elections"", ""impact_on"", ""Thailand""], [""Elections"", ""influence"", ""Boris_Johnson""], [""Elections"", ""related_to"", ""Sudan""], [""Sudan"", ""has"", ""Constitution""], [""Sudan"", ""connected_to"", ""European_Union""], [""Sudan"", ""connected_to"", ""Saudi_Arabia""]]","[[""Elections"", ""impact_on"", ""Thailand""], [""Elections"", ""affect"", ""Boris_Johnson""], [""Elections"", ""related_to"", ""Sudan""], [""Sudan"", ""has"", ""Constitution""], [""Sudan"", ""connected_to"", ""European_Union""], [""Sudan"", ""connected_to"", ""Saudi_Arabia""]]",1.0,0.9999999403953552,1.0,1.0,1.0,0.9978092453819745,0.998028320843777,0.9982473963055796,0.9984664717673821,0.9986855472291847,0.9989046226909872,0.9991236981527898,0.9993427736145923,0.9995618490763949,0.9997809245381974,1.0,0.9873947496318313,0.9916853278512077
341,"Richard Spencer operates in the United States and has connections that relate to both the President Trump Administration and The Wall Street Journal. The policies and actions of the United States significantly impact Chinese products, and in addition, the United States has announced an interest rate rise.","Richard Spencer relates to both The Wall Street Journal and the President Trump Administration. Additionally, the actions of the United States impact Chinese products, and it has announced an interest rate rise.","[[""Richard_Spencer"", ""operates_in"", ""United_States""], [""Richard_Spencer"", ""connected_to"", ""President_Trump_Administration""], [""Richard_Spencer"", ""connected_to"", ""The_Wall_Street_Journal""], [""United_States"", ""impacts"", ""Chinese_products""], [""United_States"", ""announced"", ""interest_rate_rise""]]","[[""Richard_Spencer"", ""relates_to"", ""The_Wall_Street_Journal""], [""Richard_Spencer"", ""relates_to"", ""President_Trump_Administration""], [""United_States"", ""impacts"", ""Chinese_products""], [""United_States"", ""announced"", ""interest_rate_rise""]]",0.8611111111111112,0.9999999403953552,1.0,0.8611111111111112,0.8611111111111112,0.9441073809087072,0.9358077539289475,0.927508126949188,0.9192084999694283,0.9109088729896688,0.9026092460099091,0.8943096190301496,0.8860099920503899,0.8777103650706304,0.8694107380908707,0.8611111111111112,0.9230478747954433,0.9196869526133253
342,"Justice Brett Kavanaugh is connected to both President Barack Obama and the President Trump Administration through various judicial and political contexts. Meanwhile, the New York Times, a prominent media organization operating within the United States, publicly announces significant events and updates such as subpoenas and matters related to Justice Brett Kavanaugh. This demonstrates its active role in disseminating news and shaping public discourse in the nation.","Justice Brett Kavanaugh has connections to both President Barack Obama and the President Trump Administration, indicating his significance within the political landscape during their respective terms in office. The New York Times, an influential media outlet operating in the United States, plays a crucial role in informing the public by announcing important events, such as the issuance of a subpoena and the developments surrounding Justice Brett Kavanaugh.","[[""Justice_Brett_Kavanaugh"", ""connected_to"", ""President_Barack_Obama""], [""Justice_Brett_Kavanaugh"", ""connected_to"", ""President_Trump_Administration""], [""New_York_Times"", ""operating_in"", ""United_States""], [""New_York_Times"", ""announces"", ""significant_events""], [""New_York_Times"", ""announces"", ""subpoenas""], [""New_York_Times"", ""announces"", ""matters_related_to_Justice_Brett_Kavanaugh""], [""New_York_Times"", ""role_in"", ""disseminating_news""], [""New_York_Times"", ""role_in"", ""shaping_public_discourse""], [""New_York_Times"", ""operates_in"", ""nation""]]","[[""Justice_Brett_Kavanaugh"", ""connected_to"", ""President_Barack_Obama""], [""Justice_Brett_Kavanaugh"", ""connected_to"", ""President_Trump_Administration""], [""New_York_Times"", ""operating_in"", ""United_States""], [""New_York_Times"", ""announces"", ""important_events""], [""New_York_Times"", ""announces"", ""issuance_of_subpoena""], [""New_York_Times"", ""announces"", ""developments_surrounding_Justice_Brett_Kavanaugh""], [""New_York_Times"", ""role_in"", ""informing_public""], [""Justice_Brett_Kavanaugh"", ""significance_in"", ""political_landscape""]]",0.5669467095138409,0.43757325410842896,0.8083618879318237,0.3178208630818641,0.7202771009357686,0.9740157361617318,0.9486418726391355,0.9232680091165393,0.8978941455939428,0.8725202820713465,0.8471464185487502,0.8217725550261539,0.7963986915035576,0.7710248279809613,0.7456509644583649,0.7202771009357686,0.9342582946853168,0.8217329932956721
343,"Chicago is a city that is not only known for its vibrant political scene but also serves as a base of operations for various activities, including politics. It is home to Apple Inc., signifying the presence of significant business enterprises. Additionally, Toni Preckwinkle, a prominent political figure, is closely associated with both the Cook County Board and the city of Chicago itself, highlighting her role in the local governance and political infrastructure.","Chicago operates in the realm of politics and is home to Apple Inc. Additionally, Toni Preckwinkle has a notable connection to the Cook County Board.","[[""Chicago"", ""known_for"", ""vibrant_political_scene""], [""Chicago"", ""base_of_operations_for"", ""politics""], [""Chicago"", ""home_to"", ""Apple_Inc""], [""Apple_Inc"", ""located_in"", ""Chicago""], [""Toni_Preckwinkle"", ""associated_with"", ""Cook_County_Board""], [""Toni_Preckwinkle"", ""associated_with"", ""Chicago""], [""Toni_Preckwinkle"", ""role_in"", ""local_governance""], [""Toni_Preckwinkle"", ""role_in"", ""political_infrastructure""], [""Chicago"", ""has"", ""political_infrastructure""], [""Chicago"", ""has"", ""local_governance""]]","[[""Chicago"", ""operates_in"", ""politics""], [""Chicago"", ""home_to"", ""Apple_Inc""], [""Toni_Preckwinkle"", ""connection_to"", ""Cook_County_Board""], [""Toni_Preckwinkle"", ""associated_with"", ""Chicago""]]",0.5270462766947299,0.6183730363845825,0.6829115748405457,0.5270462766947299,0.5270462766947299,0.9426449135034012,0.9010850498225341,0.859525186141667,0.8179653224607998,0.7764054587799327,0.7348455950990656,0.6932857314181984,0.6517258677373313,0.6101660040564642,0.5686061403755971,0.5270462766947299,0.8312685013134178,0.9145950054015923
344,"The U.S. Economy has a trade gap and has a positive impact on Federal Reserve officials, who in turn impact the economy. Federal Reserve officials also control economic data and raise economic growth. Additionally, the U.S. Economy relates to the Economy of China, which impacts the World Economy and causes a decrease in home sales.","The U.S. Economy has a trade gap and relates closely to the Economy of China. The U.S. Economy also has a positive impact on Federal Reserve officials, who in turn impact the economy and raise economic growth. Federal Reserve officials control economic data, while the Economy of China impacts the World Economy and is experiencing a decrease in home sales.","[[""U.S._Economy"", ""has"", ""trade_gap""], [""U.S._Economy"", ""has_positive_impact_on"", ""Federal_Reserve_officials""], [""Federal_Reserve_officials"", ""impact"", ""U.S._Economy""], [""Federal_Reserve_officials"", ""control"", ""economic_data""], [""Federal_Reserve_officials"", ""raise"", ""economic_growth""], [""U.S._Economy"", ""relates_to"", ""Economy_of_China""], [""Economy_of_China"", ""impacts"", ""World_Economy""], [""Economy_of_China"", ""causes"", ""decrease_in_home_sales""]]","[[""U.S._Economy"", ""has"", ""trade_gap""], [""U.S._Economy"", ""relates_to"", ""Economy_of_China""], [""U.S._Economy"", ""has_positive_impact_on"", ""Federal_Reserve_officials""], [""Federal_Reserve_officials"", ""impact"", ""U.S._Economy""], [""Federal_Reserve_officials"", ""raise"", ""economic_growth""], [""Federal_Reserve_officials"", ""control"", ""economic_data""], [""Economy_of_China"", ""impacts"", ""World_Economy""], [""Economy_of_China"", ""experiencing"", ""decrease_in_home_sales""]]",1.0,0.9999998807907104,0.9999999403953552,1.0,1.0,0.9985711425587731,0.9987140283028958,0.9988569140470185,0.9989997997911411,0.9991426855352639,0.9992855712793866,0.9994284570235092,0.9995713427676319,0.9997142285117546,0.9998571142558773,1.0,0.9822909912060689,0.9954077099285566
345,"The U.S. Federal Reserve has Richard H. Clarida associated with it, and it impacts economic stability. The CME Group relates to the U.S. Federal Reserve as a significant entity in the financial landscape. Additionally, the CME Group operates in the derivatives markets and actively participates in the futures market.","The Fund has Robert Kaplan associated with it and significantly impacts privacy regulation. Additionally, CME Group relates to the Fund and operates within the derivatives markets while actively participating in the futures market.","[[""U.S._Federal_Reserve"", ""associated_with"", ""Richard_H._Clarida""], [""U.S._Federal_Reserve"", ""impacts"", ""economic_stability""], [""CME_Group"", ""relates_to"", ""U.S._Federal_Reserve""], [""CME_Group"", ""operates_in"", ""derivatives_markets""], [""CME_Group"", ""participates_in"", ""futures_market""]]","[[""The_Fund"", ""associated_with"", ""Robert_Kaplan""], [""The_Fund"", ""impacts"", ""privacy_regulation""], [""CME_Group"", ""relates_to"", ""The_Fund""], [""CME_Group"", ""operates_in"", ""derivatives_markets""], [""CME_Group"", ""participates_in"", ""futures_market""]]",0.4,0.0,0.4585527181625366,0.5,0.5,0.8390599009430345,0.8051539108487311,0.7712479207544276,0.7373419306601241,0.7034359405658206,0.6695299504715173,0.6356239603772138,0.6017179702829103,0.5678119801886069,0.5339059900943034,0.5,0.783182830039065,0.7244416880289604
346,"Mexicans are active participants in events of global significance such as the World Cup, showcasing their enthusiasm and engagement in international sports competitions. Concurrently, Mexicans also participate in national processes like referendums, allowing them to express their opinions on various issues. Moreover, there exists a connection between Mexicans and the topic of corruption, an issue that affects societal and political dynamics within the country.","Mexicans actively participate in the World Cup, showcasing their passion for international sports. In addition to their presence in global sports events, Mexicans also engage in referendums, highlighting their involvement in civic and political activities. Furthermore, there is a relationship between Mexicans and corruption, an issue that has been widely discussed in various socio-economic contexts.","[[""Mexicans"", ""participate_in"", ""World_Cup""], [""Mexicans"", ""showcase"", ""enthusiasm""], [""Mexicans"", ""engage_in"", ""international_sports_competitions""], [""Mexicans"", ""participate_in"", ""referendums""], [""Mexicans"", ""express_opinions_on"", ""various_issues""], [""Mexicans"", ""connected_to"", ""corruption""], [""corruption"", ""affects"", ""societal_dynamics""], [""corruption"", ""affects"", ""political_dynamics""]]","[[""Mexicans"", ""participate_in"", ""World_Cup""], [""Mexicans"", ""showcase"", ""passion""], [""Mexicans"", ""engage_in"", ""international_sports""], [""Mexicans"", ""engage_in"", ""referendums""], [""Mexicans"", ""involved_in"", ""civic_activities""], [""Mexicans"", ""involved_in"", ""political_activities""], [""Mexicans"", ""related_to"", ""corruption""], [""corruption"", ""discussed_in"", ""socio-economic_contexts""]]",0.4166666666666667,0.0,0.49651509523391724,0.25925925925925924,0.510688230856951,0.9607685776703353,0.9157605429889968,0.8707525083076585,0.82574447362632,0.7807364389449816,0.7357284042636432,0.6907203695823048,0.6457123349009664,0.6007043002196278,0.5556962655382894,0.510688230856951,0.8368347991279381,0.8773190522936537
347,"Defense Secretary Pat Shanahan is connected to various significant figures and events. He is linked to Jim Mattis, who has associations with the President Trump Administration. Additionally, Pat Shanahan is related to a military campaign, as well as an investigation, highlighting his involvement in critical defense and administrative matters.","Defense Secretary Pat Shanahan has connections with multiple entities and events, including Jim Mattis and military campaigns, and is also linked to an investigation. Jim Mattis, another key figure, has ties to the President Trump Administration. These relationships illustrate the interconnectedness of military and political roles, highlighting how leaders and their actions can impact broader governance and operational aspects.","[[""Pat_Shanahan"", ""connected_to"", ""Jim_Mattis""], [""Pat_Shanahan"", ""connected_to"", ""President_Trump_Administration""], [""Jim_Mattis"", ""associated_with"", ""President_Trump_Administration""], [""Pat_Shanahan"", ""related_to"", ""military_campaign""], [""Pat_Shanahan"", ""related_to"", ""investigation""], [""Pat_Shanahan"", ""involved_in"", ""defense_matters""], [""Pat_Shanahan"", ""involved_in"", ""administrative_matters""]]","[[""Pat_Shanahan"", ""connected_to"", ""Jim_Mattis""], [""Pat_Shanahan"", ""connected_to"", ""military_campaigns""], [""Pat_Shanahan"", ""connected_to"", ""investigation""], [""Jim_Mattis"", ""tied_to"", ""President_Trump_Administration""], [""Pat_Shanahan"", ""linked_to"", ""President_Trump_Administration""], [""military_roles"", ""impact"", ""governance""], [""leaders"", ""impact"", ""operational_aspects""], [""Pat_Shanahan"", ""highlighted_in"", ""military_and_political_roles""]]",0.7042952122737638,0.0,0.3885049521923065,0.378489059622558,0.7042952122737638,0.9552177629161025,0.9301255078518686,0.9050332527876348,0.8799409977234008,0.8548487426591669,0.8297564875949331,0.8046642325306993,0.7795719774664653,0.7544797224022315,0.7293874673379976,0.7042952122737638,0.8896654833346654,0.8804834839871339
348,"South Carolina plays a significant role in impacting Boeing Co., and it holds control over both the Democratic and Republican primaries. The Carolina Panthers, a professional football team, operates in both North and South Carolina. Meanwhile, North Carolina has control over the conduct of elections within its jurisdiction.","South Carolina affects Boeing Co. and plays a significant role in controlling both the Democratic and Republican primaries. The Carolina Panthers operate in both North and South Carolina, bridging their influence across state lines. Meanwhile, North Carolina maintains control over its elections, ensuring a distinct political landscape from its southern neighbor.","[[""South_Carolina"", ""impacts"", ""Boeing_Co.""], [""South_Carolina"", ""controls"", ""Democratic_primaries""], [""South_Carolina"", ""controls"", ""Republican_primaries""], [""Carolina_Panthers"", ""operates_in"", ""North_Carolina""], [""Carolina_Panthers"", ""operates_in"", ""South_Carolina""], [""North_Carolina"", ""controls"", ""elections""]]","[[""South_Carolina"", ""affects"", ""Boeing_Co.""], [""South_Carolina"", ""controls"", ""Democratic_primaries""], [""South_Carolina"", ""controls"", ""Republican_primaries""], [""Carolina_Panthers"", ""operates_in"", ""North_Carolina""], [""Carolina_Panthers"", ""operates_in"", ""South_Carolina""], [""North_Carolina"", ""maintains_control_over"", ""elections""]]",1.0,0.9999999403953552,0.9999999403953552,1.0,1.0,0.9937155539499026,0.9943439985549124,0.9949724431599221,0.9956008877649318,0.9962293323699416,0.9968577769749514,0.997486221579961,0.9981146661849708,0.9987431107899805,0.9993715553949902,1.0,0.9738216313788186,0.9817004103497271
349,"Oil Futures relate to the U.S. Dollar and have a significant impact on both the World Economic Forum and Crude Oil. Furthermore, Crude Oil impacts inflation expectations and plays a crucial role in influencing the Global Economy.","Oil prices relate to the U.S. Dollar and significantly impact both Republican lawmakers and data centers. Additionally, data centers affect inflation expectations and trade hopes, indicating a broader economic interconnection influenced by fluctuations in oil prices.","[[""Oil_Futures"", ""relate_to"", ""U.S._Dollar""], [""Oil_Futures"", ""impact"", ""World_Economic_Forum""], [""Oil_Futures"", ""impact"", ""Crude_Oil""], [""Crude_Oil"", ""impact"", ""inflation_expectations""], [""Crude_Oil"", ""influence"", ""Global_Economy""]]","[[""Oil_prices"", ""relate_to"", ""U.S._Dollar""], [""Oil_prices"", ""impact"", ""Republican_lawmakers""], [""Oil_prices"", ""impact"", ""data_centers""], [""data_centers"", ""affect"", ""inflation_expectations""], [""data_centers"", ""affect"", ""trade_hopes""], [""oil_prices"", ""influence"", ""economic_interconnection""]]",0.30123203803835463,0.0,0.19676974415779114,0.3086066999241838,0.305887645160749,0.890562733525333,0.8320952246888746,0.7736277158524162,0.7151602070159578,0.6566926981794994,0.598225189343041,0.5397576805065826,0.4812901716701242,0.42282266283366576,0.3643551539972074,0.305887645160749,0.7983674855636754,0.6934223776557611
350,"The Eurozone Economy has a complex influence on various global factors. It positively impacts industrial production, likely enhancing manufacturing activities and efficiencies within the zone. However, it also has a negative impact on the President Trump Administration and the GDP, potentially due to trade imbalances or economic policies that might have strained international relations or domestic economic performance during that period. This dual effect highlights the intricate and multifaceted nature of economic interdependencies between regions and governments.","The Eurozone Economy has a positive effect on industrial production, fostering growth and development within various sectors. However, this economy also presents challenges by negatively impacting the President Trump Administration, potentially influencing political and trade dynamics. Furthermore, the Eurozone Economy has an adverse effect on GDP, which may lead to concerns over economic stability and growth within the region.","[[""Eurozone_Economy"", ""influences"", ""global_factors""], [""Eurozone_Economy"", ""positively_impacts"", ""industrial_production""], [""industrial_production"", ""enhances"", ""manufacturing_activities""], [""industrial_production"", ""enhances"", ""efficiencies""], [""Eurozone_Economy"", ""negatively_impacts"", ""President_Trump_Administration""], [""Eurozone_Economy"", ""negatively_impacts"", ""GDP""], [""trade_imbalances"", ""strains"", ""international_relations""], [""economic_policies"", ""strains"", ""domestic_economic_performance""], [""Eurozone_Economy"", ""exhibits"", ""economic_interdependencies""]]","[[""Eurozone_Economy"", ""positively_impacts"", ""industrial_production""], [""industrial_production"", ""fosters"", ""growth""], [""industrial_production"", ""fosters"", ""development""], [""Eurozone_Economy"", ""negatively_impacts"", ""President_Trump_Administration""], [""Eurozone_Economy"", ""negatively_impacts"", ""GDP""], [""GDP"", ""raises_concerns_over"", ""economic_stability""], [""GDP"", ""raises_concerns_over"", ""economic_growth""], [""Eurozone_Economy"", ""presents"", ""challenges""], [""Eurozone_Economy"", ""influences"", ""political_dynamics""], [""Eurozone_Economy"", ""influences"", ""trade_dynamics""]]",0.2849014411490949,0.0,0.3331632614135742,0.13055824196677338,0.2869984013336701,0.9531646225343023,0.8865480004142391,0.819931378294176,0.7533147561741127,0.6866981340540494,0.6200815119339862,0.553464889813923,0.4868482676938598,0.42023164557379655,0.3536150234537333,0.2869984013336701,0.7995343223087021,0.7436007653425587
351,"In New York State, the Assembly operates within the region to control not only the Senate but also the New York state Senate. This governance structure ultimately influences the decision-making processes within the New York state Senate, which has the authority to control the State Budget. Together, these entities play a crucial role in shaping the political and financial landscape of New York State.","The U.S. Agency for International Development exercises control over the State Budget, ensuring effective allocation and management of resources. Meanwhile, the Assembly operates within the geographical bounds of Kentucky, where it plays a crucial role in governance. The Assembly also exercises control over the Senate, influencing legislative processes and decisions. Furthermore, the Assembly has control over the U.S. Agency for International Development, impacting its strategic direction and operational effectiveness. Together, these entities shape the governance and financial frameworks within their respective domains.","[[""New_York_State"", ""located_in"", ""New_York""], [""Assembly"", ""operates_in"", ""New_York_State""], [""Assembly"", ""controls"", ""Senate""], [""Assembly"", ""controls"", ""New_York_state_Senate""], [""New_York_state_Senate"", ""has_authority_over"", ""State_Budget""], [""Assembly"", ""influences"", ""New_York_state_Senate""], [""New_York_state_Senate"", ""influenced_by"", ""Assembly""], [""Assembly"", ""shapes"", ""political_landscape_of_New_York_State""], [""New_York_state_Senate"", ""shapes"", ""political_landscape_of_New_York_State""], [""Assembly"", ""shapes"", ""financial_landscape_of_New_York_State""], [""New_York_state_Senate"", ""shapes"", ""financial_landscape_of_New_York_State""]]","[[""U.S._Agency_for_International_Development"", ""controls"", ""State_Budget""], [""Assembly"", ""operates_in"", ""Kentucky""], [""Assembly"", ""controls"", ""Senate""], [""Assembly"", ""influences"", ""legislative_processes""], [""Assembly"", ""influences"", ""decisions""], [""Assembly"", ""controls"", ""U.S._Agency_for_International_Development""], [""U.S._Agency_for_International_Development"", ""impacted_by"", ""Assembly""], [""Assembly"", ""impacts"", ""strategic_direction_of_U.S._Agency_for_International_Development""], [""Assembly"", ""impacts"", ""operational_effectiveness_of_U.S._Agency_for_International_Development""], [""Assembly"", ""shapes"", ""governance_framework""], [""U.S._Agency_for_International_Development"", ""shapes"", ""financial_framework""], [""Assembly"", ""shapes"", ""financial_framework""], [""U.S._Agency_for_International_Development"", ""shapes"", ""governance_framework""]]",0.2916666666666667,0.0,0.2736067771911621,0.23096744271857797,0.20623947784607638,0.7406543684880903,0.6872128794238889,0.6337713903596875,0.5803299012954861,0.5268884122312847,0.47344692316708337,0.42000543410288194,0.3665639450386806,0.31312245597447913,0.25968096691027776,0.20623947784607638,0.6905946585665649,0.5870287317532427
352,"Andrew Gillum has a connection to Miami and is an active participant in the Governor Election. Additionally, he holds a position of authority over Florida.","Andrew Gillum is closely related to Miami, reflecting his attachment or activities within the city. As a political figure, he actively participates in the Governor Election, showcasing his role in the political landscape. Furthermore, he is poised to have control over Florida, signifying his potential authority and influence if elected Governor.","[[""Andrew_Gillum"", ""connected_to"", ""Miami""], [""Andrew_Gillum"", ""participant_in"", ""Governor_Election""], [""Andrew_Gillum"", ""holds_position_of_authority_over"", ""Florida""]]","[[""Andrew_Gillum"", ""related_to"", ""Miami""], [""Andrew_Gillum"", ""participates_in"", ""Governor_Election""], [""Andrew_Gillum"", ""has_potential_control_over"", ""Florida""], [""Andrew_Gillum"", ""role_in"", ""political_landscape""], [""Andrew_Gillum"", ""potential_authority"", ""Governor""], [""Andrew_Gillum"", ""influence_if_elected"", ""Governor""]]",1.0,0.5887379050254822,0.7031394243240356,0.6463931265677831,1.0,0.9589816690362157,0.9630835021325942,0.9671853352289725,0.971287168325351,0.9753890014217295,0.9794908345181079,0.9835926676144863,0.9876945007108647,0.9917963338072431,0.9958981669036215,1.0,0.8823785851180361,0.9166205632610704
353,"Atiku Abubakar, a prominent figure who is a member of the Opposition, has a negative impact on the election process while also exerting control over the logistics industry. The Opposition, to which Atiku Abubakar belongs, controls the Maldives, indicating their broad influence. Furthermore, the Maldives has a connection with India, adding an international dimension to the Opposition's activities. The Opposition also relates to the Maduro Government, suggesting a complex network of relations spanning different regions. Additionally, the Opposition actively participates in protests, demonstrating their engagement in political activities.","Atiku Abubakar, a member of the Opposition, controls the logistics industry and has a positive impact on the election process. The Opposition, to which he belongs, also exerts control over the Maldives, a nation closely related to India. Additionally, the Opposition has connections with the Maduro Government and actively participates in protests.","[[""Atiku_Abubakar"", ""member_of"", ""Opposition""], [""Atiku_Abubakar"", ""has_impact_on"", ""election_process""], [""Atiku_Abubakar"", ""exerts_control_over"", ""logistics_industry""], [""Opposition"", ""controls"", ""Maldives""], [""Maldives"", ""connected_to"", ""India""], [""Opposition"", ""related_to"", ""Maduro_Government""], [""Opposition"", ""participates_in"", ""protests""], [""Atiku_Abubakar"", ""has_negative_impact_on"", ""election_process""]]","[[""Atiku_Abubakar"", ""member_of"", ""Opposition""], [""Atiku_Abubakar"", ""controls"", ""logistics_industry""], [""Atiku_Abubakar"", ""has_positive_impact_on"", ""election_process""], [""Opposition"", ""controls"", ""Maldives""], [""Maldives"", ""related_to"", ""India""], [""Opposition"", ""connected_to"", ""Maduro_Government""], [""Opposition"", ""participates_in"", ""protests""]]",1.0,1.0,1.0,1.0,1.0,0.9821684525041428,0.9839516072537284,0.9857347620033143,0.9875179167528998,0.9893010715024857,0.9910842262520714,0.9928673810016571,0.9946505357512428,0.9964336905008285,0.9982168452504143,1.0,0.9650084360667683,0.9873782694633295
354,"Harvey Schwartz is a member of the Goldman Sachs Group and actively participates in activities alongside Lloyd Blankfein. However, his involvement has had a negative impact on his pursuit of the CEO position.","Harvey Schwartz's involvement in Goldman Sachs Group, where he is a member, has had a negative impact on acquiring the CEO Position. Additionally, Harvey Schwartz participates in events or activities involving Lloyd Blankfein, further influencing his role within the company.","[[""Harvey_Schwartz"", ""member_of"", ""Goldman_Sachs_Group""], [""Harvey_Schwartz"", ""participates_alongside"", ""Lloyd_Blankfein""], [""Harvey_Schwartz"", ""pursuing"", ""CEO_position""], [""Harvey_Schwartz"", ""has_negative_impact_on"", ""CEO_position_pursuit""]]","[[""Harvey_Schwartz"", ""member_of"", ""Goldman_Sachs_Group""], [""Harvey_Schwartz"", ""participates_in_events_with"", ""Lloyd_Blankfein""], [""Harvey_Schwartz"", ""has_role_in"", ""Goldman_Sachs_Group""], [""Harvey_Schwartz"", ""involvement_affects"", ""CEO_Position_acquisition""], [""Harvey_Schwartz"", ""has_negative_impact_on"", ""CEO_Position_acquisition""]]",1.0,0.6981683969497681,0.7750802040100098,0.4844813951249544,0.78742598543589,0.960607438673824,0.9432892933500306,0.9259711480262373,0.9086530027024438,0.8913348573786504,0.874016712054857,0.8566985667310636,0.8393804214072702,0.8220622760834768,0.8047441307596834,0.78742598543589,0.9117093304578452,0.9059735230123975
355,"Russia Interference had a negative impact on the United States, specifically relating to the 2016 election and the 2016 presidential election. Jeff Sessions, operating within the Justice Department, was related to the Russia Interference matter. Beyond this connection, Sessions was responsible for controlling the Zero-Tolerance Policy, showcasing his influence within the departmental operations.","Russia Interference notably had a negative impact on the United States, with significant connections to the 2016 election and the 2016 presidential election. Jeff Sessions, during his tenure, operated within the Justice Department and was related to the investigations surrounding Russia Interference. Furthermore, Sessions was instrumental in controlling the implementation of the Zero-Tolerance Policy.","[[""Russia_Interference"", ""had_negative_impact_on"", ""United_States""], [""Russia_Interference"", ""related_to"", ""2016_election""], [""Russia_Interference"", ""related_to"", ""2016_presidential_election""], [""Jeff_Sessions"", ""operated_within"", ""Justice_Department""], [""Jeff_Sessions"", ""related_to"", ""Russia_Interference""], [""Jeff_Sessions"", ""responsible_for"", ""Zero-Tolerance_Policy""], [""Zero-Tolerance_Policy"", ""controlled_by"", ""Jeff_Sessions""], [""Jeff_Sessions"", ""influence_within"", ""Justice_Department""]]","[[""Russia_Interference"", ""had_negative_impact_on"", ""United_States""], [""Russia_Interference"", ""related_to"", ""2016_election""], [""Russia_Interference"", ""related_to"", ""2016_presidential_election""], [""Jeff_Sessions"", ""operated_within"", ""Justice_Department""], [""Jeff_Sessions"", ""related_to"", ""Russia_Interference_investigations""], [""Jeff_Sessions"", ""instrumental_in"", ""Zero-Tolerance_Policy_implementation""], [""Zero-Tolerance_Policy"", ""implementation_controlled_by"", ""Jeff_Sessions""], [""Jeff_Sessions"", ""tenure"", ""Justice_Department""]]",1.0,0.7147425413131714,0.8575720191001892,0.6719368409052928,0.6719368409052928,0.9901749893545354,0.9583511745096112,0.9265273596646869,0.8947035448197626,0.8628797299748383,0.8310559151299142,0.7992321002849898,0.7674082854400656,0.7355844705951413,0.7037606557502171,0.6719368409052928,0.9394705691391152,0.9239630699427281
356,"Gen. Kim Yong Chol operates in both New York and Panmunjom, reflecting his significant diplomatic and strategic roles. Additionally, his activities are closely related to Kim Jong-un, indicating his involvement in matters of state and leadership.","Charles Kupperman operates in both New York and Panmunjom, signifying his widespread geographical engagement. His activities and position are also related to Sens. Bernie Sanders, suggesting an intersection of interests or influence within political or strategic domains involving both high-profile individuals and locations.","[[""Gen._Kim_Yong_Chol"", ""operates_in"", ""New_York""], [""Gen._Kim_Yong_Chol"", ""operates_in"", ""Panmunjom""], [""Gen._Kim_Yong_Chol"", ""related_to"", ""Kim_Jong-un""], [""Gen._Kim_Yong_Chol"", ""involved_in"", ""matters_of_state""], [""Gen._Kim_Yong_Chol"", ""involved_in"", ""leadership""]]","[[""Charles_Kupperman"", ""operates_in"", ""New_York""], [""Charles_Kupperman"", ""operates_in"", ""Panmunjom""], [""Charles_Kupperman"", ""related_to"", ""Bernie_Sanders""], [""Charles_Kupperman"", ""intersection_of_interests_with"", ""Bernie_Sanders""], [""Charles_Kupperman"", ""involved_in"", ""political_domains""], [""Charles_Kupperman"", ""involved_in"", ""strategic_domains""]]",0.36514837167011077,0.0,0.4111713171005249,0.3333333333333333,0.3333333333333333,0.4491046149529881,0.4375274867910226,0.42595035862905717,0.4143732304670916,0.4027961023051262,0.3912189741431607,0.3796418459811952,0.3680647178192298,0.35648758965726424,0.3449104614952988,0.3333333333333333,0.6181019297599875,0.672508597467127
357,"Chinese Companies have a negative impact on Japan Display Inc., potentially through competitive market pressures or technological advancements. These companies are also related to Blackstone Group, suggesting possible collaborations or financial interactions in the global market. Additionally, Chinese Companies are actively investing in startups, indicating their focus on fostering innovation and growth within emerging sectors. This wide-ranging engagement highlights Chinese Companies' strategic positioning across various segments, from influencing traditional industries like Japan Display Inc. to nurturing the innovative landscape through startup investments.","Chinese Companies have a negative impact on Japan Display Inc. Additionally, these companies have a relationship with Blackstone Group, likely involving mutual interests or collaborations. Furthermore, Chinese Companies actively invest in startups, signifying their strategic focus on fostering innovation and emerging markets.","[[""Chinese_Companies"", ""have_negative_impact_on"", ""Japan_Display_Inc""], [""Chinese_Companies"", ""related_to"", ""Blackstone_Group""], [""Chinese_Companies"", ""invest_in"", ""startups""], [""Chinese_Companies"", ""focus_on"", ""fostering_innovation""], [""Chinese_Companies"", ""focus_on"", ""growth_in_emerging_sectors""], [""Chinese_Companies"", ""strategically_positioned_in"", ""various_segments""], [""Chinese_Companies"", ""influence"", ""traditional_industries""], [""Chinese_Companies"", ""influence"", ""Japan_Display_Inc""], [""Chinese_Companies"", ""nurture"", ""innovative_landscape""], [""Chinese_Companies"", ""nurture"", ""startup_investments""]]","[[""Chinese_Companies"", ""have_negative_impact_on"", ""Japan_Display_Inc""], [""Chinese_Companies"", ""have_relationship_with"", ""Blackstone_Group""], [""Chinese_Companies"", ""invest_in"", ""startups""], [""Chinese_Companies"", ""focus_on"", ""fostering_innovation""], [""Chinese_Companies"", ""focus_on"", ""emerging_markets""], [""Chinese_Companies"", ""collaborate_with"", ""Blackstone_Group""], [""Blackstone_Group"", ""have_mutual_interests_with"", ""Chinese_Companies""]]",0.6670137985134996,0.28240853548049927,0.662205696105957,0.537914353639919,0.6670137985134996,0.9728547984758641,0.9422706984796276,0.9116865984833913,0.8811024984871547,0.8505183984909183,0.8199342984946818,0.7893501984984455,0.7587660985022089,0.7281819985059725,0.6975978985097361,0.6670137985134996,0.8530189303576026,0.9135078366278588
358,"Flexport Inc. shares a connection with SoftBank Group Corp., which is renowned for its investment activities. SoftBank Group Corp. is involved in investing in sectors such as Cobalt and Ride-Hailing, thereby extending its influence and market presence. Additionally, SoftBank Group Corp. possesses Vision Fund 2, a substantial investment fund that plays a critical role in its strategic operations and financial activities.","Flexport Inc. is related to SoftBank Group Corp., a multinational conglomerate known for its diverse investment portfolio. SoftBank Group Corp. actively invests in sectors such as Cobalt and Ride-Hailing, leveraging these interests to expand its influence and market presence. Furthermore, SoftBank Group Corp. possesses Vision Fund 2, an investment fund aimed at innovative companies and technologies, enhancing its role as a pivotal player in global finance and entrepreneurship.","[[""Flexport_Inc."", ""shares_connection_with"", ""SoftBank_Group_Corp.""], [""SoftBank_Group_Corp."", ""invests_in"", ""Cobalt""], [""SoftBank_Group_Corp."", ""invests_in"", ""Ride-Hailing""], [""SoftBank_Group_Corp."", ""possesses"", ""Vision_Fund_2""], [""Vision_Fund_2"", ""plays_role_in"", ""strategic_operations_of_SoftBank_Group_Corp.""], [""Vision_Fund_2"", ""plays_role_in"", ""financial_activities_of_SoftBank_Group_Corp.""]]",[],,,,,,,,,,,,,,,,,,
359,"Iraq, as a nation, has had a negative impact on its elections and security forces, creating challenges within the country. In addition to its adverse influences on these areas, Iraq also produces civilian infrastructure, an integral part of its domestic development. The Popular Mobilization Forces operate within Iraq, contributing to the dynamic political and security landscape. Meanwhile, the security forces, which experience a negative impact from Iraq, are tasked with controlling Tehran, indicating their far-reaching authority. These forces also have a relationship with Iran, underscoring regional geopolitical implications. Moreover, these security forces impact arrests, a reflection of their enforcement role within the region.","The situation in Iraq has a negative impact on both elections and the security forces operating within the country. Despite these challenges, Iraq is responsible for producing civilian infrastructure that serves its population. The Popular Mobilization Forces are active in Iraq, contributing to the complex dynamics in the region. Meanwhile, security forces exert control in Tehran, showcasing their influence that extends into neighboring areas. These forces also have connections to Iran, highlighting geopolitical links that further influence local affairs. Additionally, security forces impact the situation surrounding arrests, which adds another layer of complexity to the law enforcement and political landscape in the region.","[[""Iraq"", ""has_negative_impact_on"", ""elections""], [""Iraq"", ""has_negative_impact_on"", ""security_forces""], [""Iraq"", ""produces"", ""civilian_infrastructure""], [""civilian_infrastructure"", ""part_of"", ""domestic_development""], [""Popular_Mobilization_Forces"", ""operate_in"", ""Iraq""], [""Popular_Mobilization_Forces"", ""contribute_to"", ""political_landscape""], [""Popular_Mobilization_Forces"", ""contribute_to"", ""security_landscape""], [""security_forces"", ""experience_negative_impact_from"", ""Iraq""], [""security_forces"", ""tasked_with_controlling"", ""Tehran""], [""security_forces"", ""have_relationship_with"", ""Iran""], [""security_forces"", ""impact"", ""arrests""], [""arrests"", ""reflection_of"", ""enforcement_role""]]","[[""Iraq"", ""has_negative_impact_on"", ""elections""], [""Iraq"", ""has_negative_impact_on"", ""security_forces""], [""Iraq"", ""responsible_for_producing"", ""civilian_infrastructure""], [""civilian_infrastructure"", ""serves"", ""population""], [""Popular_Mobilization_Forces"", ""active_in"", ""Iraq""], [""Popular_Mobilization_Forces"", ""contribute_to"", ""dynamics_in_region""], [""security_forces"", ""exert_control_in"", ""Tehran""], [""security_forces"", ""have_connections_to"", ""Iran""], [""security_forces"", ""impact"", ""situation_surrounding_arrests""], [""arrests"", ""add_complexity_to"", ""law_enforcement""], [""arrests"", ""add_complexity_to"", ""political_landscape""]]",0.48333333333333334,0.4359337389469147,0.8669916391372681,0.40032038451271784,0.4931969619160719,0.9739044104944661,0.9258336656366266,0.8777629207787873,0.8296921759209478,0.7816214310631084,0.733550686205269,0.6854799413474295,0.6374091964895902,0.5893384516317507,0.5412677067739112,0.4931969619160719,0.8443815194088669,0.9135459847275402
360,"J.P. Morgan, which operates in Qatar, has an influence on consumer spending. Additionally, J.P. Morgan is connected to the financial policies or activities of the Saudi Government, highlighting its significant role in the region.","J.P. Morgan, a prominent financial services institution, operates in Qatar, showcasing its international presence. It has a significant impact on consumer spending, influencing financial activities and market behaviors. Additionally, J.P. Morgan has a connection with the Saudi Government, indicating potential collaborative ventures or financial relationships that could extend its influence in the region.","[[""J.P._Morgan"", ""operates_in"", ""Qatar""], [""J.P._Morgan"", ""influence_on"", ""consumer_spending""], [""J.P._Morgan"", ""connected_to"", ""Saudi_Government""], [""J.P._Morgan"", ""related_to"", ""financial_policies""], [""Saudi_Government"", ""has"", ""financial_policies""]]","[[""J.P._Morgan"", ""operates_in"", ""Qatar""], [""J.P._Morgan"", ""type_of"", ""financial_services_institution""], [""J.P._Morgan"", ""has"", ""international_presence""], [""J.P._Morgan"", ""influence_on"", ""consumer_spending""], [""J.P._Morgan"", ""influence_on"", ""financial_activities""], [""J.P._Morgan"", ""influence_on"", ""market_behaviors""], [""J.P._Morgan"", ""connected_to"", ""Saudi_Government""], [""J.P._Morgan"", ""potential_for"", ""collaborative_ventures""], [""J.P._Morgan"", ""potential_for"", ""financial_relationships""]]",0.7,0.05165432021021843,0.45941686630249023,0.3299831645537222,0.7,0.9496416243331547,0.9246774618998392,0.8997132994665238,0.8747491370332082,0.8497849745998927,0.8248208121665773,0.7998566497332619,0.7748924872999463,0.7499283248666309,0.7249641624333154,0.7,0.9184197940246135,0.8157144450873461
361,"The presidential election involves participation from the Czech Republic, showcasing its democratic engagement. This election has a notable impact on Egypt, affecting various political dynamics and policies within the country. Additionally, the presidential election has a positive impact on Tunisia, promoting favorable economic or political changes and fostering growth and stability in the region.","The presidential election has a significant impact on Egypt, influencing various aspects of its political and economic landscape. Changes resulting from the election can affect governance, policy directions, and Egypt's relationships on both national and international fronts.","[[""Czech_Republic"", ""participates_in"", ""presidential_election""], [""presidential_election"", ""has_impact_on"", ""Egypt""], [""presidential_election"", ""affects"", ""political_dynamics_in_Egypt""], [""presidential_election"", ""affects"", ""policies_in_Egypt""], [""presidential_election"", ""has_positive_impact_on"", ""Tunisia""], [""presidential_election"", ""promotes"", ""economic_changes_in_Tunisia""], [""presidential_election"", ""promotes"", ""political_changes_in_Tunisia""], [""presidential_election"", ""fosters"", ""growth_in_Tunisia""], [""presidential_election"", ""fosters"", ""stability_in_Tunisia""]]","[[""presidential_election"", ""has_impact_on"", ""Egypt""], [""presidential_election"", ""influences"", ""political_landscape_in_Egypt""], [""presidential_election"", ""influences"", ""economic_landscape_in_Egypt""], [""changes_from_election"", ""affect"", ""governance_in_Egypt""], [""changes_from_election"", ""affect"", ""policy_directions_in_Egypt""], [""changes_from_election"", ""affect"", ""national_relationships_of_Egypt""], [""changes_from_election"", ""affect"", ""international_relationships_of_Egypt""]]",0.41247895569215276,0.0,0.028887663036584854,0.12297746456210364,0.6458333333333334,0.8699051378249882,0.8474979573758228,0.8250907769266573,0.8026835964774917,0.7802764160283262,0.7578692355791607,0.7354620551299953,0.7130548746808298,0.6906476942316644,0.6682405137824988,0.6458333333333334,0.7931233414188613,0.846125210156904
362,"House Democrats, operating within Congress, play a pivotal role in shaping policy and legislation. They have control over Social Security, a critical socio-economic tool. The group's influence is also connected to Moderates, reflecting its role in balancing different interests within the legislative framework. Rep. Nancy Pelosi, a prominent political figure, is a member of both the House majority and House Democrats, further illustrating her involvement in legislative procedures and the political dynamics of the House.","House Democrats exercise control over Social Security, which involves overseeing legislative aspects that impact the program's benefits, funding, and long-term sustainability.","[[""House_Democrats"", ""operating_in"", ""Congress""], [""House_Democrats"", ""role_in"", ""shaping_policy""], [""House_Democrats"", ""role_in"", ""legislation""], [""House_Democrats"", ""control_over"", ""Social_Security""], [""Social_Security"", ""type_of"", ""socio-economic_tool""], [""House_Democrats"", ""influence_connected_to"", ""Moderates""], [""Moderates"", ""role_in"", ""balancing_interests""], [""Rep._Nancy_Pelosi"", ""member_of"", ""House_Democrats""], [""Rep._Nancy_Pelosi"", ""member_of"", ""House_majority""], [""Rep._Nancy_Pelosi"", ""involved_in"", ""legislative_procedures""], [""Rep._Nancy_Pelosi"", ""involved_in"", ""political_dynamics_of_House""]]","[[""House_Democrats"", ""exercise_control_over"", ""Social_Security""], [""House_Democrats"", ""oversee"", ""legislative_aspects_of_Social_Security""], [""Social_Security"", ""has"", ""benefits""], [""Social_Security"", ""has"", ""funding""], [""Social_Security"", ""has"", ""long-term_sustainability""], [""House_Democrats"", ""impact"", ""Social_Security_benefits""], [""House_Democrats"", ""impact"", ""Social_Security_funding""], [""House_Democrats"", ""impact"", ""Social_Security_long-term_sustainability""]]",0.06415002990995841,0.0,0.0,0.032075014954979206,0.0778498944161523,0.6922465885322067,0.6308069191206013,0.5693672497089958,0.5079275802973904,0.4464879108857849,0.3850482414741795,0.32360857206257404,0.26216890265096865,0.20072923323936315,0.13928956382775773,0.0778498944161523,0.6300383880902072,0.675186693533302
363,"Raytheon Co. operates in global markets, which are related to China, indicating a significant interconnection between these economic entities. Additionally, Raytheon Co. has a notable relationship with United Technologies Corp., highlighting potential collaborations or shared interests in these vast and interconnected markets.","Raytheon Co., a prominent entity, operates in global markets, establishing a significant presence in various international regions. These global markets, in turn, have a notable connection to Chicago, highlighting the city's importance in the broader economic landscape. Additionally, Raytheon Co. is related to United Technologies Corp., indicating a potential collaboration or shared interests between these two influential corporations within their respective industries.","[[""Raytheon_Co."", ""operates_in"", ""global_markets""], [""global_markets"", ""related_to"", ""China""], [""Raytheon_Co."", ""related_to"", ""United_Technologies_Corp.""]]","[[""Raytheon_Co."", ""operates_in"", ""global_markets""], [""global_markets"", ""connected_to"", ""Chicago""], [""Raytheon_Co."", ""established_in"", ""international_regions""], [""Raytheon_Co."", ""related_to"", ""United_Technologies_Corp.""]]",0.375,0.4378798007965088,0.47150999307632446,0.29814239699997197,0.375,0.9210693669092135,0.8664624302182922,0.8118554935273707,0.7572485568364493,0.7026416201455281,0.6480346834546067,0.5934277467636854,0.5388208100727641,0.48421387338184274,0.42960693669092137,0.375,0.8642625805561803,0.7803597369589937
364,"Legislation has a significant impact on both productivity and the real estate industry. This legislative influence extends to controlling Juul Labs Inc., which is a company that operates in multiple locations including the United States, Dallas, and South Korea. Productivity itself has a varied impact in the economic landscape; it can positively influence manufacturing and have broader implications for the global economy. However, productivity also tends to negatively impact costs. These interconnected relationships highlight the complexity of legislative and economic interactions within different sectors and regions.","Productivity plays a multifaceted role in the economic landscape: it negatively impacts costs, while simultaneously having a positive impact on manufacturing. Additionally, productivity significantly influences the global economy. Meanwhile, legislation imposes its own effects on the real estate industry, altering its dynamics. On the other hand, Juul Labs Inc. actively operates within the United States, has a presence in Dallas, and also extends its operations to South Korea, showcasing its geographical market reach.","[[""Legislation"", ""impacts"", ""productivity""], [""Legislation"", ""impacts"", ""real_estate_industry""], [""Legislation"", ""controls"", ""Juul_Labs_Inc""], [""Juul_Labs_Inc"", ""operates_in"", ""United_States""], [""Juul_Labs_Inc"", ""operates_in"", ""Dallas""], [""Juul_Labs_Inc"", ""operates_in"", ""South_Korea""], [""Productivity"", ""impacts"", ""manufacturing""], [""Productivity"", ""impacts"", ""global_economy""], [""Productivity"", ""impacts"", ""costs""], [""Legislation"", ""interacts_with"", ""economic_sectors""], [""Legislation"", ""interacts_with"", ""regions""]]","[[""Productivity"", ""impacts"", ""costs""], [""Productivity"", ""impacts"", ""manufacturing""], [""Productivity"", ""impacts"", ""global_economy""], [""Legislation"", ""impacts"", ""real_estate_industry""], [""Juul_Labs_Inc"", ""operates_in"", ""United_States""], [""Juul_Labs_Inc"", ""operates_in"", ""Dallas""], [""Juul_Labs_Inc"", ""operates_in"", ""South_Korea""]]",0.8367983517440039,0.7380170822143555,0.924347996711731,0.8367983517440039,0.8367983517440039,0.937795534984339,0.9276958166603054,0.9175960983362721,0.9074963800122384,0.897396661688205,0.8872969433641714,0.8771972250401379,0.8670975067161044,0.8569977883920709,0.8468980700680374,0.8367983517440039,0.9342515842312857,0.9524110560044972
365,"Donald Trump is related to discussions around North Korean denuclearization and has also had an impact on the U.S.-China trade war. Mr. Zelensky is connected to both Vladimir Putin and Donald Trump, and he is working to raise support in his efforts. Meanwhile, Vladimir Putin negatively impacted the 2016 US Election and has also had a significant impact on the US Presidential Election.","Donald Trump relates to North Korean denuclearization and has significantly impacted the U.S.-China trade war. Mr. Zelensky, while raising support, relates to both Vladimir Putin and Donald Trump. Vladimir Putin has a negative impact on the 2016 US Election and also impacts the US Presidential Election.","[[""Donald_Trump"", ""related_to"", ""North_Korean_denuclearization""], [""Donald_Trump"", ""impact_on"", ""U.S.-China_trade_war""], [""Mr._Zelensky"", ""connected_to"", ""Vladimir_Putin""], [""Mr._Zelensky"", ""connected_to"", ""Donald_Trump""], [""Mr._Zelensky"", ""working_to"", ""raise_support""], [""Vladimir_Putin"", ""negatively_impacted"", ""2016_US_Election""], [""Vladimir_Putin"", ""impact_on"", ""US_Presidential_Election""]]","[[""Donald_Trump"", ""related_to"", ""North_Korean_denuclearization""], [""Donald_Trump"", ""impact_on"", ""U.S.-China_trade_war""], [""Mr._Zelensky"", ""related_to"", ""Vladimir_Putin""], [""Mr._Zelensky"", ""related_to"", ""Donald_Trump""], [""Mr._Zelensky"", ""working_to"", ""raise_support""], [""Vladimir_Putin"", ""negative_impact_on"", ""2016_US_Election""], [""Vladimir_Putin"", ""impact_on"", ""US_Presidential_Election""]]",1.0,0.9999998211860657,1.0,1.0,1.0,0.9857703190624206,0.9871932871561786,0.9886162552499365,0.9900392233436943,0.9914621914374524,0.9928851595312103,0.9943081276249682,0.9957310957187262,0.9971540638124841,0.998577031906242,1.0,0.9727583511968068,0.9733682508699801
366,"Wang Qishan relates to several significant figures and entities, including China, Henry Paulson, and Donald Trump. His connections to these individuals and the country indicate his importance in both domestic and international political contexts.","Lori Lightfoot has connections to notable figures and entities, specifically relating to the Japanese economy, Henry Paulson, and Donald Trump.","[[""Wang_Qishan"", ""relates_to"", ""China""], [""Wang_Qishan"", ""relates_to"", ""Henry_Paulson""], [""Wang_Qishan"", ""relates_to"", ""Donald_Trump""], [""Wang_Qishan"", ""important_in"", ""domestic_political_context""], [""Wang_Qishan"", ""important_in"", ""international_political_context""]]","[[""Lori_Lightfoot"", ""relates_to"", ""Japanese_economy""], [""Lori_Lightfoot"", ""relates_to"", ""Henry_Paulson""], [""Lori_Lightfoot"", ""relates_to"", ""Donald_Trump""]]",0.4472135954999579,0.0,0.5333176851272583,0.408248290463863,0.408248290463863,0.4845906159882534,0.47695638343581437,0.46932215088337537,0.46168791833093625,0.45405368577849725,0.44641945322605825,0.4387852206736192,0.43115098812118013,0.42351675556874113,0.4158825230163021,0.408248290463863,0.6051609694258502,0.5854395755707602
367,"State Attorneys General have been actively participating in both the Settlement Agreement and the Opioid Litigation, highlighting their commitment to addressing significant public health and legal challenges. Additionally, they have made investments in Juul Labs Inc., a company that conducts its operations in various locations, including Dallas and San Francisco.","State Attorneys General are actively involved in both the Settlement Agreement and the Opioid Litigation, addressing significant legal and regulatory matters. Meanwhile, Juul Labs Inc. conducts its operations in various locations, including Dallas and San Francisco, reflecting its geographical business presence.","[[""State_Attorneys_General"", ""participating_in"", ""Settlement_Agreement""], [""State_Attorneys_General"", ""participating_in"", ""Opioid_Litigation""], [""State_Attorneys_General"", ""addressing"", ""public_health_challenges""], [""State_Attorneys_General"", ""addressing"", ""legal_challenges""], [""State_Attorneys_General"", ""made_investments_in"", ""Juul_Labs_Inc""], [""Juul_Labs_Inc"", ""conducts_operations_in"", ""Dallas""], [""Juul_Labs_Inc"", ""conducts_operations_in"", ""San_Francisco""]]","[[""State_Attorneys_General"", ""involved_in"", ""Settlement_Agreement""], [""State_Attorneys_General"", ""involved_in"", ""Opioid_Litigation""], [""State_Attorneys_General"", ""addressing"", ""legal_matters""], [""State_Attorneys_General"", ""addressing"", ""regulatory_matters""], [""Juul_Labs_Inc"", ""conducts_operations_in"", ""Dallas""], [""Juul_Labs_Inc"", ""conducts_operations_in"", ""San_Francisco""], [""Juul_Labs_Inc"", ""has_geographical_business_presence_in"", ""Dallas""], [""Juul_Labs_Inc"", ""has_geographical_business_presence_in"", ""San_Francisco""]]",0.8240554958966418,0.9071282148361206,0.9052753448486328,0.6458333333333334,0.8240554958966418,0.965918461605106,0.9517321650342596,0.9375458684634131,0.9233595718925667,0.9091732753217203,0.894986978750874,0.8808006821800275,0.866614385609181,0.8524280890383347,0.8382417924674882,0.8240554958966418,0.9122645500085247,0.8728647343756081
368,"Stripe Inc. operates in San Francisco and is related to both Sequoia Capital and Lyft Inc. The venture capital firm Tiger Global invests in Stripe Inc. as well as in Airbnb. Airbnb, which operates in various states, also has connections to WeWork and is related to Alphabet Inc. This network of relationships illustrates how these companies interact within the technology and investment landscapes.","Stripe Inc. relates to both Sequoia Capital and Lyft Inc., indicating that there are significant connections or associations between these entities within the financial ecosystem.","[[""Stripe_Inc."", ""operates_in"", ""San_Francisco""], [""Stripe_Inc."", ""related_to"", ""Sequoia_Capital""], [""Stripe_Inc."", ""related_to"", ""Lyft_Inc.""], [""Tiger_Global"", ""invests_in"", ""Stripe_Inc.""], [""Tiger_Global"", ""invests_in"", ""Airbnb""], [""Airbnb"", ""operates_in"", ""various_states""], [""Airbnb"", ""connected_to"", ""WeWork""], [""Airbnb"", ""related_to"", ""Alphabet_Inc.""]]","[[""Stripe_Inc."", ""relates_to"", ""Sequoia_Capital""], [""Stripe_Inc."", ""relates_to"", ""Lyft_Inc.""]]",0.4169751944147297,0.1786748170852661,0.5549520254135132,0.4169751944147297,0.4169751944147297,0.7427596851211243,0.7101812360504849,0.6776027869798454,0.6450243379092059,0.6124458888385664,0.579867439767927,0.5472889906972875,0.5147105416266481,0.48213209255600864,0.44955364348536914,0.4169751944147297,0.6864321201457649,0.724210135194095
369,"Donald Trump Jr. is related to the Russia Probe, the investigation, and WikiLeaks, highlighting his connections to these significant events. The investigation itself is also related to Boeing Co., suggesting that there may be overlapping interests or implications involving these entities.","Donald Trump Jr. is related to both the Russia Probe and WikiLeaks, indicating his involvement in matters that have significant political and legal implications.","[[""Donald_Trump_Jr."", ""related_to"", ""Russia_Probe""], [""Donald_Trump_Jr."", ""related_to"", ""investigation""], [""Donald_Trump_Jr."", ""related_to"", ""WikiLeaks""], [""investigation"", ""related_to"", ""Boeing_Co.""]]","[[""Donald_Trump_Jr."", ""related_to"", ""Russia_Probe""], [""Donald_Trump_Jr."", ""related_to"", ""WikiLeaks""]]",0.5594309277855158,0.5301470756530762,0.8112680912017822,0.5594309277855158,0.5594309277855158,0.9238276922434713,0.8873880157976758,0.8509483393518802,0.8145086629060846,0.7780689864602891,0.7416293100144935,0.705189633568698,0.6687499571229025,0.6323102806771069,0.5958706042313113,0.5594309277855158,0.8977135057539235,0.9609628748851213
370,"Sen. John Thune invests in rebates as well as in Apple Inc., indicating a diverse financial portfolio that includes both consumer-focused incentives and technology. Additionally, Sen. John Thune is related to a bill, suggesting potential legislative interests or efforts that may complement his investment strategy.","Sen. John Thune has made investments in Rebates and Apple Inc., reflecting his financial strategies and interests. Additionally, his activities and investments relate to legislative matters, such as the Bill, which indicates the Senator's engagement in lawmaking and public policy alongside his financial pursuits.","[[""Sen._John_Thune"", ""invests_in"", ""rebates""], [""Sen._John_Thune"", ""invests_in"", ""Apple_Inc.""], [""Sen._John_Thune"", ""related_to"", ""bill""], [""Sen._John_Thune"", ""has"", ""diverse_financial_portfolio""], [""diverse_financial_portfolio"", ""includes"", ""consumer-focused_incentives""], [""diverse_financial_portfolio"", ""includes"", ""technology""]]","[[""Sen._John_Thune"", ""invests_in"", ""Rebates""], [""Sen._John_Thune"", ""invests_in"", ""Apple_Inc.""], [""Sen._John_Thune"", ""relates_to"", ""legislative_matters""], [""legislative_matters"", ""includes"", ""Bill""], [""Sen._John_Thune"", ""engaged_in"", ""lawmaking""], [""Sen._John_Thune"", ""engaged_in"", ""public_policy""], [""Sen._John_Thune"", ""pursues"", ""financial_pursuits""]]",0.3662335103823572,0.006304454058408737,0.4815104007720947,0.42316363302800525,0.3662335103823572,0.8635175619091259,0.813789156756449,0.7640607516037722,0.7143323464510953,0.6646039412984184,0.6148755361457415,0.5651471309930647,0.5154187258403878,0.4656903206877109,0.41596191553503403,0.3662335103823572,0.7630274943918139,0.7581907237940929
371,"Europe has a significant impact on the global economy while also maintaining relationships with Iran and Volkswagen. Meanwhile, US Banks, which operate in Europe, influence both the housing market and interest rates. Interest rates, in turn, affect market volatility, and are related to consumer confidence. However, they also have a negative impact on growth.","Europe exerts a significant impact on the Global Economy, indicating its critical role in international financial dynamics. Furthermore, Europe shares connections with Iran and Volkswagen, illustrating the intricate interlinks within the regional and industrial sectors. Meanwhile, US Banks play a powerful role in shaping the Housing market and Interest Rates, and they also operate within Europe, showcasing their multinational influence. Interest Rates, influenced by the actions of US Banks, profoundly affect Market Volatility and demonstrate a relationship with Consumer Confidence. Notably, these rates have a negative effect on growth, underlining the complexity of economic interactions between financial entities and market indicators.","[[""Europe"", ""impact_on"", ""global_economy""], [""Europe"", ""maintaining_relationships_with"", ""Iran""], [""Europe"", ""maintaining_relationships_with"", ""Volkswagen""], [""US_Banks"", ""operate_in"", ""Europe""], [""US_Banks"", ""influence"", ""housing_market""], [""US_Banks"", ""influence"", ""interest_rates""], [""interest_rates"", ""affect"", ""market_volatility""], [""interest_rates"", ""related_to"", ""consumer_confidence""], [""interest_rates"", ""impact_on"", ""growth""]]","[[""Europe"", ""impact_on"", ""Global_Economy""], [""Europe"", ""shares_connections_with"", ""Iran""], [""Europe"", ""shares_connections_with"", ""Volkswagen""], [""US_Banks"", ""operate_in"", ""Europe""], [""US_Banks"", ""influence"", ""Housing_market""], [""US_Banks"", ""influence"", ""Interest_Rates""], [""US_Banks"", ""shape"", ""Housing_market""], [""US_Banks"", ""shape"", ""Interest_Rates""], [""Interest_Rates"", ""influenced_by"", ""US_Banks""], [""Interest_Rates"", ""affect"", ""Market_Volatility""], [""Interest_Rates"", ""related_to"", ""Consumer_Confidence""], [""Interest_Rates"", ""impact_on"", ""growth""]]",1.0,0.9999999403953552,0.9999999403953552,1.0,1.0,0.9820152067467217,0.9838136860720496,0.9856121653973775,0.9874106447227051,0.9892091240480331,0.9910076033733608,0.9928060826986886,0.9946045620240165,0.9964030413493443,0.9982015206746722,1.0,0.962159041923027,0.949243528566818
372,"A subpoena has the authority to control the release of tax returns, and it is also related to the impeachment inquiry, which significantly impacts Donald Trump. The impeachment inquiry itself has connections to Ukraine, a country that operates its Coast Guard and maintains control over the Burisma Group.","The subpoena has a controlling role over tax returns and is related to the impeachment inquiry. This inquiry, which has an impact on Donald Trump, also bears a connection to Ukraine. In a separate context, Ukraine is the operating location for the Coast Guard and exercises control over the Burisma Group.","[[""subpoena"", ""authority_to_control"", ""tax_returns""], [""subpoena"", ""related_to"", ""impeachment_inquiry""], [""impeachment_inquiry"", ""impacts"", ""Donald_Trump""], [""impeachment_inquiry"", ""connected_to"", ""Ukraine""], [""Ukraine"", ""operates"", ""Coast_Guard""], [""Ukraine"", ""maintains_control_over"", ""Burisma_Group""]]","[[""subpoena"", ""controlling_role_over"", ""tax_returns""], [""subpoena"", ""related_to"", ""impeachment_inquiry""], [""impeachment_inquiry"", ""impacts"", ""Donald_Trump""], [""impeachment_inquiry"", ""connected_to"", ""Ukraine""], [""Ukraine"", ""operating_location_for"", ""Coast_Guard""], [""Ukraine"", ""exercises_control_over"", ""Burisma_Group""]]",1.0,1.0,1.0,1.0,1.0,0.9757392134590216,0.9781652921131194,0.9805913707672174,0.9830174494213151,0.9854435280754129,0.9878696067295107,0.9902956853836087,0.9927217640377064,0.9951478426918043,0.9975739213459022,1.0,0.9315780445712842,0.9637345499884837
373,"Tech firms, as members of the Tech Industry, operate within the Tech Sector and are closely related to the S&P 500 Index due to their significant influence and presence. Regulations impact tech firms, creating challenges while also negatively impacting startups by introducing constraints that may affect their growth prospects. These regulations, in turn, relate to economic growth, which impacts the stimulus program aimed at fostering economic stability. Economic growth itself has been linked to a decrease in the Pakistan Economy, highlighting complex global interactions.","Tech firms, which are members of the Tech Industry, operate within the Tech Sector and hold a significant relationship with the S&P 500 Index, reflecting their influence on market trends. Economic growth impacts the effectiveness of Stimulus Programs and simultaneously leads to a decrease in the Pakistan Economy, illustrating its complex role on various economic facets. Meanwhile, regulations are known to have a negative impact on startups, often posing challenges to their growth and innovation potential.","[[""Tech_firms"", ""member_of"", ""Tech_Industry""], [""Tech_firms"", ""operate_in"", ""Tech_Sector""], [""Tech_firms"", ""related_to"", ""S&P_500_Index""], [""Regulations"", ""impact"", ""tech_firms""], [""Regulations"", ""create_challenges_for"", ""tech_firms""], [""Regulations"", ""impact"", ""startups""], [""Regulations"", ""introduce_constraints_on"", ""startups""], [""Regulations"", ""affect"", ""growth_prospects_of_startups""], [""Regulations"", ""relate_to"", ""economic_growth""], [""Economic_growth"", ""impact"", ""stimulus_program""], [""Economic_growth"", ""aimed_at"", ""economic_stability""], [""Economic_growth"", ""linked_to"", ""decrease_in_Pakistan_Economy""], [""Pakistan_Economy"", ""affected_by"", ""economic_growth""]]","[[""Tech_firms"", ""member_of"", ""Tech_Industry""], [""Tech_firms"", ""operate_in"", ""Tech_Sector""], [""Tech_firms"", ""related_to"", ""S&P_500_Index""], [""Tech_firms"", ""influence"", ""market_trends""], [""Economic_growth"", ""impact"", ""Stimulus_Programs""], [""Economic_growth"", ""lead_to"", ""decrease_in_Pakistan_Economy""], [""Regulations"", ""have_negative_impact_on"", ""startups""], [""Regulations"", ""pose_challenges_to"", ""startups""], [""Regulations"", ""affect"", ""growth_of_startups""], [""Regulations"", ""affect"", ""innovation_potential_of_startups""]]",0.6481812160876685,0.24422568082809448,0.7278264760971069,0.4583333333333333,0.7183811165192391,0.9718100962588944,0.9464671982849289,0.9211243003109633,0.8957814023369977,0.8704385043630323,0.8450956063890667,0.8197527084151012,0.7944098104411357,0.7690669124671701,0.7437240144932046,0.7183811165192391,0.927082165580718,0.792909523145428
374,"Brexit, an intricate geopolitical event, is closely related to Mrs. Theresa May and the European Parliament, both of which played significant roles in its execution. Brexit has had profound effects on investment, influencing financial dynamics and business strategies across Europe. American Companies have a notable impact on Brexit, as they operate in London and possess delegation there, intertwining their business activities with the evolving economic landscape that Brexit continues to shape.","Brexit is significantly related to Mrs. Theresa May and the European Parliament and has notable implications for investment. American companies, which operate in London and have a delegation there, have had an impact on Brexit as well.","[[""Brexit"", ""related_to"", ""Mrs._Theresa_May""], [""Brexit"", ""related_to"", ""European_Parliament""], [""Brexit"", ""had_effect_on"", ""investment""], [""Brexit"", ""influenced"", ""financial_dynamics""], [""Brexit"", ""influenced"", ""business_strategies""], [""American_Companies"", ""have_impact_on"", ""Brexit""], [""American_Companies"", ""operate_in"", ""London""], [""American_Companies"", ""have_delegation_in"", ""London""], [""Brexit"", ""shapes"", ""economic_landscape""], [""American_Companies"", ""intertwined_with"", ""economic_landscape""]]","[[""Brexit"", ""related_to"", ""Mrs._Theresa_May""], [""Brexit"", ""related_to"", ""European_Parliament""], [""Brexit"", ""has_implications_for"", ""investment""], [""American_companies"", ""have_impact_on"", ""Brexit""], [""American_companies"", ""operate_in"", ""London""], [""American_companies"", ""have_delegation_in"", ""London""]]",0.5896919751144688,0.5599031448364258,0.620773434638977,0.5896919751144688,0.5896919751144688,0.9631681938568657,0.925820571982626,0.8884729501083863,0.8511253282341465,0.813777706359907,0.7764300844856673,0.7390824626114276,0.701734840737188,0.6643872188629482,0.6270395969887085,0.5896919751144688,0.9052511598288138,0.9198415219875415
375,"E*Trade Financial Corp. operates within the financial sector, where it exercises control over its earnings, thereby influencing stock values. The company has also managed to raise its profit, showcasing effective strategies in its financial operations.","E*Trade Financial Corp. operates within the Financial Sector and has control over its earnings, which in turn impact stock values. Recently, E*Trade Financial Corp. has experienced a decrease in profit.","[[""E*Trade_Financial_Corp."", ""operates_in"", ""financial_sector""], [""E*Trade_Financial_Corp."", ""exercises_control_over"", ""earnings""], [""earnings"", ""influence"", ""stock_values""], [""E*Trade_Financial_Corp."", ""raises"", ""profit""], [""E*Trade_Financial_Corp."", ""employs"", ""effective_strategies""], [""effective_strategies"", ""applied_to"", ""financial_operations""]]","[[""E*Trade_Financial_Corp."", ""operates_in"", ""Financial_Sector""], [""E*Trade_Financial_Corp."", ""has_control_over"", ""earnings""], [""earnings"", ""impact"", ""stock_values""], [""E*Trade_Financial_Corp."", ""experiences"", ""decrease_in_profit""]]",0.5781515884776753,0.43316441774368286,0.571077823638916,0.5352643613280604,0.5504818825631803,0.9214431255457964,0.8843470012475348,0.8472508769492733,0.8101547526510116,0.7730586283527501,0.7359625040544884,0.6988663797562268,0.6617702554579652,0.6246741311597035,0.5875780068614419,0.5504818825631803,0.8099596554042988,0.8970025392194907
376,"Atiku Abubakar is a significant figure who participates in the Presidential election, an event that notably impacts Brazil. Furthermore, Atiku Abubakar has a Restructuring Plan and exerts control over the Logistics Industry. The Presidential election is related to Immigration Policies and bears a connection to the Arab Spring, indicating the broader geopolitical and social implications of this political event.","Atiku Abubakar actively participates in the Presidential election, a crucial event impacting Brazil and closely related to immigration policies and the Arab Spring. He has a Restructuring Plan and exercises control over the logistics industry, showcasing his diverse influence and leadership across various sectors.","[[""Atiku_Abubakar"", ""participates_in"", ""Presidential_election""], [""Presidential_election"", ""impacts"", ""Brazil""], [""Atiku_Abubakar"", ""has"", ""Restructuring_Plan""], [""Atiku_Abubakar"", ""exerts_control_over"", ""Logistics_Industry""], [""Presidential_election"", ""related_to"", ""Immigration_Policies""], [""Presidential_election"", ""bears_connection_to"", ""Arab_Spring""]]","[[""Atiku_Abubakar"", ""participates_in"", ""Presidential_election""], [""Presidential_election"", ""impacts"", ""Brazil""], [""Atiku_Abubakar"", ""has"", ""Restructuring_Plan""], [""Atiku_Abubakar"", ""exercises_control_over"", ""logistics_industry""], [""Presidential_election"", ""related_to"", ""immigration_policies""], [""Presidential_election"", ""related_to"", ""Arab_Spring""]]",1.0,0.9999999403953552,1.0,1.0,1.0,0.9930671505560793,0.9937604355004713,0.9944537204448636,0.9951470053892555,0.9958402903336476,0.9965335752780397,0.9972268602224317,0.9979201451668238,0.9986134301112158,0.999306715055608,1.0,0.9771059451997901,0.9783729551864878
377,"The dynamics of gold price have a positive impact on commodities while also being intimately linked to global economic growth. The value of the Yuan has correlations with Standard Chartered and is influenced by public opinion, as well as having relationships with foreign buyers. The presence of Standard Chartered impacts both operating expenses and broader financial markets, and it conducts its operations in Ukraine. Conversely, actions of foreign buyers have a negative impact on gold price, showing the complex interdependencies at play in the global economic landscape.","The fluctuations in the Gold Price have a significant relationship with global economic growth, and an increase in the Gold Price tends to have a negative impact on commodities. The Yuan, known to impact public opinion, is also related to Standard Chartered and foreign buyers, establishing an intricate web of economic relationships. Standard Chartered, which operates in Ukraine, plays a role in impacting both operating expenses and financial markets. Meanwhile, foreign buyers can negatively impact the Gold Price, adding another layer of complexity to these interconnected financial dynamics.","[[""gold_price"", ""has_positive_impact_on"", ""commodities""], [""gold_price"", ""linked_to"", ""global_economic_growth""], [""Yuan"", ""correlated_with"", ""Standard_Chartered""], [""Yuan"", ""influenced_by"", ""public_opinion""], [""Yuan"", ""related_to"", ""foreign_buyers""], [""Standard_Chartered"", ""impacts"", ""operating_expenses""], [""Standard_Chartered"", ""impacts"", ""broader_financial_markets""], [""Standard_Chartered"", ""operates_in"", ""Ukraine""], [""foreign_buyers"", ""have_negative_impact_on"", ""gold_price""]]","[[""Gold_Price"", ""related_to"", ""global_economic_growth""], [""Gold_Price"", ""has_negative_impact_on"", ""commodities""], [""Yuan"", ""impacts"", ""public_opinion""], [""Yuan"", ""related_to"", ""Standard_Chartered""], [""Yuan"", ""related_to"", ""foreign_buyers""], [""Standard_Chartered"", ""operates_in"", ""Ukraine""], [""Standard_Chartered"", ""impacts"", ""operating_expenses""], [""Standard_Chartered"", ""impacts"", ""financial_markets""], [""foreign_buyers"", ""have_negative_impact_on"", ""Gold_Price""]]",1.0,0.9373520612716675,0.9453672170639038,0.75,1.0,0.9897840765105753,0.9908056688595178,0.9918272612084602,0.9928488535574027,0.9938704459063452,0.9948920382552877,0.9959136306042301,0.9969352229531726,0.997956815302115,0.9989784076510575,1.0,0.9595394439225461,0.9736376798266462
378,"Oakland operates in the San Francisco Bay Area and has notable entities such as Ghost Ship and Derick Ion Almena. Furthermore, Derick Ion Almena relates to Max Harris, highlighting a connection between these individuals within Oakland's context.","Oakland operates in the San Francisco Bay Area and has notable entities such as Ghost Ship and Derick Ion Almena. Derick Ion Almena is related to Max Harris, indicating a connection between these individuals within the context of Oakland's cultural and creative landscape.","[[""Oakland"", ""operates_in"", ""San_Francisco_Bay_Area""], [""Oakland"", ""has_notable_entity"", ""Ghost_Ship""], [""Oakland"", ""has_notable_entity"", ""Derick_Ion_Almena""], [""Derick_Ion_Almena"", ""relates_to"", ""Max_Harris""], [""Derick_Ion_Almena"", ""related_to"", ""Max_Harris""], [""Max_Harris"", ""relates_to"", ""Derick_Ion_Almena""], [""Max_Harris"", ""related_to"", ""Derick_Ion_Almena""]]","[[""Oakland"", ""operates_in"", ""San_Francisco_Bay_Area""], [""Oakland"", ""has_notable_entity"", ""Ghost_Ship""], [""Oakland"", ""has_notable_entity"", ""Derick_Ion_Almena""], [""Derick_Ion_Almena"", ""related_to"", ""Max_Harris""], [""Max_Harris"", ""related_to"", ""Derick_Ion_Almena""]]",1.0,0.9999999403953552,1.0,1.0,1.0,0.9654596745865135,0.9689137071278622,0.9723677396692108,0.9758217722105593,0.9792758047519081,0.9827298372932567,0.9861838698346054,0.9896379023759541,0.9930919349173026,0.9965459674586513,1.0,0.9978544996515941,0.9999999879838785
379,"Global trade tensions have a detrimental effect on copper prices and the Canadian economy, while also influencing crude prices. These tensions are formally announced by Draghi, who holds control over markets. In addition to this announcement, Draghi also declares changes in the inflation rate, reflecting his authoritative role in financial matters.","Global trade tensions have a negative impact on both copper prices and the Canadian economy, while also affecting crude prices more broadly. In this complex economic landscape, Draghi plays a significant role by controlling markets. Furthermore, Draghi has been the one to announce key financial indicators such as inflation rate and the unfolding global trade tensions, highlighting his influence in these economic developments.","[[""Global_trade_tensions"", ""have_detrimental_effect_on"", ""copper_prices""], [""Global_trade_tensions"", ""have_detrimental_effect_on"", ""Canadian_economy""], [""Global_trade_tensions"", ""influence"", ""crude_prices""], [""Draghi"", ""announces"", ""Global_trade_tensions""], [""Draghi"", ""holds_control_over"", ""markets""], [""Draghi"", ""declares"", ""changes_in_inflation_rate""], [""Draghi"", ""has_authoritative_role_in"", ""financial_matters""]]","[[""Global_trade_tensions"", ""have_negative_impact_on"", ""copper_prices""], [""Global_trade_tensions"", ""have_negative_impact_on"", ""Canadian_economy""], [""Global_trade_tensions"", ""affect"", ""crude_prices""], [""Draghi"", ""plays_significant_role_in"", ""economic_landscape""], [""Draghi"", ""controls"", ""markets""], [""Draghi"", ""announces"", ""inflation_rate""], [""Draghi"", ""announces"", ""Global_trade_tensions""], [""Draghi"", ""has_influence_in"", ""economic_developments""]]",0.6875,0.607132077217102,0.7740890383720398,0.5303300858899107,0.6875,0.9715659696697448,0.9431593727027704,0.9147527757357958,0.8863461787688214,0.8579395818018469,0.8295329848348725,0.8011263878678979,0.7727197909009235,0.7443131939339489,0.7159065969669745,0.6875,0.8952134657700442,0.9303150034943365
380,"Endo International PLC operates in the pharmaceutical sector and has decreased its shares, which has a negative impact on Wells Fargo. Additionally, these shares control Dell Inc., which in turn controls both computers and DVMT, while also producing security threats. Furthermore, Wells Fargo operates in the Midwest and participates in stock exchanges. The shares also impact materials stocks, showcasing their influence across various market segments.","Endo International PLC operates in the pharmaceutical sector and has decreased its shares, which negatively impacts Wells Fargo. As shares control Dell Inc., it is noteworthy that shares also have an impact on materials stocks. Dell Inc. further controls computers and DVMT and is responsible for producing security threats. Additionally, Wells Fargo operates in the Midwest and participates in stock exchanges.","[[""Endo_International_PLC"", ""operates_in"", ""pharmaceutical_sector""], [""Endo_International_PLC"", ""decreased"", ""shares""], [""shares"", ""negative_impact_on"", ""Wells_Fargo""], [""shares"", ""control"", ""Dell_Inc""], [""Dell_Inc"", ""control"", ""computers""], [""Dell_Inc"", ""control"", ""DVMT""], [""Dell_Inc"", ""produces"", ""security_threats""], [""shares"", ""impact"", ""materials_stocks""], [""Wells_Fargo"", ""operates_in"", ""Midwest""], [""Wells_Fargo"", ""participates_in"", ""stock_exchanges""]]","[[""Endo_International_PLC"", ""operates_in"", ""pharmaceutical_sector""], [""Endo_International_PLC"", ""decreased"", ""shares""], [""shares"", ""negative_impact_on"", ""Wells_Fargo""], [""shares"", ""control"", ""Dell_Inc""], [""Dell_Inc"", ""control"", ""computers""], [""Dell_Inc"", ""control"", ""DVMT""], [""Dell_Inc"", ""produces"", ""security_threats""], [""shares"", ""impact"", ""materials_stocks""], [""Wells_Fargo"", ""operates_in"", ""Midwest""], [""Wells_Fargo"", ""participates_in"", ""stock_exchanges""]]",1.0,0.9999999403953552,1.0,1.0,1.0,1.0,1.0,1.0,1.0,1.0,1.0,1.0,1.0,1.0,1.0,1.0,0.9999999261444193,0.9999999843000799
381,"AmTrust Financial Services Inc. operates in New York and is actively raising shares. Carl Icahn has Jeff Jacobson and significantly impacts DVMT while relating to Florida. Additionally, there is a relationship between revenue and spending, with Fujifilm Holdings Corp. having a positive impact on revenue. Fujifilm Holdings Corp. also relates to AmTrust Financial Services Inc., while Xerox Corp. relates to both Carl Icahn and Fujifilm Holdings Corp. Moreover, Xerox Corp. is raising profits as part of its operations.","AmTrust Financial Services Inc. operates in New York and is involved in raising shares. Carl Icahn has Jeff Jacobson and impacts DVMT while relating to Florida. Additionally, revenue is related to spending, and Fujifilm Holdings Corp. has a positive impact on revenue. Fujifilm Holdings Corp. also relates to AmTrust Financial Services Inc. Meanwhile, Xerox Corp. relates to Carl Icahn and raises profit while also relating to Fujifilm Holdings Corp.","[[""AmTrust_Financial_Services_Inc."", ""operates_in"", ""New_York""], [""AmTrust_Financial_Services_Inc."", ""raising_shares"", ""shares""], [""Carl_Icahn"", ""has"", ""Jeff_Jacobson""], [""Carl_Icahn"", ""impacts"", ""DVMT""], [""Carl_Icahn"", ""relates_to"", ""Florida""], [""revenue"", ""related_to"", ""spending""], [""Fujifilm_Holdings_Corp."", ""impacts"", ""revenue""], [""Fujifilm_Holdings_Corp."", ""relates_to"", ""AmTrust_Financial_Services_Inc.""], [""Xerox_Corp."", ""relates_to"", ""Carl_Icahn""], [""Xerox_Corp."", ""relates_to"", ""Fujifilm_Holdings_Corp.""], [""Xerox_Corp."", ""raising_profits"", ""profits""]]","[[""AmTrust_Financial_Services_Inc."", ""operates_in"", ""New_York""], [""AmTrust_Financial_Services_Inc."", ""involved_in"", ""raising_shares""], [""Carl_Icahn"", ""has"", ""Jeff_Jacobson""], [""Carl_Icahn"", ""impacts"", ""DVMT""], [""Carl_Icahn"", ""relates_to"", ""Florida""], [""revenue"", ""related_to"", ""spending""], [""Fujifilm_Holdings_Corp."", ""impacts"", ""revenue""], [""Fujifilm_Holdings_Corp."", ""relates_to"", ""AmTrust_Financial_Services_Inc.""], [""Xerox_Corp."", ""relates_to"", ""Carl_Icahn""], [""Xerox_Corp."", ""relates_to"", ""Fujifilm_Holdings_Corp.""], [""Xerox_Corp."", ""raises_profit"", ""profit""]]",1.0,0.6643144488334656,0.861687421798706,0.5416666666666666,1.0,0.9968524309541893,0.9971671878587703,0.9974819447633514,0.9977967016679326,0.9981114585725136,0.9984262154770946,0.9987409723816757,0.9990557292862567,0.9993704861908379,0.999685243095419,1.0,0.9753512582801391,0.9953391558075492
382,"Philip Morris International, known for producing cigarettes, has experienced a decrease in its revenue. Interestingly, this revenue trend is related to IBM, suggesting potential connections or influences between the financial performance or business activities of these two companies.","State Street has made a significant move to decrease global market volatility, an important factor in the financial landscape that is also related to IBM. In addition to managing market dynamics, State Street is responsible for producing the Autopilot System, showcasing their diverse capabilities in both stabilizing markets and advancing technology solutions.","[[""Philip_Morris_International"", ""produces"", ""cigarettes""], [""Philip_Morris_International"", ""experienced"", ""decrease_in_revenue""], [""Philip_Morris_International"", ""related_to"", ""IBM""], [""IBM"", ""influences"", ""Philip_Morris_International""], [""Philip_Morris_International"", ""related_to"", ""IBM""], [""IBM"", ""related_to"", ""Philip_Morris_International""]]",[],,,,,,,,,,,,,,,,,,
383,"The Gold Price impacts both the U.S. Federal Reserve and consumer prices, while it is also related to Chinese imports. Furthermore, economic growth has an impact on the Gold Price and is related to interest rates and the Mexican economy. Additionally, Chinese imports have a negative impact on U.S. oil. Interest rates positively impact the dollar value, but they negatively impact organizations and also affect economic activity.","The Gold Price has a significant impact on the U.S. Federal Reserve, influencing its policies and decisions. Additionally, the Gold Price is related to Chinese Imports, as changes in import levels can affect market dynamics. Economic growth also impacts the Gold Price, reflecting the interconnectedness of economic indicators and asset values. Furthermore, Chinese Imports have a negative impact on U.S. Oil, illustrating the complex relationships between global trade and local resources.","[[""Gold_Price"", ""impacts"", ""U.S._Federal_Reserve""], [""Gold_Price"", ""impacts"", ""consumer_prices""], [""Gold_Price"", ""related_to"", ""Chinese_imports""], [""economic_growth"", ""impacts"", ""Gold_Price""], [""economic_growth"", ""related_to"", ""interest_rates""], [""economic_growth"", ""related_to"", ""Mexican_economy""], [""Chinese_imports"", ""negatively_impacts"", ""U.S._oil""], [""interest_rates"", ""positively_impacts"", ""dollar_value""], [""interest_rates"", ""negatively_impacts"", ""organizations""], [""interest_rates"", ""affects"", ""economic_activity""]]","[[""Gold_Price"", ""impacts"", ""U.S._Federal_Reserve""], [""Gold_Price"", ""influences"", ""U.S._Federal_Reserve_policies""], [""Gold_Price"", ""influences"", ""U.S._Federal_Reserve_decisions""], [""Gold_Price"", ""related_to"", ""Chinese_Imports""], [""Chinese_Imports"", ""affects"", ""market_dynamics""], [""economic_growth"", ""impacts"", ""Gold_Price""], [""economic_growth"", ""related_to"", ""economic_indicators""], [""economic_growth"", ""related_to"", ""asset_values""], [""Chinese_Imports"", ""negatively_impacts"", ""U.S._Oil""], [""global_trade"", ""related_to"", ""local_resources""]]",0.4714045207910317,0.0,0.501670241355896,0.2175970699446223,0.4244373438135827,0.9329532166119388,0.8821016293321032,0.8312500420522676,0.7803984547724319,0.7295468674925962,0.6786952802127607,0.6278436929329252,0.5769921056530896,0.5261405183732539,0.4752889310934183,0.4244373438135827,0.8853401836009693,0.7666612611411989
384,"The Mexican peso is not only related to the presidential election, but also controls the exchange rate. The value of the Mexican peso decreases in relation to the U.S. Dollar. Interestingly, the presidential election has a positive impact on Tunisia, possibly through economic or political channels connecting these regions.","The Mexican peso has an intricate relationship with the presidential election, which in turn positively impacts Tunisia. The Mexican peso also plays a significant role in controlling the exchange rate and has the capability to raise the value of the U.S. Dollar.","[[""Mexican_peso"", ""related_to"", ""presidential_election""], [""Mexican_peso"", ""controls"", ""exchange_rate""], [""Mexican_peso"", ""decreases_in_relation_to"", ""U.S._Dollar""], [""presidential_election"", ""has_positive_impact_on"", ""Tunisia""]]","[[""Mexican_peso"", ""related_to"", ""presidential_election""], [""presidential_election"", ""has_positive_impact_on"", ""Tunisia""], [""Mexican_peso"", ""controls"", ""exchange_rate""], [""Mexican_peso"", ""raises_value_of"", ""U.S._Dollar""]]",1.0,1.0,1.0,1.0,1.0,0.9759539713440619,0.9783585742096558,0.9807631770752496,0.9831677799408434,0.9855723828064371,0.987976985672031,0.9903815885376248,0.9927861914032186,0.9951907942688124,0.9975953971344061,1.0,0.9408318494798533,0.9609601633485132
385,"Lael Brainard, who has a vital role in controlling the Federal Reserve Board, is closely related to the economic outlook and employment. The economic outlook, which she relates to, has a negative impact on the Bank of Japan while also influencing business confidence. Employment, another key focus of Brainard's considerations, relates to the unemployment rate and significantly impacts the U.S. economy. Additionally, employment has a positive impact on the economy of China.","Lael Brainard, who is related to both the economic outlook and employment, exercises control over the Federal Reserve Board. The economic outlook has a negative impact on the Bank of Japan and affects business confidence. Additionally, employment is closely connected to the unemployment rate and impacts the U.S. economy. This employment, positively influences the economy of China as well. The intricate connections between these factors provide insights into global economic dynamics.","[[""Lael_Brainard"", ""has_vital_role_in"", ""Federal_Reserve_Board""], [""Lael_Brainard"", ""closely_related_to"", ""economic_outlook""], [""Lael_Brainard"", ""closely_related_to"", ""employment""], [""economic_outlook"", ""has_negative_impact_on"", ""Bank_of_Japan""], [""economic_outlook"", ""influences"", ""business_confidence""], [""employment"", ""relates_to"", ""unemployment_rate""], [""employment"", ""significantly_impacts"", ""U.S._economy""], [""employment"", ""has_positive_impact_on"", ""economy_of_China""]]","[[""Lael_Brainard"", ""exercises_control_over"", ""Federal_Reserve_Board""], [""Lael_Brainard"", ""related_to"", ""economic_outlook""], [""Lael_Brainard"", ""related_to"", ""employment""], [""economic_outlook"", ""has_negative_impact_on"", ""Bank_of_Japan""], [""economic_outlook"", ""affects"", ""business_confidence""], [""employment"", ""closely_connected_to"", ""unemployment_rate""], [""employment"", ""impacts"", ""U.S._economy""], [""employment"", ""positively_influences"", ""economy_of_China""]]",1.0,0.9999999403953552,0.9999999403953552,1.0,1.0,0.9859230965025935,0.9873307868523341,0.9887384772020749,0.9901461675518153,0.991553857901556,0.9929615482512968,0.9943692386010374,0.9957769289507781,0.9971846193005187,0.9985923096502594,1.0,0.9238683911747105,0.9588050239476095
386,"The Global Economy has a negative impact on inflation while also controlling interest rates and relating to economic momentum. The Chinese Economy impacts copper prices and is related to both the Global Economy and the trade war, which in turn affects global financial conditions and tariffs. Furthermore, copper prices are related to global economic growth, but they also negatively impact the metals markets.","The Global Economy relates to economic momentum as it exerts control over interest rates while having a positive impact on inflation. The Chinese Economy impacts copper prices and is also related to both the Global Economy and the trade war, which in turn affects global financial conditions and tariffs. Additionally, there is a relationship between copper prices and global economic growth, although fluctuations in copper prices have a negative impact on metals markets.","[[""Global_Economy"", ""has_impact_on"", ""inflation""], [""Global_Economy"", ""controls"", ""interest_rates""], [""Global_Economy"", ""relates_to"", ""economic_momentum""], [""Chinese_Economy"", ""impacts"", ""copper_prices""], [""Chinese_Economy"", ""related_to"", ""Global_Economy""], [""Chinese_Economy"", ""related_to"", ""trade_war""], [""trade_war"", ""affects"", ""global_financial_conditions""], [""trade_war"", ""affects"", ""tariffs""], [""copper_prices"", ""related_to"", ""global_economic_growth""], [""copper_prices"", ""negatively_impacts"", ""metals_markets""]]","[[""Global_Economy"", ""relates_to"", ""economic_momentum""], [""Global_Economy"", ""exerts_control_over"", ""interest_rates""], [""Global_Economy"", ""has_impact_on"", ""inflation""], [""Chinese_Economy"", ""impacts"", ""copper_prices""], [""Chinese_Economy"", ""related_to"", ""Global_Economy""], [""Chinese_Economy"", ""related_to"", ""trade_war""], [""trade_war"", ""affects"", ""global_financial_conditions""], [""trade_war"", ""affects"", ""tariffs""], [""copper_prices"", ""related_to"", ""global_economic_growth""], [""copper_prices"", ""negatively_impacts"", ""metals_markets""]]",1.0,1.0,1.0,1.0,1.0,0.998989577642547,0.9990906198782923,0.9991916621140378,0.9992927043497828,0.9993937465855283,0.9994947888212735,0.9995958310570188,0.9996968732927641,0.9997979155285094,0.9998989577642547,1.0,0.9880512825970387,0.9968126364099184
387,"The Antiestablishment 5 Star Movement participates in the Italian Government, while the League Party plays a role in Italian Politics. Additionally, the League Party relates to the Migration Crisis and has a connection with the Antiestablishment 5 Star Movement, indicating a complex interplay among these political entities in Italy.","The Antiestablishment 5 Star Movement participates in the Italian Government, highlighting its role within the political framework of Italy. The League Party, on the other hand, participates in Italian Politics and has a significant relation to the Migration Crisis, reflecting its stance on immigration issues. Furthermore, the League Party also has a relationship with the Antiestablishment 5 Star Movement, indicating a complex interaction between these two political entities in Italy.","[[""Antiestablishment_5_Star_Movement"", ""participates_in"", ""Italian_Government""], [""League_Party"", ""plays_role_in"", ""Italian_Politics""], [""League_Party"", ""relates_to"", ""Migration_Crisis""], [""League_Party"", ""has_connection_with"", ""Antiestablishment_5_Star_Movement""], [""Antiestablishment_5_Star_Movement"", ""part_of"", ""Italian_Politics""], [""League_Party"", ""part_of"", ""Italian_Politics""], [""Antiestablishment_5_Star_Movement"", ""interacts_with"", ""League_Party""], [""League_Party"", ""interacts_with"", ""Antiestablishment_5_Star_Movement""]]","[[""Antiestablishment_5_Star_Movement"", ""participates_in"", ""Italian_Government""], [""Antiestablishment_5_Star_Movement"", ""part_of"", ""Italian_Politics""], [""League_Party"", ""participates_in"", ""Italian_Politics""], [""League_Party"", ""relates_to"", ""Migration_Crisis""], [""League_Party"", ""has_relationship_with"", ""Antiestablishment_5_Star_Movement""], [""Antiestablishment_5_Star_Movement"", ""interacts_with"", ""League_Party""], [""League_Party"", ""interacts_with"", ""Antiestablishment_5_Star_Movement""]]",1.0,1.0,1.0,0.5333333333333333,1.0,0.9932488981355405,0.9939240083219865,0.9945991185084324,0.9952742286948784,0.9959493388813243,0.9966244490677703,0.9972995592542162,0.9979746694406622,0.9986497796271081,0.999324889813554,1.0,0.9934793441501446,0.9971568872328315
388,"Johnson holds control over the United Kingdom as well as the Brexit Deal, positioning him as a pivotal figure in the country's governance and strategic negotiations. The status of the United Kingdom has a consequential impact on interest rates, which are a fundamental aspect of its economic landscape. Additionally, the United Kingdom is intricately related to both the Euro, reflecting its historical and financial ties to Europe, and the Iran nuclear deal, showcasing its engagement in global diplomatic affairs.","The United Kingdom has an effect on interest rates, influencing financial conditions both domestically and possibly beyond its borders. Additionally, the United Kingdom is related to the Iran nuclear deal, indicating its diplomatic and geopolitical engagements may have implications for international relations and associated economic factors.","[[""Johnson"", ""holds_control_over"", ""United_Kingdom""], [""Johnson"", ""holds_control_over"", ""Brexit_Deal""], [""United_Kingdom"", ""impacts"", ""interest_rates""], [""interest_rates"", ""part_of"", ""economic_landscape""], [""United_Kingdom"", ""related_to"", ""Euro""], [""United_Kingdom"", ""related_to"", ""Iran_nuclear_deal""], [""Johnson"", ""positioned_as"", ""pivotal_figure""], [""United_Kingdom"", ""has"", ""governance""], [""United_Kingdom"", ""has"", ""strategic_negotiations""]]","[[""United_Kingdom"", ""influences"", ""interest_rates""], [""interest_rates"", ""affect"", ""financial_conditions""], [""United_Kingdom"", ""impacts"", ""domestic_financial_conditions""], [""United_Kingdom"", ""possibly_impacts"", ""international_financial_conditions""], [""United_Kingdom"", ""related_to"", ""Iran_nuclear_deal""], [""United_Kingdom"", ""engaged_in"", ""diplomatic_affairs""], [""United_Kingdom"", ""engaged_in"", ""geopolitical_engagements""], [""Iran_nuclear_deal"", ""has_implications_for"", ""international_relations""], [""Iran_nuclear_deal"", ""has_implications_for"", ""economic_factors""]]",0.17213259316477408,0.0,0.210163414478302,0.05,0.15936381457791915,0.8544891665036073,0.7849766313110385,0.7154640961184697,0.6459515609259008,0.5764390257333321,0.5069264905407632,0.43741395534819444,0.3679014201556256,0.2983888849630567,0.22887634977048793,0.15936381457791915,0.6741805246010241,0.6850608717718434
389,"Palestinian Officials have had a negative impact on the President Trump Administration, which plays a significant role in controlling both the U.S. Trade Deficit and the Treasury Department.","The actions and positions of Palestinian officials have had a negative impact on the President Trump Administration, which at the time held control over critical aspects of economic policy, including the U.S. Trade Deficit. Additionally, during this administration, the Treasury Department was under its control, allowing for significant influence on fiscal strategies and operations.","[[""Palestinian_Officials"", ""had_negative_impact_on"", ""President_Trump_Administration""], [""President_Trump_Administration"", ""controls"", ""U.S._Trade_Deficit""], [""President_Trump_Administration"", ""controls"", ""Treasury_Department""]]","[[""Palestinian_Officials"", ""had_negative_impact_on"", ""President_Trump_Administration""], [""President_Trump_Administration"", ""held_control_over"", ""economic_policy""], [""economic_policy"", ""includes"", ""U.S._Trade_Deficit""], [""President_Trump_Administration"", ""controlled"", ""Treasury_Department""], [""Treasury_Department"", ""influences"", ""fiscal_strategies""], [""Treasury_Department"", ""influences"", ""operations""]]",0.375,0.43363842368125916,0.715552568435669,0.314970394174356,0.375,0.9457263020329689,0.888653671829672,0.8315810416263751,0.7745084114230782,0.7174357812197814,0.6603631510164845,0.6032905208131876,0.5462178906098907,0.4891452604065938,0.4320726302032969,0.375,0.8798886566654931,0.8967761290395545
390,"Wells Fargo Securities has decided to raise layoffs, a decision that is related to the broader strategies of the U.S. Federal Reserve. This financial institution also exercises control over market volatility, which in turn impacts major companies like Apple Inc. and Meta Platforms Inc.","Wells Fargo Securities has recently raised the number of layoffs within its workforce, an action that is related to strategies employed by the U.S. Federal Reserve. In addition to managing layoffs, Wells Fargo Securities exercises control over market volatility. This market volatility significantly impacts major companies such as Apple Inc. and Meta Platforms Inc.","[[""Wells_Fargo_Securities"", ""decided_to"", ""raise_layoffs""], [""raise_layoffs"", ""related_to"", ""U.S._Federal_Reserve_strategies""], [""Wells_Fargo_Securities"", ""exercises_control_over"", ""market_volatility""], [""market_volatility"", ""impacts"", ""Apple_Inc""], [""market_volatility"", ""impacts"", ""Meta_Platforms_Inc""]]","[[""Wells_Fargo_Securities"", ""raised"", ""number_of_layoffs""], [""number_of_layoffs"", ""related_to"", ""U.S._Federal_Reserve_strategies""], [""Wells_Fargo_Securities"", ""exercises_control_over"", ""market_volatility""], [""market_volatility"", ""impacts"", ""Apple_Inc""], [""market_volatility"", ""impacts"", ""Meta_Platforms_Inc""], [""Wells_Fargo_Securities"", ""manages"", ""layoffs""]]",1.0,0.8622220158576965,0.8497095108032227,0.6429306248420497,1.0,0.9756130120034334,0.9780517108030901,0.9804904096027467,0.9829291084024034,0.9853678072020601,0.9878065060017167,0.9902452048013733,0.99268390360103,0.9951226024006867,0.9975613012003434,1.0,0.9342581114541586,0.8326162581338357
391,"ING Bank is connected to both Rusal Sanctions and the Global Market, highlighting its global financial involvement. Additionally, ING Bank employs an economist, signifying its capability to analyze complex market conditions. The Global Market, in turn, has a significant impact on asset prices and imposes a negative impact on riskier assets, which may be influenced by the broader financial context in which ING Bank operates.","ING Bank has significant associations with the Global Market, reflecting its involvement in international financial activities. The dynamics and fluctuations of the Global Market directly impact asset prices, influencing their valuation and trends on a worldwide scale.","[[""ING_Bank"", ""connected_to"", ""Rusal_Sanctions""], [""ING_Bank"", ""connected_to"", ""Global_Market""], [""ING_Bank"", ""employs"", ""economist""], [""economist"", ""capability"", ""analyze_complex_market_conditions""], [""Global_Market"", ""impact_on"", ""asset_prices""], [""Global_Market"", ""imposes"", ""negative_impact_on_riskier_assets""], [""ING_Bank"", ""operates_in"", ""broader_financial_context""], [""broader_financial_context"", ""influence_on"", ""riskier_assets""]]","[[""ING_Bank"", ""associated_with"", ""Global_Market""], [""ING_Bank"", ""involved_in"", ""international_financial_activities""], [""Global_Market"", ""impact_on"", ""asset_prices""], [""Global_Market"", ""influence_on"", ""asset_valuation""], [""Global_Market"", ""influence_on"", ""asset_trends""], [""asset_trends"", ""occur_on"", ""worldwide_scale""]]",0.41247895569215276,0.0,0.26013442873954773,0.1679842102263232,0.3077287274483318,0.9078239632008094,0.8478144396255617,0.787804916050314,0.727795392475066,0.6677858688998183,0.6077763453245706,0.5477668217493229,0.4877572981740751,0.4277477745988273,0.3677382510235796,0.3077287274483318,0.7730633811377964,0.7361110339963819
392,"Anwar Ibrahim exerts control over the Opposition Coalition while simultaneously having a negative impact on Dr. Mahathir and the National Front. Dr. Mahathir, in turn, maintains control over investors. The National Front is related to both immigrants and the League Party, suggesting a connection between these entities in the political sphere. These interactions highlight the political dynamics and influence exchanges between these key figures and entities.","Anwar Ibrahim exerts a negative impact on both Dr. Mahathir and the National Front. Despite this, Anwar Ibrahim maintains control over the Opposition Coalition. The National Front has ties to immigrants and the League Party, indicating its broader political connections. Meanwhile, Dr. Mahathir continues to hold control over investors, an aspect potentially influenced by his political strategies and leadership decisions.","[[""Anwar_Ibrahim"", ""exerts_control_over"", ""Opposition_Coalition""], [""Anwar_Ibrahim"", ""has_negative_impact_on"", ""Dr._Mahathir""], [""Anwar_Ibrahim"", ""has_negative_impact_on"", ""National_Front""], [""Dr._Mahathir"", ""maintains_control_over"", ""investors""], [""National_Front"", ""related_to"", ""immigrants""], [""National_Front"", ""related_to"", ""League_Party""]]","[[""Anwar_Ibrahim"", ""exerts_negative_impact_on"", ""Dr._Mahathir""], [""Anwar_Ibrahim"", ""exerts_negative_impact_on"", ""National_Front""], [""Anwar_Ibrahim"", ""maintains_control_over"", ""Opposition_Coalition""], [""Dr._Mahathir"", ""maintains_control_over"", ""investors""], [""National_Front"", ""has_ties_to"", ""immigrants""], [""National_Front"", ""has_ties_to"", ""League_Party""]]",1.0,0.9999998807907104,1.0,1.0,1.0,0.9637475100814186,0.9673727590732767,0.9709980080651348,0.974623257056993,0.9782485060488512,0.9818737550407093,0.9854990040325674,0.9891242530244255,0.9927495020162838,0.9963747510081419,1.0,0.9298397028624177,0.9591819732586642
393,"The Republican National Committee is a member of the GOP and has relationships with both the Trump campaign and Republicans. Furthermore, the GOP impacts Senate Democrats and relates to the Confirmation Process.",The Republican National Committee is a member of the GOP and has a significant relationship with both the Trump campaign and Republicans. The GOP impacts the National Security Adviser Position and is also related to the concept of Bipartisan Support.,"[[""Republican_National_Committee"", ""member_of"", ""GOP""], [""Republican_National_Committee"", ""has_relationships_with"", ""Trump_campaign""], [""Republican_National_Committee"", ""has_relationships_with"", ""Republicans""], [""GOP"", ""impacts"", ""Senate_Democrats""], [""GOP"", ""relates_to"", ""Confirmation_Process""]]","[[""Republican_National_Committee"", ""member_of"", ""GOP""], [""Republican_National_Committee"", ""has_significant_relationship_with"", ""Trump_campaign""], [""Republican_National_Committee"", ""has_significant_relationship_with"", ""Republicans""], [""GOP"", ""impacts"", ""National_Security_Adviser_Position""], [""GOP"", ""related_to"", ""Bipartisan_Support""]]",0.3367876570272817,0.6685742735862732,0.8241280317306519,0.4166666666666667,0.45643546458763845,0.9465031914340379,0.897496418749398,0.8484896460647581,0.799482873380118,0.7504761006954781,0.7014693280108382,0.6524625553261982,0.6034557826415583,0.5544490099569184,0.5054422372722784,0.45643546458763845,0.8452058495687855,0.8630186527495906
394,"Louis Vuitton has a negative impact on E-Commerce, which, in turn, impacts Jobs. Jobs significantly influence both Unemployment and Consumer Confidence, as well as The U.S. Economy. Additionally, E-Commerce relates to Online Sales and controls Tesla Inc., which operates in the Government Sector, the Automotive industry, and China.","Louis Vuitton has a positive impact on E-Commerce, which is related to online sales and also impacts jobs. Jobs, in turn, affect unemployment, consumer confidence, and The U.S. Economy. E-Commerce exerts control over Tesla Inc., which operates in the government sector, the automotive industry, and China. This interconnected web of influences highlights the significant roles that these entities play in the broader economic landscape.","[[""Louis_Vuitton"", ""has_negative_impact_on"", ""E-Commerce""], [""E-Commerce"", ""impacts"", ""Jobs""], [""Jobs"", ""influence"", ""Unemployment""], [""Jobs"", ""influence"", ""Consumer_Confidence""], [""Jobs"", ""influence"", ""The_U.S._Economy""], [""E-Commerce"", ""relates_to"", ""Online_Sales""], [""E-Commerce"", ""controls"", ""Tesla_Inc.""], [""Tesla_Inc."", ""operates_in"", ""Government_Sector""], [""Tesla_Inc."", ""operates_in"", ""Automotive_Industry""], [""Tesla_Inc."", ""operates_in"", ""China""]]","[[""Louis_Vuitton"", ""has_positive_impact_on"", ""E-Commerce""], [""E-Commerce"", ""related_to"", ""online_sales""], [""E-Commerce"", ""impacts"", ""jobs""], [""jobs"", ""affect"", ""unemployment""], [""jobs"", ""affect"", ""consumer_confidence""], [""jobs"", ""affect"", ""The_U.S._Economy""], [""E-Commerce"", ""exerts_control_over"", ""Tesla_Inc.""], [""Tesla_Inc."", ""operates_in"", ""government_sector""], [""Tesla_Inc."", ""operates_in"", ""automotive_industry""], [""Tesla_Inc."", ""operates_in"", ""China""]]",1.0,0.9999999403953552,1.0,1.0,1.0,0.9923147921755425,0.9930833129579882,0.9938518337404341,0.9946203545228798,0.9953888753053255,0.9961573960877712,0.996925916870217,0.9976944376526627,0.9984629584351086,0.9992314792175543,1.0,0.9525443166922816,0.9677345312962449
395,"Federal agencies control asylum seekers, who also relate to Georgia. Additionally, asylum seekers are under the control of the United States and have a relationship with asylum policy, indicating the complex interplay between federal oversight and regional implications of asylum-related matters.","Federal agencies control asylum seekers, who are closely related to asylum policy.","[[""Federal_agencies"", ""control"", ""asylum_seekers""], [""asylum_seekers"", ""relate_to"", ""Georgia""], [""asylum_seekers"", ""under_control_of"", ""United_States""], [""asylum_seekers"", ""relationship_with"", ""asylum_policy""], [""Federal_agencies"", ""involved_in"", ""federal_oversight""], [""asylum_policy"", ""impacts"", ""regional_implications""], [""asylum_seekers"", ""subject_to"", ""asylum_related_matters""], [""Federal_agencies"", ""oversight_of"", ""asylum_seekers""]]","[[""Federal_agencies"", ""control"", ""asylum_seekers""], [""asylum_seekers"", ""related_to"", ""asylum_policy""]]",0.09622504486493763,0.5186639428138733,0.5238670110702515,0.10206207261596575,0.3268602252303067,0.9534924851975592,0.890829259200834,0.8281660332041088,0.7655028072073834,0.7028395812106583,0.640176355213933,0.5775131292172078,0.5148499032204825,0.4521866772237572,0.38952345122703197,0.3268602252303067,0.7980012962193609,0.8494755152491967
396,"Joe Crowley is related to both the Democratic Party and the Immigration Deal, indicating his involvement and influence within these domains. However, he has had a negative impact on Alexandria Ocasio-Cortez, who, in turn, has relationships with influential figures such as Bernie Sanders and Donald Trump. Alexandria Ocasio-Cortez actively operates within the United States Congress, where her interactions and activities carry significance for the political landscape.","Joe Crowley, a prominent figure, is related to both the Immigration Deal and the Democratic Party, which indicates his involvement or influence within these areas. However, Joe Crowley has had a negative impact on Alexandria Ocasio-Cortez, suggesting that his actions or political strategies might have created challenges or setbacks for her. This interplay of relationships underscores the complex dynamics within the political landscape, where affiliations and disagreements can shape political outcomes.","[[""Joe_Crowley"", ""related_to"", ""Democratic_Party""], [""Joe_Crowley"", ""related_to"", ""Immigration_Deal""], [""Joe_Crowley"", ""had_negative_impact_on"", ""Alexandria_Ocasio-Cortez""], [""Alexandria_Ocasio-Cortez"", ""related_to"", ""Bernie_Sanders""], [""Alexandria_Ocasio-Cortez"", ""related_to"", ""Donald_Trump""], [""Alexandria_Ocasio-Cortez"", ""operates_in"", ""United_States_Congress""]]","[[""Joe_Crowley"", ""related_to"", ""Immigration_Deal""], [""Joe_Crowley"", ""related_to"", ""Democratic_Party""], [""Joe_Crowley"", ""had_negative_impact_on"", ""Alexandria_Ocasio-Cortez""], [""Alexandria_Ocasio-Cortez"", ""affected_by"", ""Joe_Crowley""], [""Joe_Crowley"", ""influences"", ""political_landscape""], [""Alexandria_Ocasio-Cortez"", ""active_in"", ""political_landscape""]]",0.4225771273642583,0.2532978951931,0.7111055254936218,0.3944053188733077,0.4225771273642583,0.9489554209796973,0.8963175916181535,0.8436797622566096,0.7910419328950655,0.7384041035335217,0.6857662741719778,0.633128444810434,0.58049061544889,0.5278527860873461,0.47521495672580216,0.4225771273642583,0.8775032904079862,0.9220357954191185
397,"North Carolina exercises control over the state budget, ensuring the financial management and allocation of resources within its jurisdiction. The Unity Healing Center operates in this state, providing services not only within North Carolina but also extending its operations to Nashville. Furthermore, the Unity Healing Center is equipped with a training program, highlighting its commitment to enhancing professional skills and services.","North Carolina exercises control over the state budget, facilitating management of its economic resources. Within this state, the Unity Healing Center operates, with its activities extending beyond North Carolina to include operations in Nashville as well. This center is notable for having a training program, enhancing its capacity to provide specialized services.","[[""North_Carolina"", ""exercises_control_over"", ""state_budget""], [""North_Carolina"", ""ensures"", ""financial_management""], [""North_Carolina"", ""ensures"", ""allocation_of_resources""], [""Unity_Healing_Center"", ""operates_in"", ""North_Carolina""], [""Unity_Healing_Center"", ""provides_services_in"", ""North_Carolina""], [""Unity_Healing_Center"", ""extends_operations_to"", ""Nashville""], [""Unity_Healing_Center"", ""has"", ""training_program""], [""training_program"", ""enhances"", ""professional_skills""], [""training_program"", ""enhances"", ""services""]]","[[""North_Carolina"", ""exercises_control_over"", ""state_budget""], [""North_Carolina"", ""facilitates"", ""management_of_economic_resources""], [""Unity_Healing_Center"", ""operates_in"", ""North_Carolina""], [""Unity_Healing_Center"", ""extends_operations_to"", ""Nashville""], [""Unity_Healing_Center"", ""has"", ""training_program""], [""training_program"", ""enhances"", ""capacity_to_provide_specialized_services""]]",0.3359684204526464,0.4081326723098755,0.6944029927253723,0.3359684204526464,0.3359684204526464,0.9711270939694294,0.9076112266177512,0.8440953592660728,0.7805794919143945,0.7170636245627162,0.653547757211038,0.5900318898593596,0.5265160225076814,0.46300015515600296,0.39948428780432466,0.3359684204526464,0.8756657414334581,0.9363176227574218
398,"Fujifilm Holdings Corp. has a positive impact on its revenue, an effect that may be linked with its strategies and business operations as related to AmTrust Financial Services Inc. Additionally, Fujifilm Holdings Corp. is involved in the decrease of influence or operations of Xerox Corp. Xerox Corp. itself has connections to key figures such as Jeff Jacobson and Carl Icahn, whose actions and decisions may play a role in its financial activities. Subsequently, Xerox Corp. has managed to raise its profit, which could be a result of these strategic relationships and internal decisions.","Fujifilm Holdings Corp. has a positive impact on its revenue, showcasing its robust financial performance. Concurrently, Fujifilm Holdings Corp. has seen a decrease in its association with Xerox Corp., a company that is related to both Jeff Jacobson and Carl Icahn. Despite this decreasing association, Xerox Corp. has managed to raise its profit. Furthermore, Fujifilm Holdings Corp. also has a connection with AmTrust Financial Services Inc., indicating a diverse range of business interests and relationships.","[[""Fujifilm_Holdings_Corp."", ""has_impact_on"", ""revenue""], [""Fujifilm_Holdings_Corp."", ""linked_with"", ""strategies""], [""Fujifilm_Holdings_Corp."", ""linked_with"", ""business_operations""], [""Fujifilm_Holdings_Corp."", ""related_to"", ""AmTrust_Financial_Services_Inc.""], [""Fujifilm_Holdings_Corp."", ""involved_in"", ""decrease_of_influence""], [""Fujifilm_Holdings_Corp."", ""involved_in"", ""decrease_of_operations""], [""Fujifilm_Holdings_Corp."", ""involved_in"", ""Xerox_Corp.""], [""Xerox_Corp."", ""connected_to"", ""Jeff_Jacobson""], [""Xerox_Corp."", ""connected_to"", ""Carl_Icahn""], [""Jeff_Jacobson"", ""plays_role_in"", ""Xerox_Corp._financial_activities""], [""Carl_Icahn"", ""plays_role_in"", ""Xerox_Corp._financial_activities""], [""Xerox_Corp."", ""raised"", ""profit""], [""Xerox_Corp."", ""result_of"", ""strategic_relationships""], [""Xerox_Corp."", ""result_of"", ""internal_decisions""]]","[[""Fujifilm_Holdings_Corp."", ""has_impact_on"", ""revenue""], [""Fujifilm_Holdings_Corp."", ""showcases"", ""financial_performance""], [""Fujifilm_Holdings_Corp."", ""decrease_in_association_with"", ""Xerox_Corp.""], [""Xerox_Corp."", ""related_to"", ""Jeff_Jacobson""], [""Xerox_Corp."", ""related_to"", ""Carl_Icahn""], [""Xerox_Corp."", ""raised"", ""profit""], [""Fujifilm_Holdings_Corp."", ""connected_to"", ""AmTrust_Financial_Services_Inc.""], [""Fujifilm_Holdings_Corp."", ""has"", ""business_interests""], [""Fujifilm_Holdings_Corp."", ""has"", ""relationships""]]",0.5855168737932974,0.0,0.479936420917511,0.3098898934004561,0.4255512713907182,0.9602075734301552,0.9067419432262115,0.8532763130222678,0.799810682818324,0.7463450526143804,0.6928794224104367,0.639413792206493,0.5859481620025493,0.5324825317986055,0.4790169015946618,0.4255512713907182,0.8245301372756846,0.9101937392059458
399,"Sarah Sanders has control over the role of the White House Press Secretary, a position that includes Hogan Gidley. As part of this role, the White House Press Secretary announces matters related to the President Trump Administration, including the Stormy Daniels payment. Meanwhile, Sarah Sanders is associated with The Kremlin and Mitt Romney in various contexts. The Kremlin operates in Libya and has control over Russia, and is related to figures like Alexei Navalny. These intricate relationships demonstrate the interconnectedness of political entities and individuals on both domestic and international stages.","Sarah Sanders controls the White House Press Secretary, a role that currently includes Hogan Gidley. Moreover, Sarah Sanders has a relational connection to Mitt Romney, indicating potential political or professional interactions between their respective roles and influences.","[[""Sarah_Sanders"", ""has_control_over"", ""White_House_Press_Secretary""], [""Hogan_Gidley"", ""part_of"", ""White_House_Press_Secretary""], [""White_House_Press_Secretary"", ""announces_matters_related_to"", ""President_Trump_Administration""], [""President_Trump_Administration"", ""includes"", ""Stormy_Daniels_payment""], [""Sarah_Sanders"", ""associated_with"", ""The_Kremlin""], [""Sarah_Sanders"", ""associated_with"", ""Mitt_Romney""], [""The_Kremlin"", ""operates_in"", ""Libya""], [""The_Kremlin"", ""has_control_over"", ""Russia""], [""The_Kremlin"", ""related_to"", ""Alexei_Navalny""]]","[[""Sarah_Sanders"", ""controls"", ""White_House_Press_Secretary""], [""Hogan_Gidley"", ""part_of"", ""White_House_Press_Secretary""], [""Sarah_Sanders"", ""relational_connection_to"", ""Mitt_Romney""]]",0.3689323936863109,0.27793750166893005,0.6079714298248291,0.3689323936863109,0.3689323936863109,0.7957560274489401,0.7530736640726773,0.7103913006964143,0.6677089373201514,0.6250265739438885,0.5823442105676255,0.5396618471913626,0.4969794838150997,0.45429712043883674,0.41161475706257383,0.3689323936863109,0.6892723183155158,0.8831064331575401
